ISO-10303-21;
HEADER;
FILE_DESCRIPTION (( 'STEP AP214' ),
    '1' );
FILE_NAME ('DBT71210.STEP',
    '2024-02-12T03:45:52',
    ( '' ),
    ( '' ),
    'SwSTEP 2.0',
    'SolidWorks 2022',
    '' );
FILE_SCHEMA (( 'AUTOMOTIVE_DESIGN' ));
ENDSEC;

DATA;
#1 = ADVANCED_BREP_SHAPE_REPRESENTATION ( 'DBT71210', ( #1611, #577, #2683, #626, #1619, #2651, #1643, #1648, #1629, #15 ), #2787 ) ;
#2 = EDGE_LOOP ( 'NONE', ( #1798, #2618, #2643, #367, #1929, #1652, #338, #1687 ) ) ;
#3 = VECTOR ( 'NONE', #2748, 1000.000000000000000 ) ;
#4 = EDGE_LOOP ( 'NONE', ( #1181, #223, #1486, #156 ) ) ;
#5 = CARTESIAN_POINT ( 'NONE',  ( -27.99999999999999645, 1.000000000000000000, -7.899999999999999467 ) ) ;
#6 = AXIS2_PLACEMENT_3D ( 'NONE', #550, #1276, #1044 ) ;
#7 = EDGE_CURVE ( 'NONE', #3066, #2067, #1089, .T. ) ;
#8 = DIRECTION ( 'NONE',  ( 0.000000000000000000, 0.000000000000000000, -1.000000000000000000 ) ) ;
#9 = AXIS2_PLACEMENT_3D ( 'NONE', #2324, #103, #2732 ) ;
#10 = AXIS2_PLACEMENT_3D ( 'NONE', #759, #2399, #2455 ) ;
#11 = VERTEX_POINT ( 'NONE', #100 ) ;
#12 = CARTESIAN_POINT ( 'NONE',  ( 18.00000000000000355, 2.500000000000000000, -1.999999999999994893 ) ) ;
#13 = FACE_OUTER_BOUND ( 'NONE', #3079, .T. ) ;
#14 = ORIENTED_EDGE ( 'NONE', *, *, #1519, .F. ) ;
#15 = AXIS2_PLACEMENT_3D ( 'NONE', #603, #618, #372 ) ;
#16 = FACE_OUTER_BOUND ( 'NONE', #501, .T. ) ;
#17 = EDGE_LOOP ( 'NONE', ( #1237, #2409, #2034, #1166, #1085, #2249, #40, #589 ) ) ;
#18 = CYLINDRICAL_SURFACE ( 'NONE', #1586, 1.999999999999999112 ) ;
#19 = CARTESIAN_POINT ( 'NONE',  ( -28.50068526740548691, 1.000000000000000000, 6.899999999999998579 ) ) ;
#20 = CARTESIAN_POINT ( 'NONE',  ( -2.899999999999999911, -6.692889895852577986, -4.711312818245939837 ) ) ;
#21 = CLOSED_SHELL ( 'NONE', ( #1880, #253, #163, #2049 ) ) ;
#22 = VERTEX_POINT ( 'NONE', #1314 ) ;
#23 = EDGE_CURVE ( 'NONE', #1382, #2962, #1104, .T. ) ;
#24 = CARTESIAN_POINT ( 'NONE',  ( 28.76123642113417844, 0.000000000000000000, 6.846224096541842385 ) ) ;
#25 = FACE_OUTER_BOUND ( 'NONE', #1875, .T. ) ;
#26 = ADVANCED_FACE ( 'NONE', ( #2998, #865, #1546, #72, #358 ), #1072, .F. ) ;
#27 = PRODUCT ( 'DBT71210', 'DBT71210', '', ( #94 ) ) ;
#28 = ORIENTED_EDGE ( 'NONE', *, *, #2701, .T. ) ;
#29 = CARTESIAN_POINT ( 'NONE',  ( 0.000000000000000000, -4.000000000000000000, -4.762500000000002842 ) ) ;
#30 = DIRECTION ( 'NONE',  ( 0.000000000000000000, 1.000000000000000000, 0.000000000000000000 ) ) ;
#31 = ORIENTED_EDGE ( 'NONE', *, *, #1074, .T. ) ;
#32 = CARTESIAN_POINT ( 'NONE',  ( -25.71750000000000114, -4.000000000000000000, 0.3175000000000017808 ) ) ;
#33 = CARTESIAN_POINT ( 'NONE',  ( -28.99999999999999645, 1.000000000000000000, 6.399999860745174907 ) ) ;
#34 = DIRECTION ( 'NONE',  ( -0.000000000000000000, -1.000000000000000000, 0.000000000000000000 ) ) ;
#35 = CARTESIAN_POINT ( 'NONE',  ( 28.94605939899263802, 0.000000000000000000, -6.661316627484001884 ) ) ;
#36 = B_SPLINE_CURVE_WITH_KNOTS ( 'NONE', 3,
 ( #1278, #2467, #564, #1975, #1741, #1524 ),
 .UNSPECIFIED., .F., .F.,
 ( 4, 2, 4 ),
 ( 3.469446951953614189E-18, 0.0003900909425960364892, 0.0007801818851920695090 ),
 .UNSPECIFIED. ) ;
#37 = ORIENTED_EDGE ( 'NONE', *, *, #918, .F. ) ;
#38 = CARTESIAN_POINT ( 'NONE',  ( -25.08249999999999957, -4.000000000000000000, -0.3174999999999983391 ) ) ;
#39 = DIRECTION ( 'NONE',  ( -0.000000000000000000, 0.000000000000000000, -1.000000000000000000 ) ) ;
#40 = ORIENTED_EDGE ( 'NONE', *, *, #3109, .T. ) ;
#41 = LINE ( 'NONE', #2179, #1677 ) ;
#42 = CYLINDRICAL_SURFACE ( 'NONE', #2522, 1.500000000000000444 ) ;
#43 = EDGE_CURVE ( 'NONE', #506, #688, #1984, .T. ) ;
#44 = VERTEX_POINT ( 'NONE', #410 ) ;
#45 = VERTEX_POINT ( 'NONE', #191 ) ;
#46 = FILL_AREA_STYLE ('',( #519 ) ) ;
#47 = LINE ( 'NONE', #824, #2436 ) ;
#48 = DIRECTION ( 'NONE',  ( 0.000000000000000000, -1.000000000000000000, 0.000000000000000000 ) ) ;
#49 = CARTESIAN_POINT ( 'NONE',  ( 28.50068526740549046, 1.000000000000000000, -6.899999999999998579 ) ) ;
#50 = ORIENTED_EDGE ( 'NONE', *, *, #390, .T. ) ;
#51 = DIRECTION ( 'NONE',  ( 0.000000000000000000, 0.000000000000000000, -1.000000000000000000 ) ) ;
#52 = FACE_OUTER_BOUND ( 'NONE', #2692, .T. ) ;
#53 = CARTESIAN_POINT ( 'NONE',  ( 25.08249999999999957, -4.000000000000000000, 0.3175000000000017808 ) ) ;
#54 = DIRECTION ( 'NONE',  ( 0.000000000000000000, -0.000000000000000000, -1.000000000000000000 ) ) ;
#55 = SURFACE_STYLE_USAGE ( .BOTH. , #1514 ) ;
#56 = VECTOR ( 'NONE', #324, 1000.000000000000000 ) ;
#57 = VECTOR ( 'NONE', #1924, 1000.000000000000000 ) ;
#58 = VERTEX_POINT ( 'NONE', #882 ) ;
#59 = CIRCLE ( 'NONE', #1720, 1.999999999999999112 ) ;
#60 = CARTESIAN_POINT ( 'NONE',  ( -27.99999999999999645, 1.000000000000000000, 5.899999999999998579 ) ) ;
#61 = VECTOR ( 'NONE', #2284, 1000.000000000000000 ) ;
#62 = UNCERTAINTY_MEASURE_WITH_UNIT (LENGTH_MEASURE( 1.000000000000000082E-05 ), #2156, 'distance_accuracy_value', 'NONE');
#63 = CARTESIAN_POINT ( 'NONE',  ( -27.99999999999999645, 1.000000000000000000, 6.865079230508256636 ) ) ;
#64 = CARTESIAN_POINT ( 'NONE',  ( -30.00000000000001066, 0.000000000000000000, 5.899999999999998579 ) ) ;
#65 = VECTOR ( 'NONE', #462, 1000.000000000000000 ) ;
#66 = ORIENTED_EDGE ( 'NONE', *, *, #2753, .T. ) ;
#67 = DIRECTION ( 'NONE',  ( -0.000000000000000000, -0.000000000000000000, 1.000000000000000000 ) ) ;
#68 = EDGE_CURVE ( 'NONE', #2471, #1374, #1836, .T. ) ;
#69 = ORIENTED_EDGE ( 'NONE', *, *, #23, .F. ) ;
#70 = EDGE_CURVE ( 'NONE', #1008, #265, #3045, .T. ) ;
#71 = DIRECTION ( 'NONE',  ( -0.000000000000000000, -0.000000000000000000, -1.000000000000000000 ) ) ;
#72 = FACE_BOUND ( 'NONE', #2758, .T. ) ;
#73 = AXIS2_PLACEMENT_3D ( 'NONE', #1400, #1850, #165 ) ;
#74 = CARTESIAN_POINT ( 'NONE',  ( 29.00000000000000000, 0.000000000000000000, -6.531207530884596935 ) ) ;
#75 = CARTESIAN_POINT ( 'NONE',  ( -28.20478091064726200, 16.89999999999999858, 5.808924679141347802 ) ) ;
#76 = CARTESIAN_POINT ( 'NONE',  ( -27.99999999999999645, 1.000000000000000000, 6.865079230508256636 ) ) ;
#77 = ORIENTED_EDGE ( 'NONE', *, *, #357, .F. ) ;
#78 = CARTESIAN_POINT ( 'NONE',  ( -28.63147424481934777, 1.000000000000000000, 6.899999999999998579 ) ) ;
#79 = VECTOR ( 'NONE', #435, 1000.000000000000000 ) ;
#80 = ADVANCED_FACE ( 'NONE', ( #913 ), #394, .F. ) ;
#81 =( BOUNDED_CURVE ( )  B_SPLINE_CURVE ( 3, ( #297, #2402, #234, #1286 ),
 .UNSPECIFIED., .F., .F. ) 
 B_SPLINE_CURVE_WITH_KNOTS ( ( 4, 4 ),
 ( 5.176219319955831288, 6.746406566512161085 ),
 .UNSPECIFIED. ) 
 CURVE ( )  GEOMETRIC_REPRESENTATION_ITEM ( )  RATIONAL_B_SPLINE_CURVE ( ( 1.000000000000000000, 0.8048813938510068766, 0.8048813938510068766, 1.000000000000000000 ) ) 
 REPRESENTATION_ITEM ( '' )  );
#82 = CARTESIAN_POINT ( 'NONE',  ( -2.899999999999999467, 2.500000000000000444, 6.865079230508256636 ) ) ;
#83 = ORIENTED_EDGE ( 'NONE', *, *, #2331, .F. ) ;
#84 = FACE_OUTER_BOUND ( 'NONE', #2119, .T. ) ;
#85 = CARTESIAN_POINT ( 'NONE',  ( -29.70473129879543706, 16.91219971696953905, -5.808924679141226122 ) ) ;
#86 = ORIENTED_EDGE ( 'NONE', *, *, #2957, .F. ) ;
#87 = FILL_AREA_STYLE_COLOUR ( '', #2675 ) ;
#88 = ADVANCED_FACE ( 'NONE', ( #2338 ), #673, .T. ) ;
#89 = VERTEX_POINT ( 'NONE', #1864 ) ;
#90 = DIRECTION ( 'NONE',  ( -0.000000000000000000, -1.000000000000000000, -0.000000000000000000 ) ) ;
#91 = CARTESIAN_POINT ( 'NONE',  ( 28.20478091064725135, 16.95234924505374963, -7.308010919669871264 ) ) ;
#92 = CARTESIAN_POINT ( 'NONE',  ( -2.899999999999999911, 1.000000000000000000, 4.711312818245939837 ) ) ;
#93 = CARTESIAN_POINT ( 'NONE',  ( 29.69763087083477160, 17.43060486070520554, -6.680776524502969771 ) ) ;
#94 = PRODUCT_CONTEXT ( 'NONE', #2645, 'mechanical' ) ;
#95 = CARTESIAN_POINT ( 'NONE',  ( -30.00000000000000000, 0.000000000000000000, -5.899999999999998579 ) ) ;
#96 = DIRECTION ( 'NONE',  ( 0.000000000000000000, 0.000000000000000000, 1.000000000000000000 ) ) ;
#97 = ORIENTED_EDGE ( 'NONE', *, *, #1660, .F. ) ;
#98 = CARTESIAN_POINT ( 'NONE',  ( -28.50068526740549046, 0.000000000000000000, -6.899999999999998579 ) ) ;
#99 = LINE ( 'NONE', #1792, #475 ) ;
#100 = CARTESIAN_POINT ( 'NONE',  ( 2.899999999999999467, 2.500000000000000000, -6.865079230508256636 ) ) ;
#101 = CARTESIAN_POINT ( 'NONE',  ( 28.99999999999999645, 0.000000000000000000, 7.900000000000002132 ) ) ;
#102 = ORIENTED_EDGE ( 'NONE', *, *, #2738, .T. ) ;
#103 = DIRECTION ( 'NONE',  ( -0.000000000000000000, -1.000000000000000000, -0.000000000000000000 ) ) ;
#104 = CARTESIAN_POINT ( 'NONE',  ( 28.50068526740549757, 3.023363063700545201E-17, 7.899999999999999467 ) ) ;
#105 = VECTOR ( 'NONE', #1186, 1000.000000000000000 ) ;
#106 = EDGE_CURVE ( 'NONE', #1348, #600, #1886, .T. ) ;
#107 = CARTESIAN_POINT ( 'NONE',  ( -27.99999999999999645, 1.000000000000000000, -7.865079230508252195 ) ) ;
#108 = MECHANICAL_DESIGN_GEOMETRIC_PRESENTATION_REPRESENTATION (  '', ( #1383 ), #681 ) ;
#109 = AXIS2_PLACEMENT_3D ( 'NONE', #732, #2192, #1229 ) ;
#110 = VECTOR ( 'NONE', #67, 1000.000000000000000 ) ;
#111 = EDGE_LOOP ( 'NONE', ( #2081, #841, #2020, #274 ) ) ;
#112 = CIRCLE ( 'NONE', #529, 1.499999999999999556 ) ;
#113 = CARTESIAN_POINT ( 'NONE',  ( 29.69763087083476805, 16.92273924937341079, -6.693827096584826997 ) ) ;
#114 = CARTESIAN_POINT ( 'NONE',  ( -28.20478091064726200, 16.89999999999999858, -5.808924679141227898 ) ) ;
#115 = VECTOR ( 'NONE', #2310, 1000.000000000000000 ) ;
#116 = ORIENTED_EDGE ( 'NONE', *, *, #561, .T. ) ;
#117 = CARTESIAN_POINT ( 'NONE',  ( -28.99999999999999645, 0.000000000000000000, 5.899999999999998579 ) ) ;
#118 = CARTESIAN_POINT ( 'NONE',  ( 28.50068526740549046, 0.000000000000000000, -6.899999999999998579 ) ) ;
#119 = EDGE_LOOP ( 'NONE', ( #524, #158, #2814, #1747 ) ) ;
#120 = ORIENTED_EDGE ( 'NONE', *, *, #1859, .F. ) ;
#121 = CARTESIAN_POINT ( 'NONE',  ( -0.3175000000000017808, 1.000000000000000000, -5.397500000000002629 ) ) ;
#122 = CARTESIAN_POINT ( 'NONE',  ( 28.94605939899263802, 0.000000000000000000, -6.661316627484001884 ) ) ;
#123 = CARTESIAN_POINT ( 'NONE',  ( -29.70473129879543706, 16.91219971696954261, 5.808924679141346026 ) ) ;
#124 = AXIS2_PLACEMENT_3D ( 'NONE', #1745, #1086, #555 ) ;
#125 = CARTESIAN_POINT ( 'NONE',  ( -28.20478091064726200, 16.95234924505373897, 7.308010919669992056 ) ) ;
#126 = EDGE_CURVE ( 'NONE', #1228, #2185, #2116, .T. ) ;
#127 = EDGE_LOOP ( 'NONE', ( #1938, #3039 ) ) ;
#128 = ORIENTED_EDGE ( 'NONE', *, *, #752, .F. ) ;
#129 = DIRECTION ( 'NONE',  ( 1.000000000000000000, -0.000000000000000000, 0.000000000000000000 ) ) ;
#130 = ORIENTED_EDGE ( 'NONE', *, *, #1066, .T. ) ;
#131 = EDGE_CURVE ( 'NONE', #1957, #2475, #1019, .T. ) ;
#132 = CARTESIAN_POINT ( 'NONE',  ( -28.99999999999999645, 1.000000000000000000, -5.899999999999998579 ) ) ;
#133 = ORIENTED_EDGE ( 'NONE', *, *, #2691, .F. ) ;
#134 =( LENGTH_UNIT ( ) NAMED_UNIT ( * ) SI_UNIT ( .MILLI., .METRE. ) );
#135 = PLANE ( 'NONE',  #2668 ) ;
#136 = ADVANCED_FACE ( 'NONE', ( #968 ), #2636, .F. ) ;
#137 = VERTEX_POINT ( 'NONE', #2889 ) ;
#138 = CARTESIAN_POINT ( 'NONE',  ( -2.899999999999999467, 2.500000000000000000, -4.711312818245939837 ) ) ;
#139 = CARTESIAN_POINT ( 'NONE',  ( -30.00000000000000000, 16.89999999999999858, -5.808924679141227898 ) ) ;
#140 = CARTESIAN_POINT ( 'NONE',  ( 2.899999999999999467, 2.500000000000000444, -4.711312818245939837 ) ) ;
#141 = LINE ( 'NONE', #821, #2220 ) ;
#142 = VERTEX_POINT ( 'NONE', #2703 ) ;
#143 = ORIENTED_EDGE ( 'NONE', *, *, #899, .T. ) ;
#144 = LINE ( 'NONE', #2050, #61 ) ;
#145 = EDGE_CURVE ( 'NONE', #664, #44, #562, .T. ) ;
#146 = ADVANCED_FACE ( 'NONE', ( #754 ), #2394, .T. ) ;
#147 = ORIENTED_EDGE ( 'NONE', *, *, #1845, .T. ) ;
#148 = DIRECTION ( 'NONE',  ( 0.000000000000000000, 0.000000000000000000, 1.000000000000000000 ) ) ;
#149 = CYLINDRICAL_SURFACE ( 'NONE', #1192, 2.899999999999999911 ) ;
#150 = DIRECTION ( 'NONE',  ( 0.000000000000000000, 0.000000000000000000, -1.000000000000000000 ) ) ;
#151 = ORIENTED_EDGE ( 'NONE', *, *, #975, .F. ) ;
#152 = FACE_OUTER_BOUND ( 'NONE', #2698, .T. ) ;
#153 = DIRECTION ( 'NONE',  ( 0.000000000000000000, -0.000000000000000000, -1.000000000000000000 ) ) ;
#154 = DIRECTION ( 'NONE',  ( 0.000000000000000000, 0.000000000000000000, 1.000000000000000000 ) ) ;
#155 = FACE_OUTER_BOUND ( 'NONE', #192, .T. ) ;
#156 = ORIENTED_EDGE ( 'NONE', *, *, #904, .T. ) ;
#157 = AXIS2_PLACEMENT_3D ( 'NONE', #1328, #2305, #2988 ) ;
#158 = ORIENTED_EDGE ( 'NONE', *, *, #601, .F. ) ;
#159 = VECTOR ( 'NONE', #595, 1000.000000000000000 ) ;
#160 = AXIS2_PLACEMENT_3D ( 'NONE', #2288, #2337, #1380 ) ;
#161 = AXIS2_PLACEMENT_3D ( 'NONE', #472, #534, #1095 ) ;
#162 = EDGE_CURVE ( 'NONE', #3037, #2544, #2751, .T. ) ;
#163 = ADVANCED_FACE ( 'NONE', ( #1877 ), #2097, .T. ) ;
#164 = ORIENTED_EDGE ( 'NONE', *, *, #3067, .T. ) ;
#165 = DIRECTION ( 'NONE',  ( 0.000000000000000000, 0.03489949670250117042, -0.9993908270190957621 ) ) ;
#166 = FACE_OUTER_BOUND ( 'NONE', #127, .T. ) ;
#167 = VECTOR ( 'NONE', #1634, 1000.000000000000000 ) ;
#168 = ADVANCED_FACE ( 'NONE', ( #1650 ), #2851, .T. ) ;
#169 = ORIENTED_EDGE ( 'NONE', *, *, #2254, .T. ) ;
#170 = CARTESIAN_POINT ( 'NONE',  ( -29.00000000000000000, 1.000000000000000000, -6.531207530884596935 ) ) ;
#171 = CARTESIAN_POINT ( 'NONE',  ( -2.899999999999999467, -6.692889895852577986, -6.865079230508256636 ) ) ;
#172 = CARTESIAN_POINT ( 'NONE',  ( -30.00000000000000000, 0.000000000000000000, 7.900000000000002132 ) ) ;
#173 = DIRECTION ( 'NONE',  ( 0.000000000000000000, 0.000000000000000000, 1.000000000000000000 ) ) ;
#174 = VERTEX_POINT ( 'NONE', #2190 ) ;
#175 = AXIS2_PLACEMENT_3D ( 'NONE', #1805, #2757, #2214 ) ;
#176 = VERTEX_POINT ( 'NONE', #976 ) ;
#177 = CARTESIAN_POINT ( 'NONE',  ( 29.07780460190163296, 16.93853263071036253, 7.308429676255578045 ) ) ;
#178 = DIRECTION ( 'NONE',  ( -1.000000000000000000, 0.000000000000000000, -2.013592869333790472E-16 ) ) ;
#179 = PLANE ( 'NONE',  #1767 ) ;
#180 = EDGE_LOOP ( 'NONE', ( #120, #1803, #650, #395 ) ) ;
#181 = DIRECTION ( 'NONE',  ( 0.000000000000000000, -0.03489949670249401642, -0.9993908270190959842 ) ) ;
#182 = LINE ( 'NONE', #953, #1831 ) ;
#183 = EDGE_CURVE ( 'NONE', #241, #1059, #2414, .T. ) ;
#184 = EDGE_LOOP ( 'NONE', ( #2010, #2866, #1048, #1772 ) ) ;
#185 = ORIENTED_EDGE ( 'NONE', *, *, #2254, .F. ) ;
#186 = DIRECTION ( 'NONE',  ( 0.000000000000000000, 0.000000000000000000, -1.000000000000000000 ) ) ;
#187 = ORIENTED_EDGE ( 'NONE', *, *, #386, .T. ) ;
#188 = PLANE ( 'NONE',  #2382 ) ;
#189 = CARTESIAN_POINT ( 'NONE',  ( -30.00000000000000000, 18.39999999999999858, -5.808924679141227898 ) ) ;
#190 = CARTESIAN_POINT ( 'NONE',  ( -0.3175000000000017808, -4.000000000000000000, -4.762500000000000178 ) ) ;
#191 = CARTESIAN_POINT ( 'NONE',  ( 27.99999999999999645, 1.000000000000000000, 7.865079230508257524 ) ) ;
#192 = EDGE_LOOP ( 'NONE', ( #2937, #2520, #977, #2625, #1793, #1261, #2080, #2594 ) ) ;
#193 = CARTESIAN_POINT ( 'NONE',  ( 18.00000000000000355, 2.500000000000000444, 4.391018798566292958E-15 ) ) ;
#194 = CYLINDRICAL_SURFACE ( 'NONE', #1785, 2.899999999999999911 ) ;
#195 = DIRECTION ( 'NONE',  ( 0.01744177813809447489, -0.9992388003036508648, -0.03489418781261448277 ) ) ;
#196 = DIRECTION ( 'NONE',  ( 0.000000000000000000, 1.000000000000000000, 0.000000000000000000 ) ) ;
#197 = DIRECTION ( 'NONE',  ( 0.000000000000000000, 1.000000000000000000, -0.000000000000000000 ) ) ;
#198 = VERTEX_POINT ( 'NONE', #540 ) ;
#199 = ADVANCED_FACE ( 'NONE', ( #52 ), #1961, .T. ) ;
#200 = DIRECTION ( 'NONE',  ( 0.000000000000000000, 1.000000000000000000, 0.000000000000000000 ) ) ;
#201 = VECTOR ( 'NONE', #867, 1000.000000000000000 ) ;
#202 = VECTOR ( 'NONE', #2938, 1000.000000000000000 ) ;
#203 = AXIS2_PLACEMENT_3D ( 'NONE', #1143, #2790, #670 ) ;
#204 = ORIENTED_EDGE ( 'NONE', *, *, #2601, .T. ) ;
#205 = FACE_OUTER_BOUND ( 'NONE', #1190, .T. ) ;
#206 =( NAMED_UNIT ( * ) SI_UNIT ( $, .STERADIAN. ) SOLID_ANGLE_UNIT ( ) );
#207 = VECTOR ( 'NONE', #2366, 1000.000000000000114 ) ;
#208 = CARTESIAN_POINT ( 'NONE',  ( 28.99999999999999645, 1.000000000000000000, 6.399999860745173130 ) ) ;
#209 = ORIENTED_EDGE ( 'NONE', *, *, #1289, .T. ) ;
#210 = AXIS2_PLACEMENT_3D ( 'NONE', #2639, #1461, #2105 ) ;
#211 = DIRECTION ( 'NONE',  ( 0.000000000000000000, 0.000000000000000000, 1.000000000000000000 ) ) ;
#212 = DIRECTION ( 'NONE',  ( 0.000000000000000000, -0.000000000000000000, -1.000000000000000000 ) ) ;
#213 = DIRECTION ( 'NONE',  ( 0.000000000000000000, 1.000000000000000000, 0.000000000000000000 ) ) ;
#214 = DIRECTION ( 'NONE',  ( 0.000000000000000000, 0.000000000000000000, -1.000000000000000000 ) ) ;
#215 = ORIENTED_EDGE ( 'NONE', *, *, #219, .F. ) ;
#216 = AXIS2_PLACEMENT_3D ( 'NONE', #1536, #1576, #2257 ) ;
#217 = FACE_OUTER_BOUND ( 'NONE', #833, .T. ) ;
#218 = CARTESIAN_POINT ( 'NONE',  ( -18.00000000000000355, 2.500000000000000000, 0.000000000000000000 ) ) ;
#219 = EDGE_CURVE ( 'NONE', #506, #2602, #801, .T. ) ;
#220 = VECTOR ( 'NONE', #2155, 1000.000000000000000 ) ;
#221 = ADVANCED_FACE ( 'NONE', ( #327 ), #2006, .T. ) ;
#222 = ORIENTED_EDGE ( 'NONE', *, *, #1045, .F. ) ;
#223 = ORIENTED_EDGE ( 'NONE', *, *, #1637, .T. ) ;
#224 = PLANE ( 'NONE',  #2882 ) ;
#225 = CARTESIAN_POINT ( 'NONE',  ( -28.63147424481934777, 0.000000000000000000, 6.899999999999998579 ) ) ;
#226 = CLOSED_SHELL ( 'NONE', ( #2516, #2629, #3092, #543, #26, #2716, #3114, #2815, #2013, #2407, #2070, #1695, #2478, #3097, #2053, #1635, #2403, #685, #1483, #1306, #2191, #2173, #1956, #281, #2798, #763, #820, #1093, #2151, #1684, #911, #431, #1307, #402, #557, #136, #1856, #1974, #1748, #2457, #2950, #686, #869, #3007, #2229, #1088, #1784, #199, #88, #230, #2742, #566, #544, #1110, #1551, #1943, #1490, #2388, #146 ) ) ;
#227 = DIRECTION ( 'NONE',  ( -0.000000000000000000, -0.000000000000000000, -1.000000000000000000 ) ) ;
#228 = ORIENTED_EDGE ( 'NONE', *, *, #1376, .T. ) ;
#229 = CARTESIAN_POINT ( 'NONE',  ( 25.08249999999999957, 1.000000000000000000, 0.000000000000000000 ) ) ;
#230 = ADVANCED_FACE ( 'NONE', ( #2269 ), #1034, .T. ) ;
#231 = LINE ( 'NONE', #2427, #2433 ) ;
#232 = ORIENTED_EDGE ( 'NONE', *, *, #2856, .T. ) ;
#233 = CYLINDRICAL_SURFACE ( 'NONE', #634, 1.499999999999999556 ) ;
#234 = CARTESIAN_POINT ( 'NONE',  ( -29.37907425696558406, 0.000000000000000000, 7.900000000000000355 ) ) ;
#235 = PLANE ( 'NONE',  #1057 ) ;
#236 = EDGE_LOOP ( 'NONE', ( #615, #2981, #133, #2465 ) ) ;
#237 = CARTESIAN_POINT ( 'NONE',  ( 2.899999999999999467, 2.500000000000000000, 6.865079230508256636 ) ) ;
#238 = DIRECTION ( 'NONE',  ( 0.000000000000000000, -1.000000000000000000, 0.000000000000000000 ) ) ;
#239 = EDGE_CURVE ( 'NONE', #694, #2299, #853, .T. ) ;
#240 =( LENGTH_UNIT ( ) NAMED_UNIT ( * ) SI_UNIT ( .MILLI., .METRE. ) );
#241 = VERTEX_POINT ( 'NONE', #190 ) ;
#242 = PRODUCT_DEFINITION ( 'UNKNOWN', '', #2836, #2552 ) ;
#243 = LINE ( 'NONE', #2903, #2025 ) ;
#244 = PLANE ( 'NONE',  #2941 ) ;
#245 = PRESENTATION_STYLE_ASSIGNMENT (( #2410 ) ) ;
#246 = CARTESIAN_POINT ( 'NONE',  ( -29.70455245338184724, 16.92617860965592413, -5.808924679141219016 ) ) ;
#247 = EDGE_LOOP ( 'NONE', ( #2137, #301, #3053, #2985 ) ) ;
#248 = CARTESIAN_POINT ( 'NONE',  ( -28.76123642113417844, 1.000000000000000000, -6.846224096541842385 ) ) ;
#249 = ORIENTED_EDGE ( 'NONE', *, *, #1597, .T. ) ;
#250 = AXIS2_PLACEMENT_3D ( 'NONE', #1744, #2268, #1499 ) ;
#251 = CIRCLE ( 'NONE', #1339, 2.899999999999999911 ) ;
#252 = VECTOR ( 'NONE', #2301, 1000.000000000000000 ) ;
#253 = ADVANCED_FACE ( 'NONE', ( #166 ), #135, .F. ) ;
#254 = FACE_OUTER_BOUND ( 'NONE', #1033, .T. ) ;
#255 = EDGE_LOOP ( 'NONE', ( #2681, #1357, #2538, #3072 ) ) ;
#256 = PLANE ( 'NONE',  #1047 ) ;
#257 = CARTESIAN_POINT ( 'NONE',  ( -30.00000000000000000, 0.000000000000000000, 5.899999999999998579 ) ) ;
#258 = CARTESIAN_POINT ( 'NONE',  ( -28.50068526740548691, 0.000000000000000000, 6.899999999999998579 ) ) ;
#259 = AXIS2_PLACEMENT_3D ( 'NONE', #1505, #1532, #2247 ) ;
#260 = FACE_OUTER_BOUND ( 'NONE', #2148, .T. ) ;
#261 = EDGE_CURVE ( 'NONE', #644, #1374, #377, .T. ) ;
#262 = CARTESIAN_POINT ( 'NONE',  ( 25.08249999999999957, -4.000000000000000000, 0.3175000000000017808 ) ) ;
#263 = VECTOR ( 'NONE', #1656, 1000.000000000000000 ) ;
#264 = VECTOR ( 'NONE', #34, 1000.000000000000000 ) ;
#265 = VERTEX_POINT ( 'NONE', #881 ) ;
#266 = CARTESIAN_POINT ( 'NONE',  ( 28.94605939899263802, 1.000000000000000000, 6.661316627484001884 ) ) ;
#267 = PLANE ( 'NONE',  #109 ) ;
#268 = DIRECTION ( 'NONE',  ( 1.000000000000000000, 0.000000000000000000, -0.000000000000000000 ) ) ;
#269 = B_SPLINE_CURVE_WITH_KNOTS ( 'NONE', 3,
 ( #2537, #2045, #2492, #2060, #78, #2735 ),
 .UNSPECIFIED., .F., .F.,
 ( 4, 2, 4 ),
 ( 0.000000000000000000, 0.0003900913400514176505, 0.0007801826801028353010 ),
 .UNSPECIFIED. ) ;
#270 = ORIENTED_EDGE ( 'NONE', *, *, #162, .T. ) ;
#271 = VERTEX_POINT ( 'NONE', #2319 ) ;
#272 = PRESENTATION_STYLE_ASSIGNMENT (( #2480 ) ) ;
#273 =( NAMED_UNIT ( * ) PLANE_ANGLE_UNIT ( ) SI_UNIT ( $, .RADIAN. ) );
#274 = ORIENTED_EDGE ( 'NONE', *, *, #1272, .F. ) ;
#275 = DIRECTION ( 'NONE',  ( 0.000000000000000000, 0.000000000000000000, -1.000000000000000000 ) ) ;
#276 = ORIENTED_EDGE ( 'NONE', *, *, #1176, .F. ) ;
#277 = CARTESIAN_POINT ( 'NONE',  ( -29.07780460190164007, 18.40000000000028280, -6.669808774359266224 ) ) ;
#278 =( LENGTH_UNIT ( ) NAMED_UNIT ( * ) SI_UNIT ( .MILLI., .METRE. ) );
#279 = DIRECTION ( 'NONE',  ( -0.000000000000000000, -1.000000000000000000, -0.000000000000000000 ) ) ;
#280 = ORIENTED_EDGE ( 'NONE', *, *, #2420, .F. ) ;
#281 = ADVANCED_FACE ( 'NONE', ( #2086 ), #434, .F. ) ;
#282 = DIRECTION ( 'NONE',  ( 0.000000000000000000, 0.000000000000000000, -1.000000000000000000 ) ) ;
#283 = DIRECTION ( 'NONE',  ( -0.000000000000000000, -1.000000000000000000, -0.000000000000000000 ) ) ;
#284 = PLANE ( 'NONE',  #6 ) ;
#285 = EDGE_LOOP ( 'NONE', ( #1446, #2786, #1480, #1564 ) ) ;
#286 = EDGE_CURVE ( 'NONE', #2298, #2293, #3070, .T. ) ;
#287 = LINE ( 'NONE', #2741, #2727 ) ;
#288 = FACE_OUTER_BOUND ( 'NONE', #1790, .T. ) ;
#289 = CARTESIAN_POINT ( 'NONE',  ( -28.20478091064726200, 18.39999999999999858, -5.808924679141227010 ) ) ;
#290 = ORIENTED_EDGE ( 'NONE', *, *, #984, .F. ) ;
#291 = CARTESIAN_POINT ( 'NONE',  ( -29.69763087083476449, 16.92273924937341434, -6.693827096584820779 ) ) ;
#292 = SURFACE_SIDE_STYLE ('',( #2454 ) ) ;
#293 = FACE_OUTER_BOUND ( 'NONE', #2047, .T. ) ;
#294 = CARTESIAN_POINT ( 'NONE',  ( -18.00000000000000355, 2.500000000000000444, -1.999999999999999112 ) ) ;
#295 = ORIENTED_EDGE ( 'NONE', *, *, #1521, .F. ) ;
#296 = LINE ( 'NONE', #2217, #3080 ) ;
#297 = CARTESIAN_POINT ( 'NONE',  ( -30.00000000000000000, -3.023363063700531643E-17, 6.399999860745174907 ) ) ;
#298 = EDGE_CURVE ( 'NONE', #2551, #430, #2057, .T. ) ;
#299 = LINE ( 'NONE', #811, #1926 ) ;
#300 = ADVANCED_FACE ( 'NONE', ( #2841 ), #179, .F. ) ;
#301 = ORIENTED_EDGE ( 'NONE', *, *, #749, .T. ) ;
#302 = ORIENTED_EDGE ( 'NONE', *, *, #1706, .T. ) ;
#303 = CARTESIAN_POINT ( 'NONE',  ( -18.00000000000000355, 1.000000000000000000, 0.000000000000000000 ) ) ;
#304 = LINE ( 'NONE', #2724, #2874 ) ;
#305 = ORIENTED_EDGE ( 'NONE', *, *, #705, .T. ) ;
#306 = DIRECTION ( 'NONE',  ( 3.464698462101725384E-15, -0.000000000000000000, 1.000000000000000000 ) ) ;
#307 = DIRECTION ( 'NONE',  ( 0.000000000000000000, 0.000000000000000000, 1.000000000000000000 ) ) ;
#308 = CARTESIAN_POINT ( 'NONE',  ( -30.00000000000000000, 0.000000000000000000, -6.399999860745174907 ) ) ;
#309 = AXIS2_PLACEMENT_3D ( 'NONE', #332, #819, #2291 ) ;
#310 = AXIS2_PLACEMENT_3D ( 'NONE', #2476, #630, #887 ) ;
#311 = DIRECTION ( 'NONE',  ( 1.000000000000000000, 0.000000000000000000, 0.000000000000000000 ) ) ;
#312 = ORIENTED_EDGE ( 'NONE', *, *, #2601, .F. ) ;
#313 = AXIS2_PLACEMENT_3D ( 'NONE', #921, #738, #2820 ) ;
#314 = CARTESIAN_POINT ( 'NONE',  ( 29.00000000000000000, 1.000000000000000000, 6.531207530884596935 ) ) ;
#315 = DIRECTION ( 'NONE',  ( 0.000000000000000000, 0.000000000000000000, -1.000000000000000000 ) ) ;
#316 = DIRECTION ( 'NONE',  ( 1.000000000000000000, 0.000000000000000000, -0.000000000000000000 ) ) ;
#317 = CARTESIAN_POINT ( 'NONE',  ( 28.20478091064726200, 16.89999999999999503, -5.808924679141226122 ) ) ;
#318 = AXIS2_PLACEMENT_3D ( 'NONE', #1905, #2861, #3062 ) ;
#319 = MECHANICAL_DESIGN_GEOMETRIC_PRESENTATION_REPRESENTATION (  '', ( #2526 ), #2624 ) ;
#320 = ADVANCED_FACE ( 'NONE', ( #449 ), #149, .T. ) ;
#321 = CARTESIAN_POINT ( 'NONE',  ( 27.99999999999999645, 0.000000000000000000, -7.899999999999999467 ) ) ;
#322 = EDGE_CURVE ( 'NONE', #2852, #2568, #1182, .T. ) ;
#323 = VECTOR ( 'NONE', #2707, 1000.000000000000000 ) ;
#324 = DIRECTION ( 'NONE',  ( 0.000000000000000000, 1.000000000000000000, 0.000000000000000000 ) ) ;
#325 = ORIENTED_EDGE ( 'NONE', *, *, #2738, .F. ) ;
#326 = CARTESIAN_POINT ( 'NONE',  ( 0.000000000000000000, 2.500000000000000000, 1.811312818245940814 ) ) ;
#327 = FACE_OUTER_BOUND ( 'NONE', #1124, .T. ) ;
#328 = LINE ( 'NONE', #1313, #888 ) ;
#329 = ORIENTED_EDGE ( 'NONE', *, *, #964, .F. ) ;
#330 = ORIENTED_EDGE ( 'NONE', *, *, #2540, .T. ) ;
#331 = CARTESIAN_POINT ( 'NONE',  ( -2.899999999999999911, -6.692889895852577986, -4.711312818245939837 ) ) ;
#332 = CARTESIAN_POINT ( 'NONE',  ( -18.00000000000000355, 2.500000000000000444, 0.000000000000000000 ) ) ;
#333 = EDGE_CURVE ( 'NONE', #2243, #417, #1144, .T. ) ;
#334 = DIRECTION ( 'NONE',  ( 1.000000000000000000, -2.312964634635740689E-15, 0.000000000000000000 ) ) ;
#335 = AXIS2_PLACEMENT_3D ( 'NONE', #2302, #150, #2808 ) ;
#336 = DIRECTION ( 'NONE',  ( 0.000000000000000000, 0.000000000000000000, 1.000000000000000000 ) ) ;
#337 = EDGE_CURVE ( 'NONE', #2113, #694, #1863, .T. ) ;
#338 = ORIENTED_EDGE ( 'NONE', *, *, #1610, .T. ) ;
#339 = EDGE_CURVE ( 'NONE', #2113, #1348, #1641, .T. ) ;
#340 = DIRECTION ( 'NONE',  ( 0.000000000000000000, 0.000000000000000000, 1.000000000000000000 ) ) ;
#341 = VERTEX_POINT ( 'NONE', #2068 ) ;
#342 = CARTESIAN_POINT ( 'NONE',  ( -27.99999999999999645, 1.000000000000000000, 7.865079230508260189 ) ) ;
#343 = FACE_OUTER_BOUND ( 'NONE', #2546, .T. ) ;
#344 = CARTESIAN_POINT ( 'NONE',  ( 27.99999999999999645, 0.000000000000000000, -7.899999999999999467 ) ) ;
#345 = ORIENTED_EDGE ( 'NONE', *, *, #1804, .T. ) ;
#346 = CARTESIAN_POINT ( 'NONE',  ( -18.00000000000000355, 2.500000000000000000, 1.999999999999999112 ) ) ;
#347 = DIRECTION ( 'NONE',  ( 0.000000000000000000, -0.9993908270190957621, 0.03489949670249865160 ) ) ;
#348 = PLANE ( 'NONE',  #157 ) ;
#349 = DIRECTION ( 'NONE',  ( 0.000000000000000000, -1.000000000000000000, 0.000000000000000000 ) ) ;
#350 = EDGE_LOOP ( 'NONE', ( #2022, #116, #2793, #1968, #2294, #2662, #2558, #2396 ) ) ;
#351 = PLANE ( 'NONE',  #1491 ) ;
#352 = ORIENTED_EDGE ( 'NONE', *, *, #1235, .F. ) ;
#353 = VERTEX_POINT ( 'NONE', #1369 ) ;
#354 = CARTESIAN_POINT ( 'NONE',  ( 28.50068526740549046, 2.414213562373100253, 6.899999999999996803 ) ) ;
#355 = DIRECTION ( 'NONE',  ( 0.000000000000000000, 1.000000000000000000, 0.000000000000000000 ) ) ;
#356 = DIRECTION ( 'NONE',  ( 0.000000000000000000, 0.000000000000000000, 1.000000000000000000 ) ) ;
#357 = EDGE_CURVE ( 'NONE', #917, #2660, #898, .T. ) ;
#358 = FACE_BOUND ( 'NONE', #2569, .T. ) ;
#359 = ORIENTED_EDGE ( 'NONE', *, *, #838, .F. ) ;
#360 = VECTOR ( 'NONE', #3081, 1000.000000000000000 ) ;
#361 = CARTESIAN_POINT ( 'NONE',  ( 28.94605939899263802, 1.000000000000000000, -6.661316627484001884 ) ) ;
#362 = CIRCLE ( 'NONE', #1291, 2.899999999999999911 ) ;
#363 = EDGE_CURVE ( 'NONE', #2227, #1740, #1835, .T. ) ;
#364 = CARTESIAN_POINT ( 'NONE',  ( 18.00000000000000355, 1.000000000000000000, -1.999999999999994893 ) ) ;
#365 = AXIS2_PLACEMENT_3D ( 'NONE', #840, #2694, #2744 ) ;
#366 = AXIS2_PLACEMENT_3D ( 'NONE', #1247, #2182, #3071 ) ;
#367 = ORIENTED_EDGE ( 'NONE', *, *, #145, .T. ) ;
#368 = VECTOR ( 'NONE', #212, 1000.000000000000000 ) ;
#369 = VECTOR ( 'NONE', #1948, 1000.000000000000000 ) ;
#370 =( NAMED_UNIT ( * ) SI_UNIT ( $, .STERADIAN. ) SOLID_ANGLE_UNIT ( ) );
#371 = CARTESIAN_POINT ( 'NONE',  ( -0.3175000000000017808, -4.000000000000000000, -4.762499999999999289 ) ) ;
#372 = DIRECTION ( 'NONE',  ( 1.000000000000000000, 0.000000000000000000, 0.000000000000000000 ) ) ;
#373 = FACE_OUTER_BOUND ( 'NONE', #1750, .T. ) ;
#374 = VERTEX_POINT ( 'NONE', #2561 ) ;
#375 = DIRECTION ( 'NONE',  ( 1.000000000000000000, -0.000000000000000000, 0.000000000000000000 ) ) ;
#376 = CARTESIAN_POINT ( 'NONE',  ( 28.99999999999999645, 2.414213562373100253, 5.899999999999996803 ) ) ;
#377 = LINE ( 'NONE', #409, #1625 ) ;
#378 = ORIENTED_EDGE ( 'NONE', *, *, #43, .T. ) ;
#379 = EDGE_CURVE ( 'NONE', #2870, #1463, #1075, .T. ) ;
#380 = CARTESIAN_POINT ( 'NONE',  ( -29.37907425696560537, 0.000000000000000000, -7.900000000000000355 ) ) ;
#381 = DIRECTION ( 'NONE',  ( 0.000000000000000000, -1.000000000000000000, 0.000000000000000000 ) ) ;
#382 = VECTOR ( 'NONE', #927, 1000.000000000000000 ) ;
#383 = DIRECTION ( 'NONE',  ( 0.000000000000000000, -0.000000000000000000, 1.000000000000000000 ) ) ;
#384 = UNCERTAINTY_MEASURE_WITH_UNIT (LENGTH_MEASURE( 1.000000000000000082E-05 ), #946, 'distance_accuracy_value', 'NONE');
#385 = EDGE_LOOP ( 'NONE', ( #2780, #1979 ) ) ;
#386 = EDGE_CURVE ( 'NONE', #606, #901, #1778, .T. ) ;
#387 = CARTESIAN_POINT ( 'NONE',  ( -28.99999999999999645, 2.414213562373100253, 5.899999999999998579 ) ) ;
#388 = EDGE_LOOP ( 'NONE', ( #2562, #1707, #1438 ) ) ;
#389 = AXIS2_PLACEMENT_3D ( 'NONE', #1321, #355, #1335 ) ;
#390 = EDGE_CURVE ( 'NONE', #3105, #176, #59, .T. ) ;
#391 = ORIENTED_EDGE ( 'NONE', *, *, #1519, .T. ) ;
#392 = PLANE ( 'NONE',  #2542 ) ;
#393 = DIRECTION ( 'NONE',  ( 0.000000000000000000, -0.000000000000000000, 1.000000000000000000 ) ) ;
#394 = PLANE ( 'NONE',  #335 ) ;
#395 = ORIENTED_EDGE ( 'NONE', *, *, #2166, .T. ) ;
#396 = FACE_OUTER_BOUND ( 'NONE', #620, .T. ) ;
#397 = FACE_OUTER_BOUND ( 'NONE', #2849, .T. ) ;
#398 = DIRECTION ( 'NONE',  ( -1.000000000000000000, 0.000000000000000000, 0.000000000000000000 ) ) ;
#399 = CARTESIAN_POINT ( 'NONE',  ( -28.99999999999999645, 0.000000000000000000, -6.399999860745174907 ) ) ;
#400 = ORIENTED_EDGE ( 'NONE', *, *, #2225, .F. ) ;
#401 = ORIENTED_EDGE ( 'NONE', *, *, #1955, .F. ) ;
#402 = ADVANCED_FACE ( 'NONE', ( #1814 ), #3111, .F. ) ;
#403 = EDGE_CURVE ( 'NONE', #176, #3105, #1385, .T. ) ;
#404 = CARTESIAN_POINT ( 'NONE',  ( -27.99999999999999645, 0.000000000000000000, -7.900000000000000355 ) ) ;
#405 = ADVANCED_FACE ( 'NONE', ( #2389 ), #1196, .F. ) ;
#406 = ORIENTED_EDGE ( 'NONE', *, *, #1142, .F. ) ;
#407 = CARTESIAN_POINT ( 'NONE',  ( 28.20478091064725845, 16.93853263071035897, 7.308429676255574492 ) ) ;
#408 = CARTESIAN_POINT ( 'NONE',  ( -27.99999999999999645, 1.000000000000000000, -6.865079230508256636 ) ) ;
#409 = CARTESIAN_POINT ( 'NONE',  ( -2.899999999999999467, -6.692889895852577986, 6.865079230508256636 ) ) ;
#410 = CARTESIAN_POINT ( 'NONE',  ( -28.50068526740549402, 1.512142250279963586E-17, -7.900000000000000355 ) ) ;
#411 = ORIENTED_EDGE ( 'NONE', *, *, #1404, .T. ) ;
#412 = CARTESIAN_POINT ( 'NONE',  ( -28.99999999999999645, 1.000000000000000000, -7.899999999999999467 ) ) ;
#413 = PLANE ( 'NONE',  #587 ) ;
#414 = FILL_AREA_STYLE ('',( #454 ) ) ;
#415 = CARTESIAN_POINT ( 'NONE',  ( 0.000000000000000000, 1.000000000000000000, 0.000000000000000000 ) ) ;
#416 = DIRECTION ( 'NONE',  ( 0.000000000000000000, -0.000000000000000000, -1.000000000000000000 ) ) ;
#417 = VERTEX_POINT ( 'NONE', #1930 ) ;
#418 = ORIENTED_EDGE ( 'NONE', *, *, #2555, .T. ) ;
#419 = ORIENTED_EDGE ( 'NONE', *, *, #2311, .F. ) ;
#420 = FACE_OUTER_BOUND ( 'NONE', #2711, .T. ) ;
#421 = AXIS2_PLACEMENT_3D ( 'NONE', #3082, #972, #1669 ) ;
#422 = VECTOR ( 'NONE', #980, 1000.000000000000000 ) ;
#423 = DIRECTION ( 'NONE',  ( 0.000000000000000000, -0.000000000000000000, 1.000000000000000000 ) ) ;
#424 = VECTOR ( 'NONE', #2756, 1000.000000000000000 ) ;
#425 = VECTOR ( 'NONE', #2201, 1000.000000000000000 ) ;
#426 = EDGE_CURVE ( 'NONE', #2657, #174, #2351, .T. ) ;
#427 = VERTEX_POINT ( 'NONE', #1682 ) ;
#428 = AXIS2_PLACEMENT_3D ( 'NONE', #171, #712, #455 ) ;
#429 = VECTOR ( 'NONE', #1811, 1000.000000000000000 ) ;
#430 = VERTEX_POINT ( 'NONE', #2632 ) ;
#431 = ADVANCED_FACE ( 'NONE', ( #2887 ), #2837, .F. ) ;
#432 = CARTESIAN_POINT ( 'NONE',  ( 29.69763087083475739, 16.92273924937341079, 6.693827096584940683 ) ) ;
#433 = PRESENTATION_STYLE_ASSIGNMENT (( #671 ) ) ;
#434 = PLANE ( 'NONE',  #1971 ) ;
#435 = DIRECTION ( 'NONE',  ( -0.000000000000000000, -0.000000000000000000, -1.000000000000000000 ) ) ;
#436 = VERTEX_POINT ( 'NONE', #636 ) ;
#437 = FACE_OUTER_BOUND ( 'NONE', #1495, .T. ) ;
#438 = CARTESIAN_POINT ( 'NONE',  ( -28.99999999999999645, 1.000000000000000000, -6.399999860745174907 ) ) ;
#439 = CARTESIAN_POINT ( 'NONE',  ( -28.50068526740549046, 2.414213562373100253, -6.899999999999998579 ) ) ;
#440 = ORIENTED_EDGE ( 'NONE', *, *, #1216, .T. ) ;
#441 = VECTOR ( 'NONE', #2055, 1000.000000000000000 ) ;
#442 = VERTEX_POINT ( 'NONE', #1112 ) ;
#443 = CARTESIAN_POINT ( 'NONE',  ( 0.3174999999999982281, -4.000000000000000000, 5.397500000000002629 ) ) ;
#444 = VECTOR ( 'NONE', #480, 1000.000000000000000 ) ;
#445 = CARTESIAN_POINT ( 'NONE',  ( -2.899999999999999467, 2.500000000000000000, 4.711312818245939837 ) ) ;
#446 = EDGE_LOOP ( 'NONE', ( #2206, #169, #2183, #1015 ) ) ;
#447 = CARTESIAN_POINT ( 'NONE',  ( 28.20478091064725135, 18.39999999999999858, -5.808924679140583969 ) ) ;
#448 = LINE ( 'NONE', #189, #2525 ) ;
#449 = FACE_OUTER_BOUND ( 'NONE', #446, .T. ) ;
#450 = EDGE_CURVE ( 'NONE', #457, #987, #41, .T. ) ;
#451 = EDGE_LOOP ( 'NONE', ( #1713, #3059, #1410, #2869 ) ) ;
#452 = PLANE ( 'NONE',  #1977 ) ;
#453 = CARTESIAN_POINT ( 'NONE',  ( -0.3175000000000017808, -4.000000000000000000, 5.397500000000002629 ) ) ;
#454 = FILL_AREA_STYLE_COLOUR ( '', #886 ) ;
#455 = DIRECTION ( 'NONE',  ( 1.000000000000000000, 0.000000000000000000, -0.000000000000000000 ) ) ;
#456 = DIRECTION ( 'NONE',  ( 0.000000000000000000, 0.03489949670250108021, -0.9993908270190957621 ) ) ;
#457 = VERTEX_POINT ( 'NONE', #2928 ) ;
#458 = EDGE_LOOP ( 'NONE', ( #2511, #1277, #2221, #2466 ) ) ;
#459 = ORIENTED_EDGE ( 'NONE', *, *, #508, .T. ) ;
#460 = FACE_OUTER_BOUND ( 'NONE', #1528, .T. ) ;
#461 = ORIENTED_EDGE ( 'NONE', *, *, #1421, .F. ) ;
#462 = DIRECTION ( 'NONE',  ( -0.000000000000000000, 0.000000000000000000, -1.000000000000000000 ) ) ;
#463 = DIRECTION ( 'NONE',  ( -1.000000000000000000, 0.000000000000000000, -0.000000000000000000 ) ) ;
#464 = SURFACE_SIDE_STYLE ('',( #2357 ) ) ;
#465 = EDGE_CURVE ( 'NONE', #644, #89, #1013, .T. ) ;
#466 = DIRECTION ( 'NONE',  ( 0.000000000000000000, 1.000000000000000000, 0.000000000000000000 ) ) ;
#467 = LINE ( 'NONE', #1422, #2872 ) ;
#468 = ORIENTED_EDGE ( 'NONE', *, *, #1126, .F. ) ;
#469 = EDGE_CURVE ( 'NONE', #1995, #640, #1043, .T. ) ;
#470 = LINE ( 'NONE', #1909, #1768 ) ;
#471 = LINE ( 'NONE', #733, #638 ) ;
#472 = CARTESIAN_POINT ( 'NONE',  ( 18.00000000000000355, 2.500000000000000000, 4.408728476930470856E-15 ) ) ;
#473 = VECTOR ( 'NONE', #1537, 1000.000000000000000 ) ;
#474 = AXIS2_PLACEMENT_3D ( 'NONE', #1361, #2292, #383 ) ;
#475 = VECTOR ( 'NONE', #2233, 1000.000000000000000 ) ;
#476 = CIRCLE ( 'NONE', #784, 2.899999999999999467 ) ;
#477 = ORIENTED_EDGE ( 'NONE', *, *, #1556, .T. ) ;
#478 = SURFACE_STYLE_FILL_AREA ( #781 ) ;
#479 = PRESENTATION_LAYER_ASSIGNMENT (  '', '', ( #2526 ) ) ;
#480 = DIRECTION ( 'NONE',  ( -1.000000000000000000, -0.000000000000000000, 0.000000000000000000 ) ) ;
#481 = LINE ( 'NONE', #1700, #893 ) ;
#482 = ORIENTED_EDGE ( 'NONE', *, *, #1437, .F. ) ;
#483 = CARTESIAN_POINT ( 'NONE',  ( 2.899999999999999911, 1.000000000000000000, 4.711312818245939837 ) ) ;
#484 = CARTESIAN_POINT ( 'NONE',  ( -28.99999999999999645, 1.000000000000000000, -6.399999860745174907 ) ) ;
#485 = FACE_OUTER_BOUND ( 'NONE', #1815, .T. ) ;
#486 = ORIENTED_EDGE ( 'NONE', *, *, #2331, .T. ) ;
#487 = LINE ( 'NONE', #12, #2177 ) ;
#488 = ADVANCED_FACE ( 'NONE', ( #810 ), #2864, .F. ) ;
#489 = AXIS2_PLACEMENT_3D ( 'NONE', #2343, #2356, #211 ) ;
#490 = ORIENTED_EDGE ( 'NONE', *, *, #1511, .F. ) ;
#491 = CARTESIAN_POINT ( 'NONE',  ( -27.99999999999999645, 1.000000000000000000, -7.899999999999999467 ) ) ;
#492 = CARTESIAN_POINT ( 'NONE',  ( 2.899999999999999911, 2.500000000000000000, -4.711312818245939837 ) ) ;
#493 = DIRECTION ( 'NONE',  ( 0.000000000000000000, -0.000000000000000000, 1.000000000000000000 ) ) ;
#494 = DIRECTION ( 'NONE',  ( 0.000000000000000000, 1.000000000000000000, -0.000000000000000000 ) ) ;
#495 = CLOSED_SHELL ( 'NONE', ( #300, #2358, #1799, #1439, #1819, #488 ) ) ;
#496 = DIRECTION ( 'NONE',  ( 0.000000000000000000, 0.000000000000000000, -1.000000000000000000 ) ) ;
#497 = ORIENTED_EDGE ( 'NONE', *, *, #2593, .T. ) ;
#498 = CARTESIAN_POINT ( 'NONE',  ( -0.3175000000000017808, -4.000000000000000000, 4.762499999999999289 ) ) ;
#499 = DIRECTION ( 'NONE',  ( 0.000000000000000000, 0.000000000000000000, 1.000000000000000000 ) ) ;
#500 = LINE ( 'NONE', #2921, #942 ) ;
#501 = EDGE_LOOP ( 'NONE', ( #400, #771, #1157, #2695 ) ) ;
#502 = CARTESIAN_POINT ( 'NONE',  ( -30.00000000000000000, 16.89999999999999858, 5.808924679141346914 ) ) ;
#503 = PLANE ( 'NONE',  #2665 ) ;
#504 = DIRECTION ( 'NONE',  ( 0.000000000000000000, 1.000000000000000000, 0.000000000000000000 ) ) ;
#505 = EDGE_CURVE ( 'NONE', #1398, #457, #929, .T. ) ;
#506 = VERTEX_POINT ( 'NONE', #2079 ) ;
#507 = PLANE ( 'NONE',  #1721 ) ;
#508 = EDGE_CURVE ( 'NONE', #704, #436, #476, .T. ) ;
#509 = DIRECTION ( 'NONE',  ( 0.000000000000000000, 0.000000000000000000, 1.000000000000000000 ) ) ;
#510 = DIRECTION ( 'NONE',  ( 0.01744177813809442285, 0.9992388003036511979, -0.03489418781260726632 ) ) ;
#511 = VERTEX_POINT ( 'NONE', #1873 ) ;
#512 = CARTESIAN_POINT ( 'NONE',  ( -28.20478091064726200, 16.93853263071036608, -7.308429676255454588 ) ) ;
#513 = CARTESIAN_POINT ( 'NONE',  ( -28.63147424481934777, 1.000000000000000000, 6.899999999999998579 ) ) ;
#514 = LINE ( 'NONE', #2666, #2580 ) ;
#515 = ORIENTED_EDGE ( 'NONE', *, *, #648, .F. ) ;
#516 = CARTESIAN_POINT ( 'NONE',  ( 28.99999999999999645, 1.000000000000000000, 6.399999860745174907 ) ) ;
#517 = CARTESIAN_POINT ( 'NONE',  ( -30.00000000000000711, 0.000000000000000000, 5.899999999999998579 ) ) ;
#518 = EDGE_CURVE ( 'NONE', #2765, #271, #701, .T. ) ;
#519 = FILL_AREA_STYLE_COLOUR ( '', #1628 ) ;
#520 = PLANE ( 'NONE',  #1444 ) ;
#521 = CARTESIAN_POINT ( 'NONE',  ( -2.899999999999999911, 1.000000000000000000, -7.899999999999999467 ) ) ;
#522 = VECTOR ( 'NONE', #3017, 1000.000000000000000 ) ;
#523 = ADVANCED_FACE ( 'NONE', ( #1842 ), #2567, .F. ) ;
#524 = ORIENTED_EDGE ( 'NONE', *, *, #2659, .T. ) ;
#525 = VECTOR ( 'NONE', #71, 1000.000000000000000 ) ;
#526 = CARTESIAN_POINT ( 'NONE',  ( 2.899999999999999911, 2.500000000000000444, 4.711312818245939837 ) ) ;
#527 = CARTESIAN_POINT ( 'NONE',  ( -29.00000000000000000, 0.000000000000000000, 6.531207530884596935 ) ) ;
#528 = DIRECTION ( 'NONE',  ( -0.000000000000000000, 0.03489949670249402336, 0.9993908270190959842 ) ) ;
#529 = AXIS2_PLACEMENT_3D ( 'NONE', #3115, #1236, #496 ) ;
#530 = ORIENTED_EDGE ( 'NONE', *, *, #2225, .T. ) ;
#531 = CARTESIAN_POINT ( 'NONE',  ( -29.98254493507177898, 1.000000000000000000, 5.899999999999998579 ) ) ;
#532 = DIRECTION ( 'NONE',  ( -0.000000000000000000, -1.000000000000000000, -0.000000000000000000 ) ) ;
#533 = CIRCLE ( 'NONE', #2277, 1.999999999999999112 ) ;
#534 = DIRECTION ( 'NONE',  ( -0.000000000000000000, -1.000000000000000000, -0.000000000000000000 ) ) ;
#535 = VECTOR ( 'NONE', #850, 1000.000000000000000 ) ;
#536 = ORIENTED_EDGE ( 'NONE', *, *, #1597, .F. ) ;
#537 = CARTESIAN_POINT ( 'NONE',  ( 2.899999999999999911, 1.000000000000000000, -6.865079230508256636 ) ) ;
#538 = ORIENTED_EDGE ( 'NONE', *, *, #2540, .F. ) ;
#539 = CARTESIAN_POINT ( 'NONE',  ( -2.899999999999999467, 2.500000000000000000, -4.711312818245939837 ) ) ;
#540 = CARTESIAN_POINT ( 'NONE',  ( 18.00000000000000355, 1.000000000000000000, 2.000000000000003553 ) ) ;
#541 = DIRECTION ( 'NONE',  ( 1.000000000000000000, 0.000000000000000000, -0.000000000000000000 ) ) ;
#542 = CARTESIAN_POINT ( 'NONE',  ( 0.3174999999999982281, 1.000000000000000000, 5.397500000000002629 ) ) ;
#543 = ADVANCED_FACE ( 'NONE', ( #2597 ), #1423, .T. ) ;
#544 = ADVANCED_FACE ( 'NONE', ( #3104 ), #3085, .T. ) ;
#545 = PLANE ( 'NONE',  #1580 ) ;
#546 = ORIENTED_EDGE ( 'NONE', *, *, #985, .T. ) ;
#547 = EDGE_CURVE ( 'NONE', #731, #644, #2813, .T. ) ;
#548 = ORIENTED_EDGE ( 'NONE', *, *, #899, .F. ) ;
#549 = UNCERTAINTY_MEASURE_WITH_UNIT (LENGTH_MEASURE( 1.000000000000000082E-05 ), #2377, 'distance_accuracy_value', 'NONE');
#550 = CARTESIAN_POINT ( 'NONE',  ( -30.00000000000000711, 0.000000000000000000, -5.899999999999998579 ) ) ;
#551 = DIRECTION ( 'NONE',  ( -1.000000000000000000, -0.000000000000000000, 0.000000000000000000 ) ) ;
#552 = CYLINDRICAL_SURFACE ( 'NONE', #2923, 2.899999999999999911 ) ;
#553 = VERTEX_POINT ( 'NONE', #294 ) ;
#554 = CARTESIAN_POINT ( 'NONE',  ( 29.70455245338184724, 16.92617860965592413, -7.899999999999999467 ) ) ;
#555 = DIRECTION ( 'NONE',  ( 6.938893903907232322E-15, 0.03489949670249424540, 0.9993908270190959842 ) ) ;
#556 = VERTEX_POINT ( 'NONE', #2515 ) ;
#557 = ADVANCED_FACE ( 'NONE', ( #1515 ), #1756, .F. ) ;
#558 = CARTESIAN_POINT ( 'NONE',  ( 0.000000000000000000, 2.500000000000000000, -4.711312818245939837 ) ) ;
#559 = CYLINDRICAL_SURFACE ( 'NONE', #2381, 2.899999999999999911 ) ;
#560 = DIRECTION ( 'NONE',  ( -0.01744177813809449570, -0.9992388003036511979, 0.03489418781260735652 ) ) ;
#561 = EDGE_CURVE ( 'NONE', #1655, #1704, #2945, .T. ) ;
#562 = LINE ( 'NONE', #1947, #444 ) ;
#563 = LINE ( 'NONE', #1016, #1874 ) ;
#564 = CARTESIAN_POINT ( 'NONE',  ( 28.94605939899263802, 0.000000000000000000, 6.661316627484001884 ) ) ;
#565 = VECTOR ( 'NONE', #1079, 1000.000000000000000 ) ;
#566 = ADVANCED_FACE ( 'NONE', ( #815 ), #573, .F. ) ;
#567 = CARTESIAN_POINT ( 'NONE',  ( 29.99999999999999289, -4.539190219959406886E-17, -6.399999860745174907 ) ) ;
#568 = ORIENTED_EDGE ( 'NONE', *, *, #2130, .F. ) ;
#569 = DIRECTION ( 'NONE',  ( 0.000000000000000000, 0.000000000000000000, -1.000000000000000000 ) ) ;
#570 = CARTESIAN_POINT ( 'NONE',  ( -2.899999999999999467, 2.500000000000000000, -6.865079230508256636 ) ) ;
#571 = VECTOR ( 'NONE', #642, 1000.000000000000000 ) ;
#572 = EDGE_LOOP ( 'NONE', ( #2654, #536, #994 ) ) ;
#573 = PLANE ( 'NONE',  #259 ) ;
#574 = CARTESIAN_POINT ( 'NONE',  ( -25.71750000000000114, -4.000000000000000000, -0.3174999999999983391 ) ) ;
#575 = VERTEX_POINT ( 'NONE', #2486 ) ;
#576 = AXIS2_PLACEMENT_3D ( 'NONE', #2800, #129, #919 ) ;
#577 = MANIFOLD_SOLID_BREP ( 'Boss-Extrude2[2]', #21 ) ;
#578 = CARTESIAN_POINT ( 'NONE',  ( -25.08249999999999957, 1.000000000000000000, -0.3174999999999983391 ) ) ;
#579 = CARTESIAN_POINT ( 'NONE',  ( 0.000000000000000000, -4.000000000000000000, 0.000000000000000000 ) ) ;
#580 = CARTESIAN_POINT ( 'NONE',  ( 0.000000000000000000, 1.000000000000000000, -4.711312818245939837 ) ) ;
#581 = VECTOR ( 'NONE', #591, 1000.000000000000000 ) ;
#582 = FACE_OUTER_BOUND ( 'NONE', #1959, .T. ) ;
#583 = VECTOR ( 'NONE', #2334, 1000.000000000000000 ) ;
#584 = EDGE_CURVE ( 'NONE', #427, #241, #1270, .T. ) ;
#585 = SHAPE_DEFINITION_REPRESENTATION ( #2671, #1 ) ;
#586 = EDGE_LOOP ( 'NONE', ( #3015, #625, #2054, #621 ) ) ;
#587 = AXIS2_PLACEMENT_3D ( 'NONE', #711, #1624, #463 ) ;
#588 = PLANE ( 'NONE',  #365 ) ;
#589 = ORIENTED_EDGE ( 'NONE', *, *, #43, .F. ) ;
#590 = DIRECTION ( 'NONE',  ( 0.000000000000000000, 0.03489949670249404418, 0.9993908270190959842 ) ) ;
#591 = DIRECTION ( 'NONE',  ( 0.000000000000000000, -0.000000000000000000, 1.000000000000000000 ) ) ;
#592 = ORIENTED_EDGE ( 'NONE', *, *, #858, .F. ) ;
#593 = DIRECTION ( 'NONE',  ( 1.000000000000000000, 0.000000000000000000, 5.463695987328525648E-15 ) ) ;
#594 = CARTESIAN_POINT ( 'NONE',  ( 29.00000000000000000, 1.000000000000000000, -6.531207530884596935 ) ) ;
#595 = DIRECTION ( 'NONE',  ( 0.000000000000000000, 1.000000000000000000, 0.000000000000000000 ) ) ;
#596 = DIRECTION ( 'NONE',  ( 0.000000000000000000, 0.000000000000000000, -1.000000000000000000 ) ) ;
#597 = FACE_OUTER_BOUND ( 'NONE', #3110, .T. ) ;
#598 = FACE_OUTER_BOUND ( 'NONE', #350, .T. ) ;
#599 = CARTESIAN_POINT ( 'NONE',  ( -2.899999999999999911, 1.000000000000000000, 6.865079230508256636 ) ) ;
#600 = VERTEX_POINT ( 'NONE', #2704 ) ;
#601 = EDGE_CURVE ( 'NONE', #11, #2241, #1496, .T. ) ;
#602 = DIRECTION ( 'NONE',  ( 0.000000000000000000, 0.000000000000000000, 1.000000000000000000 ) ) ;
#603 = CARTESIAN_POINT ( 'NONE',  ( 0.000000000000000000, 0.000000000000000000, 0.000000000000000000 ) ) ;
#604 = FACE_OUTER_BOUND ( 'NONE', #2316, .T. ) ;
#605 = CARTESIAN_POINT ( 'NONE',  ( 25.08249999999999957, 1.000000000000000000, 0.3175000000000017808 ) ) ;
#606 = VERTEX_POINT ( 'NONE', #2207 ) ;
#607 = EDGE_CURVE ( 'NONE', #707, #1258, #563, .T. ) ;
#608 = CARTESIAN_POINT ( 'NONE',  ( -30.00000000000000000, 16.95234924505373897, 7.308010919669992056 ) ) ;
#609 =( NAMED_UNIT ( * ) SI_UNIT ( $, .STERADIAN. ) SOLID_ANGLE_UNIT ( ) );
#610 = DIRECTION ( 'NONE',  ( -1.000000000000000000, 0.000000000000000000, 0.000000000000000000 ) ) ;
#611 = EDGE_LOOP ( 'NONE', ( #1513, #1170, #914, #2924 ) ) ;
#612 = CARTESIAN_POINT ( 'NONE',  ( 28.63147424481934777, 1.000000000000000000, -6.899999999999998579 ) ) ;
#613 = CARTESIAN_POINT ( 'NONE',  ( -28.20478091064726200, 17.79913263252110411, 7.286314923638592234 ) ) ;
#614 = FACE_OUTER_BOUND ( 'NONE', #1154, .T. ) ;
#615 = ORIENTED_EDGE ( 'NONE', *, *, #126, .F. ) ;
#616 = ORIENTED_EDGE ( 'NONE', *, *, #2817, .F. ) ;
#617 = CARTESIAN_POINT ( 'NONE',  ( -30.00000000000000000, 0.000000000000000000, -7.899999999999999467 ) ) ;
#618 = DIRECTION ( 'NONE',  ( 0.000000000000000000, 0.000000000000000000, 1.000000000000000000 ) ) ;
#619 = CARTESIAN_POINT ( 'NONE',  ( 0.000000000000000000, 2.500000000000000000, 4.711312818245939837 ) ) ;
#620 = EDGE_LOOP ( 'NONE', ( #2927, #2745, #1492, #631 ) ) ;
#621 = ORIENTED_EDGE ( 'NONE', *, *, #126, .T. ) ;
#622 = LINE ( 'NONE', #2500, #1989 ) ;
#623 = CARTESIAN_POINT ( 'NONE',  ( -30.00000000000000711, 0.000000000000000000, -5.899999999999998579 ) ) ;
#624 = EDGE_CURVE ( 'NONE', #176, #1867, #779, .T. ) ;
#625 = ORIENTED_EDGE ( 'NONE', *, *, #2462, .F. ) ;
#626 = MANIFOLD_SOLID_BREP ( 'Boss-Extrude4[1]', #2342 ) ;
#627 = CARTESIAN_POINT ( 'NONE',  ( 28.99999999999999645, 1.000000000000000000, -6.399999860745173130 ) ) ;
#628 = VECTOR ( 'NONE', #1981, 1000.000000000000000 ) ;
#629 = CARTESIAN_POINT ( 'NONE',  ( 2.899999999999999467, 2.500000000000000444, 6.865079230508256636 ) ) ;
#630 = DIRECTION ( 'NONE',  ( -0.000000000000000000, -6.123233995736766036E-17, -1.000000000000000000 ) ) ;
#631 = ORIENTED_EDGE ( 'NONE', *, *, #1029, .T. ) ;
#632 = VERTEX_POINT ( 'NONE', #1599 ) ;
#633 = DIRECTION ( 'NONE',  ( 0.000000000000000000, 1.000000000000000000, 0.000000000000000000 ) ) ;
#634 = AXIS2_PLACEMENT_3D ( 'NONE', #502, #1242, #282 ) ;
#635 = VERTEX_POINT ( 'NONE', #1096 ) ;
#636 = CARTESIAN_POINT ( 'NONE',  ( 0.000000000000000000, 2.500000000000000000, 1.811312818245940814 ) ) ;
#637 = AXIS2_PLACEMENT_3D ( 'NONE', #3001, #902, #593 ) ;
#638 = VECTOR ( 'NONE', #1651, 1000.000000000000000 ) ;
#639 = ORIENTED_EDGE ( 'NONE', *, *, #2536, .T. ) ;
#640 = VERTEX_POINT ( 'NONE', #1263 ) ;
#641 = DIRECTION ( 'NONE',  ( -0.000000000000000000, -1.000000000000000000, -0.000000000000000000 ) ) ;
#642 = DIRECTION ( 'NONE',  ( 0.000000000000000000, -0.000000000000000000, 1.000000000000000000 ) ) ;
#643 = CARTESIAN_POINT ( 'NONE',  ( -2.899999999999999467, 2.500000000000000000, -4.711312818245939837 ) ) ;
#644 = VERTEX_POINT ( 'NONE', #1330 ) ;
#645 = DIRECTION ( 'NONE',  ( 1.000000000000000000, 0.000000000000000000, 0.000000000000000000 ) ) ;
#646 = CARTESIAN_POINT ( 'NONE',  ( 30.00000000000000355, 8.673617379884035472E-16, 6.399999860745174907 ) ) ;
#647 = EDGE_CURVE ( 'NONE', #1232, #1600, #1366, .T. ) ;
#648 = EDGE_CURVE ( 'NONE', #1064, #2610, #2740, .T. ) ;
#649 = AXIS2_PLACEMENT_3D ( 'NONE', #879, #641, #2114 ) ;
#650 = ORIENTED_EDGE ( 'NONE', *, *, #1106, .T. ) ;
#651 = LINE ( 'NONE', #2554, #425 ) ;
#652 = EDGE_CURVE ( 'NONE', #3056, #2852, #144, .T. ) ;
#653 = ORIENTED_EDGE ( 'NONE', *, *, #601, .T. ) ;
#654 = VERTEX_POINT ( 'NONE', #873 ) ;
#655 = CARTESIAN_POINT ( 'NONE',  ( 29.07780460190163296, 18.40000000000003055, 6.669808774359631265 ) ) ;
#656 = DIRECTION ( 'NONE',  ( -1.000000000000000000, 0.000000000000000000, 0.000000000000000000 ) ) ;
#657 = CARTESIAN_POINT ( 'NONE',  ( -27.99999999999999645, 1.000000000000000000, -7.899999999999999467 ) ) ;
#658 = VERTEX_POINT ( 'NONE', #2312 ) ;
#659 = LINE ( 'NONE', #346, #2978 ) ;
#660 = DIRECTION ( 'NONE',  ( 1.000000000000000000, 0.000000000000000000, -0.000000000000000000 ) ) ;
#661 = CARTESIAN_POINT ( 'NONE',  ( 0.000000000000000000, 2.500000000000000000, 4.711312818245939837 ) ) ;
#662 = CARTESIAN_POINT ( 'NONE',  ( -2.899999999999999467, 2.500000000000000000, 6.865079230508256636 ) ) ;
#663 = ORIENTED_EDGE ( 'NONE', *, *, #875, .T. ) ;
#664 = VERTEX_POINT ( 'NONE', #404 ) ;
#665 = DIRECTION ( 'NONE',  ( 0.000000000000000000, -0.000000000000000000, 1.000000000000000000 ) ) ;
#666 = LINE ( 'NONE', #1392, #583 ) ;
#667 = EDGE_CURVE ( 'NONE', #2602, #1232, #2979, .T. ) ;
#668 = CARTESIAN_POINT ( 'NONE',  ( 29.70455245338184724, 16.92617860965592413, 5.808924679141346914 ) ) ;
#669 = EDGE_LOOP ( 'NONE', ( #2589, #1429, #1370, #2890 ) ) ;
#670 = DIRECTION ( 'NONE',  ( -0.01745240643728354635, -0.9998476951563911586, 0.000000000000000000 ) ) ;
#671 = SURFACE_STYLE_USAGE ( .BOTH. , #2590 ) ;
#672 = CARTESIAN_POINT ( 'NONE',  ( 2.899999999999999467, -6.692889895852577986, 6.865079230508256636 ) ) ;
#673 = CYLINDRICAL_SURFACE ( 'NONE', #1991, 1.500000000000001332 ) ;
#674 = ORIENTED_EDGE ( 'NONE', *, *, #1188, .F. ) ;
#675 = DIRECTION ( 'NONE',  ( 0.000000000000000000, 1.000000000000000000, 0.000000000000000000 ) ) ;
#676 = CARTESIAN_POINT ( 'NONE',  ( -28.50068526740549046, 0.000000000000000000, -6.899999999999998579 ) ) ;
#677 = PLANE ( 'NONE',  #932 ) ;
#678 = ORIENTED_EDGE ( 'NONE', *, *, #450, .T. ) ;
#679 = VECTOR ( 'NONE', #532, 1000.000000000000000 ) ;
#680 = ORIENTED_EDGE ( 'NONE', *, *, #2387, .F. ) ;
#681 =( GEOMETRIC_REPRESENTATION_CONTEXT ( 3 ) GLOBAL_UNCERTAINTY_ASSIGNED_CONTEXT ( ( #2990 ) ) GLOBAL_UNIT_ASSIGNED_CONTEXT ( ( #134, #1070, #609 ) ) REPRESENTATION_CONTEXT ( 'NONE', 'WORKASPACE' ) );
#682 = AXIS2_PLACEMENT_3D ( 'NONE', #237, #706, #2976 ) ;
#683 = AXIS2_PLACEMENT_3D ( 'NONE', #376, #1337, #2775 ) ;
#684 = PRESENTATION_LAYER_ASSIGNMENT (  '', '', ( #939 ) ) ;
#685 = ADVANCED_FACE ( 'NONE', ( #3026 ), #3040, .F. ) ;
#686 = ADVANCED_FACE ( 'NONE', ( #2260 ), #1584, .T. ) ;
#687 = AXIS2_PLACEMENT_3D ( 'NONE', #1238, #1487, #1114 ) ;
#688 = VERTEX_POINT ( 'NONE', #1914 ) ;
#689 = DIRECTION ( 'NONE',  ( 1.000000000000000000, 0.000000000000000000, -0.000000000000000000 ) ) ;
#690 = CARTESIAN_POINT ( 'NONE',  ( -2.899999999999999911, 1.000000000000000000, -7.899999999999999467 ) ) ;
#691 = CIRCLE ( 'NONE', #1777, 1.500000000000001332 ) ;
#692 = CARTESIAN_POINT ( 'NONE',  ( -28.20478091064726200, 16.89999999999999858, 7.900000000000002132 ) ) ;
#693 = VECTOR ( 'NONE', #1787, 1000.000000000000000 ) ;
#694 = VERTEX_POINT ( 'NONE', #1683 ) ;
#695 = DIRECTION ( 'NONE',  ( -0.000000000000000000, -0.000000000000000000, -1.000000000000000000 ) ) ;
#696 = CARTESIAN_POINT ( 'NONE',  ( -28.63147424481934777, 1.000000000000000000, -6.899999999999998579 ) ) ;
#697 = LINE ( 'NONE', #2605, #2314 ) ;
#698 = LINE ( 'NONE', #2737, #1813 ) ;
#699 = CARTESIAN_POINT ( 'NONE',  ( -18.00000000000000355, 1.000000000000000000, 1.999999999999999112 ) ) ;
#700 = CARTESIAN_POINT ( 'NONE',  ( -27.99999999999999645, 0.000000000000000000, -6.900000000000000355 ) ) ;
#701 = LINE ( 'NONE', #3036, #2224 ) ;
#702 = ORIENTED_EDGE ( 'NONE', *, *, #2856, .F. ) ;
#703 = AXIS2_PLACEMENT_3D ( 'NONE', #139, #645, #315 ) ;
#704 = VERTEX_POINT ( 'NONE', #1414 ) ;
#705 = EDGE_CURVE ( 'NONE', #137, #22, #1466, .T. ) ;
#706 = DIRECTION ( 'NONE',  ( 1.000000000000000000, -0.000000000000000000, 0.000000000000000000 ) ) ;
#707 = VERTEX_POINT ( 'NONE', #2369 ) ;
#708 =( NAMED_UNIT ( * ) PLANE_ANGLE_UNIT ( ) SI_UNIT ( $, .RADIAN. ) );
#709 = ADVANCED_FACE ( 'NONE', ( #205 ), #188, .F. ) ;
#710 = ORIENTED_EDGE ( 'NONE', *, *, #1066, .F. ) ;
#711 = CARTESIAN_POINT ( 'NONE',  ( 25.71750000000000114, -4.000000000000000000, 0.3175000000000017808 ) ) ;
#712 = DIRECTION ( 'NONE',  ( 0.000000000000000000, 0.000000000000000000, 1.000000000000000000 ) ) ;
#713 = DIRECTION ( 'NONE',  ( 0.000000000000000000, 0.000000000000000000, -1.000000000000000000 ) ) ;
#714 = ORIENTED_EDGE ( 'NONE', *, *, #1324, .T. ) ;
#715 = DIRECTION ( 'NONE',  ( 0.000000000000000000, -1.000000000000000000, 0.000000000000000000 ) ) ;
#716 = ORIENTED_EDGE ( 'NONE', *, *, #1696, .T. ) ;
#717 = LINE ( 'NONE', #2672, #2019 ) ;
#718 = CYLINDRICAL_SURFACE ( 'NONE', #1350, 1.999999999999999112 ) ;
#719 = ADVANCED_FACE ( 'NONE', ( #1457 ), #224, .F. ) ;
#720 = DIRECTION ( 'NONE',  ( 1.000000000000000000, -0.000000000000000000, 0.000000000000000000 ) ) ;
#721 = VERTEX_POINT ( 'NONE', #1664 ) ;
#722 = DIRECTION ( 'NONE',  ( 0.000000000000000000, -0.000000000000000000, -1.000000000000000000 ) ) ;
#723 = DIRECTION ( 'NONE',  ( 0.000000000000000000, -1.000000000000000000, 0.000000000000000000 ) ) ;
#724 = DIRECTION ( 'NONE',  ( -1.000000000000000000, 0.000000000000000000, 0.000000000000000000 ) ) ;
#725 = CARTESIAN_POINT ( 'NONE',  ( -28.99999999999999645, 1.000000000000000000, 6.399999860745174907 ) ) ;
#726 = VERTEX_POINT ( 'NONE', #2613 ) ;
#727 = DIRECTION ( 'NONE',  ( 0.000000000000000000, 0.03489949670250117042, -0.9993908270190957621 ) ) ;
#728 = DIRECTION ( 'NONE',  ( -3.464698462101725384E-15, 0.000000000000000000, -1.000000000000000000 ) ) ;
#729 = EDGE_CURVE ( 'NONE', #1417, #2352, #1218, .T. ) ;
#730 = FACE_OUTER_BOUND ( 'NONE', #2631, .T. ) ;
#731 = VERTEX_POINT ( 'NONE', #3108 ) ;
#732 = CARTESIAN_POINT ( 'NONE',  ( -0.3175000000000017808, -4.000000000000000000, -4.762499999999999289 ) ) ;
#733 = CARTESIAN_POINT ( 'NONE',  ( 25.71750000000000114, -4.000000000000000000, -0.3174999999999983391 ) ) ;
#734 = DIRECTION ( 'NONE',  ( -1.000000000000000000, -0.000000000000000000, 0.000000000000000000 ) ) ;
#735 = AXIS2_PLACEMENT_3D ( 'NONE', #580, #1345, #1824 ) ;
#736 = VECTOR ( 'NONE', #1545, 1000.000000000000000 ) ;
#737 = ORIENTED_EDGE ( 'NONE', *, *, #1518, .F. ) ;
#738 = DIRECTION ( 'NONE',  ( 0.000000000000000000, -1.000000000000000000, 0.000000000000000000 ) ) ;
#739 = ORIENTED_EDGE ( 'NONE', *, *, #2627, .T. ) ;
#740 = DIRECTION ( 'NONE',  ( -1.000000000000000000, 0.000000000000000000, 0.000000000000000000 ) ) ;
#741 =( GEOMETRIC_REPRESENTATION_CONTEXT ( 3 ) GLOBAL_UNCERTAINTY_ASSIGNED_CONTEXT ( ( #1042 ) ) GLOBAL_UNIT_ASSIGNED_CONTEXT ( ( #2653, #2412, #2894 ) ) REPRESENTATION_CONTEXT ( 'NONE', 'WORKASPACE' ) );
#742 = DIRECTION ( 'NONE',  ( -0.000000000000000000, -1.000000000000000000, -0.000000000000000000 ) ) ;
#743 = ORIENTED_EDGE ( 'NONE', *, *, #1993, .T. ) ;
#744 = VECTOR ( 'NONE', #423, 1000.000000000000000 ) ;
#745 = FACE_OUTER_BOUND ( 'NONE', #1934, .T. ) ;
#746 = CARTESIAN_POINT ( 'NONE',  ( -28.63147424481934777, 0.000000000000000000, 6.899999999999998579 ) ) ;
#747 = CARTESIAN_POINT ( 'NONE',  ( 2.899999999999999467, 2.500000000000000000, 6.865079230508256636 ) ) ;
#748 = EDGE_LOOP ( 'NONE', ( #1710, #378, #228, #3086 ) ) ;
#749 = EDGE_CURVE ( 'NONE', #2299, #1728, #2131, .T. ) ;
#750 = EDGE_CURVE ( 'NONE', #721, #2910, #2146, .T. ) ;
#751 = CARTESIAN_POINT ( 'NONE',  ( -28.50068526740548691, 0.000000000000000000, -6.899999999999998579 ) ) ;
#752 = EDGE_CURVE ( 'NONE', #1957, #1506, #1972, .T. ) ;
#753 = ORIENTED_EDGE ( 'NONE', *, *, #2555, .F. ) ;
#754 = FACE_OUTER_BOUND ( 'NONE', #2858, .T. ) ;
#755 = VECTOR ( 'NONE', #307, 1000.000000000000000 ) ;
#756 = CYLINDRICAL_SURFACE ( 'NONE', #2628, 2.899999999999999467 ) ;
#757 = ORIENTED_EDGE ( 'NONE', *, *, #2259, .F. ) ;
#758 = CARTESIAN_POINT ( 'NONE',  ( 0.000000000000000000, 1.000000000000000000, 0.000000000000000000 ) ) ;
#759 = CARTESIAN_POINT ( 'NONE',  ( 0.000000000000000000, 1.000000000000000000, 4.711312818245939837 ) ) ;
#760 = ORIENTED_EDGE ( 'NONE', *, *, #1502, .T. ) ;
#761 = LINE ( 'NONE', #1705, #825 ) ;
#762 = DIRECTION ( 'NONE',  ( 0.01744177813809450958, 0.9992388003036508648, 0.03489418781261442726 ) ) ;
#763 = ADVANCED_FACE ( 'NONE', ( #2161 ), #235, .F. ) ;
#764 = ORIENTED_EDGE ( 'NONE', *, *, #363, .F. ) ;
#765 = PLANE ( 'NONE',  #2230 ) ;
#766 = EDGE_LOOP ( 'NONE', ( #1138, #1363, #2447, #359 ) ) ;
#767 = LINE ( 'NONE', #1239, #1540 ) ;
#768 = FILL_AREA_STYLE ('',( #2918 ) ) ;
#769 = EDGE_CURVE ( 'NONE', #2585, #2725, #2630, .T. ) ;
#770 = LINE ( 'NONE', #1227, #1058 ) ;
#771 = ORIENTED_EDGE ( 'NONE', *, *, #465, .F. ) ;
#772 = CARTESIAN_POINT ( 'NONE',  ( 28.50068526740548691, 0.000000000000000000, 6.899999999999998579 ) ) ;
#773 = DIRECTION ( 'NONE',  ( 0.000000000000000000, 1.000000000000000000, -0.000000000000000000 ) ) ;
#774 = DIRECTION ( 'NONE',  ( 0.000000000000000000, 1.000000000000000000, 0.000000000000000000 ) ) ;
#775 = CARTESIAN_POINT ( 'NONE',  ( -28.99999999999999645, 1.000000000000000000, -6.399999860745174907 ) ) ;
#776 = B_SPLINE_CURVE_WITH_KNOTS ( 'NONE', 3,
 ( #1097, #1065, #2980, #797, #1331, #2262 ),
 .UNSPECIFIED., .F., .F.,
 ( 4, 2, 4 ),
 ( 3.576224061345498009E-18, 0.0003900902649455837562, 0.0007801805298911639345 ),
 .UNSPECIFIED. ) ;
#777 = VECTOR ( 'NONE', #96, 1000.000000000000000 ) ;
#778 = AXIS2_PLACEMENT_3D ( 'NONE', #517, #2218, #1988 ) ;
#779 = LINE ( 'NONE', #2900, #2771 ) ;
#780 = EDGE_CURVE ( 'NONE', #1443, #511, #2899, .T. ) ;
#781 = FILL_AREA_STYLE ('',( #2419 ) ) ;
#782 = DIRECTION ( 'NONE',  ( 0.000000000000000000, 0.000000000000000000, 1.000000000000000000 ) ) ;
#783 = VECTOR ( 'NONE', #1558, 1000.000000000000000 ) ;
#784 = AXIS2_PLACEMENT_3D ( 'NONE', #1408, #2346, #214 ) ;
#785 = EDGE_LOOP ( 'NONE', ( #187, #468, #1208, #1743 ) ) ;
#786 = AXIS2_PLACEMENT_3D ( 'NONE', #344, #1322, #2253 ) ;
#787 = CARTESIAN_POINT ( 'NONE',  ( -29.70473129879543706, 16.90031339145917144, -5.821120370180696391 ) ) ;
#788 = CARTESIAN_POINT ( 'NONE',  ( 2.899999999999999911, 1.000000000000000000, -7.899999999999999467 ) ) ;
#789 = DIRECTION ( 'NONE',  ( 1.000000000000000000, 0.000000000000000000, -0.000000000000000000 ) ) ;
#790 = AXIS2_PLACEMENT_3D ( 'NONE', #558, #90, #1735 ) ;
#791 = ORIENTED_EDGE ( 'NONE', *, *, #1052, .T. ) ;
#792 = CARTESIAN_POINT ( 'NONE',  ( 28.50068526740548691, 1.000000000000000000, 6.899999999999998579 ) ) ;
#793 = DIRECTION ( 'NONE',  ( -0.000000000000000000, 1.000000000000000000, 0.000000000000000000 ) ) ;
#794 = CIRCLE ( 'NONE', #3090, 1.999999999999999112 ) ;
#795 = CARTESIAN_POINT ( 'NONE',  ( -2.899999999999999911, 1.000000000000000000, -7.899999999999999467 ) ) ;
#796 = CIRCLE ( 'NONE', #649, 2.899999999999999911 ) ;
#797 = CARTESIAN_POINT ( 'NONE',  ( 28.94605939899263802, 1.000000000000000000, 6.661316627484001884 ) ) ;
#798 = EDGE_CURVE ( 'NONE', #1555, #1147, #3027, .T. ) ;
#799 = VERTEX_POINT ( 'NONE', #1718 ) ;
#800 = PLANE ( 'NONE',  #2016 ) ;
#801 = LINE ( 'NONE', #554, #755 ) ;
#802 = DIRECTION ( 'NONE',  ( 0.000000000000000000, -0.000000000000000000, 1.000000000000000000 ) ) ;
#803 = CARTESIAN_POINT ( 'NONE',  ( -29.70473129879543706, 16.91219971696953905, -5.815926374011389122 ) ) ;
#804 = CLOSED_SHELL ( 'NONE', ( #1452, #1193, #2510, #1919, #2658, #320, #405 ) ) ;
#805 = EDGE_CURVE ( 'NONE', #2175, #606, #2446, .T. ) ;
#806 = CARTESIAN_POINT ( 'NONE',  ( 2.899999999999999911, 1.000000000000000000, -6.865079230508256636 ) ) ;
#807 = EDGE_LOOP ( 'NONE', ( #1595, #1465, #981, #305 ) ) ;
#808 = CARTESIAN_POINT ( 'NONE',  ( 0.3174999999999982281, 1.000000000000000000, -4.762500000000002842 ) ) ;
#809 = LINE ( 'NONE', #1493, #57 ) ;
#810 = FACE_OUTER_BOUND ( 'NONE', #111, .T. ) ;
#811 = CARTESIAN_POINT ( 'NONE',  ( -28.50068526740548691, 0.5000000000000000000, -6.899999999999998579 ) ) ;
#812 = CARTESIAN_POINT ( 'NONE',  ( 18.00000000000000355, 2.500000000000000000, 4.408728476930470856E-15 ) ) ;
#813 = VERTEX_POINT ( 'NONE', #64 ) ;
#814 = LINE ( 'NONE', #623, #424 ) ;
#815 = FACE_OUTER_BOUND ( 'NONE', #1621, .T. ) ;
#816 = CARTESIAN_POINT ( 'NONE',  ( -25.08249999999999957, 1.000000000000000000, 0.3175000000000017808 ) ) ;
#817 = ORIENTED_EDGE ( 'NONE', *, *, #379, .T. ) ;
#818 = DIRECTION ( 'NONE',  ( -0.000000000000000000, -1.000000000000000000, -0.000000000000000000 ) ) ;
#819 = DIRECTION ( 'NONE',  ( -0.000000000000000000, -1.000000000000000000, -0.000000000000000000 ) ) ;
#820 = ADVANCED_FACE ( 'NONE', ( #2463 ), #284, .F. ) ;
#821 = CARTESIAN_POINT ( 'NONE',  ( 27.99999999999999645, 0.000000000000000000, 7.900000000000002132 ) ) ;
#822 = CARTESIAN_POINT ( 'NONE',  ( -30.00000000000000000, 0.000000000000000000, 6.899999999999996803 ) ) ;
#823 =( NAMED_UNIT ( * ) SI_UNIT ( $, .STERADIAN. ) SOLID_ANGLE_UNIT ( ) );
#824 = CARTESIAN_POINT ( 'NONE',  ( -27.99999999999999645, 0.000000000000000000, -7.899999999999999467 ) ) ;
#825 = VECTOR ( 'NONE', #283, 1000.000000000000000 ) ;
#826 = ORIENTED_EDGE ( 'NONE', *, *, #2339, .T. ) ;
#827 = CARTESIAN_POINT ( 'NONE',  ( 28.63147424481934777, 1.000000000000000000, -6.899999999999998579 ) ) ;
#828 = VERTEX_POINT ( 'NONE', #1738 ) ;
#829 = DIRECTION ( 'NONE',  ( -0.000000000000000000, -1.000000000000000000, -0.000000000000000000 ) ) ;
#830 =( GEOMETRIC_REPRESENTATION_CONTEXT ( 3 ) GLOBAL_UNCERTAINTY_ASSIGNED_CONTEXT ( ( #62 ) ) GLOBAL_UNIT_ASSIGNED_CONTEXT ( ( #2156, #2892, #1471 ) ) REPRESENTATION_CONTEXT ( 'NONE', 'WORKASPACE' ) );
#831 = ORIENTED_EDGE ( 'NONE', *, *, #937, .F. ) ;
#832 = VECTOR ( 'NONE', #774, 1000.000000000000000 ) ;
#833 = EDGE_LOOP ( 'NONE', ( #1681, #1852, #2282, #2456 ) ) ;
#834 = VECTOR ( 'NONE', #2693, 1000.000000000000000 ) ;
#835 = CARTESIAN_POINT ( 'NONE',  ( -25.08249999999999957, -4.000000000000000000, 0.3175000000000017808 ) ) ;
#836 = DIRECTION ( 'NONE',  ( 1.000000000000000000, 0.000000000000000000, 0.000000000000000000 ) ) ;
#837 = CIRCLE ( 'NONE', #790, 2.899999999999999911 ) ;
#838 = EDGE_CURVE ( 'NONE', #3020, #1888, #1969, .T. ) ;
#839 = EDGE_CURVE ( 'NONE', #635, #799, #299, .T. ) ;
#840 = CARTESIAN_POINT ( 'NONE',  ( 0.000000000000000000, -4.000000000000000000, 0.000000000000000000 ) ) ;
#841 = ORIENTED_EDGE ( 'NONE', *, *, #1052, .F. ) ;
#842 = PLANE ( 'NONE',  #2920 ) ;
#843 = CARTESIAN_POINT ( 'NONE',  ( 29.70473129879543706, 16.91219971696954261, 5.808924679141346914 ) ) ;
#844 = DIRECTION ( 'NONE',  ( -0.01744177813809451652, 0.9992388003036511979, -0.03489418781260737734 ) ) ;
#845 = DIRECTION ( 'NONE',  ( 1.000000000000000000, -0.000000000000000000, 0.000000000000000000 ) ) ;
#846 = SURFACE_SIDE_STYLE ('',( #2502 ) ) ;
#847 = DIRECTION ( 'NONE',  ( 0.000000000000000000, -0.000000000000000000, 1.000000000000000000 ) ) ;
#848 = ORIENTED_EDGE ( 'NONE', *, *, #729, .T. ) ;
#849 = PLANE ( 'NONE',  #637 ) ;
#850 = DIRECTION ( 'NONE',  ( -0.000000000000000000, 0.000000000000000000, -1.000000000000000000 ) ) ;
#851 = LINE ( 'NONE', #1796, #2313 ) ;
#852 = DIRECTION ( 'NONE',  ( 0.000000000000000000, 1.000000000000000000, 0.000000000000000000 ) ) ;
#853 = CIRCLE ( 'NONE', #999, 2.899999999999999911 ) ;
#854 = VERTEX_POINT ( 'NONE', #2281 ) ;
#855 = ADVANCED_FACE ( 'NONE', ( #3054 ), #1844, .F. ) ;
#856 = CARTESIAN_POINT ( 'NONE',  ( 29.07780460190163296, 16.93853263071035897, -7.308429676255462581 ) ) ;
#857 = DIRECTION ( 'NONE',  ( 0.000000000000000000, 0.000000000000000000, -1.000000000000000000 ) ) ;
#858 = EDGE_CURVE ( 'NONE', #828, #1285, #2048, .T. ) ;
#859 = ORIENTED_EDGE ( 'NONE', *, *, #1804, .F. ) ;
#860 = B_SPLINE_SURFACE_WITH_KNOTS ( 'NONE', 3, 1, ( 
 ( #19, #258 ),
 ( #513, #746 ),
 ( #1690, #2170 ),
 ( #1005, #1255 ),
 ( #2664, #527 ),
 ( #33, #1036 ) ),
 .UNSPECIFIED., .F., .F., .F.,
 ( 4, 2, 4 ),
 ( 2, 2 ),
 ( 0.000000000000000000, 0.5000000000000000000, 1.000000000000000000 ),
 ( 0.000000000000000000, 1.000000000000000000 ),
 .UNSPECIFIED. ) ;
#861 = CARTESIAN_POINT ( 'NONE',  ( 28.50068526740548336, -8.673617379884035472E-16, -7.899999999999999467 ) ) ;
#862 = ORIENTED_EDGE ( 'NONE', *, *, #2863, .T. ) ;
#863 = LINE ( 'NONE', #570, #2083 ) ;
#864 =( NAMED_UNIT ( * ) PLANE_ANGLE_UNIT ( ) SI_UNIT ( $, .RADIAN. ) );
#865 = FACE_BOUND ( 'NONE', #890, .T. ) ;
#866 = ORIENTED_EDGE ( 'NONE', *, *, #1980, .F. ) ;
#867 = DIRECTION ( 'NONE',  ( 1.000000000000000000, 0.000000000000000000, 0.000000000000000000 ) ) ;
#868 = FACE_OUTER_BOUND ( 'NONE', #669, .T. ) ;
#869 = ADVANCED_FACE ( 'NONE', ( #598 ), #2764, .F. ) ;
#870 = LINE ( 'NONE', #1808, #565 ) ;
#871 = EDGE_LOOP ( 'NONE', ( #743, #2111, #2995, #1667 ) ) ;
#872 = ORIENTED_EDGE ( 'NONE', *, *, #1980, .T. ) ;
#873 = CARTESIAN_POINT ( 'NONE',  ( -30.00000000000000000, -3.023363063700531643E-17, 6.399999860745174907 ) ) ;
#874 = DIRECTION ( 'NONE',  ( -0.01744177813809451652, -0.9992388003036511979, 0.03489418781260737734 ) ) ;
#875 = EDGE_CURVE ( 'NONE', #828, #2067, #2062, .T. ) ;
#876 = DIRECTION ( 'NONE',  ( 0.000000000000000000, 0.000000000000000000, -1.000000000000000000 ) ) ;
#877 = ORIENTED_EDGE ( 'NONE', *, *, #1289, .F. ) ;
#878 = CARTESIAN_POINT ( 'NONE',  ( 29.07780460190163296, 18.39999999999999858, 5.808924679141298064 ) ) ;
#879 = CARTESIAN_POINT ( 'NONE',  ( 0.000000000000000000, 2.500000000000000444, 4.711312818245939837 ) ) ;
#880 = DIRECTION ( 'NONE',  ( 0.000000000000000000, 0.000000000000000000, -1.000000000000000000 ) ) ;
#881 = CARTESIAN_POINT ( 'NONE',  ( -2.899999999999999467, 2.500000000000000000, -6.865079230508256636 ) ) ;
#882 = CARTESIAN_POINT ( 'NONE',  ( 27.99999999999999645, -7.228014483236695816E-17, 7.899999999999999467 ) ) ;
#883 = EDGE_CURVE ( 'NONE', #2725, #1382, #3022, .T. ) ;
#884 = ORIENTED_EDGE ( 'NONE', *, *, #1654, .T. ) ;
#885 = FACE_OUTER_BOUND ( 'NONE', #180, .T. ) ;
#886 = COLOUR_RGB ( '',0.7529411764705882248, 0.7529411764705882248, 0.7529411764705882248 ) ;
#887 = DIRECTION ( 'NONE',  ( 1.000000000000000000, 0.000000000000000000, 0.000000000000000000 ) ) ;
#888 = VECTOR ( 'NONE', #1087, 1000.000000000000000 ) ;
#889 = AXIS2_PLACEMENT_3D ( 'NONE', #1433, #3052, #416 ) ;
#890 = EDGE_LOOP ( 'NONE', ( #1038, #2008, #1649, #1281, #401 ) ) ;
#891 = CARTESIAN_POINT ( 'NONE',  ( -25.08249999999999957, -4.000000000000000000, 0.000000000000000000 ) ) ;
#892 = VECTOR ( 'NONE', #1944, 1000.000000000000000 ) ;
#893 = VECTOR ( 'NONE', #2648, 1000.000000000000114 ) ;
#894 = VECTOR ( 'NONE', #1257, 1000.000000000000000 ) ;
#895 = CARTESIAN_POINT ( 'NONE',  ( 29.70473129879543706, 16.90031339145917144, -5.821120370180696391 ) ) ;
#896 = EDGE_LOOP ( 'NONE', ( #312, #1503, #2452, #2509 ) ) ;
#897 = CARTESIAN_POINT ( 'NONE',  ( 29.70473129879543706, 16.90031339145917144, 5.821120370180822512 ) ) ;
#898 = LINE ( 'NONE', #3076, #252 ) ;
#899 = EDGE_CURVE ( 'NONE', #969, #2660, #651, .T. ) ;
#900 = AXIS2_PLACEMENT_3D ( 'NONE', #1853, #2581, #1204 ) ;
#901 = VERTEX_POINT ( 'NONE', #2655 ) ;
#902 = DIRECTION ( 'NONE',  ( -5.463695987328525648E-15, 0.000000000000000000, 1.000000000000000000 ) ) ;
#903 =( NAMED_UNIT ( * ) PLANE_ANGLE_UNIT ( ) SI_UNIT ( $, .RADIAN. ) );
#904 = EDGE_CURVE ( 'NONE', #1902, #271, #1077, .T. ) ;
#905 = LINE ( 'NONE', #2306, #1520 ) ;
#906 = ORIENTED_EDGE ( 'NONE', *, *, #2788, .T. ) ;
#907 = ORIENTED_EDGE ( 'NONE', *, *, #2949, .F. ) ;
#908 = ORIENTED_EDGE ( 'NONE', *, *, #1759, .T. ) ;
#909 = VECTOR ( 'NONE', #2592, 1000.000000000000000 ) ;
#910 = DIRECTION ( 'NONE',  ( 1.000000000000000000, 0.000000000000000000, -0.000000000000000000 ) ) ;
#911 = ADVANCED_FACE ( 'NONE', ( #1039 ), #1344, .F. ) ;
#912 = ORIENTED_EDGE ( 'NONE', *, *, #333, .F. ) ;
#913 = FACE_OUTER_BOUND ( 'NONE', #451, .T. ) ;
#914 = ORIENTED_EDGE ( 'NONE', *, *, #858, .T. ) ;
#915 = DIRECTION ( 'NONE',  ( 0.000000000000000000, -0.000000000000000000, 1.000000000000000000 ) ) ;
#916 = FACE_OUTER_BOUND ( 'NONE', #2072, .T. ) ;
#917 = VERTEX_POINT ( 'NONE', #808 ) ;
#918 = EDGE_CURVE ( 'NONE', #2241, #1008, #837, .T. ) ;
#919 = DIRECTION ( 'NONE',  ( 0.000000000000000000, 0.000000000000000000, -1.000000000000000000 ) ) ;
#920 = ORIENTED_EDGE ( 'NONE', *, *, #752, .T. ) ;
#921 = CARTESIAN_POINT ( 'NONE',  ( 0.000000000000000000, 2.500000000000000000, -4.711312818245939837 ) ) ;
#922 = ORIENTED_EDGE ( 'NONE', *, *, #839, .F. ) ;
#923 = DIRECTION ( 'NONE',  ( 0.000000000000000000, 1.000000000000000000, 0.000000000000000000 ) ) ;
#924 = DIRECTION ( 'NONE',  ( 1.000000000000000000, 0.000000000000000000, 0.000000000000000000 ) ) ;
#925 = ORIENTED_EDGE ( 'NONE', *, *, #547, .T. ) ;
#926 = CARTESIAN_POINT ( 'NONE',  ( 2.899999999999999467, 2.500000000000000444, -6.865079230508256636 ) ) ;
#927 = DIRECTION ( 'NONE',  ( -1.000000000000000000, -0.000000000000000000, 0.000000000000000000 ) ) ;
#928 = CARTESIAN_POINT ( 'NONE',  ( -0.3175000000000017808, 1.000000000000000000, 4.762499999999999289 ) ) ;
#929 = LINE ( 'NONE', #1207, #1340 ) ;
#930 = ORIENTED_EDGE ( 'NONE', *, *, #1436, .F. ) ;
#931 = ORIENTED_EDGE ( 'NONE', *, *, #2387, .T. ) ;
#932 = AXIS2_PLACEMENT_3D ( 'NONE', #1206, #2584, #2141 ) ;
#933 = ORIENTED_EDGE ( 'NONE', *, *, #1436, .T. ) ;
#934 = CARTESIAN_POINT ( 'NONE',  ( -29.67983743633278237, 18.34210098810036271, -5.759479580145362654 ) ) ;
#935 = STYLED_ITEM ( 'NONE', ( #2287 ), #1648 ) ;
#936 = AXIS2_PLACEMENT_3D ( 'NONE', #1153, #2108, #173 ) ;
#937 = EDGE_CURVE ( 'NONE', #1258, #813, #1302, .T. ) ;
#938 = VECTOR ( 'NONE', #2401, 1000.000000000000000 ) ;
#939 = STYLED_ITEM ( 'NONE', ( #992 ), #577 ) ;
#940 = EDGE_CURVE ( 'NONE', #2765, #2610, #2458, .T. ) ;
#941 = AXIS2_PLACEMENT_3D ( 'NONE', #1915, #1485, #1933 ) ;
#942 = VECTOR ( 'NONE', #1462, 1000.000000000000000 ) ;
#943 = CARTESIAN_POINT ( 'NONE',  ( 28.50068526740549046, 2.414213562373100253, 6.899999999999996803 ) ) ;
#944 = VERTEX_POINT ( 'NONE', #2954 ) ;
#945 = CARTESIAN_POINT ( 'NONE',  ( 28.20478091064725135, 18.40000000000036451, -6.669808774359188064 ) ) ;
#946 =( LENGTH_UNIT ( ) NAMED_UNIT ( * ) SI_UNIT ( .MILLI., .METRE. ) );
#947 = CARTESIAN_POINT ( 'NONE',  ( 0.000000000000000000, 2.500000000000000444, -1.811312818245940370 ) ) ;
#948 = DIRECTION ( 'NONE',  ( 0.000000000000000000, 1.000000000000000000, 0.000000000000000000 ) ) ;
#949 = VECTOR ( 'NONE', #2802, 1000.000000000000000 ) ;
#950 = DIRECTION ( 'NONE',  ( 0.01744177813809450958, -0.9992388003036508648, -0.03489418781261442726 ) ) ;
#951 = ORIENTED_EDGE ( 'NONE', *, *, #2066, .F. ) ;
#952 = CARTESIAN_POINT ( 'NONE',  ( 18.00000000000000355, 2.500000000000000000, 4.408728476930470856E-15 ) ) ;
#953 = CARTESIAN_POINT ( 'NONE',  ( -27.99999999999999645, 1.000000000000000000, 7.865079230508260189 ) ) ;
#954 = DIRECTION ( 'NONE',  ( -0.01745240643728354635, 0.9998476951563911586, 0.000000000000000000 ) ) ;
#955 = DIRECTION ( 'NONE',  ( 0.000000000000000000, 0.000000000000000000, 1.000000000000000000 ) ) ;
#956 = CARTESIAN_POINT ( 'NONE',  ( -18.00000000000000355, 2.500000000000000000, 0.000000000000000000 ) ) ;
#957 = ORIENTED_EDGE ( 'NONE', *, *, #3078, .T. ) ;
#958 = CARTESIAN_POINT ( 'NONE',  ( 18.00000000000000355, -6.692889895852577986, 4.391018798566292958E-15 ) ) ;
#959 = VECTOR ( 'NONE', #1702, 1000.000000000000000 ) ;
#960 = VERTEX_POINT ( 'NONE', #578 ) ;
#961 = LINE ( 'NONE', #2082, #167 ) ;
#962 = CARTESIAN_POINT ( 'NONE',  ( 25.71750000000000114, 1.000000000000000000, 0.3175000000000017808 ) ) ;
#963 = ORIENTED_EDGE ( 'NONE', *, *, #339, .F. ) ;
#964 = EDGE_CURVE ( 'NONE', #2910, #2227, #296, .T. ) ;
#965 = AXIS2_PLACEMENT_3D ( 'NONE', #1616, #1639, #610 ) ;
#966 = ORIENTED_EDGE ( 'NONE', *, *, #2149, .F. ) ;
#967 = EDGE_CURVE ( 'NONE', #632, #417, #1966, .T. ) ;
#968 = FACE_OUTER_BOUND ( 'NONE', #2574, .T. ) ;
#969 = VERTEX_POINT ( 'NONE', #121 ) ;
#970 = LINE ( 'NONE', #1903, #1249 ) ;
#971 = CARTESIAN_POINT ( 'NONE',  ( -27.99999999999999645, 1.000000000000000000, -7.899999999999999467 ) ) ;
#972 = DIRECTION ( 'NONE',  ( -0.01744177813809450958, -0.9992388003036508648, -0.03489418781261442726 ) ) ;
#973 = CARTESIAN_POINT ( 'NONE',  ( 25.71750000000000114, 1.000000000000000000, 0.000000000000000000 ) ) ;
#974 = ORIENTED_EDGE ( 'NONE', *, *, #1637, .F. ) ;
#975 = EDGE_CURVE ( 'NONE', #1417, #1054, #1591, .T. ) ;
#976 = CARTESIAN_POINT ( 'NONE',  ( -18.00000000000000355, 2.500000000000000000, -1.999999999999999112 ) ) ;
#977 = ORIENTED_EDGE ( 'NONE', *, *, #386, .F. ) ;
#978 = PLANE ( 'NONE',  #2272 ) ;
#979 = ORIENTED_EDGE ( 'NONE', *, *, #1726, .T. ) ;
#980 = DIRECTION ( 'NONE',  ( 0.000000000000000000, 1.000000000000000000, 0.000000000000000000 ) ) ;
#981 = ORIENTED_EDGE ( 'NONE', *, *, #2242, .T. ) ;
#982 = SURFACE_SIDE_STYLE ('',( #2135 ) ) ;
#983 = FACE_OUTER_BOUND ( 'NONE', #2308, .T. ) ;
#984 = EDGE_CURVE ( 'NONE', #1907, #1228, #2074, .T. ) ;
#985 = EDGE_CURVE ( 'NONE', #1506, #1957, #1568, .T. ) ;
#986 = LINE ( 'NONE', #1686, #2117 ) ;
#987 = VERTEX_POINT ( 'NONE', #2028 ) ;
#988 = CARTESIAN_POINT ( 'NONE',  ( -2.899999999999999467, 2.500000000000000444, 6.865079230508256636 ) ) ;
#989 = CARTESIAN_POINT ( 'NONE',  ( -27.99999999999999645, -4.021336305802688880E-17, 7.900000000000002132 ) ) ;
#990 =( NAMED_UNIT ( * ) SI_UNIT ( $, .STERADIAN. ) SOLID_ANGLE_UNIT ( ) );
#991 = DIRECTION ( 'NONE',  ( 0.000000000000000000, 0.000000000000000000, -1.000000000000000000 ) ) ;
#992 = PRESENTATION_STYLE_ASSIGNMENT (( #2172 ) ) ;
#993 = ADVANCED_FACE ( 'NONE', ( #885 ), #849, .F. ) ;
#994 = ORIENTED_EDGE ( 'NONE', *, *, #2244, .T. ) ;
#995 = CARTESIAN_POINT ( 'NONE',  ( -28.99999999999999645, 0.000000000000000000, -6.399999860745174907 ) ) ;
#996 = VECTOR ( 'NONE', #836, 1000.000000000000000 ) ;
#997 = CARTESIAN_POINT ( 'NONE',  ( 27.99999999999999645, 18.39999999999999858, -7.257457841351840244 ) ) ;
#998 = VECTOR ( 'NONE', #1963, 1000.000000000000000 ) ;
#999 = AXIS2_PLACEMENT_3D ( 'NONE', #2026, #1338, #1356 ) ;
#1000 = ORIENTED_EDGE ( 'NONE', *, *, #2280, .T. ) ;
#1001 = CARTESIAN_POINT ( 'NONE',  ( -29.98254493507177898, 1.000000000000000000, 5.899999999999998579 ) ) ;
#1002 = EDGE_LOOP ( 'NONE', ( #1607, #1290, #1426, #966, #2688, #1454, #2147, #1603 ) ) ;
#1003 = COLOUR_RGB ( '',0.5019607843137254832, 0.5019607843137254832, 0.5019607843137254832 ) ;
#1004 = CARTESIAN_POINT ( 'NONE',  ( -28.20478091064726200, 18.39999999999999858, -5.808924679140733183 ) ) ;
#1005 = CARTESIAN_POINT ( 'NONE',  ( -28.94605939899263802, 1.000000000000000000, 6.661316627484001884 ) ) ;
#1006 = CARTESIAN_POINT ( 'NONE',  ( -25.71750000000000114, 1.000000000000000000, -0.3174999999999983391 ) ) ;
#1007 = DIRECTION ( 'NONE',  ( -1.000000000000000000, -0.000000000000000000, -0.000000000000000000 ) ) ;
#1008 = VERTEX_POINT ( 'NONE', #138 ) ;
#1009 = EDGE_CURVE ( 'NONE', #3105, #2932, #659, .T. ) ;
#1010 = LINE ( 'NONE', #2415, #938 ) ;
#1011 = CARTESIAN_POINT ( 'NONE',  ( -28.50068526740548691, 1.000000000000000000, -6.899999999999998579 ) ) ;
#1012 = AXIS2_PLACEMENT_3D ( 'NONE', #1500, #499, #541 ) ;
#1013 = LINE ( 'NONE', #63, #2819 ) ;
#1014 = CARTESIAN_POINT ( 'NONE',  ( -25.71750000000000114, -4.000000000000000000, -0.3174999999999983391 ) ) ;
#1015 = ORIENTED_EDGE ( 'NONE', *, *, #3010, .T. ) ;
#1016 = CARTESIAN_POINT ( 'NONE',  ( -29.98254493507177898, 1.000000000000000000, -7.899999999999999467 ) ) ;
#1017 =( NAMED_UNIT ( * ) SI_UNIT ( $, .STERADIAN. ) SOLID_ANGLE_UNIT ( ) );
#1018 = CARTESIAN_POINT ( 'NONE',  ( -27.99999999999999645, 1.000000000000000000, -7.899999999999999467 ) ) ;
#1019 = LINE ( 'NONE', #1665, #1214 ) ;
#1020 = VECTOR ( 'NONE', #950, 1000.000000000000000 ) ;
#1021 = DIRECTION ( 'NONE',  ( -0.000000000000000000, -1.000000000000000000, -0.000000000000000000 ) ) ;
#1022 = VERTEX_POINT ( 'NONE', #2256 ) ;
#1023 = CARTESIAN_POINT ( 'NONE',  ( -29.69763087083476805, 17.78519453334274303, -6.316957942426943973 ) ) ;
#1024 = LINE ( 'NONE', #542, #998 ) ;
#1025 = PLANE ( 'NONE',  #1680 ) ;
#1026 = ORIENTED_EDGE ( 'NONE', *, *, #2607, .T. ) ;
#1027 = CARTESIAN_POINT ( 'NONE',  ( 28.63147424481934777, 0.000000000000000000, 6.899999999999998579 ) ) ;
#1028 = CARTESIAN_POINT ( 'NONE',  ( 0.000000000000000000, 2.500000000000000000, -4.711312818245939837 ) ) ;
#1029 = EDGE_CURVE ( 'NONE', #2517, #960, #1794, .T. ) ;
#1030 = ORIENTED_EDGE ( 'NONE', *, *, #918, .T. ) ;
#1031 = FILL_AREA_STYLE ('',( #1199 ) ) ;
#1032 = DIRECTION ( 'NONE',  ( -1.000000000000000000, 0.000000000000000000, -0.000000000000000000 ) ) ;
#1033 = EDGE_LOOP ( 'NONE', ( #1347, #1998, #2842, #2916 ) ) ;
#1034 = CYLINDRICAL_SURFACE ( 'NONE', #965, 1.500000000000001332 ) ;
#1035 = DIRECTION ( 'NONE',  ( 0.000000000000000000, -1.000000000000000000, 0.000000000000000000 ) ) ;
#1036 = CARTESIAN_POINT ( 'NONE',  ( -28.99999999999999645, 0.000000000000000000, 6.399999860745174907 ) ) ;
#1037 = CARTESIAN_POINT ( 'NONE',  ( -2.899999999999999911, 2.500000000000000444, 4.711312818245939837 ) ) ;
#1038 = ORIENTED_EDGE ( 'NONE', *, *, #286, .F. ) ;
#1039 = FACE_OUTER_BOUND ( 'NONE', #1080, .T. ) ;
#1040 = FACE_OUTER_BOUND ( 'NONE', #2058, .T. ) ;
#1041 = VERTEX_POINT ( 'NONE', #2532 ) ;
#1042 = UNCERTAINTY_MEASURE_WITH_UNIT (LENGTH_MEASURE( 1.000000000000000082E-05 ), #2653, 'distance_accuracy_value', 'NONE');
#1043 = LINE ( 'NONE', #2461, #1871 ) ;
#1044 = DIRECTION ( 'NONE',  ( -1.000000000000000000, 0.000000000000000000, -0.000000000000000000 ) ) ;
#1045 = EDGE_CURVE ( 'NONE', #44, #3037, #2999, .T. ) ;
#1046 = ORIENTED_EDGE ( 'NONE', *, *, #1215, .T. ) ;
#1047 = AXIS2_PLACEMENT_3D ( 'NONE', #5, #1935, #802 ) ;
#1048 = ORIENTED_EDGE ( 'NONE', *, *, #1866, .T. ) ;
#1049 = VECTOR ( 'NONE', #2622, 1000.000000000000000 ) ;
#1050 =( NAMED_UNIT ( * ) PLANE_ANGLE_UNIT ( ) SI_UNIT ( $, .RADIAN. ) );
#1051 = PLANE ( 'NONE',  #2320 ) ;
#1052 = EDGE_CURVE ( 'NONE', #1995, #427, #2059, .T. ) ;
#1053 = CARTESIAN_POINT ( 'NONE',  ( 29.37907425696558406, 0.000000000000000000, -7.900000000000002132 ) ) ;
#1054 = VERTEX_POINT ( 'NONE', #627 ) ;
#1055 = CARTESIAN_POINT ( 'NONE',  ( 28.48288844489626825, 0.9672300336497501316, 6.365309266501196106 ) ) ;
#1056 = CARTESIAN_POINT ( 'NONE',  ( -2.899999999999999467, 2.500000000000000000, 6.865079230508256636 ) ) ;
#1057 = AXIS2_PLACEMENT_3D ( 'NONE', #1911, #1927, #3091 ) ;
#1058 = VECTOR ( 'NONE', #2685, 1000.000000000000114 ) ;
#1059 = VERTEX_POINT ( 'NONE', #1822 ) ;
#1060 = VECTOR ( 'NONE', #915, 1000.000000000000000 ) ;
#1061 = ORIENTED_EDGE ( 'NONE', *, *, #1556, .F. ) ;
#1062 = PLANE ( 'NONE',  #778 ) ;
#1063 = MECHANICAL_DESIGN_GEOMETRIC_PRESENTATION_REPRESENTATION (  '', ( #1733 ), #1932 ) ;
#1064 = VERTEX_POINT ( 'NONE', #2859 ) ;
#1065 = CARTESIAN_POINT ( 'NONE',  ( 28.63147424481934777, 1.000000000000000000, 6.899999999999998579 ) ) ;
#1066 = EDGE_CURVE ( 'NONE', #1374, #1548, #2619, .T. ) ;
#1067 = DIRECTION ( 'NONE',  ( -0.000000000000000000, -1.000000000000000000, -0.000000000000000000 ) ) ;
#1068 = VERTEX_POINT ( 'NONE', #483 ) ;
#1069 = DIRECTION ( 'NONE',  ( 1.000000000000000000, 0.000000000000000000, 3.464698462101725384E-15 ) ) ;
#1070 =( NAMED_UNIT ( * ) PLANE_ANGLE_UNIT ( ) SI_UNIT ( $, .RADIAN. ) );
#1071 = AXIS2_PLACEMENT_3D ( 'NONE', #1899, #724, #509 ) ;
#1072 = PLANE ( 'NONE',  #175 ) ;
#1073 = DIRECTION ( 'NONE',  ( -0.000000000000000000, -0.000000000000000000, -1.000000000000000000 ) ) ;
#1074 = EDGE_CURVE ( 'NONE', #417, #632, #2385, .T. ) ;
#1075 = LINE ( 'NONE', #76, #2017 ) ;
#1076 = ORIENTED_EDGE ( 'NONE', *, *, #1670, .T. ) ;
#1077 = LINE ( 'NONE', #2712, #2178 ) ;
#1078 = DIRECTION ( 'NONE',  ( -0.000000000000000000, -1.000000000000000000, -0.000000000000000000 ) ) ;
#1079 = DIRECTION ( 'NONE',  ( 1.000000000000000000, 0.000000000000000000, 5.463695987328525648E-15 ) ) ;
#1080 = EDGE_LOOP ( 'NONE', ( #66, #1734, #1630, #2200 ) ) ;
#1081 = EDGE_LOOP ( 'NONE', ( #1158, #1782, #3034, #1828 ) ) ;
#1082 = LINE ( 'NONE', #2495, #2332 ) ;
#1083 = ORIENTED_EDGE ( 'NONE', *, *, #1726, .F. ) ;
#1084 = CARTESIAN_POINT ( 'NONE',  ( -25.08249999999999957, -4.000000000000000000, 0.3175000000000017808 ) ) ;
#1085 = ORIENTED_EDGE ( 'NONE', *, *, #2093, .T. ) ;
#1086 = DIRECTION ( 'NONE',  ( 0.01744177813809451652, -0.9992388003036511979, 0.03489418781260737734 ) ) ;
#1087 = DIRECTION ( 'NONE',  ( 0.000000000000000000, 1.000000000000000000, 0.000000000000000000 ) ) ;
#1088 = ADVANCED_FACE ( 'NONE', ( #437 ), #1406, .T. ) ;
#1089 = LINE ( 'NONE', #1560, #2689 ) ;
#1090 = CARTESIAN_POINT ( 'NONE',  ( 28.63147424481934777, 0.000000000000000000, -6.899999999999998579 ) ) ;
#1091 = ORIENTED_EDGE ( 'NONE', *, *, #1722, .T. ) ;
#1092 = LINE ( 'NONE', #2733, #1522 ) ;
#1093 = ADVANCED_FACE ( 'NONE', ( #1175 ), #1688, .T. ) ;
#1094 = EDGE_LOOP ( 'NONE', ( #1554, #2405, #2154, #1693 ) ) ;
#1095 = DIRECTION ( 'NONE',  ( 0.000000000000000000, 0.000000000000000000, -1.000000000000000000 ) ) ;
#1096 = CARTESIAN_POINT ( 'NONE',  ( -28.50068526740549046, 1.000000000000000000, -6.899999999999999467 ) ) ;
#1097 = CARTESIAN_POINT ( 'NONE',  ( 28.50068526740549046, 1.000000000000000000, 6.899999999999996803 ) ) ;
#1098 = VECTOR ( 'NONE', #3018, 1000.000000000000000 ) ;
#1099 = DIRECTION ( 'NONE',  ( 1.000000000000000000, -0.000000000000000000, 0.000000000000000000 ) ) ;
#1100 = EDGE_LOOP ( 'NONE', ( #270, #1304, #2763, #1473, #2255, #2487, #1159, #1202 ) ) ;
#1101 = LINE ( 'NONE', #326, #202 ) ;
#1102 = FACE_OUTER_BOUND ( 'NONE', #2960, .T. ) ;
#1103 = VECTOR ( 'NONE', #2519, 1000.000000000000000 ) ;
#1104 = LINE ( 'NONE', #2514, #2194 ) ;
#1105 = VECTOR ( 'NONE', #316, 1000.000000000000000 ) ;
#1106 = EDGE_CURVE ( 'NONE', #2922, #1902, #1645, .T. ) ;
#1107 = FACE_OUTER_BOUND ( 'NONE', #184, .T. ) ;
#1108 = LINE ( 'NONE', #1762, #1098 ) ;
#1109 = AXIS2_PLACEMENT_3D ( 'NONE', #2051, #874, #2769 ) ;
#1110 = ADVANCED_FACE ( 'NONE', ( #1184 ), #452, .T. ) ;
#1111 = AXIS2_PLACEMENT_3D ( 'NONE', #812, #1115, #857 ) ;
#1112 = CARTESIAN_POINT ( 'NONE',  ( -28.20478091064726200, 16.95234924505374252, 7.308010919669991168 ) ) ;
#1113 = CARTESIAN_POINT ( 'NONE',  ( 29.69763087083477160, 17.78519453334279632, -6.316957942426902228 ) ) ;
#1114 = DIRECTION ( 'NONE',  ( -1.000000000000000000, 0.000000000000000000, 0.000000000000000000 ) ) ;
#1115 = DIRECTION ( 'NONE',  ( -0.000000000000000000, -1.000000000000000000, -0.000000000000000000 ) ) ;
#1116 = ORIENTED_EDGE ( 'NONE', *, *, #3093, .F. ) ;
#1117 = LINE ( 'NONE', #2965, #2064 ) ;
#1118 = CARTESIAN_POINT ( 'NONE',  ( -27.99999999999999645, 1.000000000000000000, -5.899999999999998579 ) ) ;
#1119 = LINE ( 'NONE', #2039, #525 ) ;
#1120 = DIRECTION ( 'NONE',  ( 0.000000000000000000, 0.000000000000000000, 1.000000000000000000 ) ) ;
#1121 = CARTESIAN_POINT ( 'NONE',  ( 27.99999999999999645, 1.000000000000000000, -7.899999999999999467 ) ) ;
#1122 = CARTESIAN_POINT ( 'NONE',  ( 2.899999999999999911, 2.500000000000000000, -4.711312818245939837 ) ) ;
#1123 = ORIENTED_EDGE ( 'NONE', *, *, #1578, .T. ) ;
#1124 = EDGE_LOOP ( 'NONE', ( #295, #546, #1723, #1123 ) ) ;
#1125 = EDGE_CURVE ( 'NONE', #1739, #944, #1868, .T. ) ;
#1126 = EDGE_CURVE ( 'NONE', #1323, #901, #2826, .T. ) ;
#1127 = CARTESIAN_POINT ( 'NONE',  ( 28.50068526740549757, 0.000000000000000000, 7.899999999999999467 ) ) ;
#1128 = CARTESIAN_POINT ( 'NONE',  ( 0.3174999999999982281, 1.000000000000000000, 5.397500000000002629 ) ) ;
#1129 = EDGE_CURVE ( 'NONE', #1582, #430, #2579, .T. ) ;
#1130 = EDGE_LOOP ( 'NONE', ( #143, #77, #2365, #419 ) ) ;
#1131 =( LENGTH_UNIT ( ) NAMED_UNIT ( * ) SI_UNIT ( .MILLI., .METRE. ) );
#1132 = DIRECTION ( 'NONE',  ( -1.000000000000000000, 0.000000000000000000, -3.464698462101725384E-15 ) ) ;
#1133 = ORIENTED_EDGE ( 'NONE', *, *, #1029, .F. ) ;
#1134 = CARTESIAN_POINT ( 'NONE',  ( 28.76123642113417844, 1.000000000000000000, -6.846224096541842385 ) ) ;
#1135 = CARTESIAN_POINT ( 'NONE',  ( 25.08249999999999957, -4.000000000000000000, -0.3174999999999983391 ) ) ;
#1136 = ORIENTED_EDGE ( 'NONE', *, *, #2607, .F. ) ;
#1137 = VERTEX_POINT ( 'NONE', #2595 ) ;
#1138 = ORIENTED_EDGE ( 'NONE', *, *, #2032, .F. ) ;
#1139 = EDGE_CURVE ( 'NONE', #511, #2852, #1224, .T. ) ;
#1140 = DIRECTION ( 'NONE',  ( 0.01744177813809442285, -0.9992388003036511979, 0.03489418781260736346 ) ) ;
#1141 = ORIENTED_EDGE ( 'NONE', *, *, #2783, .T. ) ;
#1142 = EDGE_CURVE ( 'NONE', #1531, #506, #1189, .T. ) ;
#1143 = CARTESIAN_POINT ( 'NONE',  ( -30.00000000000000000, 0.000000000000000000, -7.899999999999999467 ) ) ;
#1144 = LINE ( 'NONE', #1885, #2431 ) ;
#1145 = CIRCLE ( 'NONE', #310, 1.500000000000001332 ) ;
#1146 = ORIENTED_EDGE ( 'NONE', *, *, #624, .T. ) ;
#1147 = VERTEX_POINT ( 'NONE', #2397 ) ;
#1148 = DIRECTION ( 'NONE',  ( -0.000000000000000000, 0.000000000000000000, -1.000000000000000000 ) ) ;
#1149 = VECTOR ( 'NONE', #1342, 1000.000000000000000 ) ;
#1150 = CARTESIAN_POINT ( 'NONE',  ( -28.76123642113417844, 1.000000000000000000, -6.846224096541842385 ) ) ;
#1151 = AXIS2_PLACEMENT_3D ( 'NONE', #415, #2327, #1626 ) ;
#1152 = VECTOR ( 'NONE', #923, 1000.000000000000000 ) ;
#1153 = CARTESIAN_POINT ( 'NONE',  ( 0.3174999999999982281, -4.000000000000000000, -5.397500000000002629 ) ) ;
#1154 = EDGE_LOOP ( 'NONE', ( #1632, #2251, #1569, #884, #1897, #222, #2040, #1266 ) ) ;
#1155 = AXIS2_PLACEMENT_3D ( 'NONE', #3035, #2796, #3103 ) ;
#1156 = AXIS2_PLACEMENT_3D ( 'NONE', #2018, #602, #910 ) ;
#1157 = ORIENTED_EDGE ( 'NONE', *, *, #547, .F. ) ;
#1158 = ORIENTED_EDGE ( 'NONE', *, *, #390, .F. ) ;
#1159 = ORIENTED_EDGE ( 'NONE', *, *, #1176, .T. ) ;
#1160 = CARTESIAN_POINT ( 'NONE',  ( 28.20478091064725490, 18.40000000000002345, 6.669808774359628600 ) ) ;
#1161 = FILL_AREA_STYLE ('',( #2318 ) ) ;
#1162 = LINE ( 'NONE', #672, #1152 ) ;
#1163 = DIRECTION ( 'NONE',  ( -0.000000000000000000, -0.000000000000000000, 1.000000000000000000 ) ) ;
#1164 = EDGE_CURVE ( 'NONE', #2329, #2551, #2603, .T. ) ;
#1165 = PRESENTATION_LAYER_ASSIGNMENT (  '', '', ( #2441 ) ) ;
#1166 = ORIENTED_EDGE ( 'NONE', *, *, #1596, .T. ) ;
#1167 = DIRECTION ( 'NONE',  ( 1.000000000000000000, -0.000000000000000000, 0.000000000000000000 ) ) ;
#1168 = FACE_OUTER_BOUND ( 'NONE', #2833, .T. ) ;
#1169 = ORIENTED_EDGE ( 'NONE', *, *, #2499, .F. ) ;
#1170 = ORIENTED_EDGE ( 'NONE', *, *, #875, .F. ) ;
#1171 = ORIENTED_EDGE ( 'NONE', *, *, #183, .T. ) ;
#1172 = CARTESIAN_POINT ( 'NONE',  ( -18.00000000000000355, 2.500000000000000000, 1.999999999999999112 ) ) ;
#1173 = DIRECTION ( 'NONE',  ( 3.464698462101725384E-15, 0.000000000000000000, -1.000000000000000000 ) ) ;
#1174 = EDGE_LOOP ( 'NONE', ( #1308, #2273, #2883, #2789 ) ) ;
#1175 = FACE_OUTER_BOUND ( 'NONE', #17, .T. ) ;
#1176 = EDGE_CURVE ( 'NONE', #1183, #2430, #1430, .T. ) ;
#1177 = CARTESIAN_POINT ( 'NONE',  ( -2.899999999999999911, 1.000000000000000000, -6.865079230508256636 ) ) ;
#1178 = ORIENTED_EDGE ( 'NONE', *, *, #2468, .T. ) ;
#1179 = EDGE_CURVE ( 'NONE', #44, #1341, #970, .T. ) ;
#1180 = CARTESIAN_POINT ( 'NONE',  ( -2.899999999999999467, 2.500000000000000444, -6.865079230508256636 ) ) ;
#1181 = ORIENTED_EDGE ( 'NONE', *, *, #518, .F. ) ;
#1182 = LINE ( 'NONE', #3058, #1923 ) ;
#1183 = VERTEX_POINT ( 'NONE', #1447 ) ;
#1184 = FACE_OUTER_BOUND ( 'NONE', #1574, .T. ) ;
#1185 = CARTESIAN_POINT ( 'NONE',  ( -27.99999999999999645, 1.000000000000000000, -5.899999999999998579 ) ) ;
#1186 = DIRECTION ( 'NONE',  ( -0.000000000000000000, -1.000000000000000000, 0.000000000000000000 ) ) ;
#1187 = DIRECTION ( 'NONE',  ( 0.000000000000000000, 0.9993908270190956511, 0.03489949670250107328 ) ) ;
#1188 = EDGE_CURVE ( 'NONE', #2568, #2236, #2261, .T. ) ;
#1189 = CIRCLE ( 'NONE', #1441, 1.499999999999999556 ) ;
#1190 = EDGE_LOOP ( 'NONE', ( #128, #2307 ) ) ;
#1191 = PRESENTATION_LAYER_ASSIGNMENT (  '', '', ( #2972 ) ) ;
#1192 = AXIS2_PLACEMENT_3D ( 'NONE', #1817, #948, #2777 ) ;
#1193 = ADVANCED_FACE ( 'NONE', ( #2423 ), #256, .F. ) ;
#1194 = VECTOR ( 'NONE', #1140, 1000.000000000000114 ) ;
#1195 = VECTOR ( 'NONE', #1838, 1000.000000000000000 ) ;
#1196 = PLANE ( 'NONE',  #313 ) ;
#1197 = ORIENTED_EDGE ( 'NONE', *, *, #2052, .F. ) ;
#1198 = DIRECTION ( 'NONE',  ( 0.000000000000000000, 1.000000000000000000, 0.000000000000000000 ) ) ;
#1199 = FILL_AREA_STYLE_COLOUR ( '', #1003 ) ;
#1200 = MECHANICAL_DESIGN_GEOMETRIC_PRESENTATION_REPRESENTATION (  '', ( #3084 ), #3088 ) ;
#1201 = CARTESIAN_POINT ( 'NONE',  ( 18.00000000000000355, 1.000000000000000000, 4.408728476930470856E-15 ) ) ;
#1202 = ORIENTED_EDGE ( 'NONE', *, *, #2644, .F. ) ;
#1203 = CARTESIAN_POINT ( 'NONE',  ( 28.99999999999999645, 2.414213562373100253, 6.399999860745171354 ) ) ;
#1204 = DIRECTION ( 'NONE',  ( -1.000000000000000000, 0.000000000000000000, -0.000000000000000000 ) ) ;
#1205 = DIRECTION ( 'NONE',  ( 1.000000000000000000, -0.000000000000000000, 0.000000000000000000 ) ) ;
#1206 = CARTESIAN_POINT ( 'NONE',  ( -28.99999999999999645, 2.414213562373100253, 5.899999999999998579 ) ) ;
#1207 = CARTESIAN_POINT ( 'NONE',  ( -28.20478091064726200, 18.39999999999999858, 7.900000000000002132 ) ) ;
#1208 = ORIENTED_EDGE ( 'NONE', *, *, #2957, .T. ) ;
#1209 = VECTOR ( 'NONE', #1407, 1000.000000000000000 ) ;
#1210 = ORIENTED_EDGE ( 'NONE', *, *, #1812, .F. ) ;
#1211 = CARTESIAN_POINT ( 'NONE',  ( -0.3175000000000017808, -4.000000000000000000, -5.397500000000002629 ) ) ;
#1212 = DIRECTION ( 'NONE',  ( -0.000000000000000000, -1.000000000000000000, -0.000000000000000000 ) ) ;
#1213 = CARTESIAN_POINT ( 'NONE',  ( 0.000000000000000000, -4.000000000000000000, 5.397500000000002629 ) ) ;
#1214 = VECTOR ( 'NONE', #2370, 1000.000000000000000 ) ;
#1215 = EDGE_CURVE ( 'NONE', #2067, #813, #243, .T. ) ;
#1216 = EDGE_CURVE ( 'NONE', #987, #2602, #2825, .T. ) ;
#1217 = ORIENTED_EDGE ( 'NONE', *, *, #3010, .F. ) ;
#1218 = LINE ( 'NONE', #2150, #2926 ) ;
#1219 = PLANE ( 'NONE',  #3033 ) ;
#1220 = CARTESIAN_POINT ( 'NONE',  ( -28.76123642113417844, 0.000000000000000000, 6.846224096541842385 ) ) ;
#1221 = EDGE_CURVE ( 'NONE', #1341, #1398, #1878, .T. ) ;
#1222 = LINE ( 'NONE', #1252, #1716 ) ;
#1223 = ORIENTED_EDGE ( 'NONE', *, *, #2949, .T. ) ;
#1224 = LINE ( 'NONE', #1418, #263 ) ;
#1225 = DIRECTION ( 'NONE',  ( 0.000000000000000000, 1.000000000000000000, -0.000000000000000000 ) ) ;
#1226 = CARTESIAN_POINT ( 'NONE',  ( 27.99999999999999645, 1.000000000000000000, 6.899999999999998579 ) ) ;
#1227 = CARTESIAN_POINT ( 'NONE',  ( 29.98254493507176832, 1.000000000000000222, -5.899999999999998579 ) ) ;
#1228 = VERTEX_POINT ( 'NONE', #132 ) ;
#1229 = DIRECTION ( 'NONE',  ( -1.000000000000000000, 0.000000000000000000, 5.463695987328525648E-15 ) ) ;
#1230 = CARTESIAN_POINT ( 'NONE',  ( -28.63147424481934777, 0.000000000000000000, -6.899999999999998579 ) ) ;
#1231 = EDGE_CURVE ( 'NONE', #142, #353, #1566, .T. ) ;
#1232 = VERTEX_POINT ( 'NONE', #3008 ) ;
#1233 = PRESENTATION_STYLE_ASSIGNMENT (( #1264 ) ) ;
#1234 = DIRECTION ( 'NONE',  ( 1.000000000000000000, 0.000000000000000000, -0.000000000000000000 ) ) ;
#1235 = EDGE_CURVE ( 'NONE', #442, #1183, #2432, .T. ) ;
#1236 = DIRECTION ( 'NONE',  ( 1.000000000000000000, 0.000000000000000000, 0.000000000000000000 ) ) ;
#1237 = ORIENTED_EDGE ( 'NONE', *, *, #219, .T. ) ;
#1238 = CARTESIAN_POINT ( 'NONE',  ( 28.20478091064725135, 16.89999999999999858, 5.808924679141346914 ) ) ;
#1239 = CARTESIAN_POINT ( 'NONE',  ( -0.3175000000000017808, -4.000000000000000000, -5.397500000000002629 ) ) ;
#1240 = CARTESIAN_POINT ( 'NONE',  ( -27.99999999999999645, 1.000000000000000000, 5.899999999999998579 ) ) ;
#1241 = ORIENTED_EDGE ( 'NONE', *, *, #1293, .F. ) ;
#1242 = DIRECTION ( 'NONE',  ( 1.000000000000000000, 0.000000000000000000, 0.000000000000000000 ) ) ;
#1243 = AXIS2_PLACEMENT_3D ( 'NONE', #1773, #2472, #1069 ) ;
#1244 = EDGE_CURVE ( 'NONE', #2660, #241, #2524, .T. ) ;
#1245 =( GEOMETRIC_REPRESENTATION_CONTEXT ( 3 ) GLOBAL_UNCERTAINTY_ASSIGNED_CONTEXT ( ( #2493 ) ) GLOBAL_UNIT_ASSIGNED_CONTEXT ( ( #278, #2187, #990 ) ) REPRESENTATION_CONTEXT ( 'NONE', 'WORKASPACE' ) );
#1246 = VECTOR ( 'NONE', #720, 1000.000000000000000 ) ;
#1247 = CARTESIAN_POINT ( 'NONE',  ( -18.00000000000000355, 2.500000000000000000, 0.000000000000000000 ) ) ;
#1248 = ORIENTED_EDGE ( 'NONE', *, *, #729, .F. ) ;
#1249 = VECTOR ( 'NONE', #1668, 1000.000000000000114 ) ;
#1250 = CARTESIAN_POINT ( 'NONE',  ( -28.99999999999999645, 0.000000000000000000, -5.899999999999998579 ) ) ;
#1251 = AXIS2_PLACEMENT_3D ( 'NONE', #1906, #2623, #991 ) ;
#1252 = CARTESIAN_POINT ( 'NONE',  ( 27.99999999999999645, 2.414213562373100253, 6.899999999999998579 ) ) ;
#1253 = ORIENTED_EDGE ( 'NONE', *, *, #322, .F. ) ;
#1254 = CARTESIAN_POINT ( 'NONE',  ( -29.07780460190164007, 17.79913263252126754, -7.286314923638465224 ) ) ;
#1255 = CARTESIAN_POINT ( 'NONE',  ( -28.94605939899263802, 0.000000000000000000, 6.661316627484001884 ) ) ;
#1256 = EDGE_CURVE ( 'NONE', #917, #427, #3099, .T. ) ;
#1257 = DIRECTION ( 'NONE',  ( -0.000000000000000000, -1.000000000000000000, -0.000000000000000000 ) ) ;
#1258 = VERTEX_POINT ( 'NONE', #1001 ) ;
#1259 = CARTESIAN_POINT ( 'NONE',  ( 28.76123642113417844, 1.000000000000000000, 6.846224096541842385 ) ) ;
#1260 = LINE ( 'NONE', #1954, #1675 ) ;
#1261 = ORIENTED_EDGE ( 'NONE', *, *, #1508, .F. ) ;
#1262 = ORIENTED_EDGE ( 'NONE', *, *, #940, .T. ) ;
#1263 = CARTESIAN_POINT ( 'NONE',  ( 0.3174999999999982281, 1.000000000000000000, -5.397500000000002629 ) ) ;
#1264 = SURFACE_STYLE_USAGE ( .BOTH. , #982 ) ;
#1265 = AXIS2_PLACEMENT_3D ( 'NONE', #958, #1893, #2832 ) ;
#1266 = ORIENTED_EDGE ( 'NONE', *, *, #2717, .T. ) ;
#1267 = ORIENTED_EDGE ( 'NONE', *, *, #2788, .F. ) ;
#1268 = PRESENTATION_STYLE_ASSIGNMENT (( #55 ) ) ;
#1269 = DIRECTION ( 'NONE',  ( 0.000000000000000000, 1.000000000000000000, 0.000000000000000000 ) ) ;
#1270 = LINE ( 'NONE', #29, #834 ) ;
#1271 = ORIENTED_EDGE ( 'NONE', *, *, #2799, .F. ) ;
#1272 = EDGE_CURVE ( 'NONE', #917, #640, #2901, .T. ) ;
#1273 = PLANE ( 'NONE',  #2263 ) ;
#1274 = LINE ( 'NONE', #2202, #2426 ) ;
#1275 = EDGE_CURVE ( 'NONE', #457, #442, #112, .T. ) ;
#1276 = DIRECTION ( 'NONE',  ( 0.000000000000000000, 0.000000000000000000, -1.000000000000000000 ) ) ;
#1277 = ORIENTED_EDGE ( 'NONE', *, *, #1722, .F. ) ;
#1278 = CARTESIAN_POINT ( 'NONE',  ( 28.99999999999999645, 0.000000000000000000, 6.399999860745171354 ) ) ;
#1279 = PLANE ( 'NONE',  #1525 ) ;
#1280 = CARTESIAN_POINT ( 'NONE',  ( 28.94605939899263802, 1.000000000000000000, -6.661316627484001884 ) ) ;
#1281 = ORIENTED_EDGE ( 'NONE', *, *, #1879, .F. ) ;
#1282 = CARTESIAN_POINT ( 'NONE',  ( -29.69763087083476805, 17.43060486070516291, -6.680776524502963554 ) ) ;
#1283 = SURFACE_STYLE_USAGE ( .BOTH. , #292 ) ;
#1284 = CARTESIAN_POINT ( 'NONE',  ( 0.000000000000000000, 2.500000000000000000, 4.711312818245939837 ) ) ;
#1285 = VERTEX_POINT ( 'NONE', #725 ) ;
#1286 = CARTESIAN_POINT ( 'NONE',  ( -28.50068526740549046, -8.673617379884035472E-16, 7.900000000000000355 ) ) ;
#1287 = ORIENTED_EDGE ( 'NONE', *, *, #1660, .T. ) ;
#1288 = DIRECTION ( 'NONE',  ( -0.000000000000000000, 1.000000000000000000, 0.000000000000000000 ) ) ;
#1289 = EDGE_CURVE ( 'NONE', #1867, #2932, #2271, .T. ) ;
#1290 = ORIENTED_EDGE ( 'NONE', *, *, #2700, .F. ) ;
#1291 = AXIS2_PLACEMENT_3D ( 'NONE', #2464, #2956, #596 ) ;
#1292 = DIRECTION ( 'NONE',  ( -0.000000000000000000, -1.000000000000000000, -0.000000000000000000 ) ) ;
#1293 = EDGE_CURVE ( 'NONE', #854, #2352, #1468, .T. ) ;
#1294 = AXIS2_PLACEMENT_3D ( 'NONE', #2142, #456, #1187 ) ;
#1295 = CARTESIAN_POINT ( 'NONE',  ( 28.99999999999999645, 1.000000000000000000, -5.899999999999997691 ) ) ;
#1296 = EDGE_LOOP ( 'NONE', ( #3100, #1271 ) ) ;
#1297 =( NAMED_UNIT ( * ) SI_UNIT ( $, .STERADIAN. ) SOLID_ANGLE_UNIT ( ) );
#1298 = CARTESIAN_POINT ( 'NONE',  ( 28.99999999999999645, 0.000000000000000000, -6.399999860745173130 ) ) ;
#1299 = DIRECTION ( 'NONE',  ( -0.000000000000000000, -0.000000000000000000, -1.000000000000000000 ) ) ;
#1300 = CIRCLE ( 'NONE', #3030, 1.999999999999999112 ) ;
#1301 = ORIENTED_EDGE ( 'NONE', *, *, #2550, .T. ) ;
#1302 = LINE ( 'NONE', #531, #2371 ) ;
#1303 = CARTESIAN_POINT ( 'NONE',  ( 0.000000000000000000, 1.000000000000000000, 1.811312818245940814 ) ) ;
#1304 = ORIENTED_EDGE ( 'NONE', *, *, #2691, .T. ) ;
#1305 = VECTOR ( 'NONE', #1225, 1000.000000000000000 ) ;
#1306 = ADVANCED_FACE ( 'NONE', ( #1428 ), #765, .F. ) ;
#1307 = ADVANCED_FACE ( 'NONE', ( #254 ), #756, .F. ) ;
#1308 = ORIENTED_EDGE ( 'NONE', *, *, #3055, .F. ) ;
#1309 = CARTESIAN_POINT ( 'NONE',  ( -28.99999999999999645, 0.000000000000000000, -5.899999999999998579 ) ) ;
#1310 = ORIENTED_EDGE ( 'NONE', *, *, #2280, .F. ) ;
#1311 = FACE_OUTER_BOUND ( 'NONE', #871, .T. ) ;
#1312 = EDGE_CURVE ( 'NONE', #2227, #664, #481, .T. ) ;
#1313 = CARTESIAN_POINT ( 'NONE',  ( 2.899999999999999467, 2.500000000000000000, -6.865079230508256636 ) ) ;
#1314 = CARTESIAN_POINT ( 'NONE',  ( -28.50068526740549046, 0.000000000000000000, 6.899999999999999467 ) ) ;
#1315 = ORIENTED_EDGE ( 'NONE', *, *, #505, .T. ) ;
#1316 = LINE ( 'NONE', #1891, #1766 ) ;
#1317 = DIRECTION ( 'NONE',  ( -1.000000000000000000, -0.000000000000000000, 0.000000000000000000 ) ) ;
#1318 =( NAMED_UNIT ( * ) PLANE_ANGLE_UNIT ( ) SI_UNIT ( $, .RADIAN. ) );
#1319 = LINE ( 'NONE', #1978, #56 ) ;
#1320 = ORIENTED_EDGE ( 'NONE', *, *, #2701, .F. ) ;
#1321 = CARTESIAN_POINT ( 'NONE',  ( -18.00000000000000355, -6.692889895852577986, 0.000000000000000000 ) ) ;
#1322 = DIRECTION ( 'NONE',  ( 1.000000000000000000, -0.000000000000000000, 0.000000000000000000 ) ) ;
#1323 = VERTEX_POINT ( 'NONE', #208 ) ;
#1324 = EDGE_CURVE ( 'NONE', #575, #2100, #1300, .T. ) ;
#1325 = ORIENTED_EDGE ( 'NONE', *, *, #1508, .T. ) ;
#1326 = DIRECTION ( 'NONE',  ( 0.000000000000000000, -0.000000000000000000, 1.000000000000000000 ) ) ;
#1327 = CARTESIAN_POINT ( 'NONE',  ( -28.20478091064726200, 18.39999999999999503, 5.808924679141187042 ) ) ;
#1328 = CARTESIAN_POINT ( 'NONE',  ( 18.00000000000000355, 2.500000000000000000, 4.391018798566292958E-15 ) ) ;
#1329 = ORIENTED_EDGE ( 'NONE', *, *, #2968, .T. ) ;
#1330 = CARTESIAN_POINT ( 'NONE',  ( -2.899999999999999911, 1.000000000000000000, 6.865079230508256636 ) ) ;
#1331 = CARTESIAN_POINT ( 'NONE',  ( 29.00000000000000000, 1.000000000000000000, 6.531207530884596935 ) ) ;
#1332 = CIRCLE ( 'NONE', #735, 2.899999999999999911 ) ;
#1333 = ORIENTED_EDGE ( 'NONE', *, *, #1045, .T. ) ;
#1334 = DIRECTION ( 'NONE',  ( 1.000000000000000000, 0.000000000000000000, -3.464698462101725384E-15 ) ) ;
#1335 = DIRECTION ( 'NONE',  ( 0.000000000000000000, 0.000000000000000000, 1.000000000000000000 ) ) ;
#1336 = CARTESIAN_POINT ( 'NONE',  ( -2.899999999999999911, 1.000000000000000000, -4.711312818245939837 ) ) ;
#1337 = DIRECTION ( 'NONE',  ( 1.000000000000000000, -0.000000000000000000, 0.000000000000000000 ) ) ;
#1338 = DIRECTION ( 'NONE',  ( 0.000000000000000000, 1.000000000000000000, 0.000000000000000000 ) ) ;
#1339 = AXIS2_PLACEMENT_3D ( 'NONE', #2021, #2963, #340 ) ;
#1340 = VECTOR ( 'NONE', #1606, 1000.000000000000000 ) ;
#1341 = VERTEX_POINT ( 'NONE', #1445 ) ;
#1342 = DIRECTION ( 'NONE',  ( -0.000000000000000000, 0.000000000000000000, -1.000000000000000000 ) ) ;
#1343 = EDGE_CURVE ( 'NONE', #1985, #658, #1222, .T. ) ;
#1344 = B_SPLINE_SURFACE_WITH_KNOTS ( 'NONE', 3, 1, ( 
 ( #516, #1714 ),
 ( #314, #1535 ),
 ( #266, #2488 ),
 ( #1259, #24 ),
 ( #1986, #1027 ),
 ( #792, #772 ) ),
 .UNSPECIFIED., .F., .F., .F.,
 ( 4, 2, 4 ),
 ( 2, 2 ),
 ( 0.000000000000000000, 0.5000000000000000000, 1.000000000000000000 ),
 ( 0.000000000000000000, 1.000000000000000000 ),
 .UNSPECIFIED. ) ;
#1345 = DIRECTION ( 'NONE',  ( 0.000000000000000000, 1.000000000000000000, 0.000000000000000000 ) ) ;
#1346 = VECTOR ( 'NONE', #1889, 1000.000000000000000 ) ;
#1347 = ORIENTED_EDGE ( 'NONE', *, *, #2065, .F. ) ;
#1348 = VERTEX_POINT ( 'NONE', #2153 ) ;
#1349 = DIRECTION ( 'NONE',  ( 0.000000000000000000, -1.000000000000000000, 0.000000000000000000 ) ) ;
#1350 = AXIS2_PLACEMENT_3D ( 'NONE', #218, #1212, #186 ) ;
#1351 = PRESENTATION_LAYER_ASSIGNMENT (  '', '', ( #3084 ) ) ;
#1352 = DIRECTION ( 'NONE',  ( -0.000000000000000000, -1.000000000000000000, -0.000000000000000000 ) ) ;
#1353 = APPLICATION_PROTOCOL_DEFINITION ( 'draft international standard', 'automotive_design', 1998, #2645 ) ;
#1354 = PLANE ( 'NONE',  #2679 ) ;
#1355 = ORIENTED_EDGE ( 'NONE', *, *, #2242, .F. ) ;
#1356 = DIRECTION ( 'NONE',  ( 0.000000000000000000, 0.000000000000000000, 1.000000000000000000 ) ) ;
#1357 = ORIENTED_EDGE ( 'NONE', *, *, #23, .T. ) ;
#1358 = CARTESIAN_POINT ( 'NONE',  ( -30.00000000000000355, 0.000000000000000000, -7.278790402861728737 ) ) ;
#1359 = FACE_OUTER_BOUND ( 'NONE', #1892, .T. ) ;
#1360 = LINE ( 'NONE', #2304, #159 ) ;
#1361 = CARTESIAN_POINT ( 'NONE',  ( -30.00000000000000000, 0.000000000000000000, 7.900000000000002132 ) ) ;
#1362 = EDGE_CURVE ( 'NONE', #654, #1183, #986, .T. ) ;
#1363 = ORIENTED_EDGE ( 'NONE', *, *, #1125, .F. ) ;
#1364 = DIRECTION ( 'NONE',  ( -0.000000000000000000, -1.000000000000000000, 0.000000000000000000 ) ) ;
#1365 = EDGE_CURVE ( 'NONE', #2384, #2185, #1709, .T. ) ;
#1366 = LINE ( 'NONE', #2296, #2264 ) ;
#1367 = ORIENTED_EDGE ( 'NONE', *, *, #1839, .F. ) ;
#1368 = CARTESIAN_POINT ( 'NONE',  ( 18.00000000000000355, 2.500000000000000000, 4.408728476930470856E-15 ) ) ;
#1369 = CARTESIAN_POINT ( 'NONE',  ( 28.20478091064726556, 16.95234924505374252, 7.308010919669991168 ) ) ;
#1370 = ORIENTED_EDGE ( 'NONE', *, *, #322, .T. ) ;
#1371 = DIRECTION ( 'NONE',  ( -1.000000000000000000, 0.000000000000000000, -0.000000000000000000 ) ) ;
#1372 = CARTESIAN_POINT ( 'NONE',  ( 0.000000000000000000, -6.692889895852577986, 4.711312818245939837 ) ) ;
#1373 = CARTESIAN_POINT ( 'NONE',  ( 29.37907425696559827, 0.000000000000000000, 7.900000000000002132 ) ) ;
#1374 = VERTEX_POINT ( 'NONE', #82 ) ;
#1375 = ORIENTED_EDGE ( 'NONE', *, *, #1759, .F. ) ;
#1376 = EDGE_CURVE ( 'NONE', #688, #2046, #1900, .T. ) ;
#1377 = ADVANCED_FACE ( 'NONE', ( #2469 ), #1771, .F. ) ;
#1378 = EDGE_LOOP ( 'NONE', ( #663, #1046, #831, #1587 ) ) ;
#1379 = CYLINDRICAL_SURFACE ( 'NONE', #73, 1.499999999999999556 ) ;
#1380 = DIRECTION ( 'NONE',  ( 0.000000000000000000, 0.000000000000000000, -1.000000000000000000 ) ) ;
#1381 = AXIS2_PLACEMENT_3D ( 'NONE', #1552, #852, #1797 ) ;
#1382 = VERTEX_POINT ( 'NONE', #1084 ) ;
#1383 = STYLED_ITEM ( 'NONE', ( #2213 ), #1643 ) ;
#1384 = CARTESIAN_POINT ( 'NONE',  ( 18.00000000000000355, 1.000000000000000000, 4.391018798566292958E-15 ) ) ;
#1385 = CIRCLE ( 'NONE', #366, 1.999999999999999112 ) ;
#1386 =( GEOMETRIC_REPRESENTATION_CONTEXT ( 3 ) GLOBAL_UNCERTAINTY_ASSIGNED_CONTEXT ( ( #1581 ) ) GLOBAL_UNIT_ASSIGNED_CONTEXT ( ( #1131, #864, #1297 ) ) REPRESENTATION_CONTEXT ( 'NONE', 'WORKASPACE' ) );
#1387 = VECTOR ( 'NONE', #1364, 1000.000000000000000 ) ;
#1388 = ORIENTED_EDGE ( 'NONE', *, *, #1511, .T. ) ;
#1389 = ORIENTED_EDGE ( 'NONE', *, *, #1164, .F. ) ;
#1390 = VECTOR ( 'NONE', #1940, 1000.000000000000000 ) ;
#1391 = ORIENTED_EDGE ( 'NONE', *, *, #2132, .T. ) ;
#1392 = CARTESIAN_POINT ( 'NONE',  ( -30.00000000000000711, 0.000000000000000000, 7.900000000000002132 ) ) ;
#1393 = LINE ( 'NONE', #1213, #1533 ) ;
#1394 = DIRECTION ( 'NONE',  ( -0.000000000000000000, 0.000000000000000000, 1.000000000000000000 ) ) ;
#1395 =( BOUNDED_SURFACE ( )  B_SPLINE_SURFACE ( 3, 3, ( 
 ( #512, #2438, #2212, #1004 ),
 ( #1470, #1254, #277, #2186 ),
 ( #291, #1282, #1023, #2917 ),
 ( #787, #2252, #803, #85 ) ),
 .UNSPECIFIED., .F., .F., .F. ) 
 B_SPLINE_SURFACE_WITH_KNOTS ( ( 4, 4 ),
 ( 4, 4 ),
 ( 0.000000000000000000, 1.000000000000000000 ),
 ( 0.000000000000000000, 1.000000000000000000 ),
 .UNSPECIFIED. ) 
 GEOMETRIC_REPRESENTATION_ITEM ( )  RATIONAL_B_SPLINE_SURFACE ( (
 ( 1.000000000000000000, 0.8107542797790943112, 0.8107542797790943112, 1.000000000000000000),
 ( 0.8066509726615027631, 0.6539957283732825699, 0.6539957283732825699, 0.8066509726615027631),
 ( 0.8066509726615027631, 0.6539957283732825699, 0.6539957283732825699, 0.8066509726615027631),
 ( 1.000000000000000000, 0.8107542797790943112, 0.8107542797790943112, 1.000000000000000000) ) ) 
 REPRESENTATION_ITEM ( '' )  SURFACE ( )  );
#1396 = CIRCLE ( 'NONE', #1111, 1.999999999999999112 ) ;
#1397 = EDGE_CURVE ( 'NONE', #1341, #1531, #304, .T. ) ;
#1398 = VERTEX_POINT ( 'NONE', #289 ) ;
#1399 = FACE_OUTER_BOUND ( 'NONE', #388, .T. ) ;
#1400 = CARTESIAN_POINT ( 'NONE',  ( 28.16181295612107860, 19.36163246615675959, -5.722962579217164780 ) ) ;
#1401 = CARTESIAN_POINT ( 'NONE',  ( 2.899999999999999467, 2.500000000000000000, 6.865079230508256636 ) ) ;
#1402 = CARTESIAN_POINT ( 'NONE',  ( 2.899999999999999467, -6.692889895852577986, -6.865079230508256636 ) ) ;
#1403 = AXIS2_PLACEMENT_3D ( 'NONE', #1883, #178, #2807 ) ;
#1404 = EDGE_CURVE ( 'NONE', #1413, #2962, #2497, .T. ) ;
#1405 = EDGE_LOOP ( 'NONE', ( #3046, #276, #2902, #3028 ) ) ;
#1406 = CYLINDRICAL_SURFACE ( 'NONE', #1775, 1.500000000000000000 ) ;
#1407 = DIRECTION ( 'NONE',  ( 0.000000000000000000, -0.000000000000000000, 1.000000000000000000 ) ) ;
#1408 = CARTESIAN_POINT ( 'NONE',  ( 0.000000000000000000, 2.500000000000000000, 4.711312818245939837 ) ) ;
#1409 = ORIENTED_EDGE ( 'NONE', *, *, #68, .T. ) ;
#1410 = ORIENTED_EDGE ( 'NONE', *, *, #940, .F. ) ;
#1411 = EDGE_LOOP ( 'NONE', ( #1310, #1267, #440, #215 ) ) ;
#1412 = VECTOR ( 'NONE', #569, 1000.000000000000000 ) ;
#1413 = VERTEX_POINT ( 'NONE', #1789 ) ;
#1414 = CARTESIAN_POINT ( 'NONE',  ( -2.899999999999999467, 2.500000000000000000, 4.711312818245939837 ) ) ;
#1415 =( LENGTH_UNIT ( ) NAMED_UNIT ( * ) SI_UNIT ( .MILLI., .METRE. ) );
#1416 = DIRECTION ( 'NONE',  ( -1.000000000000000000, 0.000000000000000000, -0.000000000000000000 ) ) ;
#1417 = VERTEX_POINT ( 'NONE', #1295 ) ;
#1418 = CARTESIAN_POINT ( 'NONE',  ( 25.71750000000000114, -4.000000000000000000, 0.3175000000000017808 ) ) ;
#1419 = CARTESIAN_POINT ( 'NONE',  ( -30.00000000000000000, 0.000000000000000000, 7.900000000000002132 ) ) ;
#1420 = FACE_OUTER_BOUND ( 'NONE', #119, .T. ) ;
#1421 = EDGE_CURVE ( 'NONE', #1728, #600, #251, .T. ) ;
#1422 = CARTESIAN_POINT ( 'NONE',  ( -27.99999999999999645, 1.000000000000000000, 6.899999999999998579 ) ) ;
#1423 = PLANE ( 'NONE',  #1294 ) ;
#1424 = EDGE_LOOP ( 'NONE', ( #1367, #674, #1388, #2098 ) ) ;
#1425 = DIRECTION ( 'NONE',  ( -1.000000000000000000, 0.000000000000000000, 0.000000000000000000 ) ) ;
#1426 = ORIENTED_EDGE ( 'NONE', *, *, #2839, .F. ) ;
#1427 = CARTESIAN_POINT ( 'NONE',  ( -27.99999999999999645, 0.000000000000000000, -7.899999999999999467 ) ) ;
#1428 = FACE_OUTER_BOUND ( 'NONE', #236, .T. ) ;
#1429 = ORIENTED_EDGE ( 'NONE', *, *, #652, .T. ) ;
#1430 = LINE ( 'NONE', #2374, #2919 ) ;
#1431 = PLANE ( 'NONE',  #900 ) ;
#1432 = LINE ( 'NONE', #2380, #105 ) ;
#1433 = CARTESIAN_POINT ( 'NONE',  ( -18.00000000000000355, 2.500000000000000000, 0.000000000000000000 ) ) ;
#1434 = EDGE_LOOP ( 'NONE', ( #490, #1253, #2400, #1821 ) ) ;
#1435 = AXIS2_PLACEMENT_3D ( 'NONE', #2379, #1205, #2140 ) ;
#1436 = EDGE_CURVE ( 'NONE', #1054, #726, #2977, .T. ) ;
#1437 = EDGE_CURVE ( 'NONE', #2585, #2517, #1319, .T. ) ;
#1438 = ORIENTED_EDGE ( 'NONE', *, *, #2440, .F. ) ;
#1439 = ADVANCED_FACE ( 'NONE', ( #2946 ), #588, .T. ) ;
#1440 = MECHANICAL_DESIGN_GEOMETRIC_PRESENTATION_REPRESENTATION (  '', ( #939 ), #741 ) ;
#1441 = AXIS2_PLACEMENT_3D ( 'NONE', #1917, #2878, #727 ) ;
#1442 = CIRCLE ( 'NONE', #2328, 1.499999999999999556 ) ;
#1443 = VERTEX_POINT ( 'NONE', #605 ) ;
#1444 = AXIS2_PLACEMENT_3D ( 'NONE', #2635, #740, #1685 ) ;
#1445 = CARTESIAN_POINT ( 'NONE',  ( -28.20478091064726200, 16.95234924505375318, -7.308010919669872152 ) ) ;
#1446 = ORIENTED_EDGE ( 'NONE', *, *, #1164, .T. ) ;
#1447 = CARTESIAN_POINT ( 'NONE',  ( -29.70455245338184724, 16.92617860965592769, 5.808924679141348690 ) ) ;
#1448 = LINE ( 'NONE', #2583, #1678 ) ;
#1449 = CYLINDRICAL_SURFACE ( 'NONE', #1633, 1.999999999999999112 ) ;
#1450 = ORIENTED_EDGE ( 'NONE', *, *, #652, .F. ) ;
#1451 = CARTESIAN_POINT ( 'NONE',  ( -28.63147424481934777, 1.000000000000000000, -6.899999999999998579 ) ) ;
#1452 = ADVANCED_FACE ( 'NONE', ( #1527 ), #552, .T. ) ;
#1453 = AXIS2_PLACEMENT_3D ( 'NONE', #1055, #844, #590 ) ;
#1454 = ORIENTED_EDGE ( 'NONE', *, *, #1215, .F. ) ;
#1455 = EDGE_CURVE ( 'NONE', #1285, #3066, #698, .T. ) ;
#1456 = ORIENTED_EDGE ( 'NONE', *, *, #2720, .F. ) ;
#1457 = FACE_OUTER_BOUND ( 'NONE', #2527, .T. ) ;
#1458 = CARTESIAN_POINT ( 'NONE',  ( 0.000000000000000000, -4.000000000000000000, 0.000000000000000000 ) ) ;
#1459 = CARTESIAN_POINT ( 'NONE',  ( -2.899999999999999467, 2.500000000000000000, -6.865079230508256636 ) ) ;
#1460 = ORIENTED_EDGE ( 'NONE', *, *, #2149, .T. ) ;
#1461 = DIRECTION ( 'NONE',  ( 0.9998476951563912696, 0.01745240643728354982, -0.000000000000000000 ) ) ;
#1462 = DIRECTION ( 'NONE',  ( 1.000000000000000000, -0.000000000000000000, 0.000000000000000000 ) ) ;
#1463 = VERTEX_POINT ( 'NONE', #599 ) ;
#1464 = CARTESIAN_POINT ( 'NONE',  ( -28.99999999999999645, 2.414213562373100253, -5.899999999999998579 ) ) ;
#1465 = ORIENTED_EDGE ( 'NONE', *, *, #1455, .F. ) ;
#1466 = LINE ( 'NONE', #2633, #1928 ) ;
#1467 = ADVANCED_FACE ( 'NONE', ( #1553 ), #2508, .F. ) ;
#1468 = LINE ( 'NONE', #2637, #2128 ) ;
#1469 = ORIENTED_EDGE ( 'NONE', *, *, #469, .F. ) ;
#1470 = CARTESIAN_POINT ( 'NONE',  ( -29.07780460190163296, 16.93853263071036253, -7.308429676255452812 ) ) ;
#1471 =( NAMED_UNIT ( * ) SI_UNIT ( $, .STERADIAN. ) SOLID_ANGLE_UNIT ( ) );
#1472 = CARTESIAN_POINT ( 'NONE',  ( -25.08249999999999957, -4.000000000000000000, 0.3175000000000017808 ) ) ;
#1473 = ORIENTED_EDGE ( 'NONE', *, *, #937, .T. ) ;
#1474 = CARTESIAN_POINT ( 'NONE',  ( -28.99999999999999645, 0.000000000000000000, 6.399999860745174907 ) ) ;
#1475 = VECTOR ( 'NONE', #2608, 1000.000000000000000 ) ;
#1476 = CARTESIAN_POINT ( 'NONE',  ( 28.99999999999998579, 0.000000000000000000, 5.899999999999998579 ) ) ;
#1477 = COLOUR_RGB ( '',1.000000000000000000, 1.000000000000000000, 1.000000000000000000 ) ;
#1478 = B_SPLINE_SURFACE_WITH_KNOTS ( 'NONE', 3, 1, ( 
 ( #775, #995 ),
 ( #1715, #2444 ),
 ( #2702, #2897 ),
 ( #248, #2673 ),
 ( #1451, #1230 ),
 ( #1011, #751 ) ),
 .UNSPECIFIED., .F., .F., .F.,
 ( 4, 2, 4 ),
 ( 2, 2 ),
 ( 0.000000000000000000, 0.5000000000000000000, 1.000000000000000000 ),
 ( 0.000000000000000000, 1.000000000000000000 ),
 .UNSPECIFIED. ) ;
#1479 = VECTOR ( 'NONE', #2606, 1000.000000000000000 ) ;
#1480 = ORIENTED_EDGE ( 'NONE', *, *, #1129, .F. ) ;
#1481 = CARTESIAN_POINT ( 'NONE',  ( 28.50068526740549046, 0.000000000000000000, 6.899999999999998579 ) ) ;
#1482 = VECTOR ( 'NONE', #1352, 1000.000000000000000 ) ;
#1483 = ADVANCED_FACE ( 'NONE', ( #2773 ), #3029, .T. ) ;
#1484 = ORIENTED_EDGE ( 'NONE', *, *, #2863, .F. ) ;
#1485 = DIRECTION ( 'NONE',  ( -0.000000000000000000, -1.000000000000000000, -0.000000000000000000 ) ) ;
#1486 = ORIENTED_EDGE ( 'NONE', *, *, #2166, .F. ) ;
#1487 = DIRECTION ( 'NONE',  ( 0.000000000000000000, 0.000000000000000000, -1.000000000000000000 ) ) ;
#1488 = FILL_AREA_STYLE ('',( #1983 ) ) ;
#1489 = LINE ( 'NONE', #1240, #2677 ) ;
#1490 = ADVANCED_FACE ( 'NONE', ( #1399 ), #2543, .T. ) ;
#1491 = AXIS2_PLACEMENT_3D ( 'NONE', #321, #2723, #1541 ) ;
#1492 = ORIENTED_EDGE ( 'NONE', *, *, #1437, .T. ) ;
#1493 = CARTESIAN_POINT ( 'NONE',  ( 0.000000000000000000, 1.000000000000000000, 4.762499999999999289 ) ) ;
#1494 = VERTEX_POINT ( 'NONE', #3043 ) ;
#1495 = EDGE_LOOP ( 'NONE', ( #2408, #3112, #1460, #2553 ) ) ;
#1496 = LINE ( 'NONE', #2003, #110 ) ;
#1497 = DIRECTION ( 'NONE',  ( -0.000000000000000000, 0.000000000000000000, -1.000000000000000000 ) ) ;
#1498 = ORIENTED_EDGE ( 'NONE', *, *, #705, .F. ) ;
#1499 = DIRECTION ( 'NONE',  ( 0.000000000000000000, 0.000000000000000000, 1.000000000000000000 ) ) ;
#1500 = CARTESIAN_POINT ( 'NONE',  ( -25.71750000000000114, -4.000000000000000000, -0.3174999999999983391 ) ) ;
#1501 = FILL_AREA_STYLE ('',( #1731 ) ) ;
#1502 = EDGE_CURVE ( 'NONE', #353, #442, #1849, .T. ) ;
#1503 = ORIENTED_EDGE ( 'NONE', *, *, #2717, .F. ) ;
#1504 = DIRECTION ( 'NONE',  ( 2.013592869333790472E-16, 0.000000000000000000, -1.000000000000000000 ) ) ;
#1505 = CARTESIAN_POINT ( 'NONE',  ( 0.000000000000000000, 2.500000000000000000, -4.711312818245939837 ) ) ;
#1506 = VERTEX_POINT ( 'NONE', #2806 ) ;
#1507 = DIRECTION ( 'NONE',  ( -0.000000000000000000, -0.000000000000000000, 1.000000000000000000 ) ) ;
#1508 = EDGE_CURVE ( 'NONE', #142, #1232, #2865, .T. ) ;
#1509 = EDGE_CURVE ( 'NONE', #1985, #174, #2970, .T. ) ;
#1510 = DIRECTION ( 'NONE',  ( -0.000000000000000000, 0.000000000000000000, -1.000000000000000000 ) ) ;
#1511 = EDGE_CURVE ( 'NONE', #2568, #1443, #1360, .T. ) ;
#1512 = PLANE ( 'NONE',  #1881 ) ;
#1513 = ORIENTED_EDGE ( 'NONE', *, *, #7, .T. ) ;
#1514 = SURFACE_SIDE_STYLE ('',( #2425 ) ) ;
#1515 = FACE_OUTER_BOUND ( 'NONE', #1857, .T. ) ;
#1516 = ORIENTED_EDGE ( 'NONE', *, *, #2783, .F. ) ;
#1517 = DIRECTION ( 'NONE',  ( 0.000000000000000000, -0.000000000000000000, 1.000000000000000000 ) ) ;
#1518 = EDGE_CURVE ( 'NONE', #45, #58, #1092, .T. ) ;
#1519 = EDGE_CURVE ( 'NONE', #2109, #556, #2043, .T. ) ;
#1520 = VECTOR ( 'NONE', #197, 1000.000000000000000 ) ;
#1521 = EDGE_CURVE ( 'NONE', #1506, #553, #1577, .T. ) ;
#1522 = VECTOR ( 'NONE', #347, 1000.000000000000114 ) ;
#1523 = SURFACE_STYLE_FILL_AREA ( #46 ) ;
#1524 = CARTESIAN_POINT ( 'NONE',  ( 28.50068526740549046, 0.000000000000000000, 6.899999999999998579 ) ) ;
#1525 = AXIS2_PLACEMENT_3D ( 'NONE', #1459, #1946, #1032 ) ;
#1526 = ORIENTED_EDGE ( 'NONE', *, *, #2087, .T. ) ;
#1527 = FACE_OUTER_BOUND ( 'NONE', #247, .T. ) ;
#1528 = EDGE_LOOP ( 'NONE', ( #2005, #2600, #714, #859 ) ) ;
#1529 = CARTESIAN_POINT ( 'NONE',  ( 27.99999999999999645, 0.000000000000000000, -6.899999999999998579 ) ) ;
#1530 = SURFACE_SIDE_STYLE ('',( #2513 ) ) ;
#1531 = VERTEX_POINT ( 'NONE', #91 ) ;
#1532 = DIRECTION ( 'NONE',  ( 0.000000000000000000, 1.000000000000000000, 0.000000000000000000 ) ) ;
#1533 = VECTOR ( 'NONE', #3107, 1000.000000000000000 ) ;
#1534 = EDGE_LOOP ( 'NONE', ( #757, #1248, #1951, #908 ) ) ;
#1535 = CARTESIAN_POINT ( 'NONE',  ( 29.00000000000000000, 0.000000000000000000, 6.531207530884596935 ) ) ;
#1536 = CARTESIAN_POINT ( 'NONE',  ( 18.00000000000000355, 1.000000000000000000, 4.408728476930470856E-15 ) ) ;
#1537 = DIRECTION ( 'NONE',  ( 1.000000000000000000, 0.000000000000000000, -0.000000000000000000 ) ) ;
#1538 = COLOUR_RGB ( '',0.5019607843137254832, 0.5019607843137254832, 0.5019607843137254832 ) ;
#1539 = EDGE_CURVE ( 'NONE', #1041, #2910, #2782, .T. ) ;
#1540 = VECTOR ( 'NONE', #1711, 1000.000000000000000 ) ;
#1541 = DIRECTION ( 'NONE',  ( 0.000000000000000000, 0.000000000000000000, -1.000000000000000000 ) ) ;
#1542 = DIRECTION ( 'NONE',  ( 0.000000000000000000, -1.000000000000000000, 0.000000000000000000 ) ) ;
#1543 = ORIENTED_EDGE ( 'NONE', *, *, #2659, .F. ) ;
#1544 = LINE ( 'NONE', #1118, #323 ) ;
#1545 = DIRECTION ( 'NONE',  ( 0.000000000000000000, 1.000000000000000000, 0.000000000000000000 ) ) ;
#1546 = FACE_BOUND ( 'NONE', #766, .T. ) ;
#1547 = FILL_AREA_STYLE ('',( #87 ) ) ;
#1548 = VERTEX_POINT ( 'NONE', #629 ) ;
#1549 = CARTESIAN_POINT ( 'NONE',  ( 18.00000000000000355, 2.500000000000000000, 2.000000000000003553 ) ) ;
#1550 = CARTESIAN_POINT ( 'NONE',  ( 28.50068526740548336, -8.673617379884035472E-16, -7.899999999999999467 ) ) ;
#1551 = ADVANCED_FACE ( 'NONE', ( #397 ), #2360, .T. ) ;
#1552 = CARTESIAN_POINT ( 'NONE',  ( -18.00000000000000355, -6.692889895852577986, 0.000000000000000000 ) ) ;
#1553 = FACE_OUTER_BOUND ( 'NONE', #1424, .T. ) ;
#1554 = ORIENTED_EDGE ( 'NONE', *, *, #1106, .F. ) ;
#1555 = VERTEX_POINT ( 'NONE', #1549 ) ;
#1556 = EDGE_CURVE ( 'NONE', #45, #1985, #1760, .T. ) ;
#1557 = EDGE_LOOP ( 'NONE', ( #848, #1241, #280, #862 ) ) ;
#1558 = DIRECTION ( 'NONE',  ( -1.000000000000000000, -0.000000000000000000, -0.000000000000000000 ) ) ;
#1559 = CARTESIAN_POINT ( 'NONE',  ( 0.000000000000000000, 2.500000000000000444, -4.711312818245939837 ) ) ;
#1560 = CARTESIAN_POINT ( 'NONE',  ( -28.99999999999999645, 0.000000000000000000, 7.900000000000002132 ) ) ;
#1561 = ORIENTED_EDGE ( 'NONE', *, *, #1509, .F. ) ;
#1562 = CARTESIAN_POINT ( 'NONE',  ( -29.70473129879543706, 16.90731277575655866, 5.820940507698966648 ) ) ;
#1563 = PLANE ( 'NONE',  #474 ) ;
#1564 = ORIENTED_EDGE ( 'NONE', *, *, #2383, .F. ) ;
#1565 = ORIENTED_EDGE ( 'NONE', *, *, #1896, .T. ) ;
#1566 = LINE ( 'NONE', #1127, #429 ) ;
#1567 =( NAMED_UNIT ( * ) SI_UNIT ( $, .STERADIAN. ) SOLID_ANGLE_UNIT ( ) );
#1568 = CIRCLE ( 'NONE', #2676, 1.999999999999999112 ) ;
#1569 = ORIENTED_EDGE ( 'NONE', *, *, #1365, .T. ) ;
#1570 = DIRECTION ( 'NONE',  ( 0.000000000000000000, 0.000000000000000000, -1.000000000000000000 ) ) ;
#1571 = DIRECTION ( 'NONE',  ( -1.000000000000000000, 0.000000000000000000, -3.464698462101725384E-15 ) ) ;
#1572 = AXIS2_PLACEMENT_3D ( 'NONE', #2336, #375, #1570 ) ;
#1573 = ADVANCED_FACE ( 'NONE', ( #868 ), #2549, .T. ) ;
#1574 = EDGE_LOOP ( 'NONE', ( #102, #2762 ) ) ;
#1575 = VECTOR ( 'NONE', #504, 1000.000000000000000 ) ;
#1576 = DIRECTION ( 'NONE',  ( -0.000000000000000000, -1.000000000000000000, -0.000000000000000000 ) ) ;
#1577 = LINE ( 'NONE', #1823, #522 ) ;
#1578 = EDGE_CURVE ( 'NONE', #2475, #553, #1673, .T. ) ;
#1579 = VECTOR ( 'NONE', #1148, 1000.000000000000000 ) ;
#1580 = AXIS2_PLACEMENT_3D ( 'NONE', #20, #2411, #1504 ) ;
#1581 = UNCERTAINTY_MEASURE_WITH_UNIT (LENGTH_MEASURE( 1.000000000000000082E-05 ), #1131, 'distance_accuracy_value', 'NONE');
#1582 = VERTEX_POINT ( 'NONE', #140 ) ;
#1583 = DIRECTION ( 'NONE',  ( 0.000000000000000000, -0.000000000000000000, 1.000000000000000000 ) ) ;
#1584 =( BOUNDED_SURFACE ( )  B_SPLINE_SURFACE ( 3, 3, ( 
 ( #895, #1830, #1612, #2570 ),
 ( #113, #93, #1113, #2993 ),
 ( #856, #1800, #2391, #1638 ),
 ( #1698, #3073, #945, #447 ) ),
 .UNSPECIFIED., .F., .F., .F. ) 
 B_SPLINE_SURFACE_WITH_KNOTS ( ( 4, 4 ),
 ( 4, 4 ),
 ( 0.000000000000000000, 1.000000000000000000 ),
 ( 0.000000000000000000, 1.000000000000000000 ),
 .UNSPECIFIED. ) 
 GEOMETRIC_REPRESENTATION_ITEM ( )  RATIONAL_B_SPLINE_SURFACE ( (
 ( 1.000000000000000000, 0.8107542797790704414, 0.8107542797790704414, 1.000000000000000000),
 ( 0.8066509726615009868, 0.6539957283732619198, 0.6539957283732619198, 0.8066509726615009868),
 ( 0.8066509726615009868, 0.6539957283732619198, 0.6539957283732619198, 0.8066509726615009868),
 ( 1.000000000000000000, 0.8107542797790704414, 0.8107542797790704414, 1.000000000000000000) ) ) 
 REPRESENTATION_ITEM ( '' )  SURFACE ( )  );
#1585 = PRESENTATION_LAYER_ASSIGNMENT (  '', '', ( #1733 ) ) ;
#1586 = AXIS2_PLACEMENT_3D ( 'NONE', #2650, #1936, #1982 ) ;
#1587 = ORIENTED_EDGE ( 'NONE', *, *, #2499, .T. ) ;
#1588 = FACE_OUTER_BOUND ( 'NONE', #3042, .T. ) ;
#1589 = DIRECTION ( 'NONE',  ( 0.000000000000000000, 1.000000000000000000, 0.000000000000000000 ) ) ;
#1590 = ORIENTED_EDGE ( 'NONE', *, *, #1955, .T. ) ;
#1591 = LINE ( 'NONE', #2275, #1579 ) ;
#1592 = CARTESIAN_POINT ( 'NONE',  ( -18.00000000000000355, 1.000000000000000000, 1.999999999999999112 ) ) ;
#1593 = CARTESIAN_POINT ( 'NONE',  ( -29.07780460190164362, 18.40000000000009095, 6.669808774359568204 ) ) ;
#1594 = CARTESIAN_POINT ( 'NONE',  ( 28.99999999999999289, 0.000000000000000000, -5.899999999999996803 ) ) ;
#1595 = ORIENTED_EDGE ( 'NONE', *, *, #1770, .T. ) ;
#1596 = EDGE_CURVE ( 'NONE', #1600, #341, #1316, .T. ) ;
#1597 = EDGE_CURVE ( 'NONE', #2430, #1341, #2573, .T. ) ;
#1598 = ORIENTED_EDGE ( 'NONE', *, *, #239, .F. ) ;
#1599 = CARTESIAN_POINT ( 'NONE',  ( 18.00000000000000355, 2.500000000000000444, 2.000000000000003553 ) ) ;
#1600 = VERTEX_POINT ( 'NONE', #2811 ) ;
#1601 = CARTESIAN_POINT ( 'NONE',  ( 29.07780460190163296, 17.79913263252105793, 7.286314923638597563 ) ) ;
#1602 = DIRECTION ( 'NONE',  ( 0.000000000000000000, -0.000000000000000000, 1.000000000000000000 ) ) ;
#1603 = ORIENTED_EDGE ( 'NONE', *, *, #1770, .F. ) ;
#1604 = FACE_OUTER_BOUND ( 'NONE', #1434, .T. ) ;
#1605 = PLANE ( 'NONE',  #1717 ) ;
#1606 = DIRECTION ( 'NONE',  ( 0.000000000000000000, -0.000000000000000000, 1.000000000000000000 ) ) ;
#1607 = ORIENTED_EDGE ( 'NONE', *, *, #2880, .F. ) ;
#1608 = ORIENTED_EDGE ( 'NONE', *, *, #1596, .F. ) ;
#1609 = DIRECTION ( 'NONE',  ( -1.000000000000000000, 0.000000000000000000, -0.000000000000000000 ) ) ;
#1610 = EDGE_CURVE ( 'NONE', #1531, #2046, #697, .T. ) ;
#1611 = MANIFOLD_SOLID_BREP ( 'Boss-Extrude4[4]', #495 ) ;
#1612 = CARTESIAN_POINT ( 'NONE',  ( 29.70473129879544416, 16.91219971696954261, -5.815926374011387345 ) ) ;
#1613 = EDGE_CURVE ( 'NONE', #436, #1022, #2174, .T. ) ;
#1614 = ORIENTED_EDGE ( 'NONE', *, *, #2462, .T. ) ;
#1615 = CARTESIAN_POINT ( 'NONE',  ( 29.69763087083476094, 17.78519453334259381, 6.316957942427210426 ) ) ;
#1616 = CARTESIAN_POINT ( 'NONE',  ( 28.20478091064725135, 16.89999999999999858, 7.900000000000002132 ) ) ;
#1617 = FACE_OUTER_BOUND ( 'NONE', #748, .T. ) ;
#1618 = LINE ( 'NONE', #1401, #2620 ) ;
#1619 = MANIFOLD_SOLID_BREP ( 'Boss-Extrude4[3]', #2090 ) ;
#1620 = CIRCLE ( 'NONE', #250, 1.999999999999999112 ) ;
#1621 = EDGE_LOOP ( 'NONE', ( #3009, #3019, #653, #1030 ) ) ;
#1622 = DIRECTION ( 'NONE',  ( 0.000000000000000000, 0.000000000000000000, 1.000000000000000000 ) ) ;
#1623 = PRESENTATION_LAYER_ASSIGNMENT (  '', '', ( #1383 ) ) ;
#1624 = DIRECTION ( 'NONE',  ( 0.000000000000000000, 0.000000000000000000, -1.000000000000000000 ) ) ;
#1625 = VECTOR ( 'NONE', #2576, 1000.000000000000000 ) ;
#1626 = DIRECTION ( 'NONE',  ( 0.000000000000000000, -0.000000000000000000, -1.000000000000000000 ) ) ;
#1627 = MECHANICAL_DESIGN_GEOMETRIC_PRESENTATION_REPRESENTATION (  '', ( #935 ), #1386 ) ;
#1628 = COLOUR_RGB ( '',0.7529411764705882248, 0.7529411764705882248, 0.7529411764705882248 ) ;
#1629 = MANIFOLD_SOLID_BREP ( 'Cut-Extrude8', #226 ) ;
#1630 = ORIENTED_EDGE ( 'NONE', *, *, #2720, .T. ) ;
#1631 = VECTOR ( 'NONE', #1167, 1000.000000000000000 ) ;
#1632 = ORIENTED_EDGE ( 'NONE', *, *, #1910, .T. ) ;
#1633 = AXIS2_PLACEMENT_3D ( 'NONE', #2157, #279, #2905 ) ;
#1634 = DIRECTION ( 'NONE',  ( -0.000000000000000000, -1.000000000000000000, -0.000000000000000000 ) ) ;
#1635 = ADVANCED_FACE ( 'NONE', ( #1870 ), #860, .F. ) ;
#1636 = ORIENTED_EDGE ( 'NONE', *, *, #2204, .F. ) ;
#1637 = EDGE_CURVE ( 'NONE', #2765, #2964, #1024, .T. ) ;
#1638 = CARTESIAN_POINT ( 'NONE',  ( 29.07780460190163296, 18.40000000000000924, -5.808924679140584857 ) ) ;
#1639 = DIRECTION ( 'NONE',  ( 0.000000000000000000, 0.000000000000000000, -1.000000000000000000 ) ) ;
#1640 = CARTESIAN_POINT ( 'NONE',  ( 2.899999999999999911, 1.000000000000000000, 4.711312818245939837 ) ) ;
#1641 = LINE ( 'NONE', #2591, #2477 ) ;
#1642 = CARTESIAN_POINT ( 'NONE',  ( -2.899999999999999911, 2.500000000000000444, -4.711312818245939837 ) ) ;
#1643 = MANIFOLD_SOLID_BREP ( 'Boss-Extrude4[2]', #3098 ) ;
#1644 = ORIENTED_EDGE ( 'NONE', *, *, #2364, .T. ) ;
#1645 = LINE ( 'NONE', #498, #360 ) ;
#1646 = PLANE ( 'NONE',  #489 ) ;
#1647 = CYLINDRICAL_SURFACE ( 'NONE', #2823, 1.999999999999999112 ) ;
#1648 = MANIFOLD_SOLID_BREP ( 'Boss-Extrude2[3]', #3041 ) ;
#1649 = ORIENTED_EDGE ( 'NONE', *, *, #379, .F. ) ;
#1650 = FACE_OUTER_BOUND ( 'NONE', #255, .T. ) ;
#1651 = DIRECTION ( 'NONE',  ( -0.000000000000000000, -1.000000000000000000, 0.000000000000000000 ) ) ;
#1652 = ORIENTED_EDGE ( 'NONE', *, *, #1397, .T. ) ;
#1653 = CARTESIAN_POINT ( 'NONE',  ( 30.00000000000000000, -1.815676087983762754E-16, -7.899999999999999467 ) ) ;
#1654 = EDGE_CURVE ( 'NONE', #2185, #2544, #814, .T. ) ;
#1655 = VERTEX_POINT ( 'NONE', #2056 ) ;
#1656 = DIRECTION ( 'NONE',  ( -0.000000000000000000, -1.000000000000000000, -0.000000000000000000 ) ) ;
#1657 = CARTESIAN_POINT ( 'NONE',  ( 2.899999999999999911, 1.000000000000000000, 6.865079230508256636 ) ) ;
#1658 = SURFACE_STYLE_USAGE ( .BOTH. , #464 ) ;
#1659 = CARTESIAN_POINT ( 'NONE',  ( -27.99999999999999645, 1.000000000000000000, -6.865079230508256636 ) ) ;
#1660 = EDGE_CURVE ( 'NONE', #198, #632, #2984, .T. ) ;
#1661 = EDGE_LOOP ( 'NONE', ( #1210, #2104, #2335, #548 ) ) ;
#1662 = CARTESIAN_POINT ( 'NONE',  ( 25.08249999999999957, -4.000000000000000000, -0.3174999999999983391 ) ) ;
#1663 = ORIENTED_EDGE ( 'NONE', *, *, #1179, .F. ) ;
#1664 = CARTESIAN_POINT ( 'NONE',  ( 27.99999999999999645, 0.000000000000000000, -7.899999999999999467 ) ) ;
#1665 = CARTESIAN_POINT ( 'NONE',  ( -18.00000000000000355, -6.692889895852577986, 1.999999999999999112 ) ) ;
#1666 = DIRECTION ( 'NONE',  ( 0.000000000000000000, 0.000000000000000000, -1.000000000000000000 ) ) ;
#1667 = ORIENTED_EDGE ( 'NONE', *, *, #426, .F. ) ;
#1668 = DIRECTION ( 'NONE',  ( 0.01744177813809447489, 0.9992388003036508648, 0.03489418781261448277 ) ) ;
#1669 = DIRECTION ( 'NONE',  ( 0.000000000000000000, -0.03489949670250114960, 0.9993908270190957621 ) ) ;
#1670 = EDGE_CURVE ( 'NONE', #1739, #11, #328, .T. ) ;
#1671 = LINE ( 'NONE', #973, #1049 ) ;
#1672 = DIRECTION ( 'NONE',  ( 2.013592869333790472E-16, -0.000000000000000000, -1.000000000000000000 ) ) ;
#1673 = CIRCLE ( 'NONE', #309, 1.999999999999999112 ) ;
#1674 = ORIENTED_EDGE ( 'NONE', *, *, #1736, .T. ) ;
#1675 = VECTOR ( 'NONE', #1694, 1000.000000000000000 ) ;
#1676 = ADVANCED_FACE ( 'NONE', ( #1102 ), #3013, .F. ) ;
#1677 = VECTOR ( 'NONE', #268, 1000.000000000000000 ) ;
#1678 = VECTOR ( 'NONE', #1854, 1000.000000000000000 ) ;
#1679 = VECTOR ( 'NONE', #1510, 1000.000000000000000 ) ;
#1680 = AXIS2_PLACEMENT_3D ( 'NONE', #1937, #1950, #1692 ) ;
#1681 = ORIENTED_EDGE ( 'NONE', *, *, #1275, .T. ) ;
#1682 = CARTESIAN_POINT ( 'NONE',  ( 0.3174999999999982281, -4.000000000000000000, -4.762500000000002842 ) ) ;
#1683 = CARTESIAN_POINT ( 'NONE',  ( -2.899999999999999911, 1.000000000000000000, -4.711312818245939837 ) ) ;
#1684 = ADVANCED_FACE ( 'NONE', ( #1774 ), #2501, .F. ) ;
#1685 = DIRECTION ( 'NONE',  ( 0.000000000000000000, 0.000000000000000000, 1.000000000000000000 ) ) ;
#1686 = CARTESIAN_POINT ( 'NONE',  ( -30.00000000000000000, 0.000000000000000000, 6.399999860745174907 ) ) ;
#1687 = ORIENTED_EDGE ( 'NONE', *, *, #2687, .T. ) ;
#1688 = PLANE ( 'NONE',  #210 ) ;
#1689 = CARTESIAN_POINT ( 'NONE',  ( 2.899999999999999467, 2.500000000000000000, 6.865079230508256636 ) ) ;
#1690 = CARTESIAN_POINT ( 'NONE',  ( -28.76123642113417844, 1.000000000000000000, 6.846224096541842385 ) ) ;
#1691 = CIRCLE ( 'NONE', #2734, 2.899999999999999911 ) ;
#1692 = DIRECTION ( 'NONE',  ( 0.000000000000000000, 0.000000000000000000, 1.000000000000000000 ) ) ;
#1693 = ORIENTED_EDGE ( 'NONE', *, *, #904, .F. ) ;
#1694 = DIRECTION ( 'NONE',  ( 0.000000000000000000, 1.000000000000000000, 0.000000000000000000 ) ) ;
#1695 = ADVANCED_FACE ( 'NONE', ( #2473 ), #2270, .F. ) ;
#1696 = EDGE_CURVE ( 'NONE', #2517, #1413, #99, .T. ) ;
#1697 = VECTOR ( 'NONE', #2363, 1000.000000000000000 ) ;
#1698 = CARTESIAN_POINT ( 'NONE',  ( 28.20478091064725135, 16.93853263071036253, -7.308429676255455476 ) ) ;
#1699 = FACE_OUTER_BOUND ( 'NONE', #285, .T. ) ;
#1700 = CARTESIAN_POINT ( 'NONE',  ( -27.99999999999999645, 18.39999999999999858, -7.257457841351840244 ) ) ;
#1701 = ORIENTED_EDGE ( 'NONE', *, *, #1539, .T. ) ;
#1702 = DIRECTION ( 'NONE',  ( -0.000000000000000000, -1.000000000000000000, -0.000000000000000000 ) ) ;
#1703 = CYLINDRICAL_SURFACE ( 'NONE', #2078, 2.899999999999999467 ) ;
#1704 = VERTEX_POINT ( 'NONE', #118 ) ;
#1705 = CARTESIAN_POINT ( 'NONE',  ( 18.00000000000000355, 2.500000000000000000, 2.000000000000003553 ) ) ;
#1706 = EDGE_CURVE ( 'NONE', #1992, #704, #1119, .T. ) ;
#1707 = ORIENTED_EDGE ( 'NONE', *, *, #1216, .F. ) ;
#1708 = EDGE_CURVE ( 'NONE', #89, #1548, #1162, .T. ) ;
#1709 = LINE ( 'NONE', #1309, #777 ) ;
#1710 = ORIENTED_EDGE ( 'NONE', *, *, #1142, .T. ) ;
#1711 = DIRECTION ( 'NONE',  ( 1.000000000000000000, 0.000000000000000000, -0.000000000000000000 ) ) ;
#1712 = PLANE ( 'NONE',  #2827 ) ;
#1713 = ORIENTED_EDGE ( 'NONE', *, *, #2588, .T. ) ;
#1714 = CARTESIAN_POINT ( 'NONE',  ( 28.99999999999999645, 0.000000000000000000, 6.399999860745174907 ) ) ;
#1715 = CARTESIAN_POINT ( 'NONE',  ( -29.00000000000000000, 1.000000000000000000, -6.531207530884596935 ) ) ;
#1716 = VECTOR ( 'NONE', #742, 1000.000000000000000 ) ;
#1717 = AXIS2_PLACEMENT_3D ( 'NONE', #439, #728, #2829 ) ;
#1718 = CARTESIAN_POINT ( 'NONE',  ( -28.50068526740549046, 0.000000000000000000, -6.899999999999998579 ) ) ;
#1719 = AXIS2_PLACEMENT_3D ( 'NONE', #579, #381, #153 ) ;
#1720 = AXIS2_PLACEMENT_3D ( 'NONE', #1742, #2470, #876 ) ;
#1721 = AXIS2_PLACEMENT_3D ( 'NONE', #2914, #782, #1234 ) ;
#1722 = EDGE_CURVE ( 'NONE', #1022, #2484, #1618, .T. ) ;
#1723 = ORIENTED_EDGE ( 'NONE', *, *, #131, .T. ) ;
#1724 = LINE ( 'NONE', #2208, #1925 ) ;
#1725 = AXIS2_PLACEMENT_3D ( 'NONE', #193, #2120, #1622 ) ;
#1726 = EDGE_CURVE ( 'NONE', #1398, #2947, #448, .T. ) ;
#1727 = CARTESIAN_POINT ( 'NONE',  ( 0.000000000000000000, 2.500000000000000000, 4.711312818245939837 ) ) ;
#1728 = VERTEX_POINT ( 'NONE', #947 ) ;
#1729 = CARTESIAN_POINT ( 'NONE',  ( -2.899999999999999911, 1.000000000000000000, -6.865079230508256636 ) ) ;
#1730 = CARTESIAN_POINT ( 'NONE',  ( -25.08249999999999957, 1.000000000000000000, 0.3175000000000017808 ) ) ;
#1731 = FILL_AREA_STYLE_COLOUR ( '', #2714 ) ;
#1732 = FACE_OUTER_BOUND ( 'NONE', #896, .T. ) ;
#1733 = STYLED_ITEM ( 'NONE', ( #2855 ), #2683 ) ;
#1734 = ORIENTED_EDGE ( 'NONE', *, *, #426, .T. ) ;
#1735 = DIRECTION ( 'NONE',  ( 0.000000000000000000, 0.000000000000000000, -1.000000000000000000 ) ) ;
#1736 = EDGE_CURVE ( 'NONE', #1463, #2298, #1884, .T. ) ;
#1737 = VECTOR ( 'NONE', #818, 1000.000000000000000 ) ;
#1738 = CARTESIAN_POINT ( 'NONE',  ( -28.99999999999999645, 1.000000000000000000, 5.899999999999998579 ) ) ;
#1739 = VERTEX_POINT ( 'NONE', #537 ) ;
#1740 = VERTEX_POINT ( 'NONE', #2450 ) ;
#1741 = CARTESIAN_POINT ( 'NONE',  ( 28.63147424481934777, 0.000000000000000000, 6.899999999999998579 ) ) ;
#1742 = CARTESIAN_POINT ( 'NONE',  ( -18.00000000000000355, 2.500000000000000000, 0.000000000000000000 ) ) ;
#1743 = ORIENTED_EDGE ( 'NONE', *, *, #805, .T. ) ;
#1744 = CARTESIAN_POINT ( 'NONE',  ( 18.00000000000000355, 1.000000000000000000, 4.391018798566292958E-15 ) ) ;
#1745 = CARTESIAN_POINT ( 'NONE',  ( 28.20478091064726911, 16.90000000000000568, 5.808924679141347802 ) ) ;
#1746 = ADVANCED_FACE ( 'NONE', ( #16 ), #2163, .F. ) ;
#1747 = ORIENTED_EDGE ( 'NONE', *, *, #1125, .T. ) ;
#1748 = ADVANCED_FACE ( 'NONE', ( #288 ), #1279, .F. ) ;
#1749 = CARTESIAN_POINT ( 'NONE',  ( 28.20478091064725135, 16.89999999999999858, -5.808924679141227898 ) ) ;
#1750 = EDGE_LOOP ( 'NONE', ( #2232, #1450, #2906, #872 ) ) ;
#1751 = DIRECTION ( 'NONE',  ( -0.000000000000000000, -1.000000000000000000, -0.000000000000000000 ) ) ;
#1752 = ADVANCED_FACE ( 'NONE', ( #1931 ), #507, .F. ) ;
#1753 = DIRECTION ( 'NONE',  ( 0.000000000000000000, -0.000000000000000000, -1.000000000000000000 ) ) ;
#1754 = CARTESIAN_POINT ( 'NONE',  ( 0.000000000000000000, -6.692889895852577986, -4.711312818245939837 ) ) ;
#1755 = ORIENTED_EDGE ( 'NONE', *, *, #1812, .T. ) ;
#1756 = PLANE ( 'NONE',  #2073 ) ;
#1757 = DIRECTION ( 'NONE',  ( -0.000000000000000000, -1.000000000000000000, -0.000000000000000000 ) ) ;
#1758 = ORIENTED_EDGE ( 'NONE', *, *, #1404, .F. ) ;
#1759 = EDGE_CURVE ( 'NONE', #1054, #1655, #1724, .T. ) ;
#1760 = LINE ( 'NONE', #2955, #1103 ) ;
#1761 = PLANE ( 'NONE',  #3024 ) ;
#1762 = CARTESIAN_POINT ( 'NONE',  ( 28.99999999999999645, 0.000000000000000000, -5.899999999999996803 ) ) ;
#1763 = ADVANCED_FACE ( 'NONE', ( #983 ), #1051, .F. ) ;
#1764 = DIRECTION ( 'NONE',  ( 0.000000000000000000, 0.000000000000000000, 1.000000000000000000 ) ) ;
#1765 = DIRECTION ( 'NONE',  ( -1.000000000000000000, -0.000000000000000000, 0.000000000000000000 ) ) ;
#1766 = VECTOR ( 'NONE', #954, 1000.000000000000114 ) ;
#1767 = AXIS2_PLACEMENT_3D ( 'NONE', #3014, #2115, #2102 ) ;
#1768 = VECTOR ( 'NONE', #1953, 1000.000000000000000 ) ;
#1769 = VECTOR ( 'NONE', #1829, 1000.000000000000000 ) ;
#1770 = EDGE_CURVE ( 'NONE', #22, #3066, #1810, .T. ) ;
#1771 = PLANE ( 'NONE',  #2521 ) ;
#1772 = ORIENTED_EDGE ( 'NONE', *, *, #2593, .F. ) ;
#1773 = CARTESIAN_POINT ( 'NONE',  ( -28.50068526740549046, 2.414213562373100253, 6.899999999999998579 ) ) ;
#1774 = FACE_OUTER_BOUND ( 'NONE', #785, .T. ) ;
#1775 = AXIS2_PLACEMENT_3D ( 'NONE', #2341, #2089, #181 ) ;
#1776 = ORIENTED_EDGE ( 'NONE', *, *, #68, .F. ) ;
#1777 = AXIS2_PLACEMENT_3D ( 'NONE', #75, #1073, #311 ) ;
#1778 = LINE ( 'NONE', #101, #2315 ) ;
#1779 = ORIENTED_EDGE ( 'NONE', *, *, #2468, .F. ) ;
#1780 = DIRECTION ( 'NONE',  ( 0.000000000000000000, 1.000000000000000000, 0.000000000000000000 ) ) ;
#1781 = CARTESIAN_POINT ( 'NONE',  ( 28.50068526740548691, 0.000000000000000000, -6.899999999999998579 ) ) ;
#1782 = ORIENTED_EDGE ( 'NONE', *, *, #1009, .T. ) ;
#1783 = EDGE_CURVE ( 'NONE', #2236, #3056, #470, .T. ) ;
#1784 = ADVANCED_FACE ( 'NONE', ( #217 ), #233, .T. ) ;
#1785 = AXIS2_PLACEMENT_3D ( 'NONE', #1372, #675, #2844 ) ;
#1786 = DIRECTION ( 'NONE',  ( -1.000000000000000000, -0.000000000000000000, 0.000000000000000000 ) ) ;
#1787 = DIRECTION ( 'NONE',  ( -0.000000000000000000, 0.000000000000000000, -1.000000000000000000 ) ) ;
#1788 = ORIENTED_EDGE ( 'NONE', *, *, #2835, .T. ) ;
#1789 = CARTESIAN_POINT ( 'NONE',  ( -25.71750000000000114, 1.000000000000000000, 0.3175000000000017808 ) ) ;
#1790 = EDGE_LOOP ( 'NONE', ( #1076, #2203, #1916, #957 ) ) ;
#1791 = CARTESIAN_POINT ( 'NONE',  ( -25.71750000000000114, -4.000000000000000000, 0.3175000000000017808 ) ) ;
#1792 = CARTESIAN_POINT ( 'NONE',  ( -25.71750000000000114, 1.000000000000000000, 0.3175000000000017808 ) ) ;
#1793 = ORIENTED_EDGE ( 'NONE', *, *, #647, .F. ) ;
#1794 = LINE ( 'NONE', #2041, #201 ) ;
#1795 = CARTESIAN_POINT ( 'NONE',  ( 28.63147424481934777, 0.000000000000000000, -6.899999999999998579 ) ) ;
#1796 = CARTESIAN_POINT ( 'NONE',  ( -27.99999999999999645, 0.000000000000000000, 7.899999999999999467 ) ) ;
#1797 = DIRECTION ( 'NONE',  ( 0.000000000000000000, 0.000000000000000000, 1.000000000000000000 ) ) ;
#1798 = ORIENTED_EDGE ( 'NONE', *, *, #750, .T. ) ;
#1799 = ADVANCED_FACE ( 'NONE', ( #2176 ), #1273, .F. ) ;
#1800 = CARTESIAN_POINT ( 'NONE',  ( 29.07780460190162941, 17.79913263252133504, -7.286314923638472330 ) ) ;
#1801 = DIRECTION ( 'NONE',  ( 1.000000000000000000, 0.000000000000000000, 0.000000000000000000 ) ) ;
#1802 = CARTESIAN_POINT ( 'NONE',  ( -27.99999999999999645, 0.000000000000000000, 7.900000000000002132 ) ) ;
#1803 = ORIENTED_EDGE ( 'NONE', *, *, #2295, .F. ) ;
#1804 = EDGE_CURVE ( 'NONE', #1147, #2100, #487, .T. ) ;
#1805 = CARTESIAN_POINT ( 'NONE',  ( -27.99999999999999645, 1.000000000000000000, -7.899999999999999467 ) ) ;
#1806 = CARTESIAN_POINT ( 'NONE',  ( 28.99999999999999645, 0.000000000000000000, -6.399999860745174907 ) ) ;
#1807 = CARTESIAN_POINT ( 'NONE',  ( -29.07780460190164362, 17.79913263252110767, 7.286314923638594010 ) ) ;
#1808 = CARTESIAN_POINT ( 'NONE',  ( -0.3175000000000017808, -4.000000000000000000, 4.762499999999999289 ) ) ;
#1809 = ORIENTED_EDGE ( 'NONE', *, *, #607, .F. ) ;
#1810 = B_SPLINE_CURVE_WITH_KNOTS ( 'NONE', 3,
 ( #2393, #225, #1220, #2152, #3113, #1474 ),
 .UNSPECIFIED., .F., .F.,
 ( 4, 2, 4 ),
 ( 3.576224061345498009E-18, 0.0003900902649455856535, 0.0007801805298911677292 ),
 .UNSPECIFIED. ) ;
#1811 = DIRECTION ( 'NONE',  ( -0.01744177813809449570, 0.9992388003036511979, -0.03489418781260735652 ) ) ;
#1812 = EDGE_CURVE ( 'NONE', #1059, #969, #1010, .T. ) ;
#1813 = VECTOR ( 'NONE', #349, 1000.000000000000000 ) ;
#1814 = FACE_OUTER_BOUND ( 'NONE', #2966, .T. ) ;
#1815 = EDGE_LOOP ( 'NONE', ( #2743, #2061, #1146, #209 ) ) ;
#1816 = CARTESIAN_POINT ( 'NONE',  ( -2.899999999999999467, 2.500000000000000000, 4.711312818245940726 ) ) ;
#1817 = CARTESIAN_POINT ( 'NONE',  ( 0.000000000000000000, -6.692889895852577986, -4.711312818245939837 ) ) ;
#1818 = VECTOR ( 'NONE', #1602, 1000.000000000000000 ) ;
#1819 = ADVANCED_FACE ( 'NONE', ( #1941 ), #267, .F. ) ;
#1820 = AXIS2_PLACEMENT_3D ( 'NONE', #2007, #845, #880 ) ;
#1821 = ORIENTED_EDGE ( 'NONE', *, *, #780, .F. ) ;
#1822 = CARTESIAN_POINT ( 'NONE',  ( -0.3175000000000017808, -4.000000000000000000, -5.397500000000002629 ) ) ;
#1823 = CARTESIAN_POINT ( 'NONE',  ( -18.00000000000000355, -6.692889895852577986, -1.999999999999999112 ) ) ;
#1824 = DIRECTION ( 'NONE',  ( 0.000000000000000000, 0.000000000000000000, 1.000000000000000000 ) ) ;
#1825 = VECTOR ( 'NONE', #227, 1000.000000000000000 ) ;
#1826 = VECTOR ( 'NONE', #1757, 1000.000000000000000 ) ;
#1827 = UNCERTAINTY_MEASURE_WITH_UNIT (LENGTH_MEASURE( 1.000000000000000082E-05 ), #1415, 'distance_accuracy_value', 'NONE');
#1828 = ORIENTED_EDGE ( 'NONE', *, *, #624, .F. ) ;
#1829 = DIRECTION ( 'NONE',  ( -0.000000000000000000, 0.000000000000000000, 1.000000000000000000 ) ) ;
#1830 = CARTESIAN_POINT ( 'NONE',  ( 29.70473129879544416, 16.90731277575655866, -5.820940507698844968 ) ) ;
#1831 = VECTOR ( 'NONE', #660, 1000.000000000000000 ) ;
#1832 = VECTOR ( 'NONE', #689, 1000.000000000000000 ) ;
#1833 = ORIENTED_EDGE ( 'NONE', *, *, #2364, .F. ) ;
#1834 = CARTESIAN_POINT ( 'NONE',  ( 29.69763087083475739, 17.78519453334257960, 5.808924679141320269 ) ) ;
#1835 = LINE ( 'NONE', #657, #1818 ) ;
#1836 = LINE ( 'NONE', #2779, #2143 ) ;
#1837 = EDGE_LOOP ( 'NONE', ( #912, #2240, #1287, #2598 ) ) ;
#1838 = DIRECTION ( 'NONE',  ( -0.000000000000000000, 0.000000000000000000, 1.000000000000000000 ) ) ;
#1839 = EDGE_CURVE ( 'NONE', #2236, #556, #2907, .T. ) ;
#1840 = FACE_OUTER_BOUND ( 'NONE', #2442, .T. ) ;
#1841 = EDGE_CURVE ( 'NONE', #726, #1041, #717, .T. ) ;
#1842 = FACE_OUTER_BOUND ( 'NONE', #1296, .T. ) ;
#1843 = EDGE_LOOP ( 'NONE', ( #2322, #1171, #2730, #791 ) ) ;
#1844 = PLANE ( 'NONE',  #576 ) ;
#1845 = EDGE_CURVE ( 'NONE', #2175, #341, #2611, .T. ) ;
#1846 = ORIENTED_EDGE ( 'NONE', *, *, #648, .T. ) ;
#1847 = CARTESIAN_POINT ( 'NONE',  ( 0.3174999999999982281, -4.000000000000000000, 0.000000000000000000 ) ) ;
#1848 = ORIENTED_EDGE ( 'NONE', *, *, #2850, .F. ) ;
#1849 = LINE ( 'NONE', #608, #783 ) ;
#1850 = DIRECTION ( 'NONE',  ( 0.01744177813809450958, -0.9992388003036508648, -0.03489418781261442726 ) ) ;
#1851 = B_SPLINE_CURVE_WITH_KNOTS ( 'NONE', 3,
 ( #98, #2485, #2211, #2023, #2246, #2726 ),
 .UNSPECIFIED., .F., .F.,
 ( 4, 2, 4 ),
 ( 3.576224061345498009E-18, 0.0003900902649455828888, 0.0007801805298911621998 ),
 .UNSPECIFIED. ) ;
#1852 = ORIENTED_EDGE ( 'NONE', *, *, #1502, .F. ) ;
#1853 = CARTESIAN_POINT ( 'NONE',  ( -2.899999999999999467, -6.692889895852577986, 6.865079230508256636 ) ) ;
#1854 = DIRECTION ( 'NONE',  ( -1.000000000000000000, -0.000000000000000000, -0.000000000000000000 ) ) ;
#1855 = FACE_OUTER_BOUND ( 'NONE', #611, .T. ) ;
#1856 = ADVANCED_FACE ( 'NONE', ( #25 ), #559, .F. ) ;
#1857 = EDGE_LOOP ( 'NONE', ( #1223, #2265, #1329, #817 ) ) ;
#1858 = ORIENTED_EDGE ( 'NONE', *, *, #838, .T. ) ;
#1859 = EDGE_CURVE ( 'NONE', #1064, #2964, #2670, .T. ) ;
#1860 = EDGE_LOOP ( 'NONE', ( #1061, #702, #1848, #1833, #1355, #592, #1169, #1809, #2772, #290, #1922, #1320, #764, #329, #1913, #2390, #930, #151, #1484, #2216, #2267, #86, #1456, #1561 ) ) ;
#1861 = PLANE ( 'NONE',  #1403 ) ;
#1862 = DIRECTION ( 'NONE',  ( -0.000000000000000000, -0.000000000000000000, 1.000000000000000000 ) ) ;
#1863 = LINE ( 'NONE', #690, #571 ) ;
#1864 = CARTESIAN_POINT ( 'NONE',  ( 2.899999999999999911, 1.000000000000000000, 6.865079230508256636 ) ) ;
#1865 = AXIS2_PLACEMENT_3D ( 'NONE', #172, #213, #2124 ) ;
#1866 = EDGE_CURVE ( 'NONE', #2725, #960, #2443, .T. ) ;
#1867 = VERTEX_POINT ( 'NONE', #2943 ) ;
#1868 = LINE ( 'NONE', #3060, #1060 ) ;
#1869 = AXIS2_PLACEMENT_3D ( 'NONE', #661, #2582, #2106 ) ;
#1870 = FACE_OUTER_BOUND ( 'NONE', #807, .T. ) ;
#1871 = VECTOR ( 'NONE', #1288, 1000.000000000000000 ) ;
#1872 = LINE ( 'NONE', #676, #2125 ) ;
#1873 = CARTESIAN_POINT ( 'NONE',  ( 25.71750000000000114, 1.000000000000000000, 0.3175000000000017808 ) ) ;
#1874 = VECTOR ( 'NONE', #2912, 1000.000000000000000 ) ;
#1875 = EDGE_LOOP ( 'NONE', ( #2084, #37, #1543, #2609 ) ) ;
#1876 = ORIENTED_EDGE ( 'NONE', *, *, #1397, .F. ) ;
#1877 = FACE_OUTER_BOUND ( 'NONE', #1837, .T. ) ;
#1878 = CIRCLE ( 'NONE', #2323, 1.499999999999999556 ) ;
#1879 = EDGE_CURVE ( 'NONE', #3106, #2870, #2699, .T. ) ;
#1880 = ADVANCED_FACE ( 'NONE', ( #2092 ), #1647, .T. ) ;
#1881 = AXIS2_PLACEMENT_3D ( 'NONE', #619, #2933, #1753 ) ;
#1882 = ORIENTED_EDGE ( 'NONE', *, *, #1129, .T. ) ;
#1883 = CARTESIAN_POINT ( 'NONE',  ( 2.899999999999999467, -6.692889895852577986, 6.865079230508256636 ) ) ;
#1884 = LINE ( 'NONE', #521, #2069 ) ;
#1885 = CARTESIAN_POINT ( 'NONE',  ( 18.00000000000000355, -6.692889895852577986, -1.999999999999994893 ) ) ;
#1886 = LINE ( 'NONE', #1642, #909 ) ;
#1887 = AXIS2_PLACEMENT_3D ( 'NONE', #1384, #2376, #2564 ) ;
#1888 = VERTEX_POINT ( 'NONE', #1177 ) ;
#1889 = DIRECTION ( 'NONE',  ( -0.000000000000000000, -1.000000000000000000, -0.000000000000000000 ) ) ;
#1890 = DIRECTION ( 'NONE',  ( -1.000000000000000000, -0.000000000000000000, 0.000000000000000000 ) ) ;
#1891 = CARTESIAN_POINT ( 'NONE',  ( 30.00000000000000000, 0.000000000000000000, 5.899999999999998579 ) ) ;
#1892 = EDGE_LOOP ( 'NONE', ( #2967, #1375, #933, #2911 ) ) ;
#1893 = DIRECTION ( 'NONE',  ( 0.000000000000000000, 1.000000000000000000, 0.000000000000000000 ) ) ;
#1894 = DIRECTION ( 'NONE',  ( 0.000000000000000000, 0.000000000000000000, 1.000000000000000000 ) ) ;
#1895 = CARTESIAN_POINT ( 'NONE',  ( -25.71750000000000114, -4.000000000000000000, 0.3175000000000017808 ) ) ;
#1896 = EDGE_CURVE ( 'NONE', #58, #142, #2359, .T. ) ;
#1897 = ORIENTED_EDGE ( 'NONE', *, *, #162, .F. ) ;
#1898 =( LENGTH_UNIT ( ) NAMED_UNIT ( * ) SI_UNIT ( .MILLI., .METRE. ) );
#1899 = CARTESIAN_POINT ( 'NONE',  ( -2.899999999999999467, 2.500000000000000000, -4.711312818245939837 ) ) ;
#1900 =( BOUNDED_CURVE ( )  B_SPLINE_CURVE ( 3, ( #567, #2483, #1053, #861 ),
 .UNSPECIFIED., .F., .F. ) 
 B_SPLINE_CURVE_WITH_KNOTS ( ( 4, 4 ),
 ( 5.176219319955751352, 6.746406566512082925 ),
 .UNSPECIFIED. ) 
 CURVE ( )  GEOMETRIC_REPRESENTATION_ITEM ( )  RATIONAL_B_SPLINE_CURVE ( ( 1.000000000000000000, 0.8048813938510064325, 0.8048813938510064325, 1.000000000000000000 ) ) 
 REPRESENTATION_ITEM ( '' )  );
#1901 = EDGE_CURVE ( 'NONE', #1443, #556, #2107, .T. ) ;
#1902 = VERTEX_POINT ( 'NONE', #928 ) ;
#1903 = CARTESIAN_POINT ( 'NONE',  ( -28.50068526740549402, 0.000000000000000000, -7.900000000000000355 ) ) ;
#1904 = CARTESIAN_POINT ( 'NONE',  ( -25.71750000000000114, -4.000000000000000000, 0.3175000000000017808 ) ) ;
#1905 = CARTESIAN_POINT ( 'NONE',  ( -30.00000000000000000, 0.000000000000000000, 7.900000000000002132 ) ) ;
#1906 = CARTESIAN_POINT ( 'NONE',  ( 28.20478091064726556, 16.89999999999999858, 5.808924679141346914 ) ) ;
#1907 = VERTEX_POINT ( 'NONE', #484 ) ;
#1908 = CARTESIAN_POINT ( 'NONE',  ( -0.3175000000000017808, -4.000000000000000000, -5.397500000000002629 ) ) ;
#1909 = CARTESIAN_POINT ( 'NONE',  ( 0.000000000000000000, -4.000000000000000000, -0.3174999999999983391 ) ) ;
#1910 = EDGE_CURVE ( 'NONE', #2340, #799, #1872, .T. ) ;
#1911 = CARTESIAN_POINT ( 'NONE',  ( 28.99999999999999645, 2.414213562373100253, -5.899999999999996803 ) ) ;
#1912 = EDGE_LOOP ( 'NONE', ( #2809, #302, #459, #2434, #1091 ) ) ;
#1913 = ORIENTED_EDGE ( 'NONE', *, *, #1539, .F. ) ;
#1914 = CARTESIAN_POINT ( 'NONE',  ( 29.99999999999999289, -4.539190219959406886E-17, -6.399999860745174907 ) ) ;
#1915 = CARTESIAN_POINT ( 'NONE',  ( -18.00000000000000355, 1.000000000000000000, 0.000000000000000000 ) ) ;
#1916 = ORIENTED_EDGE ( 'NONE', *, *, #3050, .T. ) ;
#1917 = CARTESIAN_POINT ( 'NONE',  ( 28.20478091064725490, 16.89999999999999858, -5.808924679141227898 ) ) ;
#1918 = AXIS2_PLACEMENT_3D ( 'NONE', #317, #3004, #334 ) ;
#1919 = ADVANCED_FACE ( 'NONE', ( #1840 ), #2846, .F. ) ;
#1920 = CARTESIAN_POINT ( 'NONE',  ( -28.99999999999999645, 2.414213562373100253, -6.399999860745174907 ) ) ;
#1921 =( GEOMETRIC_REPRESENTATION_CONTEXT ( 3 ) GLOBAL_UNCERTAINTY_ASSIGNED_CONTEXT ( ( #549 ) ) GLOBAL_UNIT_ASSIGNED_CONTEXT ( ( #2377, #903, #3049 ) ) REPRESENTATION_CONTEXT ( 'NONE', 'WORKASPACE' ) );
#1922 = ORIENTED_EDGE ( 'NONE', *, *, #2835, .F. ) ;
#1923 = VECTOR ( 'NONE', #1416, 1000.000000000000000 ) ;
#1924 = DIRECTION ( 'NONE',  ( 1.000000000000000000, 0.000000000000000000, 0.000000000000000000 ) ) ;
#1925 = VECTOR ( 'NONE', #48, 1000.000000000000000 ) ;
#1926 = VECTOR ( 'NONE', #1349, 1000.000000000000000 ) ;
#1927 = DIRECTION ( 'NONE',  ( 1.000000000000000000, -0.000000000000000000, 0.000000000000000000 ) ) ;
#1928 = VECTOR ( 'NONE', #2418, 1000.000000000000000 ) ;
#1929 = ORIENTED_EDGE ( 'NONE', *, *, #1179, .T. ) ;
#1930 = CARTESIAN_POINT ( 'NONE',  ( 18.00000000000000355, 2.500000000000000444, -1.999999999999994893 ) ) ;
#1931 = FACE_OUTER_BOUND ( 'NONE', #2705, .T. ) ;
#1932 =( GEOMETRIC_REPRESENTATION_CONTEXT ( 3 ) GLOBAL_UNCERTAINTY_ASSIGNED_CONTEXT ( ( #2460 ) ) GLOBAL_UNIT_ASSIGNED_CONTEXT ( ( #240, #2449, #1567 ) ) REPRESENTATION_CONTEXT ( 'NONE', 'WORKASPACE' ) );
#1933 = DIRECTION ( 'NONE',  ( 0.000000000000000000, 0.000000000000000000, -1.000000000000000000 ) ) ;
#1934 = EDGE_LOOP ( 'NONE', ( #1636, #325, #345, #1141 ) ) ;
#1935 = DIRECTION ( 'NONE',  ( 0.000000000000000000, 1.000000000000000000, 0.000000000000000000 ) ) ;
#1936 = DIRECTION ( 'NONE',  ( -0.000000000000000000, -1.000000000000000000, -0.000000000000000000 ) ) ;
#1937 = CARTESIAN_POINT ( 'NONE',  ( -27.99999999999999645, 0.000000000000000000, -7.899999999999999467 ) ) ;
#1938 = ORIENTED_EDGE ( 'NONE', *, *, #2087, .F. ) ;
#1939 = EDGE_CURVE ( 'NONE', #3000, #1413, #1448, .T. ) ;
#1940 = DIRECTION ( 'NONE',  ( -0.000000000000000000, -1.000000000000000000, -0.000000000000000000 ) ) ;
#1941 = FACE_OUTER_BOUND ( 'NONE', #2422, .T. ) ;
#1942 = DIRECTION ( 'NONE',  ( 0.000000000000000000, 0.000000000000000000, 1.000000000000000000 ) ) ;
#1943 = ADVANCED_FACE ( 'NONE', ( #3083 ), #2344, .F. ) ;
#1944 = DIRECTION ( 'NONE',  ( 1.000000000000000000, 0.000000000000000000, -0.000000000000000000 ) ) ;
#1945 = DIRECTION ( 'NONE',  ( 0.000000000000000000, -0.03489949670250114960, 0.9993908270190957621 ) ) ;
#1946 = DIRECTION ( 'NONE',  ( 0.000000000000000000, 0.000000000000000000, -1.000000000000000000 ) ) ;
#1947 = CARTESIAN_POINT ( 'NONE',  ( -30.00000000000000000, 0.000000000000000000, -7.899999999999999467 ) ) ;
#1948 = DIRECTION ( 'NONE',  ( -0.000000000000000000, -1.000000000000000000, -0.000000000000000000 ) ) ;
#1949 = ORIENTED_EDGE ( 'NONE', *, *, #1518, .T. ) ;
#1950 = DIRECTION ( 'NONE',  ( -1.000000000000000000, 0.000000000000000000, 0.000000000000000000 ) ) ;
#1951 = ORIENTED_EDGE ( 'NONE', *, *, #975, .T. ) ;
#1952 = CARTESIAN_POINT ( 'NONE',  ( 0.3174999999999982281, -4.000000000000000000, 4.762500000000002842 ) ) ;
#1953 = DIRECTION ( 'NONE',  ( 1.000000000000000000, 0.000000000000000000, 0.000000000000000000 ) ) ;
#1954 = CARTESIAN_POINT ( 'NONE',  ( 2.899999999999999467, 2.500000000000000000, 4.711312818245939837 ) ) ;
#1955 = EDGE_CURVE ( 'NONE', #2293, #3106, #2479, .T. ) ;
#1956 = ADVANCED_FACE ( 'NONE', ( #1168 ), #1605, .F. ) ;
#1957 = VERTEX_POINT ( 'NONE', #699 ) ;
#1958 = CARTESIAN_POINT ( 'NONE',  ( -0.3175000000000017808, 1.000000000000000000, -4.762500000000000178 ) ) ;
#1959 = EDGE_LOOP ( 'NONE', ( #249, #1663, #1333, #2871 ) ) ;
#1960 = ORIENTED_EDGE ( 'NONE', *, *, #1256, .F. ) ;
#1961 = CYLINDRICAL_SURFACE ( 'NONE', #1453, 1.499999999999998224 ) ;
#1962 = DIRECTION ( 'NONE',  ( -0.000000000000000000, 0.000000000000000000, -1.000000000000000000 ) ) ;
#1963 = DIRECTION ( 'NONE',  ( -0.000000000000000000, -0.000000000000000000, -1.000000000000000000 ) ) ;
#1964 = ORIENTED_EDGE ( 'NONE', *, *, #70, .F. ) ;
#1965 = DIRECTION ( 'NONE',  ( 0.000000000000000000, -0.000000000000000000, -1.000000000000000000 ) ) ;
#1966 = CIRCLE ( 'NONE', #9, 1.999999999999999112 ) ;
#1967 = VECTOR ( 'NONE', #2459, 1000.000000000000000 ) ;
#1968 = ORIENTED_EDGE ( 'NONE', *, *, #2536, .F. ) ;
#1969 = LINE ( 'NONE', #1990, #1679 ) ;
#1970 = MECHANICAL_DESIGN_GEOMETRIC_PRESENTATION_REPRESENTATION (  '', ( #2972 ), #1921 ) ;
#1971 = AXIS2_PLACEMENT_3D ( 'NONE', #2822, #1173, #1132 ) ;
#1972 = CIRCLE ( 'NONE', #2226, 1.999999999999999112 ) ;
#1973 = ORIENTED_EDGE ( 'NONE', *, *, #1939, .F. ) ;
#1974 = ADVANCED_FACE ( 'NONE', ( #1420 ), #3051, .F. ) ;
#1975 = CARTESIAN_POINT ( 'NONE',  ( 28.76123642113417844, 0.000000000000000000, 6.846224096541842385 ) ) ;
#1976 = CARTESIAN_POINT ( 'NONE',  ( 0.000000000000000000, 2.500000000000000000, 4.711312818245939837 ) ) ;
#1977 = AXIS2_PLACEMENT_3D ( 'NONE', #952, #2843, #3047 ) ;
#1978 = CARTESIAN_POINT ( 'NONE',  ( -25.71750000000000114, -4.000000000000000000, -0.3174999999999983391 ) ) ;
#1979 = ORIENTED_EDGE ( 'NONE', *, *, #1074, .F. ) ;
#1980 = EDGE_CURVE ( 'NONE', #2109, #511, #1671, .T. ) ;
#1981 = DIRECTION ( 'NONE',  ( 0.000000000000000000, 0.000000000000000000, -1.000000000000000000 ) ) ;
#1982 = DIRECTION ( 'NONE',  ( 0.000000000000000000, 0.000000000000000000, -1.000000000000000000 ) ) ;
#1983 = FILL_AREA_STYLE_COLOUR ( '', #2766 ) ;
#1984 = LINE ( 'NONE', #2940, #1020 ) ;
#1985 = VERTEX_POINT ( 'NONE', #1226 ) ;
#1986 = CARTESIAN_POINT ( 'NONE',  ( 28.63147424481934777, 1.000000000000000000, 6.899999999999998579 ) ) ;
#1987 = DIRECTION ( 'NONE',  ( 0.000000000000000000, 0.000000000000000000, -1.000000000000000000 ) ) ;
#1988 = DIRECTION ( 'NONE',  ( 1.000000000000000000, 0.000000000000000000, -0.000000000000000000 ) ) ;
#1989 = VECTOR ( 'NONE', #1571, 1000.000000000000000 ) ;
#1990 = CARTESIAN_POINT ( 'NONE',  ( -2.899999999999999911, 1.000000000000000000, -7.899999999999999467 ) ) ;
#1991 = AXIS2_PLACEMENT_3D ( 'NONE', #692, #2103, #924 ) ;
#1992 = VERTEX_POINT ( 'NONE', #662 ) ;
#1993 = EDGE_CURVE ( 'NONE', #2657, #658, #2565, .T. ) ;
#1994 = CARTESIAN_POINT ( 'NONE',  ( 29.00000000000000000, 1.000000000000000000, -6.531207530884596935 ) ) ;
#1995 = VERTEX_POINT ( 'NONE', #2718 ) ;
#1996 = LINE ( 'NONE', #1529, #2767 ) ;
#1997 = CARTESIAN_POINT ( 'NONE',  ( -27.99999999999999645, 0.000000000000000000, -6.900000000000000355 ) ) ;
#1998 = ORIENTED_EDGE ( 'NONE', *, *, #508, .F. ) ;
#1999 = DIRECTION ( 'NONE',  ( -0.01745240643729146710, -0.9998476951563910475, 0.000000000000000000 ) ) ;
#2000 = CYLINDRICAL_SURFACE ( 'NONE', #703, 1.499999999999999556 ) ;
#2001 = CARTESIAN_POINT ( 'NONE',  ( -29.07780460190163296, 16.93853263071035542, 7.308429676255575380 ) ) ;
#2002 = LINE ( 'NONE', #2031, #3068 ) ;
#2003 = CARTESIAN_POINT ( 'NONE',  ( 2.899999999999999467, 2.500000000000000000, -6.865079230508256636 ) ) ;
#2004 = CARTESIAN_POINT ( 'NONE',  ( -25.71750000000000114, -4.000000000000000000, 0.3175000000000017808 ) ) ;
#2005 = ORIENTED_EDGE ( 'NONE', *, *, #798, .F. ) ;
#2006 = CYLINDRICAL_SURFACE ( 'NONE', #389, 1.999999999999999112 ) ;
#2007 = CARTESIAN_POINT ( 'NONE',  ( -2.899999999999999467, -6.692889895852577986, 6.865079230508256636 ) ) ;
#2008 = ORIENTED_EDGE ( 'NONE', *, *, #1736, .F. ) ;
#2009 = DIRECTION ( 'NONE',  ( 0.000000000000000000, 0.000000000000000000, 1.000000000000000000 ) ) ;
#2010 = ORIENTED_EDGE ( 'NONE', *, *, #2535, .T. ) ;
#2011 = CARTESIAN_POINT ( 'NONE',  ( 25.71750000000000114, -4.000000000000000000, 0.3175000000000017808 ) ) ;
#2012 = CARTESIAN_POINT ( 'NONE',  ( -29.69763087083476805, 17.78519453334257605, 5.808924679141250991 ) ) ;
#2013 = ADVANCED_FACE ( 'NONE', ( #582 ), #42, .T. ) ;
#2014 = LINE ( 'NONE', #2971, #996 ) ;
#2015 = UNCERTAINTY_MEASURE_WITH_UNIT (LENGTH_MEASURE( 1.000000000000000082E-05 ), #2722, 'distance_accuracy_value', 'NONE');
#2016 = AXIS2_PLACEMENT_3D ( 'NONE', #354, #306, #1334 ) ;
#2017 = VECTOR ( 'NONE', #2248, 1000.000000000000000 ) ;
#2018 = CARTESIAN_POINT ( 'NONE',  ( -30.00000000000000711, 0.000000000000000000, 5.899999999999998579 ) ) ;
#2019 = VECTOR ( 'NONE', #3089, 1000.000000000000000 ) ;
#2020 = ORIENTED_EDGE ( 'NONE', *, *, #469, .T. ) ;
#2021 = CARTESIAN_POINT ( 'NONE',  ( 0.000000000000000000, 2.500000000000000444, -4.711312818245939837 ) ) ;
#2022 = ORIENTED_EDGE ( 'NONE', *, *, #2259, .T. ) ;
#2023 = CARTESIAN_POINT ( 'NONE',  ( -28.94605939899263802, 0.000000000000000000, -6.661316627484001884 ) ) ;
#2024 = FILL_AREA_STYLE_COLOUR ( '', #2429 ) ;
#2025 = VECTOR ( 'NONE', #1786, 1000.000000000000000 ) ;
#2026 = CARTESIAN_POINT ( 'NONE',  ( 0.000000000000000000, 1.000000000000000000, -4.711312818245939837 ) ) ;
#2027 = VERTEX_POINT ( 'NONE', #2690 ) ;
#2028 = CARTESIAN_POINT ( 'NONE',  ( 28.20478091064725845, 18.39999999999999858, 5.808924679141346914 ) ) ;
#2029 = CARTESIAN_POINT ( 'NONE',  ( -28.20478091064726200, 16.93853263071035897, 7.308429676255574492 ) ) ;
#2030 = VECTOR ( 'NONE', #30, 1000.000000000000000 ) ;
#2031 = CARTESIAN_POINT ( 'NONE',  ( -2.899999999999999467, 2.500000000000000000, 6.865079230508256636 ) ) ;
#2032 = EDGE_CURVE ( 'NONE', #944, #3020, #362, .T. ) ;
#2033 = ORIENTED_EDGE ( 'NONE', *, *, #1859, .T. ) ;
#2034 = ORIENTED_EDGE ( 'NONE', *, *, #647, .T. ) ;
#2035 = ADVANCED_FACE ( 'NONE', ( #1107 ), #1761, .F. ) ;
#2036 = CARTESIAN_POINT ( 'NONE',  ( -25.08249999999999957, -4.000000000000000000, -0.3174999999999983391 ) ) ;
#2037 = EDGE_LOOP ( 'NONE', ( #1526, #3057, #31, #97 ) ) ;
#2038 = CARTESIAN_POINT ( 'NONE',  ( 18.00000000000000355, 1.000000000000000000, -1.999999999999994893 ) ) ;
#2039 = CARTESIAN_POINT ( 'NONE',  ( -2.899999999999999467, 2.500000000000000000, 4.711312818245939837 ) ) ;
#2040 = ORIENTED_EDGE ( 'NONE', *, *, #145, .F. ) ;
#2041 = CARTESIAN_POINT ( 'NONE',  ( 0.000000000000000000, 1.000000000000000000, -0.3174999999999983391 ) ) ;
#2042 = CARTESIAN_POINT ( 'NONE',  ( 29.00000000000000000, 0.000000000000000000, -6.531207530884596935 ) ) ;
#2043 = LINE ( 'NONE', #2987, #3 ) ;
#2044 = FACE_OUTER_BOUND ( 'NONE', #2437, .T. ) ;
#2045 = CARTESIAN_POINT ( 'NONE',  ( -29.00000000000000000, 1.000000000000000000, 6.531207530884596935 ) ) ;
#2046 = VERTEX_POINT ( 'NONE', #1550 ) ;
#2047 = EDGE_LOOP ( 'NONE', ( #2638, #2896, #1590, #1391 ) ) ;
#2048 = LINE ( 'NONE', #2785, #2321 ) ;
#2049 = ADVANCED_FACE ( 'NONE', ( #2506 ), #348, .F. ) ;
#2050 = CARTESIAN_POINT ( 'NONE',  ( 25.71750000000000114, -4.000000000000000000, 0.000000000000000000 ) ) ;
#2051 = CARTESIAN_POINT ( 'NONE',  ( -28.20478091064726200, 16.90000000000000568, 5.808924679141347802 ) ) ;
#2052 = EDGE_CURVE ( 'NONE', #2958, #2071, #851, .T. ) ;
#2053 = ADVANCED_FACE ( 'NONE', ( #2044 ), #2706, .F. ) ;
#2054 = ORIENTED_EDGE ( 'NONE', *, *, #984, .T. ) ;
#2055 = DIRECTION ( 'NONE',  ( 0.000000000000000000, 1.000000000000000000, 0.000000000000000000 ) ) ;
#2056 = CARTESIAN_POINT ( 'NONE',  ( 28.99999999999999645, 0.000000000000000000, -6.399999860745173130 ) ) ;
#2057 = LINE ( 'NONE', #1402, #2378 ) ;
#2058 = EDGE_LOOP ( 'NONE', ( #2309, #147, #1608, #2330 ) ) ;
#2059 = LINE ( 'NONE', #2794, #1195 ) ;
#2060 = CARTESIAN_POINT ( 'NONE',  ( -28.76123642113417844, 1.000000000000000000, 6.846224096541842385 ) ) ;
#2061 = ORIENTED_EDGE ( 'NONE', *, *, #403, .F. ) ;
#2062 = LINE ( 'NONE', #387, #1387 ) ;
#2063 = MECHANICAL_DESIGN_GEOMETRIC_PRESENTATION_REPRESENTATION (  '', ( #2121 ), #830 ) ;
#2064 = VECTOR ( 'NONE', #2948, 1000.000000000000000 ) ;
#2065 = EDGE_CURVE ( 'NONE', #436, #2293, #1101, .T. ) ;
#2066 = EDGE_CURVE ( 'NONE', #1041, #2027, #1996, .T. ) ;
#2067 = VERTEX_POINT ( 'NONE', #117 ) ;
#2068 = CARTESIAN_POINT ( 'NONE',  ( 29.98254493507177187, 1.000000000000000222, 5.899999999999998579 ) ) ;
#2069 = VECTOR ( 'NONE', #1497, 1000.000000000000000 ) ;
#2070 = ADVANCED_FACE ( 'NONE', ( #1311 ), #800, .F. ) ;
#2071 = VERTEX_POINT ( 'NONE', #342 ) ;
#2072 = EDGE_LOOP ( 'NONE', ( #2195, #2503, #710, #3116 ) ) ;
#2073 = AXIS2_PLACEMENT_3D ( 'NONE', #2215, #2009, #2686 ) ;
#2074 = LINE ( 'NONE', #412, #2721 ) ;
#2075 = CIRCLE ( 'NONE', #1251, 1.499999999999999556 ) ;
#2076 = CARTESIAN_POINT ( 'NONE',  ( -30.00000000000000000, 0.000000000000000000, 6.900000000000000355 ) ) ;
#2077 = PLANE ( 'NONE',  #1865 ) ;
#2078 = AXIS2_PLACEMENT_3D ( 'NONE', #1284, #2171, #8 ) ;
#2079 = CARTESIAN_POINT ( 'NONE',  ( 29.70455245338184369, 16.92617860965592413, -5.808924679141216352 ) ) ;
#2080 = ORIENTED_EDGE ( 'NONE', *, *, #1896, .F. ) ;
#2081 = ORIENTED_EDGE ( 'NONE', *, *, #1256, .T. ) ;
#2082 = CARTESIAN_POINT ( 'NONE',  ( 2.899999999999999911, -6.692889895852577986, 4.711312818245939837 ) ) ;
#2083 = VECTOR ( 'NONE', #2728, 1000.000000000000000 ) ;
#2084 = ORIENTED_EDGE ( 'NONE', *, *, #2130, .T. ) ;
#2085 = CARTESIAN_POINT ( 'NONE',  ( 28.20478091064725490, 17.79913263252105438, 7.286314923638594898 ) ) ;
#2086 = FACE_OUTER_BOUND ( 'NONE', #1174, .T. ) ;
#2087 = EDGE_CURVE ( 'NONE', #198, #2243, #1620, .T. ) ;
#2088 = ORIENTED_EDGE ( 'NONE', *, *, #1275, .F. ) ;
#2089 = DIRECTION ( 'NONE',  ( -0.01744177813809451652, -0.9992388003036511979, 0.03489418781260737734 ) ) ;
#2090 = CLOSED_SHELL ( 'NONE', ( #855, #2936, #993, #2680, #80, #2884 ) ) ;
#2091 = LINE ( 'NONE', #2076, #2283 ) ;
#2092 = FACE_OUTER_BOUND ( 'NONE', #2037, .T. ) ;
#2093 = EDGE_CURVE ( 'NONE', #341, #2531, #1117, .T. ) ;
#2094 = PLANE ( 'NONE',  #1151 ) ;
#2095 = DIRECTION ( 'NONE',  ( 0.000000000000000000, -0.000000000000000000, -1.000000000000000000 ) ) ;
#2096 = ORIENTED_EDGE ( 'NONE', *, *, #3032, .T. ) ;
#2097 = CYLINDRICAL_SURFACE ( 'NONE', #1265, 1.999999999999999112 ) ;
#2098 = ORIENTED_EDGE ( 'NONE', *, *, #1901, .T. ) ;
#2099 = EDGE_CURVE ( 'NONE', #799, #2384, #1851, .T. ) ;
#2100 = VERTEX_POINT ( 'NONE', #2038 ) ;
#2101 = DIRECTION ( 'NONE',  ( -0.000000000000000000, -0.000000000000000000, -1.000000000000000000 ) ) ;
#2102 = DIRECTION ( 'NONE',  ( 0.000000000000000000, 0.000000000000000000, -1.000000000000000000 ) ) ;
#2103 = DIRECTION ( 'NONE',  ( 0.000000000000000000, 0.000000000000000000, 1.000000000000000000 ) ) ;
#2104 = ORIENTED_EDGE ( 'NONE', *, *, #183, .F. ) ;
#2105 = DIRECTION ( 'NONE',  ( -0.01745240643728354635, 0.9998476951563911586, 0.000000000000000000 ) ) ;
#2106 = DIRECTION ( 'NONE',  ( 0.000000000000000000, 0.000000000000000000, -1.000000000000000000 ) ) ;
#2107 = LINE ( 'NONE', #229, #368 ) ;
#2108 = DIRECTION ( 'NONE',  ( -1.000000000000000000, 0.000000000000000000, 0.000000000000000000 ) ) ;
#2109 = VERTEX_POINT ( 'NONE', #2982 ) ;
#2110 = ADVANCED_FACE ( 'NONE', ( #84 ), #842, .F. ) ;
#2111 = ORIENTED_EDGE ( 'NONE', *, *, #1343, .F. ) ;
#2112 = LINE ( 'NONE', #934, #949 ) ;
#2113 = VERTEX_POINT ( 'NONE', #1729 ) ;
#2114 = DIRECTION ( 'NONE',  ( 8.881784197001252323E-16, 0.000000000000000000, 1.000000000000000000 ) ) ;
#2115 = DIRECTION ( 'NONE',  ( 1.000000000000000000, -0.000000000000000000, 0.000000000000000000 ) ) ;
#2116 = LINE ( 'NONE', #1250, #2596 ) ;
#2117 = VECTOR ( 'NONE', #510, 1000.000000000000114 ) ;
#2118 = CIRCLE ( 'NONE', #10, 2.899999999999999911 ) ;
#2119 = EDGE_LOOP ( 'NONE', ( #482, #2368, #1758, #2801 ) ) ;
#2120 = DIRECTION ( 'NONE',  ( -0.000000000000000000, -1.000000000000000000, -0.000000000000000000 ) ) ;
#2121 = STYLED_ITEM ( 'NONE', ( #1268 ), #1619 ) ;
#2122 = LINE ( 'NONE', #1419, #2634 ) ;
#2123 = CARTESIAN_POINT ( 'NONE',  ( -30.00000000000000000, 0.000000000000000000, 7.899999999999999467 ) ) ;
#2124 = DIRECTION ( 'NONE',  ( 0.000000000000000000, -0.000000000000000000, 1.000000000000000000 ) ) ;
#2125 = VECTOR ( 'NONE', #2398, 1000.000000000000000 ) ;
#2126 = DIRECTION ( 'NONE',  ( -1.000000000000000000, -0.000000000000000000, -0.000000000000000000 ) ) ;
#2127 = ORIENTED_EDGE ( 'NONE', *, *, #1244, .T. ) ;
#2128 = VECTOR ( 'NONE', #2167, 1000.000000000000000 ) ;
#2129 = EDGE_LOOP ( 'NONE', ( #2991, #979, #418, #1876 ) ) ;
#2130 = EDGE_CURVE ( 'NONE', #3020, #1008, #2682, .T. ) ;
#2131 = LINE ( 'NONE', #2599, #1575 ) ;
#2132 = EDGE_CURVE ( 'NONE', #3106, #1022, #1260, .T. ) ;
#2133 = ORIENTED_EDGE ( 'NONE', *, *, #2439, .F. ) ;
#2134 = CARTESIAN_POINT ( 'NONE',  ( 0.000000000000000000, 1.000000000000000000, 0.000000000000000000 ) ) ;
#2135 = SURFACE_STYLE_FILL_AREA ( #1031 ) ;
#2136 = AXIS2_PLACEMENT_3D ( 'NONE', #1368, #2300, #2774 ) ;
#2137 = ORIENTED_EDGE ( 'NONE', *, *, #239, .T. ) ;
#2138 = CARTESIAN_POINT ( 'NONE',  ( 2.899999999999999911, 1.000000000000000000, -7.899999999999999467 ) ) ;
#2139 = FACE_OUTER_BOUND ( 'NONE', #2708, .T. ) ;
#2140 = DIRECTION ( 'NONE',  ( 0.000000000000000000, 0.000000000000000000, -1.000000000000000000 ) ) ;
#2141 = DIRECTION ( 'NONE',  ( 0.000000000000000000, 0.000000000000000000, 1.000000000000000000 ) ) ;
#2142 = CARTESIAN_POINT ( 'NONE',  ( -30.00000000000000000, 18.39999999999999858, -7.257457841351840244 ) ) ;
#2143 = VECTOR ( 'NONE', #1163, 1000.000000000000000 ) ;
#2144 = ORIENTED_EDGE ( 'NONE', *, *, #3093, .T. ) ;
#2145 = DIRECTION ( 'NONE',  ( 1.000000000000000000, 0.000000000000000000, -0.000000000000000000 ) ) ;
#2146 = LINE ( 'NONE', #997, #207 ) ;
#2147 = ORIENTED_EDGE ( 'NONE', *, *, #7, .F. ) ;
#2148 = EDGE_LOOP ( 'NONE', ( #2731, #2736, #2168, #232, #1949, #1565, #2303, #760 ) ) ;
#2149 = EDGE_CURVE ( 'NONE', #654, #1494, #81, .T. ) ;
#2150 = CARTESIAN_POINT ( 'NONE',  ( 28.99999999999999645, 2.414213562373100253, -5.899999999999996803 ) ) ;
#2151 = ADVANCED_FACE ( 'NONE', ( #1040 ), #1062, .F. ) ;
#2152 = CARTESIAN_POINT ( 'NONE',  ( -28.94605939899263802, 0.000000000000000000, 6.661316627484001884 ) ) ;
#2153 = CARTESIAN_POINT ( 'NONE',  ( -2.899999999999999467, 2.500000000000000444, -6.865079230508256636 ) ) ;
#2154 = ORIENTED_EDGE ( 'NONE', *, *, #2588, .F. ) ;
#2155 = DIRECTION ( 'NONE',  ( -1.000000000000000000, -0.000000000000000000, 0.000000000000000000 ) ) ;
#2156 =( LENGTH_UNIT ( ) NAMED_UNIT ( * ) SI_UNIT ( .MILLI., .METRE. ) );
#2157 = CARTESIAN_POINT ( 'NONE',  ( -18.00000000000000355, 2.500000000000000000, 0.000000000000000000 ) ) ;
#2158 = ORIENTED_EDGE ( 'NONE', *, *, #2799, .T. ) ;
#2159 = DIRECTION ( 'NONE',  ( -0.000000000000000000, -1.000000000000000000, -0.000000000000000000 ) ) ;
#2160 = CARTESIAN_POINT ( 'NONE',  ( 28.99999999999999289, 1.000000000000000000, 5.899999999999998579 ) ) ;
#2161 = FACE_OUTER_BOUND ( 'NONE', #1534, .T. ) ;
#2162 = ORIENTED_EDGE ( 'NONE', *, *, #2311, .T. ) ;
#2163 = PLANE ( 'NONE',  #2223 ) ;
#2164 = DIRECTION ( 'NONE',  ( -0.000000000000000000, -1.000000000000000000, -0.000000000000000000 ) ) ;
#2165 = EDGE_CURVE ( 'NONE', #726, #1704, #2908, .T. ) ;
#2166 = EDGE_CURVE ( 'NONE', #1902, #2964, #809, .T. ) ;
#2167 = DIRECTION ( 'NONE',  ( -1.000000000000000000, 0.000000000000000000, -0.000000000000000000 ) ) ;
#2168 = ORIENTED_EDGE ( 'NONE', *, *, #2052, .T. ) ;
#2169 = FACE_OUTER_BOUND ( 'NONE', #572, .T. ) ;
#2170 = CARTESIAN_POINT ( 'NONE',  ( -28.76123642113417844, 0.000000000000000000, 6.846224096541842385 ) ) ;
#2171 = DIRECTION ( 'NONE',  ( -0.000000000000000000, -1.000000000000000000, -0.000000000000000000 ) ) ;
#2172 = SURFACE_STYLE_USAGE ( .BOTH. , #846 ) ;
#2173 = ADVANCED_FACE ( 'NONE', ( #13 ), #1478, .F. ) ;
#2174 = CIRCLE ( 'NONE', #1869, 2.899999999999999467 ) ;
#2175 = VERTEX_POINT ( 'NONE', #2160 ) ;
#2176 = FACE_OUTER_BOUND ( 'NONE', #2413, .T. ) ;
#2177 = VECTOR ( 'NONE', #2159, 1000.000000000000000 ) ;
#2178 = VECTOR ( 'NONE', #1507, 1000.000000000000000 ) ;
#2179 = CARTESIAN_POINT ( 'NONE',  ( -30.00000000000000000, 18.39999999999999858, 5.808924679141346914 ) ) ;
#2180 = CARTESIAN_POINT ( 'NONE',  ( -18.00000000000000355, 1.000000000000000000, 0.000000000000000000 ) ) ;
#2181 = VECTOR ( 'NONE', #1299, 1000.000000000000000 ) ;
#2182 = DIRECTION ( 'NONE',  ( -0.000000000000000000, -1.000000000000000000, -0.000000000000000000 ) ) ;
#2183 = ORIENTED_EDGE ( 'NONE', *, *, #2383, .T. ) ;
#2184 = DIRECTION ( 'NONE',  ( 0.000000000000000000, 0.000000000000000000, -1.000000000000000000 ) ) ;
#2185 = VERTEX_POINT ( 'NONE', #3120 ) ;
#2186 = CARTESIAN_POINT ( 'NONE',  ( -29.07780460190163296, 18.39999999999999503, -5.808924679140734071 ) ) ;
#2187 =( NAMED_UNIT ( * ) PLANE_ANGLE_UNIT ( ) SI_UNIT ( $, .RADIAN. ) );
#2188 = LINE ( 'NONE', #2586, #744 ) ;
#2189 = ORIENTED_EDGE ( 'NONE', *, *, #403, .T. ) ;
#2190 = CARTESIAN_POINT ( 'NONE',  ( 28.50068526740549046, 1.000000000000000000, 6.899999999999996803 ) ) ;
#2191 = ADVANCED_FACE ( 'NONE', ( #2885 ), #503, .F. ) ;
#2192 = DIRECTION ( 'NONE',  ( -5.463695987328525648E-15, 0.000000000000000000, -1.000000000000000000 ) ) ;
#2193 = DIRECTION ( 'NONE',  ( 1.000000000000000000, 0.000000000000000000, -0.000000000000000000 ) ) ;
#2194 = VECTOR ( 'NONE', #2697, 1000.000000000000000 ) ;
#2195 = ORIENTED_EDGE ( 'NONE', *, *, #465, .T. ) ;
#2196 = ORIENTED_EDGE ( 'NONE', *, *, #839, .T. ) ;
#2197 = LINE ( 'NONE', #492, #2030 ) ;
#2198 = ORIENTED_EDGE ( 'NONE', *, *, #2572, .F. ) ;
#2199 = FACE_OUTER_BOUND ( 'NONE', #4, .T. ) ;
#2200 = ORIENTED_EDGE ( 'NONE', *, *, #1126, .T. ) ;
#2201 = DIRECTION ( 'NONE',  ( -0.000000000000000000, -0.000000000000000000, 1.000000000000000000 ) ) ;
#2202 = CARTESIAN_POINT ( 'NONE',  ( 2.899999999999999911, 1.000000000000000000, -7.899999999999999467 ) ) ;
#2203 = ORIENTED_EDGE ( 'NONE', *, *, #2494, .F. ) ;
#2204 = EDGE_CURVE ( 'NONE', #1555, #575, #761, .T. ) ;
#2205 = ORIENTED_EDGE ( 'NONE', *, *, #2700, .T. ) ;
#2206 = ORIENTED_EDGE ( 'NONE', *, *, #749, .F. ) ;
#2207 = CARTESIAN_POINT ( 'NONE',  ( 28.99999999999999289, 0.000000000000000000, 5.899999999999998579 ) ) ;
#2208 = CARTESIAN_POINT ( 'NONE',  ( 28.99999999999999645, 0.5000000000000000000, -6.399999860745174907 ) ) ;
#2209 = CARTESIAN_POINT ( 'NONE',  ( 28.99999999999999645, 1.000000000000000000, -6.399999860745173130 ) ) ;
#2210 = ORIENTED_EDGE ( 'NONE', *, *, #1939, .T. ) ;
#2211 = CARTESIAN_POINT ( 'NONE',  ( -28.76123642113417844, 0.000000000000000000, -6.846224096541842385 ) ) ;
#2212 = CARTESIAN_POINT ( 'NONE',  ( -28.20478091064726200, 18.40000000000028280, -6.669808774359267112 ) ) ;
#2213 = PRESENTATION_STYLE_ASSIGNMENT (( #1283 ) ) ;
#2214 = DIRECTION ( 'NONE',  ( 0.000000000000000000, -0.000000000000000000, 1.000000000000000000 ) ) ;
#2215 = CARTESIAN_POINT ( 'NONE',  ( -2.899999999999999467, 2.500000000000000000, 6.865079230508256636 ) ) ;
#2216 = ORIENTED_EDGE ( 'NONE', *, *, #2093, .F. ) ;
#2217 = CARTESIAN_POINT ( 'NONE',  ( -30.00000000000000000, 0.9999999999999940048, -7.865079230508252195 ) ) ;
#2218 = DIRECTION ( 'NONE',  ( 0.000000000000000000, 0.000000000000000000, 1.000000000000000000 ) ) ;
#2219 = STYLED_ITEM ( 'NONE', ( #245 ), #1629 ) ;
#2220 = VECTOR ( 'NONE', #1517, 1000.000000000000000 ) ;
#2221 = ORIENTED_EDGE ( 'NONE', *, *, #2132, .F. ) ;
#2222 = DIRECTION ( 'NONE',  ( 0.000000000000000000, -1.000000000000000000, -0.000000000000000000 ) ) ;
#2223 = AXIS2_PLACEMENT_3D ( 'NONE', #1018, #2647, #493 ) ;
#2224 = VECTOR ( 'NONE', #2126, 1000.000000000000000 ) ;
#2225 = EDGE_CURVE ( 'NONE', #89, #1068, #1274, .T. ) ;
#2226 = AXIS2_PLACEMENT_3D ( 'NONE', #2180, #200, #2868 ) ;
#2227 = VERTEX_POINT ( 'NONE', #107 ) ;
#2228 = LINE ( 'NONE', #1802, #693 ) ;
#2229 = ADVANCED_FACE ( 'NONE', ( #614 ), #1563, .F. ) ;
#2230 = AXIS2_PLACEMENT_3D ( 'NONE', #2421, #275, #2876 ) ;
#2231 = CARTESIAN_POINT ( 'NONE',  ( 28.76123642113417844, 1.000000000000000000, -6.846224096541842385 ) ) ;
#2232 = ORIENTED_EDGE ( 'NONE', *, *, #1139, .T. ) ;
#2233 = DIRECTION ( 'NONE',  ( -0.000000000000000000, -0.000000000000000000, 1.000000000000000000 ) ) ;
#2234 = DIRECTION ( 'NONE',  ( -0.000000000000000000, 0.000000000000000000, -1.000000000000000000 ) ) ;
#2235 = LINE ( 'NONE', #1997, #115 ) ;
#2236 = VERTEX_POINT ( 'NONE', #1135 ) ;
#2237 = LINE ( 'NONE', #331, #1737 ) ;
#2238 = EDGE_CURVE ( 'NONE', #658, #58, #141, .T. ) ;
#2239 = CIRCLE ( 'NONE', #1887, 1.999999999999999112 ) ;
#2240 = ORIENTED_EDGE ( 'NONE', *, *, #2857, .T. ) ;
#2241 = VERTEX_POINT ( 'NONE', #1122 ) ;
#2242 = EDGE_CURVE ( 'NONE', #1285, #137, #269, .T. ) ;
#2243 = VERTEX_POINT ( 'NONE', #364 ) ;
#2244 = EDGE_CURVE ( 'NONE', #2430, #1398, #1145, .T. ) ;
#2245 = ORIENTED_EDGE ( 'NONE', *, *, #2404, .T. ) ;
#2246 = CARTESIAN_POINT ( 'NONE',  ( -29.00000000000000000, 0.000000000000000000, -6.531207530884596935 ) ) ;
#2247 = DIRECTION ( 'NONE',  ( 0.000000000000000000, -0.000000000000000000, 1.000000000000000000 ) ) ;
#2248 = DIRECTION ( 'NONE',  ( -1.000000000000000000, -0.000000000000000000, 0.000000000000000000 ) ) ;
#2249 = ORIENTED_EDGE ( 'NONE', *, *, #2420, .T. ) ;
#2250 = CARTESIAN_POINT ( 'NONE',  ( -27.99999999999999645, 1.000000000000000000, 6.899999999999998579 ) ) ;
#2251 = ORIENTED_EDGE ( 'NONE', *, *, #2099, .T. ) ;
#2252 = CARTESIAN_POINT ( 'NONE',  ( -29.70473129879543706, 16.90731277575655866, -5.820940507698844080 ) ) ;
#2253 = DIRECTION ( 'NONE',  ( 0.000000000000000000, 0.000000000000000000, -1.000000000000000000 ) ) ;
#2254 = EDGE_CURVE ( 'NONE', #2299, #2329, #1332, .T. ) ;
#2255 = ORIENTED_EDGE ( 'NONE', *, *, #2646, .T. ) ;
#2256 = CARTESIAN_POINT ( 'NONE',  ( 2.899999999999999467, 2.500000000000000000, 4.711312818245939837 ) ) ;
#2257 = DIRECTION ( 'NONE',  ( 0.000000000000000000, 0.000000000000000000, -1.000000000000000000 ) ) ;
#2258 = CARTESIAN_POINT ( 'NONE',  ( -29.07780460190163296, 18.39999999999999503, 5.808924679141187930 ) ) ;
#2259 = EDGE_CURVE ( 'NONE', #2352, #1655, #1108, .T. ) ;
#2260 = FACE_OUTER_BOUND ( 'NONE', #2942, .T. ) ;
#2261 = LINE ( 'NONE', #53, #628 ) ;
#2262 = CARTESIAN_POINT ( 'NONE',  ( 28.99999999999999645, 1.000000000000000000, 6.399999860745173130 ) ) ;
#2263 = AXIS2_PLACEMENT_3D ( 'NONE', #1211, #1894, #2145 ) ;
#2264 = VECTOR ( 'NONE', #2557, 1000.000000000000000 ) ;
#2265 = ORIENTED_EDGE ( 'NONE', *, *, #2297, .F. ) ;
#2266 = DIRECTION ( 'NONE',  ( 0.000000000000000000, -0.000000000000000000, -1.000000000000000000 ) ) ;
#2267 = ORIENTED_EDGE ( 'NONE', *, *, #1845, .F. ) ;
#2268 = DIRECTION ( 'NONE',  ( 0.000000000000000000, 1.000000000000000000, 0.000000000000000000 ) ) ;
#2269 = FACE_OUTER_BOUND ( 'NONE', #1411, .T. ) ;
#2270 = PLANE ( 'NONE',  #786 ) ;
#2271 = CIRCLE ( 'NONE', #941, 1.999999999999999112 ) ;
#2272 = AXIS2_PLACEMENT_3D ( 'NONE', #1895, #2867, #1609 ) ;
#2273 = ORIENTED_EDGE ( 'NONE', *, *, #2165, .F. ) ;
#2274 = EDGE_CURVE ( 'NONE', #442, #1494, #2278, .T. ) ;
#2275 = CARTESIAN_POINT ( 'NONE',  ( 28.99999999999999645, 1.000000000000000000, -7.899999999999999467 ) ) ;
#2276 = CARTESIAN_POINT ( 'NONE',  ( -28.20478091064726200, 18.40000000000009095, 6.669808774359567316 ) ) ;
#2277 = AXIS2_PLACEMENT_3D ( 'NONE', #303, #1292, #2481 ) ;
#2278 = LINE ( 'NONE', #125, #2616 ) ;
#2279 = EDGE_LOOP ( 'NONE', ( #1846, #1301, #826, #2953 ) ) ;
#2280 = EDGE_CURVE ( 'NONE', #2947, #506, #2816, .T. ) ;
#2281 = CARTESIAN_POINT ( 'NONE',  ( 30.00000000000000355, -2.050828259308593497E-16, -5.899999999999998579 ) ) ;
#2282 = ORIENTED_EDGE ( 'NONE', *, *, #2440, .T. ) ;
#2283 = VECTOR ( 'NONE', #1890, 1000.000000000000000 ) ;
#2284 = DIRECTION ( 'NONE',  ( -0.000000000000000000, 0.000000000000000000, 1.000000000000000000 ) ) ;
#2285 = DIRECTION ( 'NONE',  ( 0.000000000000000000, 0.000000000000000000, -1.000000000000000000 ) ) ;
#2286 = ORIENTED_EDGE ( 'NONE', *, *, #2535, .F. ) ;
#2287 = PRESENTATION_STYLE_ASSIGNMENT (( #2729 ) ) ;
#2288 = CARTESIAN_POINT ( 'NONE',  ( 0.000000000000000000, 1.000000000000000000, 4.711312818245939837 ) ) ;
#2289 = CARTESIAN_POINT ( 'NONE',  ( -30.00000000000000000, 0.000000000000000000, -6.399999860745174907 ) ) ;
#2290 = FACE_OUTER_BOUND ( 'NONE', #2129, .T. ) ;
#2291 = DIRECTION ( 'NONE',  ( 0.000000000000000000, 0.000000000000000000, 1.000000000000000000 ) ) ;
#2292 = DIRECTION ( 'NONE',  ( 0.000000000000000000, 1.000000000000000000, 0.000000000000000000 ) ) ;
#2293 = VERTEX_POINT ( 'NONE', #1303 ) ;
#2294 = ORIENTED_EDGE ( 'NONE', *, *, #2687, .F. ) ;
#2295 = EDGE_CURVE ( 'NONE', #2922, #1064, #870, .T. ) ;
#2296 = CARTESIAN_POINT ( 'NONE',  ( 30.00000000000000000, 0.000000000000000000, 7.900000000000002132 ) ) ;
#2297 = EDGE_CURVE ( 'NONE', #2484, #1992, #2002, .T. ) ;
#2298 = VERTEX_POINT ( 'NONE', #92 ) ;
#2299 = VERTEX_POINT ( 'NONE', #2761 ) ;
#2300 = DIRECTION ( 'NONE',  ( -0.000000000000000000, -1.000000000000000000, -0.000000000000000000 ) ) ;
#2301 = DIRECTION ( 'NONE',  ( -1.000000000000000000, -0.000000000000000000, -0.000000000000000000 ) ) ;
#2302 = CARTESIAN_POINT ( 'NONE',  ( -0.3175000000000017808, -4.000000000000000000, 5.397500000000002629 ) ) ;
#2303 = ORIENTED_EDGE ( 'NONE', *, *, #1231, .T. ) ;
#2304 = CARTESIAN_POINT ( 'NONE',  ( 25.08249999999999957, -4.000000000000000000, 0.3175000000000017808 ) ) ;
#2305 = DIRECTION ( 'NONE',  ( 0.000000000000000000, -1.000000000000000000, 0.000000000000000000 ) ) ;
#2306 = CARTESIAN_POINT ( 'NONE',  ( 2.899999999999999467, -6.692889895852577986, -4.711312818245939837 ) ) ;
#2307 = ORIENTED_EDGE ( 'NONE', *, *, #985, .F. ) ;
#2308 = EDGE_LOOP ( 'NONE', ( #130, #2539, #1116, #1409 ) ) ;
#2309 = ORIENTED_EDGE ( 'NONE', *, *, #805, .F. ) ;
#2310 = DIRECTION ( 'NONE',  ( 0.000000000000000000, 1.000000000000000000, -0.000000000000000000 ) ) ;
#2311 = EDGE_CURVE ( 'NONE', #969, #640, #2014, .T. ) ;
#2312 = CARTESIAN_POINT ( 'NONE',  ( 27.99999999999999645, 0.000000000000000000, 6.899999999999996803 ) ) ;
#2313 = VECTOR ( 'NONE', #2749, 1000.000000000000114 ) ;
#2314 = VECTOR ( 'NONE', #195, 1000.000000000000114 ) ;
#2315 = VECTOR ( 'NONE', #847, 1000.000000000000000 ) ;
#2316 = EDGE_LOOP ( 'NONE', ( #951, #1701, #2541, #639 ) ) ;
#2317 = ADVANCED_FACE ( 'NONE', ( #597 ), #2989, .T. ) ;
#2318 = FILL_AREA_STYLE_COLOUR ( '', #2491 ) ;
#2319 = CARTESIAN_POINT ( 'NONE',  ( -0.3175000000000017808, 1.000000000000000000, 5.397500000000002629 ) ) ;
#2320 = AXIS2_PLACEMENT_3D ( 'NONE', #1976, #723, #2615 ) ;
#2321 = VECTOR ( 'NONE', #665, 1000.000000000000000 ) ;
#2322 = ORIENTED_EDGE ( 'NONE', *, *, #584, .T. ) ;
#2323 = AXIS2_PLACEMENT_3D ( 'NONE', #114, #1801, #2285 ) ;
#2324 = CARTESIAN_POINT ( 'NONE',  ( 18.00000000000000355, 2.500000000000000444, 4.391018798566292958E-15 ) ) ;
#2325 = CARTESIAN_POINT ( 'NONE',  ( -28.94605939899263802, 1.000000000000000000, -6.661316627484001884 ) ) ;
#2326 = CARTESIAN_POINT ( 'NONE',  ( 18.00000000000000355, -6.692889895852577986, 4.391018798566292958E-15 ) ) ;
#2327 = DIRECTION ( 'NONE',  ( 0.000000000000000000, -1.000000000000000000, 0.000000000000000000 ) ) ;
#2328 = AXIS2_PLACEMENT_3D ( 'NONE', #1749, #1007, #2428 ) ;
#2329 = VERTEX_POINT ( 'NONE', #3063 ) ;
#2330 = ORIENTED_EDGE ( 'NONE', *, *, #2992, .T. ) ;
#2331 = EDGE_CURVE ( 'NONE', #2551, #2113, #2345, .T. ) ;
#2332 = VECTOR ( 'NONE', #2961, 1000.000000000000000 ) ;
#2333 = ORIENTED_EDGE ( 'NONE', *, *, #667, .F. ) ;
#2334 = DIRECTION ( 'NONE',  ( 0.000000000000000000, -0.000000000000000000, 1.000000000000000000 ) ) ;
#2335 = ORIENTED_EDGE ( 'NONE', *, *, #1244, .F. ) ;
#2336 = CARTESIAN_POINT ( 'NONE',  ( 25.08249999999999957, -4.000000000000000000, 0.3175000000000017808 ) ) ;
#2337 = DIRECTION ( 'NONE',  ( -0.000000000000000000, -1.000000000000000000, -0.000000000000000000 ) ) ;
#2338 = FACE_OUTER_BOUND ( 'NONE', #1405, .T. ) ;
#2339 = EDGE_CURVE ( 'NONE', #2821, #2922, #2847, .T. ) ;
#2340 = VERTEX_POINT ( 'NONE', #700 ) ;
#2341 = CARTESIAN_POINT ( 'NONE',  ( -28.50114138237336903, -0.07848005406257059502, 6.401826267429385098 ) ) ;
#2342 = CLOSED_SHELL ( 'NONE', ( #2110, #719, #2935, #168, #2626, #2035 ) ) ;
#2343 = CARTESIAN_POINT ( 'NONE',  ( 0.3174999999999982281, -4.000000000000000000, 5.397500000000002629 ) ) ;
#2344 = PLANE ( 'NONE',  #318 ) ;
#2345 = LINE ( 'NONE', #1659, #1475 ) ;
#2346 = DIRECTION ( 'NONE',  ( -0.000000000000000000, -1.000000000000000000, -0.000000000000000000 ) ) ;
#2347 = ORIENTED_EDGE ( 'NONE', *, *, #2754, .F. ) ;
#2348 = ORIENTED_EDGE ( 'NONE', *, *, #298, .F. ) ;
#2349 = ORIENTED_EDGE ( 'NONE', *, *, #1783, .F. ) ;
#2350 = LINE ( 'NONE', #1180, #2930 ) ;
#2351 = LINE ( 'NONE', #943, #422 ) ;
#2352 = VERTEX_POINT ( 'NONE', #1594 ) ;
#2353 = LINE ( 'NONE', #1816, #441 ) ;
#2354 = DIRECTION ( 'NONE',  ( 0.000000000000000000, 1.000000000000000000, 0.000000000000000000 ) ) ;
#2355 = EDGE_LOOP ( 'NONE', ( #2189, #50 ) ) ;
#2356 = DIRECTION ( 'NONE',  ( -1.000000000000000000, 0.000000000000000000, 0.000000000000000000 ) ) ;
#2357 = SURFACE_STYLE_FILL_AREA ( #414 ) ;
#2358 = ADVANCED_FACE ( 'NONE', ( #2566 ), #2094, .F. ) ;
#2359 = LINE ( 'NONE', #2123, #1479 ) ;
#2360 =( BOUNDED_SURFACE ( )  B_SPLINE_SURFACE ( 3, 3, ( 
 ( #1327, #2276, #613, #2029 ),
 ( #2258, #1593, #1807, #2001 ),
 ( #2012, #2713, #2490, #3003 ),
 ( #123, #2534, #1562, #2760 ) ),
 .UNSPECIFIED., .F., .F., .F. ) 
 B_SPLINE_SURFACE_WITH_KNOTS ( ( 4, 4 ),
 ( 4, 4 ),
 ( 0.000000000000000000, 1.000000000000000000 ),
 ( 0.000000000000000000, 1.000000000000000000 ),
 .UNSPECIFIED. ) 
 GEOMETRIC_REPRESENTATION_ITEM ( )  RATIONAL_B_SPLINE_SURFACE ( (
 ( 1.000000000000000000, 0.8107542797791450484, 0.8107542797791450484, 1.000000000000000000),
 ( 0.8066509726615038733, 0.6539957283733244253, 0.6539957283733244253, 0.8066509726615038733),
 ( 0.8066509726615038733, 0.6539957283733244253, 0.6539957283733244253, 0.8066509726615038733),
 ( 1.000000000000000000, 0.8107542797791450484, 0.8107542797791450484, 1.000000000000000000) ) ) 
 REPRESENTATION_ITEM ( '' )  SURFACE ( )  );
#2361 = DIRECTION ( 'NONE',  ( 1.000000000000000000, 0.000000000000000000, -0.000000000000000000 ) ) ;
#2362 = ORIENTED_EDGE ( 'NONE', *, *, #339, .T. ) ;
#2363 = DIRECTION ( 'NONE',  ( 0.000000000000000000, 0.000000000000000000, 1.000000000000000000 ) ) ;
#2364 = EDGE_CURVE ( 'NONE', #137, #1137, #467, .T. ) ;
#2365 = ORIENTED_EDGE ( 'NONE', *, *, #1272, .T. ) ;
#2366 = DIRECTION ( 'NONE',  ( 0.000000000000000000, 0.9993908270190956511, 0.03489949670250107328 ) ) ;
#2367 = DIRECTION ( 'NONE',  ( 0.000000000000000000, 0.000000000000000000, 1.000000000000000000 ) ) ;
#2368 = ORIENTED_EDGE ( 'NONE', *, *, #2931, .F. ) ;
#2369 = CARTESIAN_POINT ( 'NONE',  ( -29.98254493507177898, 1.000000000000000000, -5.899999999999998579 ) ) ;
#2370 = DIRECTION ( 'NONE',  ( 0.000000000000000000, 1.000000000000000000, 0.000000000000000000 ) ) ;
#2371 = VECTOR ( 'NONE', #1999, 1000.000000000000227 ) ;
#2372 = CARTESIAN_POINT ( 'NONE',  ( 0.3174999999999982281, 1.000000000000000000, -5.397500000000002629 ) ) ;
#2373 = ORIENTED_EDGE ( 'NONE', *, *, #1910, .F. ) ;
#2374 = CARTESIAN_POINT ( 'NONE',  ( -29.70455245338184724, 16.92617860965592413, -7.899999999999999467 ) ) ;
#2375 = PRESENTATION_LAYER_ASSIGNMENT (  '', '', ( #2121 ) ) ;
#2376 = DIRECTION ( 'NONE',  ( 0.000000000000000000, 1.000000000000000000, 0.000000000000000000 ) ) ;
#2377 =( LENGTH_UNIT ( ) NAMED_UNIT ( * ) SI_UNIT ( .MILLI., .METRE. ) );
#2378 = VECTOR ( 'NONE', #2792, 1000.000000000000000 ) ;
#2379 = CARTESIAN_POINT ( 'NONE',  ( 2.899999999999999467, 2.500000000000000000, -6.865079230508256636 ) ) ;
#2380 = CARTESIAN_POINT ( 'NONE',  ( -27.99999999999999645, 0.000000000000000000, 6.900000000000001243 ) ) ;
#2381 = AXIS2_PLACEMENT_3D ( 'NONE', #1028, #1751, #1987 ) ;
#2382 = AXIS2_PLACEMENT_3D ( 'NONE', #491, #1198, #2840 ) ;
#2383 = EDGE_CURVE ( 'NONE', #2329, #1582, #905, .T. ) ;
#2384 = VERTEX_POINT ( 'NONE', #399 ) ;
#2385 = CIRCLE ( 'NONE', #1725, 1.999999999999999112 ) ;
#2386 = CARTESIAN_POINT ( 'NONE',  ( -30.00000000000000000, 0.000000000000000000, -5.899999999999998579 ) ) ;
#2387 = EDGE_CURVE ( 'NONE', #1137, #374, #1432, .T. ) ;
#2388 = ADVANCED_FACE ( 'NONE', ( #155 ), #2077, .F. ) ;
#2389 = FACE_OUTER_BOUND ( 'NONE', #2838, .T. ) ;
#2390 = ORIENTED_EDGE ( 'NONE', *, *, #1841, .F. ) ;
#2391 = CARTESIAN_POINT ( 'NONE',  ( 29.07780460190162941, 18.40000000000037161, -6.669808774359191617 ) ) ;
#2392 = SURFACE_SIDE_STYLE ('',( #478 ) ) ;
#2393 = CARTESIAN_POINT ( 'NONE',  ( -28.50068526740549046, 0.000000000000000000, 6.899999999999999467 ) ) ;
#2394 = PLANE ( 'NONE',  #2642 ) ;
#2395 = VECTOR ( 'NONE', #2101, 1000.000000000000000 ) ;
#2396 = ORIENTED_EDGE ( 'NONE', *, *, #1293, .T. ) ;
#2397 = CARTESIAN_POINT ( 'NONE',  ( 18.00000000000000355, 2.500000000000000000, -1.999999999999994893 ) ) ;
#2398 = DIRECTION ( 'NONE',  ( -1.000000000000000000, 0.000000000000000000, 3.464698462101725384E-15 ) ) ;
#2399 = DIRECTION ( 'NONE',  ( 0.000000000000000000, 1.000000000000000000, 0.000000000000000000 ) ) ;
#2400 = ORIENTED_EDGE ( 'NONE', *, *, #1139, .F. ) ;
#2401 = DIRECTION ( 'NONE',  ( 0.000000000000000000, 1.000000000000000000, 0.000000000000000000 ) ) ;
#2402 = CARTESIAN_POINT ( 'NONE',  ( -30.00000000000000355, 0.000000000000000000, 7.278790402861726960 ) ) ;
#2403 = ADVANCED_FACE ( 'NONE', ( #1855 ), #677, .F. ) ;
#2404 = EDGE_CURVE ( 'NONE', #1068, #731, #2118, .T. ) ;
#2405 = ORIENTED_EDGE ( 'NONE', *, *, #2339, .F. ) ;
#2406 = SURFACE_STYLE_USAGE ( .BOTH. , #2392 ) ;
#2407 = ADVANCED_FACE ( 'NONE', ( #1732 ), #1025, .F. ) ;
#2408 = ORIENTED_EDGE ( 'NONE', *, *, #1235, .T. ) ;
#2409 = ORIENTED_EDGE ( 'NONE', *, *, #667, .T. ) ;
#2410 = SURFACE_STYLE_USAGE ( .BOTH. , #2640 ) ;
#2411 = DIRECTION ( 'NONE',  ( 1.000000000000000000, -0.000000000000000000, 2.013592869333790472E-16 ) ) ;
#2412 =( NAMED_UNIT ( * ) PLANE_ANGLE_UNIT ( ) SI_UNIT ( $, .RADIAN. ) );
#2413 = EDGE_LOOP ( 'NONE', ( #1469, #3119, #1755, #2162 ) ) ;
#2414 = LINE ( 'NONE', #1908, #1412 ) ;
#2415 = CARTESIAN_POINT ( 'NONE',  ( -0.3175000000000017808, -4.000000000000000000, -5.397500000000002629 ) ) ;
#2416 = DIRECTION ( 'NONE',  ( -1.000000000000000000, 0.000000000000000000, 0.000000000000000000 ) ) ;
#2417 = ORIENTED_EDGE ( 'NONE', *, *, #2880, .T. ) ;
#2418 = DIRECTION ( 'NONE',  ( -0.000000000000000000, -1.000000000000000000, 0.000000000000000000 ) ) ;
#2419 = FILL_AREA_STYLE_COLOUR ( '', #1538 ) ;
#2420 = EDGE_CURVE ( 'NONE', #2531, #854, #770, .T. ) ;
#2421 = CARTESIAN_POINT ( 'NONE',  ( -30.00000000000000711, 0.000000000000000000, -5.899999999999998579 ) ) ;
#2422 = EDGE_LOOP ( 'NONE', ( #2127, #2512, #1960, #2886 ) ) ;
#2423 = FACE_OUTER_BOUND ( 'NONE', #2612, .T. ) ;
#2424 = LINE ( 'NONE', #257, #220 ) ;
#2425 = SURFACE_STYLE_FILL_AREA ( #1488 ) ;
#2426 = VECTOR ( 'NONE', #39, 1000.000000000000000 ) ;
#2427 = CARTESIAN_POINT ( 'NONE',  ( -2.899999999999999911, -6.692889895852577986, 4.711312818245938949 ) ) ;
#2428 = DIRECTION ( 'NONE',  ( 0.000000000000000000, 0.000000000000000000, -1.000000000000000000 ) ) ;
#2429 = COLOUR_RGB ( '',0.5019607843137254832, 0.5019607843137254832, 0.5019607843137254832 ) ;
#2430 = VERTEX_POINT ( 'NONE', #246 ) ;
#2431 = VECTOR ( 'NONE', #2354, 1000.000000000000000 ) ;
#2432 = CIRCLE ( 'NONE', #1109, 1.500000000000000000 ) ;
#2433 = VECTOR ( 'NONE', #1269, 1000.000000000000000 ) ;
#2434 = ORIENTED_EDGE ( 'NONE', *, *, #1613, .T. ) ;
#2435 = SURFACE_SIDE_STYLE ('',( #1523 ) ) ;
#2436 = VECTOR ( 'NONE', #336, 1000.000000000000000 ) ;
#2437 = EDGE_LOOP ( 'NONE', ( #2417, #1498, #1644, #931 ) ) ;
#2438 = CARTESIAN_POINT ( 'NONE',  ( -28.20478091064726200, 17.79913263252126399, -7.286314923638465224 ) ) ;
#2439 = EDGE_CURVE ( 'NONE', #1548, #3006, #514, .T. ) ;
#2440 = EDGE_CURVE ( 'NONE', #353, #987, #2075, .T. ) ;
#2441 = STYLED_ITEM ( 'NONE', ( #433 ), #1 ) ;
#2442 = EDGE_LOOP ( 'NONE', ( #486, #2362, #538, #2348 ) ) ;
#2443 = LINE ( 'NONE', #38, #2974 ) ;
#2444 = CARTESIAN_POINT ( 'NONE',  ( -29.00000000000000000, 0.000000000000000000, -6.531207530884596935 ) ) ;
#2445 = ORIENTED_EDGE ( 'NONE', *, *, #2238, .T. ) ;
#2446 = LINE ( 'NONE', #1476, #2975 ) ;
#2447 = ORIENTED_EDGE ( 'NONE', *, *, #3078, .F. ) ;
#2448 = DIRECTION ( 'NONE',  ( -0.000000000000000000, -1.000000000000000000, -0.000000000000000000 ) ) ;
#2449 =( NAMED_UNIT ( * ) PLANE_ANGLE_UNIT ( ) SI_UNIT ( $, .RADIAN. ) );
#2450 = CARTESIAN_POINT ( 'NONE',  ( -27.99999999999999645, 1.000000000000000000, -6.900000000000000355 ) ) ;
#2451 = CARTESIAN_POINT ( 'NONE',  ( 0.000000000000000000, 1.000000000000000000, 0.000000000000000000 ) ) ;
#2452 = ORIENTED_EDGE ( 'NONE', *, *, #1312, .F. ) ;
#2453 = LINE ( 'NONE', #1689, #959 ) ;
#2454 = SURFACE_STYLE_FILL_AREA ( #1501 ) ;
#2455 = DIRECTION ( 'NONE',  ( 0.000000000000000000, 0.000000000000000000, 1.000000000000000000 ) ) ;
#2456 = ORIENTED_EDGE ( 'NONE', *, *, #450, .F. ) ;
#2457 = ADVANCED_FACE ( 'NONE', ( #485 ), #1449, .F. ) ;
#2458 = LINE ( 'NONE', #2669, #1390 ) ;
#2459 = DIRECTION ( 'NONE',  ( 0.000000000000000000, 1.000000000000000000, -0.000000000000000000 ) ) ;
#2460 = UNCERTAINTY_MEASURE_WITH_UNIT (LENGTH_MEASURE( 1.000000000000000082E-05 ), #240, 'distance_accuracy_value', 'NONE');
#2461 = CARTESIAN_POINT ( 'NONE',  ( 0.3174999999999982281, -4.000000000000000000, -5.397500000000002629 ) ) ;
#2462 = EDGE_CURVE ( 'NONE', #1907, #2384, #2862, .T. ) ;
#2463 = FACE_OUTER_BOUND ( 'NONE', #1557, .T. ) ;
#2464 = CARTESIAN_POINT ( 'NONE',  ( 0.000000000000000000, 1.000000000000000000, -4.711312818245939837 ) ) ;
#2465 = ORIENTED_EDGE ( 'NONE', *, *, #1654, .F. ) ;
#2466 = ORIENTED_EDGE ( 'NONE', *, *, #1879, .T. ) ;
#2467 = CARTESIAN_POINT ( 'NONE',  ( 29.00000000000000000, 0.000000000000000000, 6.531207530884596935 ) ) ;
#2468 = EDGE_CURVE ( 'NONE', #731, #2471, #231, .T. ) ;
#2469 = FACE_OUTER_BOUND ( 'NONE', #2498, .T. ) ;
#2470 = DIRECTION ( 'NONE',  ( -0.000000000000000000, -1.000000000000000000, -0.000000000000000000 ) ) ;
#2471 = VERTEX_POINT ( 'NONE', #1037 ) ;
#2472 = DIRECTION ( 'NONE',  ( -3.464698462101725384E-15, 0.000000000000000000, 1.000000000000000000 ) ) ;
#2473 = FACE_OUTER_BOUND ( 'NONE', #2482, .T. ) ;
#2474 = LINE ( 'NONE', #816, #2181 ) ;
#2475 = VERTEX_POINT ( 'NONE', #2881 ) ;
#2476 = CARTESIAN_POINT ( 'NONE',  ( -28.20478091064726200, 16.89999999999999503, -5.808924679141226122 ) ) ;
#2477 = VECTOR ( 'NONE', #1589, 1000.000000000000000 ) ;
#2478 = ADVANCED_FACE ( 'NONE', ( #260 ), #1712, .T. ) ;
#2479 = CIRCLE ( 'NONE', #1155, 2.899999999999999467 ) ;
#2480 = SURFACE_STYLE_USAGE ( .BOTH. , #2435 ) ;
#2481 = DIRECTION ( 'NONE',  ( 0.000000000000000000, 0.000000000000000000, -1.000000000000000000 ) ) ;
#2482 = EDGE_LOOP ( 'NONE', ( #2578, #2445, #737, #477 ) ) ;
#2483 = CARTESIAN_POINT ( 'NONE',  ( 29.99999999999998934, 0.000000000000000000, -7.278790402861730513 ) ) ;
#2484 = VERTEX_POINT ( 'NONE', #747 ) ;
#2485 = CARTESIAN_POINT ( 'NONE',  ( -28.63147424481934777, 0.000000000000000000, -6.899999999999998579 ) ) ;
#2486 = CARTESIAN_POINT ( 'NONE',  ( 18.00000000000000355, 1.000000000000000000, 2.000000000000003553 ) ) ;
#2487 = ORIENTED_EDGE ( 'NONE', *, *, #1362, .T. ) ;
#2488 = CARTESIAN_POINT ( 'NONE',  ( 28.94605939899263802, 0.000000000000000000, 6.661316627484001884 ) ) ;
#2489 = CARTESIAN_POINT ( 'NONE',  ( 28.20478091064725135, 18.39999999999999858, 7.900000000000002132 ) ) ;
#2490 = CARTESIAN_POINT ( 'NONE',  ( -29.69763087083476805, 17.43060486070507054, 6.680776524503091451 ) ) ;
#2491 = COLOUR_RGB ( '',1.000000000000000000, 1.000000000000000000, 1.000000000000000000 ) ;
#2492 = CARTESIAN_POINT ( 'NONE',  ( -28.94605939899263802, 1.000000000000000000, 6.661316627484001884 ) ) ;
#2493 = UNCERTAINTY_MEASURE_WITH_UNIT (LENGTH_MEASURE( 1.000000000000000082E-05 ), #278, 'distance_accuracy_value', 'NONE');
#2494 = EDGE_CURVE ( 'NONE', #265, #11, #500, .T. ) ;
#2495 = CARTESIAN_POINT ( 'NONE',  ( -30.00000000000000000, 0.000000000000000000, -7.899999999999999467 ) ) ;
#2496 = ORIENTED_EDGE ( 'NONE', *, *, #1706, .F. ) ;
#2497 = LINE ( 'NONE', #2004, #3023 ) ;
#2498 = EDGE_LOOP ( 'NONE', ( #866, #391, #2854, #2824 ) ) ;
#2499 = EDGE_CURVE ( 'NONE', #1258, #828, #1489, .T. ) ;
#2500 = CARTESIAN_POINT ( 'NONE',  ( 28.50068526740549046, 0.000000000000000000, -6.899999999999996803 ) ) ;
#2501 = PLANE ( 'NONE',  #683 ) ;
#2502 = SURFACE_STYLE_FILL_AREA ( #1547 ) ;
#2503 = ORIENTED_EDGE ( 'NONE', *, *, #1708, .T. ) ;
#2504 = DIRECTION ( 'NONE',  ( -0.000000000000000000, -1.000000000000000000, -0.000000000000000000 ) ) ;
#2505 = CARTESIAN_POINT ( 'NONE',  ( 30.00000000000000711, 0.000000000000000000, 7.278790402861730513 ) ) ;
#2506 = FACE_OUTER_BOUND ( 'NONE', #385, .T. ) ;
#2507 = CARTESIAN_POINT ( 'NONE',  ( -30.00000000000000000, 0.000000000000000000, 7.900000000000002132 ) ) ;
#2508 = PLANE ( 'NONE',  #1572 ) ;
#2509 = ORIENTED_EDGE ( 'NONE', *, *, #363, .T. ) ;
#2510 = ADVANCED_FACE ( 'NONE', ( #730 ), #545, .F. ) ;
#2511 = ORIENTED_EDGE ( 'NONE', *, *, #2968, .F. ) ;
#2512 = ORIENTED_EDGE ( 'NONE', *, *, #584, .F. ) ;
#2513 = SURFACE_STYLE_FILL_AREA ( #2997 ) ;
#2514 = CARTESIAN_POINT ( 'NONE',  ( 0.000000000000000000, -4.000000000000000000, 0.3175000000000017808 ) ) ;
#2515 = CARTESIAN_POINT ( 'NONE',  ( 25.08249999999999957, 1.000000000000000000, -0.3174999999999983391 ) ) ;
#2516 = ADVANCED_FACE ( 'NONE', ( #293 ), #1703, .F. ) ;
#2517 = VERTEX_POINT ( 'NONE', #1006 ) ;
#2518 = CARTESIAN_POINT ( 'NONE',  ( 28.76123642113417844, 0.000000000000000000, -6.846224096541842385 ) ) ;
#2519 = DIRECTION ( 'NONE',  ( -0.000000000000000000, 0.000000000000000000, -1.000000000000000000 ) ) ;
#2520 = ORIENTED_EDGE ( 'NONE', *, *, #2753, .F. ) ;
#2521 = AXIS2_PLACEMENT_3D ( 'NONE', #2451, #1542, #2266 ) ;
#2522 = AXIS2_PLACEMENT_3D ( 'NONE', #2929, #762, #1945 ) ;
#2523 = CARTESIAN_POINT ( 'NONE',  ( 0.000000000000000000, -4.000000000000000000, 0.000000000000000000 ) ) ;
#2524 = LINE ( 'NONE', #371, #1482 ) ;
#2525 = VECTOR ( 'NONE', #3075, 1000.000000000000000 ) ;
#2526 = STYLED_ITEM ( 'NONE', ( #272 ), #626 ) ;
#2527 = EDGE_LOOP ( 'NONE', ( #1973, #497, #1133, #716 ) ) ;
#2528 = CARTESIAN_POINT ( 'NONE',  ( 29.70473129879544416, 16.91219971696954261, 5.815926374011510802 ) ) ;
#2529 = CARTESIAN_POINT ( 'NONE',  ( 25.71750000000000114, -4.000000000000000000, -0.3174999999999983391 ) ) ;
#2530 = CARTESIAN_POINT ( 'NONE',  ( 18.00000000000000355, -6.692889895852577986, 2.000000000000003553 ) ) ;
#2531 = VERTEX_POINT ( 'NONE', #2893 ) ;
#2532 = CARTESIAN_POINT ( 'NONE',  ( 27.99999999999999645, 1.000000000000000000, -6.899999999999996803 ) ) ;
#2533 = CARTESIAN_POINT ( 'NONE',  ( -18.00000000000000355, 2.500000000000000444, 0.000000000000000000 ) ) ;
#2534 = CARTESIAN_POINT ( 'NONE',  ( -29.70473129879543706, 16.91219971696954261, 5.815926374011508138 ) ) ;
#2535 = EDGE_CURVE ( 'NONE', #3000, #1382, #2652, .T. ) ;
#2536 = EDGE_CURVE ( 'NONE', #721, #2027, #2188, .T. ) ;
#2537 = CARTESIAN_POINT ( 'NONE',  ( -28.99999999999999645, 1.000000000000000000, 6.399999860745174907 ) ) ;
#2538 = ORIENTED_EDGE ( 'NONE', *, *, #2931, .T. ) ;
#2539 = ORIENTED_EDGE ( 'NONE', *, *, #2439, .T. ) ;
#2540 = EDGE_CURVE ( 'NONE', #430, #1348, #2350, .T. ) ;
#2541 = ORIENTED_EDGE ( 'NONE', *, *, #750, .F. ) ;
#2542 = AXIS2_PLACEMENT_3D ( 'NONE', #1427, #656, #148 ) ;
#2543 =( BOUNDED_SURFACE ( )  B_SPLINE_SURFACE ( 3, 3, ( 
 ( #843, #2528, #3011, #897 ),
 ( #1834, #1615, #2575, #432 ),
 ( #878, #655, #1601, #177 ),
 ( #2559, #1160, #2085, #407 ) ),
 .UNSPECIFIED., .F., .F., .F. ) 
 B_SPLINE_SURFACE_WITH_KNOTS ( ( 4, 4 ),
 ( 4, 4 ),
 ( 0.000000000000000000, 1.000000000000000000 ),
 ( 0.000000000000000000, 1.000000000000000000 ),
 .UNSPECIFIED. ) 
 GEOMETRIC_REPRESENTATION_ITEM ( )  RATIONAL_B_SPLINE_SURFACE ( (
 ( 1.000000000000000000, 0.8107542797791623679, 0.8107542797791623679, 1.000000000000000000),
 ( 0.8066509726615033182, 0.6539957283733379700, 0.6539957283733379700, 0.8066509726615033182),
 ( 0.8066509726615033182, 0.6539957283733379700, 0.6539957283733379700, 0.8066509726615033182),
 ( 1.000000000000000000, 0.8107542797791623679, 0.8107542797791623679, 1.000000000000000000) ) ) 
 REPRESENTATION_ITEM ( '' )  SURFACE ( )  );
#2544 = VERTEX_POINT ( 'NONE', #2386 ) ;
#2545 = DIRECTION ( 'NONE',  ( 0.000000000000000000, 1.000000000000000000, 0.000000000000000000 ) ) ;
#2546 = EDGE_LOOP ( 'NONE', ( #530, #1136, #2133, #2667 ) ) ;
#2547 = CARTESIAN_POINT ( 'NONE',  ( -18.00000000000000355, 1.000000000000000000, 0.000000000000000000 ) ) ;
#2548 = CARTESIAN_POINT ( 'NONE',  ( 27.99999999999999645, 0.9999999999999974465, -7.865079230508252195 ) ) ;
#2549 = PLANE ( 'NONE',  #1719 ) ;
#2550 = EDGE_CURVE ( 'NONE', #2610, #2821, #1393, .T. ) ;
#2551 = VERTEX_POINT ( 'NONE', #806 ) ;
#2552 = PRODUCT_DEFINITION_CONTEXT ( 'detailed design', #2804, 'design' ) ;
#2553 = ORIENTED_EDGE ( 'NONE', *, *, #2274, .F. ) ;
#2554 = CARTESIAN_POINT ( 'NONE',  ( -0.3175000000000017808, 1.000000000000000000, -5.397500000000002629 ) ) ;
#2555 = EDGE_CURVE ( 'NONE', #2947, #1531, #1442, .T. ) ;
#2556 = DIRECTION ( 'NONE',  ( -0.000000000000000000, -1.000000000000000000, -0.000000000000000000 ) ) ;
#2557 = DIRECTION ( 'NONE',  ( -0.000000000000000000, 0.000000000000000000, -1.000000000000000000 ) ) ;
#2558 = ORIENTED_EDGE ( 'NONE', *, *, #3109, .F. ) ;
#2559 = CARTESIAN_POINT ( 'NONE',  ( 28.20478091064725845, 18.39999999999999503, 5.808924679141298064 ) ) ;
#2560 = CARTESIAN_POINT ( 'NONE',  ( -28.99999999999999645, 0.000000000000000000, 6.399999860745174907 ) ) ;
#2561 = CARTESIAN_POINT ( 'NONE',  ( -27.99999999999999645, 0.000000000000000000, 6.900000000000000355 ) ) ;
#2562 = ORIENTED_EDGE ( 'NONE', *, *, #3032, .F. ) ;
#2563 = CARTESIAN_POINT ( 'NONE',  ( -28.50068526740549402, 1.512142250279963586E-17, -7.900000000000000355 ) ) ;
#2564 = DIRECTION ( 'NONE',  ( 0.000000000000000000, 0.000000000000000000, 1.000000000000000000 ) ) ;
#2565 = LINE ( 'NONE', #822, #2571 ) ;
#2566 = FACE_OUTER_BOUND ( 'NONE', #1130, .T. ) ;
#2567 = PLANE ( 'NONE',  #889 ) ;
#2568 = VERTEX_POINT ( 'NONE', #262 ) ;
#2569 = EDGE_LOOP ( 'NONE', ( #1516, #3095 ) ) ;
#2570 = CARTESIAN_POINT ( 'NONE',  ( 29.70473129879543706, 16.91219971696953905, -5.808924679141222569 ) ) ;
#2571 = VECTOR ( 'NONE', #1765, 1000.000000000000000 ) ;
#2572 = EDGE_CURVE ( 'NONE', #1183, #457, #691, .T. ) ;
#2573 = CIRCLE ( 'NONE', #421, 1.500000000000000444 ) ;
#2574 = EDGE_LOOP ( 'NONE', ( #3005, #1964, #568, #1858 ) ) ;
#2575 = CARTESIAN_POINT ( 'NONE',  ( 29.69763087083476094, 17.43060486070503501, 6.680776524503093228 ) ) ;
#2576 = DIRECTION ( 'NONE',  ( 0.000000000000000000, 1.000000000000000000, 0.000000000000000000 ) ) ;
#2577 = VECTOR ( 'NONE', #773, 1000.000000000000000 ) ;
#2578 = ORIENTED_EDGE ( 'NONE', *, *, #1343, .T. ) ;
#2579 = LINE ( 'NONE', #926, #2776 ) ;
#2580 = VECTOR ( 'NONE', #1672, 1000.000000000000000 ) ;
#2581 = DIRECTION ( 'NONE',  ( 0.000000000000000000, 0.000000000000000000, -1.000000000000000000 ) ) ;
#2582 = DIRECTION ( 'NONE',  ( -0.000000000000000000, -1.000000000000000000, -0.000000000000000000 ) ) ;
#2583 = CARTESIAN_POINT ( 'NONE',  ( 0.000000000000000000, 1.000000000000000000, 0.3175000000000017808 ) ) ;
#2584 = DIRECTION ( 'NONE',  ( -1.000000000000000000, 0.000000000000000000, 0.000000000000000000 ) ) ;
#2585 = VERTEX_POINT ( 'NONE', #574 ) ;
#2586 = CARTESIAN_POINT ( 'NONE',  ( 27.99999999999999645, 0.000000000000000000, 7.900000000000002132 ) ) ;
#2587 =( GEOMETRIC_REPRESENTATION_CONTEXT ( 3 ) GLOBAL_UNCERTAINTY_ASSIGNED_CONTEXT ( ( #1827 ) ) GLOBAL_UNIT_ASSIGNED_CONTEXT ( ( #1415, #1318, #823 ) ) REPRESENTATION_CONTEXT ( 'NONE', 'WORKASPACE' ) );
#2588 = EDGE_CURVE ( 'NONE', #271, #2821, #2952, .T. ) ;
#2589 = ORIENTED_EDGE ( 'NONE', *, *, #1783, .T. ) ;
#2590 = SURFACE_SIDE_STYLE ('',( #3044 ) ) ;
#2591 = CARTESIAN_POINT ( 'NONE',  ( -2.899999999999999467, -6.692889895852577986, -6.865079230508256636 ) ) ;
#2592 = DIRECTION ( 'NONE',  ( -2.013592869333790472E-16, -0.000000000000000000, 1.000000000000000000 ) ) ;
#2593 = EDGE_CURVE ( 'NONE', #3000, #960, #2474, .T. ) ;
#2594 = ORIENTED_EDGE ( 'NONE', *, *, #2238, .F. ) ;
#2595 = CARTESIAN_POINT ( 'NONE',  ( -27.99999999999999645, 1.000000000000000000, 6.899999999999998579 ) ) ;
#2596 = VECTOR ( 'NONE', #2164, 1000.000000000000000 ) ;
#2597 = FACE_OUTER_BOUND ( 'NONE', #2, .T. ) ;
#2598 = ORIENTED_EDGE ( 'NONE', *, *, #967, .T. ) ;
#2599 = CARTESIAN_POINT ( 'NONE',  ( 0.000000000000000000, -6.692889895852577986, -1.811312818245940370 ) ) ;
#2600 = ORIENTED_EDGE ( 'NONE', *, *, #2204, .T. ) ;
#2601 = EDGE_CURVE ( 'NONE', #2340, #1740, #2235, .T. ) ;
#2602 = VERTEX_POINT ( 'NONE', #2834 ) ;
#2603 = LINE ( 'NONE', #2138, #65 ) ;
#2604 = LINE ( 'NONE', #1185, #382 ) ;
#2605 = CARTESIAN_POINT ( 'NONE',  ( 28.20478091064725135, 16.95234924505374963, -7.308010919669872152 ) ) ;
#2606 = DIRECTION ( 'NONE',  ( 1.000000000000000000, 0.000000000000000000, -0.000000000000000000 ) ) ;
#2607 = EDGE_CURVE ( 'NONE', #3006, #1068, #961, .T. ) ;
#2608 = DIRECTION ( 'NONE',  ( -1.000000000000000000, -0.000000000000000000, 0.000000000000000000 ) ) ;
#2609 = ORIENTED_EDGE ( 'NONE', *, *, #2032, .T. ) ;
#2610 = VERTEX_POINT ( 'NONE', #443 ) ;
#2611 = LINE ( 'NONE', #60, #1105 ) ;
#2612 = EDGE_LOOP ( 'NONE', ( #83, #1389, #185, #1598, #2750 ) ) ;
#2613 = CARTESIAN_POINT ( 'NONE',  ( 28.50068526740549046, 1.000000000000000000, -6.899999999999998579 ) ) ;
#2614 = LINE ( 'NONE', #95, #2983 ) ;
#2615 = DIRECTION ( 'NONE',  ( 0.000000000000000000, -0.000000000000000000, -1.000000000000000000 ) ) ;
#2616 = VECTOR ( 'NONE', #560, 1000.000000000000000 ) ;
#2617 = DIRECTION ( 'NONE',  ( -0.000000000000000000, -1.000000000000000000, -0.000000000000000000 ) ) ;
#2618 = ORIENTED_EDGE ( 'NONE', *, *, #964, .T. ) ;
#2619 = LINE ( 'NONE', #988, #1631 ) ;
#2620 = VECTOR ( 'NONE', #1862, 1000.000000000000000 ) ;
#2621 = CARTESIAN_POINT ( 'NONE',  ( 28.99999999999999645, 1.000000000000000000, -7.899999999999999467 ) ) ;
#2622 = DIRECTION ( 'NONE',  ( -0.000000000000000000, 0.000000000000000000, 1.000000000000000000 ) ) ;
#2623 = DIRECTION ( 'NONE',  ( -1.000000000000000000, -0.000000000000000000, -0.000000000000000000 ) ) ;
#2624 =( GEOMETRIC_REPRESENTATION_CONTEXT ( 3 ) GLOBAL_UNCERTAINTY_ASSIGNED_CONTEXT ( ( #2015 ) ) GLOBAL_UNIT_ASSIGNED_CONTEXT ( ( #2722, #1050, #370 ) ) REPRESENTATION_CONTEXT ( 'NONE', 'WORKASPACE' ) );
#2625 = ORIENTED_EDGE ( 'NONE', *, *, #2992, .F. ) ;
#2626 = ADVANCED_FACE ( 'NONE', ( #420 ), #978, .F. ) ;
#2627 = EDGE_CURVE ( 'NONE', #2109, #3056, #471, .T. ) ;
#2628 = AXIS2_PLACEMENT_3D ( 'NONE', #1727, #1021, #1666 ) ;
#2629 = ADVANCED_FACE ( 'NONE', ( #2853 ), #718, .F. ) ;
#2630 = LINE ( 'NONE', #1014, #892 ) ;
#2631 = EDGE_LOOP ( 'NONE', ( #2805, #616, #2877, #963 ) ) ;
#2632 = CARTESIAN_POINT ( 'NONE',  ( 2.899999999999999467, 2.500000000000000444, -6.865079230508256636 ) ) ;
#2633 = CARTESIAN_POINT ( 'NONE',  ( -28.50068526740549046, 2.414213562373100253, 6.899999999999998579 ) ) ;
#2634 = VECTOR ( 'NONE', #3061, 1000.000000000000000 ) ;
#2635 = CARTESIAN_POINT ( 'NONE',  ( 2.899999999999999467, -6.692889895852577986, -6.865079230508256636 ) ) ;
#2636 = PLANE ( 'NONE',  #1071 ) ;
#2637 = CARTESIAN_POINT ( 'NONE',  ( -30.00000000000000711, 0.000000000000000000, -5.899999999999998579 ) ) ;
#2638 = ORIENTED_EDGE ( 'NONE', *, *, #1613, .F. ) ;
#2639 = CARTESIAN_POINT ( 'NONE',  ( 30.00000000000000000, 0.000000000000000000, -7.899999999999999467 ) ) ;
#2640 = SURFACE_SIDE_STYLE ('',( #2939 ) ) ;
#2641 = CARTESIAN_POINT ( 'NONE',  ( -30.00000000000000000, 0.000000000000000000, 7.899999999999999467 ) ) ;
#2642 = AXIS2_PLACEMENT_3D ( 'NONE', #2873, #494, #3087 ) ;
#2643 = ORIENTED_EDGE ( 'NONE', *, *, #1312, .T. ) ;
#2644 = EDGE_CURVE ( 'NONE', #3037, #2430, #2112, .T. ) ;
#2645 = APPLICATION_CONTEXT ( 'automotive_design' ) ;
#2646 = EDGE_CURVE ( 'NONE', #813, #654, #666, .T. ) ;
#2647 = DIRECTION ( 'NONE',  ( 0.000000000000000000, 1.000000000000000000, 0.000000000000000000 ) ) ;
#2648 = DIRECTION ( 'NONE',  ( -0.000000000000000000, -0.9993908270190956511, -0.03489949670250107328 ) ) ;
#2649 = ORIENTED_EDGE ( 'NONE', *, *, #131, .F. ) ;
#2650 = CARTESIAN_POINT ( 'NONE',  ( 18.00000000000000355, 2.500000000000000000, 4.408728476930470856E-15 ) ) ;
#2651 = MANIFOLD_SOLID_BREP ( 'Boss-Extrude2[1]', #2895 ) ;
#2652 = LINE ( 'NONE', #1472, #894 ) ;
#2653 =( LENGTH_UNIT ( ) NAMED_UNIT ( * ) SI_UNIT ( .MILLI., .METRE. ) );
#2654 = ORIENTED_EDGE ( 'NONE', *, *, #1221, .F. ) ;
#2655 = CARTESIAN_POINT ( 'NONE',  ( 28.99999999999999645, 0.000000000000000000, 6.399999860745171354 ) ) ;
#2656 = ORIENTED_EDGE ( 'NONE', *, *, #261, .T. ) ;
#2657 = VERTEX_POINT ( 'NONE', #1481 ) ;
#2658 = ADVANCED_FACE ( 'NONE', ( #1699 ), #520, .F. ) ;
#2659 = EDGE_CURVE ( 'NONE', #944, #2241, #2197, .T. ) ;
#2660 = VERTEX_POINT ( 'NONE', #1958 ) ;
#2661 = CARTESIAN_POINT ( 'NONE',  ( 0.3174999999999982281, -4.000000000000000000, -4.762500000000002842 ) ) ;
#2662 = ORIENTED_EDGE ( 'NONE', *, *, #1376, .F. ) ;
#2663 = LINE ( 'NONE', #2621, #3038 ) ;
#2664 = CARTESIAN_POINT ( 'NONE',  ( -29.00000000000000000, 1.000000000000000000, 6.531207530884596935 ) ) ;
#2665 = AXIS2_PLACEMENT_3D ( 'NONE', #1464, #2416, #1942 ) ;
#2666 = CARTESIAN_POINT ( 'NONE',  ( 2.899999999999999467, 2.500000000000000444, 6.865079230508256636 ) ) ;
#2667 = ORIENTED_EDGE ( 'NONE', *, *, #1708, .F. ) ;
#2668 = AXIS2_PLACEMENT_3D ( 'NONE', #3031, #2545, #393 ) ;
#2669 = CARTESIAN_POINT ( 'NONE',  ( 0.3174999999999982281, -4.000000000000000000, 5.397500000000002629 ) ) ;
#2670 = LINE ( 'NONE', #1952, #2577 ) ;
#2671 = PRODUCT_DEFINITION_SHAPE ( 'NONE', 'NONE',  #242 ) ;
#2672 = CARTESIAN_POINT ( 'NONE',  ( -27.99999999999999645, 1.000000000000000000, -6.899999999999996803 ) ) ;
#2673 = CARTESIAN_POINT ( 'NONE',  ( -28.76123642113417844, 0.000000000000000000, -6.846224096541842385 ) ) ;
#2674 = VECTOR ( 'NONE', #2812, 1000.000000000000000 ) ;
#2675 = COLOUR_RGB ( '',0.5019607843137254832, 0.5019607843137254832, 0.5019607843137254832 ) ;
#2676 = AXIS2_PLACEMENT_3D ( 'NONE', #2547, #1780, #1120 ) ;
#2677 = VECTOR ( 'NONE', #789, 1000.000000000000000 ) ;
#2678 = FACE_OUTER_BOUND ( 'NONE', #2279, .T. ) ;
#2679 = AXIS2_PLACEMENT_3D ( 'NONE', #2011, #2986, #2759 ) ;
#2680 = ADVANCED_FACE ( 'NONE', ( #2678 ), #1219, .T. ) ;
#2681 = ORIENTED_EDGE ( 'NONE', *, *, #883, .T. ) ;
#2682 = LINE ( 'NONE', #539, #1967 ) ;
#2683 = MANIFOLD_SOLID_BREP ( 'Boss-Extrude2[4]', #804 ) ;
#2684 = VECTOR ( 'NONE', #2860, 1000.000000000000000 ) ;
#2685 = DIRECTION ( 'NONE',  ( 0.01745240643730186503, -0.9998476951563909365, 0.000000000000000000 ) ) ;
#2686 = DIRECTION ( 'NONE',  ( 1.000000000000000000, 0.000000000000000000, -0.000000000000000000 ) ) ;
#2687 = EDGE_CURVE ( 'NONE', #2046, #721, #1082, .T. ) ;
#2688 = ORIENTED_EDGE ( 'NONE', *, *, #2646, .F. ) ;
#2689 = VECTOR ( 'NONE', #2234, 1000.000000000000000 ) ;
#2690 = CARTESIAN_POINT ( 'NONE',  ( 27.99999999999999645, 0.000000000000000000, -6.899999999999998579 ) ) ;
#2691 = EDGE_CURVE ( 'NONE', #2544, #707, #2614, .T. ) ;
#2692 = EDGE_LOOP ( 'NONE', ( #1325, #2333, #2096, #2784 ) ) ;
#2693 = DIRECTION ( 'NONE',  ( -1.000000000000000000, -0.000000000000000000, -0.000000000000000000 ) ) ;
#2694 = DIRECTION ( 'NONE',  ( 0.000000000000000000, -1.000000000000000000, 0.000000000000000000 ) ) ;
#2695 = ORIENTED_EDGE ( 'NONE', *, *, #2404, .F. ) ;
#2696 = DIRECTION ( 'NONE',  ( -0.000000000000000000, -1.000000000000000000, -0.000000000000000000 ) ) ;
#2697 = DIRECTION ( 'NONE',  ( -1.000000000000000000, -0.000000000000000000, -0.000000000000000000 ) ) ;
#2698 = EDGE_LOOP ( 'NONE', ( #1262, #515, #2033, #974 ) ) ;
#2699 = LINE ( 'NONE', #788, #2674 ) ;
#2700 = EDGE_CURVE ( 'NONE', #2958, #374, #2228, .T. ) ;
#2701 = EDGE_CURVE ( 'NONE', #1740, #635, #287, .T. ) ;
#2702 = CARTESIAN_POINT ( 'NONE',  ( -28.94605939899263802, 1.000000000000000000, -6.661316627484001884 ) ) ;
#2703 = CARTESIAN_POINT ( 'NONE',  ( 28.50068526740549757, 3.023363063700545201E-17, 7.899999999999999467 ) ) ;
#2704 = CARTESIAN_POINT ( 'NONE',  ( -2.899999999999999911, 2.500000000000000444, -4.711312818245939837 ) ) ;
#2705 = EDGE_LOOP ( 'NONE', ( #739, #2349, #2797, #14 ) ) ;
#2706 = PLANE ( 'NONE',  #1243 ) ;
#2707 = DIRECTION ( 'NONE',  ( -1.000000000000000000, -0.000000000000000000, 0.000000000000000000 ) ) ;
#2708 = EDGE_LOOP ( 'NONE', ( #1178, #2144, #1026, #2245 ) ) ;
#2709 = CARTESIAN_POINT ( 'NONE',  ( 28.50068526740549046, 0.000000000000000000, -6.899999999999998579 ) ) ;
#2710 = CARTESIAN_POINT ( 'NONE',  ( -0.3175000000000017808, -4.000000000000000000, 5.397500000000002629 ) ) ;
#2711 = EDGE_LOOP ( 'NONE', ( #411, #69, #2286, #2210 ) ) ;
#2712 = CARTESIAN_POINT ( 'NONE',  ( -0.3175000000000017808, 1.000000000000000000, 5.397500000000002629 ) ) ;
#2713 = CARTESIAN_POINT ( 'NONE',  ( -29.69763087083476805, 17.78519453334262934, 6.316957942427175787 ) ) ;
#2714 = COLOUR_RGB ( '',0.7529411764705882248, 0.7529411764705882248, 0.7529411764705882248 ) ;
#2715 = AXIS2_PLACEMENT_3D ( 'NONE', #445, #1425, #2367 ) ;
#2716 = ADVANCED_FACE ( 'NONE', ( #604 ), #351, .F. ) ;
#2717 = EDGE_CURVE ( 'NONE', #664, #2340, #47, .T. ) ;
#2718 = CARTESIAN_POINT ( 'NONE',  ( 0.3174999999999982281, -4.000000000000000000, -5.397500000000002629 ) ) ;
#2719 = AXIS2_PLACEMENT_3D ( 'NONE', #2507, #633, #1583 ) ;
#2720 = EDGE_CURVE ( 'NONE', #174, #1323, #776, .T. ) ;
#2721 = VECTOR ( 'NONE', #1326, 1000.000000000000000 ) ;
#2722 =( LENGTH_UNIT ( ) NAMED_UNIT ( * ) SI_UNIT ( .MILLI., .METRE. ) );
#2723 = DIRECTION ( 'NONE',  ( 1.000000000000000000, -0.000000000000000000, 0.000000000000000000 ) ) ;
#2724 = CARTESIAN_POINT ( 'NONE',  ( -30.00000000000000000, 16.95234924505374963, -7.308010919669872152 ) ) ;
#2725 = VERTEX_POINT ( 'NONE', #2036 ) ;
#2726 = CARTESIAN_POINT ( 'NONE',  ( -28.99999999999999645, 0.000000000000000000, -6.399999860745174907 ) ) ;
#2727 = VECTOR ( 'NONE', #551, 1000.000000000000000 ) ;
#2728 = DIRECTION ( 'NONE',  ( -0.000000000000000000, -1.000000000000000000, 0.000000000000000000 ) ) ;
#2729 = SURFACE_STYLE_USAGE ( .BOTH. , #1530 ) ;
#2730 = ORIENTED_EDGE ( 'NONE', *, *, #2973, .T. ) ;
#2731 = ORIENTED_EDGE ( 'NONE', *, *, #2274, .T. ) ;
#2732 = DIRECTION ( 'NONE',  ( 0.000000000000000000, 0.000000000000000000, 1.000000000000000000 ) ) ;
#2733 = CARTESIAN_POINT ( 'NONE',  ( 27.99999999999999645, 1.000000000000000222, 7.865079230508253971 ) ) ;
#2734 = AXIS2_PLACEMENT_3D ( 'NONE', #1559, #829, #356 ) ;
#2735 = CARTESIAN_POINT ( 'NONE',  ( -28.50068526740549046, 1.000000000000000000, 6.899999999999998579 ) ) ;
#2736 = ORIENTED_EDGE ( 'NONE', *, *, #2839, .T. ) ;
#2737 = CARTESIAN_POINT ( 'NONE',  ( -28.99999999999999645, 0.5000000000000000000, 6.399999860745174907 ) ) ;
#2738 = EDGE_CURVE ( 'NONE', #1147, #1555, #1396, .T. ) ;
#2739 = AXIS2_PLACEMENT_3D ( 'NONE', #2523, #715, #1965 ) ;
#2740 = LINE ( 'NONE', #1847, #3077 ) ;
#2741 = CARTESIAN_POINT ( 'NONE',  ( -27.99999999999999645, 1.000000000000000000, -6.900000000000000355 ) ) ;
#2742 = ADVANCED_FACE ( 'NONE', ( #2752 ), #1512, .T. ) ;
#2743 = ORIENTED_EDGE ( 'NONE', *, *, #1009, .F. ) ;
#2744 = DIRECTION ( 'NONE',  ( 0.000000000000000000, -0.000000000000000000, -1.000000000000000000 ) ) ;
#2745 = ORIENTED_EDGE ( 'NONE', *, *, #769, .F. ) ;
#2746 = B_SPLINE_CURVE_WITH_KNOTS ( 'NONE', 3,
 ( #2795, #696, #1150, #2325, #170, #438 ),
 .UNSPECIFIED., .F., .F.,
 ( 4, 2, 4 ),
 ( 3.576224061345498009E-18, 0.0003900902649455828888, 0.0007801805298911621998 ),
 .UNSPECIFIED. ) ;
#2747 = ORIENTED_EDGE ( 'NONE', *, *, #2099, .F. ) ;
#2748 = DIRECTION ( 'NONE',  ( -1.000000000000000000, -0.000000000000000000, 0.000000000000000000 ) ) ;
#2749 = DIRECTION ( 'NONE',  ( -0.000000000000000000, 0.9993908270190958731, -0.03489949670249401642 ) ) ;
#2750 = ORIENTED_EDGE ( 'NONE', *, *, #337, .F. ) ;
#2751 = LINE ( 'NONE', #617, #1697 ) ;
#2752 = FACE_OUTER_BOUND ( 'NONE', #1912, .T. ) ;
#2753 = EDGE_CURVE ( 'NONE', #901, #2657, #36, .T. ) ;
#2754 = EDGE_CURVE ( 'NONE', #2932, #1867, #533, .T. ) ;
#2755 = ORIENTED_EDGE ( 'NONE', *, *, #1521, .T. ) ;
#2756 = DIRECTION ( 'NONE',  ( -1.000000000000000000, 0.000000000000000000, -0.000000000000000000 ) ) ;
#2757 = DIRECTION ( 'NONE',  ( 0.000000000000000000, 1.000000000000000000, 0.000000000000000000 ) ) ;
#2758 = EDGE_LOOP ( 'NONE', ( #877, #2347 ) ) ;
#2759 = DIRECTION ( 'NONE',  ( 0.000000000000000000, 0.000000000000000000, 1.000000000000000000 ) ) ;
#2760 = CARTESIAN_POINT ( 'NONE',  ( -29.70473129879543706, 16.90031339145917144, 5.821120370180818959 ) ) ;
#2761 = CARTESIAN_POINT ( 'NONE',  ( 0.000000000000000000, 1.000000000000000000, -1.811312818245940370 ) ) ;
#2762 = ORIENTED_EDGE ( 'NONE', *, *, #798, .T. ) ;
#2763 = ORIENTED_EDGE ( 'NONE', *, *, #607, .T. ) ;
#2764 = PLANE ( 'NONE',  #2719 ) ;
#2765 = VERTEX_POINT ( 'NONE', #1128 ) ;
#2766 = COLOUR_RGB ( '',0.7529411764705882248, 0.7529411764705882248, 0.7529411764705882248 ) ;
#2767 = VECTOR ( 'NONE', #2696, 1000.000000000000000 ) ;
#2768 = PRESENTATION_LAYER_ASSIGNMENT (  '', '', ( #2219 ) ) ;
#2769 = DIRECTION ( 'NONE',  ( 0.000000000000000000, -0.03489949670249422459, -0.9993908270190959842 ) ) ;
#2770 = APPLICATION_PROTOCOL_DEFINITION ( 'draft international standard', 'automotive_design', 1998, #2804 ) ;
#2771 = VECTOR ( 'NONE', #2448, 1000.000000000000000 ) ;
#2772 = ORIENTED_EDGE ( 'NONE', *, *, #3021, .F. ) ;
#2773 = FACE_OUTER_BOUND ( 'NONE', #1100, .T. ) ;
#2774 = DIRECTION ( 'NONE',  ( 0.000000000000000000, 0.000000000000000000, -1.000000000000000000 ) ) ;
#2775 = DIRECTION ( 'NONE',  ( 0.000000000000000000, 0.000000000000000000, -1.000000000000000000 ) ) ;
#2776 = VECTOR ( 'NONE', #695, 1000.000000000000000 ) ;
#2777 = DIRECTION ( 'NONE',  ( 0.000000000000000000, 0.000000000000000000, 1.000000000000000000 ) ) ;
#2778 = ADVANCED_FACE ( 'NONE', ( #373 ), #1354, .F. ) ;
#2779 = CARTESIAN_POINT ( 'NONE',  ( -2.899999999999999467, 2.500000000000000444, 6.865079230508256636 ) ) ;
#2780 = ORIENTED_EDGE ( 'NONE', *, *, #967, .F. ) ;
#2781 = DIRECTION ( 'NONE',  ( 0.000000000000000000, 0.000000000000000000, 1.000000000000000000 ) ) ;
#2782 = LINE ( 'NONE', #1121, #1149 ) ;
#2783 = EDGE_CURVE ( 'NONE', #2100, #575, #2934, .T. ) ;
#2784 = ORIENTED_EDGE ( 'NONE', *, *, #1231, .F. ) ;
#2785 = CARTESIAN_POINT ( 'NONE',  ( -28.99999999999999645, 1.000000000000000000, -7.899999999999999467 ) ) ;
#2786 = ORIENTED_EDGE ( 'NONE', *, *, #298, .T. ) ;
#2787 =( GEOMETRIC_REPRESENTATION_CONTEXT ( 3 ) GLOBAL_UNCERTAINTY_ASSIGNED_CONTEXT ( ( #384 ) ) GLOBAL_UNIT_ASSIGNED_CONTEXT ( ( #946, #708, #206 ) ) REPRESENTATION_CONTEXT ( 'NONE', 'WORKASPACE' ) );
#2788 = EDGE_CURVE ( 'NONE', #987, #2947, #3016, .T. ) ;
#2789 = ORIENTED_EDGE ( 'NONE', *, *, #2066, .T. ) ;
#2790 = DIRECTION ( 'NONE',  ( -0.9998476951563912696, 0.01745240643728354982, 0.000000000000000000 ) ) ;
#2791 = LINE ( 'NONE', #408, #1832 ) ;
#2792 = DIRECTION ( 'NONE',  ( -0.000000000000000000, 1.000000000000000000, 0.000000000000000000 ) ) ;
#2793 = ORIENTED_EDGE ( 'NONE', *, *, #3055, .T. ) ;
#2794 = CARTESIAN_POINT ( 'NONE',  ( 0.3174999999999982281, -4.000000000000000000, 0.000000000000000000 ) ) ;
#2795 = CARTESIAN_POINT ( 'NONE',  ( -28.50068526740549046, 1.000000000000000000, -6.899999999999999467 ) ) ;
#2796 = DIRECTION ( 'NONE',  ( -0.000000000000000000, -1.000000000000000000, -0.000000000000000000 ) ) ;
#2797 = ORIENTED_EDGE ( 'NONE', *, *, #1839, .T. ) ;
#2798 = ADVANCED_FACE ( 'NONE', ( #1359 ), #2925, .F. ) ;
#2799 = EDGE_CURVE ( 'NONE', #553, #2475, #794, .T. ) ;
#2800 = CARTESIAN_POINT ( 'NONE',  ( -0.3175000000000017808, -4.000000000000000000, 5.397500000000002629 ) ) ;
#2801 = ORIENTED_EDGE ( 'NONE', *, *, #1696, .F. ) ;
#2802 = DIRECTION ( 'NONE',  ( 0.01744177813809450958, 0.9992388003036508648, 0.03489418781261442726 ) ) ;
#2803 = PRODUCT_RELATED_PRODUCT_CATEGORY ( 'part', '', ( #27 ) ) ;
#2804 = APPLICATION_CONTEXT ( 'automotive_design' ) ;
#2805 = ORIENTED_EDGE ( 'NONE', *, *, #337, .T. ) ;
#2806 = CARTESIAN_POINT ( 'NONE',  ( -18.00000000000000355, 1.000000000000000000, -1.999999999999999112 ) ) ;
#2807 = DIRECTION ( 'NONE',  ( -2.013592869333790472E-16, 0.000000000000000000, 1.000000000000000000 ) ) ;
#2808 = DIRECTION ( 'NONE',  ( -1.000000000000000000, 0.000000000000000000, -0.000000000000000000 ) ) ;
#2809 = ORIENTED_EDGE ( 'NONE', *, *, #2297, .T. ) ;
#2810 = CARTESIAN_POINT ( 'NONE',  ( -0.3175000000000017808, -4.000000000000000000, 4.762499999999999289 ) ) ;
#2811 = CARTESIAN_POINT ( 'NONE',  ( 30.00000000000000000, 0.000000000000000000, 5.899999999999998579 ) ) ;
#2812 = DIRECTION ( 'NONE',  ( 0.000000000000000000, -0.000000000000000000, 1.000000000000000000 ) ) ;
#2813 = LINE ( 'NONE', #795, #581 ) ;
#2814 = ORIENTED_EDGE ( 'NONE', *, *, #1670, .F. ) ;
#2815 = ADVANCED_FACE ( 'NONE', ( #2290 ), #2000, .T. ) ;
#2816 = CIRCLE ( 'NONE', #1918, 1.500000000000001332 ) ;
#2817 = EDGE_CURVE ( 'NONE', #600, #694, #2237, .T. ) ;
#2818 = MECHANICAL_DESIGN_GEOMETRIC_PRESENTATION_REPRESENTATION (  '', ( #2219 ), #1245 ) ;
#2819 = VECTOR ( 'NONE', #2193, 1000.000000000000000 ) ;
#2820 = DIRECTION ( 'NONE',  ( 0.000000000000000000, -0.000000000000000000, -1.000000000000000000 ) ) ;
#2821 = VERTEX_POINT ( 'NONE', #453 ) ;
#2822 = CARTESIAN_POINT ( 'NONE',  ( 28.50068526740549046, 2.414213562373100253, -6.899999999999996803 ) ) ;
#2823 = AXIS2_PLACEMENT_3D ( 'NONE', #2326, #466, #955 ) ;
#2824 = ORIENTED_EDGE ( 'NONE', *, *, #780, .T. ) ;
#2825 = CIRCLE ( 'NONE', #687, 1.500000000000001332 ) ;
#2826 = LINE ( 'NONE', #1203, #1346 ) ;
#2827 = AXIS2_PLACEMENT_3D ( 'NONE', #2641, #528, #3118 ) ;
#2828 = CARTESIAN_POINT ( 'NONE',  ( 25.71750000000000114, -4.000000000000000000, 0.3175000000000017808 ) ) ;
#2829 = DIRECTION ( 'NONE',  ( -1.000000000000000000, 0.000000000000000000, 3.464698462101725384E-15 ) ) ;
#2830 = CARTESIAN_POINT ( 'NONE',  ( -0.3175000000000017808, -4.000000000000000000, 5.397500000000002629 ) ) ;
#2831 = ORIENTED_EDGE ( 'NONE', *, *, #106, .T. ) ;
#2832 = DIRECTION ( 'NONE',  ( 0.000000000000000000, 0.000000000000000000, 1.000000000000000000 ) ) ;
#2833 = EDGE_LOOP ( 'NONE', ( #2373, #204, #28, #2196 ) ) ;
#2834 = CARTESIAN_POINT ( 'NONE',  ( 29.70455245338184724, 16.92617860965592769, 5.808924679141346914 ) ) ;
#2835 = EDGE_CURVE ( 'NONE', #635, #1907, #2746, .T. ) ;
#2836 = PRODUCT_DEFINITION_FORMATION_WITH_SPECIFIED_SOURCE ( 'ANY', '', #27, .NOT_KNOWN. ) ;
#2837 = PLANE ( 'NONE',  #682 ) ;
#2838 = EDGE_LOOP ( 'NONE', ( #1882, #330, #2831, #461, #1217 ) ) ;
#2839 = EDGE_CURVE ( 'NONE', #1494, #2958, #2122, .T. ) ;
#2840 = DIRECTION ( 'NONE',  ( 0.000000000000000000, -0.000000000000000000, 1.000000000000000000 ) ) ;
#2841 = FACE_OUTER_BOUND ( 'NONE', #1661, .T. ) ;
#2842 = ORIENTED_EDGE ( 'NONE', *, *, #3067, .F. ) ;
#2843 = DIRECTION ( 'NONE',  ( 0.000000000000000000, -1.000000000000000000, 0.000000000000000000 ) ) ;
#2844 = DIRECTION ( 'NONE',  ( 0.000000000000000000, 0.000000000000000000, 1.000000000000000000 ) ) ;
#2845 = PRESENTATION_STYLE_ASSIGNMENT (( #1658 ) ) ;
#2846 = PLANE ( 'NONE',  #428 ) ;
#2847 = LINE ( 'NONE', #2830, #2875 ) ;
#2848 = DIRECTION ( 'NONE',  ( 0.000000000000000000, -1.000000000000000000, 0.000000000000000000 ) ) ;
#2849 = EDGE_LOOP ( 'NONE', ( #2088, #2198, #352 ) ) ;
#2850 = EDGE_CURVE ( 'NONE', #1137, #2071, #3048, .T. ) ;
#2851 = PLANE ( 'NONE',  #2739 ) ;
#2852 = VERTEX_POINT ( 'NONE', #2828 ) ;
#2853 = FACE_OUTER_BOUND ( 'NONE', #1081, .T. ) ;
#2854 = ORIENTED_EDGE ( 'NONE', *, *, #1901, .F. ) ;
#2855 = PRESENTATION_STYLE_ASSIGNMENT (( #2406 ) ) ;
#2856 = EDGE_CURVE ( 'NONE', #2071, #45, #182, .T. ) ;
#2857 = EDGE_CURVE ( 'NONE', #2243, #198, #2239, .T. ) ;
#2858 = EDGE_LOOP ( 'NONE', ( #1083, #1315, #678, #906 ) ) ;
#2859 = CARTESIAN_POINT ( 'NONE',  ( 0.3174999999999982281, -4.000000000000000000, 4.762500000000001066 ) ) ;
#2860 = DIRECTION ( 'NONE',  ( 0.000000000000000000, 0.000000000000000000, -1.000000000000000000 ) ) ;
#2861 = DIRECTION ( 'NONE',  ( 0.000000000000000000, 1.000000000000000000, 0.000000000000000000 ) ) ;
#2862 = LINE ( 'NONE', #1920, #264 ) ;
#2863 = EDGE_CURVE ( 'NONE', #2531, #1417, #2604, .T. ) ;
#2864 = PLANE ( 'NONE',  #936 ) ;
#2865 =( BOUNDED_CURVE ( )  B_SPLINE_CURVE ( 3, ( #104, #1373, #2505, #646 ),
 .UNSPECIFIED., .F., .F. ) 
 B_SPLINE_CURVE_WITH_KNOTS ( ( 4, 4 ),
 ( 2.678371394257215599, 4.248558640813547171 ),
 .UNSPECIFIED. ) 
 CURVE ( )  GEOMETRIC_REPRESENTATION_ITEM ( )  RATIONAL_B_SPLINE_CURVE ( ( 1.000000000000000000, 0.8048813938510064325, 0.8048813938510064325, 1.000000000000000000 ) ) 
 REPRESENTATION_ITEM ( '' )  );
#2866 = ORIENTED_EDGE ( 'NONE', *, *, #883, .F. ) ;
#2867 = DIRECTION ( 'NONE',  ( 0.000000000000000000, 0.000000000000000000, -1.000000000000000000 ) ) ;
#2868 = DIRECTION ( 'NONE',  ( 0.000000000000000000, 0.000000000000000000, 1.000000000000000000 ) ) ;
#2869 = ORIENTED_EDGE ( 'NONE', *, *, #518, .T. ) ;
#2870 = VERTEX_POINT ( 'NONE', #1657 ) ;
#2871 = ORIENTED_EDGE ( 'NONE', *, *, #2644, .T. ) ;
#2872 = VECTOR ( 'NONE', #2361, 1000.000000000000000 ) ;
#2873 = CARTESIAN_POINT ( 'NONE',  ( 0.000000000000000000, 18.39999999999999858, 0.000000000000000000 ) ) ;
#2874 = VECTOR ( 'NONE', #1099, 1000.000000000000000 ) ;
#2875 = VECTOR ( 'NONE', #713, 1000.000000000000000 ) ;
#2876 = DIRECTION ( 'NONE',  ( -1.000000000000000000, 0.000000000000000000, -0.000000000000000000 ) ) ;
#2877 = ORIENTED_EDGE ( 'NONE', *, *, #106, .F. ) ;
#2878 = DIRECTION ( 'NONE',  ( 0.01744177813809450958, -0.9992388003036508648, -0.03489418781261442726 ) ) ;
#2879 = LINE ( 'NONE', #1056, #1305 ) ;
#2880 = EDGE_CURVE ( 'NONE', #374, #22, #2091, .T. ) ;
#2881 = CARTESIAN_POINT ( 'NONE',  ( -18.00000000000000355, 2.500000000000000444, 1.999999999999999112 ) ) ;
#2882 = AXIS2_PLACEMENT_3D ( 'NONE', #2134, #238, #722 ) ;
#2883 = ORIENTED_EDGE ( 'NONE', *, *, #1841, .T. ) ;
#2884 = ADVANCED_FACE ( 'NONE', ( #152 ), #1646, .F. ) ;
#2885 = FACE_OUTER_BOUND ( 'NONE', #586, .T. ) ;
#2886 = ORIENTED_EDGE ( 'NONE', *, *, #357, .T. ) ;
#2887 = FACE_OUTER_BOUND ( 'NONE', #458, .T. ) ;
#2888 = MECHANICAL_DESIGN_GEOMETRIC_PRESENTATION_REPRESENTATION (  '', ( #2441 ), #2587 ) ;
#2889 = CARTESIAN_POINT ( 'NONE',  ( -28.50068526740549046, 1.000000000000000000, 6.899999999999998579 ) ) ;
#2890 = ORIENTED_EDGE ( 'NONE', *, *, #1188, .T. ) ;
#2891 = CARTESIAN_POINT ( 'NONE',  ( 28.20478091064725845, 18.39999999999999858, -5.808924679141227010 ) ) ;
#2892 =( NAMED_UNIT ( * ) PLANE_ANGLE_UNIT ( ) SI_UNIT ( $, .RADIAN. ) );
#2893 = CARTESIAN_POINT ( 'NONE',  ( 29.98254493507176832, 1.000000000000000000, -5.899999999999998579 ) ) ;
#2894 =( NAMED_UNIT ( * ) SI_UNIT ( $, .STERADIAN. ) SOLID_ANGLE_UNIT ( ) );
#2895 = CLOSED_SHELL ( 'NONE', ( #2317, #523, #221, #709 ) ) ;
#2896 = ORIENTED_EDGE ( 'NONE', *, *, #2065, .T. ) ;
#2897 = CARTESIAN_POINT ( 'NONE',  ( -28.94605939899263802, 0.000000000000000000, -6.661316627484001884 ) ) ;
#2898 = ADVANCED_FACE ( 'NONE', ( #2139 ), #194, .T. ) ;
#2899 = LINE ( 'NONE', #962, #1246 ) ;
#2900 = CARTESIAN_POINT ( 'NONE',  ( -18.00000000000000355, 2.500000000000000000, -1.999999999999999112 ) ) ;
#2901 = LINE ( 'NONE', #2372, #1825 ) ;
#2902 = ORIENTED_EDGE ( 'NONE', *, *, #2572, .T. ) ;
#2903 = CARTESIAN_POINT ( 'NONE',  ( -30.00000000000000000, 0.000000000000000000, 5.899999999999998579 ) ) ;
#2904 = CARTESIAN_POINT ( 'NONE',  ( 0.3174999999999982281, 1.000000000000000000, 4.762500000000001954 ) ) ;
#2905 = DIRECTION ( 'NONE',  ( 0.000000000000000000, 0.000000000000000000, -1.000000000000000000 ) ) ;
#2906 = ORIENTED_EDGE ( 'NONE', *, *, #2627, .F. ) ;
#2907 = LINE ( 'NONE', #1662, #832 ) ;
#2908 = LINE ( 'NONE', #2944, #679 ) ;
#2909 = ADVANCED_FACE ( 'NONE', ( #1604 ), #413, .F. ) ;
#2910 = VERTEX_POINT ( 'NONE', #2548 ) ;
#2911 = ORIENTED_EDGE ( 'NONE', *, *, #2165, .T. ) ;
#2912 = DIRECTION ( 'NONE',  ( 0.000000000000000000, -0.000000000000000000, 1.000000000000000000 ) ) ;
#2913 = DIRECTION ( 'NONE',  ( 0.000000000000000000, -0.000000000000000000, -1.000000000000000000 ) ) ;
#2914 = CARTESIAN_POINT ( 'NONE',  ( 25.71750000000000114, -4.000000000000000000, -0.3174999999999983391 ) ) ;
#2915 = ADVANCED_FACE ( 'NONE', ( #916 ), #1431, .F. ) ;
#2916 = ORIENTED_EDGE ( 'NONE', *, *, #286, .T. ) ;
#2917 = CARTESIAN_POINT ( 'NONE',  ( -29.69763087083476449, 17.78519453334257605, -5.808924679140935687 ) ) ;
#2918 = FILL_AREA_STYLE_COLOUR ( '', #1477 ) ;
#2919 = VECTOR ( 'NONE', #3101, 1000.000000000000000 ) ;
#2920 = AXIS2_PLACEMENT_3D ( 'NONE', #1791, #2996, #51 ) ;
#2921 = CARTESIAN_POINT ( 'NONE',  ( -2.899999999999999467, 2.500000000000000000, -6.865079230508256636 ) ) ;
#2922 = VERTEX_POINT ( 'NONE', #2810 ) ;
#2923 = AXIS2_PLACEMENT_3D ( 'NONE', #1754, #196, #1764 ) ;
#2924 = ORIENTED_EDGE ( 'NONE', *, *, #1455, .T. ) ;
#2925 = B_SPLINE_SURFACE_WITH_KNOTS ( 'NONE', 3, 1, ( 
 ( #2969, #1781 ),
 ( #612, #1795 ),
 ( #1134, #2518 ),
 ( #361, #122 ),
 ( #594, #2042 ),
 ( #3002, #1806 ) ),
 .UNSPECIFIED., .F., .F., .F.,
 ( 4, 2, 4 ),
 ( 2, 2 ),
 ( 0.000000000000000000, 0.5000000000000000000, 1.000000000000000000 ),
 ( 0.000000000000000000, 1.000000000000000000 ),
 .UNSPECIFIED. ) ;
#2926 = VECTOR ( 'NONE', #2556, 1000.000000000000000 ) ;
#2927 = ORIENTED_EDGE ( 'NONE', *, *, #1866, .F. ) ;
#2928 = CARTESIAN_POINT ( 'NONE',  ( -28.20478091064726200, 18.39999999999999858, 5.808924679141346914 ) ) ;
#2929 = CARTESIAN_POINT ( 'NONE',  ( -28.18006589359819714, 18.31592237844443716, -5.759479580145361766 ) ) ;
#2930 = VECTOR ( 'NONE', #734, 1000.000000000000000 ) ;
#2931 = EDGE_CURVE ( 'NONE', #2962, #2585, #3102, .T. ) ;
#2932 = VERTEX_POINT ( 'NONE', #1592 ) ;
#2933 = DIRECTION ( 'NONE',  ( 0.000000000000000000, -1.000000000000000000, 0.000000000000000000 ) ) ;
#2934 = CIRCLE ( 'NONE', #216, 1.999999999999999112 ) ;
#2935 = ADVANCED_FACE ( 'NONE', ( #396 ), #3117, .F. ) ;
#2936 = ADVANCED_FACE ( 'NONE', ( #2199 ), #244, .F. ) ;
#2937 = ORIENTED_EDGE ( 'NONE', *, *, #1993, .F. ) ;
#2938 = DIRECTION ( 'NONE',  ( -0.000000000000000000, -1.000000000000000000, -0.000000000000000000 ) ) ;
#2939 = SURFACE_STYLE_FILL_AREA ( #768 ) ;
#2940 = CARTESIAN_POINT ( 'NONE',  ( 29.66158449885566739, 19.38781107581268515, -5.722962579217164780 ) ) ;
#2941 = AXIS2_PLACEMENT_3D ( 'NONE', #758, #1035, #54 ) ;
#2942 = EDGE_LOOP ( 'NONE', ( #406, #753, #1000 ) ) ;
#2943 = CARTESIAN_POINT ( 'NONE',  ( -18.00000000000000355, 1.000000000000000000, -1.999999999999999112 ) ) ;
#2944 = CARTESIAN_POINT ( 'NONE',  ( 28.50068526740549046, 2.414213562373100253, -6.899999999999996803 ) ) ;
#2945 = B_SPLINE_CURVE_WITH_KNOTS ( 'NONE', 3,
 ( #1298, #74, #35, #2951, #1090, #2709 ),
 .UNSPECIFIED., .F., .F.,
 ( 4, 2, 4 ),
 ( 1.734723475976807094E-18, 0.0003900913400514185178, 0.0007801826801028353010 ),
 .UNSPECIFIED. ) ;
#2946 = FACE_OUTER_BOUND ( 'NONE', #1843, .T. ) ;
#2947 = VERTEX_POINT ( 'NONE', #2891 ) ;
#2948 = DIRECTION ( 'NONE',  ( -0.000000000000000000, 0.000000000000000000, -1.000000000000000000 ) ) ;
#2949 = EDGE_CURVE ( 'NONE', #1463, #1992, #2879, .T. ) ;
#2950 = ADVANCED_FACE ( 'NONE', ( #745 ), #18, .F. ) ;
#2951 = CARTESIAN_POINT ( 'NONE',  ( 28.76123642113417844, 0.000000000000000000, -6.846224096541842385 ) ) ;
#2952 = LINE ( 'NONE', #2710, #1826 ) ;
#2953 = ORIENTED_EDGE ( 'NONE', *, *, #2295, .T. ) ;
#2954 = CARTESIAN_POINT ( 'NONE',  ( 2.899999999999999911, 1.000000000000000000, -4.711312818245939837 ) ) ;
#2955 = CARTESIAN_POINT ( 'NONE',  ( 27.99999999999999645, 1.000000000000000000, -7.899999999999999467 ) ) ;
#2956 = DIRECTION ( 'NONE',  ( -0.000000000000000000, -1.000000000000000000, -0.000000000000000000 ) ) ;
#2957 = EDGE_CURVE ( 'NONE', #1323, #2175, #2663, .T. ) ;
#2958 = VERTEX_POINT ( 'NONE', #989 ) ;
#2959 = UNCERTAINTY_MEASURE_WITH_UNIT (LENGTH_MEASURE( 1.000000000000000082E-05 ), #1898, 'distance_accuracy_value', 'NONE');
#2960 = EDGE_LOOP ( 'NONE', ( #925, #2656, #1776, #1779 ) ) ;
#2961 = DIRECTION ( 'NONE',  ( -1.000000000000000000, -0.000000000000000000, 0.000000000000000000 ) ) ;
#2962 = VERTEX_POINT ( 'NONE', #32 ) ;
#2963 = DIRECTION ( 'NONE',  ( -0.000000000000000000, -1.000000000000000000, -0.000000000000000000 ) ) ;
#2964 = VERTEX_POINT ( 'NONE', #2904 ) ;
#2965 = CARTESIAN_POINT ( 'NONE',  ( 29.98254493507176832, 1.000000000000000000, -7.899999999999999467 ) ) ;
#2966 = EDGE_LOOP ( 'NONE', ( #164, #2496, #907, #1674 ) ) ;
#2967 = ORIENTED_EDGE ( 'NONE', *, *, #561, .F. ) ;
#2968 = EDGE_CURVE ( 'NONE', #2484, #2870, #2453, .T. ) ;
#2969 = CARTESIAN_POINT ( 'NONE',  ( 28.50068526740548691, 1.000000000000000000, -6.899999999999998579 ) ) ;
#2970 = LINE ( 'NONE', #2250, #473 ) ;
#2971 = CARTESIAN_POINT ( 'NONE',  ( 0.000000000000000000, 1.000000000000000000, -5.397500000000002629 ) ) ;
#2972 = STYLED_ITEM ( 'NONE', ( #2845 ), #1611 ) ;
#2973 = EDGE_CURVE ( 'NONE', #1059, #1995, #767, .T. ) ;
#2974 = VECTOR ( 'NONE', #793, 1000.000000000000000 ) ;
#2975 = VECTOR ( 'NONE', #2222, 1000.000000000000000 ) ;
#2976 = DIRECTION ( 'NONE',  ( 0.000000000000000000, 0.000000000000000000, -1.000000000000000000 ) ) ;
#2977 = B_SPLINE_CURVE_WITH_KNOTS ( 'NONE', 3,
 ( #2209, #1994, #1280, #2231, #827, #49 ),
 .UNSPECIFIED., .F., .F.,
 ( 4, 2, 4 ),
 ( 1.734723475976807094E-18, 0.0003900913400514185178, 0.0007801826801028353010 ),
 .UNSPECIFIED. ) ;
#2978 = VECTOR ( 'NONE', #2504, 1000.000000000000000 ) ;
#2979 = LINE ( 'NONE', #668, #1194 ) ;
#2980 = CARTESIAN_POINT ( 'NONE',  ( 28.76123642113417844, 1.000000000000000000, 6.846224096541842385 ) ) ;
#2981 = ORIENTED_EDGE ( 'NONE', *, *, #3021, .T. ) ;
#2982 = CARTESIAN_POINT ( 'NONE',  ( 25.71750000000000114, 1.000000000000000000, -0.3174999999999983391 ) ) ;
#2983 = VECTOR ( 'NONE', #2994, 1000.000000000000114 ) ;
#2984 = LINE ( 'NONE', #2530, #736 ) ;
#2985 = ORIENTED_EDGE ( 'NONE', *, *, #2817, .T. ) ;
#2986 = DIRECTION ( 'NONE',  ( -1.000000000000000000, 0.000000000000000000, 0.000000000000000000 ) ) ;
#2987 = CARTESIAN_POINT ( 'NONE',  ( 25.71750000000000114, 1.000000000000000000, -0.3174999999999983391 ) ) ;
#2988 = DIRECTION ( 'NONE',  ( 0.000000000000000000, -0.000000000000000000, -1.000000000000000000 ) ) ;
#2989 = CYLINDRICAL_SURFACE ( 'NONE', #1381, 1.999999999999999112 ) ;
#2990 = UNCERTAINTY_MEASURE_WITH_UNIT (LENGTH_MEASURE( 1.000000000000000082E-05 ), #134, 'distance_accuracy_value', 'NONE');
#2991 = ORIENTED_EDGE ( 'NONE', *, *, #1221, .T. ) ;
#2992 = EDGE_CURVE ( 'NONE', #1600, #606, #2424, .T. ) ;
#2993 = CARTESIAN_POINT ( 'NONE',  ( 29.69763087083476805, 17.78519453334257605, -5.808924679140847758 ) ) ;
#2994 = DIRECTION ( 'NONE',  ( 0.01745240643728354635, 0.9998476951563911586, -0.000000000000000000 ) ) ;
#2995 = ORIENTED_EDGE ( 'NONE', *, *, #1509, .T. ) ;
#2996 = DIRECTION ( 'NONE',  ( 1.000000000000000000, -0.000000000000000000, 0.000000000000000000 ) ) ;
#2997 = FILL_AREA_STYLE ('',( #2024 ) ) ;
#2998 = FACE_OUTER_BOUND ( 'NONE', #1860, .T. ) ;
#2999 =( BOUNDED_CURVE ( )  B_SPLINE_CURVE ( 3, ( #2563, #380, #1358, #2289 ),
 .UNSPECIFIED., .F., .F. ) 
 B_SPLINE_CURVE_WITH_KNOTS ( ( 4, 4 ),
 ( 2.678371394257299087, 4.248558640813627996 ),
 .UNSPECIFIED. ) 
 CURVE ( )  GEOMETRIC_REPRESENTATION_ITEM ( )  RATIONAL_B_SPLINE_CURVE ( ( 1.000000000000000000, 0.8048813938510069876, 0.8048813938510069876, 1.000000000000000000 ) ) 
 REPRESENTATION_ITEM ( '' )  );
#3000 = VERTEX_POINT ( 'NONE', #1730 ) ;
#3001 = CARTESIAN_POINT ( 'NONE',  ( -0.3175000000000017808, -4.000000000000000000, 4.762499999999999289 ) ) ;
#3002 = CARTESIAN_POINT ( 'NONE',  ( 28.99999999999999645, 1.000000000000000000, -6.399999860745174907 ) ) ;
#3003 = CARTESIAN_POINT ( 'NONE',  ( -29.69763087083476805, 16.92273924937341434, 6.693827096584945124 ) ) ;
#3004 = DIRECTION ( 'NONE',  ( -0.000000000000000000, -6.123233995736766036E-17, -1.000000000000000000 ) ) ;
#3005 = ORIENTED_EDGE ( 'NONE', *, *, #3050, .F. ) ;
#3006 = VERTEX_POINT ( 'NONE', #526 ) ;
#3007 = ADVANCED_FACE ( 'NONE', ( #2169 ), #1395, .T. ) ;
#3008 = CARTESIAN_POINT ( 'NONE',  ( 30.00000000000000355, 8.673617379884035472E-16, 6.399999860745174907 ) ) ;
#3009 = ORIENTED_EDGE ( 'NONE', *, *, #70, .T. ) ;
#3010 = EDGE_CURVE ( 'NONE', #1582, #1728, #1691, .T. ) ;
#3011 = CARTESIAN_POINT ( 'NONE',  ( 29.70473129879544416, 16.90731277575655866, 5.820940507698969313 ) ) ;
#3012 = CYLINDRICAL_SURFACE ( 'NONE', #2136, 1.999999999999999112 ) ;
#3013 = PLANE ( 'NONE',  #1820 ) ;
#3014 = CARTESIAN_POINT ( 'NONE',  ( -0.3175000000000017808, -4.000000000000000000, -5.397500000000002629 ) ) ;
#3015 = ORIENTED_EDGE ( 'NONE', *, *, #1365, .F. ) ;
#3016 = LINE ( 'NONE', #2489, #535 ) ;
#3017 = DIRECTION ( 'NONE',  ( 0.000000000000000000, 1.000000000000000000, 0.000000000000000000 ) ) ;
#3018 = DIRECTION ( 'NONE',  ( 0.000000000000000000, 0.000000000000000000, -1.000000000000000000 ) ) ;
#3019 = ORIENTED_EDGE ( 'NONE', *, *, #2494, .T. ) ;
#3020 = VERTEX_POINT ( 'NONE', #1336 ) ;
#3021 = EDGE_CURVE ( 'NONE', #1228, #707, #1544, .T. ) ;
#3022 = LINE ( 'NONE', #891, #1769 ) ;
#3023 = VECTOR ( 'NONE', #1067, 1000.000000000000000 ) ;
#3024 = AXIS2_PLACEMENT_3D ( 'NONE', #835, #398, #154 ) ;
#3025 = AXIS2_PLACEMENT_3D ( 'NONE', #956, #2848, #2095 ) ;
#3026 = FACE_OUTER_BOUND ( 'NONE', #1378, .T. ) ;
#3027 = CIRCLE ( 'NONE', #161, 1.999999999999999112 ) ;
#3028 = ORIENTED_EDGE ( 'NONE', *, *, #505, .F. ) ;
#3029 = PLANE ( 'NONE',  #203 ) ;
#3030 = AXIS2_PLACEMENT_3D ( 'NONE', #1201, #2617, #2184 ) ;
#3031 = CARTESIAN_POINT ( 'NONE',  ( -27.99999999999999645, 1.000000000000000000, -7.899999999999999467 ) ) ;
#3032 = EDGE_CURVE ( 'NONE', #2602, #353, #3094, .T. ) ;
#3033 = AXIS2_PLACEMENT_3D ( 'NONE', #1458, #3096, #2913 ) ;
#3034 = ORIENTED_EDGE ( 'NONE', *, *, #2754, .T. ) ;
#3035 = CARTESIAN_POINT ( 'NONE',  ( 0.000000000000000000, 1.000000000000000000, 4.711312818245939837 ) ) ;
#3036 = CARTESIAN_POINT ( 'NONE',  ( 0.000000000000000000, 1.000000000000000000, 5.397500000000002629 ) ) ;
#3037 = VERTEX_POINT ( 'NONE', #308 ) ;
#3038 = VECTOR ( 'NONE', #1962, 1000.000000000000000 ) ;
#3039 = ORIENTED_EDGE ( 'NONE', *, *, #2857, .F. ) ;
#3040 = PLANE ( 'NONE',  #1156 ) ;
#3041 = CLOSED_SHELL ( 'NONE', ( #1746, #2898, #3064, #2915, #1676, #1763 ) ) ;
#3042 = EDGE_LOOP ( 'NONE', ( #680, #3065, #1197, #2205 ) ) ;
#3043 = CARTESIAN_POINT ( 'NONE',  ( -28.50068526740549046, -8.673617379884035472E-16, 7.900000000000000355 ) ) ;
#3044 = SURFACE_STYLE_FILL_AREA ( #1161 ) ;
#3045 = LINE ( 'NONE', #643, #79 ) ;
#3046 = ORIENTED_EDGE ( 'NONE', *, *, #2244, .F. ) ;
#3047 = DIRECTION ( 'NONE',  ( 0.000000000000000000, -0.000000000000000000, -1.000000000000000000 ) ) ;
#3048 = LINE ( 'NONE', #971, #1209 ) ;
#3049 =( NAMED_UNIT ( * ) SI_UNIT ( $, .STERADIAN. ) SOLID_ANGLE_UNIT ( ) );
#3050 = EDGE_CURVE ( 'NONE', #265, #1888, #863, .T. ) ;
#3051 = PLANE ( 'NONE',  #1435 ) ;
#3052 = DIRECTION ( 'NONE',  ( 0.000000000000000000, -1.000000000000000000, 0.000000000000000000 ) ) ;
#3053 = ORIENTED_EDGE ( 'NONE', *, *, #1421, .T. ) ;
#3054 = FACE_OUTER_BOUND ( 'NONE', #1094, .T. ) ;
#3055 = EDGE_CURVE ( 'NONE', #1704, #2027, #622, .T. ) ;
#3056 = VERTEX_POINT ( 'NONE', #2529 ) ;
#3057 = ORIENTED_EDGE ( 'NONE', *, *, #333, .T. ) ;
#3058 = CARTESIAN_POINT ( 'NONE',  ( 25.71750000000000114, -4.000000000000000000, 0.3175000000000017808 ) ) ;
#3059 = ORIENTED_EDGE ( 'NONE', *, *, #2550, .F. ) ;
#3060 = CARTESIAN_POINT ( 'NONE',  ( 2.899999999999999911, 1.000000000000000000, -7.899999999999999467 ) ) ;
#3061 = DIRECTION ( 'NONE',  ( 1.000000000000000000, 0.000000000000000000, -0.000000000000000000 ) ) ;
#3062 = DIRECTION ( 'NONE',  ( 0.000000000000000000, -0.000000000000000000, 1.000000000000000000 ) ) ;
#3063 = CARTESIAN_POINT ( 'NONE',  ( 2.899999999999999911, 1.000000000000000000, -4.711312818245939837 ) ) ;
#3064 = ADVANCED_FACE ( 'NONE', ( #343 ), #1861, .F. ) ;
#3065 = ORIENTED_EDGE ( 'NONE', *, *, #2850, .T. ) ;
#3066 = VERTEX_POINT ( 'NONE', #2560 ) ;
#3067 = EDGE_CURVE ( 'NONE', #2298, #704, #2353, .T. ) ;
#3068 = VECTOR ( 'NONE', #1317, 1000.000000000000000 ) ;
#3069 = PRESENTATION_LAYER_ASSIGNMENT (  '', '', ( #935 ) ) ;
#3070 = CIRCLE ( 'NONE', #160, 2.899999999999999467 ) ;
#3071 = DIRECTION ( 'NONE',  ( 0.000000000000000000, 0.000000000000000000, -1.000000000000000000 ) ) ;
#3072 = ORIENTED_EDGE ( 'NONE', *, *, #769, .T. ) ;
#3073 = CARTESIAN_POINT ( 'NONE',  ( 28.20478091064725135, 17.79913263252133149, -7.286314923638466112 ) ) ;
#3074 = LINE ( 'NONE', #1653, #2395 ) ;
#3075 = DIRECTION ( 'NONE',  ( 1.000000000000000000, 0.000000000000000000, 0.000000000000000000 ) ) ;
#3076 = CARTESIAN_POINT ( 'NONE',  ( 0.000000000000000000, 1.000000000000000000, -4.762500000000002842 ) ) ;
#3077 = VECTOR ( 'NONE', #1394, 1000.000000000000000 ) ;
#3078 = EDGE_CURVE ( 'NONE', #1888, #1739, #2791, .T. ) ;
#3079 = EDGE_LOOP ( 'NONE', ( #2747, #922, #1788, #1614 ) ) ;
#3080 = VECTOR ( 'NONE', #1371, 1000.000000000000000 ) ;
#3081 = DIRECTION ( 'NONE',  ( 0.000000000000000000, 1.000000000000000000, 0.000000000000000000 ) ) ;
#3082 = CARTESIAN_POINT ( 'NONE',  ( -28.20478091064726200, 16.89999999999999858, -5.808924679141227898 ) ) ;
#3083 = FACE_OUTER_BOUND ( 'NONE', #1002, .T. ) ;
#3084 = STYLED_ITEM ( 'NONE', ( #1233 ), #2651 ) ;
#3085 = PLANE ( 'NONE',  #3025 ) ;
#3086 = ORIENTED_EDGE ( 'NONE', *, *, #1610, .F. ) ;
#3087 = DIRECTION ( 'NONE',  ( 0.000000000000000000, 0.000000000000000000, 1.000000000000000000 ) ) ;
#3088 =( GEOMETRIC_REPRESENTATION_CONTEXT ( 3 ) GLOBAL_UNCERTAINTY_ASSIGNED_CONTEXT ( ( #2959 ) ) GLOBAL_UNIT_ASSIGNED_CONTEXT ( ( #1898, #273, #1017 ) ) REPRESENTATION_CONTEXT ( 'NONE', 'WORKASPACE' ) );
#3089 = DIRECTION ( 'NONE',  ( -1.000000000000000000, -0.000000000000000000, 0.000000000000000000 ) ) ;
#3090 = AXIS2_PLACEMENT_3D ( 'NONE', #2533, #1078, #2781 ) ;
#3091 = DIRECTION ( 'NONE',  ( 0.000000000000000000, 0.000000000000000000, -1.000000000000000000 ) ) ;
#3092 = ADVANCED_FACE ( 'NONE', ( #460 ), #3012, .F. ) ;
#3093 = EDGE_CURVE ( 'NONE', #2471, #3006, #796, .T. ) ;
#3094 = CIRCLE ( 'NONE', #124, 1.499999999999999112 ) ;
#3095 = ORIENTED_EDGE ( 'NONE', *, *, #1324, .F. ) ;
#3096 = DIRECTION ( 'NONE',  ( 0.000000000000000000, -1.000000000000000000, 0.000000000000000000 ) ) ;
#3097 = ADVANCED_FACE ( 'NONE', ( #1588 ), #392, .F. ) ;
#3098 = CLOSED_SHELL ( 'NONE', ( #2909, #1377, #1467, #1573, #2778, #1752 ) ) ;
#3099 = LINE ( 'NONE', #2661, #369 ) ;
#3100 = ORIENTED_EDGE ( 'NONE', *, *, #1578, .F. ) ;
#3101 = DIRECTION ( 'NONE',  ( -0.000000000000000000, -0.000000000000000000, -1.000000000000000000 ) ) ;
#3102 = LINE ( 'NONE', #1904, #2684 ) ;
#3103 = DIRECTION ( 'NONE',  ( 0.000000000000000000, 0.000000000000000000, -1.000000000000000000 ) ) ;
#3104 = FACE_OUTER_BOUND ( 'NONE', #2355, .T. ) ;
#3105 = VERTEX_POINT ( 'NONE', #1172 ) ;
#3106 = VERTEX_POINT ( 'NONE', #1640 ) ;
#3107 = DIRECTION ( 'NONE',  ( -1.000000000000000000, -0.000000000000000000, -0.000000000000000000 ) ) ;
#3108 = CARTESIAN_POINT ( 'NONE',  ( -2.899999999999999911, 1.000000000000000000, 4.711312818245939837 ) ) ;
#3109 = EDGE_CURVE ( 'NONE', #854, #688, #3074, .T. ) ;
#3110 = EDGE_LOOP ( 'NONE', ( #920, #2755, #2158, #2649 ) ) ;
#3111 = PLANE ( 'NONE',  #2715 ) ;
#3112 = ORIENTED_EDGE ( 'NONE', *, *, #1362, .F. ) ;
#3113 = CARTESIAN_POINT ( 'NONE',  ( -29.00000000000000000, 0.000000000000000000, 6.531207530884596935 ) ) ;
#3114 = ADVANCED_FACE ( 'NONE', ( #1617 ), #1379, .T. ) ;
#3115 = CARTESIAN_POINT ( 'NONE',  ( -28.20478091064726200, 16.89999999999999858, 5.808924679141346914 ) ) ;
#3116 = ORIENTED_EDGE ( 'NONE', *, *, #261, .F. ) ;
#3117 = PLANE ( 'NONE',  #1012 ) ;
#3118 = DIRECTION ( 'NONE',  ( 0.000000000000000000, -0.9993908270190958731, 0.03489949670249401642 ) ) ;
#3119 = ORIENTED_EDGE ( 'NONE', *, *, #2973, .F. ) ;
#3120 = CARTESIAN_POINT ( 'NONE',  ( -28.99999999999999645, 0.000000000000000000, -5.899999999999998579 ) ) ;
ENDSEC;
END-ISO-10303-21;
