#VRML V2.0 utf8
# 3D model generated by FastEDA

Shape{
    appearance Appearance {
        material  Material 	{
            diffuseColor 0.7529411764705882 0.7529411764705882 0.7529411764705882
            specularColor 0.3764705882352941 0.3764705882352941 0.3764705882352941
            ambientIntensity 0.7529
            transparency 0.0
            shininess 0.5
        }
    }
    geometry IndexedFaceSet {
        ccw TRUE
        solid FALSE
        coord DEF co Coordinate {
            point [
                1.8986 -1.7579 0.0, 1.9331 -1.7579 0.0, 1.8986 -1.7579 0.0079, 1.9331 -1.7579 0.0079, 1.8504 -1.687 0.0079, 1.8504 -1.687 0.0, 1.8434 -1.6877 0.0, 1.8434 -1.6877 0.0079, 1.8367 -1.6898 0.0, 1.8367 -1.6898 0.0079, 1.9724 -1.6939 0.0, 1.9724 -1.7509 0.0, 1.9331 -1.687 0.0, -1.7579 -1.8986 0.0, -1.7579 -1.9331 0.0, -1.7579 -1.8986 0.0079, -1.7579 -1.9331 0.0079, -1.687 -1.8504 0.0079, -1.687 -1.8504 0.0, -1.6877 -1.8434 0.0, -1.6877 -1.8434 0.0079, -1.6898 -1.8367 0.0, -1.6898 -1.8367 0.0079, -1.687 -1.9331 0.0, -1.7509 -1.9724 0.0, -1.6939 -1.9724 0.0, -1.8986 1.7579 0.0, -1.9331 1.7579 0.0, -1.8986 1.7579 0.0079, -1.9331 1.7579 0.0079, -1.8504 1.687 0.0079, -1.8504 1.687 0.0, -1.8434 1.6877 0.0, -1.8434 1.6877 0.0079, -1.8367 1.6898 0.0, -1.8367 1.6898 0.0079, -1.9331 1.687 0.0, -1.9724 1.7509 0.0, -1.9724 1.6939 0.0, 1.687 1.8504 0.0079, 1.687 1.8504 0.0, 1.6877 1.8434 0.0, 1.6877 1.8434 0.0079, 1.6898 1.8367 0.0, 1.6898 1.8367 0.0079, 1.7579 1.8986 0.0, 1.7579 1.9331 0.0, 1.7579 1.8986 0.0079, 1.7579 1.9331 0.0079, 1.687 1.9331 0.0, 1.7509 1.9724 0.0, 1.6939 1.9724 0.0
            ]
        }
        coordIndex [
            0,1,2,-1,2,1,3,-1,4,5,6,-1,4,6,7,-1,7,6,8,-1,7,8,9,-1,10,11,12,-1,12,11,1,-1,12,1,5,-1,5,1,0,-1,5,0,6,-1,6,0,8,-1,13,14,15,-1,15,14,16,-1,17,18,19,-1,17,19,20,-1,20,19,21,-1,20,21,22,-1,21,19,13,-1,13,19,18,-1,13,18,14,-1,14,18,23,-1,14,23,24,-1,24,23,25,-1,26,27,28,-1,28,27,29,-1,30,31,32,-1,30,32,33,-1,33,32,34,-1,33,34,35,-1,34,32,26,-1,26,32,31,-1,26,31,27,-1,27,31,36,-1,27,36,37,-1,37,36,38,-1,39,40,41,-1,39,41,42,-1,42,41,43,-1,42,43,44,-1,45,46,47,-1,47,46,48,-1,43,41,45,-1,45,41,40,-1,45,40,46,-1,46,40,49,-1,46,49,50,-1,50,49,51,-1,
        ]
    }
}
Shape{
    appearance Appearance {
        material  Material 	{
            diffuseColor 0.2235294117647059 0.2235294117647059 0.2235294117647059
            specularColor 0.11372549019607843 0.11372549019607843 0.11372549019607843
            ambientIntensity 0.2235
            transparency 0.0
            shininess 0.5
        }
    }
    geometry IndexedFaceSet {
        ccw TRUE
        solid FALSE
        coord DEF co Coordinate {
            point [
                -1.1762 -1.7705 0.3425, -1.1743 -1.7685 0.3425, -1.1743 -1.7553 0.3425, -1.2107 -1.7551 0.3425, -1.2122 -1.7553 0.3425, -1.193 -1.7553 0.3425, -1.251 -1.6277 0.3425, -1.2561 -1.6282 0.3425, -1.2296 -1.6282 0.3425, -1.7446 -1.5958 0.3425, -1.7358 -1.5896 0.3425, -1.7358 -1.5468 0.3425, -1.4486 -1.6099 0.3425, -1.4332 -1.623 0.3425, -1.3792 -1.5468 0.3425, -1.3792 -1.6282 0.3425, -1.5231 -1.5393 0.3425, -1.512 -1.5468 0.3425, -1.4991 -1.5556 0.3425, -1.4802 -1.5775 0.3425, -1.4684 -1.6006 0.3425, -1.4656 -1.6015 0.3425, -1.5515 -1.5288 0.3425, -1.3792 -0.0178 0.3425, -1.5765 -1.526 0.3425, -1.7358 -0.0178 0.3425, -1.6041 -1.5293 0.3425, -1.6303 -1.5393 0.3425, -1.7265 -1.5831 0.3425, -1.7054 -1.5749 0.3425, -1.683 -1.5721 0.3425, -1.6426 -1.5468 0.3425, -1.6449 -1.5482 0.3425, -1.6582 -1.5597 0.3425, -1.6764 -1.5725 0.3425, -1.6699 -1.5733 0.3425, -1.9685 -1.6282 0.3425, -1.7671 -1.6282 0.3425, -1.9685 -1.5468 0.3425, -1.7622 -1.617 0.3425, -1.7485 -1.5994 0.3425, -1.7358 -1.7396 0.3425, -1.7513 -1.7264 0.3425, -1.9685 -1.7553 0.3425, -1.7643 -1.7078 0.3425, -1.7725 -1.6866 0.3425, -1.9685 -1.6517 0.3425, -1.7752 -1.6643 0.3425, -1.7751 -1.6589 0.3425, -1.7738 -1.6517 0.3425, -1.7712 -1.6375 0.3425, -1.713 -1.7516 0.3425, -1.7335 -1.7415 0.3425, -1.7358 -1.7553 0.3425, -1.7058 -1.7537 0.3425, -1.6804 -1.7848 0.3425, -1.6916 -1.7764 0.3425, -1.7358 -1.787 0.3425, -1.7 -1.7659 0.3425, -1.705 -1.7553 0.3425, -1.6517 -1.7924 0.3425, -1.7358 -1.9685 0.3425, -1.6379 -1.7907 0.3425, -1.3792 -1.9685 0.3425, -1.6281 -1.787 0.3425, -1.6539 -1.7924 0.3425, -1.6673 -1.7903 0.3425, -1.6752 -1.787 0.3425, -1.5983 -1.7553 0.3425, -1.5984 -1.7555 0.3425, -1.3792 -1.787 0.3425, -1.6052 -1.7682 0.3425, -1.6139 -1.778 0.3425, -1.6252 -1.7858 0.3425, -1.4146 -1.6566 0.3425, -1.412 -1.6752 0.3425, -1.3792 -1.6517 0.3425, -1.6189 -1.6883 0.3425, -1.609 -1.6974 0.3425, -1.5327 -1.6575 0.3425, -1.5257 -1.7217 0.3425, -1.5217 -1.7201 0.3425, -1.5151 -1.6877 0.3425, -1.4331 -1.7292 0.3425, -1.4486 -1.7423 0.3425, -1.3792 -1.7553 0.3425, -1.5292 -1.7241 0.3425, -1.4218 -1.7135 0.3425, -1.4476 -1.6707 0.3425, -1.4503 -1.6598 0.3425, -1.4546 -1.6517 0.3425, -1.7358 -1.6517 0.3425, -1.4146 -1.6955 0.3425, -1.6989 -1.7033 0.3425, -1.6895 -1.6926 0.3425, -1.6779 -1.6845 0.3425, -1.6653 -1.6797 0.3425, -1.5173 -1.7196 0.3425, -1.5168 -1.7196 0.3425, -1.5151 -1.72 0.3425, -1.7052 -1.7156 0.3425, -1.7176 -1.7079 0.3425, -1.7278 -1.6974 0.3425, -1.6517 -1.678 0.3425, -1.6448 -1.6784 0.3425, -1.631 -1.6818 0.3425, -1.535 -1.7372 0.3425, -1.5348 -1.735 0.3425, -1.5948 -1.7298 0.3425, -1.5337 -1.7306 0.3425, -1.5315 -1.7267 0.3425, -1.4589 -1.7058 0.3425, -1.4526 -1.697 0.3425, -1.4487 -1.6868 0.3425, -1.4473 -1.6757 0.3425, -1.5217 -1.7543 0.3425, -1.5254 -1.7529 0.3425, -1.5291 -1.7502 0.3425, -1.5305 -1.7489 0.3425, -1.5329 -1.7453 0.3425, -1.5344 -1.7414 0.3425, -1.5951 -1.7415 0.3425, -1.5948 -1.7355 0.3425, -1.4659 -1.7508 0.3425, -1.4849 -1.7549 0.3425, -1.5185 -1.7549 0.3425, -1.5139 -1.7201 0.3425, -1.4883 -1.7201 0.3425, -1.4781 -1.7182 0.3425, -1.468 -1.7135 0.3425, -1.4596 -1.7066 0.3425, -1.7394 -1.6632 0.3425, -1.7387 -1.672 0.3425, -1.7358 -1.6818 0.3425, -1.7346 -1.6859 0.3425, -1.7358 -1.6445 0.3425, -1.7377 -1.6494 0.3425, -1.7379 -1.6517 0.3425, -1.4556 -1.6499 0.3425, -1.4917 -1.6313 0.3425, -1.4963 -1.6313 0.3425, -1.4621 -1.6427 0.3425, -1.4709 -1.6365 0.3425, -1.4809 -1.6327 0.3425, -1.5086 -1.5971 0.3425, -1.5214 -1.5818 0.3425, -1.6523 -1.6148 0.3425, -1.5228 -1.5805 0.3425, -1.5388 -1.5694 0.3425, -1.6436 -1.5968 0.3425, -1.7269 -1.6282 0.3425, -1.6563 -1.6126 0.3425, -1.7328 -1.6367 0.3425, -1.497 -1.6282 0.3425, -1.4998 -1.6154 0.3425, -1.669 -1.6079 0.3425, -1.6824 -1.6063 0.3425, -1.6884 -1.6066 0.3425, -1.6308 -1.5815 0.3425, -1.5567 -1.5625 0.3425, -1.6155 -1.5704 0.3425, -1.576 -1.5602 0.3425, -1.5969 -1.5629 0.3425, -1.7024 -1.6099 0.3425, -1.7151 -1.6167 0.3425, -1.7249 -1.6254 0.3425, -1.4294 -1.6282 0.3425, -1.4216 -1.6392 0.3425, -1.4166 -1.6517 0.3425, -1.0447 -1.6057 0.3425, -1.0741 -1.6057 0.3425, -1.0365 -1.6276 0.3425, -1.0741 -1.6282 0.3425, -1.0251 -1.6276 0.3425, 1.9685 -1.6282 0.3425, 1.9685 -1.5468 0.3425, -1.0556 -1.5475 0.3425, -1.0741 -1.5468 0.3425, -1.078 -1.6057 0.3425, -1.0857 -1.6276 0.3425, -1.0994 -1.6282 0.3425, -1.0971 -1.6276 0.3425, -1.0994 -1.5468 0.3425, -1.0741 -1.567 0.3425, -1.0666 -1.5475 0.3425, -1.193 -1.5915 0.3425, -1.2146 -1.5915 0.3425, -1.193 -1.6184 0.3425, -1.2146 -1.6184 0.3425, -1.1743 -1.5468 0.3425, -1.193 -1.5468 0.3425, -1.1837 -1.5475 0.3425, -1.193 -1.5475 0.3425, -1.1837 -1.5567 0.3425, -1.1819 -1.6184 0.3425, -1.1743 -1.6282 0.3425, -1.1819 -1.6276 0.3425, -1.193 -1.6282 0.3425, -1.186 -1.5915 0.3425, -1.186 -1.5823 0.3425, -1.193 -1.5823 0.3425, -1.193 -1.5567 0.3425, -1.2146 -1.5567 0.3425, -1.2146 -1.5823 0.3425, -1.225 -1.5475 0.3425, -1.2296 -1.5468 0.3425, -1.225 -1.6276 0.3425, -1.241 -1.5494 0.3425, -1.2495 -1.547 0.3425, -1.2514 -1.5468 0.3425, -1.193 -1.6276 0.3425, -1.241 -1.5602 0.3425, -1.2424 -1.6249 0.3425, -1.2617 -1.6197 0.3425, -1.2567 -1.6194 0.3425, -1.2419 -1.5597 0.3425, -1.29 -1.5915 0.3425, -1.2887 -1.5995 0.3425, -1.2478 -1.6175 0.3425, -1.241 -1.6143 0.3425, -1.241 -1.6242 0.3425, -1.2823 -1.565 0.3425, -1.2861 -1.5706 0.3425, -1.2861 -1.6059 0.3425, -1.2822 -1.6113 0.3425, -1.2803 -1.6132 0.3425, -1.2599 -1.5555 0.3425, -1.2632 -1.5556 0.3425, -1.2817 -1.5643 0.3425, -1.2701 -1.557 0.3425, -1.2764 -1.5599 0.3425, -1.2888 -1.5775 0.3425, -1.2901 -1.5884 0.3425, -1.2749 -1.6168 0.3425, -1.2691 -1.6189 0.3425, -1.25 -1.5566 0.3425, -1.2715 -1.5475 0.3425, -1.2656 -1.5468 0.3425, -1.2974 -1.5468 0.3425, -1.2974 -0.0178 0.3425, -1.3022 -0.0178 0.3425, -1.26 -1.5461 0.3425, -1.2296 -0.0178 0.3425, -1.2974 -1.5706 0.3425, -1.2952 -1.5655 0.3425, -1.2894 -1.5579 0.3425, -1.2876 -1.5562 0.3425, -1.2799 -1.5508 0.3425, -1.3008 -1.5849 0.3425, -1.299 -1.5744 0.3425, -1.3022 -1.5468 0.3425, -1.2974 -1.6072 0.3425, -1.2994 -1.602 0.3425, -1.3022 -1.6282 0.3425, -1.3009 -1.589 0.3425, -1.2974 -1.6282 0.3425, -1.2775 -1.6266 0.3425, -1.2849 -1.6229 0.3425, -1.2907 -1.618 0.3425, -1.2914 -1.6172 0.3425, -1.2961 -1.6104 0.3425, -1.2705 -1.6282 0.3425, -1.2974 -1.6517 0.3425, -1.269 -1.6286 0.3425, -1.2632 -1.6289 0.3425, -1.2296 -1.6517 0.3425, -1.1301 -1.5468 0.3425, -1.1301 -1.5494 0.3425, -1.122 -1.5524 0.3425, -1.1042 -1.6022 0.3425, -1.1084 -1.6104 0.3425, -1.1137 -1.5581 0.3425, -1.1108 -1.5609 0.3425, -1.1059 -1.5679 0.3425, -1.1301 -1.6255 0.3425, -1.1301 -1.6282 0.3425, -1.1221 -1.6224 0.3425, -1.1137 -1.6163 0.3425, -1.1029 -1.5755 0.3425, -1.1016 -1.5865 0.3425, -1.102 -1.5931 0.3425, -1.1439 -1.5475 0.3425, -1.1317 -1.5488 0.3425, -1.1312 -1.6259 0.3425, -1.1448 -1.6276 0.3425, -1.1668 -1.6276 0.3425, -1.1668 -1.5475 0.3425, -1.2664 -1.7539 0.3425, -1.2702 -1.7553 0.3425, -1.2579 -1.7546 0.3425, -1.2898 -1.7274 0.3425, -1.2882 -1.7111 0.3425, -1.2918 -1.7303 0.3425, -1.2931 -1.7338 0.3425, -1.2629 -1.7516 0.3425, -1.2816 -1.7552 0.3425, -1.2855 -1.7538 0.3425, -1.2974 -1.7553 0.3425, -1.2882 -1.7014 0.3425, -1.2861 -1.7002 0.3425, -1.2584 -1.6978 0.3425, -1.2326 -1.706 0.3425, -1.2307 -1.7033 0.3425, -1.2867 -1.7247 0.3425, -1.2825 -1.7225 0.3425, -1.2819 -1.7071 0.3425, -1.2748 -1.7206 0.3425, -1.266 -1.7046 0.3425, -1.2694 -1.7042 0.3425, -1.2756 -1.7049 0.3425, -1.2889 -1.7514 0.3425, -1.29 -1.7503 0.3425, -1.2921 -1.7472 0.3425, -1.2579 -1.7457 0.3425, -1.2581 -1.7457 0.3425, -1.2597 -1.7482 0.3425, -1.2933 -1.7438 0.3425, -1.2938 -1.7393 0.3425, -1.255 -1.6997 0.3425, -1.2523 -1.7023 0.3425, -1.2338 -1.7092 0.3425, -1.2503 -1.7055 0.3425, -1.2487 -1.7099 0.3425, -1.2786 -1.6973 0.3425, -1.2685 -1.6961 0.3425, -1.2626 -1.6966 0.3425, -1.2579 -1.7182 0.3425, -1.2582 -1.7138 0.3425, -1.2592 -1.7102 0.3425, -1.2604 -1.7082 0.3425, -1.2297 -1.7236 0.3425, -1.2342 -1.7422 0.3425, -1.2296 -1.7236 0.3425, -1.2306 -1.7445 0.3425, -1.2296 -1.7449 0.3425, -1.2313 -1.7219 0.3425, -1.2326 -1.7198 0.3425, -1.2478 -1.7178 0.3425, -1.2337 -1.7167 0.3425, -1.2342 -1.7128 0.3425, -1.2619 -1.7065 0.3425, -1.2637 -1.7054 0.3425, -1.2705 -1.7554 0.3425, -1.2296 -1.787 0.3425, -1.2974 -1.787 0.3425, -1.2756 -1.7559 0.3425, -1.2815 -1.7553 0.3425, -1.2342 -1.7526 0.3425, -1.2478 -1.7546 0.3425, -1.2296 -1.7542 0.3425, -1.2296 -1.7553 0.3425, -1.2277 -1.7549 0.3425, -1.2248 -1.7553 0.3425, -1.2187 -1.7559 0.3425, -1.1984 -1.6986 0.3425, -1.1984 -1.7084 0.3425, -1.2277 -1.7006 0.3425, -1.2249 -1.6989 0.3425, -1.1961 -1.7431 0.3425, -1.1973 -1.7462 0.3425, -1.1992 -1.7489 0.3425, -1.2296 -1.7023 0.3425, -1.2194 -1.6969 0.3425, -1.2119 -1.6961 0.3425, -1.193 -1.6517 0.3425, -1.2053 -1.6966 0.3425, -1.199 -1.7296 0.3425, -1.1971 -1.7323 0.3425, -1.196 -1.7353 0.3425, -1.1956 -1.739 0.3425, -1.2021 -1.7514 0.3425, -1.2052 -1.7532 0.3425, -1.2129 -1.7042 0.3425, -1.2159 -1.7044 0.3425, -1.2238 -1.7119 0.3425, -1.2185 -1.7052 0.3425, -1.2208 -1.7064 0.3425, -1.2237 -1.7133 0.3425, -1.2234 -1.7148 0.3425, -1.2226 -1.7162 0.3425, -1.2216 -1.7172 0.3425, -1.2181 -1.7195 0.3425, -1.206 -1.705 0.3425, -1.2119 -1.7222 0.3425, -1.2003 -1.7072 0.3425, -1.208 -1.7237 0.3425, -1.2014 -1.7274 0.3425, -1.2223 -1.7077 0.3425, -1.2232 -1.709 0.3425, -1.2237 -1.7103 0.3425, -1.2243 -1.7469 0.3425, -1.219 -1.7294 0.3425, -1.225 -1.7267 0.3425, -1.2177 -1.7477 0.3425, -1.2173 -1.7477 0.3425, -1.2124 -1.7322 0.3425, -1.2122 -1.7472 0.3425, -1.2059 -1.74 0.3425, -1.206 -1.7388 0.3425, -1.2096 -1.7462 0.3425, -1.2087 -1.7457 0.3425, -1.2075 -1.7446 0.3425, -1.2066 -1.7433 0.3425, -1.2061 -1.7419 0.3425, -1.2065 -1.7372 0.3425, -1.2072 -1.7359 0.3425, -1.2085 -1.7346 0.3425, -1.1459 -1.6974 0.3425, -1.1355 -1.6974 0.3425, -1.1301 -1.6517 0.3425, -1.1642 -1.7404 0.3425, -1.163 -1.7451 0.3425, -1.1627 -1.7451 0.3425, -1.1743 -1.6517 0.3425, -1.1743 -1.7113 0.3425, -1.1615 -1.7405 0.3425, -1.1623 -1.7431 0.3425, -1.1743 -1.7382 0.3425, -1.1904 -1.6974 0.3425, -1.1792 -1.6974 0.3425, -1.1683 -1.7553 0.3425, -1.168 -1.7545 0.3425, -1.1743 -1.7685 0.3425, -1.1724 -1.7649 0.3425, -1.193 -1.787 0.3425, -1.1883 -1.7807 0.3425, -1.1883 -1.7718 0.3425, -1.1863 -1.7724 0.3425, -1.1826 -1.7729 0.3425, -1.1743 -1.7797 0.3425, -1.1778 -1.781 0.3425, -1.1743 -1.787 0.3425, -1.1819 -1.7815 0.3425, -1.1841 -1.7814 0.3425, -1.1802 -1.7726 0.3425, -1.178 -1.7718 0.3425, -1.1615 -1.7632 0.3425, -1.166 -1.7721 0.3425, -1.1301 -1.787 0.3425, -1.1583 -1.7553 0.3425, -1.1697 -1.7765 0.3425, -1.1703 -1.7771 0.3425, -1.1739 -1.7795 0.3425, -1.0994 -1.7185 0.3425, -1.1144 -1.7185 0.3425, -1.0994 -1.7454 0.3425, -1.1144 -1.7454 0.3425, -1.0835 -1.6745 0.3425, -1.0835 -1.6837 0.3425, -1.0741 -1.6517 0.3425, -1.0816 -1.7454 0.3425, -1.0741 -1.7553 0.3425, -1.0816 -1.7546 0.3425, -1.0994 -1.7553 0.3425, -1.0857 -1.7185 0.3425, -1.0857 -1.7093 0.3425, -1.0994 -1.7093 0.3425, -1.0994 -1.6837 0.3425, -1.1144 -1.6837 0.3425, -1.1144 -1.7093 0.3425, -1.0994 -1.7546 0.3425, -1.1247 -1.7546 0.3425, -1.1301 -1.7553 0.3425, -1.1247 -1.6745 0.3425, -1.0994 -1.6745 0.3425, -1.0994 -1.6517 0.3425, -1.3792 1.9685 0.3425, -1.3022 1.9685 0.3425, -1.2974 1.9685 0.3425, -1.2296 1.9685 0.3425, -1.193 -0.0178 0.3425, -1.193 1.9685 0.3425, -1.1743 -0.0178 0.3425, -1.1743 1.9685 0.3425, -1.1301 -0.0178 0.3425, -1.1301 1.9685 0.3425, -1.0994 -0.0178 0.3425, -1.0994 1.9685 0.3425, -1.0741 -0.0178 0.3425, -1.0741 1.9685 0.3425, 1.9685 -0.0178 0.3425, 1.9685 1.9685 0.3425, -1.5396 1.5494 0.3425, -1.5476 1.5302 0.3425, -1.5603 1.5137 0.3425, -1.5768 1.6391 0.3425, -1.5603 1.6264 0.3425, -1.6857 1.6099 0.3425, -1.673 1.6264 0.3425, -1.7358 1.9685 0.3425, -1.6565 1.6391 0.3425, -1.6373 1.6471 0.3425, -1.6166 1.6498 0.3425, -1.596 1.6471 0.3425, -1.5476 1.6099 0.3425, -1.5396 1.5907 0.3425, -1.5369 1.5701 0.3425, -1.6373 1.4931 0.3425, -1.6565 1.501 0.3425, -1.673 1.5137 0.3425, -1.6857 1.5302 0.3425, -1.5768 1.501 0.3425, -1.596 1.4931 0.3425, -1.6166 1.4904 0.3425, -1.6936 1.5494 0.3425, -1.6964 1.5701 0.3425, -1.6936 1.5907 0.3425, -1.9685 1.9685 0.3425, -1.9685 -0.0178 0.3425, -1.3042 -1.6184 0.3425, -1.3042 -1.6276 0.3425, -1.3464 -1.6276 0.3425, -1.3464 -1.5475 0.3425, -1.3361 -1.5475 0.3425, -1.3361 -1.6184 0.3425, -1.3022 -1.6517 0.3425, -0.9855 -1.7546 0.3425, -0.9969 -1.7546 0.3425, 1.9685 -1.6517 0.3425, -0.9553 -1.6745 0.3425, 1.9685 -1.7553 0.3425, -0.9248 -1.7546 0.3425, -0.9362 -1.7546 0.3425, -0.9444 -1.7327 0.3425, -0.9778 -1.7327 0.3425, -1.0039 -1.7293 0.3425, -1.0017 -1.7201 0.3425, -0.9664 -1.6745 0.3425, -1.0013 -1.7135 0.3425, -1.0026 -1.7026 0.3425, -1.0082 -1.7374 0.3425, -1.0134 -1.7434 0.3425, -1.0218 -1.7494 0.3425, -1.0665 -1.6745 0.3425, -1.0665 -1.7546 0.3425, -1.0445 -1.7546 0.3425, -1.031 -1.7529 0.3425, -1.0134 -1.6851 0.3425, -1.0105 -1.6879 0.3425, -1.0056 -1.6949 0.3425, -1.0437 -1.6745 0.3425, -1.0314 -1.6759 0.3425, -1.0218 -1.6794 0.3425, -1.3022 -1.7553 0.3425, -1.3464 -1.7546 0.3425, -1.3034 -1.7546 0.3425, -1.3034 -1.7454 0.3425, -1.3052 -1.6837 0.3425, -1.3464 -1.6745 0.3425, -1.3052 -1.6745 0.3425, -1.3361 -1.7185 0.3425, -1.3361 -1.7454 0.3425, -1.3075 -1.7185 0.3425, -1.3075 -1.7093 0.3425, -1.3361 -1.7093 0.3425, -1.3361 -1.6837 0.3425, -1.0994 -1.787 0.3425, -1.0741 -1.787 0.3425, 1.9685 -1.787 0.3425, -1.3022 -1.787 0.3425, -1.3022 -1.9685 0.3425, -1.2974 -1.9685 0.3425, -1.2296 -1.9685 0.3425, -1.193 -1.9685 0.3425, -1.1743 -1.9685 0.3425, -1.1301 -1.9685 0.3425, -1.0994 -1.9685 0.3425, -1.0741 -1.9685 0.3425, 1.9685 -1.9685 0.3425, -1.9685 -1.787 0.3425, -1.9685 -1.9685 0.3425, -1.8367 1.6898 0.0079, 1.4764 1.4764 0.0079, -1.2795 1.4764 0.0079, -1.9331 1.7579 0.0079, -1.9685 1.7516 0.0079, -1.7579 1.8986 0.0079, 1.6097 -1.8253 0.0079, 1.6024 -1.8197 0.0079, 1.4764 -1.4764 0.0079, -1.9685 -1.9685 0.0079, -1.4764 -1.4764 0.0079, -1.6898 -1.8367 0.0079, -1.7579 -1.8986 0.0079, -1.7579 -1.9331 0.0079, -1.7516 -1.9685 0.0079, -1.9685 -1.7516 0.0079, -1.9331 -1.7579 0.0079, 1.6898 1.8367 0.0079, 1.7579 -1.8986 0.0079, 1.6898 -1.8367 0.0079, 1.8986 -1.7579 0.0079, 1.8367 -1.6898 0.0079, 1.9331 -1.7579 0.0079, 1.9685 -1.7516 0.0079, 1.7579 -1.9331 0.0079, 1.9685 -1.9685 0.0079, 1.7516 -1.9685 0.0079, 1.8367 1.6898 0.0079, 1.8986 1.7579 0.0079, 1.7579 1.8986 0.0079, 1.7579 1.9331 0.0079, 1.7516 1.9685 0.0079, 1.9331 1.7579 0.0079, 1.9685 1.9685 0.0079, 1.9685 1.7516 0.0079, 1.4377 -1.8162 0.0079, 1.4291 -1.8197 0.0079, -1.8327 1.4775 0.0079, -1.8412 1.4811 0.0079, -1.8327 1.554 0.0079, -1.8197 1.5669 0.0079, -1.8162 1.5755 0.0079, -1.8253 1.4719 0.0079, -1.7579 1.9331 0.0079, -1.9685 1.9685 0.0079, -1.7516 1.9685 0.0079, 1.8269 1.6112 0.0079, 1.8212 1.6048 0.0079, 1.3341 -1.8253 0.0079, 1.3268 -1.8197 0.0079, 1.4162 -1.8327 0.0079, -1.8327 -1.4162 0.0079, -1.8412 -1.4126 0.0079, -1.8327 -1.3397 0.0079, -1.6898 1.8367 0.0079, -1.8986 1.7579 0.0079, 1.8253 1.1963 0.0079, 1.8197 1.189 0.0079, 1.4218 -1.8253 0.0079, -1.8253 1.5596 0.0079, -1.8327 -1.2784 0.0079, -1.8412 -1.2748 0.0079, -1.8327 -1.2019 0.0079, -1.8253 -1.4218 0.0079, -1.8253 -1.3341 0.0079, -1.8197 -1.3268 0.0079, -1.8327 -0.7886 0.0079, -1.8253 -0.7829 0.0079, -1.8197 -0.7756 0.0079, -1.8162 -0.767 0.0079, -1.815 -0.7579 0.0079, -1.8162 -0.7487 0.0079, -1.4764 1.2795 0.0079, -1.8197 -0.7402 0.0079, -1.8253 -0.7328 0.0079, 1.8327 1.2019 0.0079, 1.8197 1.4291 0.0079, 1.8253 1.4218 0.0079, 1.8152 1.3133 0.0079, 1.8327 1.4162 0.0079, 1.8173 1.3216 0.0079, 1.8412 1.4126 0.0079, 1.8212 1.3292 0.0079, 1.8269 1.3356 0.0079, 1.8162 1.1804 0.0079, 1.815 1.1713 0.0079, 1.5938 -1.8162 0.0079, 1.5846 -1.815 0.0079, 1.5755 -1.8162 0.0079, 1.1963 -1.8253 0.0079, 1.189 -1.8197 0.0079, 1.2784 -1.8327 0.0079, -1.5846 -1.815 0.0079, -1.5755 -1.8162 0.0079, -1.5669 -1.8197 0.0079, -1.5938 -1.8162 0.0079, -1.6024 -1.8197 0.0079, -1.6097 -1.8253 0.0079, -1.8253 1.4218 0.0079, -1.8197 1.4291 0.0079, -1.8162 1.4377 0.0079, -1.815 1.4469 0.0079, -1.8162 1.456 0.0079, -1.815 1.5846 0.0079, -1.8197 1.4646 0.0079, -1.8253 -1.284 0.0079, -1.8253 -1.1963 0.0079, -1.8197 -1.189 0.0079, -1.8253 -0.595 0.0079, -1.8197 -0.6024 0.0079, -1.8162 -0.6109 0.0079, -1.6933 1.9685 0.0079, -1.6138 1.9685 0.0079, -1.687 1.9331 0.0079, -1.6201 1.9331 0.0079, -1.687 1.8504 0.0079, -1.6201 1.8504 0.0079, -1.6877 1.8434 0.0079, -1.6189 1.8412 0.0079, 1.8253 1.4719 0.0079, 1.8197 1.4646 0.0079, 1.9685 1.6933 0.0079, 1.9685 1.6138 0.0079, 1.9331 1.687 0.0079, 1.9331 1.6201 0.0079, 1.8504 1.687 0.0079, 1.8504 1.6201 0.0079, 1.8434 1.6877 0.0079, 1.8419 1.619 0.0079, 1.8339 1.616 0.0079, 1.6933 -1.9685 0.0079, 1.6138 -1.9685 0.0079, 1.687 -1.9331 0.0079, 1.6201 -1.9331 0.0079, 1.687 -1.8504 0.0079, 1.6201 -1.8504 0.0079, 1.6877 -1.8434 0.0079, 1.6189 -1.8412 0.0079, 1.6153 -1.8327 0.0079, 1.5669 -1.8197 0.0079, 1.5596 -1.8253 0.0079, 1.554 -1.8327 0.0079, 1.3182 -1.8162 0.0079, -1.8253 1.6097 0.0079, -1.8197 1.6024 0.0079, -1.8162 1.5938 0.0079, -1.9685 1.476 0.0079, -1.9685 1.5555 0.0079, -1.9331 1.4823 0.0079, -1.9331 1.5492 0.0079, -1.8504 1.4823 0.0079, -1.8504 1.5492 0.0079, -1.8412 1.5504 0.0079, -1.8253 -1.0585 0.0079, -1.8253 -1.1462 0.0079, -1.8327 -1.0642 0.0079, -1.8327 -1.1406 0.0079, -1.8412 -1.137 0.0079, -1.8197 -1.0512 0.0079, -1.8162 -1.0426 0.0079, -1.815 -1.0335 0.0079, -1.8253 -0.6451 0.0079, -1.8327 -0.6508 0.0079, -1.8327 -0.7272 0.0079, -1.8412 -0.7236 0.0079, 1.8504 1.4114 0.0079, 1.8419 1.3435 0.0079, 1.8339 1.3404 0.0079, 1.4719 -1.8253 0.0079, 1.4646 -1.8197 0.0079, 1.456 -1.8162 0.0079, 1.4469 -1.815 0.0079, -1.6138 -1.9685 0.0079, -1.6933 -1.9685 0.0079, -1.6201 -1.9331 0.0079, -1.687 -1.9331 0.0079, -1.6201 -1.8504 0.0079, 1.5555 -1.9685 0.0079, 1.476 -1.9685 0.0079, 1.5492 -1.9331 0.0079, 1.4823 -1.9331 0.0079, 1.5492 -1.8504 0.0079, 1.4823 -1.8504 0.0079, 1.5504 -1.8412 0.0079, 1.4811 -1.8412 0.0079, 1.4775 -1.8327 0.0079, -1.9685 1.6138 0.0079, -1.9685 1.6933 0.0079, -1.9331 1.6201 0.0079, -1.9331 1.687 0.0079, -1.8504 1.6201 0.0079, -1.8162 -1.1804 0.0079, -1.815 -1.1713 0.0079, -1.8197 -1.2913 0.0079, -1.8197 -1.0157 0.0079, -1.8253 -1.0084 0.0079, -1.8152 -0.8999 0.0079, -1.8327 -1.0028 0.0079, -1.8173 -0.9082 0.0079, -1.8412 -0.9992 0.0079, -1.8212 -0.9158 0.0079, -1.9685 -1.4177 0.0079, -1.9685 -1.3382 0.0079, -1.9331 -1.4114 0.0079, -1.9331 -1.3445 0.0079, -1.8504 -1.4114 0.0079, -1.8504 -1.3445 0.0079, -1.8412 -1.3433 0.0079, -1.8253 -0.5073 0.0079, -1.8327 -0.513 0.0079, -1.8327 -0.5894 0.0079, -1.8412 -0.5859 0.0079, -1.8197 1.189 0.0079, -1.8253 1.1963 0.0079, 1.8173 1.5972 0.0079, 1.8152 1.5889 0.0079, 1.8152 1.5804 0.0079, 1.8173 1.5721 0.0079, 1.8212 1.2889 0.0079, 1.8269 1.2825 0.0079, 1.8412 1.2055 0.0079, 1.8253 -1.1462 0.0079, 1.8152 -1.0377 0.0079, 1.8327 -1.1406 0.0079, 1.8173 -1.046 0.0079, 1.8412 -1.137 0.0079, 1.8212 -1.0536 0.0079, 1.8269 -1.06 0.0079, 1.8327 -1.554 0.0079, 1.8152 -1.4511 0.0079, 1.8173 -1.4594 0.0079, 1.1804 -1.8162 0.0079, 1.2913 -1.8197 0.0079, 1.284 -1.8253 0.0079, 1.1621 -1.8162 0.0079, 1.1535 -1.8197 0.0079, 1.1713 -1.815 0.0079, -1.6153 -1.8327 0.0079, -1.6189 -1.8412 0.0079, -1.6877 -1.8434 0.0079, -1.687 -1.8504 0.0079, -1.8327 1.6153 0.0079, -1.8412 1.6189 0.0079, -1.8434 1.6877 0.0079, -1.8504 1.687 0.0079, -1.8197 -1.4291 0.0079, -1.9685 -1.2799 0.0079, -1.9685 -1.2004 0.0079, -1.9331 -1.2736 0.0079, -1.9331 -1.2067 0.0079, -1.8504 -1.2736 0.0079, -1.8504 -1.2067 0.0079, -1.8412 -1.2055 0.0079, -1.8197 -0.6378 0.0079, -1.8162 -0.6292 0.0079, -1.815 -0.6201 0.0079, -1.8253 -0.4572 0.0079, -1.8197 -0.4646 0.0079, -1.8162 -0.4731 0.0079, -1.8162 0.2159 0.0079, -1.8197 0.2244 0.0079, 1.8327 1.4775 0.0079, 1.8412 1.4811 0.0079, 1.8212 1.5645 0.0079, 1.8269 1.5581 0.0079, 1.9685 1.4177 0.0079, 1.9685 1.3382 0.0079, 1.9331 1.4114 0.0079, 1.9331 1.3445 0.0079, 1.8504 1.3445 0.0079, 1.8327 0.513 0.0079, 1.8152 0.6158 0.0079, 1.8173 0.6075 0.0079, 1.8212 -0.089 0.0079, 1.8269 -0.0954 0.0079, 1.8412 -0.1725 0.0079, 1.8253 -0.2317 0.0079, 1.8327 -0.2374 0.0079, 1.8162 -1.1804 0.0079, 1.8197 -1.189 0.0079, 1.8253 -1.1963 0.0079, 1.8327 -1.2019 0.0079, 1.8197 -1.6024 0.0079, 1.8162 -1.5938 0.0079, 1.815 -1.5846 0.0079, 1.2999 -1.8162 0.0079, 1.3091 -1.815 0.0079, 1.1462 -1.8253 0.0079, 1.0512 -1.8197 0.0079, 1.1406 -1.8327 0.0079, 1.0585 -1.8253 0.0079, -1.8197 -1.6024 0.0079, -1.8162 -1.5938 0.0079, -1.815 -1.5846 0.0079, -1.8162 -1.5755 0.0079, -1.8197 -1.4646 0.0079, -1.8162 -1.456 0.0079, -1.8162 -1.3182 0.0079, -1.815 -1.3091 0.0079, -1.8162 -1.2999 0.0079, -1.8419 -0.9301 0.0079, -1.8504 -0.998 0.0079, -1.8339 -0.927 0.0079, -1.8269 -0.9222 0.0079, -1.9685 -1.1421 0.0079, -1.9685 -1.0626 0.0079, -1.9331 -1.1358 0.0079, -1.9331 -1.0689 0.0079, -1.8504 -1.1358 0.0079, -1.8504 -1.0689 0.0079, -1.8412 -1.0677 0.0079, -1.9685 -0.7287 0.0079, -1.9685 -0.6493 0.0079, -1.9331 -0.7224 0.0079, -1.9331 -0.6555 0.0079, -1.8504 -0.7224 0.0079, -1.8504 -0.6555 0.0079, -1.8412 -0.6543 0.0079, -1.8197 -0.5 0.0079, -1.8162 -0.4915 0.0079, -1.815 -0.4823 0.0079, -1.8197 -0.3268 0.0079, -1.8253 -0.3194 0.0079, -1.8327 -0.2374 0.0079, -1.8327 -0.3138 0.0079, -1.8412 -0.3103 0.0079, -1.8197 -0.0866 0.0079, -1.8162 -0.0781 0.0079, -1.8162 -0.1975 0.0079, -1.8253 0.595 0.0079, -1.8253 0.5073 0.0079, -1.8327 0.5894 0.0079, -1.8327 0.513 0.0079, -1.8412 0.5165 0.0079, -1.8253 0.6451 0.0079, -1.8197 0.6378 0.0079, -1.8162 0.6292 0.0079, -1.6153 1.8327 0.0079, -1.6097 1.8253 0.0079, -1.6024 1.8197 0.0079, -1.5938 1.8162 0.0079, -1.4377 1.8162 0.0079, -1.4291 1.8197 0.0079, -1.4469 1.815 0.0079, -1.4218 1.8253 0.0079, -1.3268 1.8197 0.0079, -1.4162 1.8327 0.0079, -1.3341 1.8253 0.0079, 1.5846 1.815 0.0079, 1.5755 1.8162 0.0079, 1.5669 1.8197 0.0079, 1.5938 1.8162 0.0079, 1.6024 1.8197 0.0079, 1.6097 1.8253 0.0079, 1.9685 -1.0626 0.0079, 1.9685 -1.1421 0.0079, 1.9331 -1.0689 0.0079, 1.9331 -1.1358 0.0079, 1.8504 -1.0689 0.0079, 1.8504 -1.1358 0.0079, 1.8419 -1.0679 0.0079, 1.8339 -1.0648 0.0079, 1.8253 0.4572 0.0079, 1.8327 0.4516 0.0079, 1.8253 0.3695 0.0079, 1.8327 -0.4516 0.0079, 1.8152 -0.3488 0.0079, 1.8173 -0.3571 0.0079, 1.8253 -1.284 0.0079, 1.8197 -1.2913 0.0079, 1.8162 -1.2999 0.0079, 1.815 -1.3091 0.0079, 1.8162 -1.3182 0.0079, 1.8412 -1.5504 0.0079, 1.8212 -1.467 0.0079, 1.8269 -1.4734 0.0079, 1.4177 -1.9685 0.0079, 1.3382 -1.9685 0.0079, 1.4114 -1.9331 0.0079, 1.3445 -1.9331 0.0079, 1.4114 -1.8504 0.0079, 1.3445 -1.8504 0.0079, 1.4126 -1.8412 0.0079, 1.3433 -1.8412 0.0079, 1.3397 -1.8327 0.0079, -1.8412 -1.5504 0.0079, -1.8327 -1.4775 0.0079, -1.8327 -1.554 0.0079, -1.8253 -1.5596 0.0079, -1.8253 -1.4719 0.0079, -1.8197 -1.5669 0.0079, -1.815 -1.4469 0.0079, -1.8162 -1.4377 0.0079, -1.8162 -1.1621 0.0079, -1.8197 -1.1535 0.0079, -1.9685 -0.5909 0.0079, -1.9685 -0.5115 0.0079, -1.9331 -0.5846 0.0079, -1.9331 -0.5177 0.0079, -1.8504 -0.5846 0.0079, -1.8504 -0.5177 0.0079, -1.8412 -0.5165 0.0079, -1.8327 -0.3752 0.0079, -1.8253 -0.3695 0.0079, -1.8412 -0.4481 0.0079, -1.8162 -0.3537 0.0079, -1.815 -0.3445 0.0079, -1.8162 -0.3353 0.0079, -1.8253 -0.2317 0.0079, -1.8197 -0.2244 0.0079, -1.815 -0.0689 0.0079, -1.8162 -0.0597 0.0079, -1.8197 -0.0512 0.0079, -1.8253 -0.0438 0.0079, -1.8253 0.4572 0.0079, -1.8197 0.4646 0.0079, -1.8152 0.3488 0.0079, -1.8162 0.4731 0.0079, -1.8197 0.6024 0.0079, -1.8162 0.6109 0.0079, -1.815 0.6201 0.0079, -1.8253 0.7829 0.0079, -1.8197 0.7756 0.0079, -1.8162 0.767 0.0079, -1.8253 1.0585 0.0079, -1.8197 1.0512 0.0079, -1.8162 1.0426 0.0079, -1.4719 1.8253 0.0079, -1.4646 1.8197 0.0079, -1.554 1.8327 0.0079, -1.456 1.8162 0.0079, -1.5596 1.8253 0.0079, -1.5669 1.8197 0.0079, -1.5755 1.8162 0.0079, -1.5846 1.815 0.0079, 1.9685 1.5555 0.0079, 1.9685 1.476 0.0079, 1.9331 1.5492 0.0079, 1.9331 1.4823 0.0079, 1.8504 1.5492 0.0079, 1.8504 1.4823 0.0079, 1.8419 1.5502 0.0079, 1.8339 1.5533 0.0079, 1.9685 1.2799 0.0079, 1.9685 1.2004 0.0079, 1.9331 1.2736 0.0079, 1.9331 1.2067 0.0079, 1.8504 1.2736 0.0079, 1.8504 1.2067 0.0079, 1.8419 1.2747 0.0079, 1.8339 1.2777 0.0079, 1.8162 1.456 0.0079, 1.815 1.4469 0.0079, 1.8162 1.4377 0.0079, 1.8173 1.2965 0.0079, 1.8152 1.3048 0.0079, 1.8412 0.5165 0.0079, 1.8212 0.6 0.0079, 1.8269 0.5936 0.0079, 1.815 0.3445 0.0079, 1.8162 0.3353 0.0079, 1.8197 0.2244 0.0079, 1.8197 0.3268 0.0079, 1.8253 0.3194 0.0079, 1.8173 -0.0815 0.0079, 1.8327 -0.176 0.0079, 1.8152 -0.0732 0.0079, 1.815 -0.2067 0.0079, 1.8162 -0.2159 0.0079, 1.8197 -0.2244 0.0079, 1.8412 -0.4481 0.0079, 1.8212 -0.3646 0.0079, 1.8269 -0.371 0.0079, 1.8197 -0.5 0.0079, 1.8162 -0.4915 0.0079, 1.815 -0.4823 0.0079, 1.8327 -0.513 0.0079, 1.8253 -0.595 0.0079, 1.8253 -0.5073 0.0079, 1.8253 -1.5596 0.0079, 1.8197 -1.5669 0.0079, 1.8162 -1.5755 0.0079, 1.8253 -1.6097 0.0079, 1.0426 -1.8162 0.0079, 1.0335 -1.815 0.0079, 1.0243 -1.8162 0.0079, 1.0157 -1.8197 0.0079, 1.0084 -1.8253 0.0079, 0.9134 -1.8197 0.0079, 1.0028 -1.8327 0.0079, 0.9207 -1.8253 0.0079, -1.8986 -1.7579 0.0079, -1.8367 -1.6898 0.0079, -1.8253 -1.6097 0.0079, -1.9685 -1.0043 0.0079, -1.9685 -0.9249 0.0079, -1.9331 -0.998 0.0079, -1.9331 -0.9311 0.0079, -1.8504 -0.9311 0.0079, -1.8327 -0.4516 0.0079, -1.8197 -0.3622 0.0079, -1.8197 -0.189 0.0079, -1.8253 -0.1816 0.0079, -1.8327 -0.0996 0.0079, -1.8327 -0.176 0.0079, -1.8412 -0.1725 0.0079, -1.8253 -0.094 0.0079, -1.8162 -0.2159 0.0079, -1.815 -0.2067 0.0079, -1.815 0.4823 0.0079, -1.8162 0.4915 0.0079, -1.8197 0.5 0.0079, -1.8253 0.7328 0.0079, -1.8327 0.7272 0.0079, -1.8327 0.6508 0.0079, -1.8412 0.6543 0.0079, -1.8197 1.1535 0.0079, -1.8162 1.1621 0.0079, -1.8197 1.3268 0.0079, -1.8253 1.3341 0.0079, -1.8327 1.4162 0.0079, -1.8327 1.3397 0.0079, -1.8412 1.3433 0.0079, -1.3182 1.8162 0.0079, -1.3091 1.815 0.0079, -1.2999 1.8162 0.0079, -1.2913 1.8197 0.0079, -1.284 1.8253 0.0079, -1.189 1.8197 0.0079, -1.2784 1.8327 0.0079, -1.1963 1.8253 0.0079, 1.6138 1.9685 0.0079, 1.6933 1.9685 0.0079, 1.6201 1.9331 0.0079, 1.687 1.9331 0.0079, 1.6201 1.8504 0.0079, -1.5555 1.9685 0.0079, -1.476 1.9685 0.0079, -1.5492 1.9331 0.0079, -1.4823 1.9331 0.0079, -1.5492 1.8504 0.0079, -1.4823 1.8504 0.0079, -1.5504 1.8412 0.0079, -1.4811 1.8412 0.0079, -1.4775 1.8327 0.0079, 1.815 1.0335 0.0079, 1.8162 1.0243 0.0079, 1.8197 1.0157 0.0079, 1.8253 1.0084 0.0079, 1.815 0.7579 0.0079, 1.8162 0.7487 0.0079, 1.8197 0.7402 0.0079, 1.8253 0.7328 0.0079, 1.8412 0.2409 0.0079, 1.8327 0.2374 0.0079, 1.8253 0.2317 0.0079, 1.8197 0.4646 0.0079, 1.8197 0.3622 0.0079, 1.8162 0.3537 0.0079, 1.8197 0.0866 0.0079, 1.8197 0.189 0.0079, 1.8253 0.094 0.0079, 1.8253 0.1816 0.0079, 1.8327 0.176 0.0079, 1.8162 0.0781 0.0079, 1.815 0.0689 0.0079, 1.8162 0.0597 0.0079, 1.8197 0.0512 0.0079, 1.8253 0.0438 0.0079, 1.8327 0.0382 0.0079, 1.8253 -0.4572 0.0079, 1.8197 -0.4646 0.0079, 1.8162 -0.4731 0.0079, 1.9685 -1.2004 0.0079, 1.9685 -1.2799 0.0079, 1.9331 -1.2067 0.0079, 1.9331 -1.2736 0.0079, 1.8504 -1.2067 0.0079, 1.8504 -1.2736 0.0079, 1.8412 -1.2055 0.0079, 1.8412 -1.2748 0.0079, 1.8327 -1.2784 0.0079, 1.9685 -1.476 0.0079, 1.9685 -1.5555 0.0079, 1.9331 -1.4823 0.0079, 1.9331 -1.5492 0.0079, 1.8504 -1.4823 0.0079, 1.8504 -1.5492 0.0079, 1.8419 -1.4813 0.0079, 1.8339 -1.4782 0.0079, 1.8197 -1.3268 0.0079, 1.8253 -1.3341 0.0079, 1.8327 -1.3397 0.0079, 1.8504 -1.3445 0.0079, 1.8419 -1.4124 0.0079, 1.8412 -1.3433 0.0079, 1.8339 -1.4155 0.0079, 1.8269 -1.4203 0.0079, 1.2799 -1.9685 0.0079, 1.2004 -1.9685 0.0079, 1.2736 -1.9331 0.0079, 1.2067 -1.9331 0.0079, 1.2736 -1.8504 0.0079, 1.2067 -1.8504 0.0079, 1.2748 -1.8412 0.0079, 1.2055 -1.8412 0.0079, 1.2019 -1.8327 0.0079, -1.9685 -1.5555 0.0079, -1.9685 -1.476 0.0079, -1.9331 -1.5492 0.0079, -1.9331 -1.4823 0.0079, -1.8504 -1.5492 0.0079, -1.8504 -1.4823 0.0079, -1.8412 -1.4811 0.0079, -1.8269 -0.8691 0.0079, -1.8412 -0.7921 0.0079, -1.8212 -0.8755 0.0079, -1.8173 -0.8831 0.0079, -1.8412 0.1031 0.0079, -1.8327 0.176 0.0079, -1.8327 0.0996 0.0079, -1.8253 0.094 0.0079, -1.8253 0.1816 0.0079, -1.8162 0.0781 0.0079, -1.8197 0.0866 0.0079, -1.8197 0.189 0.0079, -1.8162 0.1975 0.0079, -1.815 0.2067 0.0079, -1.8327 0.4516 0.0079, -1.8173 0.3571 0.0079, -1.8412 0.4481 0.0079, -1.8212 0.3646 0.0079, -1.8269 0.371 0.0079, -1.9685 0.5115 0.0079, -1.9685 0.5909 0.0079, -1.9331 0.5177 0.0079, -1.9331 0.5846 0.0079, -1.8504 0.5177 0.0079, -1.8504 0.5846 0.0079, -1.8412 0.5859 0.0079, -1.8197 0.7402 0.0079, -1.8162 0.7487 0.0079, -1.815 0.7579 0.0079, -1.8412 0.8614 0.0079, -1.8327 0.865 0.0079, -1.815 0.8957 0.0079, -1.8162 0.9048 0.0079, -1.8197 0.9134 0.0079, -1.8253 1.1462 0.0079, -1.8327 1.1406 0.0079, -1.8327 1.0642 0.0079, -1.8412 1.0677 0.0079, -1.815 1.1713 0.0079, -1.8162 1.1804 0.0079, -1.8412 1.2055 0.0079, -1.8327 1.2784 0.0079, -1.8327 1.2019 0.0079, -1.8197 1.2913 0.0079, -1.8162 1.2999 0.0079, 1.6153 1.8327 0.0079, 1.6189 1.8412 0.0079, 1.6877 1.8434 0.0079, 1.687 1.8504 0.0079, 1.9685 0.5909 0.0079, 1.9685 0.5115 0.0079, 1.9331 0.5846 0.0079, 1.9331 0.5177 0.0079, 1.8504 0.5846 0.0079, 1.8504 0.5177 0.0079, 1.8419 0.5857 0.0079, 1.8339 0.5887 0.0079, 1.8253 1.0585 0.0079, 1.8197 1.0512 0.0079, 1.8327 1.1406 0.0079, 1.8162 1.0426 0.0079, 1.8253 1.1462 0.0079, 1.8197 1.1535 0.0079, 1.8162 1.1621 0.0079, 1.8253 0.5073 0.0079, 1.8197 0.5 0.0079, 1.8162 0.4915 0.0079, 1.8152 0.6243 0.0079, 1.8327 0.7272 0.0079, 1.8173 0.6326 0.0079, 1.8412 0.7236 0.0079, 1.8212 0.6402 0.0079, 1.8269 0.6466 0.0079, 1.8253 -0.1816 0.0079, 1.8197 -0.189 0.0079, 1.8162 -0.1975 0.0079, 1.8212 -0.778 0.0079, 1.8269 -0.7844 0.0079, 1.8412 -0.8614 0.0079, 1.9685 -1.6138 0.0079, 1.9685 -1.6933 0.0079, 1.9331 -1.6201 0.0079, 1.9331 -1.687 0.0079, 1.8504 -1.6201 0.0079, 0.9048 -1.8162 0.0079, 0.8957 -1.815 0.0079, 0.8865 -1.8162 0.0079, 0.878 -1.8197 0.0079, -0.7756 -1.8197 0.0079, -0.878 -1.8197 0.0079, -0.767 -1.8162 0.0079, -0.7579 -1.815 0.0079, -1.9685 -1.6933 0.0079, -1.9685 -1.6138 0.0079, -1.9331 -1.687 0.0079, -1.9331 -1.6201 0.0079, -1.8504 -1.687 0.0079, -1.8504 -1.6201 0.0079, -1.8434 -1.6877 0.0079, -1.8412 -1.6189 0.0079, -1.8327 -1.6153 0.0079, -1.8162 -1.0243 0.0079, -1.8152 -0.8914 0.0079, -1.9685 -0.3153 0.0079, -1.9685 -0.2359 0.0079, -1.9331 -0.3091 0.0079, -1.9331 -0.2421 0.0079, -1.8504 -0.3091 0.0079, -1.8504 -0.2421 0.0079, -1.8412 -0.2409 0.0079, -1.8253 0.0438 0.0079, -1.8327 0.0382 0.0079, -1.8327 -0.0382 0.0079, -1.8412 -0.0347 0.0079, -1.8197 0.0512 0.0079, -1.8162 0.0597 0.0079, -1.815 0.0689 0.0079, -1.8253 0.8706 0.0079, -1.8197 0.878 0.0079, -1.8162 0.8865 0.0079, -1.8412 0.9299 0.0079, -1.8327 1.0028 0.0079, -1.8253 1.0084 0.0079, -1.8253 1.284 0.0079, -1.815 1.3091 0.0079, -1.8162 1.3182 0.0079, -1.1804 1.8162 0.0079, -1.1713 1.815 0.0079, -1.1621 1.8162 0.0079, -1.1535 1.8197 0.0079, -1.1462 1.8253 0.0079, -1.0512 1.8197 0.0079, -1.1406 1.8327 0.0079, -1.0585 1.8253 0.0079, 1.8162 0.767 0.0079, 1.8152 0.8914 0.0079, 1.8197 0.7756 0.0079, 1.8253 0.7829 0.0079, 1.9685 0.3153 0.0079, 1.9685 0.2359 0.0079, 1.9331 0.3091 0.0079, 1.9331 0.2421 0.0079, 1.8504 0.3091 0.0079, 1.8504 0.2421 0.0079, 1.8412 0.3103 0.0079, 1.8327 0.3138 0.0079, 1.815 0.4823 0.0079, 1.8162 0.4731 0.0079, 1.8162 0.2159 0.0079, 1.815 0.2067 0.0079, 1.8162 0.1975 0.0079, 1.9685 -0.0981 0.0079, 1.9685 -0.1775 0.0079, 1.9331 -0.1043 0.0079, 1.9331 -0.1713 0.0079, 1.8504 -0.1043 0.0079, 1.8504 -0.1713 0.0079, 1.8419 -0.1033 0.0079, 1.8339 -0.1003 0.0079, 1.9685 0.1775 0.0079, 1.9685 0.0981 0.0079, 1.9331 0.1713 0.0079, 1.9331 0.1043 0.0079, 1.8504 0.1713 0.0079, 1.8504 0.1043 0.0079, 1.8412 0.1725 0.0079, 1.8412 0.1031 0.0079, 1.8327 0.0996 0.0079, 1.8162 -0.6292 0.0079, 1.8197 -0.6378 0.0079, 1.8152 -1.4426 0.0079, 1.8173 -1.4343 0.0079, 1.8212 -1.4267 0.0079, 1.9685 -1.3382 0.0079, 1.9685 -1.4177 0.0079, 1.9331 -1.3445 0.0079, 1.9331 -1.4114 0.0079, 1.8504 -1.4114 0.0079, 1.8327 -1.6153 0.0079, 1.8412 -1.6189 0.0079, 1.8434 -1.6877 0.0079, 1.8504 -1.687 0.0079, 1.1421 -1.9685 0.0079, 1.0626 -1.9685 0.0079, 1.1358 -1.9331 0.0079, 1.0689 -1.9331 0.0079, 1.1358 -1.8504 0.0079, 1.0689 -1.8504 0.0079, 1.137 -1.8412 0.0079, 1.0677 -1.8412 0.0079, 1.0642 -1.8327 0.0079, -0.7829 -1.8253 0.0079, -0.7886 -1.8327 0.0079, -0.8706 -1.8253 0.0079, -1.9685 -0.4531 0.0079, -1.9685 -0.3737 0.0079, -1.9331 -0.4469 0.0079, -1.9331 -0.3799 0.0079, -1.8504 -0.4469 0.0079, -1.8504 -0.3799 0.0079, -1.8412 -0.3787 0.0079, -1.9685 -0.1775 0.0079, -1.9685 -0.0981 0.0079, -1.9331 -0.1713 0.0079, -1.9331 -0.1043 0.0079, -1.8504 -0.1713 0.0079, -1.8504 -0.1043 0.0079, -1.8412 -0.1031 0.0079, -1.9685 0.6493 0.0079, -1.9685 0.7287 0.0079, -1.9331 0.6555 0.0079, -1.9331 0.7224 0.0079, -1.8504 0.6555 0.0079, -1.8504 0.7224 0.0079, -1.8412 0.7236 0.0079, -1.8253 0.9207 0.0079, -1.8327 0.9264 0.0079, -1.9685 1.0626 0.0079, -1.9685 1.1421 0.0079, -1.9331 1.0689 0.0079, -1.9331 1.1358 0.0079, -1.8504 1.0689 0.0079, -1.8504 1.1358 0.0079, -1.8412 1.137 0.0079, -1.9685 1.3382 0.0079, -1.9685 1.4177 0.0079, -1.9331 1.3445 0.0079, -1.9331 1.4114 0.0079, -1.8504 1.3445 0.0079, -1.8504 1.4114 0.0079, -1.8412 1.4126 0.0079, -1.4177 1.9685 0.0079, -1.3382 1.9685 0.0079, -1.4114 1.9331 0.0079, -1.3445 1.9331 0.0079, -1.4114 1.8504 0.0079, -1.3445 1.8504 0.0079, -1.4126 1.8412 0.0079, -1.3433 1.8412 0.0079, -1.3397 1.8327 0.0079, 1.9685 1.1421 0.0079, 1.9685 1.0626 0.0079, 1.9331 1.1358 0.0079, 1.9331 1.0689 0.0079, 1.8504 1.1358 0.0079, 1.8504 1.0689 0.0079, 1.8412 1.137 0.0079, 1.8412 1.0677 0.0079, 1.8327 1.0642 0.0079, 1.8327 0.7886 0.0079, 1.8173 0.8831 0.0079, 1.8412 0.7921 0.0079, 1.8212 0.8755 0.0079, 1.8269 0.8691 0.0079, 1.8152 0.8999 0.0079, 1.8327 1.0028 0.0079, 1.8173 0.9082 0.0079, 1.8412 0.9992 0.0079, 1.8212 0.9158 0.0079, 1.8269 0.9222 0.0079, 1.8504 0.7224 0.0079, 1.8419 0.6545 0.0079, 1.8339 0.6515 0.0079, 1.9685 0.4531 0.0079, 1.9685 0.3737 0.0079, 1.9331 0.4469 0.0079, 1.9331 0.3799 0.0079, 1.8504 0.4469 0.0079, 1.8504 0.3799 0.0079, 1.8412 0.4481 0.0079, 1.8412 0.3787 0.0079, 1.8327 0.3752 0.0079, 1.8504 0.0335 0.0079, 1.8419 -0.0345 0.0079, 1.8412 0.0347 0.0079, 1.8339 -0.0375 0.0079, 1.8269 -0.0424 0.0079, 1.9685 -0.3737 0.0079, 1.9685 -0.4531 0.0079, 1.9331 -0.3799 0.0079, 1.9331 -0.4469 0.0079, 1.8504 -0.3799 0.0079, 1.8504 -0.4469 0.0079, 1.8419 -0.3789 0.0079, 1.8339 -0.3759 0.0079, 1.8269 -0.318 0.0079, 1.8212 -0.3244 0.0079, 1.8412 -0.2409 0.0079, 1.8173 -0.3319 0.0079, 1.8152 -0.3402 0.0079, 1.8504 -0.2421 0.0079, 1.8419 -0.3101 0.0079, 1.8339 -0.3131 0.0079, 1.9685 -0.5115 0.0079, 1.9685 -0.5909 0.0079, 1.9331 -0.5177 0.0079, 1.9331 -0.5846 0.0079, 1.8504 -0.5177 0.0079, 1.8504 -0.5846 0.0079, 1.8412 -0.5165 0.0079, 1.8412 -0.5859 0.0079, 1.8327 -0.5894 0.0079, 1.8197 -0.6024 0.0079, 1.8162 -0.6109 0.0079, 1.815 -0.6201 0.0079, 1.8197 -0.878 0.0079, 1.8162 -0.8865 0.0079, 1.8152 -0.7621 0.0079, 1.8197 -0.9134 0.0079, 1.8162 -0.9048 0.0079, 1.815 -0.8957 0.0079, 0.2317 -1.8253 0.0079, 0.2244 -1.8197 0.0079, 0.3138 -1.8327 0.0079, -0.9134 -1.8197 0.0079, -0.9207 -1.8253 0.0079, -1.0157 -1.8197 0.0079, -0.9264 -1.8327 0.0079, -1.0084 -1.8253 0.0079, -1.9685 -0.8665 0.0079, -1.9685 -0.7871 0.0079, -1.9331 -0.8602 0.0079, -1.9331 -0.7933 0.0079, -1.8504 -0.8602 0.0079, -1.8504 -0.7933 0.0079, -1.8419 -0.8613 0.0079, -1.8339 -0.8643 0.0079, -1.9685 -0.0397 0.0079, -1.9685 0.0397 0.0079, -1.9331 -0.0335 0.0079, -1.9331 0.0335 0.0079, -1.8504 -0.0335 0.0079, -1.8504 0.0335 0.0079, -1.8412 0.0347 0.0079, -1.9685 0.0981 0.0079, -1.9685 0.1775 0.0079, -1.9331 0.1043 0.0079, -1.9331 0.1713 0.0079, -1.8504 0.1043 0.0079, -1.8504 0.1713 0.0079, -1.8412 0.1725 0.0079, -1.9685 0.3737 0.0079, -1.9685 0.4531 0.0079, -1.9331 0.3799 0.0079, -1.9331 0.4469 0.0079, -1.8504 0.3799 0.0079, -1.8504 0.4469 0.0079, -1.8419 0.3789 0.0079, -1.8339 0.3759 0.0079, -1.8327 0.7886 0.0079, -1.8412 0.7921 0.0079, -1.8504 0.8602 0.0079, -1.8504 0.7933 0.0079, -1.9331 0.8602 0.0079, -1.9331 0.7933 0.0079, -1.9685 0.8665 0.0079, -1.9685 0.7871 0.0079, -1.8197 1.0157 0.0079, -1.8162 1.0243 0.0079, -1.815 1.0335 0.0079, -1.9685 0.9249 0.0079, -1.9685 1.0043 0.0079, -1.9331 0.9311 0.0079, -1.9331 0.998 0.0079, -1.8504 0.9311 0.0079, -1.8504 0.998 0.0079, -1.8412 0.9992 0.0079, -1.9685 1.2004 0.0079, -1.9685 1.2799 0.0079, -1.9331 1.2067 0.0079, -1.9331 1.2736 0.0079, -1.8504 1.2067 0.0079, -1.8504 1.2736 0.0079, -1.8412 1.2748 0.0079, -1.0426 1.8162 0.0079, -1.0335 1.815 0.0079, -1.0243 1.8162 0.0079, -1.0157 1.8197 0.0079, -1.0084 1.8253 0.0079, -0.9134 1.8197 0.0079, -1.0028 1.8327 0.0079, -0.9207 1.8253 0.0079, 1.8504 0.998 0.0079, 1.8419 0.9301 0.0079, 1.8339 0.927 0.0079, 1.8212 -0.0488 0.0079, 1.8173 -0.0563 0.0079, 1.8152 -0.0646 0.0079, 1.9685 -0.7871 0.0079, 1.9685 -0.8665 0.0079, 1.9331 -0.7933 0.0079, 1.9331 -0.8602 0.0079, 1.8504 -0.7933 0.0079, 1.8504 -0.8602 0.0079, 1.8419 -0.7923 0.0079, 1.8339 -0.7892 0.0079, 1.8173 -0.7704 0.0079, 1.8327 -0.865 0.0079, 1.8253 -0.8706 0.0079, 1.8253 -0.9207 0.0079, 1.8327 -0.9264 0.0079, 1.8412 -0.9299 0.0079, 1.8504 -0.9311 0.0079, 1.8419 -0.9991 0.0079, 1.8339 -1.0021 0.0079, 1.8269 -1.0069 0.0079, 1.0043 -1.9685 0.0079, 0.9249 -1.9685 0.0079, 0.998 -1.9331 0.0079, 0.9311 -1.9331 0.0079, 0.998 -1.8504 0.0079, 0.9311 -1.8504 0.0079, 0.9992 -1.8412 0.0079, 0.9299 -1.8412 0.0079, 0.9264 -1.8327 0.0079, 0.8706 -1.8253 0.0079, 0.7756 -1.8197 0.0079, 0.865 -1.8327 0.0079, 0.7829 -1.8253 0.0079, 0.3194 -1.8253 0.0079, 0.2067 -1.815 0.0079, 0.3268 -1.8197 0.0079, -1.0243 -1.8162 0.0079, -1.0335 -1.815 0.0079, -1.0426 -1.8162 0.0079, -1.0512 -1.8197 0.0079, -1.8253 0.2317 0.0079, -1.8327 0.2374 0.0079, -1.8173 0.3319 0.0079, -1.8412 0.2409 0.0079, -1.8212 0.3244 0.0079, -1.8269 0.318 0.0079, -1.8152 0.3402 0.0079, -1.8504 0.2421 0.0079, -1.8419 0.3101 0.0079, -1.8339 0.3131 0.0079, -1.2799 1.9685 0.0079, -1.2004 1.9685 0.0079, -1.2736 1.9331 0.0079, -1.2067 1.9331 0.0079, -1.2736 1.8504 0.0079, -1.2067 1.8504 0.0079, -1.2748 1.8412 0.0079, -1.2055 1.8412 0.0079, -1.2019 1.8327 0.0079, 1.9685 0.8665 0.0079, 1.9685 0.7871 0.0079, 1.9331 0.8602 0.0079, 1.9331 0.7933 0.0079, 1.8504 0.8602 0.0079, 1.8504 0.7933 0.0079, 1.8419 0.8613 0.0079, 1.8339 0.8643 0.0079, 1.9685 0.7287 0.0079, 1.9685 0.6493 0.0079, 1.9331 0.7224 0.0079, 1.9331 0.6555 0.0079, 1.8504 0.6555 0.0079, 1.9685 0.0397 0.0079, 1.9685 -0.0397 0.0079, 1.9331 0.0335 0.0079, 1.9331 -0.0335 0.0079, 1.8504 -0.0335 0.0079, 1.9685 -0.2359 0.0079, 1.9685 -0.3153 0.0079, 1.9331 -0.2421 0.0079, 1.9331 -0.3091 0.0079, 1.8504 -0.3091 0.0079, 1.8212 -1.0133 0.0079, 1.8173 -1.0209 0.0079, 1.8152 -1.0292 0.0079, 1.8197 -1.1535 0.0079, 1.8162 -1.1621 0.0079, 1.815 -1.1713 0.0079, -0.3194 -1.8253 0.0079, -0.3268 -1.8197 0.0079, -0.2374 -1.8327 0.0079, -0.4572 -1.8253 0.0079, -0.4646 -1.8197 0.0079, -0.3752 -1.8327 0.0079, -1.0585 -1.8253 0.0079, -1.1535 -1.8197 0.0079, -1.0642 -1.8327 0.0079, -1.1462 -1.8253 0.0079, -1.284 -1.8253 0.0079, -1.2913 -1.8197 0.0079, -1.2019 -1.8327 0.0079, -0.9048 1.8162 0.0079, -0.8957 1.815 0.0079, -0.8865 1.8162 0.0079, -0.878 1.8197 0.0079, 0.7756 1.8197 0.0079, 0.878 1.8197 0.0079, 0.767 1.8162 0.0079, 0.7579 1.815 0.0079, 1.9685 1.0043 0.0079, 1.9685 0.9249 0.0079, 1.9331 0.998 0.0079, 1.9331 0.9311 0.0079, 1.8504 0.9311 0.0079, 1.9685 -0.9249 0.0079, 1.9685 -1.0043 0.0079, 1.9331 -0.9311 0.0079, 1.9331 -0.998 0.0079, 1.8504 -0.998 0.0079, 0.767 -1.8162 0.0079, 0.7579 -1.815 0.0079, 0.7487 -1.8162 0.0079, 0.7402 -1.8197 0.0079, 0.7328 -1.8253 0.0079, 0.6378 -1.8197 0.0079, 0.7272 -1.8327 0.0079, 0.6451 -1.8253 0.0079, 0.2159 -1.8162 0.0079, 0.0512 -1.8197 0.0079, -0.0512 -1.8197 0.0079, 0.0597 -1.8162 0.0079, 0.0689 -1.815 0.0079, 0.094 -1.8253 0.0079, 0.0866 -1.8197 0.0079, 0.176 -1.8327 0.0079, -0.1816 -1.8253 0.0079, -0.189 -1.8197 0.0079, -0.0996 -1.8327 0.0079, -1.1963 -1.8253 0.0079, -1.9685 0.2359 0.0079, -1.9685 0.3153 0.0079, -1.9331 0.2421 0.0079, -1.9331 0.3091 0.0079, -1.8504 0.3091 0.0079, -1.1421 1.9685 0.0079, -1.0626 1.9685 0.0079, -1.1358 1.9331 0.0079, -1.0689 1.9331 0.0079, -1.1358 1.8504 0.0079, -1.0689 1.8504 0.0079, -1.137 1.8412 0.0079, -1.0677 1.8412 0.0079, -1.0642 1.8327 0.0079, 0.7829 1.8253 0.0079, 0.7886 1.8327 0.0079, 0.8706 1.8253 0.0079, -0.7871 -1.9685 0.0079, -0.8665 -1.9685 0.0079, -0.7933 -1.9331 0.0079, -0.8602 -1.9331 0.0079, -0.7933 -1.8504 0.0079, -0.8602 -1.8504 0.0079, -0.7921 -1.8412 0.0079, -0.8614 -1.8412 0.0079, -0.865 -1.8327 0.0079, 0.0438 -1.8253 0.0079, 0.0382 -1.8327 0.0079, -0.0438 -1.8253 0.0079, -0.3622 -1.8197 0.0079, -0.3537 -1.8162 0.0079, -0.3445 -1.815 0.0079, -0.595 -1.8253 0.0079, -0.6024 -1.8197 0.0079, -0.513 -1.8327 0.0079, -1.1621 -1.8162 0.0079, -1.1713 -1.815 0.0079, -1.1804 -1.8162 0.0079, -1.189 -1.8197 0.0079, -1.4218 -1.8253 0.0079, -1.4291 -1.8197 0.0079, -1.3397 -1.8327 0.0079, -0.2317 1.8253 0.0079, -0.2244 1.8197 0.0079, -0.3138 1.8327 0.0079, 0.9134 1.8197 0.0079, 0.9207 1.8253 0.0079, 1.0157 1.8197 0.0079, 0.9264 1.8327 0.0079, 1.0084 1.8253 0.0079, 1.8253 -0.6451 0.0079, 1.8327 -0.6508 0.0079, 1.8173 -0.7453 0.0079, 1.8412 -0.6543 0.0079, 1.8212 -0.7377 0.0079, 1.8269 -0.7314 0.0079, 1.8152 -0.7536 0.0079, 1.8504 -0.6555 0.0079, 1.8419 -0.7235 0.0079, 1.8339 -0.7265 0.0079, 0.6292 -1.8162 0.0079, 0.6201 -1.815 0.0079, 0.6109 -1.8162 0.0079, 0.6024 -1.8197 0.0079, 0.595 -1.8253 0.0079, 0.5 -1.8197 0.0079, 0.5894 -1.8327 0.0079, 0.5073 -1.8253 0.0079, 0.0781 -1.8162 0.0079, 0.189 -1.8197 0.0079, 0.1816 -1.8253 0.0079, -0.2244 -1.8197 0.0079, -0.2159 -1.8162 0.0079, -0.2067 -1.815 0.0079, -0.3353 -1.8162 0.0079, -0.2317 -1.8253 0.0079, -0.5 -1.8197 0.0079, -0.4915 -1.8162 0.0079, -0.4823 -1.815 0.0079, -0.9249 -1.9685 0.0079, -1.0043 -1.9685 0.0079, -0.9311 -1.9331 0.0079, -0.998 -1.9331 0.0079, -0.9311 -1.8504 0.0079, -0.998 -1.8504 0.0079, -0.9299 -1.8412 0.0079, -0.9992 -1.8412 0.0079, -1.0028 -1.8327 0.0079, -1.2999 -1.8162 0.0079, -1.3091 -1.815 0.0079, -1.3341 -1.8253 0.0079, -1.0043 1.9685 0.0079, -0.9249 1.9685 0.0079, -0.998 1.9331 0.0079, -0.9311 1.9331 0.0079, -0.998 1.8504 0.0079, -0.9311 1.8504 0.0079, -0.9992 1.8412 0.0079, -0.9299 1.8412 0.0079, -0.9264 1.8327 0.0079, -0.8706 1.8253 0.0079, -0.7756 1.8197 0.0079, -0.865 1.8327 0.0079, -0.7829 1.8253 0.0079, -0.3194 1.8253 0.0079, -0.2067 1.815 0.0079, -0.3268 1.8197 0.0079, 1.0243 1.8162 0.0079, 1.0335 1.815 0.0079, 1.0426 1.8162 0.0079, 1.0512 1.8197 0.0079, 0.8665 -1.9685 0.0079, 0.7871 -1.9685 0.0079, 0.8602 -1.9331 0.0079, 0.7933 -1.9331 0.0079, 0.8602 -1.8504 0.0079, 0.7933 -1.8504 0.0079, 0.8614 -1.8412 0.0079, 0.7921 -1.8412 0.0079, 0.7886 -1.8327 0.0079, 0.3153 -1.9685 0.0079, 0.2359 -1.9685 0.0079, 0.3091 -1.9331 0.0079, 0.2421 -1.9331 0.0079, 0.3091 -1.8504 0.0079, 0.2421 -1.8504 0.0079, 0.3103 -1.8412 0.0079, 0.2409 -1.8412 0.0079, 0.2374 -1.8327 0.0079, -0.1975 -1.8162 0.0079, -0.0866 -1.8197 0.0079, -0.094 -1.8253 0.0079, -0.4731 -1.8162 0.0079, -0.3695 -1.8253 0.0079, -0.7328 -1.8253 0.0079, -0.7402 -1.8197 0.0079, -0.6508 -1.8327 0.0079, -1.3182 -1.8162 0.0079, -1.3268 -1.8197 0.0079, 0.3194 1.8253 0.0079, 0.3268 1.8197 0.0079, 0.2374 1.8327 0.0079, 0.4572 1.8253 0.0079, 0.4646 1.8197 0.0079, 0.3752 1.8327 0.0079, 1.0585 1.8253 0.0079, 1.1535 1.8197 0.0079, 1.0642 1.8327 0.0079, 1.1462 1.8253 0.0079, 1.284 1.8253 0.0079, 1.2913 1.8197 0.0079, 1.2019 1.8327 0.0079, 1.9685 -0.6493 0.0079, 1.9685 -0.7287 0.0079, 1.9331 -0.6555 0.0079, 1.9331 -0.7224 0.0079, 1.8504 -0.7224 0.0079, 0.7287 -1.9685 0.0079, 0.6493 -1.9685 0.0079, 0.7224 -1.9331 0.0079, 0.6555 -1.9331 0.0079, 0.7224 -1.8504 0.0079, 0.6555 -1.8504 0.0079, 0.7236 -1.8412 0.0079, 0.6543 -1.8412 0.0079, 0.6508 -1.8327 0.0079, 0.4915 -1.8162 0.0079, 0.4823 -1.815 0.0079, 0.4731 -1.8162 0.0079, 0.4646 -1.8197 0.0079, 0.4572 -1.8253 0.0079, 0.3622 -1.8197 0.0079, 0.4516 -1.8327 0.0079, 0.3695 -1.8253 0.0079, -0.6378 -1.8197 0.0079, -0.6292 -1.8162 0.0079, -0.6201 -1.815 0.0079, -0.8865 -1.8162 0.0079, -0.8957 -1.815 0.0079, -1.0626 -1.9685 0.0079, -1.1421 -1.9685 0.0079, -1.0689 -1.9331 0.0079, -1.1358 -1.9331 0.0079, -1.0689 -1.8504 0.0079, -1.1358 -1.8504 0.0079, -1.0677 -1.8412 0.0079, -1.137 -1.8412 0.0079, -1.1406 -1.8327 0.0079, -1.4377 -1.8162 0.0079, -1.4469 -1.815 0.0079, -1.456 -1.8162 0.0079, -1.4646 -1.8197 0.0079, -0.767 1.8162 0.0079, -0.7579 1.815 0.0079, -0.7487 1.8162 0.0079, -0.7402 1.8197 0.0079, -0.7328 1.8253 0.0079, -0.6378 1.8197 0.0079, -0.7272 1.8327 0.0079, -0.6451 1.8253 0.0079, -0.2159 1.8162 0.0079, -0.0512 1.8197 0.0079, 0.0512 1.8197 0.0079, -0.0597 1.8162 0.0079, -0.0689 1.815 0.0079, -0.094 1.8253 0.0079, -0.0866 1.8197 0.0079, -0.176 1.8327 0.0079, 0.1816 1.8253 0.0079, 0.189 1.8197 0.0079, 0.0996 1.8327 0.0079, 1.1963 1.8253 0.0079, 0.3537 -1.8162 0.0079, 0.3445 -1.815 0.0079, 0.3353 -1.8162 0.0079, 0.0397 -1.9685 0.0079, -0.0397 -1.9685 0.0079, 0.0335 -1.9331 0.0079, -0.0335 -1.9331 0.0079, 0.0335 -1.8504 0.0079, -0.0335 -1.8504 0.0079, 0.0347 -1.8412 0.0079, -0.0347 -1.8412 0.0079, -0.0382 -1.8327 0.0079, 0.1975 -1.8162 0.0079, -0.0597 -1.8162 0.0079, -0.0689 -1.815 0.0079, -0.0781 -1.8162 0.0079, -0.2359 -1.9685 0.0079, -0.3153 -1.9685 0.0079, -0.2421 -1.9331 0.0079, -0.3091 -1.9331 0.0079, -0.2421 -1.8504 0.0079, -0.3091 -1.8504 0.0079, -0.2409 -1.8412 0.0079, -0.3103 -1.8412 0.0079, -0.3138 -1.8327 0.0079, -0.3737 -1.9685 0.0079, -0.4531 -1.9685 0.0079, -0.3799 -1.9331 0.0079, -0.4469 -1.9331 0.0079, -0.3799 -1.8504 0.0079, -0.4469 -1.8504 0.0079, -0.3787 -1.8412 0.0079, -0.4481 -1.8412 0.0079, -0.4516 -1.8327 0.0079, -0.6109 -1.8162 0.0079, -0.5073 -1.8253 0.0079, -0.9048 -1.8162 0.0079, -1.554 -1.8327 0.0079, -1.4775 -1.8327 0.0079, -1.4811 -1.8412 0.0079, -1.4719 -1.8253 0.0079, -1.5596 -1.8253 0.0079, 0.7871 1.9685 0.0079, 0.8665 1.9685 0.0079, 0.7933 1.9331 0.0079, 0.8602 1.9331 0.0079, 0.7933 1.8504 0.0079, 0.8602 1.8504 0.0079, 0.7921 1.8412 0.0079, 0.8614 1.8412 0.0079, 0.865 1.8327 0.0079, -0.0438 1.8253 0.0079, -0.0382 1.8327 0.0079, 0.0438 1.8253 0.0079, 0.3622 1.8197 0.0079, 0.3537 1.8162 0.0079, 0.3445 1.815 0.0079, 0.595 1.8253 0.0079, 0.6024 1.8197 0.0079, 0.513 1.8327 0.0079, 1.1621 1.8162 0.0079, 1.1713 1.815 0.0079, 1.1804 1.8162 0.0079, 1.189 1.8197 0.0079, 1.4218 1.8253 0.0079, 1.4291 1.8197 0.0079, 1.3397 1.8327 0.0079, 0.5909 -1.9685 0.0079, 0.5115 -1.9685 0.0079, 0.5846 -1.9331 0.0079, 0.5177 -1.9331 0.0079, 0.5846 -1.8504 0.0079, 0.5177 -1.8504 0.0079, 0.5859 -1.8412 0.0079, 0.5165 -1.8412 0.0079, 0.513 -1.8327 0.0079, 0.1775 -1.9685 0.0079, 0.0981 -1.9685 0.0079, 0.1713 -1.9331 0.0079, 0.1043 -1.9331 0.0079, 0.1713 -1.8504 0.0079, 0.1043 -1.8504 0.0079, 0.1725 -1.8412 0.0079, 0.1031 -1.8412 0.0079, 0.0996 -1.8327 0.0079, -0.0981 -1.9685 0.0079, -0.1775 -1.9685 0.0079, -0.1043 -1.9331 0.0079, -0.1713 -1.9331 0.0079, -0.1043 -1.8504 0.0079, -0.1713 -1.8504 0.0079, -0.1031 -1.8412 0.0079, -0.1725 -1.8412 0.0079, -0.176 -1.8327 0.0079, -1.2004 -1.9685 0.0079, -1.2799 -1.9685 0.0079, -1.2067 -1.9331 0.0079, -1.2736 -1.9331 0.0079, -1.2067 -1.8504 0.0079, -1.2736 -1.8504 0.0079, -1.2055 -1.8412 0.0079, -1.2748 -1.8412 0.0079, -1.2784 -1.8327 0.0079, -0.6292 1.8162 0.0079, -0.6201 1.815 0.0079, -0.6109 1.8162 0.0079, -0.6024 1.8197 0.0079, -0.595 1.8253 0.0079, -0.5 1.8197 0.0079, -0.5894 1.8327 0.0079, -0.5073 1.8253 0.0079, -0.0781 1.8162 0.0079, -0.189 1.8197 0.0079, -0.1816 1.8253 0.0079, 0.2244 1.8197 0.0079, 0.2159 1.8162 0.0079, 0.2067 1.815 0.0079, 0.3353 1.8162 0.0079, 0.2317 1.8253 0.0079, 0.5 1.8197 0.0079, 0.4915 1.8162 0.0079, 0.4823 1.815 0.0079, 0.9249 1.9685 0.0079, 1.0043 1.9685 0.0079, 0.9311 1.9331 0.0079, 0.998 1.9331 0.0079, 0.9311 1.8504 0.0079, 0.998 1.8504 0.0079, 0.9299 1.8412 0.0079, 0.9992 1.8412 0.0079, 1.0028 1.8327 0.0079, 1.2999 1.8162 0.0079, 1.3091 1.815 0.0079, 1.3341 1.8253 0.0079, -0.5115 -1.9685 0.0079, -0.5909 -1.9685 0.0079, -0.5177 -1.9331 0.0079, -0.5846 -1.9331 0.0079, -0.5177 -1.8504 0.0079, -0.5846 -1.8504 0.0079, -0.5165 -1.8412 0.0079, -0.5859 -1.8412 0.0079, -0.5894 -1.8327 0.0079, -0.8665 1.9685 0.0079, -0.7871 1.9685 0.0079, -0.8602 1.9331 0.0079, -0.7933 1.9331 0.0079, -0.8602 1.8504 0.0079, -0.7933 1.8504 0.0079, -0.8614 1.8412 0.0079, -0.7921 1.8412 0.0079, -0.7886 1.8327 0.0079, -0.3153 1.9685 0.0079, -0.2359 1.9685 0.0079, -0.3091 1.9331 0.0079, -0.2421 1.9331 0.0079, -0.3091 1.8504 0.0079, -0.2421 1.8504 0.0079, -0.3103 1.8412 0.0079, -0.2409 1.8412 0.0079, -0.2374 1.8327 0.0079, 0.1975 1.8162 0.0079, 0.0866 1.8197 0.0079, 0.094 1.8253 0.0079, 0.4731 1.8162 0.0079, 0.3695 1.8253 0.0079, 0.7328 1.8253 0.0079, 0.7402 1.8197 0.0079, 0.6508 1.8327 0.0079, 1.3182 1.8162 0.0079, 1.3268 1.8197 0.0079, 0.4531 -1.9685 0.0079, 0.3737 -1.9685 0.0079, 0.4469 -1.9331 0.0079, 0.3799 -1.9331 0.0079, 0.4469 -1.8504 0.0079, 0.3799 -1.8504 0.0079, 0.4481 -1.8412 0.0079, 0.3787 -1.8412 0.0079, 0.3752 -1.8327 0.0079, -0.7487 -1.8162 0.0079, -0.6451 -1.8253 0.0079, -1.3382 -1.9685 0.0079, -1.4177 -1.9685 0.0079, -1.3445 -1.9331 0.0079, -1.4114 -1.9331 0.0079, -1.3445 -1.8504 0.0079, -1.4114 -1.8504 0.0079, -1.3433 -1.8412 0.0079, -1.4126 -1.8412 0.0079, -1.4162 -1.8327 0.0079, -0.7287 1.9685 0.0079, -0.6493 1.9685 0.0079, -0.7224 1.9331 0.0079, -0.6555 1.9331 0.0079, -0.7224 1.8504 0.0079, -0.6555 1.8504 0.0079, -0.7236 1.8412 0.0079, -0.6543 1.8412 0.0079, -0.6508 1.8327 0.0079, -0.4915 1.8162 0.0079, -0.4823 1.815 0.0079, -0.4731 1.8162 0.0079, -0.4646 1.8197 0.0079, -0.4572 1.8253 0.0079, -0.3622 1.8197 0.0079, -0.4516 1.8327 0.0079, -0.3695 1.8253 0.0079, 0.6378 1.8197 0.0079, 0.6292 1.8162 0.0079, 0.6201 1.815 0.0079, 0.8865 1.8162 0.0079, 0.8957 1.815 0.0079, 1.0626 1.9685 0.0079, 1.1421 1.9685 0.0079, 1.0689 1.9331 0.0079, 1.1358 1.9331 0.0079, 1.0689 1.8504 0.0079, 1.1358 1.8504 0.0079, 1.0677 1.8412 0.0079, 1.137 1.8412 0.0079, 1.1406 1.8327 0.0079, 1.4377 1.8162 0.0079, 1.4469 1.815 0.0079, 1.456 1.8162 0.0079, 1.4646 1.8197 0.0079, -0.6493 -1.9685 0.0079, -0.7287 -1.9685 0.0079, -0.6555 -1.9331 0.0079, -0.7224 -1.9331 0.0079, -0.6555 -1.8504 0.0079, -0.7224 -1.8504 0.0079, -0.6543 -1.8412 0.0079, -0.7236 -1.8412 0.0079, -0.7272 -1.8327 0.0079, -1.476 -1.9685 0.0079, -1.5555 -1.9685 0.0079, -1.4823 -1.9331 0.0079, -1.5492 -1.9331 0.0079, -1.4823 -1.8504 0.0079, -1.5492 -1.8504 0.0079, -1.5504 -1.8412 0.0079, -0.3537 1.8162 0.0079, -0.3445 1.815 0.0079, -0.3353 1.8162 0.0079, -0.0397 1.9685 0.0079, 0.0397 1.9685 0.0079, -0.0335 1.9331 0.0079, 0.0335 1.9331 0.0079, -0.0335 1.8504 0.0079, 0.0335 1.8504 0.0079, -0.0347 1.8412 0.0079, 0.0347 1.8412 0.0079, 0.0382 1.8327 0.0079, -0.1975 1.8162 0.0079, 0.0597 1.8162 0.0079, 0.0689 1.815 0.0079, 0.0781 1.8162 0.0079, 0.2359 1.9685 0.0079, 0.3153 1.9685 0.0079, 0.2421 1.9331 0.0079, 0.3091 1.9331 0.0079, 0.2421 1.8504 0.0079, 0.3091 1.8504 0.0079, 0.2409 1.8412 0.0079, 0.3103 1.8412 0.0079, 0.3138 1.8327 0.0079, 0.3737 1.9685 0.0079, 0.4531 1.9685 0.0079, 0.3799 1.9331 0.0079, 0.4469 1.9331 0.0079, 0.3799 1.8504 0.0079, 0.4469 1.8504 0.0079, 0.3787 1.8412 0.0079, 0.4481 1.8412 0.0079, 0.4516 1.8327 0.0079, 0.6109 1.8162 0.0079, 0.5073 1.8253 0.0079, 0.9048 1.8162 0.0079, 1.554 1.8327 0.0079, 1.4775 1.8327 0.0079, 1.4811 1.8412 0.0079, 1.4719 1.8253 0.0079, 1.5596 1.8253 0.0079, -0.5909 1.9685 0.0079, -0.5115 1.9685 0.0079, -0.5846 1.9331 0.0079, -0.5177 1.9331 0.0079, -0.5846 1.8504 0.0079, -0.5177 1.8504 0.0079, -0.5859 1.8412 0.0079, -0.5165 1.8412 0.0079, -0.513 1.8327 0.0079, -0.1775 1.9685 0.0079, -0.0981 1.9685 0.0079, -0.1713 1.9331 0.0079, -0.1043 1.9331 0.0079, -0.1713 1.8504 0.0079, -0.1043 1.8504 0.0079, -0.1725 1.8412 0.0079, -0.1031 1.8412 0.0079, -0.0996 1.8327 0.0079, 0.0981 1.9685 0.0079, 0.1775 1.9685 0.0079, 0.1043 1.9331 0.0079, 0.1713 1.9331 0.0079, 0.1043 1.8504 0.0079, 0.1713 1.8504 0.0079, 0.1031 1.8412 0.0079, 0.1725 1.8412 0.0079, 0.176 1.8327 0.0079, 1.2004 1.9685 0.0079, 1.2799 1.9685 0.0079, 1.2067 1.9331 0.0079, 1.2736 1.9331 0.0079, 1.2067 1.8504 0.0079, 1.2736 1.8504 0.0079, 1.2055 1.8412 0.0079, 1.2748 1.8412 0.0079, 1.2784 1.8327 0.0079, 0.5115 1.9685 0.0079, 0.5909 1.9685 0.0079, 0.5177 1.9331 0.0079, 0.5846 1.9331 0.0079, 0.5177 1.8504 0.0079, 0.5846 1.8504 0.0079, 0.5165 1.8412 0.0079, 0.5859 1.8412 0.0079, 0.5894 1.8327 0.0079, -0.4531 1.9685 0.0079, -0.3737 1.9685 0.0079, -0.4469 1.9331 0.0079, -0.3799 1.9331 0.0079, -0.4469 1.8504 0.0079, -0.3799 1.8504 0.0079, -0.4481 1.8412 0.0079, -0.3787 1.8412 0.0079, -0.3752 1.8327 0.0079, 0.7487 1.8162 0.0079, 0.6451 1.8253 0.0079, 1.3382 1.9685 0.0079, 1.4177 1.9685 0.0079, 1.3445 1.9331 0.0079, 1.4114 1.9331 0.0079, 1.3445 1.8504 0.0079, 1.4114 1.8504 0.0079, 1.3433 1.8412 0.0079, 1.4126 1.8412 0.0079, 1.4162 1.8327 0.0079, 0.6493 1.9685 0.0079, 0.7287 1.9685 0.0079, 0.6555 1.9331 0.0079, 0.7224 1.9331 0.0079, 0.6555 1.8504 0.0079, 0.7224 1.8504 0.0079, 0.6543 1.8412 0.0079, 0.7236 1.8412 0.0079, 0.7272 1.8327 0.0079, 1.476 1.9685 0.0079, 1.5555 1.9685 0.0079, 1.4823 1.9331 0.0079, 1.5492 1.9331 0.0079, 1.4823 1.8504 0.0079, 1.5492 1.8504 0.0079, 1.5504 1.8412 0.0079, 1.9685 -1.7516 0.0787, 1.9685 -1.6933 0.0787, 1.9685 -1.6138 0.0787, 1.9685 -1.5555 0.0787, 1.9685 -1.476 0.0787, 1.9685 -1.4177 0.0787, 1.9685 -1.3382 0.0787, 1.9685 -0.7287 0.0787, 1.9685 -1.2799 0.0787, 1.9685 -1.2004 0.0787, 1.9685 -1.1421 0.0787, 1.9685 -0.4531 0.0787, 1.9685 -1.0626 0.0787, 1.9685 -1.0043 0.0787, 1.9685 -0.6493 0.0787, 1.9685 -0.5909 0.0787, 1.9685 -0.9249 0.0787, 1.9685 -0.8665 0.0787, 1.9685 -0.7871 0.0787, 1.9685 -0.5115 0.0787, 1.9685 -0.3737 0.0787, 1.9685 -0.3153 0.0787, 1.9685 -0.2359 0.0787, 1.9685 -0.1775 0.0787, 1.9685 -0.0981 0.0787, 1.9685 -0.0397 0.0787, 1.9685 0.0397 0.0787, 1.9685 0.0981 0.0787, 1.9685 0.3737 0.0787, 1.9685 0.1775 0.0787, 1.9685 0.2359 0.0787, 1.9685 0.4531 0.0787, 1.9685 0.5115 0.0787, 1.9685 0.6493 0.0787, 1.9685 0.7287 0.0787, 1.9685 0.3153 0.0787, 1.9685 0.5909 0.0787, 1.9685 0.7871 0.0787, 1.9685 0.9249 0.0787, 1.9685 1.2799 0.0787, 1.9685 1.3382 0.0787, 1.9685 1.0043 0.0787, 1.9685 1.0626 0.0787, 1.9685 1.2004 0.0787, 1.9685 0.8665 0.0787, 1.9685 1.5555 0.0787, 1.9685 1.6138 0.0787, 1.9685 1.1421 0.0787, 1.9685 1.476 0.0787, 1.9685 1.4177 0.0787, 1.9685 1.7516 0.0787, 1.9685 1.6933 0.0787, -0.6493 1.9685 0.0787, 1.7516 1.9685 0.0787, 1.6933 1.9685 0.0787, 1.1421 1.9685 0.0787, 1.2004 1.9685 0.0787, 1.2799 1.9685 0.0787, 1.6138 1.9685 0.0787, 1.5555 1.9685 0.0787, 0.1775 1.9685 0.0787, -0.0981 1.9685 0.0787, 1.4177 1.9685 0.0787, 1.3382 1.9685 0.0787, 1.476 1.9685 0.0787, -0.1775 1.9685 0.0787, -0.2359 1.9685 0.0787, -0.7871 1.9685 0.0787, -0.8665 1.9685 0.0787, 0.7287 1.9685 0.0787, 0.0981 1.9685 0.0787, 0.0397 1.9685 0.0787, -0.9249 1.9685 0.0787, 1.0043 1.9685 0.0787, 0.6493 1.9685 0.0787, 0.5909 1.9685 0.0787, -0.0397 1.9685 0.0787, -0.3737 1.9685 0.0787, 0.9249 1.9685 0.0787, 0.8665 1.9685 0.0787, -0.4531 1.9685 0.0787, -0.5115 1.9685 0.0787, -1.0626 1.9685 0.0787, -1.1421 1.9685 0.0787, 1.0626 1.9685 0.0787, 0.7871 1.9685 0.0787, -0.3153 1.9685 0.0787, 0.4531 1.9685 0.0787, -0.7287 1.9685 0.0787, -0.5909 1.9685 0.0787, -1.2004 1.9685 0.0787, -1.2799 1.9685 0.0787, 0.3737 1.9685 0.0787, 0.3153 1.9685 0.0787, 0.5115 1.9685 0.0787, -1.0043 1.9685 0.0787, -1.3382 1.9685 0.0787, 0.2359 1.9685 0.0787, -1.4177 1.9685 0.0787, -1.476 1.9685 0.0787, -1.5555 1.9685 0.0787, -1.6138 1.9685 0.0787, -1.7516 1.9685 0.0787, -1.6933 1.9685 0.0787, -1.9685 1.7516 0.0787, -1.9685 1.6933 0.0787, -1.9685 1.6138 0.0787, -1.9685 1.5555 0.0787, -1.9685 1.476 0.0787, -1.9685 1.4177 0.0787, -1.9685 1.3382 0.0787, -1.9685 1.2799 0.0787, -1.9685 1.2004 0.0787, -1.9685 1.1421 0.0787, -1.9685 1.0626 0.0787, -1.9685 1.0043 0.0787, -1.9685 0.9249 0.0787, -1.9685 0.8665 0.0787, -1.9685 0.5909 0.0787, -1.9685 0.7871 0.0787, -1.9685 0.7287 0.0787, -1.9685 0.6493 0.0787, -1.9685 0.5115 0.0787, -1.9685 0.4531 0.0787, -1.9685 0.3737 0.0787, -1.9685 0.3153 0.0787, -1.9685 0.1775 0.0787, -1.9685 0.0981 0.0787, -1.9685 0.0397 0.0787, -1.9685 -0.3153 0.0787, -1.9685 -0.3737 0.0787, -1.9685 0.2359 0.0787, -1.9685 -0.2359 0.0787, -1.9685 -0.0397 0.0787, -1.9685 -0.0981 0.0787, -1.9685 -0.1775 0.0787, -1.9685 -0.5909 0.0787, -1.9685 -0.6493 0.0787, -1.9685 -0.5115 0.0787, -1.9685 -0.4531 0.0787, -1.9685 -0.8665 0.0787, -1.9685 -0.9249 0.0787, -1.9685 -0.7871 0.0787, -1.9685 -0.7287 0.0787, -1.9685 -1.1421 0.0787, -1.9685 -1.2004 0.0787, -1.9685 -1.0626 0.0787, -1.9685 -1.0043 0.0787, -1.9685 -1.2799 0.0787, -1.9685 -1.3382 0.0787, -1.9685 -1.4177 0.0787, -1.9685 -1.476 0.0787, -1.9685 -1.5555 0.0787, -1.9685 -1.7516 0.0787, -1.9685 -1.6138 0.0787, -1.9685 -1.6933 0.0787, -1.7516 -1.9685 0.0787, -1.6933 -1.9685 0.0787, -1.6138 -1.9685 0.0787, -1.5555 -1.9685 0.0787, -1.476 -1.9685 0.0787, -1.4177 -1.9685 0.0787, -1.3382 -1.9685 0.0787, 0.2359 -1.9685 0.0787, 0.3153 -1.9685 0.0787, -1.1421 -1.9685 0.0787, -1.2004 -1.9685 0.0787, -1.2799 -1.9685 0.0787, -1.0626 -1.9685 0.0787, 0.5115 -1.9685 0.0787, -1.0043 -1.9685 0.0787, -0.9249 -1.9685 0.0787, -0.8665 -1.9685 0.0787, 0.5909 -1.9685 0.0787, 0.6493 -1.9685 0.0787, 0.4531 -1.9685 0.0787, 0.3737 -1.9685 0.0787, -0.0397 -1.9685 0.0787, 0.8665 -1.9685 0.0787, 0.9249 -1.9685 0.0787, 0.7871 -1.9685 0.0787, -0.7871 -1.9685 0.0787, -0.7287 -1.9685 0.0787, 0.0397 -1.9685 0.0787, 0.0981 -1.9685 0.0787, 0.1775 -1.9685 0.0787, 0.7287 -1.9685 0.0787, -0.6493 -1.9685 0.0787, -0.5909 -1.9685 0.0787, 1.2004 -1.9685 0.0787, 1.0043 -1.9685 0.0787, 1.0626 -1.9685 0.0787, 1.2799 -1.9685 0.0787, 1.3382 -1.9685 0.0787, -0.5115 -1.9685 0.0787, -0.4531 -1.9685 0.0787, 1.1421 -1.9685 0.0787, -0.3737 -1.9685 0.0787, -0.3153 -1.9685 0.0787, 1.5555 -1.9685 0.0787, 1.6138 -1.9685 0.0787, 1.476 -1.9685 0.0787, -0.2359 -1.9685 0.0787, -0.1775 -1.9685 0.0787, 1.4177 -1.9685 0.0787, 1.7516 -1.9685 0.0787, 1.6933 -1.9685 0.0787, -0.0981 -1.9685 0.0787
            ]
        }
        coordIndex [
            0,1,2,-1,3,4,5,-1,6,7,8,-1,9,10,11,-1,12,13,14,-1,14,13,15,-1,16,17,14,-1,14,17,18,-1,14,18,19,-1,19,20,14,-1,14,20,21,-1,14,21,12,-1,22,23,24,-1,24,23,25,-1,24,25,26,-1,26,25,27,-1,10,28,11,-1,11,28,29,-1,11,29,30,-1,27,25,31,-1,31,25,11,-1,31,11,32,-1,32,11,30,-1,32,30,33,-1,33,30,34,-1,33,34,35,-1,36,37,38,-1,38,37,39,-1,38,39,40,-1,41,42,43,-1,42,44,43,-1,43,44,45,-1,43,45,46,-1,46,45,47,-1,47,48,46,-1,46,48,49,-1,46,49,36,-1,36,49,50,-1,36,50,37,-1,51,52,53,-1,51,53,54,-1,55,56,57,-1,57,56,58,-1,57,58,53,-1,53,58,59,-1,53,59,54,-1,60,61,62,-1,62,61,63,-1,62,63,64,-1,60,65,61,-1,61,65,66,-1,61,66,57,-1,57,66,67,-1,57,67,55,-1,68,69,70,-1,70,69,71,-1,71,72,70,-1,70,72,73,-1,70,73,64,-1,74,75,76,-1,77,78,79,-1,80,81,82,-1,83,84,85,-1,80,82,86,-1,83,85,87,-1,88,89,79,-1,79,89,90,-1,79,90,91,-1,76,75,85,-1,85,75,92,-1,85,92,87,-1,93,94,91,-1,91,94,95,-1,91,95,96,-1,81,97,82,-1,82,97,98,-1,82,98,99,-1,100,93,101,-1,101,93,102,-1,96,103,91,-1,91,103,104,-1,91,104,79,-1,79,104,105,-1,79,105,77,-1,106,107,108,-1,108,107,109,-1,108,109,82,-1,82,109,110,-1,82,110,86,-1,111,112,82,-1,82,112,113,-1,82,113,79,-1,79,113,114,-1,79,114,88,-1,115,116,68,-1,68,116,117,-1,68,117,118,-1,118,119,68,-1,68,119,120,-1,68,120,121,-1,121,120,106,-1,121,106,122,-1,122,106,108,-1,84,123,85,-1,85,123,124,-1,85,124,68,-1,68,124,125,-1,68,125,115,-1,99,126,82,-1,82,126,127,-1,82,127,128,-1,128,129,82,-1,82,129,130,-1,82,130,111,-1,131,132,91,-1,91,132,133,-1,91,133,93,-1,93,133,134,-1,93,134,102,-1,135,136,91,-1,91,136,137,-1,91,137,131,-1,138,139,90,-1,90,139,140,-1,90,140,91,-1,138,141,139,-1,139,141,142,-1,139,142,143,-1,144,145,146,-1,145,147,146,-1,146,147,148,-1,146,148,149,-1,150,146,151,-1,135,91,152,-1,152,91,140,-1,152,140,150,-1,150,140,153,-1,150,153,146,-1,146,153,154,-1,146,154,144,-1,151,155,150,-1,150,155,156,-1,150,156,157,-1,149,148,158,-1,158,148,159,-1,158,159,160,-1,160,159,161,-1,160,161,162,-1,163,164,157,-1,157,164,165,-1,157,165,150,-1,13,166,15,-1,15,166,167,-1,15,167,76,-1,76,167,168,-1,76,168,74,-1,169,170,171,-1,171,170,172,-1,171,172,173,-1,174,175,176,-1,176,175,177,-1,170,178,172,-1,172,178,179,-1,172,179,180,-1,180,179,181,-1,180,181,182,-1,182,181,183,-1,182,183,177,-1,177,183,184,-1,177,184,176,-1,185,186,187,-1,187,186,188,-1,189,190,191,-1,191,190,192,-1,191,193,189,-1,189,193,194,-1,189,194,195,-1,195,194,196,-1,195,196,197,-1,185,187,198,-1,198,187,194,-1,198,194,199,-1,199,194,193,-1,199,193,200,-1,193,201,200,-1,200,201,202,-1,200,202,203,-1,192,190,204,-1,204,190,205,-1,204,205,206,-1,207,205,208,-1,208,205,209,-1,196,210,197,-1,197,210,206,-1,197,206,8,-1,8,206,205,-1,8,205,211,-1,211,205,207,-1,6,8,212,-1,211,213,214,-1,215,216,211,-1,211,216,217,-1,214,218,211,-1,211,218,219,-1,211,219,8,-1,8,219,220,-1,8,220,212,-1,215,221,222,-1,217,223,211,-1,211,223,224,-1,211,224,225,-1,226,227,228,-1,228,227,229,-1,228,229,230,-1,222,231,215,-1,215,231,232,-1,215,232,216,-1,225,233,211,-1,211,233,234,-1,211,234,213,-1,221,215,228,-1,228,215,235,-1,228,235,226,-1,236,237,238,-1,238,237,239,-1,238,239,240,-1,237,241,239,-1,239,241,209,-1,239,209,242,-1,243,244,238,-1,238,244,245,-1,245,246,238,-1,238,246,247,-1,238,247,236,-1,248,249,250,-1,251,252,253,-1,253,252,254,-1,248,250,254,-1,255,256,257,-1,257,258,255,-1,255,258,259,-1,255,259,260,-1,256,255,261,-1,261,255,262,-1,261,262,263,-1,263,262,264,-1,264,262,265,-1,264,265,7,-1,266,267,182,-1,182,267,268,-1,180,269,270,-1,268,271,182,-1,182,271,272,-1,182,272,273,-1,274,275,276,-1,276,275,180,-1,276,180,277,-1,277,180,270,-1,273,278,182,-1,182,278,279,-1,182,279,180,-1,180,279,280,-1,180,280,269,-1,189,281,266,-1,266,281,282,-1,266,282,267,-1,274,283,275,-1,275,283,284,-1,275,284,195,-1,195,284,285,-1,195,285,189,-1,189,285,286,-1,189,286,281,-1,287,288,289,-1,290,291,292,-1,292,291,293,-1,287,289,294,-1,295,296,297,-1,262,298,299,-1,300,301,302,-1,290,303,291,-1,291,303,304,-1,291,304,305,-1,305,304,306,-1,307,308,306,-1,306,308,309,-1,306,309,305,-1,296,310,297,-1,297,310,311,-1,297,311,312,-1,313,314,289,-1,289,314,315,-1,289,315,294,-1,312,316,297,-1,297,316,317,-1,297,317,262,-1,262,317,293,-1,262,293,298,-1,298,293,291,-1,300,318,301,-1,301,318,319,-1,301,319,320,-1,320,319,321,-1,320,321,322,-1,299,323,262,-1,262,323,324,-1,262,324,325,-1,326,327,306,-1,306,327,328,-1,306,328,329,-1,330,331,332,-1,332,331,333,-1,332,333,334,-1,335,336,337,-1,337,336,338,-1,337,338,322,-1,322,338,339,-1,322,339,320,-1,329,340,306,-1,306,340,341,-1,306,341,307,-1,288,342,343,-1,343,342,344,-1,344,342,345,-1,344,345,346,-1,330,335,331,-1,331,335,337,-1,331,337,347,-1,347,337,348,-1,347,348,349,-1,349,348,350,-1,349,350,351,-1,351,350,352,-1,353,352,343,-1,343,352,350,-1,343,350,288,-1,288,350,348,-1,288,348,289,-1,354,355,5,-1,356,357,265,-1,358,359,5,-1,5,359,360,-1,325,300,262,-1,262,300,302,-1,262,302,265,-1,265,302,361,-1,265,361,356,-1,357,362,265,-1,265,362,363,-1,265,363,364,-1,364,363,365,-1,364,365,354,-1,366,367,355,-1,355,367,368,-1,355,368,5,-1,5,368,369,-1,5,369,358,-1,360,370,5,-1,5,370,371,-1,5,371,3,-1,372,373,374,-1,374,373,375,-1,374,375,376,-1,374,377,372,-1,372,377,378,-1,372,378,379,-1,379,380,372,-1,372,380,381,-1,372,381,382,-1,382,381,383,-1,382,383,384,-1,384,383,385,-1,384,385,355,-1,355,385,386,-1,355,386,366,-1,387,388,376,-1,376,388,389,-1,376,389,374,-1,390,391,334,-1,334,391,392,-1,334,392,332,-1,390,393,391,-1,391,393,394,-1,391,394,395,-1,395,394,396,-1,395,397,398,-1,396,399,395,-1,395,399,400,-1,395,400,401,-1,401,402,395,-1,395,402,403,-1,395,403,397,-1,398,404,395,-1,395,404,405,-1,395,405,406,-1,407,408,409,-1,410,411,412,-1,409,413,407,-1,407,413,414,-1,407,414,415,-1,415,414,410,-1,415,410,416,-1,416,410,412,-1,417,418,5,-1,354,5,364,-1,364,5,418,-1,364,418,413,-1,413,418,419,-1,413,419,414,-1,5,2,417,-1,417,2,420,-1,417,420,421,-1,1,422,2,-1,2,422,423,-1,2,423,420,-1,424,425,426,-1,353,343,4,-1,4,343,424,-1,4,424,5,-1,5,424,426,-1,5,426,2,-1,2,426,427,-1,2,427,428,-1,429,430,431,-1,431,430,432,-1,431,432,424,-1,424,432,433,-1,424,433,425,-1,428,434,2,-1,2,434,435,-1,2,435,0,-1,436,437,438,-1,436,438,439,-1,437,440,438,-1,438,440,441,-1,438,441,431,-1,431,441,442,-1,431,442,429,-1,443,444,445,-1,445,444,446,-1,447,448,449,-1,449,448,450,-1,449,450,451,-1,451,450,452,-1,451,452,453,-1,443,445,454,-1,454,445,450,-1,454,450,455,-1,455,450,448,-1,455,448,456,-1,448,457,456,-1,456,457,458,-1,456,458,459,-1,452,460,453,-1,453,460,461,-1,453,461,462,-1,462,461,463,-1,447,449,464,-1,464,449,465,-1,464,465,463,-1,463,465,409,-1,463,409,462,-1,462,409,408,-1,462,408,439,-1,466,240,467,-1,467,240,239,-1,467,239,468,-1,468,239,242,-1,468,242,469,-1,469,242,470,-1,469,470,471,-1,471,470,472,-1,471,472,473,-1,473,472,474,-1,473,474,475,-1,475,474,476,-1,475,476,477,-1,477,476,478,-1,477,478,479,-1,479,478,480,-1,479,480,481,-1,482,483,23,-1,23,483,484,-1,466,485,486,-1,487,488,489,-1,489,488,490,-1,490,491,489,-1,489,491,492,-1,489,492,466,-1,466,492,493,-1,466,493,485,-1,486,494,466,-1,466,494,495,-1,466,495,496,-1,497,498,25,-1,25,498,499,-1,25,499,500,-1,484,501,23,-1,23,501,502,-1,23,502,25,-1,25,502,503,-1,25,503,497,-1,500,504,25,-1,25,504,505,-1,25,505,489,-1,489,505,506,-1,489,506,487,-1,209,205,242,-1,242,205,190,-1,242,190,470,-1,470,190,189,-1,470,189,472,-1,472,189,266,-1,472,266,474,-1,474,266,182,-1,474,182,476,-1,476,182,177,-1,476,177,478,-1,478,177,175,-1,478,175,480,-1,496,482,466,-1,466,482,23,-1,466,23,240,-1,240,23,250,-1,240,250,238,-1,238,250,249,-1,238,249,243,-1,489,507,25,-1,25,507,508,-1,25,508,11,-1,11,508,38,-1,11,38,9,-1,9,38,40,-1,254,250,253,-1,253,250,509,-1,253,509,510,-1,15,511,14,-1,14,511,512,-1,14,512,513,-1,514,509,513,-1,513,509,250,-1,513,250,14,-1,14,250,23,-1,14,23,16,-1,16,23,22,-1,7,265,8,-1,8,265,364,-1,8,364,197,-1,197,364,413,-1,197,413,195,-1,195,413,409,-1,195,409,275,-1,275,409,465,-1,275,465,180,-1,180,465,449,-1,180,449,172,-1,510,511,253,-1,253,511,15,-1,253,15,515,-1,515,15,76,-1,516,517,451,-1,518,519,520,-1,520,519,521,-1,520,521,451,-1,451,521,522,-1,451,522,516,-1,516,522,523,-1,516,523,524,-1,525,517,526,-1,526,517,527,-1,526,527,528,-1,528,527,529,-1,525,530,517,-1,517,530,531,-1,517,531,532,-1,533,449,534,-1,534,449,451,-1,534,451,535,-1,535,451,517,-1,535,517,536,-1,536,517,532,-1,176,173,174,-1,174,173,172,-1,174,172,518,-1,518,172,449,-1,518,449,519,-1,519,449,527,-1,537,538,527,-1,527,538,539,-1,527,539,529,-1,533,540,449,-1,449,540,541,-1,449,541,527,-1,527,541,542,-1,527,542,537,-1,260,251,255,-1,255,251,253,-1,255,253,262,-1,262,253,515,-1,262,515,297,-1,297,515,543,-1,85,543,544,-1,544,543,545,-1,545,543,546,-1,546,543,515,-1,546,515,547,-1,85,544,76,-1,76,544,548,-1,76,548,515,-1,515,548,549,-1,515,549,547,-1,550,551,552,-1,552,551,546,-1,552,546,553,-1,553,546,547,-1,553,547,554,-1,554,547,555,-1,439,438,462,-1,462,438,556,-1,462,556,453,-1,453,556,557,-1,453,557,451,-1,451,557,558,-1,451,558,520,-1,68,70,85,-1,85,70,559,-1,85,559,543,-1,543,559,344,-1,543,344,297,-1,297,344,346,-1,297,346,295,-1,64,63,70,-1,70,63,560,-1,70,560,559,-1,559,560,561,-1,559,561,344,-1,344,561,562,-1,344,562,343,-1,343,562,563,-1,343,563,424,-1,424,563,564,-1,424,564,431,-1,431,564,565,-1,431,565,438,-1,438,565,566,-1,438,566,556,-1,556,566,567,-1,556,567,557,-1,557,567,568,-1,557,568,558,-1,52,41,53,-1,53,41,43,-1,53,43,57,-1,57,43,569,-1,57,569,61,-1,61,569,570,-1,571,572,573,-1,574,575,576,-1,577,578,579,-1,580,581,582,-1,582,583,580,-1,580,583,584,-1,580,584,585,-1,580,586,587,-1,588,579,572,-1,589,590,591,-1,591,590,592,-1,591,593,589,-1,589,593,594,-1,589,594,595,-1,595,594,596,-1,595,596,597,-1,598,588,599,-1,599,588,600,-1,600,601,599,-1,599,601,602,-1,599,602,603,-1,603,602,604,-1,603,604,605,-1,606,607,579,-1,608,609,610,-1,611,612,613,-1,576,575,614,-1,614,575,615,-1,614,615,616,-1,598,617,618,-1,619,620,621,-1,622,623,624,-1,625,571,576,-1,576,571,626,-1,576,626,574,-1,627,628,588,-1,621,620,629,-1,608,610,613,-1,613,610,630,-1,613,630,611,-1,631,632,633,-1,622,624,634,-1,634,624,635,-1,634,635,636,-1,637,638,581,-1,581,638,639,-1,581,639,640,-1,640,641,581,-1,581,641,642,-1,581,642,643,-1,643,642,644,-1,643,644,645,-1,627,588,646,-1,647,648,649,-1,649,648,650,-1,649,650,651,-1,651,650,652,-1,651,652,653,-1,653,652,654,-1,628,655,588,-1,588,655,656,-1,588,656,579,-1,578,657,579,-1,579,657,658,-1,579,658,659,-1,660,661,662,-1,663,581,664,-1,664,581,665,-1,663,666,581,-1,581,666,667,-1,581,667,582,-1,582,667,668,-1,669,670,643,-1,643,670,671,-1,643,671,573,-1,573,671,672,-1,573,672,673,-1,612,674,613,-1,613,674,573,-1,613,573,675,-1,675,573,673,-1,631,633,676,-1,676,633,677,-1,676,677,678,-1,679,643,680,-1,680,643,681,-1,682,683,684,-1,684,683,685,-1,684,685,686,-1,686,685,687,-1,686,687,688,-1,688,687,689,-1,688,689,625,-1,588,690,691,-1,692,693,694,-1,694,693,695,-1,694,695,696,-1,696,695,697,-1,696,697,698,-1,698,697,699,-1,698,699,598,-1,598,699,700,-1,598,700,617,-1,701,702,703,-1,703,702,704,-1,703,704,705,-1,705,704,706,-1,705,706,707,-1,707,706,708,-1,707,708,590,-1,590,708,709,-1,659,710,579,-1,579,710,711,-1,579,711,712,-1,713,579,620,-1,620,579,607,-1,620,607,629,-1,714,571,715,-1,715,571,573,-1,715,573,716,-1,716,573,674,-1,717,718,719,-1,719,718,720,-1,719,720,721,-1,721,720,722,-1,721,722,609,-1,609,722,723,-1,609,723,610,-1,724,725,726,-1,726,725,727,-1,726,727,728,-1,724,729,725,-1,725,729,730,-1,725,730,731,-1,732,645,733,-1,733,645,734,-1,733,734,735,-1,736,737,652,-1,652,737,738,-1,652,738,654,-1,739,740,712,-1,712,740,741,-1,712,741,579,-1,579,741,742,-1,579,742,606,-1,743,744,745,-1,745,744,746,-1,745,746,747,-1,748,749,750,-1,750,749,751,-1,750,751,752,-1,752,751,753,-1,752,753,754,-1,754,753,755,-1,754,755,712,-1,712,755,756,-1,712,756,739,-1,757,758,759,-1,759,758,760,-1,759,760,761,-1,678,762,676,-1,676,762,763,-1,676,763,764,-1,765,766,767,-1,767,766,768,-1,767,768,769,-1,769,768,770,-1,769,770,771,-1,772,773,774,-1,774,773,775,-1,774,775,776,-1,776,775,777,-1,776,777,623,-1,623,777,778,-1,623,778,624,-1,779,679,780,-1,780,679,781,-1,780,781,782,-1,783,784,643,-1,618,785,598,-1,598,785,786,-1,598,786,588,-1,588,786,787,-1,588,787,788,-1,789,790,791,-1,792,793,794,-1,794,793,795,-1,794,795,796,-1,796,795,797,-1,796,797,798,-1,799,800,801,-1,802,803,661,-1,661,803,804,-1,661,804,662,-1,805,806,581,-1,805,581,807,-1,668,808,582,-1,582,808,809,-1,582,809,810,-1,810,809,747,-1,810,747,811,-1,811,747,746,-1,714,812,571,-1,571,812,813,-1,571,813,814,-1,814,813,761,-1,814,761,815,-1,815,761,760,-1,581,816,634,-1,817,818,819,-1,819,818,820,-1,819,820,821,-1,821,820,822,-1,821,822,632,-1,632,822,823,-1,632,823,633,-1,732,824,645,-1,645,824,825,-1,645,825,643,-1,643,825,826,-1,643,826,681,-1,827,643,828,-1,828,643,829,-1,643,830,831,-1,690,588,832,-1,832,588,788,-1,832,788,833,-1,833,788,834,-1,833,834,835,-1,836,837,838,-1,838,837,839,-1,838,839,736,-1,736,839,840,-1,736,840,737,-1,841,842,843,-1,844,845,846,-1,847,848,579,-1,849,850,579,-1,579,850,851,-1,579,851,852,-1,853,579,854,-1,854,579,855,-1,802,807,803,-1,803,807,581,-1,803,581,856,-1,856,581,579,-1,856,579,857,-1,857,579,713,-1,806,858,859,-1,859,858,860,-1,859,860,861,-1,862,863,581,-1,581,863,864,-1,581,864,865,-1,581,866,867,-1,636,868,634,-1,634,868,869,-1,634,869,581,-1,581,869,870,-1,581,870,764,-1,871,770,872,-1,871,873,770,-1,770,873,874,-1,770,874,771,-1,875,876,877,-1,877,876,878,-1,877,878,879,-1,879,878,880,-1,879,880,728,-1,728,880,881,-1,728,881,726,-1,882,883,884,-1,884,883,885,-1,884,885,886,-1,886,885,887,-1,886,887,735,-1,735,887,888,-1,735,888,733,-1,779,889,679,-1,679,889,890,-1,679,890,643,-1,643,890,891,-1,643,891,829,-1,892,893,894,-1,894,893,895,-1,894,895,896,-1,897,898,899,-1,900,901,902,-1,902,901,903,-1,902,903,904,-1,905,643,906,-1,906,643,907,-1,689,908,625,-1,625,908,909,-1,625,909,571,-1,571,909,910,-1,571,910,911,-1,912,913,572,-1,912,572,914,-1,913,915,916,-1,916,915,917,-1,916,917,918,-1,919,572,920,-1,920,572,921,-1,919,922,572,-1,572,922,923,-1,572,923,588,-1,588,923,924,-1,925,926,927,-1,927,926,928,-1,927,928,929,-1,929,928,930,-1,929,930,931,-1,931,930,796,-1,931,796,932,-1,932,796,798,-1,933,934,935,-1,936,937,938,-1,939,940,852,-1,852,940,941,-1,852,941,579,-1,579,941,942,-1,579,942,943,-1,799,801,944,-1,944,801,945,-1,944,945,946,-1,947,948,949,-1,949,948,950,-1,949,950,951,-1,951,950,952,-1,951,952,953,-1,953,952,954,-1,953,954,621,-1,621,954,955,-1,621,955,619,-1,956,957,958,-1,958,957,959,-1,866,581,960,-1,960,581,865,-1,960,865,957,-1,957,865,961,-1,957,961,959,-1,867,962,581,-1,581,962,963,-1,581,963,816,-1,764,763,581,-1,581,763,964,-1,581,964,965,-1,966,967,968,-1,968,967,969,-1,968,969,970,-1,970,969,971,-1,970,971,782,-1,782,971,972,-1,782,972,780,-1,973,974,975,-1,827,976,643,-1,643,976,977,-1,643,977,978,-1,892,894,978,-1,978,894,979,-1,978,979,980,-1,981,982,643,-1,643,982,983,-1,643,983,984,-1,985,986,987,-1,987,986,988,-1,900,989,901,-1,901,989,990,-1,901,990,643,-1,643,990,991,-1,643,991,907,-1,992,643,993,-1,993,643,994,-1,995,643,996,-1,996,643,997,-1,998,999,1000,-1,1000,999,1001,-1,1000,1001,1002,-1,1002,1001,914,-1,1002,914,1003,-1,1003,914,572,-1,1003,572,1004,-1,1004,572,571,-1,1004,571,1005,-1,1005,571,911,-1,1006,1007,1008,-1,1008,1007,1009,-1,1008,1009,1010,-1,1010,1009,1011,-1,1010,1011,1012,-1,1012,1011,833,-1,1012,833,1013,-1,1013,833,835,-1,1014,1015,1016,-1,1016,1015,1017,-1,1016,1017,1018,-1,1018,1017,1019,-1,1018,1019,1020,-1,1020,1019,791,-1,1020,791,1021,-1,1021,791,790,-1,691,1022,588,-1,588,1022,1023,-1,588,1023,1024,-1,789,791,1025,-1,1025,791,646,-1,1025,646,1026,-1,1026,646,588,-1,1026,588,649,-1,649,588,1024,-1,649,1024,647,-1,841,843,1027,-1,1027,843,1028,-1,1027,1028,1029,-1,1030,1031,1032,-1,1032,1031,1033,-1,1032,1033,1034,-1,844,846,1035,-1,1035,846,1036,-1,1035,1036,1037,-1,1038,1039,579,-1,579,1039,1040,-1,579,1040,847,-1,936,938,1041,-1,1041,938,1042,-1,1041,1042,1043,-1,1044,579,1045,-1,1045,579,1046,-1,1047,1048,1049,-1,1049,1048,1044,-1,1050,1051,579,-1,579,1051,1052,-1,579,1052,855,-1,709,577,590,-1,590,577,579,-1,590,579,592,-1,592,579,853,-1,592,853,1053,-1,859,1054,806,-1,806,1054,1055,-1,806,1055,581,-1,581,1055,1056,-1,581,1056,1057,-1,1057,1058,1059,-1,1059,1058,1060,-1,1059,1060,1061,-1,587,1062,580,-1,580,1062,1063,-1,580,1063,581,-1,581,1063,1064,-1,581,1064,862,-1,1065,1066,1067,-1,1067,1066,1068,-1,1067,1068,872,-1,872,1068,1069,-1,872,1069,871,-1,827,1070,976,-1,976,1070,975,-1,976,975,1071,-1,1071,975,974,-1,1072,1073,1074,-1,1074,1073,1075,-1,1074,1075,1076,-1,1072,1074,899,-1,899,1074,1077,-1,899,1077,897,-1,980,1078,978,-1,978,1078,1079,-1,978,1079,643,-1,643,1079,899,-1,643,899,981,-1,981,899,898,-1,1080,1081,643,-1,643,1081,1082,-1,643,1082,901,-1,1083,905,1084,-1,1084,905,1085,-1,1084,1085,1086,-1,643,1087,1088,-1,643,1089,669,-1,669,1089,1090,-1,669,1090,1091,-1,1091,1090,1092,-1,1091,1092,1093,-1,916,1094,913,-1,913,1094,1095,-1,913,1095,572,-1,572,1095,1096,-1,572,1096,1097,-1,1097,1098,1099,-1,1099,1098,1100,-1,1099,1100,1101,-1,1102,1103,1104,-1,1104,1103,1105,-1,1104,1105,1106,-1,1107,1108,1109,-1,1109,1108,1110,-1,1109,1110,1111,-1,1111,1110,1112,-1,1111,1112,1113,-1,1113,1112,1114,-1,1113,1114,1000,-1,1000,1114,1115,-1,1000,1115,998,-1,1116,1117,579,-1,579,1117,1118,-1,579,1118,1119,-1,1120,1121,579,-1,579,1121,1122,-1,579,1122,1123,-1,1124,1125,1034,-1,1034,1125,1126,-1,1034,1126,1032,-1,933,935,1127,-1,1127,935,1128,-1,1127,1128,1129,-1,1130,1131,1132,-1,1132,1131,1133,-1,1132,1133,1134,-1,1130,1135,1131,-1,1131,1135,1136,-1,1131,1136,579,-1,579,1136,1137,-1,1137,1138,579,-1,579,1138,1139,-1,579,1139,1140,-1,936,1141,937,-1,937,1141,1142,-1,937,1142,1143,-1,1144,1145,1146,-1,1146,1145,1147,-1,1146,1147,1148,-1,1148,1147,1149,-1,1148,1149,1150,-1,1150,1149,1151,-1,1150,1151,852,-1,852,1151,1152,-1,852,1152,939,-1,1153,1154,1155,-1,1155,1154,1156,-1,1155,1156,1157,-1,1157,1156,1158,-1,1157,1158,1159,-1,1159,1158,944,-1,1159,944,1160,-1,1160,944,946,-1,943,1161,579,-1,579,1161,1162,-1,579,1162,1163,-1,1164,1165,1166,-1,1166,1165,1167,-1,1166,1167,1168,-1,1169,1170,1171,-1,1171,1170,1172,-1,1171,1172,1173,-1,1173,1172,1174,-1,1173,1174,1175,-1,1175,1174,1176,-1,1175,1176,662,-1,662,1176,1177,-1,662,1177,660,-1,1178,1179,1180,-1,1180,1179,1181,-1,1180,1181,1182,-1,1182,1181,1183,-1,1182,1183,956,-1,956,1183,1184,-1,956,1184,957,-1,1185,1186,1187,-1,1187,1186,1188,-1,1189,1190,1191,-1,1191,1190,1192,-1,1193,1194,1190,-1,1190,1194,1195,-1,1190,1195,1192,-1,1193,1196,1194,-1,1194,1196,1197,-1,1194,1197,643,-1,643,1197,1198,-1,643,1198,830,-1,985,987,1199,-1,1199,987,1200,-1,1199,1200,1201,-1,1201,1200,1202,-1,1201,1202,1203,-1,1204,1205,1206,-1,1206,1205,1207,-1,1206,1207,1208,-1,1208,1207,1209,-1,1208,1209,904,-1,904,1209,1210,-1,904,1210,902,-1,1083,1211,905,-1,905,1211,1212,-1,905,1212,643,-1,643,1212,1213,-1,643,1213,994,-1,992,1214,1215,-1,1216,1217,643,-1,643,1217,1218,-1,1087,643,1219,-1,1219,643,995,-1,1219,995,1220,-1,1220,995,1221,-1,1220,1221,1222,-1,1088,1223,643,-1,643,1223,1224,-1,643,1224,783,-1,1225,1226,1227,-1,1227,1226,784,-1,643,1228,1229,-1,924,1230,588,-1,588,1230,1231,-1,588,1231,1232,-1,1232,1231,1106,-1,1232,1106,1233,-1,1233,1106,1105,-1,1234,1235,1236,-1,1236,1235,1237,-1,1236,1237,1238,-1,1238,1237,1239,-1,1238,1239,1240,-1,1240,1239,1027,-1,1240,1027,1241,-1,1241,1027,1029,-1,1242,1243,1244,-1,1244,1243,1245,-1,1244,1245,1246,-1,1246,1245,1116,-1,1246,1116,1247,-1,1247,1116,579,-1,1247,579,1248,-1,1248,579,656,-1,841,1249,842,-1,842,1249,1250,-1,842,1250,1251,-1,1252,1253,1254,-1,1254,1253,1255,-1,1254,1255,1256,-1,1256,1255,1257,-1,1036,1258,1037,-1,1037,1258,1259,-1,1037,1259,1260,-1,1261,1262,1263,-1,1264,1265,1266,-1,1266,1265,1267,-1,1266,1267,1268,-1,1059,1269,1057,-1,1057,1269,1270,-1,1057,1270,581,-1,581,1270,1271,-1,581,1271,1272,-1,1273,1274,1275,-1,1275,1274,1276,-1,1277,1278,1279,-1,1279,1278,1280,-1,1279,1280,1281,-1,1281,1280,1282,-1,1281,1282,1283,-1,1283,1282,1284,-1,1283,1284,1063,-1,1063,1284,1285,-1,1063,1285,1064,-1,765,767,1286,-1,1286,767,581,-1,1286,581,731,-1,731,581,965,-1,731,965,725,-1,767,1287,581,-1,581,1287,1188,-1,581,1188,637,-1,637,1188,1186,-1,1288,1289,1290,-1,1290,1289,1291,-1,1290,1291,1292,-1,1292,1291,1293,-1,1292,1293,896,-1,896,1293,1294,-1,896,1294,894,-1,1295,984,1296,-1,1296,984,1297,-1,1296,1297,1298,-1,1295,1299,984,-1,984,1299,1300,-1,984,1300,643,-1,643,1300,1301,-1,643,1301,1194,-1,1215,1302,992,-1,992,1302,1303,-1,992,1303,643,-1,643,1303,1304,-1,643,1304,1216,-1,1305,1306,1307,-1,784,1226,643,-1,643,1226,1308,-1,643,1308,1228,-1,1229,1309,643,-1,643,1309,1310,-1,643,1310,1089,-1,1099,1311,1097,-1,1097,1311,1312,-1,1097,1312,572,-1,572,1312,1313,-1,572,1313,1314,-1,1314,1315,1316,-1,1316,1315,1317,-1,1316,1317,1318,-1,1319,1320,1321,-1,1321,1320,1322,-1,1323,1324,1325,-1,1325,1324,1326,-1,1325,1326,1327,-1,1327,1326,1328,-1,1327,1328,1329,-1,1329,1328,1124,-1,1329,1124,1330,-1,1330,1124,1034,-1,1331,1332,579,-1,579,1332,1127,-1,579,1127,1030,-1,1030,1127,1129,-1,1032,1333,1030,-1,1030,1333,1334,-1,1030,1334,579,-1,579,1334,1335,-1,579,1335,1131,-1,1336,1337,1338,-1,1338,1337,1339,-1,1338,1339,1340,-1,1340,1339,1341,-1,1340,1341,1342,-1,1342,1341,846,-1,1342,846,1343,-1,1343,846,845,-1,1344,1345,1346,-1,1346,1345,1347,-1,1346,1347,1348,-1,1348,1347,1349,-1,1348,1349,1350,-1,1350,1349,1351,-1,1350,1351,1134,-1,1134,1351,1352,-1,1134,1352,1132,-1,1353,1354,579,-1,799,1050,800,-1,800,1050,579,-1,800,579,1355,-1,1355,579,1163,-1,1355,1163,1356,-1,1356,1163,1166,-1,1356,1166,1357,-1,1357,1166,1168,-1,1358,1359,1360,-1,1360,1359,1361,-1,1360,1361,1164,-1,1164,1361,1362,-1,1164,1362,1165,-1,1053,1363,592,-1,592,1363,1364,-1,592,1364,1365,-1,1365,1364,1268,-1,1365,1268,1366,-1,1366,1268,1267,-1,1367,1368,1369,-1,1369,1368,1370,-1,1369,1370,1371,-1,1371,1370,1372,-1,1371,1372,1373,-1,1373,1372,1374,-1,1373,1374,860,-1,860,1374,1375,-1,860,1375,861,-1,1273,1376,1274,-1,1274,1376,1377,-1,1274,1377,1378,-1,1379,1380,1381,-1,1381,1380,1382,-1,1381,1382,1383,-1,1383,1382,1384,-1,1383,1384,975,-1,975,1384,1385,-1,975,1385,973,-1,1386,1387,1388,-1,1388,1387,1389,-1,1388,1389,1390,-1,1390,1389,1391,-1,1390,1391,1076,-1,1076,1391,1392,-1,1076,1392,1074,-1,1393,1394,1395,-1,1395,1394,1396,-1,1395,1396,1397,-1,1397,1396,1398,-1,1397,1398,1086,-1,1086,1398,1399,-1,1086,1399,1084,-1,1218,1400,643,-1,643,1400,1401,-1,643,1401,1305,-1,1402,1403,1404,-1,1404,1403,1405,-1,1404,1405,1406,-1,1406,1405,1407,-1,1406,1407,1222,-1,1222,1407,1408,-1,1222,1408,1220,-1,1409,1410,1411,-1,1411,1410,1412,-1,1411,1412,1413,-1,1413,1412,1414,-1,1413,1414,1093,-1,1093,1414,1415,-1,1093,1415,1091,-1,1416,1417,1418,-1,1418,1417,1419,-1,1418,1419,1420,-1,1420,1419,1421,-1,1420,1421,1422,-1,1422,1421,1423,-1,1422,1423,917,-1,917,1423,1424,-1,917,1424,918,-1,1425,1426,1427,-1,1427,1426,1428,-1,1427,1428,1429,-1,1429,1428,1430,-1,1429,1430,1431,-1,1431,1430,1432,-1,1431,1432,1244,-1,1244,1432,1433,-1,1244,1433,1242,-1,1322,1320,1434,-1,1434,1320,1435,-1,1434,1435,1436,-1,1436,1435,1437,-1,1436,1437,1438,-1,1439,1440,1441,-1,1441,1440,1442,-1,1441,1442,1443,-1,1443,1442,1444,-1,1445,1446,1255,-1,1255,1446,1447,-1,1255,1447,1257,-1,1448,1449,1450,-1,1450,1449,1451,-1,1450,1451,1452,-1,1452,1451,1453,-1,1452,1453,1454,-1,1454,1453,1455,-1,1454,1455,934,-1,934,1455,1456,-1,934,1456,935,-1,1457,1458,1459,-1,1459,1458,1460,-1,1459,1460,1461,-1,1462,1463,1464,-1,1464,1463,1465,-1,1464,1465,1466,-1,1466,1465,1467,-1,1466,1467,1468,-1,1468,1467,1041,-1,1468,1041,1469,-1,1469,1041,1043,-1,1470,1471,1472,-1,1472,1471,1473,-1,1472,1473,848,-1,848,1473,1474,-1,848,1474,579,-1,579,1474,937,-1,579,937,1046,-1,1046,937,1143,-1,1475,1476,1472,-1,1472,1476,1477,-1,1472,1477,1470,-1,1478,1479,1480,-1,1480,1479,1481,-1,1480,1481,1482,-1,1482,1481,1483,-1,1482,1483,1484,-1,1484,1483,1485,-1,1484,1485,1047,-1,1047,1485,1486,-1,1047,1486,1048,-1,1048,1487,1044,-1,1044,1487,1488,-1,1044,1488,579,-1,579,1488,1489,-1,579,1489,1353,-1,1490,1491,1492,-1,1493,579,1494,-1,1494,579,1495,-1,1496,1497,1498,-1,1499,1500,1501,-1,1501,1500,1502,-1,1501,1502,1503,-1,1504,1505,1506,-1,1506,1505,1507,-1,1506,1507,1508,-1,1508,1507,1509,-1,1508,1509,1510,-1,1510,1509,1186,-1,1510,1186,1511,-1,1511,1186,1185,-1,1512,1513,1514,-1,1514,1513,1515,-1,1514,1515,1516,-1,1516,1515,1517,-1,1516,1517,1298,-1,1298,1517,1518,-1,1298,1518,1296,-1,1519,1520,1521,-1,1521,1520,1522,-1,1521,1522,1523,-1,1523,1522,1524,-1,1523,1524,1189,-1,1189,1524,1525,-1,1189,1525,1190,-1,1526,1527,1528,-1,1528,1527,1529,-1,1528,1529,1530,-1,1530,1529,1531,-1,1530,1531,1532,-1,1532,1531,1201,-1,1532,1201,1533,-1,1533,1201,1203,-1,992,1534,1214,-1,1214,1534,1535,-1,1214,1535,1536,-1,1536,1535,1537,-1,1536,1537,1538,-1,1538,1537,1539,-1,1538,1539,1540,-1,1540,1539,1541,-1,1307,1542,1305,-1,1305,1542,1543,-1,1305,1543,643,-1,643,1543,1544,-1,643,1544,997,-1,1545,1546,1547,-1,1547,1546,1548,-1,1547,1548,1549,-1,1549,1548,1550,-1,1549,1550,1305,-1,1305,1550,1551,-1,1305,1551,1306,-1,1552,1553,1554,-1,1554,1553,1555,-1,1554,1555,1556,-1,1556,1555,1557,-1,1556,1557,1225,-1,1225,1557,1558,-1,1225,1558,1226,-1,1316,1559,1314,-1,1314,1559,1560,-1,1314,1560,572,-1,572,1560,1561,-1,572,1561,1562,-1,1562,1563,1564,-1,1564,1563,1565,-1,1564,1565,1566,-1,1567,1568,1442,-1,1442,1568,1569,-1,1442,1569,1444,-1,1461,1570,1459,-1,1459,1570,1571,-1,1459,1571,1140,-1,1140,1571,1572,-1,1140,1572,579,-1,579,1572,1037,-1,579,1037,1038,-1,1038,1037,1260,-1,1573,1574,1575,-1,1575,1574,1576,-1,1575,1576,1577,-1,1577,1576,1578,-1,1577,1578,1579,-1,1579,1578,1263,-1,1579,1263,1580,-1,1580,1263,1262,-1,1261,1263,1581,-1,1581,1263,1582,-1,1581,1582,1492,-1,1492,1582,1583,-1,1492,1583,1490,-1,1493,1584,579,-1,579,1584,1585,-1,579,1585,1586,-1,1587,1588,1586,-1,1586,1588,1589,-1,1586,1589,1590,-1,1591,1592,1593,-1,1593,1592,1594,-1,1593,1594,1595,-1,1595,1594,1596,-1,1595,1596,1597,-1,1597,1596,1598,-1,1597,1598,1060,-1,1060,1598,1599,-1,1060,1599,1061,-1,1272,1600,1601,-1,1601,1600,1602,-1,1601,1602,1603,-1,1498,1497,1604,-1,1605,581,1606,-1,1607,1608,581,-1,581,1608,1609,-1,581,1609,1610,-1,831,1611,643,-1,643,1611,1612,-1,643,1612,1613,-1,1613,1612,1614,-1,1613,1614,1615,-1,1615,1614,1616,-1,1613,1617,643,-1,643,1617,987,-1,643,987,1080,-1,1080,987,988,-1,1618,1619,1614,-1,1614,1619,1620,-1,1614,1620,1616,-1,1621,1622,1623,-1,1623,1622,1624,-1,1623,1624,1625,-1,1625,1624,1626,-1,1625,1626,1627,-1,1627,1626,1628,-1,1627,1628,1100,-1,1100,1628,1629,-1,1100,1629,1101,-1,1630,1631,1632,-1,1632,1631,1633,-1,1632,1633,1634,-1,1634,1633,1635,-1,1634,1635,1636,-1,1636,1635,1436,-1,1636,1436,1637,-1,1637,1436,1438,-1,1251,1331,842,-1,842,1331,579,-1,842,579,1252,-1,1252,579,1123,-1,1252,1123,1253,-1,1638,1639,1640,-1,1640,1639,1641,-1,1640,1641,1445,-1,1445,1641,1642,-1,1445,1642,1446,-1,1643,1644,1645,-1,1645,1644,1646,-1,1645,1646,1457,-1,1457,1646,1647,-1,1457,1647,1458,-1,1648,1649,1650,-1,1650,1649,1651,-1,1650,1651,1475,-1,1475,1651,1652,-1,1475,1652,1476,-1,1590,1653,1586,-1,1586,1653,1654,-1,1586,1654,579,-1,579,1654,1655,-1,579,1655,793,-1,792,1656,793,-1,793,1656,1657,-1,793,1657,579,-1,579,1657,1658,-1,579,1658,849,-1,1659,1660,1661,-1,1662,1663,1664,-1,1610,1665,1666,-1,1666,1665,1667,-1,1666,1667,1668,-1,1669,1670,1671,-1,1564,1672,1562,-1,1562,1672,1673,-1,1562,1673,572,-1,572,1673,1674,-1,572,1674,1675,-1,1676,1677,1678,-1,1678,1677,1679,-1,1319,1120,1320,-1,1320,1120,579,-1,1320,579,1439,-1,1439,579,1119,-1,1439,1119,1440,-1,1680,1681,1682,-1,1682,1681,1683,-1,1682,1683,1567,-1,1567,1683,1684,-1,1567,1684,1568,-1,1685,1686,1687,-1,1687,1686,1688,-1,1687,1688,1587,-1,1587,1688,1689,-1,1587,1689,1588,-1,1601,1690,1272,-1,1272,1690,1691,-1,1272,1691,581,-1,581,1691,1692,-1,581,1692,1693,-1,1693,1694,1695,-1,1695,1694,1696,-1,1695,1696,1697,-1,1604,1497,1606,-1,1606,1497,1698,-1,1606,1698,1605,-1,1699,1700,1701,-1,1701,1700,1702,-1,1703,1704,1705,-1,1706,1707,1708,-1,1671,1670,1709,-1,1710,1711,1712,-1,1712,1711,1713,-1,1712,1713,1618,-1,1618,1713,1714,-1,1618,1714,1619,-1,1715,1716,1717,-1,1717,1716,1718,-1,1717,1718,1719,-1,1719,1718,1720,-1,1719,1720,1721,-1,1721,1720,1722,-1,1721,1722,1317,-1,1317,1722,1723,-1,1317,1723,1318,-1,1676,1724,1677,-1,1677,1724,1725,-1,1677,1725,1726,-1,1727,1728,1729,-1,1729,1728,1730,-1,1729,1730,1731,-1,1731,1730,1732,-1,1731,1732,1733,-1,1733,1732,1734,-1,1733,1734,1377,-1,1377,1734,1735,-1,1377,1735,1378,-1,1699,1736,1700,-1,1700,1736,1737,-1,1700,1737,1738,-1,1739,581,1740,-1,1740,581,1741,-1,1742,1743,1744,-1,1610,1666,581,-1,581,1666,1745,-1,581,1745,1746,-1,1746,1747,581,-1,581,1747,1748,-1,581,1748,1709,-1,1749,1750,1751,-1,1752,1753,1754,-1,1755,1756,1757,-1,1757,1756,1758,-1,1757,1758,1759,-1,1354,1760,579,-1,579,1760,1761,-1,579,1761,1762,-1,1762,1761,1763,-1,1762,1763,1764,-1,1764,1763,1765,-1,1762,1766,579,-1,579,1766,1492,-1,579,1492,1495,-1,1495,1492,1491,-1,1767,1768,1763,-1,1763,1768,1769,-1,1763,1769,1765,-1,1695,1770,1693,-1,1693,1770,1771,-1,1693,1771,581,-1,581,1771,1772,-1,581,1772,1773,-1,1773,1774,1775,-1,1775,1774,1776,-1,1775,1776,1777,-1,1778,1779,1704,-1,1704,1779,1780,-1,1704,1780,1705,-1,1781,581,1782,-1,1782,581,1783,-1,1741,581,1784,-1,1784,581,1781,-1,1784,1781,1660,-1,1660,1781,1785,-1,1660,1785,1661,-1,1786,581,1787,-1,1787,581,1788,-1,1789,1790,1791,-1,1791,1790,1792,-1,1791,1792,1793,-1,1793,1792,1794,-1,1793,1794,1795,-1,1795,1794,1796,-1,1795,1796,1502,-1,1502,1796,1797,-1,1502,1797,1503,-1,1709,1670,581,-1,581,1670,1798,-1,581,1798,1799,-1,1751,1750,1800,-1,1801,1802,1803,-1,1803,1802,1804,-1,1803,1804,1805,-1,1805,1804,1806,-1,1805,1806,1807,-1,1807,1806,1808,-1,1807,1808,1565,-1,1565,1808,1809,-1,1565,1809,1566,-1,1675,1810,1811,-1,1811,1810,1812,-1,1811,1812,1813,-1,1754,1753,1814,-1,1815,572,1816,-1,1817,1818,572,-1,572,1818,1819,-1,572,1819,1820,-1,1821,1822,1823,-1,1823,1822,1824,-1,1823,1824,1825,-1,1825,1824,1826,-1,1825,1826,1827,-1,1827,1826,1828,-1,1827,1828,1602,-1,1602,1828,1829,-1,1602,1829,1603,-1,1830,1831,1832,-1,1832,1831,1833,-1,1832,1833,1834,-1,1834,1833,1835,-1,1834,1835,1836,-1,1836,1835,1837,-1,1836,1837,1498,-1,1498,1837,1838,-1,1498,1838,1496,-1,1783,581,1839,-1,1839,581,1840,-1,1839,1840,1707,-1,1707,1840,1841,-1,1707,1841,1708,-1,1788,581,1842,-1,1842,581,1739,-1,1842,1739,1663,-1,1663,1739,1843,-1,1663,1843,1664,-1,1844,1845,1846,-1,1799,1847,581,-1,581,1847,1848,-1,581,1848,1800,-1,1849,1850,1851,-1,1852,1853,1854,-1,1820,1855,1856,-1,1856,1855,1857,-1,1856,1857,1858,-1,1859,1860,1861,-1,1862,1863,1864,-1,1864,1863,1865,-1,1864,1865,1767,-1,1767,1865,1866,-1,1767,1866,1768,-1,1867,1868,1869,-1,1869,1868,1870,-1,1869,1870,1871,-1,1871,1870,1872,-1,1871,1872,1873,-1,1873,1872,1874,-1,1873,1874,1696,-1,1696,1874,1875,-1,1696,1875,1697,-1,1775,1876,1773,-1,1773,1876,1877,-1,1773,1877,581,-1,581,1877,1878,-1,581,1878,1879,-1,1879,1880,1881,-1,1881,1880,1882,-1,1881,1882,1883,-1,1884,581,1885,-1,1885,581,1886,-1,1887,1888,581,-1,1889,1890,1891,-1,1891,1890,1892,-1,1891,1892,1893,-1,1893,1892,1894,-1,1893,1894,1895,-1,1895,1894,1896,-1,1895,1896,1667,-1,1667,1896,1897,-1,1667,1897,1668,-1,1800,1750,581,-1,581,1750,1898,-1,581,1898,1899,-1,1899,1900,581,-1,581,1900,1901,-1,581,1901,665,-1,1811,1902,1675,-1,1675,1902,1903,-1,1675,1903,572,-1,572,1903,1904,-1,572,1904,1905,-1,1905,1906,1907,-1,1907,1906,1908,-1,1907,1908,1909,-1,1814,1753,1816,-1,1816,1753,1910,-1,1816,1910,1815,-1,1911,1912,1913,-1,1913,1912,1914,-1,1915,1916,1917,-1,1918,1919,1920,-1,1861,1860,1921,-1,1881,1922,1879,-1,1879,1922,1923,-1,1879,1923,581,-1,581,1923,1924,-1,581,1924,1606,-1,1925,1926,1927,-1,1927,1926,1928,-1,1927,1928,1929,-1,1929,1928,1930,-1,1929,1930,1931,-1,1931,1930,1932,-1,1931,1932,1737,-1,1737,1932,1933,-1,1737,1933,1738,-1,1605,1934,581,-1,581,1934,1779,-1,581,1779,1702,-1,1702,1779,1778,-1,1700,1935,1702,-1,1702,1935,1936,-1,1702,1936,581,-1,581,1936,1937,-1,581,1937,1840,-1,1938,1939,1940,-1,1940,1939,1941,-1,1940,1941,1942,-1,1942,1941,1943,-1,1942,1943,1944,-1,1944,1943,1945,-1,1944,1945,1661,-1,1661,1945,1946,-1,1661,1946,1659,-1,1947,1948,1949,-1,1949,1948,1950,-1,1949,1950,1951,-1,1951,1950,1952,-1,1951,1952,1953,-1,1953,1952,1954,-1,1953,1954,1664,-1,1664,1954,1955,-1,1664,1955,1662,-1,1886,581,1956,-1,1956,581,1786,-1,1956,1786,1743,-1,1743,1786,1957,-1,1743,1957,1744,-1,1501,1607,1499,-1,1499,1607,581,-1,1499,581,1958,-1,1958,581,1888,-1,1959,1960,1961,-1,1901,1962,665,-1,665,1962,1960,-1,665,1960,1963,-1,1963,1960,1959,-1,1964,1965,1966,-1,1966,1965,1967,-1,1966,1967,1968,-1,1968,1967,1969,-1,1968,1969,1970,-1,1970,1969,1971,-1,1970,1971,1725,-1,1725,1971,1972,-1,1725,1972,1726,-1,1911,1973,1912,-1,1912,1973,1974,-1,1912,1974,1975,-1,1976,572,1977,-1,1977,572,1978,-1,1979,1980,1981,-1,1820,1856,572,-1,572,1856,1982,-1,572,1982,1983,-1,1983,1984,572,-1,572,1984,1985,-1,572,1985,1921,-1,1986,1987,1988,-1,1989,1990,1991,-1,1991,1990,1992,-1,1991,1992,1993,-1,1993,1992,1994,-1,1993,1994,1995,-1,1995,1994,1996,-1,1995,1996,1776,-1,1776,1996,1997,-1,1776,1997,1777,-1,1998,1999,2000,-1,2000,1999,2001,-1,2000,2001,2002,-1,2002,2001,2003,-1,2002,2003,2004,-1,2004,2003,2005,-1,2004,2005,1705,-1,1705,2005,2006,-1,1705,2006,1703,-1,2007,2008,2009,-1,2009,2008,2010,-1,2009,2010,2011,-1,2011,2010,2012,-1,2011,2012,2013,-1,2013,2012,2014,-1,2013,2014,1708,-1,1708,2014,2015,-1,1708,2015,1706,-1,2016,2017,2018,-1,2018,2017,2019,-1,2018,2019,2020,-1,2020,2019,2021,-1,2020,2021,2022,-1,2022,2021,2023,-1,2022,2023,1671,-1,1671,2023,2024,-1,1671,2024,1669,-1,1907,2025,1905,-1,1905,2025,2026,-1,1905,2026,572,-1,572,2026,2027,-1,572,2027,2028,-1,2028,2029,2030,-1,2030,2029,2031,-1,2030,2031,2032,-1,2033,2034,1916,-1,1916,2034,2035,-1,1916,2035,1917,-1,2036,572,2037,-1,2037,572,2038,-1,1978,572,2039,-1,2039,572,2036,-1,2039,2036,1850,-1,1850,2036,2040,-1,1850,2040,1851,-1,2041,572,2042,-1,2042,572,2043,-1,2044,2045,2046,-1,2046,2045,2047,-1,2046,2047,2048,-1,2048,2047,2049,-1,2048,2049,2050,-1,2050,2049,2051,-1,2050,2051,1758,-1,1758,2051,2052,-1,1758,2052,1759,-1,1921,1860,572,-1,572,1860,2053,-1,572,2053,2054,-1,1988,1987,2055,-1,2056,2057,2058,-1,2058,2057,2059,-1,2058,2059,2060,-1,2060,2059,2061,-1,2060,2061,2062,-1,2062,2061,2063,-1,2062,2063,1744,-1,1744,2063,2064,-1,1744,2064,1742,-1,2065,2066,2067,-1,2067,2066,2068,-1,2067,2068,2069,-1,2069,2068,2070,-1,2069,2070,2071,-1,2071,2070,2072,-1,2071,2072,1812,-1,1812,2072,2073,-1,1812,2073,1813,-1,2074,2075,2076,-1,2076,2075,2077,-1,2076,2077,2078,-1,2078,2077,2079,-1,2078,2079,2080,-1,2080,2079,2081,-1,2080,2081,1754,-1,1754,2081,2082,-1,1754,2082,1752,-1,2038,572,2083,-1,2083,572,2084,-1,2083,2084,1919,-1,1919,2084,2085,-1,1919,2085,1920,-1,2043,572,2086,-1,2086,572,1976,-1,2086,1976,1853,-1,1853,1976,2087,-1,1853,2087,1854,-1,2088,2089,2090,-1,2054,2091,572,-1,572,2091,2092,-1,572,2092,2055,-1,2093,2094,2095,-1,2095,2094,2096,-1,2095,2096,2097,-1,2097,2096,2098,-1,2097,2098,2099,-1,2099,2098,2100,-1,2099,2100,1882,-1,1882,2100,2101,-1,1882,2101,1883,-1,1274,1887,1276,-1,1276,1887,581,-1,1276,581,2102,-1,2102,581,1884,-1,2102,1884,1845,-1,1845,1884,2103,-1,1845,2103,1846,-1,2104,2105,2106,-1,2106,2105,2107,-1,2106,2107,2108,-1,2108,2107,2109,-1,2108,2109,2110,-1,2110,2109,2111,-1,2110,2111,1751,-1,1751,2111,2112,-1,1751,2112,1749,-1,2113,2114,2115,-1,2115,2114,2116,-1,2115,2116,2117,-1,2117,2116,2118,-1,2117,2118,2119,-1,2119,2118,2120,-1,2119,2120,1908,-1,1908,2120,2121,-1,1908,2121,1909,-1,2030,2122,2028,-1,2028,2122,2123,-1,2028,2123,572,-1,572,2123,2124,-1,572,2124,2125,-1,2125,2126,2127,-1,2127,2126,2128,-1,2127,2128,2129,-1,2130,572,2131,-1,2131,572,2132,-1,2133,2134,572,-1,2135,2136,2137,-1,2137,2136,2138,-1,2137,2138,2139,-1,2139,2138,2140,-1,2139,2140,2141,-1,2141,2140,2142,-1,2141,2142,1857,-1,1857,2142,2143,-1,1857,2143,1858,-1,2055,1987,572,-1,572,1987,2144,-1,572,2144,2145,-1,2145,2146,572,-1,572,2146,2147,-1,572,2147,921,-1,2148,2149,2150,-1,2150,2149,2151,-1,2150,2151,2152,-1,2152,2151,2153,-1,2152,2153,2154,-1,2154,2153,2155,-1,2154,2155,1846,-1,1846,2155,2156,-1,1846,2156,1844,-1,2157,2158,2159,-1,2159,2158,2160,-1,2159,2160,2161,-1,2161,2160,2162,-1,2161,2162,1961,-1,1961,2162,2163,-1,1961,2163,1959,-1,2127,2164,2125,-1,2125,2164,2165,-1,2125,2165,572,-1,572,2165,2166,-1,572,2166,1816,-1,2167,2168,2169,-1,2169,2168,2170,-1,2169,2170,2171,-1,2171,2170,2172,-1,2171,2172,2173,-1,2173,2172,2174,-1,2173,2174,1974,-1,1974,2174,2175,-1,1974,2175,1975,-1,1815,2176,572,-1,572,2176,2034,-1,572,2034,1914,-1,1914,2034,2033,-1,1912,2177,1914,-1,1914,2177,2178,-1,1914,2178,572,-1,572,2178,2179,-1,572,2179,2084,-1,2180,2181,2182,-1,2182,2181,2183,-1,2182,2183,2184,-1,2184,2183,2185,-1,2184,2185,2186,-1,2186,2185,2187,-1,2186,2187,1851,-1,1851,2187,2188,-1,1851,2188,1849,-1,2189,2190,2191,-1,2191,2190,2192,-1,2191,2192,2193,-1,2193,2192,2194,-1,2193,2194,2195,-1,2195,2194,2196,-1,2195,2196,1854,-1,1854,2196,2197,-1,1854,2197,1852,-1,2132,572,2198,-1,2198,572,2041,-1,2198,2041,1980,-1,1980,2041,2199,-1,1980,2199,1981,-1,1757,1817,1755,-1,1755,1817,572,-1,1755,572,2200,-1,2200,572,2134,-1,2201,2202,2203,-1,2147,2204,921,-1,921,2204,2202,-1,921,2202,2205,-1,2205,2202,2201,-1,2206,2207,2208,-1,2208,2207,2209,-1,2208,2209,2210,-1,2210,2209,2211,-1,2210,2211,2212,-1,2212,2211,2213,-1,2212,2213,2031,-1,2031,2213,2214,-1,2031,2214,2032,-1,2215,2216,2217,-1,2217,2216,2218,-1,2217,2218,2219,-1,2219,2218,2220,-1,2219,2220,2221,-1,2221,2220,2222,-1,2221,2222,1917,-1,1917,2222,2223,-1,1917,2223,1915,-1,2224,2225,2226,-1,2226,2225,2227,-1,2226,2227,2228,-1,2228,2227,2229,-1,2228,2229,2230,-1,2230,2229,2231,-1,2230,2231,1920,-1,1920,2231,2232,-1,1920,2232,1918,-1,2233,2234,2235,-1,2235,2234,2236,-1,2235,2236,2237,-1,2237,2236,2238,-1,2237,2238,2239,-1,2239,2238,2240,-1,2239,2240,1861,-1,1861,2240,2241,-1,1861,2241,1859,-1,2242,2243,2244,-1,2244,2243,2245,-1,2244,2245,2246,-1,2246,2245,2247,-1,2246,2247,2248,-1,2248,2247,2249,-1,2248,2249,1981,-1,1981,2249,2250,-1,1981,2250,1979,-1,2251,2252,2253,-1,2253,2252,2254,-1,2253,2254,2255,-1,2255,2254,2256,-1,2255,2256,2257,-1,2257,2256,2258,-1,2257,2258,2128,-1,2128,2258,2259,-1,2128,2259,2129,-1,1677,2133,1679,-1,1679,2133,572,-1,1679,572,2260,-1,2260,572,2130,-1,2260,2130,2089,-1,2089,2130,2261,-1,2089,2261,2090,-1,2262,2263,2264,-1,2264,2263,2265,-1,2264,2265,2266,-1,2266,2265,2267,-1,2266,2267,2268,-1,2268,2267,2269,-1,2268,2269,1988,-1,1988,2269,2270,-1,1988,2270,1986,-1,2271,2272,2273,-1,2273,2272,2274,-1,2273,2274,2275,-1,2275,2274,2276,-1,2275,2276,2277,-1,2277,2276,2278,-1,2277,2278,2090,-1,2090,2278,2279,-1,2090,2279,2088,-1,2280,2281,2282,-1,2282,2281,2283,-1,2282,2283,2284,-1,2284,2283,2285,-1,2284,2285,2203,-1,2203,2285,2286,-1,2203,2286,2201,-1,596,594,568,-1,568,594,2287,-1,1265,1264,2288,-1,2288,1264,2289,-1,1154,1153,2290,-1,2290,1153,2291,-1,2287,2288,568,-1,568,2288,2289,-1,568,2289,558,-1,558,2289,520,-1,1359,1358,2292,-1,2292,1358,2293,-1,2289,2290,520,-1,520,2290,2291,-1,520,2291,518,-1,518,2291,174,-1,2294,1863,1862,-1,2291,2292,174,-1,174,2292,2293,-1,174,2293,175,-1,175,2293,2295,-1,1145,1144,2295,-1,2295,1144,2296,-1,2295,2296,175,-1,175,2296,2297,-1,2298,1463,1462,-1,926,925,2297,-1,2297,925,2299,-1,2297,2299,175,-1,175,2299,2300,-1,175,2301,2302,-1,1686,1685,2300,-1,2300,1685,2303,-1,2300,2303,175,-1,175,2303,2304,-1,1574,1573,2304,-1,2304,1573,2305,-1,2304,2305,175,-1,175,2305,2294,-1,175,2294,2301,-1,2301,2294,1862,-1,1479,1478,2302,-1,2302,1478,2306,-1,2302,2306,175,-1,175,2306,2298,-1,175,2298,2307,-1,2307,2298,1462,-1,1649,1648,2308,-1,2308,1648,2309,-1,2310,1337,1336,-1,2311,2312,480,-1,1336,2311,2310,-1,2310,2311,480,-1,2310,480,2309,-1,2309,480,175,-1,2309,175,2308,-1,2308,175,2307,-1,1644,1643,2312,-1,2312,1643,2313,-1,2312,2313,480,-1,480,2313,2314,-1,2315,1449,1448,-1,1345,1344,2314,-1,2314,1344,2316,-1,2314,2316,480,-1,480,2316,2317,-1,480,2318,2319,-1,1639,1638,2320,-1,2320,1638,2321,-1,1324,1323,2317,-1,2317,1323,2322,-1,2317,2322,480,-1,480,2322,2315,-1,480,2315,2318,-1,2318,2315,1448,-1,1235,1234,2319,-1,2319,1234,2323,-1,2319,2323,480,-1,480,2323,2320,-1,480,2320,481,-1,481,2320,2321,-1,481,2321,2324,-1,2325,1681,1680,-1,2326,2327,481,-1,2328,2329,481,-1,2330,1015,1014,-1,1680,2328,2325,-1,2325,2328,481,-1,2325,481,2331,-1,2331,481,2324,-1,2331,2324,1630,-1,1630,2324,1631,-1,2332,2333,481,-1,1014,2326,2330,-1,2330,2326,481,-1,2330,481,2334,-1,2334,481,2329,-1,2334,2329,1425,-1,1425,2329,1426,-1,2335,1007,1006,-1,1006,2332,2335,-1,2335,2332,481,-1,2335,481,2336,-1,2336,481,2327,-1,2336,2327,836,-1,836,2327,837,-1,605,604,2337,-1,2337,604,481,-1,2337,481,2338,-1,2338,481,2333,-1,2338,2333,692,-1,692,2333,693,-1,2339,2114,2113,-1,604,602,481,-1,481,602,2340,-1,481,2340,2341,-1,2342,479,2343,-1,2343,479,2344,-1,2343,2344,2233,-1,2233,2344,2234,-1,1103,1102,2341,-1,2341,1102,2345,-1,2341,2345,481,-1,481,2345,2346,-1,2347,2225,2224,-1,2348,2216,2215,-1,2263,2262,2349,-1,2349,2262,2350,-1,2281,2280,2346,-1,2346,2280,2351,-1,2346,2351,481,-1,481,2351,2349,-1,481,2349,479,-1,479,2349,2350,-1,479,2350,2344,-1,2352,2353,479,-1,2066,2065,2354,-1,2354,2065,2355,-1,2356,2272,2271,-1,479,2357,2358,-1,2359,471,473,-1,2360,2045,2044,-1,2361,2362,479,-1,2215,2352,2348,-1,2348,2352,479,-1,2348,479,2363,-1,2363,479,2358,-1,2363,2358,2167,-1,2167,2358,2168,-1,2364,2252,2251,-1,2365,2366,479,-1,2367,2368,479,-1,1716,1715,2369,-1,2369,1715,2370,-1,2044,2365,2360,-1,2360,2365,479,-1,2360,479,2371,-1,2371,479,2342,-1,2371,2342,2135,-1,2135,2342,2136,-1,2271,2361,2356,-1,2356,2361,479,-1,2356,479,2372,-1,2372,479,2366,-1,2372,2366,1964,-1,1964,2366,1965,-1,2251,2367,2364,-1,2364,2367,479,-1,2364,479,2373,-1,2373,479,2353,-1,2373,2353,2074,-1,2074,2353,2075,-1,2374,2190,2189,-1,2113,2375,2339,-1,2339,2375,479,-1,2339,479,2376,-1,2376,479,2368,-1,2376,2368,2206,-1,2206,2368,2207,-1,473,475,2359,-1,2359,475,477,-1,2359,477,2355,-1,2355,477,479,-1,2355,479,2354,-1,2354,479,2375,-1,1622,1621,2377,-1,2377,1621,2378,-1,2379,2380,479,-1,2189,2379,2374,-1,2374,2379,479,-1,2374,479,2381,-1,2381,479,2362,-1,2381,2362,2242,-1,2242,2362,2243,-1,1802,1801,2359,-1,2359,1801,2382,-1,2359,2382,471,-1,2383,1417,1416,-1,2224,2357,2347,-1,2347,2357,479,-1,2347,479,2384,-1,2384,479,2380,-1,2384,2380,2180,-1,2180,2380,2181,-1,1416,2385,2383,-1,2383,2385,489,-1,2383,489,2378,-1,2378,489,466,-1,2378,466,2377,-1,2377,466,467,-1,1108,1107,2386,-1,2386,1107,2387,-1,467,468,2377,-1,2377,468,469,-1,2377,469,2370,-1,2370,469,471,-1,2370,471,2369,-1,2369,471,2382,-1,2388,507,2387,-1,2387,507,489,-1,2387,489,2386,-1,2386,489,2385,-1,616,615,2389,-1,2389,615,507,-1,2389,507,2390,-1,2390,507,2388,-1,2390,2388,682,-1,682,2388,683,-1,615,575,507,-1,507,575,2391,-1,507,2391,2392,-1,758,757,2392,-1,2392,757,2393,-1,2392,2393,507,-1,507,2393,2394,-1,718,717,2394,-1,2394,717,2395,-1,2394,2395,507,-1,507,2395,2396,-1,1410,1409,2396,-1,2396,1409,2397,-1,2396,2397,507,-1,507,2397,2398,-1,1553,1552,2398,-1,2398,1552,2399,-1,2398,2399,507,-1,507,2399,2400,-1,1403,1402,2400,-1,2400,1402,2401,-1,2400,2401,507,-1,507,2401,2402,-1,1546,1545,2402,-1,2402,1545,2403,-1,2402,2403,507,-1,507,2403,2404,-1,2405,1205,1204,-1,1540,1541,2404,-1,2404,1541,2406,-1,2404,2406,507,-1,507,2406,2407,-1,1394,1393,2407,-1,2407,1393,2408,-1,2407,2408,507,-1,507,2408,2405,-1,507,2405,2409,-1,2409,2405,1204,-1,1527,1526,2410,-1,2410,1526,2411,-1,2412,508,2411,-1,2411,508,507,-1,2411,507,2410,-1,2410,507,2409,-1,2413,1520,1519,-1,2414,2415,508,-1,2416,2417,38,-1,1519,2414,2413,-1,2413,2414,508,-1,2413,508,2418,-1,2418,508,2412,-1,2418,2412,1710,-1,1710,2412,1711,-1,2419,1289,1288,-1,1512,2420,1513,-1,1513,2420,2415,-1,2415,2420,508,-1,508,2420,2421,-1,508,2421,38,-1,1288,2416,2419,-1,2419,2416,38,-1,2419,38,2422,-1,2422,38,2421,-1,2422,2421,1386,-1,1386,2421,1387,-1,2423,2424,38,-1,2425,967,966,-1,966,2423,2425,-1,2425,2423,38,-1,2425,38,2426,-1,2426,38,2417,-1,2426,2417,1379,-1,1379,2417,1380,-1,2427,2428,38,-1,2429,1505,1504,-1,1504,2427,2429,-1,2429,2427,38,-1,2429,38,2430,-1,2430,38,2424,-1,2430,2424,882,-1,882,2424,883,-1,2431,2432,38,-1,2433,876,875,-1,875,2431,2433,-1,2433,2431,38,-1,2433,38,2434,-1,2434,38,2428,-1,2434,2428,1065,-1,1065,2428,1066,-1,818,817,2432,-1,2432,817,2435,-1,2432,2435,38,-1,38,2435,36,-1,773,772,2436,-1,2436,772,2437,-1,1179,1178,2438,-1,2438,1178,2439,-1,586,580,2440,-1,2440,580,570,-1,1278,1277,2441,-1,2441,1277,2442,-1,2435,2436,36,-1,36,2436,2437,-1,36,2437,46,-1,46,2437,2438,-1,46,2438,43,-1,43,2438,2439,-1,43,2439,569,-1,569,2439,2441,-1,569,2441,570,-1,570,2441,2442,-1,570,2442,2440,-1,580,585,570,-1,570,585,2443,-1,570,2443,2444,-1,744,743,2444,-1,2444,743,2445,-1,2444,2445,570,-1,570,2445,61,-1,2158,2157,2446,-1,2446,2157,2447,-1,2105,2104,2448,-1,2448,2104,2449,-1,1831,1830,2450,-1,2450,1830,2451,-1,2448,562,561,-1,2452,567,2453,-1,2453,567,2454,-1,2453,2454,2016,-1,2016,2454,2017,-1,1890,1889,2455,-1,2456,1990,1989,-1,2457,567,2455,-1,2455,567,2452,-1,2455,2452,1890,-1,1790,1789,2457,-1,2457,1789,2458,-1,2457,2458,567,-1,567,2458,2459,-1,2460,2461,568,-1,567,566,2454,-1,2454,566,565,-1,2454,565,2449,-1,2449,565,564,-1,2449,564,2448,-1,2448,564,563,-1,2448,563,562,-1,1989,2460,2456,-1,2456,2460,568,-1,2456,568,2462,-1,2462,568,2463,-1,2462,2463,2093,-1,2093,2463,2094,-1,2445,2446,61,-1,61,2446,2447,-1,61,2447,63,-1,63,2447,2448,-1,63,2448,560,-1,560,2448,561,-1,2464,1926,1925,-1,2465,2466,568,-1,2467,1822,1821,-1,1728,1727,2459,-1,2459,1727,2468,-1,2459,2468,567,-1,567,2468,2469,-1,567,2470,2471,-1,1999,1998,2471,-1,2471,1998,2472,-1,2471,2472,567,-1,567,2472,2450,-1,567,2450,568,-1,568,2450,2451,-1,568,2451,2463,-1,1821,2465,2467,-1,2467,2465,568,-1,2467,568,2473,-1,2473,568,2461,-1,2473,2461,1867,-1,1867,2461,1868,-1,2149,2148,2469,-1,2469,2148,2474,-1,2469,2474,567,-1,567,2474,2475,-1,2476,1170,1169,-1,1592,1591,2466,-1,2466,1591,2477,-1,2466,2477,568,-1,568,2477,2478,-1,2479,2480,568,-1,2057,2056,2475,-1,2475,2056,2481,-1,2475,2481,567,-1,567,2481,2482,-1,1169,2479,2476,-1,2476,2479,568,-1,2476,568,2483,-1,2483,568,2478,-1,2483,2478,1367,-1,1367,2478,1368,-1,1948,1947,2482,-1,2482,1947,2484,-1,2482,2484,567,-1,567,2484,2485,-1,2486,2487,568,-1,2488,749,748,-1,1939,1938,2485,-1,2485,1938,2489,-1,2485,2489,567,-1,567,2489,2490,-1,748,2486,2488,-1,2488,2486,568,-1,2488,568,2491,-1,2491,568,2480,-1,2491,2480,947,-1,947,2480,948,-1,597,596,2492,-1,2492,596,568,-1,2492,568,2493,-1,2493,568,2487,-1,2493,2487,701,-1,701,2487,702,-1,2008,2007,2490,-1,2490,2007,2494,-1,2490,2494,567,-1,567,2494,2464,-1,567,2464,2470,-1,2470,2464,1925,-1,
        ]
    }
}
Shape{
    appearance Appearance {
        material  Material 	{
            diffuseColor 0.7529411764705882 0.7529411764705882 0.7529411764705882
            specularColor 0.3764705882352941 0.3764705882352941 0.3764705882352941
            ambientIntensity 0.7529
            transparency 0.0
            shininess 0.5
        }
    }
    geometry IndexedFaceSet {
        ccw TRUE
        solid FALSE
        coord DEF co Coordinate {
            point [
                1.6933 1.9685 0.0787, 1.7516 1.9685 0.0787, 1.6939 1.9724 0.0787, 1.7509 1.9724 0.0787, 1.687 1.9331 0.0, 1.687 1.8504 0.0, 1.687 1.9331 0.0079, 1.687 1.8504 0.0079, 1.6939 1.9724 0.0, 1.7509 1.9724 0.0, 1.6933 1.9685 0.0079, 1.7579 1.9331 0.0079, 1.7579 1.9331 0.0, 1.7516 1.9685 0.0079, 1.5555 1.9685 0.0787, 1.6138 1.9685 0.0787, 1.5562 1.9724 0.0787, 1.6131 1.9724 0.0787, 1.5492 1.9331 0.0, 1.5492 1.8504 0.0, 1.5492 1.9331 0.0079, 1.5492 1.8504 0.0079, 1.5504 1.8412 0.0, 1.5504 1.8412 0.0079, 1.554 1.8327 0.0, 1.554 1.8327 0.0079, 1.5596 1.8253 0.0, 1.5596 1.8253 0.0079, 1.5669 1.8197 0.0, 1.5669 1.8197 0.0079, 1.5755 1.8162 0.0, 1.5755 1.8162 0.0079, 1.5846 1.815 0.0, 1.5846 1.815 0.0079, 1.5938 1.8162 0.0, 1.5938 1.8162 0.0079, 1.6024 1.8197 0.0, 1.6024 1.8197 0.0079, 1.6097 1.8253 0.0, 1.6097 1.8253 0.0079, 1.6153 1.8327 0.0, 1.6153 1.8327 0.0079, 1.6189 1.8412 0.0, 1.6189 1.8412 0.0079, 1.6201 1.8504 0.0, 1.6201 1.8504 0.0079, 1.6201 1.9331 0.0079, 1.6201 1.9331 0.0, 1.5562 1.9724 0.0, 1.6131 1.9724 0.0, 1.4177 1.9685 0.0787, 1.476 1.9685 0.0787, 1.4184 1.9724 0.0787, 1.4753 1.9724 0.0787, 1.4114 1.9331 0.0, 1.4114 1.8504 0.0, 1.4114 1.9331 0.0079, 1.4114 1.8504 0.0079, 1.4126 1.8412 0.0, 1.4126 1.8412 0.0079, 1.4162 1.8327 0.0, 1.4162 1.8327 0.0079, 1.4218 1.8253 0.0, 1.4218 1.8253 0.0079, 1.4291 1.8197 0.0, 1.4291 1.8197 0.0079, 1.4377 1.8162 0.0, 1.4377 1.8162 0.0079, 1.4469 1.815 0.0, 1.4469 1.815 0.0079, 1.456 1.8162 0.0, 1.456 1.8162 0.0079, 1.4646 1.8197 0.0, 1.4646 1.8197 0.0079, 1.4719 1.8253 0.0, 1.4719 1.8253 0.0079, 1.4775 1.8327 0.0, 1.4775 1.8327 0.0079, 1.4811 1.8412 0.0, 1.4811 1.8412 0.0079, 1.4823 1.8504 0.0, 1.4823 1.8504 0.0079, 1.4823 1.9331 0.0079, 1.4823 1.9331 0.0, 1.4184 1.9724 0.0, 1.4753 1.9724 0.0, 1.2799 1.9685 0.0787, 1.3382 1.9685 0.0787, 1.2806 1.9724 0.0787, 1.3375 1.9724 0.0787, 1.2736 1.9331 0.0, 1.2736 1.8504 0.0, 1.2736 1.9331 0.0079, 1.2736 1.8504 0.0079, 1.2748 1.8412 0.0, 1.2748 1.8412 0.0079, 1.2784 1.8327 0.0, 1.2784 1.8327 0.0079, 1.284 1.8253 0.0, 1.284 1.8253 0.0079, 1.2913 1.8197 0.0, 1.2913 1.8197 0.0079, 1.2999 1.8162 0.0, 1.2999 1.8162 0.0079, 1.3091 1.815 0.0, 1.3091 1.815 0.0079, 1.3182 1.8162 0.0, 1.3182 1.8162 0.0079, 1.3268 1.8197 0.0, 1.3268 1.8197 0.0079, 1.3341 1.8253 0.0, 1.3341 1.8253 0.0079, 1.3397 1.8327 0.0, 1.3397 1.8327 0.0079, 1.3433 1.8412 0.0, 1.3433 1.8412 0.0079, 1.3445 1.8504 0.0, 1.3445 1.8504 0.0079, 1.3445 1.9331 0.0079, 1.3445 1.9331 0.0, 1.2806 1.9724 0.0, 1.3375 1.9724 0.0, 1.1421 1.9685 0.0787, 1.2004 1.9685 0.0787, 1.1428 1.9724 0.0787, 1.1998 1.9724 0.0787, 1.1358 1.9331 0.0, 1.1358 1.8504 0.0, 1.1358 1.9331 0.0079, 1.1358 1.8504 0.0079, 1.137 1.8412 0.0, 1.137 1.8412 0.0079, 1.1406 1.8327 0.0, 1.1406 1.8327 0.0079, 1.1462 1.8253 0.0, 1.1462 1.8253 0.0079, 1.1535 1.8197 0.0, 1.1535 1.8197 0.0079, 1.1621 1.8162 0.0, 1.1621 1.8162 0.0079, 1.1713 1.815 0.0, 1.1713 1.815 0.0079, 1.1804 1.8162 0.0, 1.1804 1.8162 0.0079, 1.189 1.8197 0.0, 1.189 1.8197 0.0079, 1.1963 1.8253 0.0, 1.1963 1.8253 0.0079, 1.2019 1.8327 0.0, 1.2019 1.8327 0.0079, 1.2055 1.8412 0.0, 1.2055 1.8412 0.0079, 1.2067 1.8504 0.0, 1.2067 1.8504 0.0079, 1.2067 1.9331 0.0079, 1.2067 1.9331 0.0, 1.1428 1.9724 0.0, 1.1998 1.9724 0.0, 1.0043 1.9685 0.0787, 1.0626 1.9685 0.0787, 1.005 1.9724 0.0787, 1.062 1.9724 0.0787, 0.998 1.9331 0.0, 0.998 1.8504 0.0, 0.998 1.9331 0.0079, 0.998 1.8504 0.0079, 0.9992 1.8412 0.0, 0.9992 1.8412 0.0079, 1.0028 1.8327 0.0, 1.0028 1.8327 0.0079, 1.0084 1.8253 0.0, 1.0084 1.8253 0.0079, 1.0157 1.8197 0.0, 1.0157 1.8197 0.0079, 1.0243 1.8162 0.0, 1.0243 1.8162 0.0079, 1.0335 1.815 0.0, 1.0335 1.815 0.0079, 1.0426 1.8162 0.0, 1.0426 1.8162 0.0079, 1.0512 1.8197 0.0, 1.0512 1.8197 0.0079, 1.0585 1.8253 0.0, 1.0585 1.8253 0.0079, 1.0642 1.8327 0.0, 1.0642 1.8327 0.0079, 1.0677 1.8412 0.0, 1.0677 1.8412 0.0079, 1.0689 1.8504 0.0, 1.0689 1.8504 0.0079, 1.0689 1.9331 0.0079, 1.0689 1.9331 0.0, 1.005 1.9724 0.0, 1.062 1.9724 0.0, 0.8665 1.9685 0.0787, 0.9249 1.9685 0.0787, 0.8672 1.9724 0.0787, 0.9242 1.9724 0.0787, 0.8602 1.9331 0.0, 0.8602 1.8504 0.0, 0.8602 1.9331 0.0079, 0.8602 1.8504 0.0079, 0.8614 1.8412 0.0, 0.8614 1.8412 0.0079, 0.865 1.8327 0.0, 0.865 1.8327 0.0079, 0.8706 1.8253 0.0, 0.8706 1.8253 0.0079, 0.878 1.8197 0.0, 0.878 1.8197 0.0079, 0.8865 1.8162 0.0, 0.8865 1.8162 0.0079, 0.8957 1.815 0.0, 0.8957 1.815 0.0079, 0.9048 1.8162 0.0, 0.9048 1.8162 0.0079, 0.9134 1.8197 0.0, 0.9134 1.8197 0.0079, 0.9207 1.8253 0.0, 0.9207 1.8253 0.0079, 0.9264 1.8327 0.0, 0.9264 1.8327 0.0079, 0.9299 1.8412 0.0, 0.9299 1.8412 0.0079, 0.9311 1.8504 0.0, 0.9311 1.8504 0.0079, 0.9311 1.9331 0.0079, 0.9311 1.9331 0.0, 0.8672 1.9724 0.0, 0.9242 1.9724 0.0, 0.7287 1.9685 0.0787, 0.7871 1.9685 0.0787, 0.7294 1.9724 0.0787, 0.7864 1.9724 0.0787, 0.7224 1.9331 0.0, 0.7224 1.8504 0.0, 0.7224 1.9331 0.0079, 0.7224 1.8504 0.0079, 0.7236 1.8412 0.0, 0.7236 1.8412 0.0079, 0.7272 1.8327 0.0, 0.7272 1.8327 0.0079, 0.7328 1.8253 0.0, 0.7328 1.8253 0.0079, 0.7402 1.8197 0.0, 0.7402 1.8197 0.0079, 0.7487 1.8162 0.0, 0.7487 1.8162 0.0079, 0.7579 1.815 0.0, 0.7579 1.815 0.0079, 0.767 1.8162 0.0, 0.767 1.8162 0.0079, 0.7756 1.8197 0.0, 0.7756 1.8197 0.0079, 0.7829 1.8253 0.0, 0.7829 1.8253 0.0079, 0.7886 1.8327 0.0, 0.7886 1.8327 0.0079, 0.7921 1.8412 0.0, 0.7921 1.8412 0.0079, 0.7933 1.8504 0.0, 0.7933 1.8504 0.0079, 0.7933 1.9331 0.0079, 0.7933 1.9331 0.0, 0.7294 1.9724 0.0, 0.7864 1.9724 0.0, 0.5909 1.9685 0.0787, 0.6493 1.9685 0.0787, 0.5916 1.9724 0.0787, 0.6486 1.9724 0.0787, 0.5846 1.9331 0.0, 0.5846 1.8504 0.0, 0.5846 1.9331 0.0079, 0.5846 1.8504 0.0079, 0.5859 1.8412 0.0, 0.5859 1.8412 0.0079, 0.5894 1.8327 0.0, 0.5894 1.8327 0.0079, 0.595 1.8253 0.0, 0.595 1.8253 0.0079, 0.6024 1.8197 0.0, 0.6024 1.8197 0.0079, 0.6109 1.8162 0.0, 0.6109 1.8162 0.0079, 0.6201 1.815 0.0, 0.6201 1.815 0.0079, 0.6292 1.8162 0.0, 0.6292 1.8162 0.0079, 0.6378 1.8197 0.0, 0.6378 1.8197 0.0079, 0.6451 1.8253 0.0, 0.6451 1.8253 0.0079, 0.6508 1.8327 0.0, 0.6508 1.8327 0.0079, 0.6543 1.8412 0.0, 0.6543 1.8412 0.0079, 0.6555 1.8504 0.0, 0.6555 1.8504 0.0079, 0.6555 1.9331 0.0079, 0.6555 1.9331 0.0, 0.5916 1.9724 0.0, 0.6486 1.9724 0.0, 0.4531 1.9685 0.0787, 0.5115 1.9685 0.0787, 0.4538 1.9724 0.0787, 0.5108 1.9724 0.0787, 0.4469 1.9331 0.0, 0.4469 1.8504 0.0, 0.4469 1.9331 0.0079, 0.4469 1.8504 0.0079, 0.4481 1.8412 0.0, 0.4481 1.8412 0.0079, 0.4516 1.8327 0.0, 0.4516 1.8327 0.0079, 0.4572 1.8253 0.0, 0.4572 1.8253 0.0079, 0.4646 1.8197 0.0, 0.4646 1.8197 0.0079, 0.4731 1.8162 0.0, 0.4731 1.8162 0.0079, 0.4823 1.815 0.0, 0.4823 1.815 0.0079, 0.4915 1.8162 0.0, 0.4915 1.8162 0.0079, 0.5 1.8197 0.0, 0.5 1.8197 0.0079, 0.5073 1.8253 0.0, 0.5073 1.8253 0.0079, 0.513 1.8327 0.0, 0.513 1.8327 0.0079, 0.5165 1.8412 0.0, 0.5165 1.8412 0.0079, 0.5177 1.8504 0.0, 0.5177 1.8504 0.0079, 0.5177 1.9331 0.0079, 0.5177 1.9331 0.0, 0.4538 1.9724 0.0, 0.5108 1.9724 0.0, 0.3153 1.9685 0.0787, 0.3737 1.9685 0.0787, 0.316 1.9724 0.0787, 0.373 1.9724 0.0787, 0.3091 1.9331 0.0, 0.3091 1.8504 0.0, 0.3091 1.9331 0.0079, 0.3091 1.8504 0.0079, 0.3103 1.8412 0.0, 0.3103 1.8412 0.0079, 0.3138 1.8327 0.0, 0.3138 1.8327 0.0079, 0.3194 1.8253 0.0, 0.3194 1.8253 0.0079, 0.3268 1.8197 0.0, 0.3268 1.8197 0.0079, 0.3353 1.8162 0.0, 0.3353 1.8162 0.0079, 0.3445 1.815 0.0, 0.3445 1.815 0.0079, 0.3537 1.8162 0.0, 0.3537 1.8162 0.0079, 0.3622 1.8197 0.0, 0.3622 1.8197 0.0079, 0.3695 1.8253 0.0, 0.3695 1.8253 0.0079, 0.3752 1.8327 0.0, 0.3752 1.8327 0.0079, 0.3787 1.8412 0.0, 0.3787 1.8412 0.0079, 0.3799 1.8504 0.0, 0.3799 1.8504 0.0079, 0.3799 1.9331 0.0079, 0.3799 1.9331 0.0, 0.316 1.9724 0.0, 0.373 1.9724 0.0, 0.1775 1.9685 0.0787, 0.2359 1.9685 0.0787, 0.1782 1.9724 0.0787, 0.2352 1.9724 0.0787, 0.1713 1.9331 0.0, 0.1713 1.8504 0.0, 0.1713 1.9331 0.0079, 0.1713 1.8504 0.0079, 0.1725 1.8412 0.0, 0.1725 1.8412 0.0079, 0.176 1.8327 0.0, 0.176 1.8327 0.0079, 0.1816 1.8253 0.0, 0.1816 1.8253 0.0079, 0.189 1.8197 0.0, 0.189 1.8197 0.0079, 0.1975 1.8162 0.0, 0.1975 1.8162 0.0079, 0.2067 1.815 0.0, 0.2067 1.815 0.0079, 0.2159 1.8162 0.0, 0.2159 1.8162 0.0079, 0.2244 1.8197 0.0, 0.2244 1.8197 0.0079, 0.2317 1.8253 0.0, 0.2317 1.8253 0.0079, 0.2374 1.8327 0.0, 0.2374 1.8327 0.0079, 0.2409 1.8412 0.0, 0.2409 1.8412 0.0079, 0.2421 1.8504 0.0, 0.2421 1.8504 0.0079, 0.2421 1.9331 0.0079, 0.2421 1.9331 0.0, 0.1782 1.9724 0.0, 0.2352 1.9724 0.0, 0.0397 1.9685 0.0787, 0.0981 1.9685 0.0787, 0.0404 1.9724 0.0787, 0.0974 1.9724 0.0787, 0.0335 1.9331 0.0, 0.0335 1.8504 0.0, 0.0335 1.9331 0.0079, 0.0335 1.8504 0.0079, 0.0347 1.8412 0.0, 0.0347 1.8412 0.0079, 0.0382 1.8327 0.0, 0.0382 1.8327 0.0079, 0.0438 1.8253 0.0, 0.0438 1.8253 0.0079, 0.0512 1.8197 0.0, 0.0512 1.8197 0.0079, 0.0597 1.8162 0.0, 0.0597 1.8162 0.0079, 0.0689 1.815 0.0, 0.0689 1.815 0.0079, 0.0781 1.8162 0.0, 0.0781 1.8162 0.0079, 0.0866 1.8197 0.0, 0.0866 1.8197 0.0079, 0.094 1.8253 0.0, 0.094 1.8253 0.0079, 0.0996 1.8327 0.0, 0.0996 1.8327 0.0079, 0.1031 1.8412 0.0, 0.1031 1.8412 0.0079, 0.1043 1.8504 0.0, 0.1043 1.8504 0.0079, 0.1043 1.9331 0.0079, 0.1043 1.9331 0.0, 0.0404 1.9724 0.0, 0.0974 1.9724 0.0, -0.0981 1.9685 0.0787, -0.0397 1.9685 0.0787, -0.0974 1.9724 0.0787, -0.0404 1.9724 0.0787, -0.1043 1.9331 0.0, -0.1043 1.8504 0.0, -0.1043 1.9331 0.0079, -0.1043 1.8504 0.0079, -0.1031 1.8412 0.0, -0.1031 1.8412 0.0079, -0.0996 1.8327 0.0, -0.0996 1.8327 0.0079, -0.094 1.8253 0.0, -0.094 1.8253 0.0079, -0.0866 1.8197 0.0, -0.0866 1.8197 0.0079, -0.0781 1.8162 0.0, -0.0781 1.8162 0.0079, -0.0689 1.815 0.0, -0.0689 1.815 0.0079, -0.0597 1.8162 0.0, -0.0597 1.8162 0.0079, -0.0512 1.8197 0.0, -0.0512 1.8197 0.0079, -0.0438 1.8253 0.0, -0.0438 1.8253 0.0079, -0.0382 1.8327 0.0, -0.0382 1.8327 0.0079, -0.0347 1.8412 0.0, -0.0347 1.8412 0.0079, -0.0335 1.8504 0.0, -0.0335 1.8504 0.0079, -0.0335 1.9331 0.0079, -0.0335 1.9331 0.0, -0.0974 1.9724 0.0, -0.0404 1.9724 0.0, -0.2359 1.9685 0.0787, -0.1775 1.9685 0.0787, -0.2352 1.9724 0.0787, -0.1782 1.9724 0.0787, -0.2421 1.9331 0.0, -0.2421 1.8504 0.0, -0.2421 1.9331 0.0079, -0.2421 1.8504 0.0079, -0.2409 1.8412 0.0, -0.2409 1.8412 0.0079, -0.2374 1.8327 0.0, -0.2374 1.8327 0.0079, -0.2317 1.8253 0.0, -0.2317 1.8253 0.0079, -0.2244 1.8197 0.0, -0.2244 1.8197 0.0079, -0.2159 1.8162 0.0, -0.2159 1.8162 0.0079, -0.2067 1.815 0.0, -0.2067 1.815 0.0079, -0.1975 1.8162 0.0, -0.1975 1.8162 0.0079, -0.189 1.8197 0.0, -0.189 1.8197 0.0079, -0.1816 1.8253 0.0, -0.1816 1.8253 0.0079, -0.176 1.8327 0.0, -0.176 1.8327 0.0079, -0.1725 1.8412 0.0, -0.1725 1.8412 0.0079, -0.1713 1.8504 0.0, -0.1713 1.8504 0.0079, -0.1713 1.9331 0.0079, -0.1713 1.9331 0.0, -0.2352 1.9724 0.0, -0.1782 1.9724 0.0, -0.3737 1.9685 0.0787, -0.3153 1.9685 0.0787, -0.373 1.9724 0.0787, -0.316 1.9724 0.0787, -0.3799 1.9331 0.0, -0.3799 1.8504 0.0, -0.3799 1.9331 0.0079, -0.3799 1.8504 0.0079, -0.3787 1.8412 0.0, -0.3787 1.8412 0.0079, -0.3752 1.8327 0.0, -0.3752 1.8327 0.0079, -0.3695 1.8253 0.0, -0.3695 1.8253 0.0079, -0.3622 1.8197 0.0, -0.3622 1.8197 0.0079, -0.3537 1.8162 0.0, -0.3537 1.8162 0.0079, -0.3445 1.815 0.0, -0.3445 1.815 0.0079, -0.3353 1.8162 0.0, -0.3353 1.8162 0.0079, -0.3268 1.8197 0.0, -0.3268 1.8197 0.0079, -0.3194 1.8253 0.0, -0.3194 1.8253 0.0079, -0.3138 1.8327 0.0, -0.3138 1.8327 0.0079, -0.3103 1.8412 0.0, -0.3103 1.8412 0.0079, -0.3091 1.8504 0.0, -0.3091 1.8504 0.0079, -0.3091 1.9331 0.0079, -0.3091 1.9331 0.0, -0.373 1.9724 0.0, -0.316 1.9724 0.0, -0.5115 1.9685 0.0787, -0.4531 1.9685 0.0787, -0.5108 1.9724 0.0787, -0.4538 1.9724 0.0787, -0.5177 1.9331 0.0, -0.5177 1.8504 0.0, -0.5177 1.9331 0.0079, -0.5177 1.8504 0.0079, -0.5165 1.8412 0.0, -0.5165 1.8412 0.0079, -0.513 1.8327 0.0, -0.513 1.8327 0.0079, -0.5073 1.8253 0.0, -0.5073 1.8253 0.0079, -0.5 1.8197 0.0, -0.5 1.8197 0.0079, -0.4915 1.8162 0.0, -0.4915 1.8162 0.0079, -0.4823 1.815 0.0, -0.4823 1.815 0.0079, -0.4731 1.8162 0.0, -0.4731 1.8162 0.0079, -0.4646 1.8197 0.0, -0.4646 1.8197 0.0079, -0.4572 1.8253 0.0, -0.4572 1.8253 0.0079, -0.4516 1.8327 0.0, -0.4516 1.8327 0.0079, -0.4481 1.8412 0.0, -0.4481 1.8412 0.0079, -0.4469 1.8504 0.0, -0.4469 1.8504 0.0079, -0.4469 1.9331 0.0079, -0.4469 1.9331 0.0, -0.5108 1.9724 0.0, -0.4538 1.9724 0.0, -0.6493 1.9685 0.0787, -0.5909 1.9685 0.0787, -0.6486 1.9724 0.0787, -0.5916 1.9724 0.0787, -0.6555 1.9331 0.0, -0.6555 1.8504 0.0, -0.6555 1.9331 0.0079, -0.6555 1.8504 0.0079, -0.6543 1.8412 0.0, -0.6543 1.8412 0.0079, -0.6508 1.8327 0.0, -0.6508 1.8327 0.0079, -0.6451 1.8253 0.0, -0.6451 1.8253 0.0079, -0.6378 1.8197 0.0, -0.6378 1.8197 0.0079, -0.6292 1.8162 0.0, -0.6292 1.8162 0.0079, -0.6201 1.815 0.0, -0.6201 1.815 0.0079, -0.6109 1.8162 0.0, -0.6109 1.8162 0.0079, -0.6024 1.8197 0.0, -0.6024 1.8197 0.0079, -0.595 1.8253 0.0, -0.595 1.8253 0.0079, -0.5894 1.8327 0.0, -0.5894 1.8327 0.0079, -0.5859 1.8412 0.0, -0.5859 1.8412 0.0079, -0.5846 1.8504 0.0, -0.5846 1.8504 0.0079, -0.5846 1.9331 0.0079, -0.5846 1.9331 0.0, -0.6486 1.9724 0.0, -0.5916 1.9724 0.0, -0.7871 1.9685 0.0787, -0.7287 1.9685 0.0787, -0.7864 1.9724 0.0787, -0.7294 1.9724 0.0787, -0.7933 1.9331 0.0, -0.7933 1.8504 0.0, -0.7933 1.9331 0.0079, -0.7933 1.8504 0.0079, -0.7921 1.8412 0.0, -0.7921 1.8412 0.0079, -0.7886 1.8327 0.0, -0.7886 1.8327 0.0079, -0.7829 1.8253 0.0, -0.7829 1.8253 0.0079, -0.7756 1.8197 0.0, -0.7756 1.8197 0.0079, -0.767 1.8162 0.0, -0.767 1.8162 0.0079, -0.7579 1.815 0.0, -0.7579 1.815 0.0079, -0.7487 1.8162 0.0, -0.7487 1.8162 0.0079, -0.7402 1.8197 0.0, -0.7402 1.8197 0.0079, -0.7328 1.8253 0.0, -0.7328 1.8253 0.0079, -0.7272 1.8327 0.0, -0.7272 1.8327 0.0079, -0.7236 1.8412 0.0, -0.7236 1.8412 0.0079, -0.7224 1.8504 0.0, -0.7224 1.8504 0.0079, -0.7224 1.9331 0.0079, -0.7224 1.9331 0.0, -0.7864 1.9724 0.0, -0.7294 1.9724 0.0, -0.9249 1.9685 0.0787, -0.8665 1.9685 0.0787, -0.9242 1.9724 0.0787, -0.8672 1.9724 0.0787, -0.9311 1.9331 0.0, -0.9311 1.8504 0.0, -0.9311 1.9331 0.0079, -0.9311 1.8504 0.0079, -0.9299 1.8412 0.0, -0.9299 1.8412 0.0079, -0.9264 1.8327 0.0, -0.9264 1.8327 0.0079, -0.9207 1.8253 0.0, -0.9207 1.8253 0.0079, -0.9134 1.8197 0.0, -0.9134 1.8197 0.0079, -0.9048 1.8162 0.0, -0.9048 1.8162 0.0079, -0.8957 1.815 0.0, -0.8957 1.815 0.0079, -0.8865 1.8162 0.0, -0.8865 1.8162 0.0079, -0.878 1.8197 0.0, -0.878 1.8197 0.0079, -0.8706 1.8253 0.0, -0.8706 1.8253 0.0079, -0.865 1.8327 0.0, -0.865 1.8327 0.0079, -0.8614 1.8412 0.0, -0.8614 1.8412 0.0079, -0.8602 1.8504 0.0, -0.8602 1.8504 0.0079, -0.8602 1.9331 0.0079, -0.8602 1.9331 0.0, -0.9242 1.9724 0.0, -0.8672 1.9724 0.0, -1.0626 1.9685 0.0787, -1.0043 1.9685 0.0787, -1.062 1.9724 0.0787, -1.005 1.9724 0.0787, -1.0689 1.9331 0.0, -1.0689 1.8504 0.0, -1.0689 1.9331 0.0079, -1.0689 1.8504 0.0079, -1.0677 1.8412 0.0, -1.0677 1.8412 0.0079, -1.0642 1.8327 0.0, -1.0642 1.8327 0.0079, -1.0585 1.8253 0.0, -1.0585 1.8253 0.0079, -1.0512 1.8197 0.0, -1.0512 1.8197 0.0079, -1.0426 1.8162 0.0, -1.0426 1.8162 0.0079, -1.0335 1.815 0.0, -1.0335 1.815 0.0079, -1.0243 1.8162 0.0, -1.0243 1.8162 0.0079, -1.0157 1.8197 0.0, -1.0157 1.8197 0.0079, -1.0084 1.8253 0.0, -1.0084 1.8253 0.0079, -1.0028 1.8327 0.0, -1.0028 1.8327 0.0079, -0.9992 1.8412 0.0, -0.9992 1.8412 0.0079, -0.998 1.8504 0.0, -0.998 1.8504 0.0079, -0.998 1.9331 0.0079, -0.998 1.9331 0.0, -1.062 1.9724 0.0, -1.005 1.9724 0.0, -1.2004 1.9685 0.0787, -1.1421 1.9685 0.0787, -1.1998 1.9724 0.0787, -1.1428 1.9724 0.0787, -1.2067 1.9331 0.0, -1.2067 1.8504 0.0, -1.2067 1.9331 0.0079, -1.2067 1.8504 0.0079, -1.2055 1.8412 0.0, -1.2055 1.8412 0.0079, -1.2019 1.8327 0.0, -1.2019 1.8327 0.0079, -1.1963 1.8253 0.0, -1.1963 1.8253 0.0079, -1.189 1.8197 0.0, -1.189 1.8197 0.0079, -1.1804 1.8162 0.0, -1.1804 1.8162 0.0079, -1.1713 1.815 0.0, -1.1713 1.815 0.0079, -1.1621 1.8162 0.0, -1.1621 1.8162 0.0079, -1.1535 1.8197 0.0, -1.1535 1.8197 0.0079, -1.1462 1.8253 0.0, -1.1462 1.8253 0.0079, -1.1406 1.8327 0.0, -1.1406 1.8327 0.0079, -1.137 1.8412 0.0, -1.137 1.8412 0.0079, -1.1358 1.8504 0.0, -1.1358 1.8504 0.0079, -1.1358 1.9331 0.0079, -1.1358 1.9331 0.0, -1.1998 1.9724 0.0, -1.1428 1.9724 0.0, -1.3382 1.9685 0.0787, -1.2799 1.9685 0.0787, -1.3375 1.9724 0.0787, -1.2806 1.9724 0.0787, -1.3445 1.9331 0.0, -1.3445 1.8504 0.0, -1.3445 1.9331 0.0079, -1.3445 1.8504 0.0079, -1.3433 1.8412 0.0, -1.3433 1.8412 0.0079, -1.3397 1.8327 0.0, -1.3397 1.8327 0.0079, -1.3341 1.8253 0.0, -1.3341 1.8253 0.0079, -1.3268 1.8197 0.0, -1.3268 1.8197 0.0079, -1.3182 1.8162 0.0, -1.3182 1.8162 0.0079, -1.3091 1.815 0.0, -1.3091 1.815 0.0079, -1.2999 1.8162 0.0, -1.2999 1.8162 0.0079, -1.2913 1.8197 0.0, -1.2913 1.8197 0.0079, -1.284 1.8253 0.0, -1.284 1.8253 0.0079, -1.2784 1.8327 0.0, -1.2784 1.8327 0.0079, -1.2748 1.8412 0.0, -1.2748 1.8412 0.0079, -1.2736 1.8504 0.0, -1.2736 1.8504 0.0079, -1.2736 1.9331 0.0079, -1.2736 1.9331 0.0, -1.3375 1.9724 0.0, -1.2806 1.9724 0.0, -1.476 1.9685 0.0787, -1.4177 1.9685 0.0787, -1.4753 1.9724 0.0787, -1.4184 1.9724 0.0787, -1.4823 1.9331 0.0, -1.4823 1.8504 0.0, -1.4823 1.9331 0.0079, -1.4823 1.8504 0.0079, -1.4811 1.8412 0.0, -1.4811 1.8412 0.0079, -1.4775 1.8327 0.0, -1.4775 1.8327 0.0079, -1.4719 1.8253 0.0, -1.4719 1.8253 0.0079, -1.4646 1.8197 0.0, -1.4646 1.8197 0.0079, -1.456 1.8162 0.0, -1.456 1.8162 0.0079, -1.4469 1.815 0.0, -1.4469 1.815 0.0079, -1.4377 1.8162 0.0, -1.4377 1.8162 0.0079, -1.4291 1.8197 0.0, -1.4291 1.8197 0.0079, -1.4218 1.8253 0.0, -1.4218 1.8253 0.0079, -1.4162 1.8327 0.0, -1.4162 1.8327 0.0079, -1.4126 1.8412 0.0, -1.4126 1.8412 0.0079, -1.4114 1.8504 0.0, -1.4114 1.8504 0.0079, -1.4114 1.9331 0.0079, -1.4114 1.9331 0.0, -1.4753 1.9724 0.0, -1.4184 1.9724 0.0, -1.6138 1.9685 0.0787, -1.5555 1.9685 0.0787, -1.6131 1.9724 0.0787, -1.5562 1.9724 0.0787, -1.6201 1.9331 0.0, -1.6201 1.8504 0.0, -1.6201 1.9331 0.0079, -1.6201 1.8504 0.0079, -1.6189 1.8412 0.0, -1.6189 1.8412 0.0079, -1.6153 1.8327 0.0, -1.6153 1.8327 0.0079, -1.6097 1.8253 0.0, -1.6097 1.8253 0.0079, -1.6024 1.8197 0.0, -1.6024 1.8197 0.0079, -1.5938 1.8162 0.0, -1.5938 1.8162 0.0079, -1.5846 1.815 0.0, -1.5846 1.815 0.0079, -1.5755 1.8162 0.0, -1.5755 1.8162 0.0079, -1.5669 1.8197 0.0, -1.5669 1.8197 0.0079, -1.5596 1.8253 0.0, -1.5596 1.8253 0.0079, -1.554 1.8327 0.0, -1.554 1.8327 0.0079, -1.5504 1.8412 0.0, -1.5504 1.8412 0.0079, -1.5492 1.8504 0.0, -1.5492 1.8504 0.0079, -1.5492 1.9331 0.0079, -1.5492 1.9331 0.0, -1.6131 1.9724 0.0, -1.5562 1.9724 0.0, -1.7516 1.9685 0.0787, -1.6933 1.9685 0.0787, -1.7509 1.9724 0.0787, -1.6939 1.9724 0.0787, -1.7579 1.9331 0.0079, -1.7579 1.9331 0.0, -1.7579 1.8986 0.0079, -1.7579 1.8986 0.0, -1.6898 1.8367 0.0079, -1.6898 1.8367 0.0, -1.6877 1.8434 0.0, -1.6877 1.8434 0.0079, -1.687 1.8504 0.0, -1.687 1.8504 0.0079, -1.687 1.9331 0.0079, -1.687 1.9331 0.0, -1.7509 1.9724 0.0, -1.6939 1.9724 0.0, 1.5555 1.9685 0.0079, 1.6138 1.9685 0.0079, 1.4177 1.9685 0.0079, 1.476 1.9685 0.0079, 1.2799 1.9685 0.0079, 1.3382 1.9685 0.0079, 1.1421 1.9685 0.0079, 1.2004 1.9685 0.0079, 1.0043 1.9685 0.0079, 1.0626 1.9685 0.0079, 0.8665 1.9685 0.0079, 0.9249 1.9685 0.0079, 0.7287 1.9685 0.0079, 0.7871 1.9685 0.0079, 0.5909 1.9685 0.0079, 0.6493 1.9685 0.0079, 0.4531 1.9685 0.0079, 0.5115 1.9685 0.0079, 0.3153 1.9685 0.0079, 0.3737 1.9685 0.0079, 0.1775 1.9685 0.0079, 0.2359 1.9685 0.0079, 0.0397 1.9685 0.0079, 0.0981 1.9685 0.0079, -0.0981 1.9685 0.0079, -0.0397 1.9685 0.0079, -0.2359 1.9685 0.0079, -0.1775 1.9685 0.0079, -0.3737 1.9685 0.0079, -0.3153 1.9685 0.0079, -0.5115 1.9685 0.0079, -0.4531 1.9685 0.0079, -0.6493 1.9685 0.0079, -0.5909 1.9685 0.0079, -0.7871 1.9685 0.0079, -0.7287 1.9685 0.0079, -0.9249 1.9685 0.0079, -0.8665 1.9685 0.0079, -1.0626 1.9685 0.0079, -1.0043 1.9685 0.0079, -1.2004 1.9685 0.0079, -1.1421 1.9685 0.0079, -1.3382 1.9685 0.0079, -1.2799 1.9685 0.0079, -1.476 1.9685 0.0079, -1.4177 1.9685 0.0079, -1.6138 1.9685 0.0079, -1.5555 1.9685 0.0079, -1.7516 1.9685 0.0079, -1.6933 1.9685 0.0079, 1.9331 -1.687 0.0, 1.8504 -1.687 0.0, 1.9331 -1.687 0.0079, 1.8504 -1.687 0.0079, 1.9685 -1.6933 0.0787, 1.9685 -1.7516 0.0787, 1.9724 -1.6939 0.0787, 1.9724 -1.7509 0.0787, 1.9724 -1.6939 0.0, 1.9724 -1.7509 0.0, 1.9685 -1.6933 0.0079, 1.9331 -1.7579 0.0079, 1.9331 -1.7579 0.0, 1.9685 -1.7516 0.0079, -1.687 -1.9331 0.0, -1.687 -1.8504 0.0, -1.687 -1.9331 0.0079, -1.687 -1.8504 0.0079, -1.6933 -1.9685 0.0787, -1.7516 -1.9685 0.0787, -1.6939 -1.9724 0.0787, -1.7509 -1.9724 0.0787, -1.6939 -1.9724 0.0, -1.7509 -1.9724 0.0, -1.6933 -1.9685 0.0079, -1.7579 -1.9331 0.0079, -1.7579 -1.9331 0.0, -1.7516 -1.9685 0.0079, -1.9331 1.687 0.0, -1.8504 1.687 0.0, -1.9331 1.687 0.0079, -1.8504 1.687 0.0079, -1.9685 1.6933 0.0787, -1.9685 1.7516 0.0787, -1.9724 1.6939 0.0787, -1.9724 1.7509 0.0787, -1.9724 1.6939 0.0, -1.9724 1.7509 0.0, -1.9685 1.6933 0.0079, -1.9331 1.7579 0.0079, -1.9331 1.7579 0.0, -1.9685 1.7516 0.0079, 1.9331 1.687 0.0079, 1.8504 1.687 0.0079, 1.9331 1.687 0.0, 1.8504 1.687 0.0, 1.8367 1.6898 0.0079, 1.8367 1.6898 0.0, 1.8434 1.6877 0.0, 1.8434 1.6877 0.0079, 1.9331 1.7579 0.0079, 1.9331 1.7579 0.0, 1.8986 1.7579 0.0079, 1.8986 1.7579 0.0, 1.9685 1.7516 0.0787, 1.9685 1.6933 0.0787, 1.9724 1.7509 0.0787, 1.9724 1.6939 0.0787, 1.9724 1.7509 0.0, 1.9724 1.6939 0.0, 1.9685 1.7516 0.0079, 1.9685 1.6933 0.0079, 1.687 -1.9331 0.0079, 1.687 -1.8504 0.0079, 1.687 -1.9331 0.0, 1.687 -1.8504 0.0, 1.6898 -1.8367 0.0079, 1.6898 -1.8367 0.0, 1.6877 -1.8434 0.0, 1.6877 -1.8434 0.0079, 1.7579 -1.9331 0.0079, 1.7579 -1.9331 0.0, 1.7579 -1.8986 0.0079, 1.7579 -1.8986 0.0, 1.7516 -1.9685 0.0787, 1.6933 -1.9685 0.0787, 1.7509 -1.9724 0.0787, 1.6939 -1.9724 0.0787, 1.7509 -1.9724 0.0, 1.6939 -1.9724 0.0, 1.7516 -1.9685 0.0079, 1.6933 -1.9685 0.0079, -1.9331 -1.687 0.0079, -1.8504 -1.687 0.0079, -1.9331 -1.687 0.0, -1.8504 -1.687 0.0, -1.8367 -1.6898 0.0079, -1.8367 -1.6898 0.0, -1.8434 -1.6877 0.0, -1.8434 -1.6877 0.0079, -1.9331 -1.7579 0.0079, -1.9331 -1.7579 0.0, -1.8986 -1.7579 0.0079, -1.8986 -1.7579 0.0, -1.9685 -1.7516 0.0787, -1.9685 -1.6933 0.0787, -1.9724 -1.7509 0.0787, -1.9724 -1.6939 0.0787, -1.9724 -1.7509 0.0, -1.9724 -1.6939 0.0, -1.9685 -1.7516 0.0079, -1.9685 -1.6933 0.0079, 1.9331 -1.6201 0.0079, 1.8504 -1.6201 0.0079, 1.9331 -1.6201 0.0, 1.8504 -1.6201 0.0, 1.8504 -1.5492 0.0079, 1.8504 -1.5492 0.0, 1.8412 -1.5504 0.0, 1.8412 -1.5504 0.0079, 1.8327 -1.554 0.0, 1.8327 -1.554 0.0079, 1.8253 -1.5596 0.0, 1.8253 -1.5596 0.0079, 1.8197 -1.5669 0.0, 1.8197 -1.5669 0.0079, 1.8162 -1.5755 0.0, 1.8162 -1.5755 0.0079, 1.815 -1.5846 0.0, 1.815 -1.5846 0.0079, 1.8162 -1.5938 0.0, 1.8162 -1.5938 0.0079, 1.8197 -1.6024 0.0, 1.8197 -1.6024 0.0079, 1.8253 -1.6097 0.0, 1.8253 -1.6097 0.0079, 1.8327 -1.6153 0.0, 1.8327 -1.6153 0.0079, 1.8412 -1.6189 0.0, 1.8412 -1.6189 0.0079, 1.9331 -1.5492 0.0, 1.9331 -1.5492 0.0079, 1.9685 -1.5555 0.0787, 1.9685 -1.6138 0.0787, 1.9724 -1.5562 0.0787, 1.9724 -1.6131 0.0787, 1.9724 -1.5562 0.0, 1.9724 -1.6131 0.0, 1.9685 -1.5555 0.0079, 1.9685 -1.6138 0.0079, -1.6201 -1.9331 0.0079, -1.6201 -1.8504 0.0079, -1.6201 -1.9331 0.0, -1.6201 -1.8504 0.0, -1.5492 -1.8504 0.0079, -1.5492 -1.8504 0.0, -1.5504 -1.8412 0.0, -1.5504 -1.8412 0.0079, -1.554 -1.8327 0.0, -1.554 -1.8327 0.0079, -1.5596 -1.8253 0.0, -1.5596 -1.8253 0.0079, -1.5669 -1.8197 0.0, -1.5669 -1.8197 0.0079, -1.5755 -1.8162 0.0, -1.5755 -1.8162 0.0079, -1.5846 -1.815 0.0, -1.5846 -1.815 0.0079, -1.5938 -1.8162 0.0, -1.5938 -1.8162 0.0079, -1.6024 -1.8197 0.0, -1.6024 -1.8197 0.0079, -1.6097 -1.8253 0.0, -1.6097 -1.8253 0.0079, -1.6153 -1.8327 0.0, -1.6153 -1.8327 0.0079, -1.6189 -1.8412 0.0, -1.6189 -1.8412 0.0079, -1.5492 -1.9331 0.0, -1.5492 -1.9331 0.0079, -1.5555 -1.9685 0.0787, -1.6138 -1.9685 0.0787, -1.5562 -1.9724 0.0787, -1.6131 -1.9724 0.0787, -1.5562 -1.9724 0.0, -1.6131 -1.9724 0.0, -1.5555 -1.9685 0.0079, -1.6138 -1.9685 0.0079, -1.9331 1.6201 0.0079, -1.8504 1.6201 0.0079, -1.9331 1.6201 0.0, -1.8504 1.6201 0.0, -1.8504 1.5492 0.0079, -1.8504 1.5492 0.0, -1.8412 1.5504 0.0, -1.8412 1.5504 0.0079, -1.8327 1.554 0.0, -1.8327 1.554 0.0079, -1.8253 1.5596 0.0, -1.8253 1.5596 0.0079, -1.8197 1.5669 0.0, -1.8197 1.5669 0.0079, -1.8162 1.5755 0.0, -1.8162 1.5755 0.0079, -1.815 1.5846 0.0, -1.815 1.5846 0.0079, -1.8162 1.5938 0.0, -1.8162 1.5938 0.0079, -1.8197 1.6024 0.0, -1.8197 1.6024 0.0079, -1.8253 1.6097 0.0, -1.8253 1.6097 0.0079, -1.8327 1.6153 0.0, -1.8327 1.6153 0.0079, -1.8412 1.6189 0.0, -1.8412 1.6189 0.0079, -1.9331 1.5492 0.0, -1.9331 1.5492 0.0079, -1.9685 1.5555 0.0787, -1.9685 1.6138 0.0787, -1.9724 1.5562 0.0787, -1.9724 1.6131 0.0787, -1.9724 1.5562 0.0, -1.9724 1.6131 0.0, -1.9685 1.5555 0.0079, -1.9685 1.6138 0.0079, 1.9331 -1.4823 0.0079, 1.8504 -1.4823 0.0079, 1.9331 -1.4823 0.0, 1.8504 -1.4823 0.0, 1.8504 -1.4114 0.0079, 1.8504 -1.4114 0.0, 1.8412 -1.4126 0.0, 1.8412 -1.4126 0.0079, 1.8327 -1.4162 0.0, 1.8327 -1.4162 0.0079, 1.8253 -1.4218 0.0, 1.8253 -1.4218 0.0079, 1.8197 -1.4291 0.0, 1.8197 -1.4291 0.0079, 1.8162 -1.4377 0.0, 1.8162 -1.4377 0.0079, 1.815 -1.4469 0.0, 1.815 -1.4469 0.0079, 1.8162 -1.456 0.0, 1.8162 -1.456 0.0079, 1.8197 -1.4646 0.0, 1.8197 -1.4646 0.0079, 1.8253 -1.4719 0.0, 1.8253 -1.4719 0.0079, 1.8327 -1.4775 0.0, 1.8327 -1.4775 0.0079, 1.8412 -1.4811 0.0, 1.8412 -1.4811 0.0079, 1.9331 -1.4114 0.0, 1.9331 -1.4114 0.0079, 1.9685 -1.4177 0.0787, 1.9685 -1.476 0.0787, 1.9724 -1.4184 0.0787, 1.9724 -1.4753 0.0787, 1.9724 -1.4184 0.0, 1.9724 -1.4753 0.0, 1.9685 -1.4177 0.0079, 1.9685 -1.476 0.0079, -1.4823 -1.9331 0.0079, -1.4823 -1.8504 0.0079, -1.4823 -1.9331 0.0, -1.4823 -1.8504 0.0, -1.4114 -1.8504 0.0079, -1.4114 -1.8504 0.0, -1.4126 -1.8412 0.0, -1.4126 -1.8412 0.0079, -1.4162 -1.8327 0.0, -1.4162 -1.8327 0.0079, -1.4218 -1.8253 0.0, -1.4218 -1.8253 0.0079, -1.4291 -1.8197 0.0, -1.4291 -1.8197 0.0079, -1.4377 -1.8162 0.0, -1.4377 -1.8162 0.0079, -1.4469 -1.815 0.0, -1.4469 -1.815 0.0079, -1.456 -1.8162 0.0, -1.456 -1.8162 0.0079, -1.4646 -1.8197 0.0, -1.4646 -1.8197 0.0079, -1.4719 -1.8253 0.0, -1.4719 -1.8253 0.0079, -1.4775 -1.8327 0.0, -1.4775 -1.8327 0.0079, -1.4811 -1.8412 0.0, -1.4811 -1.8412 0.0079, -1.4114 -1.9331 0.0, -1.4114 -1.9331 0.0079, -1.4177 -1.9685 0.0787, -1.476 -1.9685 0.0787, -1.4184 -1.9724 0.0787, -1.4753 -1.9724 0.0787, -1.4184 -1.9724 0.0, -1.4753 -1.9724 0.0, -1.4177 -1.9685 0.0079, -1.476 -1.9685 0.0079, -1.9331 1.4823 0.0079, -1.8504 1.4823 0.0079, -1.9331 1.4823 0.0, -1.8504 1.4823 0.0, -1.8504 1.4114 0.0079, -1.8504 1.4114 0.0, -1.8412 1.4126 0.0, -1.8412 1.4126 0.0079, -1.8327 1.4162 0.0, -1.8327 1.4162 0.0079, -1.8253 1.4218 0.0, -1.8253 1.4218 0.0079, -1.8197 1.4291 0.0, -1.8197 1.4291 0.0079, -1.8162 1.4377 0.0, -1.8162 1.4377 0.0079, -1.815 1.4469 0.0, -1.815 1.4469 0.0079, -1.8162 1.456 0.0, -1.8162 1.456 0.0079, -1.8197 1.4646 0.0, -1.8197 1.4646 0.0079, -1.8253 1.4719 0.0, -1.8253 1.4719 0.0079, -1.8327 1.4775 0.0, -1.8327 1.4775 0.0079, -1.8412 1.4811 0.0, -1.8412 1.4811 0.0079, -1.9331 1.4114 0.0, -1.9331 1.4114 0.0079, -1.9685 1.4177 0.0787, -1.9685 1.476 0.0787, -1.9724 1.4184 0.0787, -1.9724 1.4753 0.0787, -1.9724 1.4184 0.0, -1.9724 1.4753 0.0, -1.9685 1.4177 0.0079, -1.9685 1.476 0.0079, 1.9331 -1.3445 0.0079, 1.8504 -1.3445 0.0079, 1.9331 -1.3445 0.0, 1.8504 -1.3445 0.0, 1.8504 -1.2736 0.0079, 1.8504 -1.2736 0.0, 1.8412 -1.2748 0.0, 1.8412 -1.2748 0.0079, 1.8327 -1.2784 0.0, 1.8327 -1.2784 0.0079, 1.8253 -1.284 0.0, 1.8253 -1.284 0.0079, 1.8197 -1.2913 0.0, 1.8197 -1.2913 0.0079, 1.8162 -1.2999 0.0, 1.8162 -1.2999 0.0079, 1.815 -1.3091 0.0, 1.815 -1.3091 0.0079, 1.8162 -1.3182 0.0, 1.8162 -1.3182 0.0079, 1.8197 -1.3268 0.0, 1.8197 -1.3268 0.0079, 1.8253 -1.3341 0.0, 1.8253 -1.3341 0.0079, 1.8327 -1.3397 0.0, 1.8327 -1.3397 0.0079, 1.8412 -1.3433 0.0, 1.8412 -1.3433 0.0079, 1.9331 -1.2736 0.0, 1.9331 -1.2736 0.0079, 1.9685 -1.2799 0.0787, 1.9685 -1.3382 0.0787, 1.9724 -1.2806 0.0787, 1.9724 -1.3375 0.0787, 1.9724 -1.2806 0.0, 1.9724 -1.3375 0.0, 1.9685 -1.2799 0.0079, 1.9685 -1.3382 0.0079, -1.3445 -1.9331 0.0079, -1.3445 -1.8504 0.0079, -1.3445 -1.9331 0.0, -1.3445 -1.8504 0.0, -1.2736 -1.8504 0.0079, -1.2736 -1.8504 0.0, -1.2748 -1.8412 0.0, -1.2748 -1.8412 0.0079, -1.2784 -1.8327 0.0, -1.2784 -1.8327 0.0079, -1.284 -1.8253 0.0, -1.284 -1.8253 0.0079, -1.2913 -1.8197 0.0, -1.2913 -1.8197 0.0079, -1.2999 -1.8162 0.0, -1.2999 -1.8162 0.0079, -1.3091 -1.815 0.0, -1.3091 -1.815 0.0079, -1.3182 -1.8162 0.0, -1.3182 -1.8162 0.0079, -1.3268 -1.8197 0.0, -1.3268 -1.8197 0.0079, -1.3341 -1.8253 0.0, -1.3341 -1.8253 0.0079, -1.3397 -1.8327 0.0, -1.3397 -1.8327 0.0079, -1.3433 -1.8412 0.0, -1.3433 -1.8412 0.0079, -1.2736 -1.9331 0.0, -1.2736 -1.9331 0.0079, -1.2799 -1.9685 0.0787, -1.3382 -1.9685 0.0787, -1.2806 -1.9724 0.0787, -1.3375 -1.9724 0.0787, -1.2806 -1.9724 0.0, -1.3375 -1.9724 0.0, -1.2799 -1.9685 0.0079, -1.3382 -1.9685 0.0079, -1.9331 1.3445 0.0079, -1.8504 1.3445 0.0079, -1.9331 1.3445 0.0, -1.8504 1.3445 0.0, -1.8504 1.2736 0.0079, -1.8504 1.2736 0.0, -1.8412 1.2748 0.0, -1.8412 1.2748 0.0079, -1.8327 1.2784 0.0, -1.8327 1.2784 0.0079, -1.8253 1.284 0.0, -1.8253 1.284 0.0079, -1.8197 1.2913 0.0, -1.8197 1.2913 0.0079, -1.8162 1.2999 0.0, -1.8162 1.2999 0.0079, -1.815 1.3091 0.0, -1.815 1.3091 0.0079, -1.8162 1.3182 0.0, -1.8162 1.3182 0.0079, -1.8197 1.3268 0.0, -1.8197 1.3268 0.0079, -1.8253 1.3341 0.0, -1.8253 1.3341 0.0079, -1.8327 1.3397 0.0, -1.8327 1.3397 0.0079, -1.8412 1.3433 0.0, -1.8412 1.3433 0.0079, -1.9331 1.2736 0.0, -1.9331 1.2736 0.0079, -1.9685 1.2799 0.0787, -1.9685 1.3382 0.0787, -1.9724 1.2806 0.0787, -1.9724 1.3375 0.0787, -1.9724 1.2806 0.0, -1.9724 1.3375 0.0, -1.9685 1.2799 0.0079, -1.9685 1.3382 0.0079, 1.9331 -1.2067 0.0079, 1.8504 -1.2067 0.0079, 1.9331 -1.2067 0.0, 1.8504 -1.2067 0.0, 1.8504 -1.1358 0.0079, 1.8504 -1.1358 0.0, 1.8412 -1.137 0.0, 1.8412 -1.137 0.0079, 1.8327 -1.1406 0.0, 1.8327 -1.1406 0.0079, 1.8253 -1.1462 0.0, 1.8253 -1.1462 0.0079, 1.8197 -1.1535 0.0, 1.8197 -1.1535 0.0079, 1.8162 -1.1621 0.0, 1.8162 -1.1621 0.0079, 1.815 -1.1713 0.0, 1.815 -1.1713 0.0079, 1.8162 -1.1804 0.0, 1.8162 -1.1804 0.0079, 1.8197 -1.189 0.0, 1.8197 -1.189 0.0079, 1.8253 -1.1963 0.0, 1.8253 -1.1963 0.0079, 1.8327 -1.2019 0.0, 1.8327 -1.2019 0.0079, 1.8412 -1.2055 0.0, 1.8412 -1.2055 0.0079, 1.9331 -1.1358 0.0, 1.9331 -1.1358 0.0079, 1.9685 -1.1421 0.0787, 1.9685 -1.2004 0.0787, 1.9724 -1.1428 0.0787, 1.9724 -1.1998 0.0787, 1.9724 -1.1428 0.0, 1.9724 -1.1998 0.0, 1.9685 -1.1421 0.0079, 1.9685 -1.2004 0.0079, -1.2067 -1.9331 0.0079, -1.2067 -1.8504 0.0079, -1.2067 -1.9331 0.0, -1.2067 -1.8504 0.0, -1.1358 -1.8504 0.0079, -1.1358 -1.8504 0.0, -1.137 -1.8412 0.0, -1.137 -1.8412 0.0079, -1.1406 -1.8327 0.0, -1.1406 -1.8327 0.0079, -1.1462 -1.8253 0.0, -1.1462 -1.8253 0.0079, -1.1535 -1.8197 0.0, -1.1535 -1.8197 0.0079, -1.1621 -1.8162 0.0, -1.1621 -1.8162 0.0079, -1.1713 -1.815 0.0, -1.1713 -1.815 0.0079, -1.1804 -1.8162 0.0, -1.1804 -1.8162 0.0079, -1.189 -1.8197 0.0, -1.189 -1.8197 0.0079, -1.1963 -1.8253 0.0, -1.1963 -1.8253 0.0079, -1.2019 -1.8327 0.0, -1.2019 -1.8327 0.0079, -1.2055 -1.8412 0.0, -1.2055 -1.8412 0.0079, -1.1358 -1.9331 0.0, -1.1358 -1.9331 0.0079, -1.1421 -1.9685 0.0787, -1.2004 -1.9685 0.0787, -1.1428 -1.9724 0.0787, -1.1998 -1.9724 0.0787, -1.1428 -1.9724 0.0, -1.1998 -1.9724 0.0, -1.1421 -1.9685 0.0079, -1.2004 -1.9685 0.0079, -1.9331 1.2067 0.0079, -1.8504 1.2067 0.0079, -1.9331 1.2067 0.0, -1.8504 1.2067 0.0, -1.8504 1.1358 0.0079, -1.8504 1.1358 0.0, -1.8412 1.137 0.0, -1.8412 1.137 0.0079, -1.8327 1.1406 0.0, -1.8327 1.1406 0.0079, -1.8253 1.1462 0.0, -1.8253 1.1462 0.0079, -1.8197 1.1535 0.0, -1.8197 1.1535 0.0079, -1.8162 1.1621 0.0, -1.8162 1.1621 0.0079, -1.815 1.1713 0.0, -1.815 1.1713 0.0079, -1.8162 1.1804 0.0, -1.8162 1.1804 0.0079, -1.8197 1.189 0.0, -1.8197 1.189 0.0079, -1.8253 1.1963 0.0, -1.8253 1.1963 0.0079, -1.8327 1.2019 0.0, -1.8327 1.2019 0.0079, -1.8412 1.2055 0.0, -1.8412 1.2055 0.0079, -1.9331 1.1358 0.0, -1.9331 1.1358 0.0079, -1.9685 1.1421 0.0787, -1.9685 1.2004 0.0787, -1.9724 1.1428 0.0787, -1.9724 1.1998 0.0787, -1.9724 1.1428 0.0, -1.9724 1.1998 0.0, -1.9685 1.1421 0.0079, -1.9685 1.2004 0.0079, 1.9331 -1.0689 0.0079, 1.8504 -1.0689 0.0079, 1.9331 -1.0689 0.0, 1.8504 -1.0689 0.0, 1.8504 -0.998 0.0079, 1.8504 -0.998 0.0, 1.8412 -0.9992 0.0, 1.8412 -0.9992 0.0079, 1.8327 -1.0028 0.0, 1.8327 -1.0028 0.0079, 1.8253 -1.0084 0.0, 1.8253 -1.0084 0.0079, 1.8197 -1.0157 0.0, 1.8197 -1.0157 0.0079, 1.8162 -1.0243 0.0, 1.8162 -1.0243 0.0079, 1.815 -1.0335 0.0, 1.815 -1.0335 0.0079, 1.8162 -1.0426 0.0, 1.8162 -1.0426 0.0079, 1.8197 -1.0512 0.0, 1.8197 -1.0512 0.0079, 1.8253 -1.0585 0.0, 1.8253 -1.0585 0.0079, 1.8327 -1.0642 0.0, 1.8327 -1.0642 0.0079, 1.8412 -1.0677 0.0, 1.8412 -1.0677 0.0079, 1.9331 -0.998 0.0, 1.9331 -0.998 0.0079, 1.9685 -1.0043 0.0787, 1.9685 -1.0626 0.0787, 1.9724 -1.005 0.0787, 1.9724 -1.062 0.0787, 1.9724 -1.005 0.0, 1.9724 -1.062 0.0, 1.9685 -1.0043 0.0079, 1.9685 -1.0626 0.0079, -1.0689 -1.9331 0.0079, -1.0689 -1.8504 0.0079, -1.0689 -1.9331 0.0, -1.0689 -1.8504 0.0, -0.998 -1.8504 0.0079, -0.998 -1.8504 0.0, -0.9992 -1.8412 0.0, -0.9992 -1.8412 0.0079, -1.0028 -1.8327 0.0, -1.0028 -1.8327 0.0079, -1.0084 -1.8253 0.0, -1.0084 -1.8253 0.0079, -1.0157 -1.8197 0.0, -1.0157 -1.8197 0.0079, -1.0243 -1.8162 0.0, -1.0243 -1.8162 0.0079, -1.0335 -1.815 0.0, -1.0335 -1.815 0.0079, -1.0426 -1.8162 0.0, -1.0426 -1.8162 0.0079, -1.0512 -1.8197 0.0, -1.0512 -1.8197 0.0079, -1.0585 -1.8253 0.0, -1.0585 -1.8253 0.0079, -1.0642 -1.8327 0.0, -1.0642 -1.8327 0.0079, -1.0677 -1.8412 0.0, -1.0677 -1.8412 0.0079, -0.998 -1.9331 0.0, -0.998 -1.9331 0.0079, -1.0043 -1.9685 0.0787, -1.0626 -1.9685 0.0787, -1.005 -1.9724 0.0787, -1.062 -1.9724 0.0787, -1.005 -1.9724 0.0, -1.062 -1.9724 0.0, -1.0043 -1.9685 0.0079, -1.0626 -1.9685 0.0079, -1.9331 1.0689 0.0079, -1.8504 1.0689 0.0079, -1.9331 1.0689 0.0, -1.8504 1.0689 0.0, -1.8504 0.998 0.0079, -1.8504 0.998 0.0, -1.8412 0.9992 0.0, -1.8412 0.9992 0.0079, -1.8327 1.0028 0.0, -1.8327 1.0028 0.0079, -1.8253 1.0084 0.0, -1.8253 1.0084 0.0079, -1.8197 1.0157 0.0, -1.8197 1.0157 0.0079, -1.8162 1.0243 0.0, -1.8162 1.0243 0.0079, -1.815 1.0335 0.0, -1.815 1.0335 0.0079, -1.8162 1.0426 0.0, -1.8162 1.0426 0.0079, -1.8197 1.0512 0.0, -1.8197 1.0512 0.0079, -1.8253 1.0585 0.0, -1.8253 1.0585 0.0079, -1.8327 1.0642 0.0, -1.8327 1.0642 0.0079, -1.8412 1.0677 0.0, -1.8412 1.0677 0.0079, -1.9331 0.998 0.0, -1.9331 0.998 0.0079, -1.9685 1.0043 0.0787, -1.9685 1.0626 0.0787, -1.9724 1.005 0.0787, -1.9724 1.062 0.0787, -1.9724 1.005 0.0, -1.9724 1.062 0.0, -1.9685 1.0043 0.0079, -1.9685 1.0626 0.0079, 1.9331 -0.9311 0.0079, 1.8504 -0.9311 0.0079, 1.9331 -0.9311 0.0, 1.8504 -0.9311 0.0, 1.8504 -0.8602 0.0079, 1.8504 -0.8602 0.0, 1.8412 -0.8614 0.0, 1.8412 -0.8614 0.0079, 1.8327 -0.865 0.0, 1.8327 -0.865 0.0079, 1.8253 -0.8706 0.0, 1.8253 -0.8706 0.0079, 1.8197 -0.878 0.0, 1.8197 -0.878 0.0079, 1.8162 -0.8865 0.0, 1.8162 -0.8865 0.0079, 1.815 -0.8957 0.0, 1.815 -0.8957 0.0079, 1.8162 -0.9048 0.0, 1.8162 -0.9048 0.0079, 1.8197 -0.9134 0.0, 1.8197 -0.9134 0.0079, 1.8253 -0.9207 0.0, 1.8253 -0.9207 0.0079, 1.8327 -0.9264 0.0, 1.8327 -0.9264 0.0079, 1.8412 -0.9299 0.0, 1.8412 -0.9299 0.0079, 1.9331 -0.8602 0.0, 1.9331 -0.8602 0.0079, 1.9685 -0.8665 0.0787, 1.9685 -0.9249 0.0787, 1.9724 -0.8672 0.0787, 1.9724 -0.9242 0.0787, 1.9724 -0.8672 0.0, 1.9724 -0.9242 0.0, 1.9685 -0.8665 0.0079, 1.9685 -0.9249 0.0079, -0.9311 -1.9331 0.0079, -0.9311 -1.8504 0.0079, -0.9311 -1.9331 0.0, -0.9311 -1.8504 0.0, -0.8602 -1.8504 0.0079, -0.8602 -1.8504 0.0, -0.8614 -1.8412 0.0, -0.8614 -1.8412 0.0079, -0.865 -1.8327 0.0, -0.865 -1.8327 0.0079, -0.8706 -1.8253 0.0, -0.8706 -1.8253 0.0079, -0.878 -1.8197 0.0, -0.878 -1.8197 0.0079, -0.8865 -1.8162 0.0, -0.8865 -1.8162 0.0079, -0.8957 -1.815 0.0, -0.8957 -1.815 0.0079, -0.9048 -1.8162 0.0, -0.9048 -1.8162 0.0079, -0.9134 -1.8197 0.0, -0.9134 -1.8197 0.0079, -0.9207 -1.8253 0.0, -0.9207 -1.8253 0.0079, -0.9264 -1.8327 0.0, -0.9264 -1.8327 0.0079, -0.9299 -1.8412 0.0, -0.9299 -1.8412 0.0079, -0.8602 -1.9331 0.0, -0.8602 -1.9331 0.0079, -0.8665 -1.9685 0.0787, -0.9249 -1.9685 0.0787, -0.8672 -1.9724 0.0787, -0.9242 -1.9724 0.0787, -0.8672 -1.9724 0.0, -0.9242 -1.9724 0.0, -0.8665 -1.9685 0.0079, -0.9249 -1.9685 0.0079, -1.9331 0.9311 0.0079, -1.8504 0.9311 0.0079, -1.9331 0.9311 0.0, -1.8504 0.9311 0.0, -1.8504 0.8602 0.0079, -1.8504 0.8602 0.0, -1.8412 0.8614 0.0, -1.8412 0.8614 0.0079, -1.8327 0.865 0.0, -1.8327 0.865 0.0079, -1.8253 0.8706 0.0, -1.8253 0.8706 0.0079, -1.8197 0.878 0.0, -1.8197 0.878 0.0079, -1.8162 0.8865 0.0, -1.8162 0.8865 0.0079, -1.815 0.8957 0.0, -1.815 0.8957 0.0079, -1.8162 0.9048 0.0, -1.8162 0.9048 0.0079, -1.8197 0.9134 0.0, -1.8197 0.9134 0.0079, -1.8253 0.9207 0.0, -1.8253 0.9207 0.0079, -1.8327 0.9264 0.0, -1.8327 0.9264 0.0079, -1.8412 0.9299 0.0, -1.8412 0.9299 0.0079, -1.9331 0.8602 0.0, -1.9331 0.8602 0.0079, -1.9685 0.8665 0.0787, -1.9685 0.9249 0.0787, -1.9724 0.8672 0.0787, -1.9724 0.9242 0.0787, -1.9724 0.8672 0.0, -1.9724 0.9242 0.0, -1.9685 0.8665 0.0079, -1.9685 0.9249 0.0079, 1.9331 -0.7933 0.0079, 1.8504 -0.7933 0.0079, 1.9331 -0.7933 0.0, 1.8504 -0.7933 0.0, 1.8504 -0.7224 0.0079, 1.8504 -0.7224 0.0, 1.8412 -0.7236 0.0, 1.8412 -0.7236 0.0079, 1.8327 -0.7272 0.0, 1.8327 -0.7272 0.0079, 1.8253 -0.7328 0.0, 1.8253 -0.7328 0.0079, 1.8197 -0.7402 0.0, 1.8197 -0.7402 0.0079, 1.8162 -0.7487 0.0, 1.8162 -0.7487 0.0079, 1.815 -0.7579 0.0, 1.815 -0.7579 0.0079, 1.8162 -0.767 0.0, 1.8162 -0.767 0.0079, 1.8197 -0.7756 0.0, 1.8197 -0.7756 0.0079, 1.8253 -0.7829 0.0, 1.8253 -0.7829 0.0079, 1.8327 -0.7886 0.0, 1.8327 -0.7886 0.0079, 1.8412 -0.7921 0.0, 1.8412 -0.7921 0.0079, 1.9331 -0.7224 0.0, 1.9331 -0.7224 0.0079, 1.9685 -0.7287 0.0787, 1.9685 -0.7871 0.0787, 1.9724 -0.7294 0.0787, 1.9724 -0.7864 0.0787, 1.9724 -0.7294 0.0, 1.9724 -0.7864 0.0, 1.9685 -0.7287 0.0079, 1.9685 -0.7871 0.0079, -0.7933 -1.9331 0.0079, -0.7933 -1.8504 0.0079, -0.7933 -1.9331 0.0, -0.7933 -1.8504 0.0, -0.7224 -1.8504 0.0079, -0.7224 -1.8504 0.0, -0.7236 -1.8412 0.0, -0.7236 -1.8412 0.0079, -0.7272 -1.8327 0.0, -0.7272 -1.8327 0.0079, -0.7328 -1.8253 0.0, -0.7328 -1.8253 0.0079, -0.7402 -1.8197 0.0, -0.7402 -1.8197 0.0079, -0.7487 -1.8162 0.0, -0.7487 -1.8162 0.0079, -0.7579 -1.815 0.0, -0.7579 -1.815 0.0079, -0.767 -1.8162 0.0, -0.767 -1.8162 0.0079, -0.7756 -1.8197 0.0, -0.7756 -1.8197 0.0079, -0.7829 -1.8253 0.0, -0.7829 -1.8253 0.0079, -0.7886 -1.8327 0.0, -0.7886 -1.8327 0.0079, -0.7921 -1.8412 0.0, -0.7921 -1.8412 0.0079, -0.7224 -1.9331 0.0, -0.7224 -1.9331 0.0079, -0.7287 -1.9685 0.0787, -0.7871 -1.9685 0.0787, -0.7294 -1.9724 0.0787, -0.7864 -1.9724 0.0787, -0.7294 -1.9724 0.0, -0.7864 -1.9724 0.0, -0.7287 -1.9685 0.0079, -0.7871 -1.9685 0.0079, -1.9331 0.7933 0.0079, -1.8504 0.7933 0.0079, -1.9331 0.7933 0.0, -1.8504 0.7933 0.0, -1.8504 0.7224 0.0079, -1.8504 0.7224 0.0, -1.8412 0.7236 0.0, -1.8412 0.7236 0.0079, -1.8327 0.7272 0.0, -1.8327 0.7272 0.0079, -1.8253 0.7328 0.0, -1.8253 0.7328 0.0079, -1.8197 0.7402 0.0, -1.8197 0.7402 0.0079, -1.8162 0.7487 0.0, -1.8162 0.7487 0.0079, -1.815 0.7579 0.0, -1.815 0.7579 0.0079, -1.8162 0.767 0.0, -1.8162 0.767 0.0079, -1.8197 0.7756 0.0, -1.8197 0.7756 0.0079, -1.8253 0.7829 0.0, -1.8253 0.7829 0.0079, -1.8327 0.7886 0.0, -1.8327 0.7886 0.0079, -1.8412 0.7921 0.0, -1.8412 0.7921 0.0079, -1.9331 0.7224 0.0, -1.9331 0.7224 0.0079, -1.9685 0.7287 0.0787, -1.9685 0.7871 0.0787, -1.9724 0.7294 0.0787, -1.9724 0.7864 0.0787, -1.9724 0.7294 0.0, -1.9724 0.7864 0.0, -1.9685 0.7287 0.0079, -1.9685 0.7871 0.0079, 1.9331 -0.6555 0.0079, 1.8504 -0.6555 0.0079, 1.9331 -0.6555 0.0, 1.8504 -0.6555 0.0, 1.8504 -0.5846 0.0079, 1.8504 -0.5846 0.0, 1.8412 -0.5859 0.0, 1.8412 -0.5859 0.0079, 1.8327 -0.5894 0.0, 1.8327 -0.5894 0.0079, 1.8253 -0.595 0.0, 1.8253 -0.595 0.0079, 1.8197 -0.6024 0.0, 1.8197 -0.6024 0.0079, 1.8162 -0.6109 0.0, 1.8162 -0.6109 0.0079, 1.815 -0.6201 0.0, 1.815 -0.6201 0.0079, 1.8162 -0.6292 0.0, 1.8162 -0.6292 0.0079, 1.8197 -0.6378 0.0, 1.8197 -0.6378 0.0079, 1.8253 -0.6451 0.0, 1.8253 -0.6451 0.0079, 1.8327 -0.6508 0.0, 1.8327 -0.6508 0.0079, 1.8412 -0.6543 0.0, 1.8412 -0.6543 0.0079, 1.9331 -0.5846 0.0, 1.9331 -0.5846 0.0079, 1.9685 -0.5909 0.0787, 1.9685 -0.6493 0.0787, 1.9724 -0.5916 0.0787, 1.9724 -0.6486 0.0787, 1.9724 -0.5916 0.0, 1.9724 -0.6486 0.0, 1.9685 -0.5909 0.0079, 1.9685 -0.6493 0.0079, -0.6555 -1.9331 0.0079, -0.6555 -1.8504 0.0079, -0.6555 -1.9331 0.0, -0.6555 -1.8504 0.0, -0.5846 -1.8504 0.0079, -0.5846 -1.8504 0.0, -0.5859 -1.8412 0.0, -0.5859 -1.8412 0.0079, -0.5894 -1.8327 0.0, -0.5894 -1.8327 0.0079, -0.595 -1.8253 0.0, -0.595 -1.8253 0.0079, -0.6024 -1.8197 0.0, -0.6024 -1.8197 0.0079, -0.6109 -1.8162 0.0, -0.6109 -1.8162 0.0079, -0.6201 -1.815 0.0, -0.6201 -1.815 0.0079, -0.6292 -1.8162 0.0, -0.6292 -1.8162 0.0079, -0.6378 -1.8197 0.0, -0.6378 -1.8197 0.0079, -0.6451 -1.8253 0.0, -0.6451 -1.8253 0.0079, -0.6508 -1.8327 0.0, -0.6508 -1.8327 0.0079, -0.6543 -1.8412 0.0, -0.6543 -1.8412 0.0079, -0.5846 -1.9331 0.0, -0.5846 -1.9331 0.0079, -0.5909 -1.9685 0.0787, -0.6493 -1.9685 0.0787, -0.5916 -1.9724 0.0787, -0.6486 -1.9724 0.0787, -0.5916 -1.9724 0.0, -0.6486 -1.9724 0.0, -0.5909 -1.9685 0.0079, -0.6493 -1.9685 0.0079, -1.9331 0.6555 0.0079, -1.8504 0.6555 0.0079, -1.9331 0.6555 0.0, -1.8504 0.6555 0.0, -1.8504 0.5846 0.0079, -1.8504 0.5846 0.0, -1.8412 0.5859 0.0, -1.8412 0.5859 0.0079, -1.8327 0.5894 0.0, -1.8327 0.5894 0.0079, -1.8253 0.595 0.0, -1.8253 0.595 0.0079, -1.8197 0.6024 0.0, -1.8197 0.6024 0.0079, -1.8162 0.6109 0.0, -1.8162 0.6109 0.0079, -1.815 0.6201 0.0, -1.815 0.6201 0.0079, -1.8162 0.6292 0.0, -1.8162 0.6292 0.0079, -1.8197 0.6378 0.0, -1.8197 0.6378 0.0079, -1.8253 0.6451 0.0, -1.8253 0.6451 0.0079, -1.8327 0.6508 0.0, -1.8327 0.6508 0.0079, -1.8412 0.6543 0.0, -1.8412 0.6543 0.0079, -1.9331 0.5846 0.0, -1.9331 0.5846 0.0079, -1.9685 0.5909 0.0787, -1.9685 0.6493 0.0787, -1.9724 0.5916 0.0787, -1.9724 0.6486 0.0787, -1.9724 0.5916 0.0, -1.9724 0.6486 0.0, -1.9685 0.5909 0.0079, -1.9685 0.6493 0.0079, 1.9331 -0.5177 0.0079, 1.8504 -0.5177 0.0079, 1.9331 -0.5177 0.0, 1.8504 -0.5177 0.0, 1.8504 -0.4469 0.0079, 1.8504 -0.4469 0.0, 1.8412 -0.4481 0.0, 1.8412 -0.4481 0.0079, 1.8327 -0.4516 0.0, 1.8327 -0.4516 0.0079, 1.8253 -0.4572 0.0, 1.8253 -0.4572 0.0079, 1.8197 -0.4646 0.0, 1.8197 -0.4646 0.0079, 1.8162 -0.4731 0.0, 1.8162 -0.4731 0.0079, 1.815 -0.4823 0.0, 1.815 -0.4823 0.0079, 1.8162 -0.4915 0.0, 1.8162 -0.4915 0.0079, 1.8197 -0.5 0.0, 1.8197 -0.5 0.0079, 1.8253 -0.5073 0.0, 1.8253 -0.5073 0.0079, 1.8327 -0.513 0.0, 1.8327 -0.513 0.0079, 1.8412 -0.5165 0.0, 1.8412 -0.5165 0.0079, 1.9331 -0.4469 0.0, 1.9331 -0.4469 0.0079, 1.9685 -0.4531 0.0787, 1.9685 -0.5115 0.0787, 1.9724 -0.4538 0.0787, 1.9724 -0.5108 0.0787, 1.9724 -0.4538 0.0, 1.9724 -0.5108 0.0, 1.9685 -0.4531 0.0079, 1.9685 -0.5115 0.0079, -0.5177 -1.9331 0.0079, -0.5177 -1.8504 0.0079, -0.5177 -1.9331 0.0, -0.5177 -1.8504 0.0, -0.4469 -1.8504 0.0079, -0.4469 -1.8504 0.0, -0.4481 -1.8412 0.0, -0.4481 -1.8412 0.0079, -0.4516 -1.8327 0.0, -0.4516 -1.8327 0.0079, -0.4572 -1.8253 0.0, -0.4572 -1.8253 0.0079, -0.4646 -1.8197 0.0, -0.4646 -1.8197 0.0079, -0.4731 -1.8162 0.0, -0.4731 -1.8162 0.0079, -0.4823 -1.815 0.0, -0.4823 -1.815 0.0079, -0.4915 -1.8162 0.0, -0.4915 -1.8162 0.0079, -0.5 -1.8197 0.0, -0.5 -1.8197 0.0079, -0.5073 -1.8253 0.0, -0.5073 -1.8253 0.0079, -0.513 -1.8327 0.0, -0.513 -1.8327 0.0079, -0.5165 -1.8412 0.0, -0.5165 -1.8412 0.0079, -0.4469 -1.9331 0.0, -0.4469 -1.9331 0.0079, -0.4531 -1.9685 0.0787, -0.5115 -1.9685 0.0787, -0.4538 -1.9724 0.0787, -0.5108 -1.9724 0.0787, -0.4538 -1.9724 0.0, -0.5108 -1.9724 0.0, -0.4531 -1.9685 0.0079, -0.5115 -1.9685 0.0079, -1.9331 0.5177 0.0079, -1.8504 0.5177 0.0079, -1.9331 0.5177 0.0, -1.8504 0.5177 0.0, -1.8504 0.4469 0.0079, -1.8504 0.4469 0.0, -1.8412 0.4481 0.0, -1.8412 0.4481 0.0079, -1.8327 0.4516 0.0, -1.8327 0.4516 0.0079, -1.8253 0.4572 0.0, -1.8253 0.4572 0.0079, -1.8197 0.4646 0.0, -1.8197 0.4646 0.0079, -1.8162 0.4731 0.0, -1.8162 0.4731 0.0079, -1.815 0.4823 0.0, -1.815 0.4823 0.0079, -1.8162 0.4915 0.0, -1.8162 0.4915 0.0079, -1.8197 0.5 0.0, -1.8197 0.5 0.0079, -1.8253 0.5073 0.0, -1.8253 0.5073 0.0079, -1.8327 0.513 0.0, -1.8327 0.513 0.0079, -1.8412 0.5165 0.0, -1.8412 0.5165 0.0079, -1.9331 0.4469 0.0, -1.9331 0.4469 0.0079, -1.9685 0.4531 0.0787, -1.9685 0.5115 0.0787, -1.9724 0.4538 0.0787, -1.9724 0.5108 0.0787, -1.9724 0.4538 0.0, -1.9724 0.5108 0.0, -1.9685 0.4531 0.0079, -1.9685 0.5115 0.0079, 1.9331 -0.3799 0.0079, 1.8504 -0.3799 0.0079, 1.9331 -0.3799 0.0, 1.8504 -0.3799 0.0, 1.8504 -0.3091 0.0079, 1.8504 -0.3091 0.0, 1.8412 -0.3103 0.0, 1.8412 -0.3103 0.0079, 1.8327 -0.3138 0.0, 1.8327 -0.3138 0.0079, 1.8253 -0.3194 0.0, 1.8253 -0.3194 0.0079, 1.8197 -0.3268 0.0, 1.8197 -0.3268 0.0079, 1.8162 -0.3353 0.0, 1.8162 -0.3353 0.0079, 1.815 -0.3445 0.0, 1.815 -0.3445 0.0079, 1.8162 -0.3537 0.0, 1.8162 -0.3537 0.0079, 1.8197 -0.3622 0.0, 1.8197 -0.3622 0.0079, 1.8253 -0.3695 0.0, 1.8253 -0.3695 0.0079, 1.8327 -0.3752 0.0, 1.8327 -0.3752 0.0079, 1.8412 -0.3787 0.0, 1.8412 -0.3787 0.0079, 1.9331 -0.3091 0.0, 1.9331 -0.3091 0.0079, 1.9685 -0.3153 0.0787, 1.9685 -0.3737 0.0787, 1.9724 -0.316 0.0787, 1.9724 -0.373 0.0787, 1.9724 -0.316 0.0, 1.9724 -0.373 0.0, 1.9685 -0.3153 0.0079, 1.9685 -0.3737 0.0079, -0.3799 -1.9331 0.0079, -0.3799 -1.8504 0.0079, -0.3799 -1.9331 0.0, -0.3799 -1.8504 0.0, -0.3091 -1.8504 0.0079, -0.3091 -1.8504 0.0, -0.3103 -1.8412 0.0, -0.3103 -1.8412 0.0079, -0.3138 -1.8327 0.0, -0.3138 -1.8327 0.0079, -0.3194 -1.8253 0.0, -0.3194 -1.8253 0.0079, -0.3268 -1.8197 0.0, -0.3268 -1.8197 0.0079, -0.3353 -1.8162 0.0, -0.3353 -1.8162 0.0079, -0.3445 -1.815 0.0, -0.3445 -1.815 0.0079, -0.3537 -1.8162 0.0, -0.3537 -1.8162 0.0079, -0.3622 -1.8197 0.0, -0.3622 -1.8197 0.0079, -0.3695 -1.8253 0.0, -0.3695 -1.8253 0.0079, -0.3752 -1.8327 0.0, -0.3752 -1.8327 0.0079, -0.3787 -1.8412 0.0, -0.3787 -1.8412 0.0079, -0.3091 -1.9331 0.0, -0.3091 -1.9331 0.0079, -0.3153 -1.9685 0.0787, -0.3737 -1.9685 0.0787, -0.316 -1.9724 0.0787, -0.373 -1.9724 0.0787, -0.316 -1.9724 0.0, -0.373 -1.9724 0.0, -0.3153 -1.9685 0.0079, -0.3737 -1.9685 0.0079, -1.9331 0.3799 0.0079, -1.8504 0.3799 0.0079, -1.9331 0.3799 0.0, -1.8504 0.3799 0.0, -1.8504 0.3091 0.0079, -1.8504 0.3091 0.0, -1.8412 0.3103 0.0, -1.8412 0.3103 0.0079, -1.8327 0.3138 0.0, -1.8327 0.3138 0.0079, -1.8253 0.3194 0.0, -1.8253 0.3194 0.0079, -1.8197 0.3268 0.0, -1.8197 0.3268 0.0079, -1.8162 0.3353 0.0, -1.8162 0.3353 0.0079, -1.815 0.3445 0.0, -1.815 0.3445 0.0079, -1.8162 0.3537 0.0, -1.8162 0.3537 0.0079, -1.8197 0.3622 0.0, -1.8197 0.3622 0.0079, -1.8253 0.3695 0.0, -1.8253 0.3695 0.0079, -1.8327 0.3752 0.0, -1.8327 0.3752 0.0079, -1.8412 0.3787 0.0, -1.8412 0.3787 0.0079, -1.9331 0.3091 0.0, -1.9331 0.3091 0.0079, -1.9685 0.3153 0.0787, -1.9685 0.3737 0.0787, -1.9724 0.316 0.0787, -1.9724 0.373 0.0787, -1.9724 0.316 0.0, -1.9724 0.373 0.0, -1.9685 0.3153 0.0079, -1.9685 0.3737 0.0079, 1.9331 -0.2421 0.0079, 1.8504 -0.2421 0.0079, 1.9331 -0.2421 0.0, 1.8504 -0.2421 0.0, 1.8504 -0.1713 0.0079, 1.8504 -0.1713 0.0, 1.8412 -0.1725 0.0, 1.8412 -0.1725 0.0079, 1.8327 -0.176 0.0, 1.8327 -0.176 0.0079, 1.8253 -0.1816 0.0, 1.8253 -0.1816 0.0079, 1.8197 -0.189 0.0, 1.8197 -0.189 0.0079, 1.8162 -0.1975 0.0, 1.8162 -0.1975 0.0079, 1.815 -0.2067 0.0, 1.815 -0.2067 0.0079, 1.8162 -0.2159 0.0, 1.8162 -0.2159 0.0079, 1.8197 -0.2244 0.0, 1.8197 -0.2244 0.0079, 1.8253 -0.2317 0.0, 1.8253 -0.2317 0.0079, 1.8327 -0.2374 0.0, 1.8327 -0.2374 0.0079, 1.8412 -0.2409 0.0, 1.8412 -0.2409 0.0079, 1.9331 -0.1713 0.0, 1.9331 -0.1713 0.0079, 1.9685 -0.1775 0.0787, 1.9685 -0.2359 0.0787, 1.9724 -0.1782 0.0787, 1.9724 -0.2352 0.0787, 1.9724 -0.1782 0.0, 1.9724 -0.2352 0.0, 1.9685 -0.1775 0.0079, 1.9685 -0.2359 0.0079, -0.2421 -1.9331 0.0079, -0.2421 -1.8504 0.0079, -0.2421 -1.9331 0.0, -0.2421 -1.8504 0.0, -0.1713 -1.8504 0.0079, -0.1713 -1.8504 0.0, -0.1725 -1.8412 0.0, -0.1725 -1.8412 0.0079, -0.176 -1.8327 0.0, -0.176 -1.8327 0.0079, -0.1816 -1.8253 0.0, -0.1816 -1.8253 0.0079, -0.189 -1.8197 0.0, -0.189 -1.8197 0.0079, -0.1975 -1.8162 0.0, -0.1975 -1.8162 0.0079, -0.2067 -1.815 0.0, -0.2067 -1.815 0.0079, -0.2159 -1.8162 0.0, -0.2159 -1.8162 0.0079, -0.2244 -1.8197 0.0, -0.2244 -1.8197 0.0079, -0.2317 -1.8253 0.0, -0.2317 -1.8253 0.0079, -0.2374 -1.8327 0.0, -0.2374 -1.8327 0.0079, -0.2409 -1.8412 0.0, -0.2409 -1.8412 0.0079, -0.1713 -1.9331 0.0, -0.1713 -1.9331 0.0079, -0.1775 -1.9685 0.0787, -0.2359 -1.9685 0.0787, -0.1782 -1.9724 0.0787, -0.2352 -1.9724 0.0787, -0.1782 -1.9724 0.0, -0.2352 -1.9724 0.0, -0.1775 -1.9685 0.0079, -0.2359 -1.9685 0.0079, -1.9331 0.2421 0.0079, -1.8504 0.2421 0.0079, -1.9331 0.2421 0.0, -1.8504 0.2421 0.0, -1.8504 0.1713 0.0079, -1.8504 0.1713 0.0, -1.8412 0.1725 0.0, -1.8412 0.1725 0.0079, -1.8327 0.176 0.0, -1.8327 0.176 0.0079, -1.8253 0.1816 0.0, -1.8253 0.1816 0.0079, -1.8197 0.189 0.0, -1.8197 0.189 0.0079, -1.8162 0.1975 0.0, -1.8162 0.1975 0.0079, -1.815 0.2067 0.0, -1.815 0.2067 0.0079, -1.8162 0.2159 0.0, -1.8162 0.2159 0.0079, -1.8197 0.2244 0.0, -1.8197 0.2244 0.0079, -1.8253 0.2317 0.0, -1.8253 0.2317 0.0079, -1.8327 0.2374 0.0, -1.8327 0.2374 0.0079, -1.8412 0.2409 0.0, -1.8412 0.2409 0.0079, -1.9331 0.1713 0.0, -1.9331 0.1713 0.0079, -1.9685 0.1775 0.0787, -1.9685 0.2359 0.0787, -1.9724 0.1782 0.0787, -1.9724 0.2352 0.0787, -1.9724 0.1782 0.0, -1.9724 0.2352 0.0, -1.9685 0.1775 0.0079, -1.9685 0.2359 0.0079, 1.9331 -0.1043 0.0079, 1.8504 -0.1043 0.0079, 1.9331 -0.1043 0.0, 1.8504 -0.1043 0.0, 1.8504 -0.0335 0.0079, 1.8504 -0.0335 0.0, 1.8412 -0.0347 0.0, 1.8412 -0.0347 0.0079, 1.8327 -0.0382 0.0, 1.8327 -0.0382 0.0079, 1.8253 -0.0438 0.0, 1.8253 -0.0438 0.0079, 1.8197 -0.0512 0.0, 1.8197 -0.0512 0.0079, 1.8162 -0.0597 0.0, 1.8162 -0.0597 0.0079, 1.815 -0.0689 0.0, 1.815 -0.0689 0.0079, 1.8162 -0.0781 0.0, 1.8162 -0.0781 0.0079, 1.8197 -0.0866 0.0, 1.8197 -0.0866 0.0079, 1.8253 -0.094 0.0, 1.8253 -0.094 0.0079, 1.8327 -0.0996 0.0, 1.8327 -0.0996 0.0079, 1.8412 -0.1031 0.0, 1.8412 -0.1031 0.0079, 1.9331 -0.0335 0.0, 1.9331 -0.0335 0.0079, 1.9685 -0.0397 0.0787, 1.9685 -0.0981 0.0787, 1.9724 -0.0404 0.0787, 1.9724 -0.0974 0.0787, 1.9724 -0.0404 0.0, 1.9724 -0.0974 0.0, 1.9685 -0.0397 0.0079, 1.9685 -0.0981 0.0079, -0.1043 -1.9331 0.0079, -0.1043 -1.8504 0.0079, -0.1043 -1.9331 0.0, -0.1043 -1.8504 0.0, -0.0335 -1.8504 0.0079, -0.0335 -1.8504 0.0, -0.0347 -1.8412 0.0, -0.0347 -1.8412 0.0079, -0.0382 -1.8327 0.0, -0.0382 -1.8327 0.0079, -0.0438 -1.8253 0.0, -0.0438 -1.8253 0.0079, -0.0512 -1.8197 0.0, -0.0512 -1.8197 0.0079, -0.0597 -1.8162 0.0, -0.0597 -1.8162 0.0079, -0.0689 -1.815 0.0, -0.0689 -1.815 0.0079, -0.0781 -1.8162 0.0, -0.0781 -1.8162 0.0079, -0.0866 -1.8197 0.0, -0.0866 -1.8197 0.0079, -0.094 -1.8253 0.0, -0.094 -1.8253 0.0079, -0.0996 -1.8327 0.0, -0.0996 -1.8327 0.0079, -0.1031 -1.8412 0.0, -0.1031 -1.8412 0.0079, -0.0335 -1.9331 0.0, -0.0335 -1.9331 0.0079, -0.0397 -1.9685 0.0787, -0.0981 -1.9685 0.0787, -0.0404 -1.9724 0.0787, -0.0974 -1.9724 0.0787, -0.0404 -1.9724 0.0, -0.0974 -1.9724 0.0, -0.0397 -1.9685 0.0079, -0.0981 -1.9685 0.0079, -1.9331 0.1043 0.0079, -1.8504 0.1043 0.0079, -1.9331 0.1043 0.0, -1.8504 0.1043 0.0, -1.8504 0.0335 0.0079, -1.8504 0.0335 0.0, -1.8412 0.0347 0.0, -1.8412 0.0347 0.0079, -1.8327 0.0382 0.0, -1.8327 0.0382 0.0079, -1.8253 0.0438 0.0, -1.8253 0.0438 0.0079, -1.8197 0.0512 0.0, -1.8197 0.0512 0.0079, -1.8162 0.0597 0.0, -1.8162 0.0597 0.0079, -1.815 0.0689 0.0, -1.815 0.0689 0.0079, -1.8162 0.0781 0.0, -1.8162 0.0781 0.0079, -1.8197 0.0866 0.0, -1.8197 0.0866 0.0079, -1.8253 0.094 0.0, -1.8253 0.094 0.0079, -1.8327 0.0996 0.0, -1.8327 0.0996 0.0079, -1.8412 0.1031 0.0, -1.8412 0.1031 0.0079, -1.9331 0.0335 0.0, -1.9331 0.0335 0.0079, -1.9685 0.0397 0.0787, -1.9685 0.0981 0.0787, -1.9724 0.0404 0.0787, -1.9724 0.0974 0.0787, -1.9724 0.0404 0.0, -1.9724 0.0974 0.0, -1.9685 0.0397 0.0079, -1.9685 0.0981 0.0079, 1.9331 0.0335 0.0079, 1.8504 0.0335 0.0079, 1.9331 0.0335 0.0, 1.8504 0.0335 0.0, 1.8504 0.1043 0.0079, 1.8504 0.1043 0.0, 1.8412 0.1031 0.0, 1.8412 0.1031 0.0079, 1.8327 0.0996 0.0, 1.8327 0.0996 0.0079, 1.8253 0.094 0.0, 1.8253 0.094 0.0079, 1.8197 0.0866 0.0, 1.8197 0.0866 0.0079, 1.8162 0.0781 0.0, 1.8162 0.0781 0.0079, 1.815 0.0689 0.0, 1.815 0.0689 0.0079, 1.8162 0.0597 0.0, 1.8162 0.0597 0.0079, 1.8197 0.0512 0.0, 1.8197 0.0512 0.0079, 1.8253 0.0438 0.0, 1.8253 0.0438 0.0079, 1.8327 0.0382 0.0, 1.8327 0.0382 0.0079, 1.8412 0.0347 0.0, 1.8412 0.0347 0.0079, 1.9331 0.1043 0.0, 1.9331 0.1043 0.0079, 1.9685 0.0981 0.0787, 1.9685 0.0397 0.0787, 1.9724 0.0974 0.0787, 1.9724 0.0404 0.0787, 1.9724 0.0974 0.0, 1.9724 0.0404 0.0, 1.9685 0.0981 0.0079, 1.9685 0.0397 0.0079, 0.0335 -1.9331 0.0079, 0.0335 -1.8504 0.0079, 0.0335 -1.9331 0.0, 0.0335 -1.8504 0.0, 0.1043 -1.8504 0.0079, 0.1043 -1.8504 0.0, 0.1031 -1.8412 0.0, 0.1031 -1.8412 0.0079, 0.0996 -1.8327 0.0, 0.0996 -1.8327 0.0079, 0.094 -1.8253 0.0, 0.094 -1.8253 0.0079, 0.0866 -1.8197 0.0, 0.0866 -1.8197 0.0079, 0.0781 -1.8162 0.0, 0.0781 -1.8162 0.0079, 0.0689 -1.815 0.0, 0.0689 -1.815 0.0079, 0.0597 -1.8162 0.0, 0.0597 -1.8162 0.0079, 0.0512 -1.8197 0.0, 0.0512 -1.8197 0.0079, 0.0438 -1.8253 0.0, 0.0438 -1.8253 0.0079, 0.0382 -1.8327 0.0, 0.0382 -1.8327 0.0079, 0.0347 -1.8412 0.0, 0.0347 -1.8412 0.0079, 0.1043 -1.9331 0.0, 0.1043 -1.9331 0.0079, 0.0981 -1.9685 0.0787, 0.0397 -1.9685 0.0787, 0.0974 -1.9724 0.0787, 0.0404 -1.9724 0.0787, 0.0974 -1.9724 0.0, 0.0404 -1.9724 0.0, 0.0981 -1.9685 0.0079, 0.0397 -1.9685 0.0079, -1.9331 -0.0335 0.0079, -1.8504 -0.0335 0.0079, -1.9331 -0.0335 0.0, -1.8504 -0.0335 0.0, -1.8504 -0.1043 0.0079, -1.8504 -0.1043 0.0, -1.8412 -0.1031 0.0, -1.8412 -0.1031 0.0079, -1.8327 -0.0996 0.0, -1.8327 -0.0996 0.0079, -1.8253 -0.094 0.0, -1.8253 -0.094 0.0079, -1.8197 -0.0866 0.0, -1.8197 -0.0866 0.0079, -1.8162 -0.0781 0.0, -1.8162 -0.0781 0.0079, -1.815 -0.0689 0.0, -1.815 -0.0689 0.0079, -1.8162 -0.0597 0.0, -1.8162 -0.0597 0.0079, -1.8197 -0.0512 0.0, -1.8197 -0.0512 0.0079, -1.8253 -0.0438 0.0, -1.8253 -0.0438 0.0079, -1.8327 -0.0382 0.0, -1.8327 -0.0382 0.0079, -1.8412 -0.0347 0.0, -1.8412 -0.0347 0.0079, -1.9331 -0.1043 0.0, -1.9331 -0.1043 0.0079, -1.9685 -0.0981 0.0787, -1.9685 -0.0397 0.0787, -1.9724 -0.0974 0.0787, -1.9724 -0.0404 0.0787, -1.9724 -0.0974 0.0, -1.9724 -0.0404 0.0, -1.9685 -0.0981 0.0079, -1.9685 -0.0397 0.0079, 1.9331 0.1713 0.0079, 1.8504 0.1713 0.0079, 1.9331 0.1713 0.0, 1.8504 0.1713 0.0, 1.8504 0.2421 0.0079, 1.8504 0.2421 0.0, 1.8412 0.2409 0.0, 1.8412 0.2409 0.0079, 1.8327 0.2374 0.0, 1.8327 0.2374 0.0079, 1.8253 0.2317 0.0, 1.8253 0.2317 0.0079, 1.8197 0.2244 0.0, 1.8197 0.2244 0.0079, 1.8162 0.2159 0.0, 1.8162 0.2159 0.0079, 1.815 0.2067 0.0, 1.815 0.2067 0.0079, 1.8162 0.1975 0.0, 1.8162 0.1975 0.0079, 1.8197 0.189 0.0, 1.8197 0.189 0.0079, 1.8253 0.1816 0.0, 1.8253 0.1816 0.0079, 1.8327 0.176 0.0, 1.8327 0.176 0.0079, 1.8412 0.1725 0.0, 1.8412 0.1725 0.0079, 1.9331 0.2421 0.0, 1.9331 0.2421 0.0079, 1.9685 0.2359 0.0787, 1.9685 0.1775 0.0787, 1.9724 0.2352 0.0787, 1.9724 0.1782 0.0787, 1.9724 0.2352 0.0, 1.9724 0.1782 0.0, 1.9685 0.2359 0.0079, 1.9685 0.1775 0.0079, 0.1713 -1.9331 0.0079, 0.1713 -1.8504 0.0079, 0.1713 -1.9331 0.0, 0.1713 -1.8504 0.0, 0.2421 -1.8504 0.0079, 0.2421 -1.8504 0.0, 0.2409 -1.8412 0.0, 0.2409 -1.8412 0.0079, 0.2374 -1.8327 0.0, 0.2374 -1.8327 0.0079, 0.2317 -1.8253 0.0, 0.2317 -1.8253 0.0079, 0.2244 -1.8197 0.0, 0.2244 -1.8197 0.0079, 0.2159 -1.8162 0.0, 0.2159 -1.8162 0.0079, 0.2067 -1.815 0.0, 0.2067 -1.815 0.0079, 0.1975 -1.8162 0.0, 0.1975 -1.8162 0.0079, 0.189 -1.8197 0.0, 0.189 -1.8197 0.0079, 0.1816 -1.8253 0.0, 0.1816 -1.8253 0.0079, 0.176 -1.8327 0.0, 0.176 -1.8327 0.0079, 0.1725 -1.8412 0.0, 0.1725 -1.8412 0.0079, 0.2421 -1.9331 0.0, 0.2421 -1.9331 0.0079, 0.2359 -1.9685 0.0787, 0.1775 -1.9685 0.0787, 0.2352 -1.9724 0.0787, 0.1782 -1.9724 0.0787, 0.2352 -1.9724 0.0, 0.1782 -1.9724 0.0, 0.2359 -1.9685 0.0079, 0.1775 -1.9685 0.0079, -1.9331 -0.1713 0.0079, -1.8504 -0.1713 0.0079, -1.9331 -0.1713 0.0, -1.8504 -0.1713 0.0, -1.8504 -0.2421 0.0079, -1.8504 -0.2421 0.0, -1.8412 -0.2409 0.0, -1.8412 -0.2409 0.0079, -1.8327 -0.2374 0.0, -1.8327 -0.2374 0.0079, -1.8253 -0.2317 0.0, -1.8253 -0.2317 0.0079, -1.8197 -0.2244 0.0, -1.8197 -0.2244 0.0079, -1.8162 -0.2159 0.0, -1.8162 -0.2159 0.0079, -1.815 -0.2067 0.0, -1.815 -0.2067 0.0079, -1.8162 -0.1975 0.0, -1.8162 -0.1975 0.0079, -1.8197 -0.189 0.0, -1.8197 -0.189 0.0079, -1.8253 -0.1816 0.0, -1.8253 -0.1816 0.0079, -1.8327 -0.176 0.0, -1.8327 -0.176 0.0079, -1.8412 -0.1725 0.0, -1.8412 -0.1725 0.0079, -1.9331 -0.2421 0.0, -1.9331 -0.2421 0.0079, -1.9685 -0.2359 0.0787, -1.9685 -0.1775 0.0787, -1.9724 -0.2352 0.0787, -1.9724 -0.1782 0.0787, -1.9724 -0.2352 0.0, -1.9724 -0.1782 0.0, -1.9685 -0.2359 0.0079, -1.9685 -0.1775 0.0079, 1.9331 0.3091 0.0079, 1.8504 0.3091 0.0079, 1.9331 0.3091 0.0, 1.8504 0.3091 0.0, 1.8504 0.3799 0.0079, 1.8504 0.3799 0.0, 1.8412 0.3787 0.0, 1.8412 0.3787 0.0079, 1.8327 0.3752 0.0, 1.8327 0.3752 0.0079, 1.8253 0.3695 0.0, 1.8253 0.3695 0.0079, 1.8197 0.3622 0.0, 1.8197 0.3622 0.0079, 1.8162 0.3537 0.0, 1.8162 0.3537 0.0079, 1.815 0.3445 0.0, 1.815 0.3445 0.0079, 1.8162 0.3353 0.0, 1.8162 0.3353 0.0079, 1.8197 0.3268 0.0, 1.8197 0.3268 0.0079, 1.8253 0.3194 0.0, 1.8253 0.3194 0.0079, 1.8327 0.3138 0.0, 1.8327 0.3138 0.0079, 1.8412 0.3103 0.0, 1.8412 0.3103 0.0079, 1.9331 0.3799 0.0, 1.9331 0.3799 0.0079, 1.9685 0.3737 0.0787, 1.9685 0.3153 0.0787, 1.9724 0.373 0.0787, 1.9724 0.316 0.0787, 1.9724 0.373 0.0, 1.9724 0.316 0.0, 1.9685 0.3737 0.0079, 1.9685 0.3153 0.0079, 0.3091 -1.9331 0.0079, 0.3091 -1.8504 0.0079, 0.3091 -1.9331 0.0, 0.3091 -1.8504 0.0, 0.3799 -1.8504 0.0079, 0.3799 -1.8504 0.0, 0.3787 -1.8412 0.0, 0.3787 -1.8412 0.0079, 0.3752 -1.8327 0.0, 0.3752 -1.8327 0.0079, 0.3695 -1.8253 0.0, 0.3695 -1.8253 0.0079, 0.3622 -1.8197 0.0, 0.3622 -1.8197 0.0079, 0.3537 -1.8162 0.0, 0.3537 -1.8162 0.0079, 0.3445 -1.815 0.0, 0.3445 -1.815 0.0079, 0.3353 -1.8162 0.0, 0.3353 -1.8162 0.0079, 0.3268 -1.8197 0.0, 0.3268 -1.8197 0.0079, 0.3194 -1.8253 0.0, 0.3194 -1.8253 0.0079, 0.3138 -1.8327 0.0, 0.3138 -1.8327 0.0079, 0.3103 -1.8412 0.0, 0.3103 -1.8412 0.0079, 0.3799 -1.9331 0.0, 0.3799 -1.9331 0.0079, 0.3737 -1.9685 0.0787, 0.3153 -1.9685 0.0787, 0.373 -1.9724 0.0787, 0.316 -1.9724 0.0787, 0.373 -1.9724 0.0, 0.316 -1.9724 0.0, 0.3737 -1.9685 0.0079, 0.3153 -1.9685 0.0079, -1.9331 -0.3091 0.0079, -1.8504 -0.3091 0.0079, -1.9331 -0.3091 0.0, -1.8504 -0.3091 0.0, -1.8504 -0.3799 0.0079, -1.8504 -0.3799 0.0, -1.8412 -0.3787 0.0, -1.8412 -0.3787 0.0079, -1.8327 -0.3752 0.0, -1.8327 -0.3752 0.0079, -1.8253 -0.3695 0.0, -1.8253 -0.3695 0.0079, -1.8197 -0.3622 0.0, -1.8197 -0.3622 0.0079, -1.8162 -0.3537 0.0, -1.8162 -0.3537 0.0079, -1.815 -0.3445 0.0, -1.815 -0.3445 0.0079, -1.8162 -0.3353 0.0, -1.8162 -0.3353 0.0079, -1.8197 -0.3268 0.0, -1.8197 -0.3268 0.0079, -1.8253 -0.3194 0.0, -1.8253 -0.3194 0.0079, -1.8327 -0.3138 0.0, -1.8327 -0.3138 0.0079, -1.8412 -0.3103 0.0, -1.8412 -0.3103 0.0079, -1.9331 -0.3799 0.0, -1.9331 -0.3799 0.0079, -1.9685 -0.3737 0.0787, -1.9685 -0.3153 0.0787, -1.9724 -0.373 0.0787, -1.9724 -0.316 0.0787, -1.9724 -0.373 0.0, -1.9724 -0.316 0.0, -1.9685 -0.3737 0.0079, -1.9685 -0.3153 0.0079, 1.9331 0.4469 0.0079, 1.8504 0.4469 0.0079, 1.9331 0.4469 0.0, 1.8504 0.4469 0.0, 1.8504 0.5177 0.0079, 1.8504 0.5177 0.0, 1.8412 0.5165 0.0, 1.8412 0.5165 0.0079, 1.8327 0.513 0.0, 1.8327 0.513 0.0079, 1.8253 0.5073 0.0, 1.8253 0.5073 0.0079, 1.8197 0.5 0.0, 1.8197 0.5 0.0079, 1.8162 0.4915 0.0, 1.8162 0.4915 0.0079, 1.815 0.4823 0.0, 1.815 0.4823 0.0079, 1.8162 0.4731 0.0, 1.8162 0.4731 0.0079, 1.8197 0.4646 0.0, 1.8197 0.4646 0.0079, 1.8253 0.4572 0.0, 1.8253 0.4572 0.0079, 1.8327 0.4516 0.0, 1.8327 0.4516 0.0079, 1.8412 0.4481 0.0, 1.8412 0.4481 0.0079, 1.9331 0.5177 0.0, 1.9331 0.5177 0.0079, 1.9685 0.5115 0.0787, 1.9685 0.4531 0.0787, 1.9724 0.5108 0.0787, 1.9724 0.4538 0.0787, 1.9724 0.5108 0.0, 1.9724 0.4538 0.0, 1.9685 0.5115 0.0079, 1.9685 0.4531 0.0079, 0.4469 -1.9331 0.0079, 0.4469 -1.8504 0.0079, 0.4469 -1.9331 0.0, 0.4469 -1.8504 0.0, 0.5177 -1.8504 0.0079, 0.5177 -1.8504 0.0, 0.5165 -1.8412 0.0, 0.5165 -1.8412 0.0079, 0.513 -1.8327 0.0, 0.513 -1.8327 0.0079, 0.5073 -1.8253 0.0, 0.5073 -1.8253 0.0079, 0.5 -1.8197 0.0, 0.5 -1.8197 0.0079, 0.4915 -1.8162 0.0, 0.4915 -1.8162 0.0079, 0.4823 -1.815 0.0, 0.4823 -1.815 0.0079, 0.4731 -1.8162 0.0, 0.4731 -1.8162 0.0079, 0.4646 -1.8197 0.0, 0.4646 -1.8197 0.0079, 0.4572 -1.8253 0.0, 0.4572 -1.8253 0.0079, 0.4516 -1.8327 0.0, 0.4516 -1.8327 0.0079, 0.4481 -1.8412 0.0, 0.4481 -1.8412 0.0079, 0.5177 -1.9331 0.0, 0.5177 -1.9331 0.0079, 0.5115 -1.9685 0.0787, 0.4531 -1.9685 0.0787, 0.5108 -1.9724 0.0787, 0.4538 -1.9724 0.0787, 0.5108 -1.9724 0.0, 0.4538 -1.9724 0.0, 0.5115 -1.9685 0.0079, 0.4531 -1.9685 0.0079, -1.9331 -0.4469 0.0079, -1.8504 -0.4469 0.0079, -1.9331 -0.4469 0.0, -1.8504 -0.4469 0.0, -1.8504 -0.5177 0.0079, -1.8504 -0.5177 0.0, -1.8412 -0.5165 0.0, -1.8412 -0.5165 0.0079, -1.8327 -0.513 0.0, -1.8327 -0.513 0.0079, -1.8253 -0.5073 0.0, -1.8253 -0.5073 0.0079, -1.8197 -0.5 0.0, -1.8197 -0.5 0.0079, -1.8162 -0.4915 0.0, -1.8162 -0.4915 0.0079, -1.815 -0.4823 0.0, -1.815 -0.4823 0.0079, -1.8162 -0.4731 0.0, -1.8162 -0.4731 0.0079, -1.8197 -0.4646 0.0, -1.8197 -0.4646 0.0079, -1.8253 -0.4572 0.0, -1.8253 -0.4572 0.0079, -1.8327 -0.4516 0.0, -1.8327 -0.4516 0.0079, -1.8412 -0.4481 0.0, -1.8412 -0.4481 0.0079, -1.9331 -0.5177 0.0, -1.9331 -0.5177 0.0079, -1.9685 -0.5115 0.0787, -1.9685 -0.4531 0.0787, -1.9724 -0.5108 0.0787, -1.9724 -0.4538 0.0787, -1.9724 -0.5108 0.0, -1.9724 -0.4538 0.0, -1.9685 -0.5115 0.0079, -1.9685 -0.4531 0.0079, 1.9331 0.5846 0.0079, 1.8504 0.5846 0.0079, 1.9331 0.5846 0.0, 1.8504 0.5846 0.0, 1.8504 0.6555 0.0079, 1.8504 0.6555 0.0, 1.8412 0.6543 0.0, 1.8412 0.6543 0.0079, 1.8327 0.6508 0.0, 1.8327 0.6508 0.0079, 1.8253 0.6451 0.0, 1.8253 0.6451 0.0079, 1.8197 0.6378 0.0, 1.8197 0.6378 0.0079, 1.8162 0.6292 0.0, 1.8162 0.6292 0.0079, 1.815 0.6201 0.0, 1.815 0.6201 0.0079, 1.8162 0.6109 0.0, 1.8162 0.6109 0.0079, 1.8197 0.6024 0.0, 1.8197 0.6024 0.0079, 1.8253 0.595 0.0, 1.8253 0.595 0.0079, 1.8327 0.5894 0.0, 1.8327 0.5894 0.0079, 1.8412 0.5859 0.0, 1.8412 0.5859 0.0079, 1.9331 0.6555 0.0, 1.9331 0.6555 0.0079, 1.9685 0.6493 0.0787, 1.9685 0.5909 0.0787, 1.9724 0.6486 0.0787, 1.9724 0.5916 0.0787, 1.9724 0.6486 0.0, 1.9724 0.5916 0.0, 1.9685 0.6493 0.0079, 1.9685 0.5909 0.0079, 0.5846 -1.9331 0.0079, 0.5846 -1.8504 0.0079, 0.5846 -1.9331 0.0, 0.5846 -1.8504 0.0, 0.6555 -1.8504 0.0079, 0.6555 -1.8504 0.0, 0.6543 -1.8412 0.0, 0.6543 -1.8412 0.0079, 0.6508 -1.8327 0.0, 0.6508 -1.8327 0.0079, 0.6451 -1.8253 0.0, 0.6451 -1.8253 0.0079, 0.6378 -1.8197 0.0, 0.6378 -1.8197 0.0079, 0.6292 -1.8162 0.0, 0.6292 -1.8162 0.0079, 0.6201 -1.815 0.0, 0.6201 -1.815 0.0079, 0.6109 -1.8162 0.0, 0.6109 -1.8162 0.0079, 0.6024 -1.8197 0.0, 0.6024 -1.8197 0.0079, 0.595 -1.8253 0.0, 0.595 -1.8253 0.0079, 0.5894 -1.8327 0.0, 0.5894 -1.8327 0.0079, 0.5859 -1.8412 0.0, 0.5859 -1.8412 0.0079, 0.6555 -1.9331 0.0, 0.6555 -1.9331 0.0079, 0.6493 -1.9685 0.0787, 0.5909 -1.9685 0.0787, 0.6486 -1.9724 0.0787, 0.5916 -1.9724 0.0787, 0.6486 -1.9724 0.0, 0.5916 -1.9724 0.0, 0.6493 -1.9685 0.0079, 0.5909 -1.9685 0.0079, -1.9331 -0.5846 0.0079, -1.8504 -0.5846 0.0079, -1.9331 -0.5846 0.0, -1.8504 -0.5846 0.0, -1.8504 -0.6555 0.0079, -1.8504 -0.6555 0.0, -1.8412 -0.6543 0.0, -1.8412 -0.6543 0.0079, -1.8327 -0.6508 0.0, -1.8327 -0.6508 0.0079, -1.8253 -0.6451 0.0, -1.8253 -0.6451 0.0079, -1.8197 -0.6378 0.0, -1.8197 -0.6378 0.0079, -1.8162 -0.6292 0.0, -1.8162 -0.6292 0.0079, -1.815 -0.6201 0.0, -1.815 -0.6201 0.0079, -1.8162 -0.6109 0.0, -1.8162 -0.6109 0.0079, -1.8197 -0.6024 0.0, -1.8197 -0.6024 0.0079, -1.8253 -0.595 0.0, -1.8253 -0.595 0.0079, -1.8327 -0.5894 0.0, -1.8327 -0.5894 0.0079, -1.8412 -0.5859 0.0, -1.8412 -0.5859 0.0079, -1.9331 -0.6555 0.0, -1.9331 -0.6555 0.0079, -1.9685 -0.6493 0.0787, -1.9685 -0.5909 0.0787, -1.9724 -0.6486 0.0787, -1.9724 -0.5916 0.0787, -1.9724 -0.6486 0.0, -1.9724 -0.5916 0.0, -1.9685 -0.6493 0.0079, -1.9685 -0.5909 0.0079, 1.9331 0.7224 0.0079, 1.8504 0.7224 0.0079, 1.9331 0.7224 0.0, 1.8504 0.7224 0.0, 1.8504 0.7933 0.0079, 1.8504 0.7933 0.0, 1.8412 0.7921 0.0, 1.8412 0.7921 0.0079, 1.8327 0.7886 0.0, 1.8327 0.7886 0.0079, 1.8253 0.7829 0.0, 1.8253 0.7829 0.0079, 1.8197 0.7756 0.0, 1.8197 0.7756 0.0079, 1.8162 0.767 0.0, 1.8162 0.767 0.0079, 1.815 0.7579 0.0, 1.815 0.7579 0.0079, 1.8162 0.7487 0.0, 1.8162 0.7487 0.0079, 1.8197 0.7402 0.0, 1.8197 0.7402 0.0079, 1.8253 0.7328 0.0, 1.8253 0.7328 0.0079, 1.8327 0.7272 0.0, 1.8327 0.7272 0.0079, 1.8412 0.7236 0.0, 1.8412 0.7236 0.0079, 1.9331 0.7933 0.0, 1.9331 0.7933 0.0079, 1.9685 0.7871 0.0787, 1.9685 0.7287 0.0787, 1.9724 0.7864 0.0787, 1.9724 0.7294 0.0787, 1.9724 0.7864 0.0, 1.9724 0.7294 0.0, 1.9685 0.7871 0.0079, 1.9685 0.7287 0.0079, 0.7224 -1.9331 0.0079, 0.7224 -1.8504 0.0079, 0.7224 -1.9331 0.0, 0.7224 -1.8504 0.0, 0.7933 -1.8504 0.0079, 0.7933 -1.8504 0.0, 0.7921 -1.8412 0.0, 0.7921 -1.8412 0.0079, 0.7886 -1.8327 0.0, 0.7886 -1.8327 0.0079, 0.7829 -1.8253 0.0, 0.7829 -1.8253 0.0079, 0.7756 -1.8197 0.0, 0.7756 -1.8197 0.0079, 0.767 -1.8162 0.0, 0.767 -1.8162 0.0079, 0.7579 -1.815 0.0, 0.7579 -1.815 0.0079, 0.7487 -1.8162 0.0, 0.7487 -1.8162 0.0079, 0.7402 -1.8197 0.0, 0.7402 -1.8197 0.0079, 0.7328 -1.8253 0.0, 0.7328 -1.8253 0.0079, 0.7272 -1.8327 0.0, 0.7272 -1.8327 0.0079, 0.7236 -1.8412 0.0, 0.7236 -1.8412 0.0079, 0.7933 -1.9331 0.0, 0.7933 -1.9331 0.0079, 0.7871 -1.9685 0.0787, 0.7287 -1.9685 0.0787, 0.7864 -1.9724 0.0787, 0.7294 -1.9724 0.0787, 0.7864 -1.9724 0.0, 0.7294 -1.9724 0.0, 0.7871 -1.9685 0.0079, 0.7287 -1.9685 0.0079, -1.9331 -0.7224 0.0079, -1.8504 -0.7224 0.0079, -1.9331 -0.7224 0.0, -1.8504 -0.7224 0.0, -1.8504 -0.7933 0.0079, -1.8504 -0.7933 0.0, -1.8412 -0.7921 0.0, -1.8412 -0.7921 0.0079, -1.8327 -0.7886 0.0, -1.8327 -0.7886 0.0079, -1.8253 -0.7829 0.0, -1.8253 -0.7829 0.0079, -1.8197 -0.7756 0.0, -1.8197 -0.7756 0.0079, -1.8162 -0.767 0.0, -1.8162 -0.767 0.0079, -1.815 -0.7579 0.0, -1.815 -0.7579 0.0079, -1.8162 -0.7487 0.0, -1.8162 -0.7487 0.0079, -1.8197 -0.7402 0.0, -1.8197 -0.7402 0.0079, -1.8253 -0.7328 0.0, -1.8253 -0.7328 0.0079, -1.8327 -0.7272 0.0, -1.8327 -0.7272 0.0079, -1.8412 -0.7236 0.0, -1.8412 -0.7236 0.0079, -1.9331 -0.7933 0.0, -1.9331 -0.7933 0.0079, -1.9685 -0.7871 0.0787, -1.9685 -0.7287 0.0787, -1.9724 -0.7864 0.0787, -1.9724 -0.7294 0.0787, -1.9724 -0.7864 0.0, -1.9724 -0.7294 0.0, -1.9685 -0.7871 0.0079, -1.9685 -0.7287 0.0079, 1.9331 0.8602 0.0079, 1.8504 0.8602 0.0079, 1.9331 0.8602 0.0, 1.8504 0.8602 0.0, 1.8504 0.9311 0.0079, 1.8504 0.9311 0.0, 1.8412 0.9299 0.0, 1.8412 0.9299 0.0079, 1.8327 0.9264 0.0, 1.8327 0.9264 0.0079, 1.8253 0.9207 0.0, 1.8253 0.9207 0.0079, 1.8197 0.9134 0.0, 1.8197 0.9134 0.0079, 1.8162 0.9048 0.0, 1.8162 0.9048 0.0079, 1.815 0.8957 0.0, 1.815 0.8957 0.0079, 1.8162 0.8865 0.0, 1.8162 0.8865 0.0079, 1.8197 0.878 0.0, 1.8197 0.878 0.0079, 1.8253 0.8706 0.0, 1.8253 0.8706 0.0079, 1.8327 0.865 0.0, 1.8327 0.865 0.0079, 1.8412 0.8614 0.0, 1.8412 0.8614 0.0079, 1.9331 0.9311 0.0, 1.9331 0.9311 0.0079, 1.9685 0.9249 0.0787, 1.9685 0.8665 0.0787, 1.9724 0.9242 0.0787, 1.9724 0.8672 0.0787, 1.9724 0.9242 0.0, 1.9724 0.8672 0.0, 1.9685 0.9249 0.0079, 1.9685 0.8665 0.0079, 0.8602 -1.9331 0.0079, 0.8602 -1.8504 0.0079, 0.8602 -1.9331 0.0, 0.8602 -1.8504 0.0, 0.9311 -1.8504 0.0079, 0.9311 -1.8504 0.0, 0.9299 -1.8412 0.0, 0.9299 -1.8412 0.0079, 0.9264 -1.8327 0.0, 0.9264 -1.8327 0.0079, 0.9207 -1.8253 0.0, 0.9207 -1.8253 0.0079, 0.9134 -1.8197 0.0, 0.9134 -1.8197 0.0079, 0.9048 -1.8162 0.0, 0.9048 -1.8162 0.0079, 0.8957 -1.815 0.0, 0.8957 -1.815 0.0079, 0.8865 -1.8162 0.0, 0.8865 -1.8162 0.0079, 0.878 -1.8197 0.0, 0.878 -1.8197 0.0079, 0.8706 -1.8253 0.0, 0.8706 -1.8253 0.0079, 0.865 -1.8327 0.0, 0.865 -1.8327 0.0079, 0.8614 -1.8412 0.0, 0.8614 -1.8412 0.0079, 0.9311 -1.9331 0.0, 0.9311 -1.9331 0.0079, 0.9249 -1.9685 0.0787, 0.8665 -1.9685 0.0787, 0.9242 -1.9724 0.0787, 0.8672 -1.9724 0.0787, 0.9242 -1.9724 0.0, 0.8672 -1.9724 0.0, 0.9249 -1.9685 0.0079, 0.8665 -1.9685 0.0079, -1.9331 -0.8602 0.0079, -1.8504 -0.8602 0.0079, -1.9331 -0.8602 0.0, -1.8504 -0.8602 0.0, -1.8504 -0.9311 0.0079, -1.8504 -0.9311 0.0, -1.8412 -0.9299 0.0, -1.8412 -0.9299 0.0079, -1.8327 -0.9264 0.0, -1.8327 -0.9264 0.0079, -1.8253 -0.9207 0.0, -1.8253 -0.9207 0.0079, -1.8197 -0.9134 0.0, -1.8197 -0.9134 0.0079, -1.8162 -0.9048 0.0, -1.8162 -0.9048 0.0079, -1.815 -0.8957 0.0, -1.815 -0.8957 0.0079, -1.8162 -0.8865 0.0, -1.8162 -0.8865 0.0079, -1.8197 -0.878 0.0, -1.8197 -0.878 0.0079, -1.8253 -0.8706 0.0, -1.8253 -0.8706 0.0079, -1.8327 -0.865 0.0, -1.8327 -0.865 0.0079, -1.8412 -0.8614 0.0, -1.8412 -0.8614 0.0079, -1.9331 -0.9311 0.0, -1.9331 -0.9311 0.0079, -1.9685 -0.9249 0.0787, -1.9685 -0.8665 0.0787, -1.9724 -0.9242 0.0787, -1.9724 -0.8672 0.0787, -1.9724 -0.9242 0.0, -1.9724 -0.8672 0.0, -1.9685 -0.9249 0.0079, -1.9685 -0.8665 0.0079, 1.9331 0.998 0.0079, 1.8504 0.998 0.0079, 1.9331 0.998 0.0, 1.8504 0.998 0.0, 1.8504 1.0689 0.0079, 1.8504 1.0689 0.0, 1.8412 1.0677 0.0, 1.8412 1.0677 0.0079, 1.8327 1.0642 0.0, 1.8327 1.0642 0.0079, 1.8253 1.0585 0.0, 1.8253 1.0585 0.0079, 1.8197 1.0512 0.0, 1.8197 1.0512 0.0079, 1.8162 1.0426 0.0, 1.8162 1.0426 0.0079, 1.815 1.0335 0.0, 1.815 1.0335 0.0079, 1.8162 1.0243 0.0, 1.8162 1.0243 0.0079, 1.8197 1.0157 0.0, 1.8197 1.0157 0.0079, 1.8253 1.0084 0.0, 1.8253 1.0084 0.0079, 1.8327 1.0028 0.0, 1.8327 1.0028 0.0079, 1.8412 0.9992 0.0, 1.8412 0.9992 0.0079, 1.9331 1.0689 0.0, 1.9331 1.0689 0.0079, 1.9685 1.0626 0.0787, 1.9685 1.0043 0.0787, 1.9724 1.062 0.0787, 1.9724 1.005 0.0787, 1.9724 1.062 0.0, 1.9724 1.005 0.0, 1.9685 1.0626 0.0079, 1.9685 1.0043 0.0079, 0.998 -1.9331 0.0079, 0.998 -1.8504 0.0079, 0.998 -1.9331 0.0, 0.998 -1.8504 0.0, 1.0689 -1.8504 0.0079, 1.0689 -1.8504 0.0, 1.0677 -1.8412 0.0, 1.0677 -1.8412 0.0079, 1.0642 -1.8327 0.0, 1.0642 -1.8327 0.0079, 1.0585 -1.8253 0.0, 1.0585 -1.8253 0.0079, 1.0512 -1.8197 0.0, 1.0512 -1.8197 0.0079, 1.0426 -1.8162 0.0, 1.0426 -1.8162 0.0079, 1.0335 -1.815 0.0, 1.0335 -1.815 0.0079, 1.0243 -1.8162 0.0, 1.0243 -1.8162 0.0079, 1.0157 -1.8197 0.0, 1.0157 -1.8197 0.0079, 1.0084 -1.8253 0.0, 1.0084 -1.8253 0.0079, 1.0028 -1.8327 0.0, 1.0028 -1.8327 0.0079, 0.9992 -1.8412 0.0, 0.9992 -1.8412 0.0079, 1.0689 -1.9331 0.0, 1.0689 -1.9331 0.0079, 1.0626 -1.9685 0.0787, 1.0043 -1.9685 0.0787, 1.062 -1.9724 0.0787, 1.005 -1.9724 0.0787, 1.062 -1.9724 0.0, 1.005 -1.9724 0.0, 1.0626 -1.9685 0.0079, 1.0043 -1.9685 0.0079, -1.9331 -0.998 0.0079, -1.8504 -0.998 0.0079, -1.9331 -0.998 0.0, -1.8504 -0.998 0.0, -1.8504 -1.0689 0.0079, -1.8504 -1.0689 0.0, -1.8412 -1.0677 0.0, -1.8412 -1.0677 0.0079, -1.8327 -1.0642 0.0, -1.8327 -1.0642 0.0079, -1.8253 -1.0585 0.0, -1.8253 -1.0585 0.0079, -1.8197 -1.0512 0.0, -1.8197 -1.0512 0.0079, -1.8162 -1.0426 0.0, -1.8162 -1.0426 0.0079, -1.815 -1.0335 0.0, -1.815 -1.0335 0.0079, -1.8162 -1.0243 0.0, -1.8162 -1.0243 0.0079, -1.8197 -1.0157 0.0, -1.8197 -1.0157 0.0079, -1.8253 -1.0084 0.0, -1.8253 -1.0084 0.0079, -1.8327 -1.0028 0.0, -1.8327 -1.0028 0.0079, -1.8412 -0.9992 0.0, -1.8412 -0.9992 0.0079, -1.9331 -1.0689 0.0, -1.9331 -1.0689 0.0079, -1.9685 -1.0626 0.0787, -1.9685 -1.0043 0.0787, -1.9724 -1.062 0.0787, -1.9724 -1.005 0.0787, -1.9724 -1.062 0.0, -1.9724 -1.005 0.0, -1.9685 -1.0626 0.0079, -1.9685 -1.0043 0.0079, 1.9331 1.1358 0.0079, 1.8504 1.1358 0.0079, 1.9331 1.1358 0.0, 1.8504 1.1358 0.0, 1.8504 1.2067 0.0079, 1.8504 1.2067 0.0, 1.8412 1.2055 0.0, 1.8412 1.2055 0.0079, 1.8327 1.2019 0.0, 1.8327 1.2019 0.0079, 1.8253 1.1963 0.0, 1.8253 1.1963 0.0079, 1.8197 1.189 0.0, 1.8197 1.189 0.0079, 1.8162 1.1804 0.0, 1.8162 1.1804 0.0079, 1.815 1.1713 0.0, 1.815 1.1713 0.0079, 1.8162 1.1621 0.0, 1.8162 1.1621 0.0079, 1.8197 1.1535 0.0, 1.8197 1.1535 0.0079, 1.8253 1.1462 0.0, 1.8253 1.1462 0.0079, 1.8327 1.1406 0.0, 1.8327 1.1406 0.0079, 1.8412 1.137 0.0, 1.8412 1.137 0.0079, 1.9331 1.2067 0.0, 1.9331 1.2067 0.0079, 1.9685 1.2004 0.0787, 1.9685 1.1421 0.0787, 1.9724 1.1998 0.0787, 1.9724 1.1428 0.0787, 1.9724 1.1998 0.0, 1.9724 1.1428 0.0, 1.9685 1.2004 0.0079, 1.9685 1.1421 0.0079, 1.1358 -1.9331 0.0079, 1.1358 -1.8504 0.0079, 1.1358 -1.9331 0.0, 1.1358 -1.8504 0.0, 1.2067 -1.8504 0.0079, 1.2067 -1.8504 0.0, 1.2055 -1.8412 0.0, 1.2055 -1.8412 0.0079, 1.2019 -1.8327 0.0, 1.2019 -1.8327 0.0079, 1.1963 -1.8253 0.0, 1.1963 -1.8253 0.0079, 1.189 -1.8197 0.0, 1.189 -1.8197 0.0079, 1.1804 -1.8162 0.0, 1.1804 -1.8162 0.0079, 1.1713 -1.815 0.0, 1.1713 -1.815 0.0079, 1.1621 -1.8162 0.0, 1.1621 -1.8162 0.0079, 1.1535 -1.8197 0.0, 1.1535 -1.8197 0.0079, 1.1462 -1.8253 0.0, 1.1462 -1.8253 0.0079, 1.1406 -1.8327 0.0, 1.1406 -1.8327 0.0079, 1.137 -1.8412 0.0, 1.137 -1.8412 0.0079, 1.2067 -1.9331 0.0, 1.2067 -1.9331 0.0079, 1.2004 -1.9685 0.0787, 1.1421 -1.9685 0.0787, 1.1998 -1.9724 0.0787, 1.1428 -1.9724 0.0787, 1.1998 -1.9724 0.0, 1.1428 -1.9724 0.0, 1.2004 -1.9685 0.0079, 1.1421 -1.9685 0.0079, -1.9331 -1.1358 0.0079, -1.8504 -1.1358 0.0079, -1.9331 -1.1358 0.0, -1.8504 -1.1358 0.0, -1.8504 -1.2067 0.0079, -1.8504 -1.2067 0.0, -1.8412 -1.2055 0.0, -1.8412 -1.2055 0.0079, -1.8327 -1.2019 0.0, -1.8327 -1.2019 0.0079, -1.8253 -1.1963 0.0, -1.8253 -1.1963 0.0079, -1.8197 -1.189 0.0, -1.8197 -1.189 0.0079, -1.8162 -1.1804 0.0, -1.8162 -1.1804 0.0079, -1.815 -1.1713 0.0, -1.815 -1.1713 0.0079, -1.8162 -1.1621 0.0, -1.8162 -1.1621 0.0079, -1.8197 -1.1535 0.0, -1.8197 -1.1535 0.0079, -1.8253 -1.1462 0.0, -1.8253 -1.1462 0.0079, -1.8327 -1.1406 0.0, -1.8327 -1.1406 0.0079, -1.8412 -1.137 0.0, -1.8412 -1.137 0.0079, -1.9331 -1.2067 0.0, -1.9331 -1.2067 0.0079, -1.9685 -1.2004 0.0787, -1.9685 -1.1421 0.0787, -1.9724 -1.1998 0.0787, -1.9724 -1.1428 0.0787, -1.9724 -1.1998 0.0, -1.9724 -1.1428 0.0, -1.9685 -1.2004 0.0079, -1.9685 -1.1421 0.0079, 1.9331 1.2736 0.0079, 1.8504 1.2736 0.0079, 1.9331 1.2736 0.0, 1.8504 1.2736 0.0, 1.8504 1.3445 0.0079, 1.8504 1.3445 0.0, 1.8412 1.3433 0.0, 1.8412 1.3433 0.0079, 1.8327 1.3397 0.0, 1.8327 1.3397 0.0079, 1.8253 1.3341 0.0, 1.8253 1.3341 0.0079, 1.8197 1.3268 0.0, 1.8197 1.3268 0.0079, 1.8162 1.3182 0.0, 1.8162 1.3182 0.0079, 1.815 1.3091 0.0, 1.815 1.3091 0.0079, 1.8162 1.2999 0.0, 1.8162 1.2999 0.0079, 1.8197 1.2913 0.0, 1.8197 1.2913 0.0079, 1.8253 1.284 0.0, 1.8253 1.284 0.0079, 1.8327 1.2784 0.0, 1.8327 1.2784 0.0079, 1.8412 1.2748 0.0, 1.8412 1.2748 0.0079, 1.9331 1.3445 0.0, 1.9331 1.3445 0.0079, 1.9685 1.3382 0.0787, 1.9685 1.2799 0.0787, 1.9724 1.3375 0.0787, 1.9724 1.2806 0.0787, 1.9724 1.3375 0.0, 1.9724 1.2806 0.0, 1.9685 1.3382 0.0079, 1.9685 1.2799 0.0079, 1.2736 -1.9331 0.0079, 1.2736 -1.8504 0.0079, 1.2736 -1.9331 0.0, 1.2736 -1.8504 0.0, 1.3445 -1.8504 0.0079, 1.3445 -1.8504 0.0, 1.3433 -1.8412 0.0, 1.3433 -1.8412 0.0079, 1.3397 -1.8327 0.0, 1.3397 -1.8327 0.0079, 1.3341 -1.8253 0.0, 1.3341 -1.8253 0.0079, 1.3268 -1.8197 0.0, 1.3268 -1.8197 0.0079, 1.3182 -1.8162 0.0, 1.3182 -1.8162 0.0079, 1.3091 -1.815 0.0, 1.3091 -1.815 0.0079, 1.2999 -1.8162 0.0, 1.2999 -1.8162 0.0079, 1.2913 -1.8197 0.0, 1.2913 -1.8197 0.0079, 1.284 -1.8253 0.0, 1.284 -1.8253 0.0079, 1.2784 -1.8327 0.0, 1.2784 -1.8327 0.0079, 1.2748 -1.8412 0.0, 1.2748 -1.8412 0.0079, 1.3445 -1.9331 0.0, 1.3445 -1.9331 0.0079, 1.3382 -1.9685 0.0787, 1.2799 -1.9685 0.0787, 1.3375 -1.9724 0.0787, 1.2806 -1.9724 0.0787, 1.3375 -1.9724 0.0, 1.2806 -1.9724 0.0, 1.3382 -1.9685 0.0079, 1.2799 -1.9685 0.0079, -1.9331 -1.2736 0.0079, -1.8504 -1.2736 0.0079, -1.9331 -1.2736 0.0, -1.8504 -1.2736 0.0, -1.8504 -1.3445 0.0079, -1.8504 -1.3445 0.0, -1.8412 -1.3433 0.0, -1.8412 -1.3433 0.0079, -1.8327 -1.3397 0.0, -1.8327 -1.3397 0.0079, -1.8253 -1.3341 0.0, -1.8253 -1.3341 0.0079, -1.8197 -1.3268 0.0, -1.8197 -1.3268 0.0079, -1.8162 -1.3182 0.0, -1.8162 -1.3182 0.0079, -1.815 -1.3091 0.0, -1.815 -1.3091 0.0079, -1.8162 -1.2999 0.0, -1.8162 -1.2999 0.0079, -1.8197 -1.2913 0.0, -1.8197 -1.2913 0.0079, -1.8253 -1.284 0.0, -1.8253 -1.284 0.0079, -1.8327 -1.2784 0.0, -1.8327 -1.2784 0.0079, -1.8412 -1.2748 0.0, -1.8412 -1.2748 0.0079, -1.9331 -1.3445 0.0, -1.9331 -1.3445 0.0079, -1.9685 -1.3382 0.0787, -1.9685 -1.2799 0.0787, -1.9724 -1.3375 0.0787, -1.9724 -1.2806 0.0787, -1.9724 -1.3375 0.0, -1.9724 -1.2806 0.0, -1.9685 -1.3382 0.0079, -1.9685 -1.2799 0.0079, 1.9331 1.4114 0.0079, 1.8504 1.4114 0.0079, 1.9331 1.4114 0.0, 1.8504 1.4114 0.0, 1.8504 1.4823 0.0079, 1.8504 1.4823 0.0, 1.8412 1.4811 0.0, 1.8412 1.4811 0.0079, 1.8327 1.4775 0.0, 1.8327 1.4775 0.0079, 1.8253 1.4719 0.0, 1.8253 1.4719 0.0079, 1.8197 1.4646 0.0, 1.8197 1.4646 0.0079, 1.8162 1.456 0.0, 1.8162 1.456 0.0079, 1.815 1.4469 0.0, 1.815 1.4469 0.0079, 1.8162 1.4377 0.0, 1.8162 1.4377 0.0079, 1.8197 1.4291 0.0, 1.8197 1.4291 0.0079, 1.8253 1.4218 0.0, 1.8253 1.4218 0.0079, 1.8327 1.4162 0.0, 1.8327 1.4162 0.0079, 1.8412 1.4126 0.0, 1.8412 1.4126 0.0079, 1.9331 1.4823 0.0, 1.9331 1.4823 0.0079, 1.9685 1.476 0.0787, 1.9685 1.4177 0.0787, 1.9724 1.4753 0.0787, 1.9724 1.4184 0.0787, 1.9724 1.4753 0.0, 1.9724 1.4184 0.0, 1.9685 1.476 0.0079, 1.9685 1.4177 0.0079, 1.4114 -1.9331 0.0079, 1.4114 -1.8504 0.0079, 1.4114 -1.9331 0.0, 1.4114 -1.8504 0.0, 1.4823 -1.8504 0.0079, 1.4823 -1.8504 0.0, 1.4811 -1.8412 0.0, 1.4811 -1.8412 0.0079, 1.4775 -1.8327 0.0, 1.4775 -1.8327 0.0079, 1.4719 -1.8253 0.0, 1.4719 -1.8253 0.0079, 1.4646 -1.8197 0.0, 1.4646 -1.8197 0.0079, 1.456 -1.8162 0.0, 1.456 -1.8162 0.0079, 1.4469 -1.815 0.0, 1.4469 -1.815 0.0079, 1.4377 -1.8162 0.0, 1.4377 -1.8162 0.0079, 1.4291 -1.8197 0.0, 1.4291 -1.8197 0.0079, 1.4218 -1.8253 0.0, 1.4218 -1.8253 0.0079, 1.4162 -1.8327 0.0, 1.4162 -1.8327 0.0079, 1.4126 -1.8412 0.0, 1.4126 -1.8412 0.0079, 1.4823 -1.9331 0.0, 1.4823 -1.9331 0.0079, 1.476 -1.9685 0.0787, 1.4177 -1.9685 0.0787, 1.4753 -1.9724 0.0787, 1.4184 -1.9724 0.0787, 1.4753 -1.9724 0.0, 1.4184 -1.9724 0.0, 1.476 -1.9685 0.0079, 1.4177 -1.9685 0.0079, -1.9331 -1.4114 0.0079, -1.8504 -1.4114 0.0079, -1.9331 -1.4114 0.0, -1.8504 -1.4114 0.0, -1.8504 -1.4823 0.0079, -1.8504 -1.4823 0.0, -1.8412 -1.4811 0.0, -1.8412 -1.4811 0.0079, -1.8327 -1.4775 0.0, -1.8327 -1.4775 0.0079, -1.8253 -1.4719 0.0, -1.8253 -1.4719 0.0079, -1.8197 -1.4646 0.0, -1.8197 -1.4646 0.0079, -1.8162 -1.456 0.0, -1.8162 -1.456 0.0079, -1.815 -1.4469 0.0, -1.815 -1.4469 0.0079, -1.8162 -1.4377 0.0, -1.8162 -1.4377 0.0079, -1.8197 -1.4291 0.0, -1.8197 -1.4291 0.0079, -1.8253 -1.4218 0.0, -1.8253 -1.4218 0.0079, -1.8327 -1.4162 0.0, -1.8327 -1.4162 0.0079, -1.8412 -1.4126 0.0, -1.8412 -1.4126 0.0079, -1.9331 -1.4823 0.0, -1.9331 -1.4823 0.0079, -1.9685 -1.476 0.0787, -1.9685 -1.4177 0.0787, -1.9724 -1.4753 0.0787, -1.9724 -1.4184 0.0787, -1.9724 -1.4753 0.0, -1.9724 -1.4184 0.0, -1.9685 -1.476 0.0079, -1.9685 -1.4177 0.0079, 1.9331 1.5492 0.0079, 1.8504 1.5492 0.0079, 1.9331 1.5492 0.0, 1.8504 1.5492 0.0, 1.8504 1.6201 0.0079, 1.8504 1.6201 0.0, 1.8412 1.6189 0.0, 1.8412 1.6189 0.0079, 1.8327 1.6153 0.0, 1.8327 1.6153 0.0079, 1.8253 1.6097 0.0, 1.8253 1.6097 0.0079, 1.8197 1.6024 0.0, 1.8197 1.6024 0.0079, 1.8162 1.5938 0.0, 1.8162 1.5938 0.0079, 1.815 1.5846 0.0, 1.815 1.5846 0.0079, 1.8162 1.5755 0.0, 1.8162 1.5755 0.0079, 1.8197 1.5669 0.0, 1.8197 1.5669 0.0079, 1.8253 1.5596 0.0, 1.8253 1.5596 0.0079, 1.8327 1.554 0.0, 1.8327 1.554 0.0079, 1.8412 1.5504 0.0, 1.8412 1.5504 0.0079, 1.9331 1.6201 0.0, 1.9331 1.6201 0.0079, 1.9685 1.6138 0.0787, 1.9685 1.5555 0.0787, 1.9724 1.6131 0.0787, 1.9724 1.5562 0.0787, 1.9724 1.6131 0.0, 1.9724 1.5562 0.0, 1.9685 1.6138 0.0079, 1.9685 1.5555 0.0079, 1.5492 -1.9331 0.0079, 1.5492 -1.8504 0.0079, 1.5492 -1.9331 0.0, 1.5492 -1.8504 0.0, 1.6201 -1.8504 0.0079, 1.6201 -1.8504 0.0, 1.6189 -1.8412 0.0, 1.6189 -1.8412 0.0079, 1.6153 -1.8327 0.0, 1.6153 -1.8327 0.0079, 1.6097 -1.8253 0.0, 1.6097 -1.8253 0.0079, 1.6024 -1.8197 0.0, 1.6024 -1.8197 0.0079, 1.5938 -1.8162 0.0, 1.5938 -1.8162 0.0079, 1.5846 -1.815 0.0, 1.5846 -1.815 0.0079, 1.5755 -1.8162 0.0, 1.5755 -1.8162 0.0079, 1.5669 -1.8197 0.0, 1.5669 -1.8197 0.0079, 1.5596 -1.8253 0.0, 1.5596 -1.8253 0.0079, 1.554 -1.8327 0.0, 1.554 -1.8327 0.0079, 1.5504 -1.8412 0.0, 1.5504 -1.8412 0.0079, 1.6201 -1.9331 0.0, 1.6201 -1.9331 0.0079, 1.6138 -1.9685 0.0787, 1.5555 -1.9685 0.0787, 1.6131 -1.9724 0.0787, 1.5562 -1.9724 0.0787, 1.6131 -1.9724 0.0, 1.5562 -1.9724 0.0, 1.6138 -1.9685 0.0079, 1.5555 -1.9685 0.0079, -1.9331 -1.5492 0.0079, -1.8504 -1.5492 0.0079, -1.9331 -1.5492 0.0, -1.8504 -1.5492 0.0, -1.8504 -1.6201 0.0079, -1.8504 -1.6201 0.0, -1.8412 -1.6189 0.0, -1.8412 -1.6189 0.0079, -1.8327 -1.6153 0.0, -1.8327 -1.6153 0.0079, -1.8253 -1.6097 0.0, -1.8253 -1.6097 0.0079, -1.8197 -1.6024 0.0, -1.8197 -1.6024 0.0079, -1.8162 -1.5938 0.0, -1.8162 -1.5938 0.0079, -1.815 -1.5846 0.0, -1.815 -1.5846 0.0079, -1.8162 -1.5755 0.0, -1.8162 -1.5755 0.0079, -1.8197 -1.5669 0.0, -1.8197 -1.5669 0.0079, -1.8253 -1.5596 0.0, -1.8253 -1.5596 0.0079, -1.8327 -1.554 0.0, -1.8327 -1.554 0.0079, -1.8412 -1.5504 0.0, -1.8412 -1.5504 0.0079, -1.9331 -1.6201 0.0, -1.9331 -1.6201 0.0079, -1.9685 -1.6138 0.0787, -1.9685 -1.5555 0.0787, -1.9724 -1.6131 0.0787, -1.9724 -1.5562 0.0787, -1.9724 -1.6131 0.0, -1.9724 -1.5562 0.0, -1.9685 -1.6138 0.0079, -1.9685 -1.5555 0.0079, -1.4764 1.2795 0.0, -1.4764 -1.4764 0.0, -1.4764 1.2795 0.0079, -1.4764 -1.4764 0.0079, -1.2795 1.4764 0.0079, 1.4764 1.4764 0.0079, -1.2795 1.4764 0.0, 1.4764 1.4764 0.0, 1.4764 -1.4764 0.0, 1.4764 -1.4764 0.0079
            ]
        }
        coordIndex [
            0,1,2,-1,2,1,3,-1,4,5,6,-1,6,5,7,-1,2,3,8,-1,8,3,9,-1,0,2,10,-1,10,2,8,-1,10,8,6,-1,6,8,4,-1,11,12,13,-1,13,12,9,-1,13,9,1,-1,1,9,3,-1,14,15,16,-1,16,15,17,-1,18,19,20,-1,20,19,21,-1,21,19,22,-1,21,22,23,-1,23,22,24,-1,23,24,25,-1,25,24,26,-1,25,26,27,-1,27,26,28,-1,27,28,29,-1,29,28,30,-1,29,30,31,-1,31,30,32,-1,31,32,33,-1,33,32,34,-1,33,34,35,-1,35,34,36,-1,35,36,37,-1,37,36,38,-1,37,38,39,-1,39,38,40,-1,39,40,41,-1,41,40,42,-1,41,42,43,-1,43,42,44,-1,43,44,45,-1,46,45,47,-1,47,45,44,-1,16,17,48,-1,48,17,49,-1,48,49,18,-1,18,49,47,-1,18,47,19,-1,36,42,38,-1,38,42,40,-1,47,44,19,-1,19,44,42,-1,19,42,22,-1,22,42,24,-1,36,34,42,-1,42,34,32,-1,42,32,30,-1,30,28,42,-1,42,28,26,-1,42,26,24,-1,50,51,52,-1,52,51,53,-1,54,55,56,-1,56,55,57,-1,57,55,58,-1,57,58,59,-1,59,58,60,-1,59,60,61,-1,61,60,62,-1,61,62,63,-1,63,62,64,-1,63,64,65,-1,65,64,66,-1,65,66,67,-1,67,66,68,-1,67,68,69,-1,69,68,70,-1,69,70,71,-1,71,70,72,-1,71,72,73,-1,73,72,74,-1,73,74,75,-1,75,74,76,-1,75,76,77,-1,77,76,78,-1,77,78,79,-1,79,78,80,-1,79,80,81,-1,82,81,83,-1,83,81,80,-1,52,53,84,-1,84,53,85,-1,84,85,54,-1,54,85,83,-1,54,83,55,-1,55,83,80,-1,68,66,55,-1,80,78,55,-1,55,78,76,-1,55,76,74,-1,74,72,55,-1,55,72,70,-1,55,70,68,-1,66,64,55,-1,55,64,62,-1,55,62,58,-1,58,62,60,-1,86,87,88,-1,88,87,89,-1,90,91,92,-1,92,91,93,-1,93,91,94,-1,93,94,95,-1,95,94,96,-1,95,96,97,-1,97,96,98,-1,97,98,99,-1,99,98,100,-1,99,100,101,-1,101,100,102,-1,101,102,103,-1,103,102,104,-1,103,104,105,-1,105,104,106,-1,105,106,107,-1,107,106,108,-1,107,108,109,-1,109,108,110,-1,109,110,111,-1,111,110,112,-1,111,112,113,-1,113,112,114,-1,113,114,115,-1,115,114,116,-1,115,116,117,-1,118,117,119,-1,119,117,116,-1,88,89,120,-1,120,89,121,-1,120,121,90,-1,90,121,119,-1,90,119,91,-1,91,119,116,-1,104,102,91,-1,116,114,91,-1,91,114,112,-1,91,112,110,-1,110,108,91,-1,91,108,106,-1,91,106,104,-1,102,100,91,-1,91,100,98,-1,91,98,94,-1,94,98,96,-1,122,123,124,-1,124,123,125,-1,126,127,128,-1,128,127,129,-1,129,127,130,-1,129,130,131,-1,131,130,132,-1,131,132,133,-1,133,132,134,-1,133,134,135,-1,135,134,136,-1,135,136,137,-1,137,136,138,-1,137,138,139,-1,139,138,140,-1,139,140,141,-1,141,140,142,-1,141,142,143,-1,143,142,144,-1,143,144,145,-1,145,144,146,-1,145,146,147,-1,147,146,148,-1,147,148,149,-1,149,148,150,-1,149,150,151,-1,151,150,152,-1,151,152,153,-1,154,153,155,-1,155,153,152,-1,124,125,156,-1,156,125,157,-1,156,157,126,-1,126,157,155,-1,126,155,127,-1,127,155,152,-1,140,138,127,-1,152,150,127,-1,127,150,148,-1,127,148,146,-1,146,144,127,-1,127,144,142,-1,127,142,140,-1,138,136,127,-1,127,136,134,-1,127,134,130,-1,130,134,132,-1,158,159,160,-1,160,159,161,-1,162,163,164,-1,164,163,165,-1,165,163,166,-1,165,166,167,-1,167,166,168,-1,167,168,169,-1,169,168,170,-1,169,170,171,-1,171,170,172,-1,171,172,173,-1,173,172,174,-1,173,174,175,-1,175,174,176,-1,175,176,177,-1,177,176,178,-1,177,178,179,-1,179,178,180,-1,179,180,181,-1,181,180,182,-1,181,182,183,-1,183,182,184,-1,183,184,185,-1,185,184,186,-1,185,186,187,-1,187,186,188,-1,187,188,189,-1,190,189,191,-1,191,189,188,-1,160,161,192,-1,192,161,193,-1,192,193,162,-1,162,193,191,-1,162,191,163,-1,163,191,188,-1,176,174,163,-1,188,186,163,-1,163,186,184,-1,163,184,182,-1,182,180,163,-1,163,180,178,-1,163,178,176,-1,174,172,163,-1,163,172,170,-1,163,170,166,-1,166,170,168,-1,194,195,196,-1,196,195,197,-1,198,199,200,-1,200,199,201,-1,201,199,202,-1,201,202,203,-1,203,202,204,-1,203,204,205,-1,205,204,206,-1,205,206,207,-1,207,206,208,-1,207,208,209,-1,209,208,210,-1,209,210,211,-1,211,210,212,-1,211,212,213,-1,213,212,214,-1,213,214,215,-1,215,214,216,-1,215,216,217,-1,217,216,218,-1,217,218,219,-1,219,218,220,-1,219,220,221,-1,221,220,222,-1,221,222,223,-1,223,222,224,-1,223,224,225,-1,226,225,227,-1,227,225,224,-1,196,197,228,-1,228,197,229,-1,222,220,199,-1,220,218,199,-1,199,218,216,-1,199,216,214,-1,228,229,198,-1,198,229,227,-1,198,227,199,-1,199,227,224,-1,199,224,222,-1,214,212,199,-1,199,212,210,-1,199,210,208,-1,208,206,199,-1,199,206,204,-1,199,204,202,-1,230,231,232,-1,232,231,233,-1,234,235,236,-1,236,235,237,-1,237,235,238,-1,237,238,239,-1,239,238,240,-1,239,240,241,-1,241,240,242,-1,241,242,243,-1,243,242,244,-1,243,244,245,-1,245,244,246,-1,245,246,247,-1,247,246,248,-1,247,248,249,-1,249,248,250,-1,249,250,251,-1,251,250,252,-1,251,252,253,-1,253,252,254,-1,253,254,255,-1,255,254,256,-1,255,256,257,-1,257,256,258,-1,257,258,259,-1,259,258,260,-1,259,260,261,-1,262,261,263,-1,263,261,260,-1,232,233,264,-1,264,233,265,-1,264,265,234,-1,234,265,263,-1,234,263,235,-1,263,260,235,-1,235,260,258,-1,235,258,256,-1,256,254,235,-1,235,254,252,-1,235,252,250,-1,250,248,235,-1,235,248,246,-1,235,246,244,-1,244,242,235,-1,235,242,240,-1,235,240,238,-1,266,267,268,-1,268,267,269,-1,270,271,272,-1,272,271,273,-1,273,271,274,-1,273,274,275,-1,275,274,276,-1,275,276,277,-1,277,276,278,-1,277,278,279,-1,279,278,280,-1,279,280,281,-1,281,280,282,-1,281,282,283,-1,283,282,284,-1,283,284,285,-1,285,284,286,-1,285,286,287,-1,287,286,288,-1,287,288,289,-1,289,288,290,-1,289,290,291,-1,291,290,292,-1,291,292,293,-1,293,292,294,-1,293,294,295,-1,295,294,296,-1,295,296,297,-1,298,297,299,-1,299,297,296,-1,268,269,300,-1,300,269,301,-1,294,292,271,-1,300,301,270,-1,270,301,299,-1,270,299,271,-1,271,299,296,-1,271,296,294,-1,292,290,271,-1,271,290,288,-1,271,288,286,-1,286,284,271,-1,271,284,282,-1,271,282,280,-1,280,278,271,-1,271,278,276,-1,271,276,274,-1,302,303,304,-1,304,303,305,-1,306,307,308,-1,308,307,309,-1,309,307,310,-1,309,310,311,-1,311,310,312,-1,311,312,313,-1,313,312,314,-1,313,314,315,-1,315,314,316,-1,315,316,317,-1,317,316,318,-1,317,318,319,-1,319,318,320,-1,319,320,321,-1,321,320,322,-1,321,322,323,-1,323,322,324,-1,323,324,325,-1,325,324,326,-1,325,326,327,-1,327,326,328,-1,327,328,329,-1,329,328,330,-1,329,330,331,-1,331,330,332,-1,331,332,333,-1,334,333,335,-1,335,333,332,-1,304,305,336,-1,336,305,337,-1,330,328,307,-1,336,337,306,-1,306,337,335,-1,306,335,307,-1,307,335,332,-1,307,332,330,-1,328,326,307,-1,307,326,324,-1,307,324,322,-1,322,320,307,-1,307,320,318,-1,307,318,316,-1,316,314,307,-1,307,314,312,-1,307,312,310,-1,338,339,340,-1,340,339,341,-1,342,343,344,-1,344,343,345,-1,345,343,346,-1,345,346,347,-1,347,346,348,-1,347,348,349,-1,349,348,350,-1,349,350,351,-1,351,350,352,-1,351,352,353,-1,353,352,354,-1,353,354,355,-1,355,354,356,-1,355,356,357,-1,357,356,358,-1,357,358,359,-1,359,358,360,-1,359,360,361,-1,361,360,362,-1,361,362,363,-1,363,362,364,-1,363,364,365,-1,365,364,366,-1,365,366,367,-1,367,366,368,-1,367,368,369,-1,370,369,371,-1,371,369,368,-1,340,341,372,-1,372,341,373,-1,372,373,342,-1,342,373,371,-1,342,371,343,-1,343,371,368,-1,366,364,362,-1,368,358,356,-1,356,354,368,-1,368,354,352,-1,368,352,350,-1,366,362,368,-1,368,362,360,-1,368,360,358,-1,350,348,368,-1,368,348,346,-1,368,346,343,-1,374,375,376,-1,376,375,377,-1,378,379,380,-1,380,379,381,-1,381,379,382,-1,381,382,383,-1,383,382,384,-1,383,384,385,-1,385,384,386,-1,385,386,387,-1,387,386,388,-1,387,388,389,-1,389,388,390,-1,389,390,391,-1,391,390,392,-1,391,392,393,-1,393,392,394,-1,393,394,395,-1,395,394,396,-1,395,396,397,-1,397,396,398,-1,397,398,399,-1,399,398,400,-1,399,400,401,-1,401,400,402,-1,401,402,403,-1,403,402,404,-1,403,404,405,-1,406,405,407,-1,407,405,404,-1,376,377,408,-1,408,377,409,-1,404,379,407,-1,407,379,378,-1,407,378,409,-1,409,378,408,-1,402,400,398,-1,404,394,392,-1,392,390,404,-1,404,390,388,-1,404,388,386,-1,402,398,404,-1,404,398,396,-1,404,396,394,-1,386,384,404,-1,404,384,382,-1,404,382,379,-1,410,411,412,-1,412,411,413,-1,414,415,416,-1,416,415,417,-1,417,415,418,-1,417,418,419,-1,419,418,420,-1,419,420,421,-1,421,420,422,-1,421,422,423,-1,423,422,424,-1,423,424,425,-1,425,424,426,-1,425,426,427,-1,427,426,428,-1,427,428,429,-1,429,428,430,-1,429,430,431,-1,431,430,432,-1,431,432,433,-1,433,432,434,-1,433,434,435,-1,435,434,436,-1,435,436,437,-1,437,436,438,-1,437,438,439,-1,439,438,440,-1,439,440,441,-1,442,441,443,-1,443,441,440,-1,412,413,444,-1,444,413,445,-1,444,445,414,-1,414,445,443,-1,414,443,415,-1,415,443,440,-1,438,436,434,-1,440,430,428,-1,428,426,440,-1,440,426,424,-1,440,424,422,-1,438,434,440,-1,440,434,432,-1,440,432,430,-1,422,420,440,-1,440,420,418,-1,440,418,415,-1,446,447,448,-1,448,447,449,-1,450,451,452,-1,452,451,453,-1,453,451,454,-1,453,454,455,-1,455,454,456,-1,455,456,457,-1,457,456,458,-1,457,458,459,-1,459,458,460,-1,459,460,461,-1,461,460,462,-1,461,462,463,-1,463,462,464,-1,463,464,465,-1,465,464,466,-1,465,466,467,-1,467,466,468,-1,467,468,469,-1,469,468,470,-1,469,470,471,-1,471,470,472,-1,471,472,473,-1,473,472,474,-1,473,474,475,-1,475,474,476,-1,475,476,477,-1,478,477,479,-1,479,477,476,-1,448,449,480,-1,480,449,481,-1,476,451,479,-1,479,451,450,-1,479,450,481,-1,481,450,480,-1,464,462,476,-1,476,462,460,-1,476,460,458,-1,470,476,472,-1,472,476,474,-1,470,468,476,-1,476,468,466,-1,476,466,464,-1,458,456,476,-1,476,456,454,-1,476,454,451,-1,482,483,484,-1,484,483,485,-1,486,487,488,-1,488,487,489,-1,489,487,490,-1,489,490,491,-1,491,490,492,-1,491,492,493,-1,493,492,494,-1,493,494,495,-1,495,494,496,-1,495,496,497,-1,497,496,498,-1,497,498,499,-1,499,498,500,-1,499,500,501,-1,501,500,502,-1,501,502,503,-1,503,502,504,-1,503,504,505,-1,505,504,506,-1,505,506,507,-1,507,506,508,-1,507,508,509,-1,509,508,510,-1,509,510,511,-1,511,510,512,-1,511,512,513,-1,514,513,515,-1,515,513,512,-1,484,485,516,-1,516,485,517,-1,516,517,486,-1,486,517,515,-1,486,515,487,-1,487,515,512,-1,510,508,506,-1,512,502,500,-1,500,498,512,-1,512,498,496,-1,512,496,494,-1,510,506,512,-1,512,506,504,-1,512,504,502,-1,494,492,512,-1,512,492,490,-1,512,490,487,-1,518,519,520,-1,520,519,521,-1,522,523,524,-1,524,523,525,-1,525,523,526,-1,525,526,527,-1,527,526,528,-1,527,528,529,-1,529,528,530,-1,529,530,531,-1,531,530,532,-1,531,532,533,-1,533,532,534,-1,533,534,535,-1,535,534,536,-1,535,536,537,-1,537,536,538,-1,537,538,539,-1,539,538,540,-1,539,540,541,-1,541,540,542,-1,541,542,543,-1,543,542,544,-1,543,544,545,-1,545,544,546,-1,545,546,547,-1,547,546,548,-1,547,548,549,-1,550,549,551,-1,551,549,548,-1,520,521,552,-1,552,521,553,-1,552,553,522,-1,522,553,551,-1,522,551,523,-1,523,551,548,-1,546,544,542,-1,548,538,536,-1,536,534,548,-1,548,534,532,-1,548,532,530,-1,546,542,548,-1,548,542,540,-1,548,540,538,-1,530,528,548,-1,548,528,526,-1,548,526,523,-1,554,555,556,-1,556,555,557,-1,558,559,560,-1,560,559,561,-1,561,559,562,-1,561,562,563,-1,563,562,564,-1,563,564,565,-1,565,564,566,-1,565,566,567,-1,567,566,568,-1,567,568,569,-1,569,568,570,-1,569,570,571,-1,571,570,572,-1,571,572,573,-1,573,572,574,-1,573,574,575,-1,575,574,576,-1,575,576,577,-1,577,576,578,-1,577,578,579,-1,579,578,580,-1,579,580,581,-1,581,580,582,-1,581,582,583,-1,583,582,584,-1,583,584,585,-1,586,585,587,-1,587,585,584,-1,556,557,588,-1,588,557,589,-1,582,580,559,-1,588,589,558,-1,558,589,587,-1,558,587,559,-1,559,587,584,-1,559,584,582,-1,580,578,559,-1,559,578,576,-1,559,576,574,-1,574,572,559,-1,559,572,570,-1,559,570,568,-1,568,566,559,-1,559,566,564,-1,559,564,562,-1,590,591,592,-1,592,591,593,-1,594,595,596,-1,596,595,597,-1,597,595,598,-1,597,598,599,-1,599,598,600,-1,599,600,601,-1,601,600,602,-1,601,602,603,-1,603,602,604,-1,603,604,605,-1,605,604,606,-1,605,606,607,-1,607,606,608,-1,607,608,609,-1,609,608,610,-1,609,610,611,-1,611,610,612,-1,611,612,613,-1,613,612,614,-1,613,614,615,-1,615,614,616,-1,615,616,617,-1,617,616,618,-1,617,618,619,-1,619,618,620,-1,619,620,621,-1,622,621,623,-1,623,621,620,-1,592,593,624,-1,624,593,625,-1,618,616,595,-1,624,625,594,-1,594,625,623,-1,594,623,595,-1,595,623,620,-1,595,620,618,-1,616,614,595,-1,595,614,612,-1,595,612,610,-1,610,608,595,-1,595,608,606,-1,595,606,604,-1,604,602,595,-1,595,602,600,-1,595,600,598,-1,626,627,628,-1,628,627,629,-1,630,631,632,-1,632,631,633,-1,633,631,634,-1,633,634,635,-1,635,634,636,-1,635,636,637,-1,637,636,638,-1,637,638,639,-1,639,638,640,-1,639,640,641,-1,641,640,642,-1,641,642,643,-1,643,642,644,-1,643,644,645,-1,645,644,646,-1,645,646,647,-1,647,646,648,-1,647,648,649,-1,649,648,650,-1,649,650,651,-1,651,650,652,-1,651,652,653,-1,653,652,654,-1,653,654,655,-1,655,654,656,-1,655,656,657,-1,658,657,659,-1,659,657,656,-1,628,629,660,-1,660,629,661,-1,660,661,630,-1,630,661,659,-1,630,659,631,-1,631,659,656,-1,638,656,640,-1,640,656,642,-1,654,646,656,-1,656,646,644,-1,656,644,642,-1,654,652,646,-1,646,652,650,-1,646,650,648,-1,638,636,656,-1,656,636,634,-1,656,634,631,-1,662,663,664,-1,664,663,665,-1,666,667,668,-1,668,667,669,-1,669,667,670,-1,669,670,671,-1,671,670,672,-1,671,672,673,-1,673,672,674,-1,673,674,675,-1,675,674,676,-1,675,676,677,-1,677,676,678,-1,677,678,679,-1,679,678,680,-1,679,680,681,-1,681,680,682,-1,681,682,683,-1,683,682,684,-1,683,684,685,-1,685,684,686,-1,685,686,687,-1,687,686,688,-1,687,688,689,-1,689,688,690,-1,689,690,691,-1,691,690,692,-1,691,692,693,-1,694,693,695,-1,695,693,692,-1,664,665,696,-1,696,665,697,-1,696,697,666,-1,666,697,695,-1,666,695,667,-1,667,695,692,-1,680,678,667,-1,692,690,667,-1,667,690,688,-1,667,688,686,-1,686,684,667,-1,667,684,682,-1,667,682,680,-1,678,676,667,-1,667,676,674,-1,667,674,670,-1,670,674,672,-1,698,699,700,-1,700,699,701,-1,702,703,704,-1,704,703,705,-1,705,703,706,-1,705,706,707,-1,707,706,708,-1,707,708,709,-1,709,708,710,-1,709,710,711,-1,711,710,712,-1,711,712,713,-1,713,712,714,-1,713,714,715,-1,715,714,716,-1,715,716,717,-1,717,716,718,-1,717,718,719,-1,719,718,720,-1,719,720,721,-1,721,720,722,-1,721,722,723,-1,723,722,724,-1,723,724,725,-1,725,724,726,-1,725,726,727,-1,727,726,728,-1,727,728,729,-1,730,729,731,-1,731,729,728,-1,700,701,732,-1,732,701,733,-1,732,733,702,-1,702,733,731,-1,702,731,703,-1,703,731,728,-1,716,714,703,-1,728,726,703,-1,703,726,724,-1,703,724,722,-1,722,720,703,-1,703,720,718,-1,703,718,716,-1,714,712,703,-1,703,712,710,-1,703,710,706,-1,706,710,708,-1,734,735,736,-1,736,735,737,-1,738,739,740,-1,740,739,741,-1,741,739,742,-1,741,742,743,-1,743,742,744,-1,743,744,745,-1,745,744,746,-1,745,746,747,-1,747,746,748,-1,747,748,749,-1,749,748,750,-1,749,750,751,-1,751,750,752,-1,751,752,753,-1,753,752,754,-1,753,754,755,-1,755,754,756,-1,755,756,757,-1,757,756,758,-1,757,758,759,-1,759,758,760,-1,759,760,761,-1,761,760,762,-1,761,762,763,-1,763,762,764,-1,763,764,765,-1,766,765,767,-1,767,765,764,-1,736,737,768,-1,768,737,769,-1,768,769,738,-1,738,769,767,-1,738,767,739,-1,739,767,764,-1,752,750,739,-1,764,762,739,-1,739,762,760,-1,739,760,758,-1,758,756,739,-1,739,756,754,-1,739,754,752,-1,750,748,739,-1,739,748,746,-1,739,746,742,-1,742,746,744,-1,770,771,772,-1,772,771,773,-1,774,775,776,-1,776,775,777,-1,777,775,778,-1,777,778,779,-1,779,778,780,-1,779,780,781,-1,781,780,782,-1,781,782,783,-1,783,782,784,-1,783,784,785,-1,785,784,786,-1,785,786,787,-1,787,786,788,-1,787,788,789,-1,789,788,790,-1,789,790,791,-1,791,790,792,-1,791,792,793,-1,793,792,794,-1,793,794,795,-1,795,794,796,-1,795,796,797,-1,797,796,798,-1,797,798,799,-1,799,798,800,-1,799,800,801,-1,802,801,803,-1,803,801,800,-1,772,773,804,-1,804,773,805,-1,804,805,774,-1,774,805,803,-1,774,803,775,-1,775,803,800,-1,788,786,775,-1,800,798,775,-1,775,798,796,-1,775,796,794,-1,794,792,775,-1,775,792,790,-1,775,790,788,-1,786,784,775,-1,775,784,782,-1,775,782,778,-1,778,782,780,-1,806,807,808,-1,808,807,809,-1,810,811,812,-1,812,811,813,-1,813,811,814,-1,813,814,815,-1,815,814,816,-1,815,816,817,-1,817,816,818,-1,817,818,819,-1,819,818,820,-1,819,820,821,-1,821,820,822,-1,821,822,823,-1,823,822,824,-1,823,824,825,-1,825,824,826,-1,825,826,827,-1,827,826,828,-1,827,828,829,-1,829,828,830,-1,829,830,831,-1,831,830,832,-1,831,832,833,-1,833,832,834,-1,833,834,835,-1,835,834,836,-1,835,836,837,-1,838,837,839,-1,839,837,836,-1,808,809,840,-1,840,809,841,-1,840,841,810,-1,810,841,839,-1,810,839,811,-1,811,839,836,-1,824,822,811,-1,836,834,811,-1,811,834,832,-1,811,832,830,-1,830,828,811,-1,811,828,826,-1,811,826,824,-1,822,820,811,-1,811,820,818,-1,811,818,814,-1,814,818,816,-1,842,843,844,-1,844,843,845,-1,846,847,848,-1,848,847,849,-1,849,847,850,-1,849,850,851,-1,851,850,852,-1,851,852,853,-1,853,852,854,-1,853,854,855,-1,855,854,856,-1,855,856,857,-1,857,856,858,-1,857,858,859,-1,859,858,860,-1,859,860,861,-1,861,860,862,-1,861,862,863,-1,863,862,864,-1,863,864,865,-1,865,864,866,-1,865,866,867,-1,867,866,868,-1,867,868,869,-1,869,868,870,-1,869,870,871,-1,871,870,872,-1,871,872,873,-1,874,873,875,-1,875,873,872,-1,844,845,876,-1,876,845,877,-1,876,877,846,-1,846,877,875,-1,846,875,847,-1,864,870,866,-1,866,870,868,-1,875,872,847,-1,847,872,870,-1,847,870,850,-1,850,870,852,-1,864,862,870,-1,870,862,860,-1,870,860,858,-1,858,856,870,-1,870,856,854,-1,870,854,852,-1,878,879,880,-1,880,879,881,-1,882,883,884,-1,884,883,885,-1,886,887,888,-1,886,888,889,-1,889,888,890,-1,889,890,891,-1,892,891,893,-1,893,891,890,-1,880,881,894,-1,894,881,895,-1,888,887,885,-1,894,895,883,-1,883,895,893,-1,883,893,885,-1,885,893,890,-1,885,890,888,-1,14,16,896,-1,896,16,48,-1,896,48,20,-1,20,48,18,-1,46,47,897,-1,897,47,49,-1,897,49,15,-1,15,49,17,-1,50,52,898,-1,898,52,84,-1,898,84,56,-1,56,84,54,-1,82,83,899,-1,899,83,85,-1,899,85,51,-1,51,85,53,-1,86,88,900,-1,900,88,120,-1,900,120,92,-1,92,120,90,-1,118,119,901,-1,901,119,121,-1,901,121,87,-1,87,121,89,-1,122,124,902,-1,902,124,156,-1,902,156,128,-1,128,156,126,-1,154,155,903,-1,903,155,157,-1,903,157,123,-1,123,157,125,-1,158,160,904,-1,904,160,192,-1,904,192,164,-1,164,192,162,-1,190,191,905,-1,905,191,193,-1,905,193,159,-1,159,193,161,-1,194,196,906,-1,906,196,228,-1,906,228,200,-1,200,228,198,-1,226,227,907,-1,907,227,229,-1,907,229,195,-1,195,229,197,-1,230,232,908,-1,908,232,264,-1,908,264,236,-1,236,264,234,-1,262,263,909,-1,909,263,265,-1,909,265,231,-1,231,265,233,-1,266,268,910,-1,910,268,300,-1,910,300,272,-1,272,300,270,-1,298,299,911,-1,911,299,301,-1,911,301,267,-1,267,301,269,-1,302,304,912,-1,912,304,336,-1,912,336,308,-1,308,336,306,-1,334,335,913,-1,913,335,337,-1,913,337,303,-1,303,337,305,-1,338,340,914,-1,914,340,372,-1,914,372,344,-1,344,372,342,-1,370,371,915,-1,915,371,373,-1,915,373,339,-1,339,373,341,-1,374,376,916,-1,916,376,408,-1,916,408,380,-1,380,408,378,-1,406,407,917,-1,917,407,409,-1,917,409,375,-1,375,409,377,-1,410,412,918,-1,918,412,444,-1,918,444,416,-1,416,444,414,-1,442,443,919,-1,919,443,445,-1,919,445,411,-1,411,445,413,-1,446,448,920,-1,920,448,480,-1,920,480,452,-1,452,480,450,-1,478,479,921,-1,921,479,481,-1,921,481,447,-1,447,481,449,-1,482,484,922,-1,922,484,516,-1,922,516,488,-1,488,516,486,-1,514,515,923,-1,923,515,517,-1,923,517,483,-1,483,517,485,-1,518,520,924,-1,924,520,552,-1,924,552,524,-1,524,552,522,-1,550,551,925,-1,925,551,553,-1,925,553,519,-1,519,553,521,-1,554,556,926,-1,926,556,588,-1,926,588,560,-1,560,588,558,-1,586,587,927,-1,927,587,589,-1,927,589,555,-1,555,589,557,-1,590,592,928,-1,928,592,624,-1,928,624,596,-1,596,624,594,-1,622,623,929,-1,929,623,625,-1,929,625,591,-1,591,625,593,-1,626,628,930,-1,930,628,660,-1,930,660,632,-1,632,660,630,-1,658,659,931,-1,931,659,661,-1,931,661,627,-1,627,661,629,-1,662,664,932,-1,932,664,696,-1,932,696,668,-1,668,696,666,-1,694,695,933,-1,933,695,697,-1,933,697,663,-1,663,697,665,-1,698,700,934,-1,934,700,732,-1,934,732,704,-1,704,732,702,-1,730,731,935,-1,935,731,733,-1,935,733,699,-1,699,733,701,-1,734,736,936,-1,936,736,768,-1,936,768,740,-1,740,768,738,-1,766,767,937,-1,937,767,769,-1,937,769,735,-1,735,769,737,-1,770,772,938,-1,938,772,804,-1,938,804,776,-1,776,804,774,-1,802,803,939,-1,939,803,805,-1,939,805,771,-1,771,805,773,-1,806,808,940,-1,940,808,840,-1,940,840,812,-1,812,840,810,-1,838,839,941,-1,941,839,841,-1,941,841,807,-1,807,841,809,-1,842,844,942,-1,942,844,876,-1,942,876,848,-1,848,876,846,-1,874,875,943,-1,943,875,877,-1,943,877,843,-1,843,877,845,-1,878,880,944,-1,944,880,894,-1,944,894,882,-1,882,894,883,-1,892,893,945,-1,945,893,895,-1,945,895,879,-1,879,895,881,-1,946,947,948,-1,948,947,949,-1,950,951,952,-1,952,951,953,-1,952,953,954,-1,954,953,955,-1,950,952,956,-1,956,952,954,-1,956,954,948,-1,948,954,946,-1,957,958,959,-1,959,958,955,-1,959,955,951,-1,951,955,953,-1,960,961,962,-1,962,961,963,-1,964,965,966,-1,966,965,967,-1,966,967,968,-1,968,967,969,-1,964,966,970,-1,970,966,968,-1,970,968,962,-1,962,968,960,-1,971,972,973,-1,973,972,969,-1,973,969,965,-1,965,969,967,-1,974,975,976,-1,976,975,977,-1,978,979,980,-1,980,979,981,-1,980,981,982,-1,982,981,983,-1,978,980,984,-1,984,980,982,-1,984,982,976,-1,976,982,974,-1,985,986,987,-1,987,986,983,-1,987,983,979,-1,979,983,981,-1,988,989,990,-1,990,989,991,-1,992,993,994,-1,992,994,995,-1,995,994,991,-1,995,991,989,-1,996,997,998,-1,998,997,999,-1,1000,1001,1002,-1,1002,1001,1003,-1,1002,1003,1004,-1,1004,1003,1005,-1,1000,1002,1006,-1,1006,1002,1004,-1,1006,1004,996,-1,996,1004,997,-1,994,993,999,-1,1004,1005,997,-1,997,1005,990,-1,997,990,999,-1,999,990,991,-1,999,991,994,-1,988,990,1007,-1,1007,990,1005,-1,1007,1005,1001,-1,1001,1005,1003,-1,1008,1009,1010,-1,1010,1009,1011,-1,1012,1013,1014,-1,1012,1014,1015,-1,1015,1014,1011,-1,1015,1011,1009,-1,1016,1017,1018,-1,1018,1017,1019,-1,1020,1021,1022,-1,1022,1021,1023,-1,1022,1023,1024,-1,1024,1023,1025,-1,1020,1022,1026,-1,1026,1022,1024,-1,1026,1024,1016,-1,1016,1024,1017,-1,1014,1013,1019,-1,1024,1025,1017,-1,1017,1025,1010,-1,1017,1010,1019,-1,1019,1010,1011,-1,1019,1011,1014,-1,1008,1010,1027,-1,1027,1010,1025,-1,1027,1025,1021,-1,1021,1025,1023,-1,1028,1029,1030,-1,1030,1029,1031,-1,1032,1033,1034,-1,1032,1034,1035,-1,1035,1034,1031,-1,1035,1031,1029,-1,1036,1037,1038,-1,1038,1037,1039,-1,1040,1041,1042,-1,1042,1041,1043,-1,1042,1043,1044,-1,1044,1043,1045,-1,1040,1042,1046,-1,1046,1042,1044,-1,1046,1044,1036,-1,1036,1044,1037,-1,1034,1033,1039,-1,1044,1045,1037,-1,1037,1045,1030,-1,1037,1030,1039,-1,1039,1030,1031,-1,1039,1031,1034,-1,1028,1030,1047,-1,1047,1030,1045,-1,1047,1045,1041,-1,1041,1045,1043,-1,1048,1049,1050,-1,1050,1049,1051,-1,1052,1053,1054,-1,1052,1054,1055,-1,1055,1054,1056,-1,1055,1056,1057,-1,1057,1056,1058,-1,1057,1058,1059,-1,1059,1058,1060,-1,1059,1060,1061,-1,1061,1060,1062,-1,1061,1062,1063,-1,1063,1062,1064,-1,1063,1064,1065,-1,1065,1064,1066,-1,1065,1066,1067,-1,1067,1066,1068,-1,1067,1068,1069,-1,1069,1068,1070,-1,1069,1070,1071,-1,1071,1070,1072,-1,1071,1072,1073,-1,1073,1072,1074,-1,1073,1074,1075,-1,1075,1074,1051,-1,1075,1051,1049,-1,1076,1053,1077,-1,1077,1053,1052,-1,1078,1079,1080,-1,1080,1079,1081,-1,1080,1081,1082,-1,1082,1081,1083,-1,1078,1080,1084,-1,1084,1080,1082,-1,1084,1082,1077,-1,1077,1082,1076,-1,1082,1083,1076,-1,1076,1083,1050,-1,1076,1050,1053,-1,1068,1074,1070,-1,1070,1074,1072,-1,1050,1051,1053,-1,1053,1051,1074,-1,1053,1074,1054,-1,1054,1074,1056,-1,1068,1066,1074,-1,1074,1066,1064,-1,1074,1064,1062,-1,1062,1060,1074,-1,1074,1060,1058,-1,1074,1058,1056,-1,1048,1050,1085,-1,1085,1050,1083,-1,1085,1083,1079,-1,1079,1083,1081,-1,1086,1087,1088,-1,1088,1087,1089,-1,1090,1091,1092,-1,1090,1092,1093,-1,1093,1092,1094,-1,1093,1094,1095,-1,1095,1094,1096,-1,1095,1096,1097,-1,1097,1096,1098,-1,1097,1098,1099,-1,1099,1098,1100,-1,1099,1100,1101,-1,1101,1100,1102,-1,1101,1102,1103,-1,1103,1102,1104,-1,1103,1104,1105,-1,1105,1104,1106,-1,1105,1106,1107,-1,1107,1106,1108,-1,1107,1108,1109,-1,1109,1108,1110,-1,1109,1110,1111,-1,1111,1110,1112,-1,1111,1112,1113,-1,1113,1112,1089,-1,1113,1089,1087,-1,1114,1091,1115,-1,1115,1091,1090,-1,1116,1117,1118,-1,1118,1117,1119,-1,1118,1119,1120,-1,1120,1119,1121,-1,1116,1118,1122,-1,1122,1118,1120,-1,1122,1120,1115,-1,1115,1120,1114,-1,1120,1121,1114,-1,1114,1121,1088,-1,1114,1088,1091,-1,1106,1112,1108,-1,1108,1112,1110,-1,1088,1089,1091,-1,1091,1089,1112,-1,1091,1112,1092,-1,1092,1112,1094,-1,1106,1104,1112,-1,1112,1104,1102,-1,1112,1102,1100,-1,1100,1098,1112,-1,1112,1098,1096,-1,1112,1096,1094,-1,1086,1088,1123,-1,1123,1088,1121,-1,1123,1121,1117,-1,1117,1121,1119,-1,1124,1125,1126,-1,1126,1125,1127,-1,1128,1129,1130,-1,1128,1130,1131,-1,1131,1130,1132,-1,1131,1132,1133,-1,1133,1132,1134,-1,1133,1134,1135,-1,1135,1134,1136,-1,1135,1136,1137,-1,1137,1136,1138,-1,1137,1138,1139,-1,1139,1138,1140,-1,1139,1140,1141,-1,1141,1140,1142,-1,1141,1142,1143,-1,1143,1142,1144,-1,1143,1144,1145,-1,1145,1144,1146,-1,1145,1146,1147,-1,1147,1146,1148,-1,1147,1148,1149,-1,1149,1148,1150,-1,1149,1150,1151,-1,1151,1150,1127,-1,1151,1127,1125,-1,1152,1129,1153,-1,1153,1129,1128,-1,1154,1155,1156,-1,1156,1155,1157,-1,1156,1157,1158,-1,1158,1157,1159,-1,1154,1156,1160,-1,1160,1156,1158,-1,1160,1158,1153,-1,1153,1158,1152,-1,1150,1148,1129,-1,1158,1159,1152,-1,1152,1159,1126,-1,1152,1126,1129,-1,1129,1126,1127,-1,1129,1127,1150,-1,1148,1146,1129,-1,1129,1146,1144,-1,1129,1144,1142,-1,1140,1138,1142,-1,1142,1138,1136,-1,1142,1136,1134,-1,1134,1132,1142,-1,1142,1132,1130,-1,1142,1130,1129,-1,1124,1126,1161,-1,1161,1126,1159,-1,1161,1159,1155,-1,1155,1159,1157,-1,1162,1163,1164,-1,1164,1163,1165,-1,1166,1167,1168,-1,1166,1168,1169,-1,1169,1168,1170,-1,1169,1170,1171,-1,1171,1170,1172,-1,1171,1172,1173,-1,1173,1172,1174,-1,1173,1174,1175,-1,1175,1174,1176,-1,1175,1176,1177,-1,1177,1176,1178,-1,1177,1178,1179,-1,1179,1178,1180,-1,1179,1180,1181,-1,1181,1180,1182,-1,1181,1182,1183,-1,1183,1182,1184,-1,1183,1184,1185,-1,1185,1184,1186,-1,1185,1186,1187,-1,1187,1186,1188,-1,1187,1188,1189,-1,1189,1188,1165,-1,1189,1165,1163,-1,1190,1167,1191,-1,1191,1167,1166,-1,1192,1193,1194,-1,1194,1193,1195,-1,1194,1195,1196,-1,1196,1195,1197,-1,1192,1194,1198,-1,1198,1194,1196,-1,1198,1196,1191,-1,1191,1196,1190,-1,1196,1197,1190,-1,1190,1197,1164,-1,1190,1164,1167,-1,1167,1164,1165,-1,1167,1165,1188,-1,1188,1186,1167,-1,1167,1186,1184,-1,1167,1184,1182,-1,1182,1180,1167,-1,1167,1180,1178,-1,1167,1178,1176,-1,1176,1174,1172,-1,1172,1170,1176,-1,1176,1170,1168,-1,1176,1168,1167,-1,1162,1164,1199,-1,1199,1164,1197,-1,1199,1197,1193,-1,1193,1197,1195,-1,1200,1201,1202,-1,1202,1201,1203,-1,1204,1205,1206,-1,1204,1206,1207,-1,1207,1206,1208,-1,1207,1208,1209,-1,1209,1208,1210,-1,1209,1210,1211,-1,1211,1210,1212,-1,1211,1212,1213,-1,1213,1212,1214,-1,1213,1214,1215,-1,1215,1214,1216,-1,1215,1216,1217,-1,1217,1216,1218,-1,1217,1218,1219,-1,1219,1218,1220,-1,1219,1220,1221,-1,1221,1220,1222,-1,1221,1222,1223,-1,1223,1222,1224,-1,1223,1224,1225,-1,1225,1224,1226,-1,1225,1226,1227,-1,1227,1226,1203,-1,1227,1203,1201,-1,1228,1205,1229,-1,1229,1205,1204,-1,1230,1231,1232,-1,1232,1231,1233,-1,1232,1233,1234,-1,1234,1233,1235,-1,1230,1232,1236,-1,1236,1232,1234,-1,1236,1234,1229,-1,1229,1234,1228,-1,1234,1235,1228,-1,1228,1235,1202,-1,1228,1202,1205,-1,1205,1202,1203,-1,1216,1214,1205,-1,1203,1226,1205,-1,1205,1226,1224,-1,1205,1224,1222,-1,1222,1220,1205,-1,1205,1220,1218,-1,1205,1218,1216,-1,1214,1212,1205,-1,1205,1212,1210,-1,1205,1210,1206,-1,1206,1210,1208,-1,1200,1202,1237,-1,1237,1202,1235,-1,1237,1235,1231,-1,1231,1235,1233,-1,1238,1239,1240,-1,1240,1239,1241,-1,1242,1243,1244,-1,1242,1244,1245,-1,1245,1244,1246,-1,1245,1246,1247,-1,1247,1246,1248,-1,1247,1248,1249,-1,1249,1248,1250,-1,1249,1250,1251,-1,1251,1250,1252,-1,1251,1252,1253,-1,1253,1252,1254,-1,1253,1254,1255,-1,1255,1254,1256,-1,1255,1256,1257,-1,1257,1256,1258,-1,1257,1258,1259,-1,1259,1258,1260,-1,1259,1260,1261,-1,1261,1260,1262,-1,1261,1262,1263,-1,1263,1262,1264,-1,1263,1264,1265,-1,1265,1264,1241,-1,1265,1241,1239,-1,1266,1243,1267,-1,1267,1243,1242,-1,1268,1269,1270,-1,1270,1269,1271,-1,1270,1271,1272,-1,1272,1271,1273,-1,1268,1270,1274,-1,1274,1270,1272,-1,1274,1272,1267,-1,1267,1272,1266,-1,1264,1262,1243,-1,1272,1273,1266,-1,1266,1273,1240,-1,1266,1240,1243,-1,1243,1240,1241,-1,1243,1241,1264,-1,1262,1260,1243,-1,1243,1260,1258,-1,1243,1258,1256,-1,1254,1252,1256,-1,1256,1252,1250,-1,1256,1250,1248,-1,1248,1246,1256,-1,1256,1246,1244,-1,1256,1244,1243,-1,1238,1240,1275,-1,1275,1240,1273,-1,1275,1273,1269,-1,1269,1273,1271,-1,1276,1277,1278,-1,1278,1277,1279,-1,1280,1281,1282,-1,1280,1282,1283,-1,1283,1282,1284,-1,1283,1284,1285,-1,1285,1284,1286,-1,1285,1286,1287,-1,1287,1286,1288,-1,1287,1288,1289,-1,1289,1288,1290,-1,1289,1290,1291,-1,1291,1290,1292,-1,1291,1292,1293,-1,1293,1292,1294,-1,1293,1294,1295,-1,1295,1294,1296,-1,1295,1296,1297,-1,1297,1296,1298,-1,1297,1298,1299,-1,1299,1298,1300,-1,1299,1300,1301,-1,1301,1300,1302,-1,1301,1302,1303,-1,1303,1302,1279,-1,1303,1279,1277,-1,1304,1281,1305,-1,1305,1281,1280,-1,1306,1307,1308,-1,1308,1307,1309,-1,1308,1309,1310,-1,1310,1309,1311,-1,1306,1308,1312,-1,1312,1308,1310,-1,1312,1310,1305,-1,1305,1310,1304,-1,1310,1311,1304,-1,1304,1311,1278,-1,1304,1278,1281,-1,1281,1278,1279,-1,1281,1279,1302,-1,1302,1300,1281,-1,1281,1300,1298,-1,1281,1298,1296,-1,1296,1294,1281,-1,1281,1294,1292,-1,1281,1292,1290,-1,1290,1288,1286,-1,1286,1284,1290,-1,1290,1284,1282,-1,1290,1282,1281,-1,1276,1278,1313,-1,1313,1278,1311,-1,1313,1311,1307,-1,1307,1311,1309,-1,1314,1315,1316,-1,1316,1315,1317,-1,1318,1319,1320,-1,1318,1320,1321,-1,1321,1320,1322,-1,1321,1322,1323,-1,1323,1322,1324,-1,1323,1324,1325,-1,1325,1324,1326,-1,1325,1326,1327,-1,1327,1326,1328,-1,1327,1328,1329,-1,1329,1328,1330,-1,1329,1330,1331,-1,1331,1330,1332,-1,1331,1332,1333,-1,1333,1332,1334,-1,1333,1334,1335,-1,1335,1334,1336,-1,1335,1336,1337,-1,1337,1336,1338,-1,1337,1338,1339,-1,1339,1338,1340,-1,1339,1340,1341,-1,1341,1340,1317,-1,1341,1317,1315,-1,1342,1319,1343,-1,1343,1319,1318,-1,1344,1345,1346,-1,1346,1345,1347,-1,1346,1347,1348,-1,1348,1347,1349,-1,1344,1346,1350,-1,1350,1346,1348,-1,1350,1348,1343,-1,1343,1348,1342,-1,1348,1349,1342,-1,1342,1349,1316,-1,1342,1316,1319,-1,1319,1316,1317,-1,1330,1328,1319,-1,1317,1340,1319,-1,1319,1340,1338,-1,1319,1338,1336,-1,1336,1334,1319,-1,1319,1334,1332,-1,1319,1332,1330,-1,1328,1326,1319,-1,1319,1326,1324,-1,1319,1324,1320,-1,1320,1324,1322,-1,1314,1316,1351,-1,1351,1316,1349,-1,1351,1349,1345,-1,1345,1349,1347,-1,1352,1353,1354,-1,1354,1353,1355,-1,1356,1357,1358,-1,1356,1358,1359,-1,1359,1358,1360,-1,1359,1360,1361,-1,1361,1360,1362,-1,1361,1362,1363,-1,1363,1362,1364,-1,1363,1364,1365,-1,1365,1364,1366,-1,1365,1366,1367,-1,1367,1366,1368,-1,1367,1368,1369,-1,1369,1368,1370,-1,1369,1370,1371,-1,1371,1370,1372,-1,1371,1372,1373,-1,1373,1372,1374,-1,1373,1374,1375,-1,1375,1374,1376,-1,1375,1376,1377,-1,1377,1376,1378,-1,1377,1378,1379,-1,1379,1378,1355,-1,1379,1355,1353,-1,1380,1357,1381,-1,1381,1357,1356,-1,1382,1383,1384,-1,1384,1383,1385,-1,1384,1385,1386,-1,1386,1385,1387,-1,1382,1384,1388,-1,1388,1384,1386,-1,1388,1386,1381,-1,1381,1386,1380,-1,1378,1376,1357,-1,1386,1387,1380,-1,1380,1387,1354,-1,1380,1354,1357,-1,1357,1354,1355,-1,1357,1355,1378,-1,1376,1374,1357,-1,1357,1374,1372,-1,1357,1372,1370,-1,1368,1366,1370,-1,1370,1366,1364,-1,1370,1364,1362,-1,1362,1360,1370,-1,1370,1360,1358,-1,1370,1358,1357,-1,1352,1354,1389,-1,1389,1354,1387,-1,1389,1387,1383,-1,1383,1387,1385,-1,1390,1391,1392,-1,1392,1391,1393,-1,1394,1395,1396,-1,1394,1396,1397,-1,1397,1396,1398,-1,1397,1398,1399,-1,1399,1398,1400,-1,1399,1400,1401,-1,1401,1400,1402,-1,1401,1402,1403,-1,1403,1402,1404,-1,1403,1404,1405,-1,1405,1404,1406,-1,1405,1406,1407,-1,1407,1406,1408,-1,1407,1408,1409,-1,1409,1408,1410,-1,1409,1410,1411,-1,1411,1410,1412,-1,1411,1412,1413,-1,1413,1412,1414,-1,1413,1414,1415,-1,1415,1414,1416,-1,1415,1416,1417,-1,1417,1416,1393,-1,1417,1393,1391,-1,1418,1395,1419,-1,1419,1395,1394,-1,1420,1421,1422,-1,1422,1421,1423,-1,1422,1423,1424,-1,1424,1423,1425,-1,1420,1422,1426,-1,1426,1422,1424,-1,1426,1424,1419,-1,1419,1424,1418,-1,1424,1425,1418,-1,1418,1425,1392,-1,1418,1392,1395,-1,1395,1392,1393,-1,1395,1393,1416,-1,1416,1414,1395,-1,1395,1414,1412,-1,1395,1412,1410,-1,1410,1408,1395,-1,1395,1408,1406,-1,1395,1406,1404,-1,1404,1402,1400,-1,1400,1398,1404,-1,1404,1398,1396,-1,1404,1396,1395,-1,1390,1392,1427,-1,1427,1392,1425,-1,1427,1425,1421,-1,1421,1425,1423,-1,1428,1429,1430,-1,1430,1429,1431,-1,1432,1433,1434,-1,1432,1434,1435,-1,1435,1434,1436,-1,1435,1436,1437,-1,1437,1436,1438,-1,1437,1438,1439,-1,1439,1438,1440,-1,1439,1440,1441,-1,1441,1440,1442,-1,1441,1442,1443,-1,1443,1442,1444,-1,1443,1444,1445,-1,1445,1444,1446,-1,1445,1446,1447,-1,1447,1446,1448,-1,1447,1448,1449,-1,1449,1448,1450,-1,1449,1450,1451,-1,1451,1450,1452,-1,1451,1452,1453,-1,1453,1452,1454,-1,1453,1454,1455,-1,1455,1454,1431,-1,1455,1431,1429,-1,1456,1433,1457,-1,1457,1433,1432,-1,1458,1459,1460,-1,1460,1459,1461,-1,1460,1461,1462,-1,1462,1461,1463,-1,1458,1460,1464,-1,1464,1460,1462,-1,1464,1462,1457,-1,1457,1462,1456,-1,1462,1463,1456,-1,1456,1463,1430,-1,1456,1430,1433,-1,1433,1430,1431,-1,1444,1442,1433,-1,1431,1454,1433,-1,1433,1454,1452,-1,1433,1452,1450,-1,1450,1448,1433,-1,1433,1448,1446,-1,1433,1446,1444,-1,1442,1440,1433,-1,1433,1440,1438,-1,1433,1438,1434,-1,1434,1438,1436,-1,1428,1430,1465,-1,1465,1430,1463,-1,1465,1463,1459,-1,1459,1463,1461,-1,1466,1467,1468,-1,1468,1467,1469,-1,1470,1471,1472,-1,1470,1472,1473,-1,1473,1472,1474,-1,1473,1474,1475,-1,1475,1474,1476,-1,1475,1476,1477,-1,1477,1476,1478,-1,1477,1478,1479,-1,1479,1478,1480,-1,1479,1480,1481,-1,1481,1480,1482,-1,1481,1482,1483,-1,1483,1482,1484,-1,1483,1484,1485,-1,1485,1484,1486,-1,1485,1486,1487,-1,1487,1486,1488,-1,1487,1488,1489,-1,1489,1488,1490,-1,1489,1490,1491,-1,1491,1490,1492,-1,1491,1492,1493,-1,1493,1492,1469,-1,1493,1469,1467,-1,1494,1471,1495,-1,1495,1471,1470,-1,1496,1497,1498,-1,1498,1497,1499,-1,1498,1499,1500,-1,1500,1499,1501,-1,1496,1498,1502,-1,1502,1498,1500,-1,1502,1500,1495,-1,1495,1500,1494,-1,1492,1490,1471,-1,1500,1501,1494,-1,1494,1501,1468,-1,1494,1468,1471,-1,1471,1468,1469,-1,1471,1469,1492,-1,1490,1488,1471,-1,1471,1488,1486,-1,1471,1486,1484,-1,1482,1480,1484,-1,1484,1480,1478,-1,1484,1478,1476,-1,1476,1474,1484,-1,1484,1474,1472,-1,1484,1472,1471,-1,1466,1468,1503,-1,1503,1468,1501,-1,1503,1501,1497,-1,1497,1501,1499,-1,1504,1505,1506,-1,1506,1505,1507,-1,1508,1509,1510,-1,1508,1510,1511,-1,1511,1510,1512,-1,1511,1512,1513,-1,1513,1512,1514,-1,1513,1514,1515,-1,1515,1514,1516,-1,1515,1516,1517,-1,1517,1516,1518,-1,1517,1518,1519,-1,1519,1518,1520,-1,1519,1520,1521,-1,1521,1520,1522,-1,1521,1522,1523,-1,1523,1522,1524,-1,1523,1524,1525,-1,1525,1524,1526,-1,1525,1526,1527,-1,1527,1526,1528,-1,1527,1528,1529,-1,1529,1528,1530,-1,1529,1530,1531,-1,1531,1530,1507,-1,1531,1507,1505,-1,1532,1509,1533,-1,1533,1509,1508,-1,1534,1535,1536,-1,1536,1535,1537,-1,1536,1537,1538,-1,1538,1537,1539,-1,1534,1536,1540,-1,1540,1536,1538,-1,1540,1538,1533,-1,1533,1538,1532,-1,1538,1539,1532,-1,1532,1539,1506,-1,1532,1506,1509,-1,1509,1506,1507,-1,1509,1507,1530,-1,1530,1528,1509,-1,1509,1528,1526,-1,1509,1526,1524,-1,1524,1522,1509,-1,1509,1522,1520,-1,1509,1520,1518,-1,1518,1516,1514,-1,1514,1512,1518,-1,1518,1512,1510,-1,1518,1510,1509,-1,1504,1506,1541,-1,1541,1506,1539,-1,1541,1539,1535,-1,1535,1539,1537,-1,1542,1543,1544,-1,1544,1543,1545,-1,1546,1547,1548,-1,1546,1548,1549,-1,1549,1548,1550,-1,1549,1550,1551,-1,1551,1550,1552,-1,1551,1552,1553,-1,1553,1552,1554,-1,1553,1554,1555,-1,1555,1554,1556,-1,1555,1556,1557,-1,1557,1556,1558,-1,1557,1558,1559,-1,1559,1558,1560,-1,1559,1560,1561,-1,1561,1560,1562,-1,1561,1562,1563,-1,1563,1562,1564,-1,1563,1564,1565,-1,1565,1564,1566,-1,1565,1566,1567,-1,1567,1566,1568,-1,1567,1568,1569,-1,1569,1568,1545,-1,1569,1545,1543,-1,1570,1547,1571,-1,1571,1547,1546,-1,1572,1573,1574,-1,1574,1573,1575,-1,1574,1575,1576,-1,1576,1575,1577,-1,1572,1574,1578,-1,1578,1574,1576,-1,1578,1576,1571,-1,1571,1576,1570,-1,1576,1577,1570,-1,1570,1577,1544,-1,1570,1544,1547,-1,1547,1544,1545,-1,1558,1556,1547,-1,1545,1568,1547,-1,1547,1568,1566,-1,1547,1566,1564,-1,1564,1562,1547,-1,1547,1562,1560,-1,1547,1560,1558,-1,1556,1554,1547,-1,1547,1554,1552,-1,1547,1552,1548,-1,1548,1552,1550,-1,1542,1544,1579,-1,1579,1544,1577,-1,1579,1577,1573,-1,1573,1577,1575,-1,1580,1581,1582,-1,1582,1581,1583,-1,1584,1585,1586,-1,1584,1586,1587,-1,1587,1586,1588,-1,1587,1588,1589,-1,1589,1588,1590,-1,1589,1590,1591,-1,1591,1590,1592,-1,1591,1592,1593,-1,1593,1592,1594,-1,1593,1594,1595,-1,1595,1594,1596,-1,1595,1596,1597,-1,1597,1596,1598,-1,1597,1598,1599,-1,1599,1598,1600,-1,1599,1600,1601,-1,1601,1600,1602,-1,1601,1602,1603,-1,1603,1602,1604,-1,1603,1604,1605,-1,1605,1604,1606,-1,1605,1606,1607,-1,1607,1606,1583,-1,1607,1583,1581,-1,1608,1585,1609,-1,1609,1585,1584,-1,1610,1611,1612,-1,1612,1611,1613,-1,1612,1613,1614,-1,1614,1613,1615,-1,1610,1612,1616,-1,1616,1612,1614,-1,1616,1614,1609,-1,1609,1614,1608,-1,1606,1604,1585,-1,1614,1615,1608,-1,1608,1615,1582,-1,1608,1582,1585,-1,1585,1582,1583,-1,1585,1583,1606,-1,1604,1602,1585,-1,1585,1602,1600,-1,1585,1600,1598,-1,1596,1594,1598,-1,1598,1594,1592,-1,1598,1592,1590,-1,1590,1588,1598,-1,1598,1588,1586,-1,1598,1586,1585,-1,1580,1582,1617,-1,1617,1582,1615,-1,1617,1615,1611,-1,1611,1615,1613,-1,1618,1619,1620,-1,1620,1619,1621,-1,1622,1623,1624,-1,1622,1624,1625,-1,1625,1624,1626,-1,1625,1626,1627,-1,1627,1626,1628,-1,1627,1628,1629,-1,1629,1628,1630,-1,1629,1630,1631,-1,1631,1630,1632,-1,1631,1632,1633,-1,1633,1632,1634,-1,1633,1634,1635,-1,1635,1634,1636,-1,1635,1636,1637,-1,1637,1636,1638,-1,1637,1638,1639,-1,1639,1638,1640,-1,1639,1640,1641,-1,1641,1640,1642,-1,1641,1642,1643,-1,1643,1642,1644,-1,1643,1644,1645,-1,1645,1644,1621,-1,1645,1621,1619,-1,1646,1623,1647,-1,1647,1623,1622,-1,1648,1649,1650,-1,1650,1649,1651,-1,1650,1651,1652,-1,1652,1651,1653,-1,1648,1650,1654,-1,1654,1650,1652,-1,1654,1652,1647,-1,1647,1652,1646,-1,1644,1642,1623,-1,1642,1640,1623,-1,1623,1640,1638,-1,1623,1638,1636,-1,1652,1653,1646,-1,1646,1653,1620,-1,1646,1620,1623,-1,1623,1620,1621,-1,1623,1621,1644,-1,1636,1634,1623,-1,1623,1634,1632,-1,1623,1632,1630,-1,1630,1628,1623,-1,1623,1628,1626,-1,1623,1626,1624,-1,1618,1620,1655,-1,1655,1620,1653,-1,1655,1653,1649,-1,1649,1653,1651,-1,1656,1657,1658,-1,1658,1657,1659,-1,1660,1661,1662,-1,1660,1662,1663,-1,1663,1662,1664,-1,1663,1664,1665,-1,1665,1664,1666,-1,1665,1666,1667,-1,1667,1666,1668,-1,1667,1668,1669,-1,1669,1668,1670,-1,1669,1670,1671,-1,1671,1670,1672,-1,1671,1672,1673,-1,1673,1672,1674,-1,1673,1674,1675,-1,1675,1674,1676,-1,1675,1676,1677,-1,1677,1676,1678,-1,1677,1678,1679,-1,1679,1678,1680,-1,1679,1680,1681,-1,1681,1680,1682,-1,1681,1682,1683,-1,1683,1682,1659,-1,1683,1659,1657,-1,1684,1661,1685,-1,1685,1661,1660,-1,1686,1687,1688,-1,1688,1687,1689,-1,1688,1689,1690,-1,1690,1689,1691,-1,1686,1688,1692,-1,1692,1688,1690,-1,1692,1690,1685,-1,1685,1690,1684,-1,1682,1680,1661,-1,1680,1678,1661,-1,1661,1678,1676,-1,1661,1676,1674,-1,1690,1691,1684,-1,1684,1691,1658,-1,1684,1658,1661,-1,1661,1658,1659,-1,1661,1659,1682,-1,1674,1672,1661,-1,1661,1672,1670,-1,1661,1670,1668,-1,1668,1666,1661,-1,1661,1666,1664,-1,1661,1664,1662,-1,1656,1658,1693,-1,1693,1658,1691,-1,1693,1691,1687,-1,1687,1691,1689,-1,1694,1695,1696,-1,1696,1695,1697,-1,1698,1699,1700,-1,1698,1700,1701,-1,1701,1700,1702,-1,1701,1702,1703,-1,1703,1702,1704,-1,1703,1704,1705,-1,1705,1704,1706,-1,1705,1706,1707,-1,1707,1706,1708,-1,1707,1708,1709,-1,1709,1708,1710,-1,1709,1710,1711,-1,1711,1710,1712,-1,1711,1712,1713,-1,1713,1712,1714,-1,1713,1714,1715,-1,1715,1714,1716,-1,1715,1716,1717,-1,1717,1716,1718,-1,1717,1718,1719,-1,1719,1718,1720,-1,1719,1720,1721,-1,1721,1720,1697,-1,1721,1697,1695,-1,1722,1699,1723,-1,1723,1699,1698,-1,1724,1725,1726,-1,1726,1725,1727,-1,1726,1727,1728,-1,1728,1727,1729,-1,1724,1726,1730,-1,1730,1726,1728,-1,1730,1728,1723,-1,1723,1728,1722,-1,1728,1729,1722,-1,1722,1729,1696,-1,1722,1696,1699,-1,1696,1697,1699,-1,1699,1697,1720,-1,1699,1720,1718,-1,1710,1708,1712,-1,1712,1708,1706,-1,1712,1706,1704,-1,1704,1702,1712,-1,1712,1702,1700,-1,1712,1700,1699,-1,1718,1716,1699,-1,1699,1716,1714,-1,1699,1714,1712,-1,1694,1696,1731,-1,1731,1696,1729,-1,1731,1729,1725,-1,1725,1729,1727,-1,1732,1733,1734,-1,1734,1733,1735,-1,1736,1737,1738,-1,1736,1738,1739,-1,1739,1738,1740,-1,1739,1740,1741,-1,1741,1740,1742,-1,1741,1742,1743,-1,1743,1742,1744,-1,1743,1744,1745,-1,1745,1744,1746,-1,1745,1746,1747,-1,1747,1746,1748,-1,1747,1748,1749,-1,1749,1748,1750,-1,1749,1750,1751,-1,1751,1750,1752,-1,1751,1752,1753,-1,1753,1752,1754,-1,1753,1754,1755,-1,1755,1754,1756,-1,1755,1756,1757,-1,1757,1756,1758,-1,1757,1758,1759,-1,1759,1758,1735,-1,1759,1735,1733,-1,1760,1737,1761,-1,1761,1737,1736,-1,1762,1763,1764,-1,1764,1763,1765,-1,1764,1765,1766,-1,1766,1765,1767,-1,1762,1764,1768,-1,1768,1764,1766,-1,1768,1766,1761,-1,1761,1766,1760,-1,1766,1767,1760,-1,1760,1767,1734,-1,1760,1734,1737,-1,1734,1735,1737,-1,1737,1735,1758,-1,1737,1758,1756,-1,1756,1754,1737,-1,1737,1754,1752,-1,1737,1752,1750,-1,1750,1748,1737,-1,1737,1748,1746,-1,1737,1746,1744,-1,1744,1742,1737,-1,1737,1742,1740,-1,1737,1740,1738,-1,1732,1734,1769,-1,1769,1734,1767,-1,1769,1767,1763,-1,1763,1767,1765,-1,1770,1771,1772,-1,1772,1771,1773,-1,1774,1775,1776,-1,1774,1776,1777,-1,1777,1776,1778,-1,1777,1778,1779,-1,1779,1778,1780,-1,1779,1780,1781,-1,1781,1780,1782,-1,1781,1782,1783,-1,1783,1782,1784,-1,1783,1784,1785,-1,1785,1784,1786,-1,1785,1786,1787,-1,1787,1786,1788,-1,1787,1788,1789,-1,1789,1788,1790,-1,1789,1790,1791,-1,1791,1790,1792,-1,1791,1792,1793,-1,1793,1792,1794,-1,1793,1794,1795,-1,1795,1794,1796,-1,1795,1796,1797,-1,1797,1796,1773,-1,1797,1773,1771,-1,1798,1775,1799,-1,1799,1775,1774,-1,1800,1801,1802,-1,1802,1801,1803,-1,1802,1803,1804,-1,1804,1803,1805,-1,1800,1802,1806,-1,1806,1802,1804,-1,1806,1804,1799,-1,1799,1804,1798,-1,1804,1805,1798,-1,1798,1805,1772,-1,1798,1772,1775,-1,1772,1773,1775,-1,1775,1773,1796,-1,1775,1796,1794,-1,1794,1792,1775,-1,1775,1792,1790,-1,1775,1790,1788,-1,1788,1786,1775,-1,1775,1786,1784,-1,1775,1784,1782,-1,1782,1780,1775,-1,1775,1780,1778,-1,1775,1778,1776,-1,1770,1772,1807,-1,1807,1772,1805,-1,1807,1805,1801,-1,1801,1805,1803,-1,1808,1809,1810,-1,1810,1809,1811,-1,1812,1813,1814,-1,1812,1814,1815,-1,1815,1814,1816,-1,1815,1816,1817,-1,1817,1816,1818,-1,1817,1818,1819,-1,1819,1818,1820,-1,1819,1820,1821,-1,1821,1820,1822,-1,1821,1822,1823,-1,1823,1822,1824,-1,1823,1824,1825,-1,1825,1824,1826,-1,1825,1826,1827,-1,1827,1826,1828,-1,1827,1828,1829,-1,1829,1828,1830,-1,1829,1830,1831,-1,1831,1830,1832,-1,1831,1832,1833,-1,1833,1832,1834,-1,1833,1834,1835,-1,1835,1834,1811,-1,1835,1811,1809,-1,1836,1813,1837,-1,1837,1813,1812,-1,1838,1839,1840,-1,1840,1839,1841,-1,1840,1841,1842,-1,1842,1841,1843,-1,1838,1840,1844,-1,1844,1840,1842,-1,1844,1842,1837,-1,1837,1842,1836,-1,1842,1843,1836,-1,1836,1843,1810,-1,1836,1810,1813,-1,1813,1810,1811,-1,1820,1818,1816,-1,1811,1834,1813,-1,1813,1834,1832,-1,1813,1832,1830,-1,1830,1828,1813,-1,1813,1828,1826,-1,1813,1826,1824,-1,1824,1822,1813,-1,1813,1822,1820,-1,1813,1820,1814,-1,1814,1820,1816,-1,1808,1810,1845,-1,1845,1810,1843,-1,1845,1843,1839,-1,1839,1843,1841,-1,1846,1847,1848,-1,1848,1847,1849,-1,1850,1851,1852,-1,1850,1852,1853,-1,1853,1852,1854,-1,1853,1854,1855,-1,1855,1854,1856,-1,1855,1856,1857,-1,1857,1856,1858,-1,1857,1858,1859,-1,1859,1858,1860,-1,1859,1860,1861,-1,1861,1860,1862,-1,1861,1862,1863,-1,1863,1862,1864,-1,1863,1864,1865,-1,1865,1864,1866,-1,1865,1866,1867,-1,1867,1866,1868,-1,1867,1868,1869,-1,1869,1868,1870,-1,1869,1870,1871,-1,1871,1870,1872,-1,1871,1872,1873,-1,1873,1872,1849,-1,1873,1849,1847,-1,1874,1851,1875,-1,1875,1851,1850,-1,1876,1877,1878,-1,1878,1877,1879,-1,1878,1879,1880,-1,1880,1879,1881,-1,1876,1878,1882,-1,1882,1878,1880,-1,1882,1880,1875,-1,1875,1880,1874,-1,1849,1851,1848,-1,1848,1851,1874,-1,1848,1874,1881,-1,1881,1874,1880,-1,1849,1872,1851,-1,1851,1872,1870,-1,1851,1870,1868,-1,1862,1860,1851,-1,1851,1860,1858,-1,1858,1856,1851,-1,1851,1856,1854,-1,1851,1854,1852,-1,1868,1866,1851,-1,1851,1866,1864,-1,1851,1864,1862,-1,1846,1848,1883,-1,1883,1848,1881,-1,1883,1881,1877,-1,1877,1881,1879,-1,1884,1885,1886,-1,1886,1885,1887,-1,1888,1889,1890,-1,1888,1890,1891,-1,1891,1890,1892,-1,1891,1892,1893,-1,1893,1892,1894,-1,1893,1894,1895,-1,1895,1894,1896,-1,1895,1896,1897,-1,1897,1896,1898,-1,1897,1898,1899,-1,1899,1898,1900,-1,1899,1900,1901,-1,1901,1900,1902,-1,1901,1902,1903,-1,1903,1902,1904,-1,1903,1904,1905,-1,1905,1904,1906,-1,1905,1906,1907,-1,1907,1906,1908,-1,1907,1908,1909,-1,1909,1908,1910,-1,1909,1910,1911,-1,1911,1910,1887,-1,1911,1887,1885,-1,1912,1889,1913,-1,1913,1889,1888,-1,1914,1915,1916,-1,1916,1915,1917,-1,1916,1917,1918,-1,1918,1917,1919,-1,1914,1916,1920,-1,1920,1916,1918,-1,1920,1918,1913,-1,1913,1918,1912,-1,1910,1908,1889,-1,1918,1919,1912,-1,1912,1919,1886,-1,1912,1886,1889,-1,1889,1886,1887,-1,1889,1887,1910,-1,1908,1906,1889,-1,1889,1906,1904,-1,1889,1904,1902,-1,1902,1900,1889,-1,1889,1900,1898,-1,1889,1898,1896,-1,1896,1894,1889,-1,1889,1894,1892,-1,1889,1892,1890,-1,1884,1886,1921,-1,1921,1886,1919,-1,1921,1919,1915,-1,1915,1919,1917,-1,1922,1923,1924,-1,1924,1923,1925,-1,1926,1927,1928,-1,1926,1928,1929,-1,1929,1928,1930,-1,1929,1930,1931,-1,1931,1930,1932,-1,1931,1932,1933,-1,1933,1932,1934,-1,1933,1934,1935,-1,1935,1934,1936,-1,1935,1936,1937,-1,1937,1936,1938,-1,1937,1938,1939,-1,1939,1938,1940,-1,1939,1940,1941,-1,1941,1940,1942,-1,1941,1942,1943,-1,1943,1942,1944,-1,1943,1944,1945,-1,1945,1944,1946,-1,1945,1946,1947,-1,1947,1946,1948,-1,1947,1948,1949,-1,1949,1948,1925,-1,1949,1925,1923,-1,1950,1927,1951,-1,1951,1927,1926,-1,1952,1953,1954,-1,1954,1953,1955,-1,1954,1955,1956,-1,1956,1955,1957,-1,1952,1954,1958,-1,1958,1954,1956,-1,1958,1956,1951,-1,1951,1956,1950,-1,1925,1927,1924,-1,1924,1927,1950,-1,1924,1950,1957,-1,1957,1950,1956,-1,1934,1932,1930,-1,1925,1948,1927,-1,1927,1948,1946,-1,1927,1946,1944,-1,1944,1942,1927,-1,1927,1942,1940,-1,1927,1940,1938,-1,1938,1936,1927,-1,1927,1936,1934,-1,1927,1934,1928,-1,1928,1934,1930,-1,1922,1924,1959,-1,1959,1924,1957,-1,1959,1957,1953,-1,1953,1957,1955,-1,1960,1961,1962,-1,1962,1961,1963,-1,1964,1965,1966,-1,1964,1966,1967,-1,1967,1966,1968,-1,1967,1968,1969,-1,1969,1968,1970,-1,1969,1970,1971,-1,1971,1970,1972,-1,1971,1972,1973,-1,1973,1972,1974,-1,1973,1974,1975,-1,1975,1974,1976,-1,1975,1976,1977,-1,1977,1976,1978,-1,1977,1978,1979,-1,1979,1978,1980,-1,1979,1980,1981,-1,1981,1980,1982,-1,1981,1982,1983,-1,1983,1982,1984,-1,1983,1984,1985,-1,1985,1984,1986,-1,1985,1986,1987,-1,1987,1986,1963,-1,1987,1963,1961,-1,1988,1965,1989,-1,1989,1965,1964,-1,1990,1991,1992,-1,1992,1991,1993,-1,1992,1993,1994,-1,1994,1993,1995,-1,1990,1992,1996,-1,1996,1992,1994,-1,1996,1994,1989,-1,1989,1994,1988,-1,1986,1984,1965,-1,1994,1995,1988,-1,1988,1995,1962,-1,1988,1962,1965,-1,1965,1962,1963,-1,1965,1963,1986,-1,1984,1982,1965,-1,1965,1982,1980,-1,1965,1980,1978,-1,1978,1976,1965,-1,1965,1976,1974,-1,1965,1974,1972,-1,1972,1970,1965,-1,1965,1970,1968,-1,1965,1968,1966,-1,1960,1962,1997,-1,1997,1962,1995,-1,1997,1995,1991,-1,1991,1995,1993,-1,1998,1999,2000,-1,2000,1999,2001,-1,2002,2003,2004,-1,2002,2004,2005,-1,2005,2004,2006,-1,2005,2006,2007,-1,2007,2006,2008,-1,2007,2008,2009,-1,2009,2008,2010,-1,2009,2010,2011,-1,2011,2010,2012,-1,2011,2012,2013,-1,2013,2012,2014,-1,2013,2014,2015,-1,2015,2014,2016,-1,2015,2016,2017,-1,2017,2016,2018,-1,2017,2018,2019,-1,2019,2018,2020,-1,2019,2020,2021,-1,2021,2020,2022,-1,2021,2022,2023,-1,2023,2022,2024,-1,2023,2024,2025,-1,2025,2024,2001,-1,2025,2001,1999,-1,2026,2003,2027,-1,2027,2003,2002,-1,2028,2029,2030,-1,2030,2029,2031,-1,2030,2031,2032,-1,2032,2031,2033,-1,2028,2030,2034,-1,2034,2030,2032,-1,2034,2032,2027,-1,2027,2032,2026,-1,2024,2022,2003,-1,2032,2033,2026,-1,2026,2033,2000,-1,2026,2000,2003,-1,2003,2000,2001,-1,2003,2001,2024,-1,2022,2020,2003,-1,2003,2020,2018,-1,2003,2018,2016,-1,2016,2014,2003,-1,2003,2014,2012,-1,2003,2012,2010,-1,2010,2008,2003,-1,2003,2008,2006,-1,2003,2006,2004,-1,1998,2000,2035,-1,2035,2000,2033,-1,2035,2033,2029,-1,2029,2033,2031,-1,2036,2037,2038,-1,2038,2037,2039,-1,2040,2041,2042,-1,2040,2042,2043,-1,2043,2042,2044,-1,2043,2044,2045,-1,2045,2044,2046,-1,2045,2046,2047,-1,2047,2046,2048,-1,2047,2048,2049,-1,2049,2048,2050,-1,2049,2050,2051,-1,2051,2050,2052,-1,2051,2052,2053,-1,2053,2052,2054,-1,2053,2054,2055,-1,2055,2054,2056,-1,2055,2056,2057,-1,2057,2056,2058,-1,2057,2058,2059,-1,2059,2058,2060,-1,2059,2060,2061,-1,2061,2060,2062,-1,2061,2062,2063,-1,2063,2062,2039,-1,2063,2039,2037,-1,2064,2041,2065,-1,2065,2041,2040,-1,2066,2067,2068,-1,2068,2067,2069,-1,2068,2069,2070,-1,2070,2069,2071,-1,2066,2068,2072,-1,2072,2068,2070,-1,2072,2070,2065,-1,2065,2070,2064,-1,2039,2041,2038,-1,2038,2041,2064,-1,2038,2064,2071,-1,2071,2064,2070,-1,2048,2046,2044,-1,2039,2062,2041,-1,2041,2062,2060,-1,2041,2060,2058,-1,2058,2056,2041,-1,2041,2056,2054,-1,2041,2054,2052,-1,2052,2050,2041,-1,2041,2050,2048,-1,2041,2048,2042,-1,2042,2048,2044,-1,2036,2038,2073,-1,2073,2038,2071,-1,2073,2071,2067,-1,2067,2071,2069,-1,2074,2075,2076,-1,2076,2075,2077,-1,2078,2079,2080,-1,2078,2080,2081,-1,2081,2080,2082,-1,2081,2082,2083,-1,2083,2082,2084,-1,2083,2084,2085,-1,2085,2084,2086,-1,2085,2086,2087,-1,2087,2086,2088,-1,2087,2088,2089,-1,2089,2088,2090,-1,2089,2090,2091,-1,2091,2090,2092,-1,2091,2092,2093,-1,2093,2092,2094,-1,2093,2094,2095,-1,2095,2094,2096,-1,2095,2096,2097,-1,2097,2096,2098,-1,2097,2098,2099,-1,2099,2098,2100,-1,2099,2100,2101,-1,2101,2100,2077,-1,2101,2077,2075,-1,2102,2079,2103,-1,2103,2079,2078,-1,2104,2105,2106,-1,2106,2105,2107,-1,2106,2107,2108,-1,2108,2107,2109,-1,2104,2106,2110,-1,2110,2106,2108,-1,2110,2108,2103,-1,2103,2108,2102,-1,2100,2098,2096,-1,2088,2077,2090,-1,2090,2077,2092,-1,2088,2086,2077,-1,2077,2086,2084,-1,2077,2084,2082,-1,2100,2096,2077,-1,2077,2096,2094,-1,2077,2094,2092,-1,2108,2109,2102,-1,2102,2109,2076,-1,2102,2076,2079,-1,2079,2076,2077,-1,2079,2077,2080,-1,2080,2077,2082,-1,2074,2076,2111,-1,2111,2076,2109,-1,2111,2109,2105,-1,2105,2109,2107,-1,2112,2113,2114,-1,2114,2113,2115,-1,2116,2117,2118,-1,2116,2118,2119,-1,2119,2118,2120,-1,2119,2120,2121,-1,2121,2120,2122,-1,2121,2122,2123,-1,2123,2122,2124,-1,2123,2124,2125,-1,2125,2124,2126,-1,2125,2126,2127,-1,2127,2126,2128,-1,2127,2128,2129,-1,2129,2128,2130,-1,2129,2130,2131,-1,2131,2130,2132,-1,2131,2132,2133,-1,2133,2132,2134,-1,2133,2134,2135,-1,2135,2134,2136,-1,2135,2136,2137,-1,2137,2136,2138,-1,2137,2138,2139,-1,2139,2138,2115,-1,2139,2115,2113,-1,2140,2117,2141,-1,2141,2117,2116,-1,2142,2143,2144,-1,2144,2143,2145,-1,2144,2145,2146,-1,2146,2145,2147,-1,2142,2144,2148,-1,2148,2144,2146,-1,2148,2146,2141,-1,2141,2146,2140,-1,2146,2147,2140,-1,2140,2147,2114,-1,2140,2114,2117,-1,2117,2114,2115,-1,2138,2136,2134,-1,2115,2130,2128,-1,2128,2126,2115,-1,2115,2126,2124,-1,2115,2124,2122,-1,2138,2134,2115,-1,2115,2134,2132,-1,2115,2132,2130,-1,2122,2120,2115,-1,2115,2120,2118,-1,2115,2118,2117,-1,2112,2114,2149,-1,2149,2114,2147,-1,2149,2147,2143,-1,2143,2147,2145,-1,2150,2151,2152,-1,2152,2151,2153,-1,2154,2155,2156,-1,2154,2156,2157,-1,2157,2156,2158,-1,2157,2158,2159,-1,2159,2158,2160,-1,2159,2160,2161,-1,2161,2160,2162,-1,2161,2162,2163,-1,2163,2162,2164,-1,2163,2164,2165,-1,2165,2164,2166,-1,2165,2166,2167,-1,2167,2166,2168,-1,2167,2168,2169,-1,2169,2168,2170,-1,2169,2170,2171,-1,2171,2170,2172,-1,2171,2172,2173,-1,2173,2172,2174,-1,2173,2174,2175,-1,2175,2174,2176,-1,2175,2176,2177,-1,2177,2176,2153,-1,2177,2153,2151,-1,2178,2155,2179,-1,2179,2155,2154,-1,2180,2181,2182,-1,2182,2181,2183,-1,2182,2183,2184,-1,2184,2183,2185,-1,2180,2182,2186,-1,2186,2182,2184,-1,2186,2184,2179,-1,2179,2184,2178,-1,2176,2174,2155,-1,2184,2185,2178,-1,2178,2185,2152,-1,2178,2152,2155,-1,2155,2152,2153,-1,2155,2153,2176,-1,2174,2172,2155,-1,2155,2172,2170,-1,2155,2170,2168,-1,2166,2164,2168,-1,2168,2164,2162,-1,2168,2162,2160,-1,2160,2158,2168,-1,2168,2158,2156,-1,2168,2156,2155,-1,2150,2152,2187,-1,2187,2152,2185,-1,2187,2185,2181,-1,2181,2185,2183,-1,2188,2189,2190,-1,2190,2189,2191,-1,2192,2193,2194,-1,2192,2194,2195,-1,2195,2194,2196,-1,2195,2196,2197,-1,2197,2196,2198,-1,2197,2198,2199,-1,2199,2198,2200,-1,2199,2200,2201,-1,2201,2200,2202,-1,2201,2202,2203,-1,2203,2202,2204,-1,2203,2204,2205,-1,2205,2204,2206,-1,2205,2206,2207,-1,2207,2206,2208,-1,2207,2208,2209,-1,2209,2208,2210,-1,2209,2210,2211,-1,2211,2210,2212,-1,2211,2212,2213,-1,2213,2212,2214,-1,2213,2214,2215,-1,2215,2214,2191,-1,2215,2191,2189,-1,2216,2193,2217,-1,2217,2193,2192,-1,2218,2219,2220,-1,2220,2219,2221,-1,2220,2221,2222,-1,2222,2221,2223,-1,2218,2220,2224,-1,2224,2220,2222,-1,2224,2222,2217,-1,2217,2222,2216,-1,2222,2223,2216,-1,2216,2223,2190,-1,2216,2190,2193,-1,2193,2190,2191,-1,2214,2212,2210,-1,2191,2206,2204,-1,2204,2202,2191,-1,2191,2202,2200,-1,2191,2200,2198,-1,2214,2210,2191,-1,2191,2210,2208,-1,2191,2208,2206,-1,2198,2196,2191,-1,2191,2196,2194,-1,2191,2194,2193,-1,2188,2190,2225,-1,2225,2190,2223,-1,2225,2223,2219,-1,2219,2223,2221,-1,2226,2227,2228,-1,2228,2227,2229,-1,2230,2231,2232,-1,2230,2232,2233,-1,2233,2232,2234,-1,2233,2234,2235,-1,2235,2234,2236,-1,2235,2236,2237,-1,2237,2236,2238,-1,2237,2238,2239,-1,2239,2238,2240,-1,2239,2240,2241,-1,2241,2240,2242,-1,2241,2242,2243,-1,2243,2242,2244,-1,2243,2244,2245,-1,2245,2244,2246,-1,2245,2246,2247,-1,2247,2246,2248,-1,2247,2248,2249,-1,2249,2248,2250,-1,2249,2250,2251,-1,2251,2250,2252,-1,2251,2252,2253,-1,2253,2252,2229,-1,2253,2229,2227,-1,2254,2231,2255,-1,2255,2231,2230,-1,2256,2257,2258,-1,2258,2257,2259,-1,2258,2259,2260,-1,2260,2259,2261,-1,2256,2258,2262,-1,2262,2258,2260,-1,2262,2260,2255,-1,2255,2260,2254,-1,2229,2231,2228,-1,2228,2231,2254,-1,2228,2254,2261,-1,2261,2254,2260,-1,2252,2250,2248,-1,2229,2244,2242,-1,2242,2240,2229,-1,2229,2240,2238,-1,2229,2238,2236,-1,2252,2248,2229,-1,2229,2248,2246,-1,2229,2246,2244,-1,2236,2234,2229,-1,2229,2234,2232,-1,2229,2232,2231,-1,2226,2228,2263,-1,2263,2228,2261,-1,2263,2261,2257,-1,2257,2261,2259,-1,2264,2265,2266,-1,2266,2265,2267,-1,2268,2269,2270,-1,2268,2270,2271,-1,2271,2270,2272,-1,2271,2272,2273,-1,2273,2272,2274,-1,2273,2274,2275,-1,2275,2274,2276,-1,2275,2276,2277,-1,2277,2276,2278,-1,2277,2278,2279,-1,2279,2278,2280,-1,2279,2280,2281,-1,2281,2280,2282,-1,2281,2282,2283,-1,2283,2282,2284,-1,2283,2284,2285,-1,2285,2284,2286,-1,2285,2286,2287,-1,2287,2286,2288,-1,2287,2288,2289,-1,2289,2288,2290,-1,2289,2290,2291,-1,2291,2290,2267,-1,2291,2267,2265,-1,2292,2269,2293,-1,2293,2269,2268,-1,2294,2295,2296,-1,2296,2295,2297,-1,2296,2297,2298,-1,2298,2297,2299,-1,2294,2296,2300,-1,2300,2296,2298,-1,2300,2298,2293,-1,2293,2298,2292,-1,2298,2299,2292,-1,2292,2299,2266,-1,2292,2266,2269,-1,2269,2266,2267,-1,2282,2274,2272,-1,2267,2290,2269,-1,2269,2290,2288,-1,2269,2288,2286,-1,2280,2278,2282,-1,2282,2278,2276,-1,2282,2276,2274,-1,2286,2284,2269,-1,2269,2284,2282,-1,2269,2282,2270,-1,2270,2282,2272,-1,2264,2266,2301,-1,2301,2266,2299,-1,2301,2299,2295,-1,2295,2299,2297,-1,2302,2303,2304,-1,2304,2303,2305,-1,2306,2307,2308,-1,2306,2308,2309,-1,2309,2308,2310,-1,2309,2310,2311,-1,2311,2310,2312,-1,2311,2312,2313,-1,2313,2312,2314,-1,2313,2314,2315,-1,2315,2314,2316,-1,2315,2316,2317,-1,2317,2316,2318,-1,2317,2318,2319,-1,2319,2318,2320,-1,2319,2320,2321,-1,2321,2320,2322,-1,2321,2322,2323,-1,2323,2322,2324,-1,2323,2324,2325,-1,2325,2324,2326,-1,2325,2326,2327,-1,2327,2326,2328,-1,2327,2328,2329,-1,2329,2328,2305,-1,2329,2305,2303,-1,2330,2307,2331,-1,2331,2307,2306,-1,2332,2333,2334,-1,2334,2333,2335,-1,2334,2335,2336,-1,2336,2335,2337,-1,2332,2334,2338,-1,2338,2334,2336,-1,2338,2336,2331,-1,2331,2336,2330,-1,2336,2337,2330,-1,2330,2337,2304,-1,2330,2304,2307,-1,2307,2304,2305,-1,2318,2316,2307,-1,2305,2328,2307,-1,2307,2328,2326,-1,2307,2326,2324,-1,2324,2322,2307,-1,2307,2322,2320,-1,2307,2320,2318,-1,2316,2314,2307,-1,2307,2314,2312,-1,2307,2312,2308,-1,2308,2312,2310,-1,2302,2304,2339,-1,2339,2304,2337,-1,2339,2337,2333,-1,2333,2337,2335,-1,2340,2341,2342,-1,2342,2341,2343,-1,2344,2345,2346,-1,2344,2346,2347,-1,2347,2346,2348,-1,2347,2348,2349,-1,2349,2348,2350,-1,2349,2350,2351,-1,2351,2350,2352,-1,2351,2352,2353,-1,2353,2352,2354,-1,2353,2354,2355,-1,2355,2354,2356,-1,2355,2356,2357,-1,2357,2356,2358,-1,2357,2358,2359,-1,2359,2358,2360,-1,2359,2360,2361,-1,2361,2360,2362,-1,2361,2362,2363,-1,2363,2362,2364,-1,2363,2364,2365,-1,2365,2364,2366,-1,2365,2366,2367,-1,2367,2366,2343,-1,2367,2343,2341,-1,2368,2345,2369,-1,2369,2345,2344,-1,2370,2371,2372,-1,2372,2371,2373,-1,2372,2373,2374,-1,2374,2373,2375,-1,2370,2372,2376,-1,2376,2372,2374,-1,2376,2374,2369,-1,2369,2374,2368,-1,2374,2375,2368,-1,2368,2375,2342,-1,2368,2342,2345,-1,2345,2342,2343,-1,2366,2364,2362,-1,2343,2358,2356,-1,2356,2354,2343,-1,2343,2354,2352,-1,2343,2352,2350,-1,2366,2362,2343,-1,2343,2362,2360,-1,2343,2360,2358,-1,2350,2348,2343,-1,2343,2348,2346,-1,2343,2346,2345,-1,2340,2342,2377,-1,2377,2342,2375,-1,2377,2375,2371,-1,2371,2375,2373,-1,2378,2379,2380,-1,2380,2379,2381,-1,2382,2383,2384,-1,2382,2384,2385,-1,2385,2384,2386,-1,2385,2386,2387,-1,2387,2386,2388,-1,2387,2388,2389,-1,2389,2388,2390,-1,2389,2390,2391,-1,2391,2390,2392,-1,2391,2392,2393,-1,2393,2392,2394,-1,2393,2394,2395,-1,2395,2394,2396,-1,2395,2396,2397,-1,2397,2396,2398,-1,2397,2398,2399,-1,2399,2398,2400,-1,2399,2400,2401,-1,2401,2400,2402,-1,2401,2402,2403,-1,2403,2402,2404,-1,2403,2404,2405,-1,2405,2404,2381,-1,2405,2381,2379,-1,2406,2383,2407,-1,2407,2383,2382,-1,2408,2409,2410,-1,2410,2409,2411,-1,2410,2411,2412,-1,2412,2411,2413,-1,2408,2410,2414,-1,2414,2410,2412,-1,2414,2412,2407,-1,2407,2412,2406,-1,2412,2413,2406,-1,2406,2413,2380,-1,2406,2380,2383,-1,2380,2381,2383,-1,2383,2381,2404,-1,2383,2404,2402,-1,2394,2392,2396,-1,2396,2392,2390,-1,2396,2390,2388,-1,2388,2386,2396,-1,2396,2386,2384,-1,2396,2384,2383,-1,2402,2400,2383,-1,2383,2400,2398,-1,2383,2398,2396,-1,2378,2380,2415,-1,2415,2380,2413,-1,2415,2413,2409,-1,2409,2413,2411,-1,2416,2417,2418,-1,2418,2417,2419,-1,2420,2421,2422,-1,2420,2422,2423,-1,2423,2422,2424,-1,2423,2424,2425,-1,2425,2424,2426,-1,2425,2426,2427,-1,2427,2426,2428,-1,2427,2428,2429,-1,2429,2428,2430,-1,2429,2430,2431,-1,2431,2430,2432,-1,2431,2432,2433,-1,2433,2432,2434,-1,2433,2434,2435,-1,2435,2434,2436,-1,2435,2436,2437,-1,2437,2436,2438,-1,2437,2438,2439,-1,2439,2438,2440,-1,2439,2440,2441,-1,2441,2440,2442,-1,2441,2442,2443,-1,2443,2442,2419,-1,2443,2419,2417,-1,2444,2421,2445,-1,2445,2421,2420,-1,2446,2447,2448,-1,2448,2447,2449,-1,2448,2449,2450,-1,2450,2449,2451,-1,2446,2448,2452,-1,2452,2448,2450,-1,2452,2450,2445,-1,2445,2450,2444,-1,2450,2451,2444,-1,2444,2451,2418,-1,2444,2418,2421,-1,2421,2418,2419,-1,2432,2430,2421,-1,2419,2442,2421,-1,2421,2442,2440,-1,2421,2440,2438,-1,2430,2428,2421,-1,2421,2428,2426,-1,2421,2426,2422,-1,2422,2426,2424,-1,2438,2436,2421,-1,2421,2436,2434,-1,2421,2434,2432,-1,2416,2418,2453,-1,2453,2418,2451,-1,2453,2451,2447,-1,2447,2451,2449,-1,2454,2455,2456,-1,2456,2455,2457,-1,2458,2459,2460,-1,2458,2460,2461,-1,2461,2460,2462,-1,2461,2462,2463,-1,2463,2462,2464,-1,2463,2464,2465,-1,2465,2464,2466,-1,2465,2466,2467,-1,2467,2466,2468,-1,2467,2468,2469,-1,2469,2468,2470,-1,2469,2470,2471,-1,2471,2470,2472,-1,2471,2472,2473,-1,2473,2472,2474,-1,2473,2474,2475,-1,2475,2474,2476,-1,2475,2476,2477,-1,2477,2476,2478,-1,2477,2478,2479,-1,2479,2478,2480,-1,2479,2480,2481,-1,2481,2480,2457,-1,2481,2457,2455,-1,2482,2459,2483,-1,2483,2459,2458,-1,2484,2485,2486,-1,2486,2485,2487,-1,2486,2487,2488,-1,2488,2487,2489,-1,2484,2486,2490,-1,2490,2486,2488,-1,2490,2488,2483,-1,2483,2488,2482,-1,2457,2459,2456,-1,2456,2459,2482,-1,2456,2482,2489,-1,2489,2482,2488,-1,2470,2468,2457,-1,2457,2468,2466,-1,2457,2466,2464,-1,2476,2457,2478,-1,2478,2457,2480,-1,2476,2474,2457,-1,2457,2474,2472,-1,2457,2472,2470,-1,2464,2462,2457,-1,2457,2462,2460,-1,2457,2460,2459,-1,2454,2456,2491,-1,2491,2456,2489,-1,2491,2489,2485,-1,2485,2489,2487,-1,2492,2493,2494,-1,2494,2493,2495,-1,2496,2497,2498,-1,2496,2498,2499,-1,2499,2498,2500,-1,2499,2500,2501,-1,2501,2500,2502,-1,2501,2502,2503,-1,2503,2502,2504,-1,2503,2504,2505,-1,2505,2504,2506,-1,2505,2506,2507,-1,2507,2506,2508,-1,2507,2508,2509,-1,2509,2508,2510,-1,2509,2510,2511,-1,2511,2510,2512,-1,2511,2512,2513,-1,2513,2512,2514,-1,2513,2514,2515,-1,2515,2514,2516,-1,2515,2516,2517,-1,2517,2516,2518,-1,2517,2518,2519,-1,2519,2518,2495,-1,2519,2495,2493,-1,2520,2497,2521,-1,2521,2497,2496,-1,2522,2523,2524,-1,2524,2523,2525,-1,2524,2525,2526,-1,2526,2525,2527,-1,2522,2524,2528,-1,2528,2524,2526,-1,2528,2526,2521,-1,2521,2526,2520,-1,2526,2527,2520,-1,2520,2527,2494,-1,2520,2494,2497,-1,2497,2494,2495,-1,2510,2502,2500,-1,2495,2518,2497,-1,2497,2518,2516,-1,2497,2516,2514,-1,2508,2506,2510,-1,2510,2506,2504,-1,2510,2504,2502,-1,2514,2512,2497,-1,2497,2512,2510,-1,2497,2510,2498,-1,2498,2510,2500,-1,2492,2494,2529,-1,2529,2494,2527,-1,2529,2527,2523,-1,2523,2527,2525,-1,2530,2531,2532,-1,2532,2531,2533,-1,2534,2535,2536,-1,2534,2536,2537,-1,2537,2536,2538,-1,2537,2538,2539,-1,2539,2538,2540,-1,2539,2540,2541,-1,2541,2540,2542,-1,2541,2542,2543,-1,2543,2542,2544,-1,2543,2544,2545,-1,2545,2544,2546,-1,2545,2546,2547,-1,2547,2546,2548,-1,2547,2548,2549,-1,2549,2548,2550,-1,2549,2550,2551,-1,2551,2550,2552,-1,2551,2552,2553,-1,2553,2552,2554,-1,2553,2554,2555,-1,2555,2554,2556,-1,2555,2556,2557,-1,2557,2556,2533,-1,2557,2533,2531,-1,2558,2535,2559,-1,2559,2535,2534,-1,2560,2561,2562,-1,2562,2561,2563,-1,2562,2563,2564,-1,2564,2563,2565,-1,2560,2562,2566,-1,2566,2562,2564,-1,2566,2564,2559,-1,2559,2564,2558,-1,2556,2554,2552,-1,2544,2533,2546,-1,2546,2533,2548,-1,2544,2542,2533,-1,2533,2542,2540,-1,2533,2540,2538,-1,2556,2552,2533,-1,2533,2552,2550,-1,2533,2550,2548,-1,2564,2565,2558,-1,2558,2565,2532,-1,2558,2532,2535,-1,2535,2532,2533,-1,2535,2533,2536,-1,2536,2533,2538,-1,2530,2532,2567,-1,2567,2532,2565,-1,2567,2565,2561,-1,2561,2565,2563,-1,2568,2569,2570,-1,2570,2569,2571,-1,2572,2573,2574,-1,2572,2574,2575,-1,2575,2574,2576,-1,2575,2576,2577,-1,2577,2576,2578,-1,2577,2578,2579,-1,2579,2578,2580,-1,2579,2580,2581,-1,2581,2580,2582,-1,2581,2582,2583,-1,2583,2582,2584,-1,2583,2584,2585,-1,2585,2584,2586,-1,2585,2586,2587,-1,2587,2586,2588,-1,2587,2588,2589,-1,2589,2588,2590,-1,2589,2590,2591,-1,2591,2590,2592,-1,2591,2592,2593,-1,2593,2592,2594,-1,2593,2594,2595,-1,2595,2594,2571,-1,2595,2571,2569,-1,2596,2573,2597,-1,2597,2573,2572,-1,2598,2599,2600,-1,2600,2599,2601,-1,2600,2601,2602,-1,2602,2601,2603,-1,2598,2600,2604,-1,2604,2600,2602,-1,2604,2602,2597,-1,2597,2602,2596,-1,2602,2603,2596,-1,2596,2603,2570,-1,2596,2570,2573,-1,2573,2570,2571,-1,2594,2592,2590,-1,2571,2586,2584,-1,2584,2582,2571,-1,2571,2582,2580,-1,2571,2580,2578,-1,2594,2590,2571,-1,2571,2590,2588,-1,2571,2588,2586,-1,2578,2576,2571,-1,2571,2576,2574,-1,2571,2574,2573,-1,2568,2570,2605,-1,2605,2570,2603,-1,2605,2603,2599,-1,2599,2603,2601,-1,2606,2607,2608,-1,2608,2607,2609,-1,2610,2611,2612,-1,2610,2612,2613,-1,2613,2612,2614,-1,2613,2614,2615,-1,2615,2614,2616,-1,2615,2616,2617,-1,2617,2616,2618,-1,2617,2618,2619,-1,2619,2618,2620,-1,2619,2620,2621,-1,2621,2620,2622,-1,2621,2622,2623,-1,2623,2622,2624,-1,2623,2624,2625,-1,2625,2624,2626,-1,2625,2626,2627,-1,2627,2626,2628,-1,2627,2628,2629,-1,2629,2628,2630,-1,2629,2630,2631,-1,2631,2630,2632,-1,2631,2632,2633,-1,2633,2632,2609,-1,2633,2609,2607,-1,2634,2611,2635,-1,2635,2611,2610,-1,2636,2637,2638,-1,2638,2637,2639,-1,2638,2639,2640,-1,2640,2639,2641,-1,2636,2638,2642,-1,2642,2638,2640,-1,2642,2640,2635,-1,2635,2640,2634,-1,2640,2641,2634,-1,2634,2641,2608,-1,2634,2608,2611,-1,2608,2609,2611,-1,2611,2609,2632,-1,2611,2632,2630,-1,2622,2620,2624,-1,2624,2620,2618,-1,2624,2618,2616,-1,2616,2614,2624,-1,2624,2614,2612,-1,2624,2612,2611,-1,2630,2628,2611,-1,2611,2628,2626,-1,2611,2626,2624,-1,2606,2608,2643,-1,2643,2608,2641,-1,2643,2641,2637,-1,2637,2641,2639,-1,2644,2645,2646,-1,2646,2645,2647,-1,2648,2649,2650,-1,2648,2650,2651,-1,2651,2650,2652,-1,2651,2652,2653,-1,2653,2652,2654,-1,2653,2654,2655,-1,2655,2654,2656,-1,2655,2656,2657,-1,2657,2656,2658,-1,2657,2658,2659,-1,2659,2658,2660,-1,2659,2660,2661,-1,2661,2660,2662,-1,2661,2662,2663,-1,2663,2662,2664,-1,2663,2664,2665,-1,2665,2664,2666,-1,2665,2666,2667,-1,2667,2666,2668,-1,2667,2668,2669,-1,2669,2668,2670,-1,2669,2670,2671,-1,2671,2670,2647,-1,2671,2647,2645,-1,2672,2649,2673,-1,2673,2649,2648,-1,2674,2675,2676,-1,2676,2675,2677,-1,2676,2677,2678,-1,2678,2677,2679,-1,2674,2676,2680,-1,2680,2676,2678,-1,2680,2678,2673,-1,2673,2678,2672,-1,2660,2658,2647,-1,2666,2664,2662,-1,2658,2656,2647,-1,2647,2656,2654,-1,2647,2654,2652,-1,2666,2662,2668,-1,2678,2679,2672,-1,2672,2679,2646,-1,2672,2646,2649,-1,2649,2646,2647,-1,2649,2647,2650,-1,2650,2647,2652,-1,2660,2647,2662,-1,2662,2647,2670,-1,2662,2670,2668,-1,2644,2646,2681,-1,2681,2646,2679,-1,2681,2679,2675,-1,2675,2679,2677,-1,2682,2683,2684,-1,2684,2683,2685,-1,2686,2687,2688,-1,2686,2688,2689,-1,2689,2688,2690,-1,2689,2690,2691,-1,2691,2690,2692,-1,2691,2692,2693,-1,2693,2692,2694,-1,2693,2694,2695,-1,2695,2694,2696,-1,2695,2696,2697,-1,2697,2696,2698,-1,2697,2698,2699,-1,2699,2698,2700,-1,2699,2700,2701,-1,2701,2700,2702,-1,2701,2702,2703,-1,2703,2702,2704,-1,2703,2704,2705,-1,2705,2704,2706,-1,2705,2706,2707,-1,2707,2706,2708,-1,2707,2708,2709,-1,2709,2708,2685,-1,2709,2685,2683,-1,2710,2687,2711,-1,2711,2687,2686,-1,2712,2713,2714,-1,2714,2713,2715,-1,2714,2715,2716,-1,2716,2715,2717,-1,2712,2714,2718,-1,2718,2714,2716,-1,2718,2716,2711,-1,2711,2716,2710,-1,2716,2717,2710,-1,2710,2717,2684,-1,2710,2684,2687,-1,2687,2684,2685,-1,2708,2706,2704,-1,2685,2700,2698,-1,2698,2696,2685,-1,2685,2696,2694,-1,2685,2694,2692,-1,2708,2704,2685,-1,2685,2704,2702,-1,2685,2702,2700,-1,2692,2690,2685,-1,2685,2690,2688,-1,2685,2688,2687,-1,2682,2684,2719,-1,2719,2684,2717,-1,2719,2717,2713,-1,2713,2717,2715,-1,2720,2721,2722,-1,2722,2721,2723,-1,2724,2725,2726,-1,2724,2726,2727,-1,2727,2726,2728,-1,2727,2728,2729,-1,2729,2728,2730,-1,2729,2730,2731,-1,2731,2730,2732,-1,2731,2732,2733,-1,2733,2732,2734,-1,2733,2734,2735,-1,2735,2734,2736,-1,2735,2736,2737,-1,2737,2736,2738,-1,2737,2738,2739,-1,2739,2738,2740,-1,2739,2740,2741,-1,2741,2740,2742,-1,2741,2742,2743,-1,2743,2742,2744,-1,2743,2744,2745,-1,2745,2744,2746,-1,2745,2746,2747,-1,2747,2746,2723,-1,2747,2723,2721,-1,2748,2725,2749,-1,2749,2725,2724,-1,2750,2751,2752,-1,2752,2751,2753,-1,2752,2753,2754,-1,2754,2753,2755,-1,2750,2752,2756,-1,2756,2752,2754,-1,2756,2754,2749,-1,2749,2754,2748,-1,2754,2755,2748,-1,2748,2755,2722,-1,2748,2722,2725,-1,2722,2723,2725,-1,2725,2723,2746,-1,2725,2746,2744,-1,2736,2734,2738,-1,2738,2734,2732,-1,2738,2732,2730,-1,2730,2728,2738,-1,2738,2728,2726,-1,2738,2726,2725,-1,2744,2742,2725,-1,2725,2742,2740,-1,2725,2740,2738,-1,2720,2722,2757,-1,2757,2722,2755,-1,2757,2755,2751,-1,2751,2755,2753,-1,2758,2759,2760,-1,2760,2759,2761,-1,2762,2763,2764,-1,2762,2764,2765,-1,2765,2764,2766,-1,2765,2766,2767,-1,2767,2766,2768,-1,2767,2768,2769,-1,2769,2768,2770,-1,2769,2770,2771,-1,2771,2770,2772,-1,2771,2772,2773,-1,2773,2772,2774,-1,2773,2774,2775,-1,2775,2774,2776,-1,2775,2776,2777,-1,2777,2776,2778,-1,2777,2778,2779,-1,2779,2778,2780,-1,2779,2780,2781,-1,2781,2780,2782,-1,2781,2782,2783,-1,2783,2782,2784,-1,2783,2784,2785,-1,2785,2784,2761,-1,2785,2761,2759,-1,2786,2763,2787,-1,2787,2763,2762,-1,2788,2789,2790,-1,2790,2789,2791,-1,2790,2791,2792,-1,2792,2791,2793,-1,2788,2790,2794,-1,2794,2790,2792,-1,2794,2792,2787,-1,2787,2792,2786,-1,2784,2782,2763,-1,2792,2793,2786,-1,2786,2793,2760,-1,2786,2760,2763,-1,2763,2760,2761,-1,2763,2761,2784,-1,2782,2780,2763,-1,2763,2780,2778,-1,2763,2778,2776,-1,2776,2774,2763,-1,2763,2774,2772,-1,2763,2772,2770,-1,2770,2768,2763,-1,2763,2768,2766,-1,2763,2766,2764,-1,2758,2760,2795,-1,2795,2760,2793,-1,2795,2793,2789,-1,2789,2793,2791,-1,2796,2797,2798,-1,2798,2797,2799,-1,2800,2801,2802,-1,2800,2802,2803,-1,2803,2802,2804,-1,2803,2804,2805,-1,2805,2804,2806,-1,2805,2806,2807,-1,2807,2806,2808,-1,2807,2808,2809,-1,2809,2808,2810,-1,2809,2810,2811,-1,2811,2810,2812,-1,2811,2812,2813,-1,2813,2812,2814,-1,2813,2814,2815,-1,2815,2814,2816,-1,2815,2816,2817,-1,2817,2816,2818,-1,2817,2818,2819,-1,2819,2818,2820,-1,2819,2820,2821,-1,2821,2820,2822,-1,2821,2822,2823,-1,2823,2822,2799,-1,2823,2799,2797,-1,2824,2801,2825,-1,2825,2801,2800,-1,2826,2827,2828,-1,2828,2827,2829,-1,2828,2829,2830,-1,2830,2829,2831,-1,2826,2828,2832,-1,2832,2828,2830,-1,2832,2830,2825,-1,2825,2830,2824,-1,2822,2820,2801,-1,2830,2831,2824,-1,2824,2831,2798,-1,2824,2798,2801,-1,2801,2798,2799,-1,2801,2799,2822,-1,2820,2818,2801,-1,2801,2818,2816,-1,2801,2816,2814,-1,2814,2812,2801,-1,2801,2812,2810,-1,2801,2810,2808,-1,2808,2806,2801,-1,2801,2806,2804,-1,2801,2804,2802,-1,2796,2798,2833,-1,2833,2798,2831,-1,2833,2831,2827,-1,2827,2831,2829,-1,2834,2835,2836,-1,2836,2835,2837,-1,2838,2839,2840,-1,2838,2840,2841,-1,2841,2840,2842,-1,2841,2842,2843,-1,2843,2842,2844,-1,2843,2844,2845,-1,2845,2844,2846,-1,2845,2846,2847,-1,2847,2846,2848,-1,2847,2848,2849,-1,2849,2848,2850,-1,2849,2850,2851,-1,2851,2850,2852,-1,2851,2852,2853,-1,2853,2852,2854,-1,2853,2854,2855,-1,2855,2854,2856,-1,2855,2856,2857,-1,2857,2856,2858,-1,2857,2858,2859,-1,2859,2858,2860,-1,2859,2860,2861,-1,2861,2860,2837,-1,2861,2837,2835,-1,2862,2839,2863,-1,2863,2839,2838,-1,2864,2865,2866,-1,2866,2865,2867,-1,2866,2867,2868,-1,2868,2867,2869,-1,2864,2866,2870,-1,2870,2866,2868,-1,2870,2868,2863,-1,2863,2868,2862,-1,2837,2839,2836,-1,2836,2839,2862,-1,2836,2862,2869,-1,2869,2862,2868,-1,2846,2844,2842,-1,2837,2860,2839,-1,2839,2860,2858,-1,2839,2858,2856,-1,2856,2854,2839,-1,2839,2854,2852,-1,2839,2852,2850,-1,2850,2848,2839,-1,2839,2848,2846,-1,2839,2846,2840,-1,2840,2846,2842,-1,2834,2836,2871,-1,2871,2836,2869,-1,2871,2869,2865,-1,2865,2869,2867,-1,2872,2873,2874,-1,2874,2873,2875,-1,2876,2877,2878,-1,2876,2878,2879,-1,2879,2878,2880,-1,2879,2880,2881,-1,2881,2880,2882,-1,2881,2882,2883,-1,2883,2882,2884,-1,2883,2884,2885,-1,2885,2884,2886,-1,2885,2886,2887,-1,2887,2886,2888,-1,2887,2888,2889,-1,2889,2888,2890,-1,2889,2890,2891,-1,2891,2890,2892,-1,2891,2892,2893,-1,2893,2892,2894,-1,2893,2894,2895,-1,2895,2894,2896,-1,2895,2896,2897,-1,2897,2896,2898,-1,2897,2898,2899,-1,2899,2898,2875,-1,2899,2875,2873,-1,2900,2877,2901,-1,2901,2877,2876,-1,2902,2903,2904,-1,2904,2903,2905,-1,2904,2905,2906,-1,2906,2905,2907,-1,2902,2904,2908,-1,2908,2904,2906,-1,2908,2906,2901,-1,2901,2906,2900,-1,2898,2896,2877,-1,2906,2907,2900,-1,2900,2907,2874,-1,2900,2874,2877,-1,2877,2874,2875,-1,2877,2875,2898,-1,2896,2894,2877,-1,2877,2894,2892,-1,2877,2892,2890,-1,2890,2888,2877,-1,2877,2888,2886,-1,2877,2886,2884,-1,2884,2882,2877,-1,2877,2882,2880,-1,2877,2880,2878,-1,2872,2874,2909,-1,2909,2874,2907,-1,2909,2907,2903,-1,2903,2907,2905,-1,2910,2911,2912,-1,2912,2911,2913,-1,2914,2915,2916,-1,2914,2916,2917,-1,2917,2916,2918,-1,2917,2918,2919,-1,2919,2918,2920,-1,2919,2920,2921,-1,2921,2920,2922,-1,2921,2922,2923,-1,2923,2922,2924,-1,2923,2924,2925,-1,2925,2924,2926,-1,2925,2926,2927,-1,2927,2926,2928,-1,2927,2928,2929,-1,2929,2928,2930,-1,2929,2930,2931,-1,2931,2930,2932,-1,2931,2932,2933,-1,2933,2932,2934,-1,2933,2934,2935,-1,2935,2934,2936,-1,2935,2936,2937,-1,2937,2936,2913,-1,2937,2913,2911,-1,2938,2915,2939,-1,2939,2915,2914,-1,2940,2941,2942,-1,2942,2941,2943,-1,2942,2943,2944,-1,2944,2943,2945,-1,2940,2942,2946,-1,2946,2942,2944,-1,2946,2944,2939,-1,2939,2944,2938,-1,2936,2934,2915,-1,2944,2945,2938,-1,2938,2945,2912,-1,2938,2912,2915,-1,2915,2912,2913,-1,2915,2913,2936,-1,2934,2932,2915,-1,2915,2932,2930,-1,2915,2930,2928,-1,2928,2926,2915,-1,2915,2926,2924,-1,2915,2924,2922,-1,2922,2920,2915,-1,2915,2920,2918,-1,2915,2918,2916,-1,2910,2912,2947,-1,2947,2912,2945,-1,2947,2945,2941,-1,2941,2945,2943,-1,2948,2949,2950,-1,2950,2949,2951,-1,2952,2953,2954,-1,2952,2954,2955,-1,2955,2954,2956,-1,2955,2956,2957,-1,2957,2956,2958,-1,2957,2958,2959,-1,2959,2958,2960,-1,2959,2960,2961,-1,2961,2960,2962,-1,2961,2962,2963,-1,2963,2962,2964,-1,2963,2964,2965,-1,2965,2964,2966,-1,2965,2966,2967,-1,2967,2966,2968,-1,2967,2968,2969,-1,2969,2968,2970,-1,2969,2970,2971,-1,2971,2970,2972,-1,2971,2972,2973,-1,2973,2972,2974,-1,2973,2974,2975,-1,2975,2974,2951,-1,2975,2951,2949,-1,2976,2953,2977,-1,2977,2953,2952,-1,2978,2979,2980,-1,2980,2979,2981,-1,2980,2981,2982,-1,2982,2981,2983,-1,2978,2980,2984,-1,2984,2980,2982,-1,2984,2982,2977,-1,2977,2982,2976,-1,2951,2953,2950,-1,2950,2953,2976,-1,2950,2976,2983,-1,2983,2976,2982,-1,2960,2958,2956,-1,2951,2974,2953,-1,2953,2974,2972,-1,2953,2972,2970,-1,2970,2968,2953,-1,2953,2968,2966,-1,2953,2966,2964,-1,2964,2962,2953,-1,2953,2962,2960,-1,2953,2960,2954,-1,2954,2960,2956,-1,2948,2950,2985,-1,2985,2950,2983,-1,2985,2983,2979,-1,2979,2983,2981,-1,2986,2987,2988,-1,2988,2987,2989,-1,2990,2991,2992,-1,2990,2992,2993,-1,2993,2992,2994,-1,2993,2994,2995,-1,2995,2994,2996,-1,2995,2996,2997,-1,2997,2996,2998,-1,2997,2998,2999,-1,2999,2998,3000,-1,2999,3000,3001,-1,3001,3000,3002,-1,3001,3002,3003,-1,3003,3002,3004,-1,3003,3004,3005,-1,3005,3004,3006,-1,3005,3006,3007,-1,3007,3006,3008,-1,3007,3008,3009,-1,3009,3008,3010,-1,3009,3010,3011,-1,3011,3010,3012,-1,3011,3012,3013,-1,3013,3012,2989,-1,3013,2989,2987,-1,3014,2991,3015,-1,3015,2991,2990,-1,3016,3017,3018,-1,3018,3017,3019,-1,3018,3019,3020,-1,3020,3019,3021,-1,3016,3018,3022,-1,3022,3018,3020,-1,3022,3020,3015,-1,3015,3020,3014,-1,3020,3021,3014,-1,3014,3021,2988,-1,3014,2988,2991,-1,2991,2988,2989,-1,3012,3004,2989,-1,2989,3004,3002,-1,3002,3000,2989,-1,2989,3000,2998,-1,2989,2998,2996,-1,2996,2994,2989,-1,2989,2994,2992,-1,2989,2992,2991,-1,3012,3010,3004,-1,3004,3010,3008,-1,3004,3008,3006,-1,2986,2988,3023,-1,3023,2988,3021,-1,3023,3021,3017,-1,3017,3021,3019,-1,3024,3025,3026,-1,3026,3025,3027,-1,3028,3029,3030,-1,3028,3030,3031,-1,3031,3030,3032,-1,3031,3032,3033,-1,3033,3032,3034,-1,3033,3034,3035,-1,3035,3034,3036,-1,3035,3036,3037,-1,3037,3036,3038,-1,3037,3038,3039,-1,3039,3038,3040,-1,3039,3040,3041,-1,3041,3040,3042,-1,3041,3042,3043,-1,3043,3042,3044,-1,3043,3044,3045,-1,3045,3044,3046,-1,3045,3046,3047,-1,3047,3046,3048,-1,3047,3048,3049,-1,3049,3048,3050,-1,3049,3050,3051,-1,3051,3050,3027,-1,3051,3027,3025,-1,3052,3029,3053,-1,3053,3029,3028,-1,3054,3055,3056,-1,3056,3055,3057,-1,3056,3057,3058,-1,3058,3057,3059,-1,3054,3056,3060,-1,3060,3056,3058,-1,3060,3058,3053,-1,3053,3058,3052,-1,3058,3059,3052,-1,3052,3059,3026,-1,3052,3026,3029,-1,3029,3026,3027,-1,3034,3027,3036,-1,3036,3027,3038,-1,3050,3042,3027,-1,3027,3042,3040,-1,3027,3040,3038,-1,3050,3048,3042,-1,3042,3048,3046,-1,3042,3046,3044,-1,3034,3032,3027,-1,3027,3032,3030,-1,3027,3030,3029,-1,3024,3026,3061,-1,3061,3026,3059,-1,3061,3059,3055,-1,3055,3059,3057,-1,3062,3063,3064,-1,3064,3063,3065,-1,3066,3067,3068,-1,3066,3068,3069,-1,3069,3068,3070,-1,3069,3070,3071,-1,3071,3070,3072,-1,3071,3072,3073,-1,3073,3072,3074,-1,3073,3074,3075,-1,3075,3074,3076,-1,3075,3076,3077,-1,3077,3076,3078,-1,3077,3078,3079,-1,3079,3078,3080,-1,3079,3080,3081,-1,3081,3080,3082,-1,3081,3082,3083,-1,3083,3082,3084,-1,3083,3084,3085,-1,3085,3084,3086,-1,3085,3086,3087,-1,3087,3086,3088,-1,3087,3088,3089,-1,3089,3088,3065,-1,3089,3065,3063,-1,3090,3067,3091,-1,3091,3067,3066,-1,3092,3093,3094,-1,3094,3093,3095,-1,3094,3095,3096,-1,3096,3095,3097,-1,3092,3094,3098,-1,3098,3094,3096,-1,3098,3096,3091,-1,3091,3096,3090,-1,3096,3097,3090,-1,3090,3097,3064,-1,3090,3064,3067,-1,3067,3064,3065,-1,3080,3072,3070,-1,3065,3088,3067,-1,3067,3088,3086,-1,3067,3086,3084,-1,3078,3076,3080,-1,3080,3076,3074,-1,3080,3074,3072,-1,3084,3082,3067,-1,3067,3082,3080,-1,3067,3080,3068,-1,3068,3080,3070,-1,3062,3064,3099,-1,3099,3064,3097,-1,3099,3097,3093,-1,3093,3097,3095,-1,3100,3101,3102,-1,3102,3101,3103,-1,3104,3105,3106,-1,3104,3106,3107,-1,3107,3106,3108,-1,3107,3108,3109,-1,3109,3108,3110,-1,3109,3110,3111,-1,3111,3110,3112,-1,3111,3112,3113,-1,3113,3112,3114,-1,3113,3114,3115,-1,3115,3114,3116,-1,3115,3116,3117,-1,3117,3116,3118,-1,3117,3118,3119,-1,3119,3118,3120,-1,3119,3120,3121,-1,3121,3120,3122,-1,3121,3122,3123,-1,3123,3122,3124,-1,3123,3124,3125,-1,3125,3124,3126,-1,3125,3126,3127,-1,3127,3126,3103,-1,3127,3103,3101,-1,3128,3105,3129,-1,3129,3105,3104,-1,3130,3131,3132,-1,3132,3131,3133,-1,3132,3133,3134,-1,3134,3133,3135,-1,3130,3132,3136,-1,3136,3132,3134,-1,3136,3134,3129,-1,3129,3134,3128,-1,3134,3135,3128,-1,3128,3135,3102,-1,3128,3102,3105,-1,3105,3102,3103,-1,3105,3103,3126,-1,3126,3124,3105,-1,3105,3124,3122,-1,3105,3122,3120,-1,3120,3118,3105,-1,3105,3118,3116,-1,3105,3116,3114,-1,3114,3112,3110,-1,3110,3108,3114,-1,3114,3108,3106,-1,3114,3106,3105,-1,3100,3102,3137,-1,3137,3102,3135,-1,3137,3135,3131,-1,3131,3135,3133,-1,3138,3139,3140,-1,3140,3139,3141,-1,3142,3143,3144,-1,3142,3144,3145,-1,3145,3144,3146,-1,3145,3146,3147,-1,3147,3146,3148,-1,3147,3148,3149,-1,3149,3148,3150,-1,3149,3150,3151,-1,3151,3150,3152,-1,3151,3152,3153,-1,3153,3152,3154,-1,3153,3154,3155,-1,3155,3154,3156,-1,3155,3156,3157,-1,3157,3156,3158,-1,3157,3158,3159,-1,3159,3158,3160,-1,3159,3160,3161,-1,3161,3160,3162,-1,3161,3162,3163,-1,3163,3162,3164,-1,3163,3164,3165,-1,3165,3164,3141,-1,3165,3141,3139,-1,3166,3143,3167,-1,3167,3143,3142,-1,3168,3169,3170,-1,3170,3169,3171,-1,3170,3171,3172,-1,3172,3171,3173,-1,3168,3170,3174,-1,3174,3170,3172,-1,3174,3172,3167,-1,3167,3172,3166,-1,3172,3173,3166,-1,3166,3173,3140,-1,3166,3140,3143,-1,3143,3140,3141,-1,3154,3152,3143,-1,3141,3164,3143,-1,3143,3164,3162,-1,3143,3162,3160,-1,3160,3158,3143,-1,3143,3158,3156,-1,3143,3156,3154,-1,3152,3150,3143,-1,3143,3150,3148,-1,3143,3148,3144,-1,3144,3148,3146,-1,3138,3140,3175,-1,3175,3140,3173,-1,3175,3173,3169,-1,3169,3173,3171,-1,3176,3177,3178,-1,3178,3177,3179,-1,3180,3181,3182,-1,3180,3182,3183,-1,3183,3182,3184,-1,3183,3184,3185,-1,3185,3184,3186,-1,3185,3186,3187,-1,3187,3186,3188,-1,3187,3188,3189,-1,3189,3188,3190,-1,3189,3190,3191,-1,3191,3190,3192,-1,3191,3192,3193,-1,3193,3192,3194,-1,3193,3194,3195,-1,3195,3194,3196,-1,3195,3196,3197,-1,3197,3196,3198,-1,3197,3198,3199,-1,3199,3198,3200,-1,3199,3200,3201,-1,3201,3200,3202,-1,3201,3202,3203,-1,3203,3202,3179,-1,3203,3179,3177,-1,3204,3181,3205,-1,3205,3181,3180,-1,3206,3207,3208,-1,3208,3207,3209,-1,3208,3209,3210,-1,3210,3209,3211,-1,3206,3208,3212,-1,3212,3208,3210,-1,3212,3210,3205,-1,3205,3210,3204,-1,3202,3200,3181,-1,3210,3211,3204,-1,3204,3211,3178,-1,3204,3178,3181,-1,3181,3178,3179,-1,3181,3179,3202,-1,3200,3198,3181,-1,3181,3198,3196,-1,3181,3196,3194,-1,3192,3190,3194,-1,3194,3190,3188,-1,3194,3188,3186,-1,3186,3184,3194,-1,3194,3184,3182,-1,3194,3182,3181,-1,3176,3178,3213,-1,3213,3178,3211,-1,3213,3211,3207,-1,3207,3211,3209,-1,3214,3215,3216,-1,3216,3215,3217,-1,3218,3219,3220,-1,3218,3220,3221,-1,3221,3220,3222,-1,3221,3222,3223,-1,3223,3222,3224,-1,3223,3224,3225,-1,3225,3224,3226,-1,3225,3226,3227,-1,3227,3226,3228,-1,3227,3228,3229,-1,3229,3228,3230,-1,3229,3230,3231,-1,3231,3230,3232,-1,3231,3232,3233,-1,3233,3232,3234,-1,3233,3234,3235,-1,3235,3234,3236,-1,3235,3236,3237,-1,3237,3236,3238,-1,3237,3238,3239,-1,3239,3238,3240,-1,3239,3240,3241,-1,3241,3240,3217,-1,3241,3217,3215,-1,3242,3219,3243,-1,3243,3219,3218,-1,3244,3245,3246,-1,3246,3245,3247,-1,3246,3247,3248,-1,3248,3247,3249,-1,3244,3246,3250,-1,3250,3246,3248,-1,3250,3248,3243,-1,3243,3248,3242,-1,3248,3249,3242,-1,3242,3249,3216,-1,3242,3216,3219,-1,3219,3216,3217,-1,3219,3217,3240,-1,3240,3238,3219,-1,3219,3238,3236,-1,3219,3236,3234,-1,3234,3232,3219,-1,3219,3232,3230,-1,3219,3230,3228,-1,3228,3226,3224,-1,3224,3222,3228,-1,3228,3222,3220,-1,3228,3220,3219,-1,3214,3216,3251,-1,3251,3216,3249,-1,3251,3249,3245,-1,3245,3249,3247,-1,3252,3253,3254,-1,3254,3253,3255,-1,3256,3257,3258,-1,3256,3258,3259,-1,3259,3258,3260,-1,3259,3260,3261,-1,3261,3260,3262,-1,3261,3262,3263,-1,3263,3262,3264,-1,3263,3264,3265,-1,3265,3264,3266,-1,3265,3266,3267,-1,3267,3266,3268,-1,3267,3268,3269,-1,3269,3268,3270,-1,3269,3270,3271,-1,3271,3270,3272,-1,3271,3272,3273,-1,3273,3272,3274,-1,3273,3274,3275,-1,3275,3274,3276,-1,3275,3276,3277,-1,3277,3276,3278,-1,3277,3278,3279,-1,3279,3278,3255,-1,3279,3255,3253,-1,3280,3257,3281,-1,3281,3257,3256,-1,3282,3283,3284,-1,3284,3283,3285,-1,3284,3285,3286,-1,3286,3285,3287,-1,3282,3284,3288,-1,3288,3284,3286,-1,3288,3286,3281,-1,3281,3286,3280,-1,3286,3287,3280,-1,3280,3287,3254,-1,3280,3254,3257,-1,3257,3254,3255,-1,3268,3266,3257,-1,3255,3278,3257,-1,3257,3278,3276,-1,3257,3276,3274,-1,3274,3272,3257,-1,3257,3272,3270,-1,3257,3270,3268,-1,3266,3264,3257,-1,3257,3264,3262,-1,3257,3262,3258,-1,3258,3262,3260,-1,3252,3254,3289,-1,3289,3254,3287,-1,3289,3287,3283,-1,3283,3287,3285,-1,3290,3291,3292,-1,3292,3291,3293,-1,3294,3295,3296,-1,3294,3296,3297,-1,3297,3296,3298,-1,3297,3298,3299,-1,3299,3298,3300,-1,3299,3300,3301,-1,3301,3300,3302,-1,3301,3302,3303,-1,3303,3302,3304,-1,3303,3304,3305,-1,3305,3304,3306,-1,3305,3306,3307,-1,3307,3306,3308,-1,3307,3308,3309,-1,3309,3308,3310,-1,3309,3310,3311,-1,3311,3310,3312,-1,3311,3312,3313,-1,3313,3312,3314,-1,3313,3314,3315,-1,3315,3314,3316,-1,3315,3316,3317,-1,3317,3316,3293,-1,3317,3293,3291,-1,3318,3295,3319,-1,3319,3295,3294,-1,3320,3321,3322,-1,3322,3321,3323,-1,3322,3323,3324,-1,3324,3323,3325,-1,3320,3322,3326,-1,3326,3322,3324,-1,3326,3324,3319,-1,3319,3324,3318,-1,3316,3314,3295,-1,3324,3325,3318,-1,3318,3325,3292,-1,3318,3292,3295,-1,3295,3292,3293,-1,3295,3293,3316,-1,3314,3312,3295,-1,3295,3312,3310,-1,3295,3310,3308,-1,3306,3304,3308,-1,3308,3304,3302,-1,3308,3302,3300,-1,3300,3298,3308,-1,3308,3298,3296,-1,3308,3296,3295,-1,3290,3292,3327,-1,3327,3292,3325,-1,3327,3325,3321,-1,3321,3325,3323,-1,3328,3329,3330,-1,3330,3329,3331,-1,3332,3333,3334,-1,3332,3334,3335,-1,3335,3334,3336,-1,3335,3336,3337,-1,3337,3336,3338,-1,3337,3338,3339,-1,3339,3338,3340,-1,3339,3340,3341,-1,3341,3340,3342,-1,3341,3342,3343,-1,3343,3342,3344,-1,3343,3344,3345,-1,3345,3344,3346,-1,3345,3346,3347,-1,3347,3346,3348,-1,3347,3348,3349,-1,3349,3348,3350,-1,3349,3350,3351,-1,3351,3350,3352,-1,3351,3352,3353,-1,3353,3352,3354,-1,3353,3354,3355,-1,3355,3354,3331,-1,3355,3331,3329,-1,3356,3333,3357,-1,3357,3333,3332,-1,3358,3359,3360,-1,3360,3359,3361,-1,3360,3361,3362,-1,3362,3361,3363,-1,3358,3360,3364,-1,3364,3360,3362,-1,3364,3362,3357,-1,3357,3362,3356,-1,3362,3363,3356,-1,3356,3363,3330,-1,3356,3330,3333,-1,3333,3330,3331,-1,3333,3331,3354,-1,3354,3352,3333,-1,3333,3352,3350,-1,3333,3350,3348,-1,3348,3346,3333,-1,3333,3346,3344,-1,3333,3344,3342,-1,3342,3340,3338,-1,3338,3336,3342,-1,3342,3336,3334,-1,3342,3334,3333,-1,3328,3330,3365,-1,3365,3330,3363,-1,3365,3363,3359,-1,3359,3363,3361,-1,3366,3367,3368,-1,3368,3367,3369,-1,3370,3371,3372,-1,3370,3372,3373,-1,3373,3372,3374,-1,3373,3374,3375,-1,3375,3374,3376,-1,3375,3376,3377,-1,3377,3376,3378,-1,3377,3378,3379,-1,3379,3378,3380,-1,3379,3380,3381,-1,3381,3380,3382,-1,3381,3382,3383,-1,3383,3382,3384,-1,3383,3384,3385,-1,3385,3384,3386,-1,3385,3386,3387,-1,3387,3386,3388,-1,3387,3388,3389,-1,3389,3388,3390,-1,3389,3390,3391,-1,3391,3390,3392,-1,3391,3392,3393,-1,3393,3392,3369,-1,3393,3369,3367,-1,3394,3371,3395,-1,3395,3371,3370,-1,3396,3397,3398,-1,3398,3397,3399,-1,3398,3399,3400,-1,3400,3399,3401,-1,3396,3398,3402,-1,3402,3398,3400,-1,3402,3400,3395,-1,3395,3400,3394,-1,3400,3401,3394,-1,3394,3401,3368,-1,3394,3368,3371,-1,3371,3368,3369,-1,3382,3380,3371,-1,3369,3392,3371,-1,3371,3392,3390,-1,3371,3390,3388,-1,3388,3386,3371,-1,3371,3386,3384,-1,3371,3384,3382,-1,3380,3378,3371,-1,3371,3378,3376,-1,3371,3376,3372,-1,3372,3376,3374,-1,3366,3368,3403,-1,3403,3368,3401,-1,3403,3401,3397,-1,3397,3401,3399,-1,3404,3405,3406,-1,3406,3405,3407,-1,3408,3409,3410,-1,3408,3410,3411,-1,3411,3410,3412,-1,3411,3412,3413,-1,3413,3412,3414,-1,3413,3414,3415,-1,3415,3414,3416,-1,3415,3416,3417,-1,3417,3416,3418,-1,3417,3418,3419,-1,3419,3418,3420,-1,3419,3420,3421,-1,3421,3420,3422,-1,3421,3422,3423,-1,3423,3422,3424,-1,3423,3424,3425,-1,3425,3424,3426,-1,3425,3426,3427,-1,3427,3426,3428,-1,3427,3428,3429,-1,3429,3428,3430,-1,3429,3430,3431,-1,3431,3430,3407,-1,3431,3407,3405,-1,3432,3409,3433,-1,3433,3409,3408,-1,3434,3435,3436,-1,3436,3435,3437,-1,3436,3437,3438,-1,3438,3437,3439,-1,3434,3436,3440,-1,3440,3436,3438,-1,3440,3438,3433,-1,3433,3438,3432,-1,3430,3428,3409,-1,3438,3439,3432,-1,3432,3439,3406,-1,3432,3406,3409,-1,3409,3406,3407,-1,3409,3407,3430,-1,3428,3426,3409,-1,3409,3426,3424,-1,3409,3424,3422,-1,3420,3418,3422,-1,3422,3418,3416,-1,3422,3416,3414,-1,3414,3412,3422,-1,3422,3412,3410,-1,3422,3410,3409,-1,3404,3406,3441,-1,3441,3406,3439,-1,3441,3439,3435,-1,3435,3439,3437,-1,3442,3443,3444,-1,3444,3443,3445,-1,3446,3447,3448,-1,3446,3448,3449,-1,3449,3448,3450,-1,3449,3450,3451,-1,3451,3450,3452,-1,3451,3452,3453,-1,3453,3452,3454,-1,3453,3454,3455,-1,3455,3454,3456,-1,3455,3456,3457,-1,3457,3456,3458,-1,3457,3458,3459,-1,3459,3458,3460,-1,3459,3460,3461,-1,3461,3460,3462,-1,3461,3462,3463,-1,3463,3462,3464,-1,3463,3464,3465,-1,3465,3464,3466,-1,3465,3466,3467,-1,3467,3466,3468,-1,3467,3468,3469,-1,3469,3468,3445,-1,3469,3445,3443,-1,3470,3447,3471,-1,3471,3447,3446,-1,3472,3473,3474,-1,3474,3473,3475,-1,3474,3475,3476,-1,3476,3475,3477,-1,3472,3474,3478,-1,3478,3474,3476,-1,3478,3476,3471,-1,3471,3476,3470,-1,3476,3477,3470,-1,3470,3477,3444,-1,3470,3444,3447,-1,3447,3444,3445,-1,3447,3445,3468,-1,3468,3466,3447,-1,3447,3466,3464,-1,3447,3464,3462,-1,3462,3460,3447,-1,3447,3460,3458,-1,3447,3458,3456,-1,3456,3454,3452,-1,3452,3450,3456,-1,3456,3450,3448,-1,3456,3448,3447,-1,3442,3444,3479,-1,3479,3444,3477,-1,3479,3477,3473,-1,3473,3477,3475,-1,3480,3481,3482,-1,3482,3481,3483,-1,3484,3485,3486,-1,3484,3486,3487,-1,3487,3486,3488,-1,3487,3488,3489,-1,3489,3488,3490,-1,3489,3490,3491,-1,3491,3490,3492,-1,3491,3492,3493,-1,3493,3492,3494,-1,3493,3494,3495,-1,3495,3494,3496,-1,3495,3496,3497,-1,3497,3496,3498,-1,3497,3498,3499,-1,3499,3498,3500,-1,3499,3500,3501,-1,3501,3500,3502,-1,3501,3502,3503,-1,3503,3502,3504,-1,3503,3504,3505,-1,3505,3504,3506,-1,3505,3506,3507,-1,3507,3506,3483,-1,3507,3483,3481,-1,3508,3485,3509,-1,3509,3485,3484,-1,3510,3511,3512,-1,3512,3511,3513,-1,3512,3513,3514,-1,3514,3513,3515,-1,3510,3512,3516,-1,3516,3512,3514,-1,3516,3514,3509,-1,3509,3514,3508,-1,3514,3515,3508,-1,3508,3515,3482,-1,3508,3482,3485,-1,3485,3482,3483,-1,3496,3494,3485,-1,3483,3506,3485,-1,3485,3506,3504,-1,3485,3504,3502,-1,3502,3500,3485,-1,3485,3500,3498,-1,3485,3498,3496,-1,3494,3492,3485,-1,3485,3492,3490,-1,3485,3490,3486,-1,3486,3490,3488,-1,3480,3482,3517,-1,3517,3482,3515,-1,3517,3515,3511,-1,3511,3515,3513,-1,3518,3519,3520,-1,3520,3519,3521,-1,3522,3523,3524,-1,3522,3524,3525,-1,3525,3524,3526,-1,3525,3526,3527,-1,3527,3526,3528,-1,3527,3528,3529,-1,3529,3528,3530,-1,3529,3530,3531,-1,3531,3530,3532,-1,3531,3532,3533,-1,3533,3532,3534,-1,3533,3534,3535,-1,3535,3534,3536,-1,3535,3536,3537,-1,3537,3536,3538,-1,3537,3538,3539,-1,3539,3538,3540,-1,3539,3540,3541,-1,3541,3540,3542,-1,3541,3542,3543,-1,3543,3542,3544,-1,3543,3544,3545,-1,3545,3544,3521,-1,3545,3521,3519,-1,3546,3523,3547,-1,3547,3523,3522,-1,3548,3549,3550,-1,3550,3549,3551,-1,3550,3551,3552,-1,3552,3551,3553,-1,3548,3550,3554,-1,3554,3550,3552,-1,3554,3552,3547,-1,3547,3552,3546,-1,3544,3542,3523,-1,3552,3553,3546,-1,3546,3553,3520,-1,3546,3520,3523,-1,3523,3520,3521,-1,3523,3521,3544,-1,3542,3540,3523,-1,3523,3540,3538,-1,3523,3538,3536,-1,3534,3532,3536,-1,3536,3532,3530,-1,3536,3530,3528,-1,3528,3526,3536,-1,3536,3526,3524,-1,3536,3524,3523,-1,3518,3520,3555,-1,3555,3520,3553,-1,3555,3553,3549,-1,3549,3553,3551,-1,3556,3557,3558,-1,3558,3557,3559,-1,3560,3561,3562,-1,3560,3562,3563,-1,3563,3562,3564,-1,3563,3564,3565,-1,3565,3564,3566,-1,3565,3566,3567,-1,3567,3566,3568,-1,3567,3568,3569,-1,3569,3568,3570,-1,3569,3570,3571,-1,3571,3570,3572,-1,3571,3572,3573,-1,3573,3572,3574,-1,3573,3574,3575,-1,3575,3574,3576,-1,3575,3576,3577,-1,3577,3576,3578,-1,3577,3578,3579,-1,3579,3578,3580,-1,3579,3580,3581,-1,3581,3580,3582,-1,3581,3582,3583,-1,3583,3582,3559,-1,3583,3559,3557,-1,3584,3561,3585,-1,3585,3561,3560,-1,3586,3587,3588,-1,3588,3587,3589,-1,3588,3589,3590,-1,3590,3589,3591,-1,3586,3588,3592,-1,3592,3588,3590,-1,3592,3590,3585,-1,3585,3590,3584,-1,3590,3591,3584,-1,3584,3591,3558,-1,3584,3558,3561,-1,3561,3558,3559,-1,3561,3559,3582,-1,3582,3580,3561,-1,3561,3580,3578,-1,3561,3578,3576,-1,3576,3574,3561,-1,3561,3574,3572,-1,3561,3572,3570,-1,3570,3568,3566,-1,3566,3564,3570,-1,3570,3564,3562,-1,3570,3562,3561,-1,3556,3558,3593,-1,3593,3558,3591,-1,3593,3591,3587,-1,3587,3591,3589,-1,3594,3595,3596,-1,3596,3595,3597,-1,3598,3599,3600,-1,3598,3600,3601,-1,3601,3600,3602,-1,3601,3602,3603,-1,3603,3602,3604,-1,3603,3604,3605,-1,3605,3604,3606,-1,3605,3606,3607,-1,3607,3606,3608,-1,3607,3608,3609,-1,3609,3608,3610,-1,3609,3610,3611,-1,3611,3610,3612,-1,3611,3612,3613,-1,3613,3612,3614,-1,3613,3614,3615,-1,3615,3614,3616,-1,3615,3616,3617,-1,3617,3616,3618,-1,3617,3618,3619,-1,3619,3618,3620,-1,3619,3620,3621,-1,3621,3620,3597,-1,3621,3597,3595,-1,3622,3599,3623,-1,3623,3599,3598,-1,3624,3625,3626,-1,3626,3625,3627,-1,3626,3627,3628,-1,3628,3627,3629,-1,3624,3626,3630,-1,3630,3626,3628,-1,3630,3628,3623,-1,3623,3628,3622,-1,3628,3629,3622,-1,3622,3629,3596,-1,3622,3596,3599,-1,3599,3596,3597,-1,3610,3608,3599,-1,3597,3620,3599,-1,3599,3620,3618,-1,3599,3618,3616,-1,3616,3614,3599,-1,3599,3614,3612,-1,3599,3612,3610,-1,3608,3606,3599,-1,3599,3606,3604,-1,3599,3604,3600,-1,3600,3604,3602,-1,3594,3596,3631,-1,3631,3596,3629,-1,3631,3629,3625,-1,3625,3629,3627,-1,3632,3633,3634,-1,3634,3633,3635,-1,3636,3637,3638,-1,3636,3638,3639,-1,3639,3638,3640,-1,3639,3640,3641,-1,3641,3640,3642,-1,3641,3642,3643,-1,3643,3642,3644,-1,3643,3644,3645,-1,3645,3644,3646,-1,3645,3646,3647,-1,3647,3646,3648,-1,3647,3648,3649,-1,3649,3648,3650,-1,3649,3650,3651,-1,3651,3650,3652,-1,3651,3652,3653,-1,3653,3652,3654,-1,3653,3654,3655,-1,3655,3654,3656,-1,3655,3656,3657,-1,3657,3656,3658,-1,3657,3658,3659,-1,3659,3658,3635,-1,3659,3635,3633,-1,3660,3637,3661,-1,3661,3637,3636,-1,3662,3663,3664,-1,3664,3663,3665,-1,3664,3665,3666,-1,3666,3665,3667,-1,3662,3664,3668,-1,3668,3664,3666,-1,3668,3666,3661,-1,3661,3666,3660,-1,3658,3656,3637,-1,3666,3667,3660,-1,3660,3667,3634,-1,3660,3634,3637,-1,3637,3634,3635,-1,3637,3635,3658,-1,3656,3654,3637,-1,3637,3654,3652,-1,3637,3652,3650,-1,3648,3646,3650,-1,3650,3646,3644,-1,3650,3644,3642,-1,3642,3640,3650,-1,3650,3640,3638,-1,3650,3638,3637,-1,3632,3634,3669,-1,3669,3634,3667,-1,3669,3667,3663,-1,3663,3667,3665,-1,3670,3671,3672,-1,3672,3671,3673,-1,3674,3675,3676,-1,3674,3676,3677,-1,3677,3676,3678,-1,3677,3678,3679,-1,3679,3678,3680,-1,3679,3680,3681,-1,3681,3680,3682,-1,3681,3682,3683,-1,3683,3682,3684,-1,3683,3684,3685,-1,3685,3684,3686,-1,3685,3686,3687,-1,3687,3686,3688,-1,3687,3688,3689,-1,3689,3688,3690,-1,3689,3690,3691,-1,3691,3690,3692,-1,3691,3692,3693,-1,3693,3692,3694,-1,3693,3694,3695,-1,3695,3694,3696,-1,3695,3696,3697,-1,3697,3696,3673,-1,3697,3673,3671,-1,3698,3675,3699,-1,3699,3675,3674,-1,3700,3701,3702,-1,3702,3701,3703,-1,3702,3703,3704,-1,3704,3703,3705,-1,3700,3702,3706,-1,3706,3702,3704,-1,3706,3704,3699,-1,3699,3704,3698,-1,3704,3705,3698,-1,3698,3705,3672,-1,3698,3672,3675,-1,3690,3696,3692,-1,3692,3696,3694,-1,3672,3673,3675,-1,3675,3673,3696,-1,3675,3696,3676,-1,3676,3696,3678,-1,3690,3688,3696,-1,3696,3688,3686,-1,3696,3686,3684,-1,3684,3682,3696,-1,3696,3682,3680,-1,3696,3680,3678,-1,3670,3672,3707,-1,3707,3672,3705,-1,3707,3705,3701,-1,3701,3705,3703,-1,3708,3709,3710,-1,3710,3709,3711,-1,3712,3713,3714,-1,3712,3714,3715,-1,3715,3714,3716,-1,3715,3716,3717,-1,3717,3716,3718,-1,3717,3718,3719,-1,3719,3718,3720,-1,3719,3720,3721,-1,3721,3720,3722,-1,3721,3722,3723,-1,3723,3722,3724,-1,3723,3724,3725,-1,3725,3724,3726,-1,3725,3726,3727,-1,3727,3726,3728,-1,3727,3728,3729,-1,3729,3728,3730,-1,3729,3730,3731,-1,3731,3730,3732,-1,3731,3732,3733,-1,3733,3732,3734,-1,3733,3734,3735,-1,3735,3734,3711,-1,3735,3711,3709,-1,3736,3713,3737,-1,3737,3713,3712,-1,3738,3739,3740,-1,3740,3739,3741,-1,3740,3741,3742,-1,3742,3741,3743,-1,3738,3740,3744,-1,3744,3740,3742,-1,3744,3742,3737,-1,3737,3742,3736,-1,3742,3743,3736,-1,3736,3743,3710,-1,3736,3710,3713,-1,3728,3734,3730,-1,3730,3734,3732,-1,3710,3711,3713,-1,3713,3711,3734,-1,3713,3734,3714,-1,3714,3734,3716,-1,3728,3726,3734,-1,3734,3726,3724,-1,3734,3724,3722,-1,3722,3720,3734,-1,3734,3720,3718,-1,3734,3718,3716,-1,3708,3710,3745,-1,3745,3710,3743,-1,3745,3743,3739,-1,3739,3743,3741,-1,3746,3747,3748,-1,3748,3747,3749,-1,3750,3751,3752,-1,3750,3752,3753,-1,3753,3752,3754,-1,3753,3754,3755,-1,3755,3754,3756,-1,3755,3756,3757,-1,3757,3756,3758,-1,3757,3758,3759,-1,3759,3758,3760,-1,3759,3760,3761,-1,3761,3760,3762,-1,3761,3762,3763,-1,3763,3762,3764,-1,3763,3764,3765,-1,3765,3764,3766,-1,3765,3766,3767,-1,3767,3766,3768,-1,3767,3768,3769,-1,3769,3768,3770,-1,3769,3770,3771,-1,3771,3770,3772,-1,3771,3772,3773,-1,3773,3772,3749,-1,3773,3749,3747,-1,3774,3751,3775,-1,3775,3751,3750,-1,3776,3777,3778,-1,3778,3777,3779,-1,3778,3779,3780,-1,3780,3779,3781,-1,3776,3778,3782,-1,3782,3778,3780,-1,3782,3780,3775,-1,3775,3780,3774,-1,3772,3770,3751,-1,3780,3781,3774,-1,3774,3781,3748,-1,3774,3748,3751,-1,3751,3748,3749,-1,3751,3749,3772,-1,3770,3768,3751,-1,3751,3768,3766,-1,3751,3766,3764,-1,3762,3760,3764,-1,3764,3760,3758,-1,3764,3758,3756,-1,3756,3754,3764,-1,3764,3754,3752,-1,3764,3752,3751,-1,3746,3748,3783,-1,3783,3748,3781,-1,3783,3781,3777,-1,3777,3781,3779,-1,3784,3785,3786,-1,3786,3785,3787,-1,3788,3789,3790,-1,3790,3789,3791,-1,3792,3791,3793,-1,3793,3791,3789,-1,3785,3792,3787,-1,3787,3792,3793,-1,3790,3791,3784,-1,3784,3791,3792,-1,3784,3792,3785,-1,
        ]
    }
}
Shape{
    appearance Appearance {
        material  Material 	{
            diffuseColor 0.8509803921568627 0.8509803921568627 0.8509803921568627
            specularColor 0.4235294117647059 0.4235294117647059 0.4235294117647059
            ambientIntensity 0.851
            transparency 0.0
            shininess 0.5
        }
    }
    geometry IndexedFaceSet {
        ccw TRUE
        solid FALSE
        coord DEF co Coordinate {
            point [
                -1.5369 1.5701 0.3386, -1.5369 1.5701 0.3425, -1.5396 1.5907 0.3386, -1.5396 1.5907 0.3425, -1.5476 1.6099 0.3386, -1.5476 1.6099 0.3425, -1.5603 1.6264 0.3386, -1.5603 1.6264 0.3425, -1.5768 1.6391 0.3386, -1.5768 1.6391 0.3425, -1.596 1.6471 0.3386, -1.596 1.6471 0.3425, -1.6166 1.6498 0.3386, -1.6166 1.6498 0.3425, -1.6373 1.6471 0.3386, -1.6373 1.6471 0.3425, -1.6565 1.6391 0.3386, -1.6565 1.6391 0.3425, -1.673 1.6264 0.3386, -1.673 1.6264 0.3425, -1.6857 1.6099 0.3386, -1.6857 1.6099 0.3425, -1.6936 1.5907 0.3386, -1.6936 1.5907 0.3425, -1.6964 1.5701 0.3386, -1.6964 1.5701 0.3425, -1.6936 1.5494 0.3386, -1.6936 1.5494 0.3425, -1.6857 1.5302 0.3386, -1.6857 1.5302 0.3425, -1.673 1.5137 0.3386, -1.673 1.5137 0.3425, -1.6565 1.501 0.3386, -1.6565 1.501 0.3425, -1.6373 1.4931 0.3386, -1.6373 1.4931 0.3425, -1.6166 1.4904 0.3386, -1.6166 1.4904 0.3425, -1.596 1.4931 0.3386, -1.596 1.4931 0.3425, -1.5768 1.501 0.3386, -1.5768 1.501 0.3425, -1.5603 1.5137 0.3386, -1.5603 1.5137 0.3425, -1.5476 1.5302 0.3386, -1.5476 1.5302 0.3425, -1.5396 1.5494 0.3386, -1.5396 1.5494 0.3425, -1.6166 1.5701 0.3386
            ]
        }
        coordIndex [
            0,1,2,-1,2,1,3,-1,2,3,4,-1,4,3,5,-1,4,5,6,-1,6,5,7,-1,6,7,8,-1,8,7,9,-1,8,9,10,-1,10,9,11,-1,10,11,12,-1,12,11,13,-1,12,13,14,-1,14,13,15,-1,14,15,16,-1,16,15,17,-1,16,17,18,-1,18,17,19,-1,18,19,20,-1,20,19,21,-1,20,21,22,-1,22,21,23,-1,22,23,24,-1,24,23,25,-1,24,25,26,-1,26,25,27,-1,26,27,28,-1,28,27,29,-1,28,29,30,-1,30,29,31,-1,30,31,32,-1,32,31,33,-1,32,33,34,-1,34,33,35,-1,34,35,36,-1,36,35,37,-1,36,37,38,-1,38,37,39,-1,38,39,40,-1,40,39,41,-1,40,41,42,-1,42,41,43,-1,42,43,44,-1,44,43,45,-1,44,45,46,-1,46,45,47,-1,46,47,0,-1,0,47,1,-1,44,46,48,-1,48,46,0,-1,48,0,2,-1,38,40,48,-1,48,40,42,-1,48,42,44,-1,32,34,48,-1,48,34,36,-1,48,36,38,-1,26,28,48,-1,48,28,30,-1,48,30,32,-1,20,22,48,-1,48,22,24,-1,48,24,26,-1,14,16,48,-1,48,16,18,-1,48,18,20,-1,8,10,48,-1,48,10,12,-1,48,12,14,-1,2,4,48,-1,48,4,6,-1,48,6,8,-1,
        ]
    }
}
Shape{
    appearance Appearance {
        material  Material 	{
            diffuseColor 0.7529411764705882 0.7529411764705882 0.7529411764705882
            specularColor 0.3764705882352941 0.3764705882352941 0.3764705882352941
            ambientIntensity 0.7529
            transparency 0.0
            shininess 0.5
        }
    }
    geometry IndexedFaceSet {
        ccw TRUE
        solid FALSE
        coord DEF co Coordinate {
            point [
                -1.4764 1.2795 0.0079, -1.2795 1.4764 0.0079, -1.4764 1.2795 0.0, -1.2795 1.4764 0.0
            ]
        }
        coordIndex [
            0,1,2,-1,2,1,3,-1,
        ]
    }
}
Shape{
    appearance Appearance {
        material  Material 	{
            diffuseColor 1.0 1.0 1.0
            specularColor 0.5019607843137255 0.5019607843137255 0.5019607843137255
            ambientIntensity 1.0
            transparency 0.0
            shininess 0.5
        }
    }
    geometry IndexedFaceSet {
        ccw TRUE
        solid FALSE
        coord DEF co Coordinate {
            point [
                -1.3042 -1.6184 0.3465, -1.3042 -1.6276 0.3465, -1.3042 -1.6184 0.3425, -1.3042 -1.6276 0.3425, -1.3361 -1.6184 0.3465, -1.3361 -1.6184 0.3425, -1.3361 -1.5475 0.3465, -1.3361 -1.5475 0.3425, -1.3464 -1.5475 0.3465, -1.3464 -1.5475 0.3425, -1.3464 -1.6276 0.3465, -1.3464 -1.6276 0.3425, -1.2632 -1.6289 0.3465, -1.2632 -1.6289 0.3425, -1.251 -1.6277 0.3465, -1.2561 -1.6282 0.3425, -1.251 -1.6277 0.3425, -1.2424 -1.6249 0.3425, -1.2424 -1.6249 0.3465, -1.241 -1.6242 0.3425, -1.241 -1.6242 0.3465, -1.241 -1.6143 0.3465, -1.241 -1.6143 0.3425, -1.2478 -1.6175 0.3425, -1.2478 -1.6175 0.3465, -1.2567 -1.6194 0.3425, -1.2567 -1.6194 0.3465, -1.2617 -1.6197 0.3425, -1.2617 -1.6197 0.3465, -1.2691 -1.6189 0.3425, -1.2691 -1.6189 0.3465, -1.2749 -1.6168 0.3425, -1.2749 -1.6168 0.3465, -1.2803 -1.6132 0.3425, -1.2803 -1.6132 0.3465, -1.2822 -1.6113 0.3425, -1.2822 -1.6113 0.3465, -1.2861 -1.6059 0.3425, -1.2861 -1.6059 0.3465, -1.2887 -1.5995 0.3425, -1.2887 -1.5995 0.3465, -1.29 -1.5915 0.3425, -1.29 -1.5915 0.3465, -1.2901 -1.5884 0.3425, -1.2901 -1.5884 0.3465, -1.2888 -1.5775 0.3425, -1.2888 -1.5775 0.3465, -1.2861 -1.5706 0.3425, -1.2861 -1.5706 0.3465, -1.2823 -1.565 0.3425, -1.2823 -1.565 0.3465, -1.2817 -1.5643 0.3425, -1.2817 -1.5643 0.3465, -1.2764 -1.5599 0.3425, -1.2764 -1.5599 0.3465, -1.2701 -1.557 0.3425, -1.2701 -1.557 0.3465, -1.2632 -1.5556 0.3425, -1.2632 -1.5556 0.3465, -1.2599 -1.5555 0.3425, -1.2599 -1.5555 0.3465, -1.25 -1.5566 0.3425, -1.25 -1.5566 0.3465, -1.2419 -1.5597 0.3425, -1.2419 -1.5597 0.3465, -1.241 -1.5602 0.3425, -1.241 -1.5602 0.3465, -1.241 -1.5494 0.3465, -1.241 -1.5494 0.3425, -1.26 -1.5461 0.3425, -1.26 -1.5461 0.3465, -1.2514 -1.5468 0.3425, -1.2495 -1.547 0.3465, -1.2495 -1.547 0.3425, -1.2656 -1.5468 0.3425, -1.2715 -1.5475 0.3465, -1.2715 -1.5475 0.3425, -1.2799 -1.5508 0.3425, -1.2799 -1.5508 0.3465, -1.2876 -1.5562 0.3425, -1.2876 -1.5562 0.3465, -1.2894 -1.5579 0.3425, -1.2894 -1.5579 0.3465, -1.2952 -1.5655 0.3425, -1.2974 -1.5706 0.3425, -1.299 -1.5744 0.3465, -1.2952 -1.5655 0.3465, -1.299 -1.5744 0.3425, -1.3008 -1.5849 0.3425, -1.3008 -1.5849 0.3465, -1.3009 -1.589 0.3425, -1.3009 -1.589 0.3465, -1.2994 -1.602 0.3425, -1.2974 -1.6072 0.3425, -1.2961 -1.6104 0.3465, -1.2994 -1.602 0.3465, -1.2961 -1.6104 0.3425, -1.2914 -1.6172 0.3425, -1.2914 -1.6172 0.3465, -1.2907 -1.618 0.3425, -1.2907 -1.618 0.3465, -1.269 -1.6286 0.3465, -1.2849 -1.6229 0.3425, -1.2849 -1.6229 0.3465, -1.2775 -1.6266 0.3425, -1.2775 -1.6266 0.3465, -1.2705 -1.6282 0.3425, -1.269 -1.6286 0.3425, -1.1819 -1.6184 0.3465, -1.1819 -1.6276 0.3465, -1.1819 -1.6184 0.3425, -1.1819 -1.6276 0.3425, -1.2146 -1.6184 0.3425, -1.2146 -1.6184 0.3465, -1.193 -1.6184 0.3425, -1.2146 -1.5915 0.3465, -1.2146 -1.5915 0.3425, -1.186 -1.5915 0.3465, -1.193 -1.5915 0.3425, -1.186 -1.5915 0.3425, -1.186 -1.5823 0.3465, -1.186 -1.5823 0.3425, -1.2146 -1.5823 0.3425, -1.2146 -1.5823 0.3465, -1.193 -1.5823 0.3425, -1.2146 -1.5567 0.3465, -1.2146 -1.5567 0.3425, -1.1837 -1.5567 0.3465, -1.193 -1.5567 0.3425, -1.1837 -1.5567 0.3425, -1.1837 -1.5475 0.3465, -1.1837 -1.5475 0.3425, -1.225 -1.5475 0.3425, -1.225 -1.5475 0.3465, -1.193 -1.5475 0.3425, -1.225 -1.6276 0.3465, -1.225 -1.6276 0.3425, -1.193 -1.6276 0.3425, -1.117 -1.6051 0.3465, -1.121 -1.6101 0.3465, -1.1137 -1.6163 0.3465, -1.122 -1.611 0.3465, -1.1221 -1.6224 0.3465, -1.1272 -1.6146 0.3465, -1.1312 -1.6259 0.3465, -1.1338 -1.6171 0.3465, -1.1448 -1.6276 0.3465, -1.1448 -1.6184 0.3465, -1.1668 -1.6276 0.3465, -1.1564 -1.6184 0.3465, -1.1668 -1.5475 0.3465, -1.1564 -1.5567 0.3465, -1.1439 -1.5475 0.3465, -1.1443 -1.5567 0.3465, -1.1317 -1.5488 0.3465, -1.1338 -1.5579 0.3465, -1.122 -1.5524 0.3465, -1.1269 -1.5605 0.3465, -1.1137 -1.5581 0.3465, -1.1212 -1.5642 0.3465, -1.1108 -1.5609 0.3465, -1.1183 -1.5673 0.3465, -1.1059 -1.5679 0.3465, -1.1154 -1.572 0.3465, -1.1029 -1.5755 0.3465, -1.1133 -1.5783 0.3465, -1.1016 -1.5865 0.3465, -1.1125 -1.5868 0.3465, -1.102 -1.5931 0.3465, -1.1127 -1.5917 0.3465, -1.1042 -1.6022 0.3465, -1.1142 -1.5991 0.3465, -1.1084 -1.6104 0.3465, -1.1448 -1.6276 0.3425, -1.1668 -1.6276 0.3425, -1.1137 -1.6163 0.3425, -1.1312 -1.6259 0.3425, -1.1301 -1.6255 0.3425, -1.1221 -1.6224 0.3425, -1.1084 -1.6104 0.3425, -1.1042 -1.6022 0.3425, -1.102 -1.5931 0.3425, -1.1016 -1.5865 0.3425, -1.1029 -1.5755 0.3425, -1.1059 -1.5679 0.3425, -1.1108 -1.5609 0.3425, -1.1137 -1.5581 0.3425, -1.1439 -1.5475 0.3425, -1.122 -1.5524 0.3425, -1.1301 -1.5494 0.3425, -1.1317 -1.5488 0.3425, -1.1668 -1.5475 0.3425, -1.1443 -1.5567 0.3425, -1.1564 -1.5567 0.3425, -1.1564 -1.6184 0.3425, -1.1448 -1.6184 0.3425, -1.121 -1.6101 0.3425, -1.122 -1.611 0.3425, -1.1272 -1.6146 0.3425, -1.1338 -1.6171 0.3425, -1.1125 -1.5868 0.3425, -1.1127 -1.5917 0.3425, -1.1142 -1.5991 0.3425, -1.117 -1.6051 0.3425, -1.1212 -1.5642 0.3425, -1.1183 -1.5673 0.3425, -1.1154 -1.572 0.3425, -1.1133 -1.5783 0.3425, -1.1338 -1.5579 0.3425, -1.1269 -1.5605 0.3425
            ]
        }
        coordIndex [
            0,1,2,-1,2,1,3,-1,4,0,5,-1,5,0,2,-1,6,4,7,-1,7,4,5,-1,8,6,9,-1,9,6,7,-1,10,8,11,-1,11,8,9,-1,1,10,3,-1,3,10,11,-1,6,8,4,-1,4,8,10,-1,4,10,0,-1,0,10,1,-1,12,13,14,-1,14,13,15,-1,15,16,14,-1,14,16,17,-1,14,17,18,-1,18,17,19,-1,18,19,20,-1,21,20,22,-1,22,20,19,-1,21,22,23,-1,21,23,24,-1,24,23,25,-1,24,25,26,-1,26,25,27,-1,26,27,28,-1,28,27,29,-1,28,29,30,-1,30,29,31,-1,30,31,32,-1,32,31,33,-1,32,33,34,-1,34,33,35,-1,34,35,36,-1,36,35,37,-1,36,37,38,-1,38,37,39,-1,38,39,40,-1,40,39,41,-1,40,41,42,-1,42,41,43,-1,42,43,44,-1,44,43,45,-1,44,45,46,-1,46,45,47,-1,46,47,48,-1,48,47,49,-1,48,49,50,-1,50,49,51,-1,50,51,52,-1,52,51,53,-1,52,53,54,-1,54,53,55,-1,54,55,56,-1,56,55,57,-1,56,57,58,-1,58,57,59,-1,58,59,60,-1,60,59,61,-1,60,61,62,-1,62,61,63,-1,62,63,64,-1,64,63,65,-1,64,65,66,-1,67,66,68,-1,68,66,65,-1,69,70,71,-1,71,70,72,-1,71,72,73,-1,73,72,67,-1,73,67,68,-1,70,69,74,-1,70,74,75,-1,74,76,75,-1,75,76,77,-1,75,77,78,-1,78,77,79,-1,78,79,80,-1,80,79,81,-1,80,81,82,-1,82,81,83,-1,84,85,83,-1,83,85,86,-1,83,86,82,-1,84,87,85,-1,85,87,88,-1,85,88,89,-1,89,88,90,-1,89,90,91,-1,91,90,92,-1,93,94,92,-1,92,94,95,-1,92,95,91,-1,93,96,94,-1,94,96,97,-1,94,97,98,-1,98,97,99,-1,98,99,100,-1,13,12,101,-1,100,99,102,-1,100,102,103,-1,103,102,104,-1,103,104,105,-1,105,104,106,-1,105,106,101,-1,101,106,107,-1,101,107,13,-1,46,48,86,-1,54,56,75,-1,86,48,82,-1,75,56,70,-1,75,78,54,-1,54,78,80,-1,54,80,52,-1,52,80,82,-1,52,82,50,-1,50,82,48,-1,56,58,70,-1,70,58,60,-1,70,60,72,-1,72,60,62,-1,72,62,67,-1,67,62,64,-1,67,64,66,-1,91,44,89,-1,89,44,46,-1,89,46,85,-1,85,46,86,-1,20,21,18,-1,18,21,24,-1,18,24,14,-1,14,24,26,-1,14,26,12,-1,12,26,28,-1,12,28,101,-1,101,28,30,-1,101,30,105,-1,105,30,32,-1,105,32,103,-1,103,32,34,-1,103,34,100,-1,100,34,36,-1,100,36,98,-1,98,36,38,-1,98,38,94,-1,94,38,95,-1,95,38,40,-1,95,40,91,-1,91,40,42,-1,91,42,44,-1,108,109,110,-1,110,109,111,-1,112,113,114,-1,114,113,108,-1,114,108,110,-1,115,113,116,-1,116,113,112,-1,115,116,117,-1,117,116,118,-1,117,118,119,-1,120,117,121,-1,121,117,119,-1,122,123,124,-1,124,123,120,-1,124,120,121,-1,125,123,126,-1,126,123,122,-1,125,126,127,-1,127,126,128,-1,127,128,129,-1,130,127,131,-1,131,127,129,-1,132,133,134,-1,134,133,130,-1,134,130,131,-1,135,133,136,-1,136,133,132,-1,135,136,109,-1,109,136,137,-1,109,137,111,-1,135,109,108,-1,108,113,135,-1,135,113,115,-1,135,115,133,-1,127,130,125,-1,125,130,133,-1,125,133,123,-1,123,133,115,-1,123,115,120,-1,120,115,117,-1,138,139,140,-1,140,139,141,-1,140,141,142,-1,142,141,143,-1,142,143,144,-1,144,143,145,-1,144,145,146,-1,146,145,147,-1,146,147,148,-1,148,147,149,-1,148,149,150,-1,150,149,151,-1,150,151,152,-1,152,151,153,-1,152,153,154,-1,154,153,155,-1,154,155,156,-1,156,155,157,-1,156,157,158,-1,158,157,159,-1,158,159,160,-1,160,159,161,-1,160,161,162,-1,162,161,163,-1,162,163,164,-1,164,163,165,-1,164,165,166,-1,166,165,167,-1,166,167,168,-1,168,167,169,-1,168,169,170,-1,170,169,171,-1,170,171,172,-1,172,171,138,-1,172,138,140,-1,146,148,173,-1,173,148,174,-1,175,140,142,-1,146,173,176,-1,146,176,144,-1,144,176,177,-1,144,177,142,-1,142,177,178,-1,142,178,175,-1,140,175,179,-1,140,179,172,-1,172,179,180,-1,172,180,170,-1,170,180,181,-1,170,181,168,-1,168,181,182,-1,168,182,166,-1,166,182,183,-1,166,183,164,-1,164,183,184,-1,164,184,162,-1,162,184,185,-1,162,185,160,-1,160,185,186,-1,160,186,158,-1,187,152,154,-1,158,186,188,-1,158,188,156,-1,156,188,189,-1,156,189,154,-1,154,189,190,-1,154,190,187,-1,150,152,191,-1,191,152,187,-1,148,150,174,-1,174,150,191,-1,153,151,192,-1,192,151,193,-1,151,149,193,-1,193,149,194,-1,149,147,194,-1,194,147,195,-1,139,196,197,-1,139,197,141,-1,141,197,198,-1,141,198,143,-1,143,198,199,-1,143,199,145,-1,145,199,195,-1,145,195,147,-1,167,200,201,-1,167,201,169,-1,169,201,202,-1,169,202,171,-1,171,202,203,-1,171,203,138,-1,138,203,196,-1,138,196,139,-1,159,204,205,-1,159,205,161,-1,161,205,206,-1,161,206,163,-1,163,206,207,-1,163,207,165,-1,165,207,200,-1,165,200,167,-1,153,192,208,-1,153,208,155,-1,155,208,209,-1,155,209,157,-1,157,209,204,-1,157,204,159,-1,
        ]
    }
}
Shape{
    appearance Appearance {
        material  Material 	{
            diffuseColor 0.2235294117647059 0.2235294117647059 0.2235294117647059
            specularColor 0.11372549019607843 0.11372549019607843 0.11372549019607843
            ambientIntensity 0.2235
            transparency 0.0
            shininess 0.5
        }
    }
    geometry IndexedFaceSet {
        ccw TRUE
        solid FALSE
        coord DEF co Coordinate {
            point [
                -1.1564 -1.5567 0.3425, -1.1564 -1.6184 0.3425, -1.1443 -1.5567 0.3425, -1.1448 -1.6184 0.3425, -1.1338 -1.6171 0.3425, -1.1272 -1.6146 0.3425, -1.122 -1.611 0.3425, -1.1125 -1.5868 0.3425, -1.1212 -1.5642 0.3425, -1.1269 -1.5605 0.3425, -1.121 -1.6101 0.3425, -1.117 -1.6051 0.3425, -1.1142 -1.5991 0.3425, -1.1183 -1.5673 0.3425, -1.1133 -1.5783 0.3425, -1.1154 -1.572 0.3425, -1.1127 -1.5917 0.3425, -1.1338 -1.5579 0.3425
            ]
        }
        coordIndex [
            0,1,2,-1,2,1,3,-1,3,4,2,-1,2,4,5,-1,2,5,6,-1,7,8,9,-1,6,10,2,-1,2,10,11,-1,2,11,12,-1,8,7,13,-1,13,7,14,-1,13,14,15,-1,12,16,2,-1,2,16,7,-1,2,7,17,-1,17,7,9,-1,
        ]
    }
}
Shape{
    appearance Appearance {
        material  Material 	{
            diffuseColor 1.0 1.0 1.0
            specularColor 0.5019607843137255 0.5019607843137255 0.5019607843137255
            ambientIntensity 1.0
            transparency 0.0
            shininess 0.5
        }
    }
    geometry IndexedFaceSet {
        ccw TRUE
        solid FALSE
        coord DEF co Coordinate {
            point [
                -1.0748 -1.5966 0.3465, -1.078 -1.6057 0.3465, -1.0479 -1.5966 0.3465, -1.0447 -1.6057 0.3465, -1.0628 -1.5633 0.3465, -1.0666 -1.5475 0.3465, -1.0971 -1.6276 0.3465, -1.0857 -1.6276 0.3465, -1.0621 -1.5609 0.3465, -1.0615 -1.5577 0.3465, -1.0556 -1.5475 0.3465, -1.0612 -1.5577 0.3465, -1.0606 -1.5611 0.3465, -1.06 -1.5633 0.3465, -1.0251 -1.6276 0.3465, -1.0365 -1.6276 0.3465, -1.0556 -1.5475 0.3425, -1.0251 -1.6276 0.3425, -1.0666 -1.5475 0.3425, -1.0971 -1.6276 0.3425, -1.0741 -1.567 0.3425, -1.0857 -1.6276 0.3425, -1.078 -1.6057 0.3425, -1.0447 -1.6057 0.3425, -1.0741 -1.6057 0.3425, -1.0365 -1.6276 0.3425, -1.0748 -1.5966 0.3425, -1.0479 -1.5966 0.3425, -1.06 -1.5633 0.3425, -1.0612 -1.5577 0.3425, -1.0606 -1.5611 0.3425, -1.0615 -1.5577 0.3425, -1.0628 -1.5633 0.3425, -1.0621 -1.5609 0.3425
            ]
        }
        coordIndex [
            0,1,2,-1,2,1,3,-1,4,5,0,-1,0,5,6,-1,0,6,1,-1,1,6,7,-1,4,8,5,-1,5,8,9,-1,5,9,10,-1,10,9,11,-1,10,11,12,-1,12,13,10,-1,10,13,2,-1,10,2,14,-1,14,2,3,-1,14,3,15,-1,10,14,16,-1,16,14,17,-1,5,10,18,-1,18,10,16,-1,19,6,20,-1,20,6,5,-1,20,5,18,-1,7,6,21,-1,21,6,19,-1,1,7,22,-1,22,7,21,-1,23,3,24,-1,24,3,1,-1,24,1,22,-1,15,3,25,-1,25,3,23,-1,14,15,17,-1,17,15,25,-1,0,2,26,-1,26,2,27,-1,2,13,27,-1,27,13,28,-1,11,29,30,-1,11,30,12,-1,12,30,28,-1,12,28,13,-1,11,9,29,-1,29,9,31,-1,4,32,33,-1,4,33,8,-1,8,33,31,-1,8,31,9,-1,4,0,32,-1,32,0,26,-1,
        ]
    }
}
Shape{
    appearance Appearance {
        material  Material 	{
            diffuseColor 0.2235294117647059 0.2235294117647059 0.2235294117647059
            specularColor 0.11372549019607843 0.11372549019607843 0.11372549019607843
            ambientIntensity 0.2235
            transparency 0.0
            shininess 0.5
        }
    }
    geometry IndexedFaceSet {
        ccw TRUE
        solid FALSE
        coord DEF co Coordinate {
            point [
                -1.0612 -1.5577 0.3425, -1.0615 -1.5577 0.3425, -1.0606 -1.5611 0.3425, -1.0621 -1.5609 0.3425, -1.06 -1.5633 0.3425, -1.0628 -1.5633 0.3425, -1.0479 -1.5966 0.3425, -1.0748 -1.5966 0.3425
            ]
        }
        coordIndex [
            0,1,2,-1,2,1,3,-1,2,3,4,-1,4,3,5,-1,4,5,6,-1,6,5,7,-1,
        ]
    }
}
Shape{
    appearance Appearance {
        material  Material 	{
            diffuseColor 1.0 1.0 1.0
            specularColor 0.5019607843137255 0.5019607843137255 0.5019607843137255
            ambientIntensity 1.0
            transparency 0.0
            shininess 0.5
        }
    }
    geometry IndexedFaceSet {
        ccw TRUE
        solid FALSE
        coord DEF co Coordinate {
            point [
                -1.3034 -1.7454 0.3465, -1.3034 -1.7546 0.3465, -1.3034 -1.7454 0.3425, -1.3034 -1.7546 0.3425, -1.3361 -1.7454 0.3465, -1.3361 -1.7454 0.3425, -1.3361 -1.7185 0.3465, -1.3361 -1.7185 0.3425, -1.3075 -1.7185 0.3465, -1.3075 -1.7185 0.3425, -1.3075 -1.7093 0.3465, -1.3075 -1.7093 0.3425, -1.3361 -1.7093 0.3465, -1.3361 -1.7093 0.3425, -1.3361 -1.6837 0.3465, -1.3361 -1.6837 0.3425, -1.3052 -1.6837 0.3465, -1.3052 -1.6837 0.3425, -1.3052 -1.6745 0.3465, -1.3052 -1.6745 0.3425, -1.3464 -1.6745 0.3465, -1.3464 -1.6745 0.3425, -1.3464 -1.7546 0.3465, -1.3464 -1.7546 0.3425, -1.2579 -1.7546 0.3465, -1.2478 -1.7546 0.3465, -1.2579 -1.7457 0.3465, -1.2478 -1.7178 0.3465, -1.2579 -1.7182 0.3465, -1.2797 -1.7302 0.3465, -1.2773 -1.7291 0.3465, -1.2581 -1.7457 0.3465, -1.2634 -1.7443 0.3465, -1.2597 -1.7482 0.3465, -1.2662 -1.7462 0.3465, -1.2712 -1.7277 0.3465, -1.2579 -1.7259 0.3465, -1.2579 -1.7314 0.3465, -1.2579 -1.732 0.3465, -1.2585 -1.7365 0.3465, -1.26 -1.7401 0.3465, -1.2622 -1.743 0.3465, -1.2582 -1.7138 0.3465, -1.2487 -1.7099 0.3465, -1.2592 -1.7102 0.3465, -1.2503 -1.7055 0.3465, -1.2604 -1.7082 0.3465, -1.2523 -1.7023 0.3465, -1.2619 -1.7065 0.3465, -1.255 -1.6997 0.3465, -1.2637 -1.7054 0.3465, -1.2584 -1.6978 0.3465, -1.266 -1.7046 0.3465, -1.2626 -1.6966 0.3465, -1.2694 -1.7042 0.3465, -1.2685 -1.6961 0.3465, -1.2756 -1.7049 0.3465, -1.2786 -1.6973 0.3465, -1.2819 -1.7071 0.3465, -1.2861 -1.7002 0.3465, -1.2882 -1.7111 0.3465, -1.2882 -1.7014 0.3465, -1.2816 -1.7443 0.3465, -1.2889 -1.7514 0.3465, -1.2807 -1.7451 0.3465, -1.2855 -1.7538 0.3465, -1.2787 -1.7465 0.3465, -1.2816 -1.7552 0.3465, -1.2764 -1.7473 0.3465, -1.2756 -1.7559 0.3465, -1.273 -1.7477 0.3465, -1.2705 -1.7554 0.3465, -1.2693 -1.7473 0.3465, -1.2664 -1.7539 0.3465, -1.2629 -1.7516 0.3465, -1.2748 -1.7206 0.3465, -1.2825 -1.7225 0.3465, -1.2809 -1.7312 0.3465, -1.2867 -1.7247 0.3465, -1.2821 -1.7327 0.3465, -1.2898 -1.7274 0.3465, -1.283 -1.7346 0.3465, -1.2918 -1.7303 0.3465, -1.2835 -1.7369 0.3465, -1.2931 -1.7338 0.3465, -1.2836 -1.7384 0.3465, -1.2938 -1.7393 0.3465, -1.2834 -1.7408 0.3465, -1.2933 -1.7438 0.3465, -1.2827 -1.7426 0.3465, -1.2921 -1.7472 0.3465, -1.29 -1.7503 0.3465, -1.2685 -1.6961 0.3425, -1.2786 -1.6973 0.3425, -1.2861 -1.7002 0.3425, -1.2882 -1.7014 0.3425, -1.2882 -1.7111 0.3425, -1.2819 -1.7071 0.3425, -1.2756 -1.7049 0.3425, -1.2694 -1.7042 0.3425, -1.266 -1.7046 0.3425, -1.2637 -1.7054 0.3425, -1.2619 -1.7065 0.3425, -1.2604 -1.7082 0.3425, -1.2592 -1.7102 0.3425, -1.2582 -1.7138 0.3425, -1.2579 -1.7182 0.3425, -1.2748 -1.7206 0.3425, -1.2825 -1.7225 0.3425, -1.2867 -1.7247 0.3425, -1.2898 -1.7274 0.3425, -1.2918 -1.7303 0.3425, -1.2931 -1.7338 0.3425, -1.2938 -1.7393 0.3425, -1.2933 -1.7438 0.3425, -1.2921 -1.7472 0.3425, -1.29 -1.7503 0.3425, -1.2889 -1.7514 0.3425, -1.2756 -1.7559 0.3425, -1.2815 -1.7553 0.3425, -1.2816 -1.7552 0.3425, -1.2855 -1.7538 0.3425, -1.2705 -1.7554 0.3425, -1.2702 -1.7553 0.3425, -1.2664 -1.7539 0.3425, -1.2629 -1.7516 0.3425, -1.2597 -1.7482 0.3425, -1.2581 -1.7457 0.3425, -1.2579 -1.7457 0.3425, -1.2579 -1.7546 0.3425, -1.2478 -1.7546 0.3425, -1.2478 -1.7178 0.3425, -1.2487 -1.7099 0.3425, -1.2503 -1.7055 0.3425, -1.2523 -1.7023 0.3425, -1.255 -1.6997 0.3425, -1.2584 -1.6978 0.3425, -1.2626 -1.6966 0.3425, -1.2809 -1.7312 0.3425, -1.2797 -1.7302 0.3425, -1.2773 -1.7291 0.3425, -1.2712 -1.7277 0.3425, -1.2836 -1.7384 0.3425, -1.2835 -1.7369 0.3425, -1.283 -1.7346 0.3425, -1.2821 -1.7327 0.3425, -1.2807 -1.7451 0.3425, -1.2816 -1.7443 0.3425, -1.2827 -1.7426 0.3425, -1.2834 -1.7408 0.3425, -1.273 -1.7477 0.3425, -1.2764 -1.7473 0.3425, -1.2787 -1.7465 0.3425, -1.2622 -1.743 0.3425, -1.2634 -1.7443 0.3425, -1.2662 -1.7462 0.3425, -1.2693 -1.7473 0.3425, -1.2579 -1.7314 0.3425, -1.2579 -1.732 0.3425, -1.2585 -1.7365 0.3425, -1.26 -1.7401 0.3425, -1.2579 -1.7259 0.3425
            ]
        }
        coordIndex [
            0,1,2,-1,2,1,3,-1,4,0,5,-1,5,0,2,-1,6,4,7,-1,7,4,5,-1,8,6,9,-1,9,6,7,-1,10,8,11,-1,11,8,9,-1,12,10,13,-1,13,10,11,-1,14,12,15,-1,15,12,13,-1,16,14,17,-1,17,14,15,-1,18,16,19,-1,19,16,17,-1,20,18,21,-1,21,18,19,-1,22,20,23,-1,23,20,21,-1,1,22,3,-1,3,22,23,-1,22,1,0,-1,0,4,22,-1,22,4,6,-1,22,6,20,-1,16,18,14,-1,14,18,20,-1,14,20,12,-1,12,20,6,-1,12,6,10,-1,10,6,8,-1,24,25,26,-1,26,25,27,-1,28,29,30,-1,31,32,33,-1,33,32,34,-1,35,36,27,-1,27,36,37,-1,37,38,27,-1,27,38,39,-1,27,39,26,-1,26,39,40,-1,26,40,31,-1,31,40,41,-1,31,41,32,-1,30,35,28,-1,28,35,27,-1,28,27,42,-1,42,27,43,-1,42,43,44,-1,44,43,45,-1,44,45,46,-1,46,45,47,-1,46,47,48,-1,48,47,49,-1,48,49,50,-1,50,49,51,-1,50,51,52,-1,52,51,53,-1,52,53,54,-1,54,53,55,-1,54,55,56,-1,56,55,57,-1,56,57,58,-1,58,57,59,-1,58,59,60,-1,60,59,61,-1,62,63,64,-1,64,63,65,-1,64,65,66,-1,66,65,67,-1,66,67,68,-1,68,67,69,-1,68,69,70,-1,70,69,71,-1,70,71,72,-1,72,71,73,-1,72,73,34,-1,34,73,74,-1,34,74,33,-1,28,75,29,-1,29,75,76,-1,29,76,77,-1,77,76,78,-1,77,78,79,-1,79,78,80,-1,79,80,81,-1,81,80,82,-1,81,82,83,-1,83,82,84,-1,83,84,85,-1,85,84,86,-1,85,86,87,-1,87,86,88,-1,87,88,89,-1,89,88,90,-1,89,90,62,-1,62,90,91,-1,62,91,63,-1,55,92,93,-1,55,93,57,-1,57,93,94,-1,57,94,59,-1,59,94,95,-1,59,95,61,-1,60,61,96,-1,96,61,95,-1,60,96,97,-1,60,97,58,-1,58,97,98,-1,58,98,56,-1,56,98,99,-1,56,99,54,-1,54,99,100,-1,54,100,52,-1,52,100,101,-1,52,101,50,-1,50,101,102,-1,50,102,48,-1,48,102,103,-1,48,103,46,-1,46,103,104,-1,46,104,44,-1,44,104,105,-1,44,105,42,-1,42,105,106,-1,42,106,28,-1,75,28,107,-1,107,28,106,-1,75,107,108,-1,75,108,76,-1,76,108,109,-1,76,109,78,-1,78,109,110,-1,78,110,80,-1,80,110,111,-1,80,111,82,-1,82,111,112,-1,82,112,84,-1,84,112,113,-1,84,113,86,-1,86,113,114,-1,86,114,88,-1,88,114,115,-1,88,115,90,-1,90,115,116,-1,90,116,91,-1,91,116,117,-1,91,117,63,-1,118,69,119,-1,119,69,67,-1,119,67,120,-1,120,67,65,-1,120,65,121,-1,121,65,63,-1,121,63,117,-1,69,118,122,-1,69,122,71,-1,71,122,123,-1,71,123,73,-1,123,124,73,-1,73,124,125,-1,73,125,74,-1,74,125,126,-1,74,126,33,-1,33,126,127,-1,33,127,31,-1,26,31,128,-1,128,31,127,-1,24,26,129,-1,129,26,128,-1,25,24,130,-1,130,24,129,-1,27,25,131,-1,131,25,130,-1,27,131,132,-1,27,132,43,-1,43,132,133,-1,43,133,45,-1,45,133,134,-1,45,134,47,-1,47,134,135,-1,47,135,49,-1,49,135,136,-1,49,136,51,-1,51,136,137,-1,51,137,53,-1,53,137,92,-1,53,92,55,-1,77,138,139,-1,77,139,29,-1,29,139,140,-1,29,140,30,-1,30,140,141,-1,30,141,35,-1,85,142,143,-1,85,143,83,-1,83,143,144,-1,83,144,81,-1,81,144,145,-1,81,145,79,-1,79,145,138,-1,79,138,77,-1,64,146,147,-1,64,147,62,-1,62,147,148,-1,62,148,89,-1,89,148,149,-1,89,149,87,-1,87,149,142,-1,87,142,85,-1,70,150,151,-1,70,151,68,-1,68,151,152,-1,68,152,66,-1,66,152,146,-1,66,146,64,-1,41,153,154,-1,41,154,32,-1,32,154,155,-1,32,155,34,-1,34,155,156,-1,34,156,72,-1,72,156,150,-1,72,150,70,-1,37,157,158,-1,37,158,38,-1,38,158,159,-1,38,159,39,-1,39,159,160,-1,39,160,40,-1,40,160,153,-1,40,153,41,-1,37,36,157,-1,157,36,161,-1,36,35,161,-1,161,35,141,-1,
        ]
    }
}
Shape{
    appearance Appearance {
        material  Material 	{
            diffuseColor 0.2235294117647059 0.2235294117647059 0.2235294117647059
            specularColor 0.11372549019607843 0.11372549019607843 0.11372549019607843
            ambientIntensity 0.2235
            transparency 0.0
            shininess 0.5
        }
    }
    geometry IndexedFaceSet {
        ccw TRUE
        solid FALSE
        coord DEF co Coordinate {
            point [
                -1.2579 -1.732 0.3425, -1.2579 -1.7314 0.3425, -1.2809 -1.7312 0.3425, -1.2579 -1.7259 0.3425, -1.2712 -1.7277 0.3425, -1.2773 -1.7291 0.3425, -1.2797 -1.7302 0.3425, -1.2585 -1.7365 0.3425, -1.2821 -1.7327 0.3425, -1.26 -1.7401 0.3425, -1.2816 -1.7443 0.3425, -1.2807 -1.7451 0.3425, -1.2634 -1.7443 0.3425, -1.2827 -1.7426 0.3425, -1.2662 -1.7462 0.3425, -1.2693 -1.7473 0.3425, -1.273 -1.7477 0.3425, -1.283 -1.7346 0.3425, -1.2835 -1.7369 0.3425, -1.2622 -1.743 0.3425, -1.2836 -1.7384 0.3425, -1.2834 -1.7408 0.3425, -1.2787 -1.7465 0.3425, -1.2764 -1.7473 0.3425
            ]
        }
        coordIndex [
            0,1,2,-1,1,3,4,-1,4,5,1,-1,1,5,6,-1,1,6,2,-1,0,2,7,-1,7,2,8,-1,7,8,9,-1,10,11,12,-1,10,12,13,-1,14,12,15,-1,15,12,16,-1,8,17,9,-1,9,17,18,-1,9,18,19,-1,19,18,20,-1,19,20,12,-1,12,20,21,-1,12,21,13,-1,11,22,12,-1,12,22,23,-1,12,23,16,-1,
        ]
    }
}
Shape{
    appearance Appearance {
        material  Material 	{
            diffuseColor 1.0 1.0 1.0
            specularColor 0.5019607843137255 0.5019607843137255 0.5019607843137255
            ambientIntensity 1.0
            transparency 0.0
            shininess 0.5
        }
    }
    geometry IndexedFaceSet {
        ccw TRUE
        solid FALSE
        coord DEF co Coordinate {
            point [
                -1.2342 -1.7422 0.3425, -1.2342 -1.7422 0.3465, -1.2306 -1.7445 0.3465, -1.2177 -1.7477 0.3465, -1.2177 -1.7477 0.3425, -1.2243 -1.7469 0.3425, -1.2243 -1.7469 0.3465, -1.2296 -1.7449 0.3425, -1.2306 -1.7445 0.3425, -1.2342 -1.7526 0.3465, -1.2342 -1.7526 0.3425, -1.2296 -1.7542 0.3425, -1.2277 -1.7549 0.3465, -1.2187 -1.7559 0.3425, -1.2187 -1.7559 0.3465, -1.2248 -1.7553 0.3425, -1.2277 -1.7549 0.3425, -1.2122 -1.7553 0.3425, -1.2107 -1.7551 0.3465, -1.2107 -1.7551 0.3425, -1.2052 -1.7532 0.3425, -1.2052 -1.7532 0.3465, -1.2021 -1.7514 0.3425, -1.2021 -1.7514 0.3465, -1.1992 -1.7489 0.3425, -1.1992 -1.7489 0.3465, -1.1973 -1.7462 0.3425, -1.1973 -1.7462 0.3465, -1.1961 -1.7431 0.3425, -1.1961 -1.7431 0.3465, -1.1956 -1.739 0.3425, -1.1956 -1.739 0.3465, -1.196 -1.7353 0.3425, -1.196 -1.7353 0.3465, -1.1971 -1.7323 0.3425, -1.1971 -1.7323 0.3465, -1.199 -1.7296 0.3425, -1.199 -1.7296 0.3465, -1.2014 -1.7274 0.3425, -1.2014 -1.7274 0.3465, -1.208 -1.7237 0.3425, -1.208 -1.7237 0.3465, -1.2119 -1.7222 0.3425, -1.2119 -1.7222 0.3465, -1.2181 -1.7195 0.3425, -1.2181 -1.7195 0.3465, -1.2216 -1.7172 0.3425, -1.2216 -1.7172 0.3465, -1.2226 -1.7162 0.3425, -1.2226 -1.7162 0.3465, -1.2234 -1.7148 0.3425, -1.2234 -1.7148 0.3465, -1.2237 -1.7133 0.3425, -1.2237 -1.7133 0.3465, -1.2238 -1.7119 0.3425, -1.2238 -1.7119 0.3465, -1.2237 -1.7103 0.3425, -1.2237 -1.7103 0.3465, -1.2232 -1.709 0.3425, -1.2232 -1.709 0.3465, -1.2223 -1.7077 0.3425, -1.2223 -1.7077 0.3465, -1.2208 -1.7064 0.3425, -1.2208 -1.7064 0.3465, -1.2185 -1.7052 0.3425, -1.2185 -1.7052 0.3465, -1.2159 -1.7044 0.3425, -1.2159 -1.7044 0.3465, -1.2129 -1.7042 0.3425, -1.2129 -1.7042 0.3465, -1.206 -1.705 0.3425, -1.206 -1.705 0.3465, -1.2003 -1.7072 0.3425, -1.2003 -1.7072 0.3465, -1.1984 -1.7084 0.3425, -1.1984 -1.7084 0.3465, -1.1984 -1.6986 0.3465, -1.1984 -1.6986 0.3425, -1.2053 -1.6966 0.3425, -1.2053 -1.6966 0.3465, -1.2119 -1.6961 0.3425, -1.2119 -1.6961 0.3465, -1.2194 -1.6969 0.3425, -1.2194 -1.6969 0.3465, -1.2249 -1.6989 0.3425, -1.2249 -1.6989 0.3465, -1.2277 -1.7006 0.3425, -1.2277 -1.7006 0.3465, -1.2296 -1.7023 0.3425, -1.2307 -1.7033 0.3465, -1.2307 -1.7033 0.3425, -1.2326 -1.706 0.3425, -1.2326 -1.706 0.3465, -1.2338 -1.7092 0.3425, -1.2338 -1.7092 0.3465, -1.2342 -1.7128 0.3425, -1.2342 -1.7128 0.3465, -1.2337 -1.7167 0.3425, -1.2337 -1.7167 0.3465, -1.2326 -1.7198 0.3425, -1.2326 -1.7198 0.3465, -1.2313 -1.7219 0.3425, -1.2313 -1.7219 0.3465, -1.219 -1.7294 0.3425, -1.219 -1.7294 0.3465, -1.225 -1.7267 0.3465, -1.2297 -1.7236 0.3425, -1.2297 -1.7236 0.3465, -1.2296 -1.7236 0.3425, -1.225 -1.7267 0.3425, -1.2124 -1.7322 0.3425, -1.2124 -1.7322 0.3465, -1.2085 -1.7346 0.3425, -1.2085 -1.7346 0.3465, -1.2072 -1.7359 0.3425, -1.2072 -1.7359 0.3465, -1.2065 -1.7372 0.3425, -1.2065 -1.7372 0.3465, -1.206 -1.7388 0.3425, -1.206 -1.7388 0.3465, -1.2059 -1.74 0.3425, -1.2059 -1.74 0.3465, -1.2061 -1.7419 0.3425, -1.2061 -1.7419 0.3465, -1.2066 -1.7433 0.3425, -1.2066 -1.7433 0.3465, -1.2075 -1.7446 0.3425, -1.2075 -1.7446 0.3465, -1.2087 -1.7457 0.3425, -1.2087 -1.7457 0.3465, -1.2096 -1.7462 0.3425, -1.2096 -1.7462 0.3465, -1.2122 -1.7472 0.3425, -1.2122 -1.7472 0.3465, -1.2173 -1.7477 0.3425, -1.2173 -1.7477 0.3465, -1.1459 -1.6974 0.3465, -1.1355 -1.6974 0.3465, -1.1459 -1.6974 0.3425, -1.1355 -1.6974 0.3425, -1.1615 -1.7405 0.3465, -1.1615 -1.7405 0.3425, -1.1623 -1.7431 0.3425, -1.1623 -1.7431 0.3465, -1.1627 -1.7451 0.3425, -1.1627 -1.7451 0.3465, -1.163 -1.7451 0.3465, -1.163 -1.7451 0.3425, -1.1642 -1.7404 0.3465, -1.1642 -1.7404 0.3425, -1.1792 -1.6974 0.3425, -1.1792 -1.6974 0.3465, -1.1743 -1.7113 0.3425, -1.1904 -1.6974 0.3465, -1.1904 -1.6974 0.3425, -1.168 -1.7545 0.3425, -1.168 -1.7545 0.3465, -1.1743 -1.7382 0.3425, -1.1724 -1.7649 0.3425, -1.1724 -1.7649 0.3465, -1.1683 -1.7553 0.3425, -1.1743 -1.7685 0.3425, -1.1743 -1.7685 0.3425, -1.1762 -1.7705 0.3465, -1.1743 -1.7685 0.3465, -1.1762 -1.7705 0.3425, -1.178 -1.7718 0.3425, -1.178 -1.7718 0.3465, -1.1802 -1.7726 0.3425, -1.1802 -1.7726 0.3465, -1.1826 -1.7729 0.3425, -1.1826 -1.7729 0.3465, -1.1863 -1.7724 0.3425, -1.1863 -1.7724 0.3465, -1.1883 -1.7718 0.3425, -1.1883 -1.7718 0.3465, -1.1883 -1.7807 0.3465, -1.1883 -1.7807 0.3425, -1.1841 -1.7814 0.3425, -1.1841 -1.7814 0.3465, -1.1819 -1.7815 0.3425, -1.1819 -1.7815 0.3465, -1.1778 -1.781 0.3425, -1.1778 -1.781 0.3465, -1.1743 -1.7797 0.3425, -1.1739 -1.7795 0.3465, -1.1739 -1.7795 0.3425, -1.1703 -1.7771 0.3425, -1.1703 -1.7771 0.3465, -1.1697 -1.7765 0.3425, -1.1697 -1.7765 0.3465, -1.166 -1.7721 0.3425, -1.166 -1.7721 0.3465, -1.1615 -1.7632 0.3425, -1.1615 -1.7632 0.3465, -1.1583 -1.7553 0.3425, -1.0816 -1.7454 0.3465, -1.0816 -1.7546 0.3465, -1.0816 -1.7454 0.3425, -1.0816 -1.7546 0.3425, -1.1144 -1.7454 0.3425, -1.1144 -1.7454 0.3465, -1.0994 -1.7454 0.3425, -1.1144 -1.7185 0.3465, -1.1144 -1.7185 0.3425, -1.0857 -1.7185 0.3425, -1.0857 -1.7185 0.3465, -1.0994 -1.7185 0.3425, -1.0857 -1.7093 0.3465, -1.0857 -1.7093 0.3425, -1.1144 -1.7093 0.3425, -1.1144 -1.7093 0.3465, -1.0994 -1.7093 0.3425, -1.1144 -1.6837 0.3465, -1.1144 -1.6837 0.3425, -1.0835 -1.6837 0.3425, -1.0835 -1.6837 0.3465, -1.0994 -1.6837 0.3425, -1.0835 -1.6745 0.3465, -1.0835 -1.6745 0.3425, -1.1247 -1.6745 0.3425, -1.1247 -1.6745 0.3465, -1.0994 -1.6745 0.3425, -1.1247 -1.7546 0.3465, -1.1247 -1.7546 0.3425, -1.0994 -1.7546 0.3425, -1.0167 -1.7321 0.3465, -1.0207 -1.7371 0.3465, -1.0134 -1.7434 0.3465, -1.0217 -1.738 0.3465, -1.0218 -1.7494 0.3465, -1.0269 -1.7416 0.3465, -1.031 -1.7529 0.3465, -1.0335 -1.7441 0.3465, -1.0445 -1.7546 0.3465, -1.0445 -1.7454 0.3465, -1.0665 -1.7546 0.3465, -1.0562 -1.7454 0.3465, -1.0665 -1.6745 0.3465, -1.0562 -1.6837 0.3465, -1.0437 -1.6745 0.3465, -1.0441 -1.6837 0.3465, -1.0314 -1.6759 0.3465, -1.0335 -1.6849 0.3465, -1.0218 -1.6794 0.3465, -1.0266 -1.6875 0.3465, -1.0134 -1.6851 0.3465, -1.021 -1.6912 0.3465, -1.0105 -1.6879 0.3465, -1.018 -1.6943 0.3465, -1.0056 -1.6949 0.3465, -1.0151 -1.699 0.3465, -1.0026 -1.7026 0.3465, -1.013 -1.7053 0.3465, -1.0013 -1.7135 0.3465, -1.0122 -1.7138 0.3465, -1.0017 -1.7201 0.3465, -1.0124 -1.7187 0.3465, -1.0039 -1.7293 0.3465, -1.014 -1.7261 0.3465, -1.0082 -1.7374 0.3465, -1.0445 -1.7546 0.3425, -1.0665 -1.7546 0.3425, -1.031 -1.7529 0.3425, -1.0218 -1.7494 0.3425, -1.0134 -1.7434 0.3425, -1.0082 -1.7374 0.3425, -1.0039 -1.7293 0.3425, -1.0017 -1.7201 0.3425, -1.0013 -1.7135 0.3425, -1.0026 -1.7026 0.3425, -1.0056 -1.6949 0.3425, -1.0105 -1.6879 0.3425, -1.0134 -1.6851 0.3425, -1.0218 -1.6794 0.3425, -1.0314 -1.6759 0.3425, -1.0437 -1.6745 0.3425, -1.0665 -1.6745 0.3425, -1.0441 -1.6837 0.3425, -1.0562 -1.6837 0.3425, -1.0562 -1.7454 0.3425, -1.0445 -1.7454 0.3425, -1.0207 -1.7371 0.3425, -1.0217 -1.738 0.3425, -1.0269 -1.7416 0.3425, -1.0335 -1.7441 0.3425, -1.0122 -1.7138 0.3425, -1.0124 -1.7187 0.3425, -1.014 -1.7261 0.3425, -1.0167 -1.7321 0.3425, -1.021 -1.6912 0.3425, -1.018 -1.6943 0.3425, -1.0151 -1.699 0.3425, -1.013 -1.7053 0.3425, -1.0335 -1.6849 0.3425, -1.0266 -1.6875 0.3425
            ]
        }
        coordIndex [
            0,1,2,-1,3,4,5,-1,3,5,6,-1,6,5,7,-1,6,7,2,-1,2,7,8,-1,2,8,0,-1,9,1,10,-1,10,1,0,-1,10,11,9,-1,9,11,12,-1,13,14,15,-1,15,14,12,-1,15,12,16,-1,16,12,11,-1,13,17,14,-1,14,17,18,-1,17,19,18,-1,18,19,20,-1,18,20,21,-1,21,20,22,-1,21,22,23,-1,23,22,24,-1,23,24,25,-1,25,24,26,-1,25,26,27,-1,27,26,28,-1,27,28,29,-1,29,28,30,-1,29,30,31,-1,31,30,32,-1,31,32,33,-1,33,32,34,-1,33,34,35,-1,35,34,36,-1,35,36,37,-1,37,36,38,-1,37,38,39,-1,39,38,40,-1,39,40,41,-1,41,40,42,-1,41,42,43,-1,43,42,44,-1,43,44,45,-1,45,44,46,-1,45,46,47,-1,47,46,48,-1,47,48,49,-1,49,48,50,-1,49,50,51,-1,51,50,52,-1,51,52,53,-1,53,52,54,-1,53,54,55,-1,55,54,56,-1,55,56,57,-1,57,56,58,-1,57,58,59,-1,59,58,60,-1,59,60,61,-1,61,60,62,-1,61,62,63,-1,63,62,64,-1,63,64,65,-1,65,64,66,-1,65,66,67,-1,67,66,68,-1,67,68,69,-1,69,68,70,-1,69,70,71,-1,71,70,72,-1,71,72,73,-1,73,72,74,-1,73,74,75,-1,76,75,77,-1,77,75,74,-1,76,77,78,-1,76,78,79,-1,79,78,80,-1,79,80,81,-1,81,80,82,-1,81,82,83,-1,83,82,84,-1,83,84,85,-1,85,84,86,-1,85,86,87,-1,86,88,87,-1,87,88,89,-1,88,90,89,-1,89,90,91,-1,89,91,92,-1,92,91,93,-1,92,93,94,-1,94,93,95,-1,94,95,96,-1,96,95,97,-1,96,97,98,-1,98,97,99,-1,98,99,100,-1,100,99,101,-1,100,101,102,-1,103,104,105,-1,102,101,106,-1,102,106,107,-1,107,106,108,-1,107,108,105,-1,105,108,109,-1,105,109,103,-1,104,103,110,-1,104,110,111,-1,111,110,112,-1,111,112,113,-1,113,112,114,-1,113,114,115,-1,115,114,116,-1,115,116,117,-1,117,116,118,-1,117,118,119,-1,119,118,120,-1,119,120,121,-1,121,120,122,-1,121,122,123,-1,123,122,124,-1,123,124,125,-1,125,124,126,-1,125,126,127,-1,127,126,128,-1,127,128,129,-1,129,128,130,-1,129,130,131,-1,131,130,132,-1,131,132,133,-1,133,132,134,-1,133,134,135,-1,135,134,4,-1,135,4,3,-1,61,63,85,-1,85,63,83,-1,111,43,104,-1,104,43,45,-1,21,23,127,-1,127,23,25,-1,127,25,125,-1,125,25,27,-1,125,27,123,-1,123,27,29,-1,123,29,121,-1,121,29,31,-1,121,31,119,-1,119,31,33,-1,119,33,117,-1,117,33,35,-1,117,35,115,-1,115,35,37,-1,115,37,113,-1,113,37,39,-1,113,39,111,-1,111,39,41,-1,111,41,43,-1,14,3,12,-1,12,3,6,-1,12,6,9,-1,9,6,2,-1,9,2,1,-1,63,65,83,-1,83,65,67,-1,83,67,81,-1,81,67,69,-1,81,69,79,-1,79,69,71,-1,79,71,76,-1,76,71,73,-1,76,73,75,-1,127,129,21,-1,21,129,131,-1,21,131,18,-1,18,131,133,-1,18,133,14,-1,14,133,135,-1,14,135,3,-1,85,87,61,-1,61,87,89,-1,61,89,59,-1,59,89,92,-1,59,92,57,-1,57,92,94,-1,57,94,55,-1,55,94,96,-1,55,96,53,-1,53,96,98,-1,53,98,51,-1,51,98,100,-1,51,100,49,-1,49,100,102,-1,49,102,47,-1,47,102,107,-1,47,107,45,-1,45,107,105,-1,45,105,104,-1,136,137,138,-1,138,137,139,-1,140,136,141,-1,141,136,138,-1,140,141,142,-1,140,142,143,-1,143,142,144,-1,143,144,145,-1,146,145,147,-1,147,145,144,-1,148,146,149,-1,149,146,147,-1,150,151,152,-1,152,151,148,-1,152,148,149,-1,153,151,154,-1,154,151,150,-1,155,156,157,-1,157,156,153,-1,157,153,154,-1,158,159,160,-1,160,159,156,-1,160,156,155,-1,159,158,161,-1,162,163,161,-1,161,163,164,-1,161,164,159,-1,162,165,163,-1,163,165,166,-1,163,166,167,-1,167,166,168,-1,167,168,169,-1,169,168,170,-1,169,170,171,-1,171,170,172,-1,171,172,173,-1,173,172,174,-1,173,174,175,-1,176,175,177,-1,177,175,174,-1,176,177,178,-1,176,178,179,-1,179,178,180,-1,179,180,181,-1,181,180,182,-1,181,182,183,-1,183,182,184,-1,183,184,185,-1,184,186,185,-1,185,186,187,-1,185,187,188,-1,188,187,189,-1,188,189,190,-1,190,189,191,-1,190,191,192,-1,192,191,193,-1,192,193,194,-1,139,137,195,-1,195,137,194,-1,195,194,193,-1,143,145,194,-1,137,136,194,-1,194,136,140,-1,194,140,143,-1,151,153,148,-1,148,153,156,-1,148,156,146,-1,175,176,173,-1,173,176,179,-1,173,179,171,-1,171,179,181,-1,171,181,169,-1,169,181,183,-1,169,183,167,-1,167,183,185,-1,167,185,163,-1,192,164,190,-1,190,164,163,-1,190,163,188,-1,188,163,185,-1,145,146,194,-1,194,146,156,-1,194,156,192,-1,192,156,159,-1,192,159,164,-1,196,197,198,-1,198,197,199,-1,200,201,202,-1,202,201,196,-1,202,196,198,-1,203,201,204,-1,204,201,200,-1,205,206,207,-1,207,206,203,-1,207,203,204,-1,208,206,209,-1,209,206,205,-1,210,211,212,-1,212,211,208,-1,212,208,209,-1,213,211,214,-1,214,211,210,-1,215,216,217,-1,217,216,213,-1,217,213,214,-1,218,216,219,-1,219,216,215,-1,220,221,222,-1,222,221,218,-1,222,218,219,-1,223,221,224,-1,224,221,220,-1,199,197,225,-1,225,197,223,-1,225,223,224,-1,223,197,196,-1,196,201,223,-1,223,201,203,-1,223,203,221,-1,216,218,213,-1,213,218,221,-1,213,221,211,-1,211,221,203,-1,211,203,208,-1,208,203,206,-1,226,227,228,-1,228,227,229,-1,228,229,230,-1,230,229,231,-1,230,231,232,-1,232,231,233,-1,232,233,234,-1,234,233,235,-1,234,235,236,-1,236,235,237,-1,236,237,238,-1,238,237,239,-1,238,239,240,-1,240,239,241,-1,240,241,242,-1,242,241,243,-1,242,243,244,-1,244,243,245,-1,244,245,246,-1,246,245,247,-1,246,247,248,-1,248,247,249,-1,248,249,250,-1,250,249,251,-1,250,251,252,-1,252,251,253,-1,252,253,254,-1,254,253,255,-1,254,255,256,-1,256,255,257,-1,256,257,258,-1,258,257,259,-1,258,259,260,-1,260,259,226,-1,260,226,228,-1,234,236,261,-1,261,236,262,-1,234,261,263,-1,234,263,232,-1,232,263,264,-1,232,264,230,-1,230,264,265,-1,230,265,228,-1,228,265,266,-1,228,266,260,-1,260,266,267,-1,260,267,258,-1,258,267,268,-1,258,268,256,-1,256,268,269,-1,256,269,254,-1,254,269,270,-1,254,270,252,-1,252,270,271,-1,252,271,250,-1,250,271,272,-1,250,272,248,-1,248,272,273,-1,248,273,246,-1,246,273,274,-1,246,274,244,-1,244,274,275,-1,244,275,242,-1,242,275,276,-1,242,276,240,-1,238,240,277,-1,277,240,276,-1,236,238,262,-1,262,238,277,-1,241,239,278,-1,278,239,279,-1,239,237,279,-1,279,237,280,-1,237,235,280,-1,280,235,281,-1,227,282,283,-1,227,283,229,-1,229,283,284,-1,229,284,231,-1,231,284,285,-1,231,285,233,-1,233,285,281,-1,233,281,235,-1,255,286,287,-1,255,287,257,-1,257,287,288,-1,257,288,259,-1,259,288,289,-1,259,289,226,-1,226,289,282,-1,226,282,227,-1,247,290,291,-1,247,291,249,-1,249,291,292,-1,249,292,251,-1,251,292,293,-1,251,293,253,-1,253,293,286,-1,253,286,255,-1,241,278,294,-1,241,294,243,-1,243,294,295,-1,243,295,245,-1,245,295,290,-1,245,290,247,-1,
        ]
    }
}
Shape{
    appearance Appearance {
        material  Material 	{
            diffuseColor 0.2235294117647059 0.2235294117647059 0.2235294117647059
            specularColor 0.11372549019607843 0.11372549019607843 0.11372549019607843
            ambientIntensity 0.2235
            transparency 0.0
            shininess 0.5
        }
    }
    geometry IndexedFaceSet {
        ccw TRUE
        solid FALSE
        coord DEF co Coordinate {
            point [
                -1.0562 -1.6837 0.3425, -1.0562 -1.7454 0.3425, -1.0441 -1.6837 0.3425, -1.0445 -1.7454 0.3425, -1.0335 -1.7441 0.3425, -1.0269 -1.7416 0.3425, -1.0217 -1.738 0.3425, -1.0122 -1.7138 0.3425, -1.021 -1.6912 0.3425, -1.0266 -1.6875 0.3425, -1.0207 -1.7371 0.3425, -1.0167 -1.7321 0.3425, -1.014 -1.7261 0.3425, -1.018 -1.6943 0.3425, -1.013 -1.7053 0.3425, -1.0151 -1.699 0.3425, -1.0124 -1.7187 0.3425, -1.0335 -1.6849 0.3425
            ]
        }
        coordIndex [
            0,1,2,-1,2,1,3,-1,3,4,2,-1,2,4,5,-1,2,5,6,-1,7,8,9,-1,6,10,2,-1,2,10,11,-1,2,11,12,-1,8,7,13,-1,13,7,14,-1,13,14,15,-1,12,16,2,-1,2,16,7,-1,2,7,17,-1,17,7,9,-1,
        ]
    }
}
Shape{
    appearance Appearance {
        material  Material 	{
            diffuseColor 1.0 1.0 1.0
            specularColor 0.5019607843137255 0.5019607843137255 0.5019607843137255
            ambientIntensity 1.0
            transparency 0.0
            shininess 0.5
        }
    }
    geometry IndexedFaceSet {
        ccw TRUE
        solid FALSE
        coord DEF co Coordinate {
            point [
                -0.9745 -1.7236 0.3465, -0.9778 -1.7327 0.3465, -0.9476 -1.7236 0.3465, -0.9444 -1.7327 0.3465, -0.9625 -1.6903 0.3465, -0.9664 -1.6745 0.3465, -0.9969 -1.7546 0.3465, -0.9855 -1.7546 0.3465, -0.9618 -1.688 0.3465, -0.9612 -1.6847 0.3465, -0.9553 -1.6745 0.3465, -0.961 -1.6847 0.3465, -0.9603 -1.6881 0.3465, -0.9597 -1.6903 0.3465, -0.9248 -1.7546 0.3465, -0.9362 -1.7546 0.3465, -0.9553 -1.6745 0.3425, -0.9248 -1.7546 0.3425, -0.9664 -1.6745 0.3425, -0.9969 -1.7546 0.3425, -0.9855 -1.7546 0.3425, -0.9778 -1.7327 0.3425, -0.9444 -1.7327 0.3425, -0.9362 -1.7546 0.3425, -0.9745 -1.7236 0.3425, -0.9476 -1.7236 0.3425, -0.9597 -1.6903 0.3425, -0.961 -1.6847 0.3425, -0.9603 -1.6881 0.3425, -0.9612 -1.6847 0.3425, -0.9625 -1.6903 0.3425, -0.9618 -1.688 0.3425
            ]
        }
        coordIndex [
            0,1,2,-1,2,1,3,-1,4,5,0,-1,0,5,6,-1,0,6,1,-1,1,6,7,-1,4,8,5,-1,5,8,9,-1,5,9,10,-1,10,9,11,-1,10,11,12,-1,12,13,10,-1,10,13,2,-1,10,2,14,-1,14,2,3,-1,14,3,15,-1,10,14,16,-1,16,14,17,-1,5,10,18,-1,18,10,16,-1,6,5,19,-1,19,5,18,-1,7,6,20,-1,20,6,19,-1,1,7,21,-1,21,7,20,-1,3,1,22,-1,22,1,21,-1,15,3,23,-1,23,3,22,-1,14,15,17,-1,17,15,23,-1,0,2,24,-1,24,2,25,-1,2,13,25,-1,25,13,26,-1,11,27,28,-1,11,28,12,-1,12,28,26,-1,12,26,13,-1,11,9,27,-1,27,9,29,-1,4,30,31,-1,4,31,8,-1,8,31,29,-1,8,29,9,-1,4,0,30,-1,30,0,24,-1,
        ]
    }
}
Shape{
    appearance Appearance {
        material  Material 	{
            diffuseColor 0.2235294117647059 0.2235294117647059 0.2235294117647059
            specularColor 0.11372549019607843 0.11372549019607843 0.11372549019607843
            ambientIntensity 0.2235
            transparency 0.0
            shininess 0.5
        }
    }
    geometry IndexedFaceSet {
        ccw TRUE
        solid FALSE
        coord DEF co Coordinate {
            point [
                -0.961 -1.6847 0.3425, -0.9612 -1.6847 0.3425, -0.9603 -1.6881 0.3425, -0.9618 -1.688 0.3425, -0.9597 -1.6903 0.3425, -0.9625 -1.6903 0.3425, -0.9476 -1.7236 0.3425, -0.9745 -1.7236 0.3425
            ]
        }
        coordIndex [
            0,1,2,-1,2,1,3,-1,2,3,4,-1,4,3,5,-1,4,5,6,-1,6,5,7,-1,
        ]
    }
}
Shape{
    appearance Appearance {
        material  Material 	{
            diffuseColor 1.0 1.0 1.0
            specularColor 0.5019607843137255 0.5019607843137255 0.5019607843137255
            ambientIntensity 1.0
            transparency 0.0
            shininess 0.5
        }
    }
    geometry IndexedFaceSet {
        ccw TRUE
        solid FALSE
        coord DEF co Coordinate {
            point [
                -1.7 -1.7659 0.3465, -1.6916 -1.7764 0.3465, -1.7052 -1.7156 0.3465, -1.7151 -1.6167 0.3465, -1.7024 -1.6099 0.3465, -1.7054 -1.5749 0.3465, -1.6699 -1.5733 0.3465, -1.6523 -1.6148 0.3465, -1.6436 -1.5968 0.3465, -1.7176 -1.7079 0.3465, -1.713 -1.7516 0.3465, -1.7058 -1.7537 0.3465, -1.683 -1.5721 0.3465, -1.6475 -1.7144 0.3465, -1.6422 -1.7163 0.3465, -1.5948 -1.7298 0.3465, -1.6376 -1.7194 0.3465, -1.634 -1.7235 0.3465, -1.5151 -1.6877 0.3465, -1.5327 -1.6575 0.3465, -1.609 -1.6974 0.3465, -1.6523 -1.7139 0.3465, -1.6578 -1.7146 0.3465, -1.6653 -1.6797 0.3465, -1.6628 -1.7165 0.3465, -1.6779 -1.6845 0.3465, -1.6672 -1.7197 0.3465, -1.6895 -1.6926 0.3465, -1.6695 -1.7221 0.3465, -1.6989 -1.7033 0.3465, -1.6724 -1.7268 0.3465, -1.6741 -1.7322 0.3465, -1.6744 -1.7377 0.3465, -1.631 -1.6818 0.3465, -1.6448 -1.6784 0.3465, -1.6517 -1.678 0.3465, -1.6315 -1.7281 0.3465, -1.6302 -1.7334 0.3465, -1.5948 -1.7355 0.3465, -1.6302 -1.7386 0.3465, -1.5951 -1.7415 0.3465, -1.4963 -1.6313 0.3465, -1.4917 -1.6313 0.3465, -1.4684 -1.6006 0.3465, -1.4809 -1.6327 0.3465, -1.4656 -1.6015 0.3465, -1.4709 -1.6365 0.3465, -1.4486 -1.6099 0.3465, -1.4332 -1.623 0.3465, -1.6582 -1.5597 0.3465, -1.6308 -1.5815 0.3465, -1.6449 -1.5482 0.3465, -1.6155 -1.5704 0.3465, -1.6303 -1.5393 0.3465, -1.6884 -1.6066 0.3465, -1.6824 -1.6063 0.3465, -1.6764 -1.5725 0.3465, -1.669 -1.6079 0.3465, -1.6563 -1.6126 0.3465, -1.6189 -1.6883 0.3465, -1.4331 -1.7292 0.3465, -1.4596 -1.7066 0.3465, -1.4486 -1.7423 0.3465, -1.468 -1.7135 0.3465, -1.4659 -1.7508 0.3465, -1.4781 -1.7182 0.3465, -1.4849 -1.7549 0.3465, -1.4883 -1.7201 0.3465, -1.5185 -1.7549 0.3465, -1.5139 -1.7201 0.3465, -1.5217 -1.7543 0.3465, -1.6733 -1.743 0.3465, -1.6711 -1.7478 0.3465, -1.4621 -1.6427 0.3465, -1.4556 -1.6499 0.3465, -1.4216 -1.6392 0.3465, -1.4503 -1.6598 0.3465, -1.4146 -1.6566 0.3465, -1.4476 -1.6707 0.3465, -1.412 -1.6752 0.3465, -1.4473 -1.6757 0.3465, -1.4146 -1.6955 0.3465, -1.4487 -1.6868 0.3465, -1.4218 -1.7135 0.3465, -1.4526 -1.697 0.3465, -1.4589 -1.7058 0.3465, -1.4991 -1.5556 0.3465, -1.5214 -1.5818 0.3465, -1.4802 -1.5775 0.3465, -1.5086 -1.5971 0.3465, -1.4998 -1.6154 0.3465, -1.7377 -1.6494 0.3465, -1.7751 -1.6589 0.3465, -1.7394 -1.6632 0.3465, -1.7752 -1.6643 0.3465, -1.7387 -1.672 0.3465, -1.7725 -1.6866 0.3465, -1.7346 -1.6859 0.3465, -1.7643 -1.7078 0.3465, -1.7278 -1.6974 0.3465, -1.7513 -1.7264 0.3465, -1.7335 -1.7415 0.3465, -1.5984 -1.7555 0.3465, -1.6316 -1.7441 0.3465, -1.6052 -1.7682 0.3465, -1.6342 -1.749 0.3465, -1.6139 -1.778 0.3465, -1.6373 -1.7525 0.3465, -1.6252 -1.7858 0.3465, -1.6416 -1.7556 0.3465, -1.6379 -1.7907 0.3465, -1.6466 -1.7575 0.3465, -1.6517 -1.7924 0.3465, -1.6523 -1.7583 0.3465, -1.6539 -1.7924 0.3465, -1.6532 -1.7582 0.3465, -1.6673 -1.7903 0.3465, -1.6583 -1.7574 0.3465, -1.6804 -1.7848 0.3465, -1.6635 -1.7552 0.3465, -1.6678 -1.7519 0.3465, -1.6041 -1.5293 0.3465, -1.5969 -1.5629 0.3465, -1.5765 -1.526 0.3465, -1.576 -1.5602 0.3465, -1.5515 -1.5288 0.3465, -1.5567 -1.5625 0.3465, -1.5231 -1.5393 0.3465, -1.5388 -1.5694 0.3465, -1.5228 -1.5805 0.3465, -1.7265 -1.5831 0.3465, -1.7446 -1.5958 0.3465, -1.7249 -1.6254 0.3465, -1.7485 -1.5994 0.3465, -1.7328 -1.6367 0.3465, -1.7622 -1.617 0.3465, -1.7712 -1.6375 0.3465, -1.5168 -1.7196 0.3465, -1.5305 -1.7489 0.3465, -1.5291 -1.7502 0.3465, -1.5151 -1.72 0.3465, -1.5254 -1.7529 0.3465, -1.535 -1.7372 0.3465, -1.5344 -1.7414 0.3465, -1.5329 -1.7453 0.3465, -1.5217 -1.7201 0.3465, -1.5257 -1.7217 0.3465, -1.5348 -1.735 0.3465, -1.5292 -1.7241 0.3465, -1.5315 -1.7267 0.3465, -1.5337 -1.7306 0.3465, -1.5173 -1.7196 0.3465, -1.4294 -1.6282 0.3425, -1.4216 -1.6392 0.3425, -1.4166 -1.6517 0.3425, -1.4146 -1.6566 0.3425, -1.412 -1.6752 0.3425, -1.4332 -1.623 0.3425, -1.4486 -1.6099 0.3425, -1.4656 -1.6015 0.3425, -1.4684 -1.6006 0.3425, -1.4802 -1.5775 0.3425, -1.4991 -1.5556 0.3425, -1.512 -1.5468 0.3425, -1.5231 -1.5393 0.3425, -1.5515 -1.5288 0.3425, -1.5765 -1.526 0.3425, -1.6041 -1.5293 0.3425, -1.6303 -1.5393 0.3425, -1.6426 -1.5468 0.3425, -1.6449 -1.5482 0.3425, -1.6582 -1.5597 0.3425, -1.6699 -1.5733 0.3425, -1.6764 -1.5725 0.3425, -1.683 -1.5721 0.3425, -1.7265 -1.5831 0.3425, -1.7054 -1.5749 0.3425, -1.7358 -1.5896 0.3425, -1.7446 -1.5958 0.3425, -1.7485 -1.5994 0.3425, -1.7622 -1.617 0.3425, -1.7671 -1.6282 0.3425, -1.7712 -1.6375 0.3425, -1.7738 -1.6517 0.3425, -1.7751 -1.6589 0.3425, -1.7752 -1.6643 0.3425, -1.7725 -1.6866 0.3425, -1.7643 -1.7078 0.3425, -1.7513 -1.7264 0.3425, -1.7358 -1.7396 0.3425, -1.7335 -1.7415 0.3425, -1.713 -1.7516 0.3425, -1.7058 -1.7537 0.3425, -1.705 -1.7553 0.3425, -1.7 -1.7659 0.3425, -1.6916 -1.7764 0.3425, -1.6804 -1.7848 0.3425, -1.6752 -1.787 0.3425, -1.6673 -1.7903 0.3425, -1.6539 -1.7924 0.3425, -1.6517 -1.7924 0.3425, -1.5948 -1.7355 0.3425, -1.6379 -1.7907 0.3425, -1.6281 -1.787 0.3425, -1.6252 -1.7858 0.3425, -1.6139 -1.778 0.3425, -1.6052 -1.7682 0.3425, -1.5984 -1.7555 0.3425, -1.5983 -1.7553 0.3425, -1.5951 -1.7415 0.3425, -1.5948 -1.7298 0.3425, -1.5151 -1.6877 0.3425, -1.5327 -1.6575 0.3425, -1.609 -1.6974 0.3425, -1.6189 -1.6883 0.3425, -1.631 -1.6818 0.3425, -1.6448 -1.6784 0.3425, -1.6517 -1.678 0.3425, -1.6653 -1.6797 0.3425, -1.6779 -1.6845 0.3425, -1.6895 -1.6926 0.3425, -1.6989 -1.7033 0.3425, -1.7052 -1.7156 0.3425, -1.7394 -1.6632 0.3425, -1.7176 -1.7079 0.3425, -1.7278 -1.6974 0.3425, -1.7346 -1.6859 0.3425, -1.7358 -1.6818 0.3425, -1.7387 -1.672 0.3425, -1.7379 -1.6517 0.3425, -1.7377 -1.6494 0.3425, -1.7358 -1.6445 0.3425, -1.7328 -1.6367 0.3425, -1.7269 -1.6282 0.3425, -1.7249 -1.6254 0.3425, -1.7151 -1.6167 0.3425, -1.7024 -1.6099 0.3425, -1.6884 -1.6066 0.3425, -1.6824 -1.6063 0.3425, -1.669 -1.6079 0.3425, -1.6563 -1.6126 0.3425, -1.6523 -1.6148 0.3425, -1.6436 -1.5968 0.3425, -1.6308 -1.5815 0.3425, -1.6155 -1.5704 0.3425, -1.5969 -1.5629 0.3425, -1.576 -1.5602 0.3425, -1.5567 -1.5625 0.3425, -1.5388 -1.5694 0.3425, -1.5228 -1.5805 0.3425, -1.5214 -1.5818 0.3425, -1.5086 -1.5971 0.3425, -1.4998 -1.6154 0.3425, -1.497 -1.6282 0.3425, -1.4963 -1.6313 0.3425, -1.4917 -1.6313 0.3425, -1.4809 -1.6327 0.3425, -1.4709 -1.6365 0.3425, -1.4621 -1.6427 0.3425, -1.4556 -1.6499 0.3425, -1.4546 -1.6517 0.3425, -1.4503 -1.6598 0.3425, -1.4476 -1.6707 0.3425, -1.4473 -1.6757 0.3425, -1.4487 -1.6868 0.3425, -1.4526 -1.697 0.3425, -1.4589 -1.7058 0.3425, -1.4596 -1.7066 0.3425, -1.468 -1.7135 0.3425, -1.4781 -1.7182 0.3425, -1.4883 -1.7201 0.3425, -1.5139 -1.7201 0.3425, -1.5151 -1.72 0.3425, -1.5168 -1.7196 0.3425, -1.5173 -1.7196 0.3425, -1.5217 -1.7201 0.3425, -1.5257 -1.7217 0.3425, -1.5292 -1.7241 0.3425, -1.5315 -1.7267 0.3425, -1.5337 -1.7306 0.3425, -1.5348 -1.735 0.3425, -1.535 -1.7372 0.3425, -1.5344 -1.7414 0.3425, -1.5329 -1.7453 0.3425, -1.5305 -1.7489 0.3425, -1.5291 -1.7502 0.3425, -1.5254 -1.7529 0.3425, -1.5217 -1.7543 0.3425, -1.5185 -1.7549 0.3425, -1.4849 -1.7549 0.3425, -1.4659 -1.7508 0.3425, -1.4486 -1.7423 0.3425, -1.4331 -1.7292 0.3425, -1.4218 -1.7135 0.3425, -1.4146 -1.6955 0.3425, -1.6523 -1.7139 0.3425, -1.6475 -1.7144 0.3425, -1.6422 -1.7163 0.3425, -1.6376 -1.7194 0.3425, -1.634 -1.7235 0.3425, -1.6315 -1.7281 0.3425, -1.6302 -1.7334 0.3425, -1.6302 -1.7386 0.3425, -1.6316 -1.7441 0.3425, -1.6342 -1.749 0.3425, -1.6373 -1.7525 0.3425, -1.6416 -1.7556 0.3425, -1.6466 -1.7575 0.3425, -1.6523 -1.7583 0.3425, -1.6532 -1.7582 0.3425, -1.6583 -1.7574 0.3425, -1.6635 -1.7552 0.3425, -1.6678 -1.7519 0.3425, -1.6711 -1.7478 0.3425, -1.6733 -1.743 0.3425, -1.6744 -1.7377 0.3425, -1.6741 -1.7322 0.3425, -1.6724 -1.7268 0.3425, -1.6695 -1.7221 0.3425, -1.6672 -1.7197 0.3425, -1.6628 -1.7165 0.3425, -1.6578 -1.7146 0.3425
            ]
        }
        coordIndex [
            0,1,2,-1,3,4,5,-1,6,7,8,-1,9,10,2,-1,2,10,11,-1,2,11,0,-1,5,4,12,-1,13,14,15,-1,15,14,16,-1,15,16,17,-1,18,19,15,-1,15,19,20,-1,15,20,13,-1,13,20,21,-1,22,23,24,-1,24,23,25,-1,24,25,26,-1,26,25,27,-1,26,27,28,-1,28,27,29,-1,28,29,30,-1,30,29,2,-1,30,2,31,-1,31,2,32,-1,33,34,22,-1,22,34,35,-1,22,35,23,-1,17,36,15,-1,15,36,37,-1,15,37,38,-1,38,37,39,-1,38,39,40,-1,41,42,43,-1,43,42,44,-1,43,44,45,-1,45,44,46,-1,45,46,47,-1,47,46,48,-1,6,8,49,-1,49,8,50,-1,49,50,51,-1,51,50,52,-1,51,52,53,-1,4,54,12,-1,12,54,55,-1,12,55,56,-1,56,55,57,-1,56,57,6,-1,6,57,58,-1,6,58,7,-1,21,20,22,-1,22,20,59,-1,22,59,33,-1,60,61,62,-1,62,61,63,-1,62,63,64,-1,64,63,65,-1,64,65,66,-1,66,65,67,-1,66,67,68,-1,68,67,69,-1,68,69,70,-1,32,2,71,-1,71,2,1,-1,71,1,72,-1,46,73,48,-1,48,73,74,-1,48,74,75,-1,75,74,76,-1,75,76,77,-1,77,76,78,-1,77,78,79,-1,79,78,80,-1,79,80,81,-1,81,80,82,-1,81,82,83,-1,83,82,84,-1,83,84,60,-1,60,84,85,-1,60,85,61,-1,86,87,88,-1,88,87,89,-1,88,89,43,-1,43,89,90,-1,43,90,41,-1,91,92,93,-1,93,92,94,-1,93,94,95,-1,95,94,96,-1,95,96,97,-1,97,96,98,-1,97,98,99,-1,99,98,100,-1,99,100,9,-1,9,100,101,-1,9,101,10,-1,40,39,102,-1,102,39,103,-1,102,103,104,-1,104,103,105,-1,104,105,106,-1,106,105,107,-1,106,107,108,-1,108,107,109,-1,108,109,110,-1,110,109,111,-1,110,111,112,-1,112,111,113,-1,112,113,114,-1,114,113,115,-1,114,115,116,-1,116,115,117,-1,116,117,118,-1,118,117,119,-1,118,119,1,-1,1,119,120,-1,1,120,72,-1,53,52,121,-1,121,52,122,-1,121,122,123,-1,123,122,124,-1,123,124,125,-1,125,124,126,-1,125,126,127,-1,127,126,128,-1,127,128,86,-1,86,128,129,-1,86,129,87,-1,5,130,3,-1,3,130,131,-1,3,131,132,-1,132,131,133,-1,132,133,134,-1,134,133,135,-1,134,135,91,-1,91,135,136,-1,91,136,92,-1,137,138,139,-1,69,140,70,-1,70,140,137,-1,70,137,141,-1,141,137,139,-1,142,143,137,-1,137,143,144,-1,137,144,138,-1,145,146,147,-1,146,148,147,-1,147,148,149,-1,147,149,150,-1,142,137,147,-1,147,137,151,-1,147,151,145,-1,152,48,153,-1,153,48,75,-1,153,75,154,-1,154,75,77,-1,154,77,155,-1,155,77,79,-1,155,79,156,-1,152,157,48,-1,48,157,158,-1,48,158,47,-1,47,158,159,-1,47,159,45,-1,45,159,160,-1,45,160,43,-1,43,160,161,-1,43,161,88,-1,88,161,162,-1,88,162,86,-1,127,86,163,-1,163,86,162,-1,163,164,127,-1,127,164,165,-1,127,165,125,-1,125,165,166,-1,125,166,123,-1,123,166,167,-1,123,167,121,-1,121,167,168,-1,121,168,53,-1,53,168,51,-1,51,168,169,-1,51,169,170,-1,51,170,171,-1,51,171,49,-1,49,171,172,-1,49,172,6,-1,6,172,173,-1,6,173,56,-1,56,173,174,-1,56,174,12,-1,175,5,176,-1,176,5,12,-1,176,12,174,-1,177,131,175,-1,175,131,130,-1,175,130,5,-1,177,178,131,-1,131,178,179,-1,131,179,133,-1,136,135,180,-1,180,135,133,-1,180,133,179,-1,180,181,136,-1,136,181,182,-1,136,182,92,-1,92,182,183,-1,183,184,92,-1,92,184,185,-1,92,185,94,-1,94,185,186,-1,94,186,96,-1,96,186,187,-1,96,187,98,-1,98,187,188,-1,98,188,100,-1,100,188,101,-1,101,188,189,-1,189,190,101,-1,101,190,191,-1,101,191,10,-1,10,191,192,-1,10,192,11,-1,11,192,193,-1,11,193,0,-1,193,194,0,-1,0,194,195,-1,0,195,1,-1,1,195,196,-1,1,196,118,-1,118,196,197,-1,118,197,116,-1,197,198,116,-1,116,198,199,-1,116,199,114,-1,114,199,200,-1,114,200,112,-1,201,38,40,-1,112,200,202,-1,203,108,202,-1,202,108,110,-1,202,110,112,-1,203,204,108,-1,108,204,205,-1,108,205,106,-1,106,205,206,-1,106,206,104,-1,104,206,207,-1,104,207,102,-1,102,207,208,-1,102,208,40,-1,40,208,209,-1,40,209,201,-1,15,38,210,-1,210,38,201,-1,18,15,211,-1,211,15,210,-1,19,18,212,-1,212,18,211,-1,20,19,213,-1,213,19,212,-1,20,213,214,-1,20,214,59,-1,59,214,215,-1,59,215,33,-1,33,215,216,-1,33,216,34,-1,34,216,217,-1,34,217,35,-1,35,217,218,-1,35,218,23,-1,23,218,219,-1,23,219,25,-1,25,219,220,-1,25,220,27,-1,27,220,221,-1,27,221,29,-1,29,221,222,-1,29,222,2,-1,223,93,95,-1,2,222,224,-1,2,224,9,-1,9,224,225,-1,9,225,99,-1,99,225,226,-1,99,226,97,-1,97,226,227,-1,97,227,95,-1,95,227,228,-1,95,228,223,-1,93,223,91,-1,91,223,229,-1,229,230,91,-1,91,230,231,-1,91,231,134,-1,134,231,232,-1,134,232,132,-1,132,232,233,-1,233,234,132,-1,132,234,235,-1,132,235,3,-1,3,235,236,-1,3,236,4,-1,4,236,237,-1,4,237,54,-1,54,237,238,-1,54,238,55,-1,55,238,239,-1,55,239,57,-1,57,239,240,-1,57,240,58,-1,58,240,241,-1,58,241,7,-1,7,241,242,-1,7,242,8,-1,8,242,243,-1,8,243,50,-1,50,243,244,-1,50,244,52,-1,52,244,245,-1,52,245,122,-1,122,245,246,-1,122,246,124,-1,124,246,247,-1,124,247,126,-1,126,247,248,-1,126,248,128,-1,128,248,249,-1,128,249,129,-1,129,249,250,-1,129,250,87,-1,87,250,251,-1,87,251,89,-1,89,251,252,-1,89,252,90,-1,90,252,41,-1,41,252,253,-1,41,253,254,-1,42,41,255,-1,255,41,254,-1,42,255,256,-1,42,256,44,-1,44,256,257,-1,44,257,46,-1,46,257,258,-1,46,258,73,-1,73,258,259,-1,73,259,74,-1,74,259,260,-1,74,260,76,-1,260,261,76,-1,76,261,262,-1,76,262,78,-1,78,262,263,-1,78,263,80,-1,80,263,264,-1,80,264,82,-1,82,264,265,-1,82,265,84,-1,84,265,266,-1,84,266,85,-1,85,266,267,-1,85,267,61,-1,61,267,268,-1,61,268,63,-1,63,268,269,-1,63,269,65,-1,65,269,270,-1,65,270,67,-1,69,67,271,-1,271,67,270,-1,69,271,272,-1,69,272,140,-1,140,272,273,-1,140,273,137,-1,137,273,274,-1,137,274,151,-1,151,274,275,-1,151,275,145,-1,145,275,276,-1,145,276,146,-1,146,276,277,-1,146,277,148,-1,148,277,278,-1,148,278,149,-1,149,278,279,-1,149,279,150,-1,150,279,280,-1,150,280,147,-1,147,280,281,-1,147,281,142,-1,142,281,282,-1,142,282,143,-1,143,282,283,-1,143,283,144,-1,144,283,284,-1,144,284,138,-1,138,284,285,-1,138,285,139,-1,139,285,286,-1,139,286,141,-1,141,286,287,-1,141,287,70,-1,70,287,288,-1,70,288,68,-1,66,68,289,-1,289,68,288,-1,66,289,290,-1,66,290,64,-1,64,290,291,-1,64,291,62,-1,62,291,292,-1,62,292,60,-1,60,292,293,-1,60,293,83,-1,83,293,294,-1,83,294,81,-1,81,294,156,-1,81,156,79,-1,21,295,296,-1,21,296,13,-1,13,296,297,-1,13,297,14,-1,14,297,298,-1,14,298,16,-1,16,298,299,-1,16,299,17,-1,17,299,300,-1,17,300,36,-1,36,300,301,-1,36,301,37,-1,37,301,302,-1,37,302,39,-1,39,302,303,-1,39,303,103,-1,103,303,304,-1,103,304,105,-1,105,304,305,-1,105,305,107,-1,107,305,306,-1,107,306,109,-1,109,306,307,-1,109,307,111,-1,111,307,308,-1,111,308,113,-1,113,308,309,-1,113,309,115,-1,115,309,310,-1,115,310,117,-1,117,310,311,-1,117,311,119,-1,119,311,312,-1,119,312,120,-1,120,312,313,-1,120,313,72,-1,72,313,314,-1,72,314,71,-1,71,314,315,-1,71,315,32,-1,32,315,316,-1,32,316,31,-1,31,316,317,-1,31,317,30,-1,30,317,318,-1,30,318,28,-1,28,318,319,-1,28,319,26,-1,26,319,320,-1,26,320,24,-1,24,320,321,-1,24,321,22,-1,22,321,295,-1,22,295,21,-1,
        ]
    }
}
Shape{
    appearance Appearance {
        material  Material 	{
            diffuseColor 0.2235294117647059 0.2235294117647059 0.2235294117647059
            specularColor 0.11372549019607843 0.11372549019607843 0.11372549019607843
            ambientIntensity 0.2235
            transparency 0.0
            shininess 0.5
        }
    }
    geometry IndexedFaceSet {
        ccw TRUE
        solid FALSE
        coord DEF co Coordinate {
            point [
                -1.6532 -1.7582 0.3425, -1.6672 -1.7197 0.3425, -1.6695 -1.7221 0.3425, -1.6466 -1.7575 0.3425, -1.6416 -1.7556 0.3425, -1.6475 -1.7144 0.3425, -1.6523 -1.7139 0.3425, -1.6578 -1.7146 0.3425, -1.6628 -1.7165 0.3425, -1.6733 -1.743 0.3425, -1.6711 -1.7478 0.3425, -1.6678 -1.7519 0.3425, -1.6523 -1.7583 0.3425, -1.6724 -1.7268 0.3425, -1.6741 -1.7322 0.3425, -1.6744 -1.7377 0.3425, -1.6635 -1.7552 0.3425, -1.6583 -1.7574 0.3425, -1.6373 -1.7525 0.3425, -1.6342 -1.749 0.3425, -1.6316 -1.7441 0.3425, -1.6302 -1.7386 0.3425, -1.6302 -1.7334 0.3425, -1.6315 -1.7281 0.3425, -1.634 -1.7235 0.3425, -1.6376 -1.7194 0.3425, -1.6422 -1.7163 0.3425
            ]
        }
        coordIndex [
            0,1,2,-1,3,4,5,-1,6,7,0,-1,0,7,8,-1,0,8,1,-1,9,10,2,-1,2,10,11,-1,6,0,5,-1,5,0,12,-1,5,12,3,-1,13,14,2,-1,2,14,15,-1,2,15,9,-1,11,16,2,-1,2,16,17,-1,2,17,0,-1,4,18,5,-1,5,18,19,-1,5,19,20,-1,20,21,5,-1,5,21,22,-1,5,22,23,-1,23,24,5,-1,5,24,25,-1,5,25,26,-1,
        ]
    }
}
Shape{
    appearance Appearance {
        material  Material 	{
            diffuseColor 0.7529411764705882 0.7529411764705882 0.7529411764705882
            specularColor 0.3764705882352941 0.3764705882352941 0.3764705882352941
            ambientIntensity 0.7529
            transparency 0.0
            shininess 0.5
        }
    }
    geometry IndexedFaceSet {
        ccw TRUE
        solid FALSE
        coord DEF co Coordinate {
            point [
                1.7579 1.8986 0.0079, 1.6898 1.8367 0.0079, 1.7579 1.8986 0.0, 1.6898 1.8367 0.0, -1.6898 1.8367 0.0, -1.6898 1.8367 0.0079, -1.7579 1.8986 0.0, -1.7579 1.8986 0.0079, -1.8986 -1.7579 0.0079, -1.8986 -1.7579 0.0, -1.8367 -1.6898 0.0079, -1.8367 -1.6898 0.0, 1.7579 -1.8986 0.0079, 1.7579 -1.8986 0.0, 1.6898 -1.8367 0.0079, 1.6898 -1.8367 0.0, 1.8986 1.7579 0.0079, 1.8986 1.7579 0.0, 1.8367 1.6898 0.0079, 1.8367 1.6898 0.0, -1.8367 1.6898 0.0, -1.8986 1.7579 0.0, -1.8367 1.6898 0.0079, -1.8986 1.7579 0.0079, -1.6898 -1.8367 0.0, -1.7579 -1.8986 0.0, -1.6898 -1.8367 0.0079, -1.7579 -1.8986 0.0079, 1.8367 -1.6898 0.0, 1.8986 -1.7579 0.0, 1.8367 -1.6898 0.0079, 1.8986 -1.7579 0.0079
            ]
        }
        coordIndex [
            0,1,2,-1,2,1,3,-1,4,5,6,-1,6,5,7,-1,8,9,10,-1,10,9,11,-1,12,13,14,-1,14,13,15,-1,16,17,18,-1,18,17,19,-1,20,21,22,-1,22,21,23,-1,24,25,26,-1,26,25,27,-1,28,29,30,-1,30,29,31,-1,
        ]
    }
}