ISO-10303-21;
HEADER;
FILE_DESCRIPTION (( 'STEP AP214' ),
    '1' );
FILE_NAME ('RRL035P03FRATR.STEP',
    '2024-10-24T13:38:36',
    ( '' ),
    ( '' ),
    'SwSTEP 2.0',
    'SolidWorks 2023',
    '' );
FILE_SCHEMA (( 'AUTOMOTIVE_DESIGN' ));
ENDSEC;

DATA;
#1 =( NAMED_UNIT ( * ) PLANE_ANGLE_UNIT ( ) SI_UNIT ( $, .RADIAN. ) );
#2 = ORIENTED_EDGE ( 'NONE', *, *, #2057, .F. ) ;
#3 = DIRECTION ( 'NONE',  ( 0.000000000000000000, 0.000000000000000000, 1.000000000000000000 ) ) ;
#4 = ORIENTED_EDGE ( 'NONE', *, *, #1553, .T. ) ;
#5 = PRESENTATION_LAYER_ASSIGNMENT (  '', '', ( #1478 ) ) ;
#6 = PRESENTATION_STYLE_ASSIGNMENT (( #449 ) ) ;
#7 =( LENGTH_UNIT ( ) NAMED_UNIT ( * ) SI_UNIT ( .MILLI., .METRE. ) );
#8 = DIRECTION ( 'NONE',  ( -0.000000000000000000, -1.000000000000000000, -0.000000000000000000 ) ) ;
#9 = FILL_AREA_STYLE ('',( #955 ) ) ;
#10 =( NAMED_UNIT ( * ) SI_UNIT ( $, .STERADIAN. ) SOLID_ANGLE_UNIT ( ) );
#11 = COLOUR_RGB ( '',0.2509803921568627416, 0.2509803921568627416, 0.2509803921568627416 ) ;
#12 = VERTEX_POINT ( 'NONE', #465 ) ;
#13 = FILL_AREA_STYLE_COLOUR ( '', #2642 ) ;
#14 = UNCERTAINTY_MEASURE_WITH_UNIT (LENGTH_MEASURE( 1.000000000000000082E-05 ), #1435, 'distance_accuracy_value', 'NONE');
#15 = LINE ( 'NONE', #1814, #968 ) ;
#16 = ADVANCED_FACE ( 'NONE', ( #883 ), #2709, .T. ) ;
#17 = VECTOR ( 'NONE', #575, 1000.000000000000000 ) ;
#18 = FACE_OUTER_BOUND ( 'NONE', #1881, .T. ) ;
#19 = FACE_OUTER_BOUND ( 'NONE', #827, .T. ) ;
#20 = STYLED_ITEM ( 'NONE', ( #1816 ), #299 ) ;
#21 = VERTEX_POINT ( 'NONE', #1556 ) ;
#22 = CARTESIAN_POINT ( 'NONE',  ( -0.4500000000000001221, 0.2000000000000000111, 0.7000000000000001776 ) ) ;
#23 = DIRECTION ( 'NONE',  ( 0.000000000000000000, -0.000000000000000000, 1.000000000000000000 ) ) ;
#24 = ORIENTED_EDGE ( 'NONE', *, *, #1692, .T. ) ;
#25 = SURFACE_STYLE_FILL_AREA ( #1433 ) ;
#26 = CARTESIAN_POINT ( 'NONE',  ( 0.000000000000000000, 0.000000000000000000, 0.000000000000000000 ) ) ;
#27 = CARTESIAN_POINT ( 'NONE',  ( -0.2000000000000002054, 0.2000000000000000111, 0.7000000000000001776 ) ) ;
#28 = SURFACE_STYLE_FILL_AREA ( #1167 ) ;
#29 = SURFACE_STYLE_USAGE ( .BOTH. , #250 ) ;
#30 = VECTOR ( 'NONE', #1797, 1000.000000000000000 ) ;
#31 = VERTEX_POINT ( 'NONE', #2697 ) ;
#32 = DIRECTION ( 'NONE',  ( 0.000000000000000000, 0.000000000000000000, -1.000000000000000000 ) ) ;
#33 = PLANE ( 'NONE',  #158 ) ;
#34 = EDGE_CURVE ( 'NONE', #1559, #2739, #911, .T. ) ;
#35 = CARTESIAN_POINT ( 'NONE',  ( 0.4499999999999997891, 0.2000000000000000111, 0.7000000000000001776 ) ) ;
#36 = STYLED_ITEM ( 'NONE', ( #161 ), #2248 ) ;
#37 = VECTOR ( 'NONE', #1665, 1000.000000000000000 ) ;
#38 = PRESENTATION_STYLE_ASSIGNMENT (( #1612 ) ) ;
#39 = PLANE ( 'NONE',  #2015 ) ;
#40 = ORIENTED_EDGE ( 'NONE', *, *, #62, .F. ) ;
#41 = EDGE_CURVE ( 'NONE', #2172, #2758, #2513, .T. ) ;
#42 = CARTESIAN_POINT ( 'NONE',  ( 0.8499999999999998668, 0.000000000000000000, 0.7000000000000001776 ) ) ;
#43 = SURFACE_STYLE_FILL_AREA ( #2541 ) ;
#44 = LINE ( 'NONE', #1125, #2437 ) ;
#45 = EDGE_CURVE ( 'NONE', #1384, #2194, #659, .T. ) ;
#46 = ORIENTED_EDGE ( 'NONE', *, *, #2274, .T. ) ;
#47 =( LENGTH_UNIT ( ) NAMED_UNIT ( * ) SI_UNIT ( .MILLI., .METRE. ) );
#48 = FACE_OUTER_BOUND ( 'NONE', #2479, .T. ) ;
#49 =( NAMED_UNIT ( * ) SI_UNIT ( $, .STERADIAN. ) SOLID_ANGLE_UNIT ( ) );
#50 = EDGE_LOOP ( 'NONE', ( #2875, #1635, #610, #291 ) ) ;
#51 = ADVANCED_FACE ( 'NONE', ( #1980 ), #2678, .F. ) ;
#52 = SURFACE_STYLE_FILL_AREA ( #316 ) ;
#53 = SURFACE_SIDE_STYLE ('',( #25 ) ) ;
#54 = MECHANICAL_DESIGN_GEOMETRIC_PRESENTATION_REPRESENTATION (  '', ( #306 ), #350 ) ;
#55 = EDGE_LOOP ( 'NONE', ( #2365, #899, #2712, #1111 ) ) ;
#56 = FILL_AREA_STYLE_COLOUR ( '', #172 ) ;
#57 = PLANE ( 'NONE',  #1619 ) ;
#58 = DIRECTION ( 'NONE',  ( -1.000000000000000000, 0.000000000000000000, -0.000000000000000000 ) ) ;
#59 = VECTOR ( 'NONE', #804, 1000.000000000000000 ) ;
#60 = AXIS2_PLACEMENT_3D ( 'NONE', #500, #2749, #58 ) ;
#61 = CARTESIAN_POINT ( 'NONE',  ( 0.2000000000000000944, 0.2000000000000000111, -1.099999999999999867 ) ) ;
#62 = EDGE_CURVE ( 'NONE', #1533, #12, #483, .T. ) ;
#63 =( GEOMETRIC_REPRESENTATION_CONTEXT ( 3 ) GLOBAL_UNCERTAINTY_ASSIGNED_CONTEXT ( ( #1312 ) ) GLOBAL_UNIT_ASSIGNED_CONTEXT ( ( #1278, #2423, #808 ) ) REPRESENTATION_CONTEXT ( 'NONE', 'WORKASPACE' ) );
#64 = ORIENTED_EDGE ( 'NONE', *, *, #796, .F. ) ;
#65 = MECHANICAL_DESIGN_GEOMETRIC_PRESENTATION_REPRESENTATION (  '', ( #1213 ), #2195 ) ;
#66 = LINE ( 'NONE', #985, #1629 ) ;
#67 = DIRECTION ( 'NONE',  ( -0.000000000000000000, -1.000000000000000000, -0.000000000000000000 ) ) ;
#68 = EDGE_CURVE ( 'NONE', #2758, #752, #89, .T. ) ;
#69 = COLOUR_RGB ( '',0.2509803921568627416, 0.2509803921568627416, 0.2509803921568627416 ) ;
#70 = PLANE ( 'NONE',  #444 ) ;
#71 =( NAMED_UNIT ( * ) PLANE_ANGLE_UNIT ( ) SI_UNIT ( $, .RADIAN. ) );
#72 = STYLED_ITEM ( 'NONE', ( #2569 ), #1188 ) ;
#73 = DIRECTION ( 'NONE',  ( 0.000000000000000000, -0.000000000000000000, 1.000000000000000000 ) ) ;
#74 = MECHANICAL_DESIGN_GEOMETRIC_PRESENTATION_REPRESENTATION (  '', ( #798 ), #2408 ) ;
#75 = VERTEX_POINT ( 'NONE', #2081 ) ;
#76 = SURFACE_SIDE_STYLE ('',( #513 ) ) ;
#77 = VECTOR ( 'NONE', #676, 1000.000000000000000 ) ;
#78 = EDGE_CURVE ( 'NONE', #2182, #1559, #261, .T. ) ;
#79 = PRESENTATION_STYLE_ASSIGNMENT (( #1674 ) ) ;
#80 = FACE_OUTER_BOUND ( 'NONE', #2154, .T. ) ;
#81 = STYLED_ITEM ( 'NONE', ( #957 ), #2523 ) ;
#82 = PRESENTATION_LAYER_ASSIGNMENT (  '', '', ( #894 ) ) ;
#83 = STYLED_ITEM ( 'NONE', ( #1925 ), #2235 ) ;
#84 = FILL_AREA_STYLE_COLOUR ( '', #2411 ) ;
#85 = VERTEX_POINT ( 'NONE', #999 ) ;
#86 = SURFACE_STYLE_USAGE ( .BOTH. , #315 ) ;
#87 = DIRECTION ( 'NONE',  ( 0.000000000000000000, 0.000000000000000000, 1.000000000000000000 ) ) ;
#88 = EDGE_LOOP ( 'NONE', ( #1865, #1940, #2559, #2485 ) ) ;
#89 = LINE ( 'NONE', #967, #1888 ) ;
#90 = CARTESIAN_POINT ( 'NONE',  ( -0.4500000000000001221, 0.000000000000000000, 0.9000000000000001332 ) ) ;
#91 = ORIENTED_EDGE ( 'NONE', *, *, #1288, .T. ) ;
#92 = FACE_OUTER_BOUND ( 'NONE', #493, .T. ) ;
#93 = SURFACE_STYLE_FILL_AREA ( #1456 ) ;
#94 =( NAMED_UNIT ( * ) SI_UNIT ( $, .STERADIAN. ) SOLID_ANGLE_UNIT ( ) );
#95 = EDGE_CURVE ( 'NONE', #907, #2799, #1411, .T. ) ;
#96 = UNCERTAINTY_MEASURE_WITH_UNIT (LENGTH_MEASURE( 1.000000000000000082E-05 ), #1784, 'distance_accuracy_value', 'NONE');
#97 = UNCERTAINTY_MEASURE_WITH_UNIT (LENGTH_MEASURE( 1.000000000000000082E-05 ), #1804, 'distance_accuracy_value', 'NONE');
#98 = CARTESIAN_POINT ( 'NONE',  ( -1.050000000000018474, 0.000000000000000000, -0.9000000000000119016 ) ) ;
#99 = EDGE_LOOP ( 'NONE', ( #230, #1826, #1597, #2493 ) ) ;
#100 = DIRECTION ( 'NONE',  ( -0.000000000000000000, -1.000000000000000000, -0.000000000000000000 ) ) ;
#101 = DIRECTION ( 'NONE',  ( 1.000000000000000000, 0.000000000000000000, 0.000000000000000000 ) ) ;
#102 = EDGE_CURVE ( 'NONE', #1879, #1255, #1598, .T. ) ;
#103 = ORIENTED_EDGE ( 'NONE', *, *, #1506, .T. ) ;
#104 = CARTESIAN_POINT ( 'NONE',  ( 0.9756346360029640730, 0.8499999999999999778, 0.8256346360029646059 ) ) ;
#105 = VECTOR ( 'NONE', #2006, 1000.000000000000000 ) ;
#106 =( NAMED_UNIT ( * ) PLANE_ANGLE_UNIT ( ) SI_UNIT ( $, .RADIAN. ) );
#107 =( NAMED_UNIT ( * ) SI_UNIT ( $, .STERADIAN. ) SOLID_ANGLE_UNIT ( ) );
#108 = VECTOR ( 'NONE', #8, 1000.000000000000000 ) ;
#109 = DIRECTION ( 'NONE',  ( 0.000000000000000000, 1.000000000000000000, 0.000000000000000000 ) ) ;
#110 = UNCERTAINTY_MEASURE_WITH_UNIT (LENGTH_MEASURE( 1.000000000000000082E-05 ), #1765, 'distance_accuracy_value', 'NONE');
#111 = ADVANCED_FACE ( 'NONE', ( #539 ), #1394, .F. ) ;
#112 = CARTESIAN_POINT ( 'NONE',  ( -0.4500000000000001221, 0.2000000000000000111, 0.7000000000000001776 ) ) ;
#113 = LINE ( 'NONE', #293, #1964 ) ;
#114 = AXIS2_PLACEMENT_3D ( 'NONE', #2616, #1903, #2404 ) ;
#115 = PRESENTATION_STYLE_ASSIGNMENT (( #1645 ) ) ;
#116 = DIRECTION ( 'NONE',  ( -0.000000000000000000, -1.000000000000000000, -0.000000000000000000 ) ) ;
#117 =( GEOMETRIC_REPRESENTATION_CONTEXT ( 3 ) GLOBAL_UNCERTAINTY_ASSIGNED_CONTEXT ( ( #562 ) ) GLOBAL_UNIT_ASSIGNED_CONTEXT ( ( #959, #2089, #738 ) ) REPRESENTATION_CONTEXT ( 'NONE', 'WORKASPACE' ) );
#118 = ORIENTED_EDGE ( 'NONE', *, *, #2553, .T. ) ;
#119 = LINE ( 'NONE', #569, #2539 ) ;
#120 = FILL_AREA_STYLE_COLOUR ( '', #1841 ) ;
#121 = PLANE ( 'NONE',  #456 ) ;
#122 = ADVANCED_FACE ( 'NONE', ( #1421 ), #1164, .T. ) ;
#123 = ORIENTED_EDGE ( 'NONE', *, *, #1277, .F. ) ;
#124 = VECTOR ( 'NONE', #2457, 1000.000000000000000 ) ;
#125 = PRESENTATION_STYLE_ASSIGNMENT (( #1005 ) ) ;
#126 = COLOUR_RGB ( '',0.7529411764705882248, 0.7529411764705882248, 0.7529411764705882248 ) ;
#127 = CARTESIAN_POINT ( 'NONE',  ( 0.4500000000000000111, 0.2000000000000000111, -0.6999999999999998446 ) ) ;
#128 = CARTESIAN_POINT ( 'NONE',  ( -0.4499999999999999001, 0.2000000000000000111, -1.099999999999999867 ) ) ;
#129 = MECHANICAL_DESIGN_GEOMETRIC_PRESENTATION_REPRESENTATION (  '', ( #2839 ), #2007 ) ;
#130 = VECTOR ( 'NONE', #1197, 1000.000000000000000 ) ;
#131 = SURFACE_SIDE_STYLE ('',( #1679 ) ) ;
#132 =( GEOMETRIC_REPRESENTATION_CONTEXT ( 3 ) GLOBAL_UNCERTAINTY_ASSIGNED_CONTEXT ( ( #2357 ) ) GLOBAL_UNIT_ASSIGNED_CONTEXT ( ( #1812, #470, #2263 ) ) REPRESENTATION_CONTEXT ( 'NONE', 'WORKASPACE' ) );
#133 =( LENGTH_UNIT ( ) NAMED_UNIT ( * ) SI_UNIT ( .MILLI., .METRE. ) );
#134 = DIRECTION ( 'NONE',  ( -0.000000000000000000, -0.9961946980917455452, -0.08715574274765819363 ) ) ;
#135 = DIRECTION ( 'NONE',  ( 0.000000000000000000, 0.000000000000000000, -1.000000000000000000 ) ) ;
#136 = EDGE_LOOP ( 'NONE', ( #581, #1503, #1037, #1632 ) ) ;
#137 = FACE_OUTER_BOUND ( 'NONE', #2299, .T. ) ;
#138 =( LENGTH_UNIT ( ) NAMED_UNIT ( * ) SI_UNIT ( .MILLI., .METRE. ) );
#139 = VERTEX_POINT ( 'NONE', #1961 ) ;
#140 = DIRECTION ( 'NONE',  ( 0.000000000000000000, 1.000000000000000000, 0.000000000000000000 ) ) ;
#141 = ADVANCED_FACE ( 'NONE', ( #2586 ), #554, .F. ) ;
#142 = ORIENTED_EDGE ( 'NONE', *, *, #2088, .T. ) ;
#143 =( LENGTH_UNIT ( ) NAMED_UNIT ( * ) SI_UNIT ( .MILLI., .METRE. ) );
#144 = DIRECTION ( 'NONE',  ( 0.000000000000000000, 0.000000000000000000, -1.000000000000000000 ) ) ;
#145 = SURFACE_STYLE_FILL_AREA ( #587 ) ;
#146 = DIRECTION ( 'NONE',  ( 1.000000000000000000, 0.000000000000000000, 0.000000000000000000 ) ) ;
#147 = DIRECTION ( 'NONE',  ( 1.000000000000000000, 0.000000000000000000, 0.000000000000000000 ) ) ;
#148 = ORIENTED_EDGE ( 'NONE', *, *, #2031, .T. ) ;
#149 = CARTESIAN_POINT ( 'NONE',  ( -0.8500000000000001998, 0.2000000000000000111, 0.7000000000000001776 ) ) ;
#150 = EDGE_CURVE ( 'NONE', #2845, #2172, #119, .T. ) ;
#151 = FILL_AREA_STYLE_COLOUR ( '', #2497 ) ;
#152 = SURFACE_STYLE_FILL_AREA ( #1963 ) ;
#153 = VERTEX_POINT ( 'NONE', #1912 ) ;
#154 =( NAMED_UNIT ( * ) SI_UNIT ( $, .STERADIAN. ) SOLID_ANGLE_UNIT ( ) );
#155 = CARTESIAN_POINT ( 'NONE',  ( 0.4500000000000000111, 0.000000000000000000, -1.099999999999999867 ) ) ;
#156 = EDGE_LOOP ( 'NONE', ( #1160, #1073, #289, #245 ) ) ;
#157 = DIRECTION ( 'NONE',  ( -1.355252715606880296E-16, -0.000000000000000000, -1.000000000000000000 ) ) ;
#158 = AXIS2_PLACEMENT_3D ( 'NONE', #1006, #1688, #1441 ) ;
#159 = CARTESIAN_POINT ( 'NONE',  ( 0.1999999999999998723, 1.470857277145583900E-17, 0.9000000000000001332 ) ) ;
#160 = CARTESIAN_POINT ( 'NONE',  ( 0.2000000000000000944, 0.2000000000000000111, -0.8825022672948270586 ) ) ;
#161 = PRESENTATION_STYLE_ASSIGNMENT (( #2181 ) ) ;
#162 = EDGE_CURVE ( 'NONE', #940, #921, #2624, .T. ) ;
#163 =( GEOMETRIC_REPRESENTATION_CONTEXT ( 3 ) GLOBAL_UNCERTAINTY_ASSIGNED_CONTEXT ( ( #1979 ) ) GLOBAL_UNIT_ASSIGNED_CONTEXT ( ( #1097, #2008, #10 ) ) REPRESENTATION_CONTEXT ( 'NONE', 'WORKASPACE' ) );
#164 = EDGE_LOOP ( 'NONE', ( #1084, #2177, #1672, #335 ) ) ;
#165 = FILL_AREA_STYLE_COLOUR ( '', #2402 ) ;
#166 = LINE ( 'NONE', #359, #2202 ) ;
#167 = CARTESIAN_POINT ( 'NONE',  ( -0.4499999999999999001, 0.2000000000000000111, -0.8825022672948270586 ) ) ;
#168 = VERTEX_POINT ( 'NONE', #841 ) ;
#169 = MECHANICAL_DESIGN_GEOMETRIC_PRESENTATION_REPRESENTATION (  '', ( #2629 ), #2732 ) ;
#170 = PLANE ( 'NONE',  #1500 ) ;
#171 = DIRECTION ( 'NONE',  ( 1.355252715606880296E-16, 0.000000000000000000, 1.000000000000000000 ) ) ;
#172 = COLOUR_RGB ( '',0.7529411764705882248, 0.7529411764705882248, 0.7529411764705882248 ) ;
#173 = LINE ( 'NONE', #2853, #2364 ) ;
#174 = VECTOR ( 'NONE', #876, 1000.000000000000000 ) ;
#175 = ORIENTED_EDGE ( 'NONE', *, *, #1857, .T. ) ;
#176 = EDGE_CURVE ( 'NONE', #1539, #2467, #1031, .T. ) ;
#177 = APPLICATION_PROTOCOL_DEFINITION ( 'draft international standard', 'automotive_design', 1998, #1920 ) ;
#178 = COLOUR_RGB ( '',0.2509803921568627416, 0.2509803921568627416, 0.2509803921568627416 ) ;
#179 = CARTESIAN_POINT ( 'NONE',  ( 0.4500000000000000111, 0.2000000000000000111, -1.099999999999999867 ) ) ;
#180 = AXIS2_PLACEMENT_3D ( 'NONE', #745, #1461, #1669 ) ;
#181 = LINE ( 'NONE', #2688, #2409 ) ;
#182 = MECHANICAL_DESIGN_GEOMETRIC_PRESENTATION_REPRESENTATION (  '', ( #2315 ), #413 ) ;
#183 = VERTEX_POINT ( 'NONE', #149 ) ;
#184 = MECHANICAL_DESIGN_GEOMETRIC_PRESENTATION_REPRESENTATION (  '', ( #36 ), #2009 ) ;
#185 = DIRECTION ( 'NONE',  ( 0.000000000000000000, 0.000000000000000000, 1.000000000000000000 ) ) ;
#186 = DIRECTION ( 'NONE',  ( -0.000000000000000000, -1.000000000000000000, -0.000000000000000000 ) ) ;
#187 = COLOUR_RGB ( '',0.7529411764705882248, 0.7529411764705882248, 0.7529411764705882248 ) ;
#188 = CARTESIAN_POINT ( 'NONE',  ( 0.8500000000000000888, 0.2000000000000000111, -0.6999999999999998446 ) ) ;
#189 = UNCERTAINTY_MEASURE_WITH_UNIT (LENGTH_MEASURE( 1.000000000000000082E-05 ), #339, 'distance_accuracy_value', 'NONE');
#190 =( NAMED_UNIT ( * ) SI_UNIT ( $, .STERADIAN. ) SOLID_ANGLE_UNIT ( ) );
#191 = CARTESIAN_POINT ( 'NONE',  ( -0.8499999999999999778, 0.2000000000000000111, -1.099999999999999867 ) ) ;
#192 = SURFACE_STYLE_FILL_AREA ( #1735 ) ;
#193 = EDGE_LOOP ( 'NONE', ( #1573, #670, #1551, #855 ) ) ;
#194 = ADVANCED_FACE ( 'NONE', ( #137 ), #1293, .F. ) ;
#195 = DIRECTION ( 'NONE',  ( -0.000000000000000000, -0.000000000000000000, -1.000000000000000000 ) ) ;
#196 = CARTESIAN_POINT ( 'NONE',  ( 0.4500000000000000111, 0.000000000000000000, -1.099999999999999867 ) ) ;
#197 = ORIENTED_EDGE ( 'NONE', *, *, #1082, .T. ) ;
#198 =( NAMED_UNIT ( * ) PLANE_ANGLE_UNIT ( ) SI_UNIT ( $, .RADIAN. ) );
#199 = CARTESIAN_POINT ( 'NONE',  ( 0.4500000000000000111, 0.2000000000000000111, -1.099999999999999867 ) ) ;
#200 = UNCERTAINTY_MEASURE_WITH_UNIT (LENGTH_MEASURE( 1.000000000000000082E-05 ), #7, 'distance_accuracy_value', 'NONE');
#201 = ADVANCED_FACE ( 'NONE', ( #1048 ), #1307, .T. ) ;
#202 = EDGE_LOOP ( 'NONE', ( #142, #2159, #1492, #2080 ) ) ;
#203 = CARTESIAN_POINT ( 'NONE',  ( -0.4499999999999999001, 0.000000000000000000, -0.6999999999999998446 ) ) ;
#204 = ADVANCED_FACE ( 'NONE', ( #1105 ), #430, .F. ) ;
#205 =( LENGTH_UNIT ( ) NAMED_UNIT ( * ) SI_UNIT ( .MILLI., .METRE. ) );
#206 = MECHANICAL_DESIGN_GEOMETRIC_PRESENTATION_REPRESENTATION (  '', ( #2923 ), #2036 ) ;
#207 = VECTOR ( 'NONE', #2835, 1000.000000000000114 ) ;
#208 = ORIENTED_EDGE ( 'NONE', *, *, #1142, .T. ) ;
#209 = FILL_AREA_STYLE_COLOUR ( '', #1505 ) ;
#210 = PRESENTATION_STYLE_ASSIGNMENT (( #2270 ) ) ;
#211 = FILL_AREA_STYLE_COLOUR ( '', #178 ) ;
#212 = ORIENTED_EDGE ( 'NONE', *, *, #1257, .F. ) ;
#213 =( NAMED_UNIT ( * ) PLANE_ANGLE_UNIT ( ) SI_UNIT ( $, .RADIAN. ) );
#215 = SURFACE_STYLE_USAGE ( .BOTH. , #718 ) ;
#214 = COLOUR_RGB ( '',0.2509803921568627416, 0.2509803921568627416, 0.2509803921568627416 ) ;
#216 = STYLED_ITEM ( 'NONE', ( #2521 ), #2905 ) ;
#217 = EDGE_CURVE ( 'NONE', #243, #904, #2636, .T. ) ;
#218 = SURFACE_STYLE_USAGE ( .BOTH. , #1339 ) ;
#219 = EDGE_CURVE ( 'NONE', #2791, #2751, #2858, .T. ) ;
#220 = PRESENTATION_LAYER_ASSIGNMENT (  '', '', ( #2628 ) ) ;
#221 = COLOUR_RGB ( '',0.2509803921568627416, 0.2509803921568627416, 0.2509803921568627416 ) ;
#222 = ORIENTED_EDGE ( 'NONE', *, *, #1545, .F. ) ;
#223 = FACE_OUTER_BOUND ( 'NONE', #453, .T. ) ;
#224 = SURFACE_STYLE_USAGE ( .BOTH. , #411 ) ;
#225 = ADVANCED_FACE ( 'NONE', ( #1044 ), #1739, .T. ) ;
#226 =( GEOMETRIC_REPRESENTATION_CONTEXT ( 3 ) GLOBAL_UNCERTAINTY_ASSIGNED_CONTEXT ( ( #326 ) ) GLOBAL_UNIT_ASSIGNED_CONTEXT ( ( #2158, #71, #1207 ) ) REPRESENTATION_CONTEXT ( 'NONE', 'WORKASPACE' ) );
#227 = CARTESIAN_POINT ( 'NONE',  ( -0.2000000000000002054, 0.000000000000000000, 0.7000000000000001776 ) ) ;
#228 = LINE ( 'NONE', #666, #2459 ) ;
#229 = STYLED_ITEM ( 'NONE', ( #523 ), #2119 ) ;
#230 = ORIENTED_EDGE ( 'NONE', *, *, #2134, .T. ) ;
#231 = COLOUR_RGB ( '',0.7529411764705882248, 0.7529411764705882248, 0.7529411764705882248 ) ;
#232 =( NAMED_UNIT ( * ) PLANE_ANGLE_UNIT ( ) SI_UNIT ( $, .RADIAN. ) );
#233 = DIRECTION ( 'NONE',  ( 0.000000000000000000, 1.000000000000000000, 0.000000000000000000 ) ) ;
#234 =( GEOMETRIC_REPRESENTATION_CONTEXT ( 3 ) GLOBAL_UNCERTAINTY_ASSIGNED_CONTEXT ( ( #548 ) ) GLOBAL_UNIT_ASSIGNED_CONTEXT ( ( #724, #2535, #2076 ) ) REPRESENTATION_CONTEXT ( 'NONE', 'WORKASPACE' ) );
#235 = VECTOR ( 'NONE', #2207, 1000.000000000000000 ) ;
#236 = EDGE_CURVE ( 'NONE', #183, #2532, #1935, .T. ) ;
#237 = DIRECTION ( 'NONE',  ( 0.000000000000000000, 0.000000000000000000, 1.000000000000000000 ) ) ;
#238 =( LENGTH_UNIT ( ) NAMED_UNIT ( * ) SI_UNIT ( .MILLI., .METRE. ) );
#239 = VERTEX_POINT ( 'NONE', #2148 ) ;
#240 = CARTESIAN_POINT ( 'NONE',  ( 0.000000000000000000, 0.2000000000000000111, 0.000000000000000000 ) ) ;
#241 = EDGE_CURVE ( 'NONE', #1332, #997, #1024, .T. ) ;
#242 = DIRECTION ( 'NONE',  ( 0.000000000000000000, -0.000000000000000000, 1.000000000000000000 ) ) ;
#243 = VERTEX_POINT ( 'NONE', #2871 ) ;
#244 =( LENGTH_UNIT ( ) NAMED_UNIT ( * ) SI_UNIT ( .MILLI., .METRE. ) );
#245 = ORIENTED_EDGE ( 'NONE', *, *, #1692, .F. ) ;
#246 = ADVANCED_FACE ( 'NONE', ( #835 ), #2135, .F. ) ;
#247 = CARTESIAN_POINT ( 'NONE',  ( -0.4500000000000000666, 0.000000000000000000, 1.100000000000000311 ) ) ;
#248 = LINE ( 'NONE', #2543, #105 ) ;
#249 = CARTESIAN_POINT ( 'NONE',  ( 0.4499999999999997891, 0.2000000000000000111, 0.7000000000000001776 ) ) ;
#250 = SURFACE_SIDE_STYLE ('',( #2573 ) ) ;
#251 = ORIENTED_EDGE ( 'NONE', *, *, #1343, .F. ) ;
#252 = PRESENTATION_STYLE_ASSIGNMENT (( #2071 ) ) ;
#253 = PRESENTATION_STYLE_ASSIGNMENT (( #2277 ) ) ;
#254 = CARTESIAN_POINT ( 'NONE',  ( -0.1999999999999999833, 0.000000000000000000, -0.6999999999999998446 ) ) ;
#255 = STYLED_ITEM ( 'NONE', ( #6 ), #51 ) ;
#256 = VECTOR ( 'NONE', #764, 1000.000000000000000 ) ;
#257 =( NAMED_UNIT ( * ) SI_UNIT ( $, .STERADIAN. ) SOLID_ANGLE_UNIT ( ) );
#258 = ORIENTED_EDGE ( 'NONE', *, *, #1195, .T. ) ;
#259 = DIRECTION ( 'NONE',  ( 0.000000000000000000, -0.000000000000000000, 1.000000000000000000 ) ) ;
#260 = SURFACE_STYLE_FILL_AREA ( #2283 ) ;
#261 = LINE ( 'NONE', #716, #256 ) ;
#262 = EDGE_CURVE ( 'NONE', #695, #1067, #441, .T. ) ;
#263 =( NAMED_UNIT ( * ) SI_UNIT ( $, .STERADIAN. ) SOLID_ANGLE_UNIT ( ) );
#264 = FILL_AREA_STYLE_COLOUR ( '', #692 ) ;
#265 = ORIENTED_EDGE ( 'NONE', *, *, #762, .T. ) ;
#266 = MECHANICAL_DESIGN_GEOMETRIC_PRESENTATION_REPRESENTATION (  '', ( #1948 ), #2244 ) ;
#267 = SURFACE_STYLE_FILL_AREA ( #1399 ) ;
#268 = UNCERTAINTY_MEASURE_WITH_UNIT (LENGTH_MEASURE( 1.000000000000000082E-05 ), #1875, 'distance_accuracy_value', 'NONE');
#269 = FILL_AREA_STYLE ('',( #56 ) ) ;
#270 = CARTESIAN_POINT ( 'NONE',  ( -0.2000000000000002054, 0.000000000000000000, 0.7000000000000001776 ) ) ;
#271 = VECTOR ( 'NONE', #1932, 1000.000000000000000 ) ;
#272 = ADVANCED_FACE ( 'NONE', ( #1342 ), #1793, .T. ) ;
#273 = DIRECTION ( 'NONE',  ( -1.000000000000000000, -0.000000000000000000, -0.000000000000000000 ) ) ;
#274 = SURFACE_STYLE_FILL_AREA ( #2045 ) ;
#275 = COLOUR_RGB ( '',0.7529411764705882248, 0.7529411764705882248, 0.7529411764705882248 ) ;
#276 = LINE ( 'NONE', #392, #2351 ) ;
#277 = VECTOR ( 'NONE', #1336, 1000.000000000000000 ) ;
#278 = ORIENTED_EDGE ( 'NONE', *, *, #1182, .F. ) ;
#279 = CARTESIAN_POINT ( 'NONE',  ( 0.8500000000000000888, 0.2000000000000000111, -1.099999999999999867 ) ) ;
#280 = CARTESIAN_POINT ( 'NONE',  ( 0.000000000000000000, 0.2000000000000000111, 0.000000000000000000 ) ) ;
#281 = COLOUR_RGB ( '',0.7529411764705882248, 0.7529411764705882248, 0.7529411764705882248 ) ;
#282 = MECHANICAL_DESIGN_GEOMETRIC_PRESENTATION_REPRESENTATION (  '', ( #1866 ), #1913 ) ;
#283 = ORIENTED_EDGE ( 'NONE', *, *, #1003, .F. ) ;
#284 = SURFACE_SIDE_STYLE ('',( #267 ) ) ;
#285 = PRESENTATION_STYLE_ASSIGNMENT (( #1607 ) ) ;
#286 = LINE ( 'NONE', #930, #1754 ) ;
#287 = FILL_AREA_STYLE_COLOUR ( '', #1616 ) ;
#288 = DIRECTION ( 'NONE',  ( -0.000000000000000000, 0.9961946980917455452, 0.08715574274765819363 ) ) ;
#289 = ORIENTED_EDGE ( 'NONE', *, *, #358, .T. ) ;
#290 = SURFACE_STYLE_USAGE ( .BOTH. , #2126 ) ;
#291 = ORIENTED_EDGE ( 'NONE', *, *, #2721, .F. ) ;
#292 = CLOSED_SHELL ( 'NONE', ( #1000, #194, #2635, #2464, #1584, #2676 ) ) ;
#293 = CARTESIAN_POINT ( 'NONE',  ( 0.4499999999999997891, 0.000000000000000000, 0.7000000000000001776 ) ) ;
#294 = FILL_AREA_STYLE ('',( #1684 ) ) ;
#295 = EDGE_LOOP ( 'NONE', ( #103, #618, #2417, #1662 ) ) ;
#296 = DIRECTION ( 'NONE',  ( 0.000000000000000000, -0.000000000000000000, 1.000000000000000000 ) ) ;
#297 = SURFACE_STYLE_FILL_AREA ( #269 ) ;
#298 = CARTESIAN_POINT ( 'NONE',  ( -0.8499999999999999778, 0.2000000000000000111, -0.8825022672948270586 ) ) ;
#299 = ADVANCED_FACE ( 'NONE', ( #2947 ), #455, .T. ) ;
#300 = LINE ( 'NONE', #759, #2359 ) ;
#301 = ORIENTED_EDGE ( 'NONE', *, *, #217, .T. ) ;
#302 = CARTESIAN_POINT ( 'NONE',  ( 0.000000000000000000, 0.2000000000000000111, 0.000000000000000000 ) ) ;
#303 = FILL_AREA_STYLE ('',( #1253 ) ) ;
#304 = STYLED_ITEM ( 'NONE', ( #2117 ), #960 ) ;
#305 = UNCERTAINTY_MEASURE_WITH_UNIT (LENGTH_MEASURE( 1.000000000000000082E-05 ), #2702, 'distance_accuracy_value', 'NONE');
#306 = STYLED_ITEM ( 'NONE', ( #2866 ), #741 ) ;
#307 = ORIENTED_EDGE ( 'NONE', *, *, #41, .T. ) ;
#308 = FILL_AREA_STYLE_COLOUR ( '', #1633 ) ;
#309 = SURFACE_SIDE_STYLE ('',( #546 ) ) ;
#310 = MECHANICAL_DESIGN_GEOMETRIC_PRESENTATION_REPRESENTATION (  '', ( #2239 ), #2728 ) ;
#311 = UNCERTAINTY_MEASURE_WITH_UNIT (LENGTH_MEASURE( 1.000000000000000082E-05 ), #422, 'distance_accuracy_value', 'NONE');
#312 = COLOUR_RGB ( '',0.7529411764705882248, 0.7529411764705882248, 0.7529411764705882248 ) ;
#313 = VERTEX_POINT ( 'NONE', #2507 ) ;
#314 = VECTOR ( 'NONE', #146, 1000.000000000000000 ) ;
#315 = SURFACE_SIDE_STYLE ('',( #1219 ) ) ;
#316 = FILL_AREA_STYLE ('',( #1892 ) ) ;
#317 = SURFACE_STYLE_USAGE ( .BOTH. , #53 ) ;
#318 =( NAMED_UNIT ( * ) PLANE_ANGLE_UNIT ( ) SI_UNIT ( $, .RADIAN. ) );
#319 = LINE ( 'NONE', #2819, #2785 ) ;
#320 = AXIS2_PLACEMENT_3D ( 'NONE', #697, #2282, #259 ) ;
#321 = ORIENTED_EDGE ( 'NONE', *, *, #351, .T. ) ;
#322 =( NAMED_UNIT ( * ) PLANE_ANGLE_UNIT ( ) SI_UNIT ( $, .RADIAN. ) );
#323 = CARTESIAN_POINT ( 'NONE',  ( 0.8499999999999998668, 0.000000000000000000, 1.100000000000000311 ) ) ;
#324 = VECTOR ( 'NONE', #2322, 1000.000000000000000 ) ;
#325 =( NAMED_UNIT ( * ) PLANE_ANGLE_UNIT ( ) SI_UNIT ( $, .RADIAN. ) );
#326 = UNCERTAINTY_MEASURE_WITH_UNIT (LENGTH_MEASURE( 1.000000000000000082E-05 ), #2158, 'distance_accuracy_value', 'NONE');
#327 = MECHANICAL_DESIGN_GEOMETRIC_PRESENTATION_REPRESENTATION (  '', ( #83 ), #2363 ) ;
#328 = DIRECTION ( 'NONE',  ( 1.000000000000000000, 0.000000000000000000, 0.000000000000000000 ) ) ;
#329 = ORIENTED_EDGE ( 'NONE', *, *, #890, .F. ) ;
#330 = DIRECTION ( 'NONE',  ( -1.000000000000000000, 0.000000000000000000, -0.000000000000000000 ) ) ;
#331 =( LENGTH_UNIT ( ) NAMED_UNIT ( * ) SI_UNIT ( .MILLI., .METRE. ) );
#332 =( NAMED_UNIT ( * ) PLANE_ANGLE_UNIT ( ) SI_UNIT ( $, .RADIAN. ) );
#333 =( NAMED_UNIT ( * ) PLANE_ANGLE_UNIT ( ) SI_UNIT ( $, .RADIAN. ) );
#334 = SURFACE_SIDE_STYLE ('',( #1915 ) ) ;
#335 = ORIENTED_EDGE ( 'NONE', *, *, #419, .T. ) ;
#336 = DIRECTION ( 'NONE',  ( 0.000000000000000000, 0.000000000000000000, 1.000000000000000000 ) ) ;
#337 = SURFACE_STYLE_FILL_AREA ( #2371 ) ;
#338 = CARTESIAN_POINT ( 'NONE',  ( 0.8500000000000000888, 0.000000000000000000, -0.6999999999999998446 ) ) ;
#339 =( LENGTH_UNIT ( ) NAMED_UNIT ( * ) SI_UNIT ( .MILLI., .METRE. ) );
#340 = SURFACE_STYLE_FILL_AREA ( #1184 ) ;
#341 = UNCERTAINTY_MEASURE_WITH_UNIT (LENGTH_MEASURE( 1.000000000000000082E-05 ), #2065, 'distance_accuracy_value', 'NONE');
#342 = CARTESIAN_POINT ( 'NONE',  ( -0.1999999999999999833, 0.2000000000000000111, -1.099999999999999867 ) ) ;
#343 =( NAMED_UNIT ( * ) PLANE_ANGLE_UNIT ( ) SI_UNIT ( $, .RADIAN. ) );
#344 = DIRECTION ( 'NONE',  ( 1.355252715606880296E-16, 0.000000000000000000, 1.000000000000000000 ) ) ;
#345 = ORIENTED_EDGE ( 'NONE', *, *, #95, .T. ) ;
#346 = CARTESIAN_POINT ( 'NONE',  ( -0.8500000000000001998, 0.2000000000000000111, 0.7000000000000001776 ) ) ;
#347 =( NAMED_UNIT ( * ) PLANE_ANGLE_UNIT ( ) SI_UNIT ( $, .RADIAN. ) );
#348 = VERTEX_POINT ( 'NONE', #203 ) ;
#349 = CARTESIAN_POINT ( 'NONE',  ( 0.8499999999999998668, 0.2000000000000000111, 0.7000000000000001776 ) ) ;
#350 =( GEOMETRIC_REPRESENTATION_CONTEXT ( 3 ) GLOBAL_UNCERTAINTY_ASSIGNED_CONTEXT ( ( #1813 ) ) GLOBAL_UNIT_ASSIGNED_CONTEXT ( ( #2460, #861, #2680 ) ) REPRESENTATION_CONTEXT ( 'NONE', 'WORKASPACE' ) );
#351 = EDGE_CURVE ( 'NONE', #75, #557, #1150, .T. ) ;
#352 = PRESENTATION_LAYER_ASSIGNMENT (  '', '', ( #1259 ) ) ;
#353 = PRESENTATION_LAYER_ASSIGNMENT (  '', '', ( #1948 ) ) ;
#354 = LINE ( 'NONE', #386, #684 ) ;
#355 = VECTOR ( 'NONE', #1027, 1000.000000000000000 ) ;
#356 = VERTEX_POINT ( 'NONE', #651 ) ;
#357 = DIRECTION ( 'NONE',  ( 0.000000000000000000, 0.000000000000000000, -1.000000000000000000 ) ) ;
#358 = EDGE_CURVE ( 'NONE', #1613, #1737, #2279, .T. ) ;
#359 = CARTESIAN_POINT ( 'NONE',  ( 0.4500000000000000111, 0.000000000000000000, -0.6999999999999998446 ) ) ;
#360 = CARTESIAN_POINT ( 'NONE',  ( 0.4499999999999997891, 0.000000000000000000, 1.100000000000000311 ) ) ;
#361 = MECHANICAL_DESIGN_GEOMETRIC_PRESENTATION_REPRESENTATION (  '', ( #1758 ), #501 ) ;
#362 = VERTEX_POINT ( 'NONE', #427 ) ;
#363 = PRESENTATION_LAYER_ASSIGNMENT (  '', '', ( #1358 ) ) ;
#364 = PRESENTATION_STYLE_ASSIGNMENT (( #1241 ) ) ;
#365 = PRESENTATION_LAYER_ASSIGNMENT (  '', '', ( #2935 ) ) ;
#366 = CARTESIAN_POINT ( 'NONE',  ( 0.1999999999999998723, 0.2000000000000000111, 0.7000000000000001776 ) ) ;
#367 = VECTOR ( 'NONE', #116, 1000.000000000000000 ) ;
#368 = CARTESIAN_POINT ( 'NONE',  ( -0.4500000000000000666, 0.2000000000000000111, 1.100000000000000311 ) ) ;
#369 = COLOUR_RGB ( '',0.7529411764705882248, 0.7529411764705882248, 0.7529411764705882248 ) ;
#370 = SURFACE_STYLE_USAGE ( .BOTH. , #131 ) ;
#371 = ADVANCED_FACE ( 'NONE', ( #1333 ), #1995, .T. ) ;
#372 = AXIS2_PLACEMENT_3D ( 'NONE', #1131, #32, #1792 ) ;
#373 = DIRECTION ( 'NONE',  ( 0.000000000000000000, 0.000000000000000000, -1.000000000000000000 ) ) ;
#374 = LINE ( 'NONE', #1507, #1442 ) ;
#375 =( LENGTH_UNIT ( ) NAMED_UNIT ( * ) SI_UNIT ( .MILLI., .METRE. ) );
#376 = ORIENTED_EDGE ( 'NONE', *, *, #78, .F. ) ;
#377 = SURFACE_STYLE_USAGE ( .BOTH. , #797 ) ;
#378 = COLOUR_RGB ( '',0.7529411764705882248, 0.7529411764705882248, 0.7529411764705882248 ) ;
#379 = SURFACE_STYLE_USAGE ( .BOTH. , #2157 ) ;
#380 = ORIENTED_EDGE ( 'NONE', *, *, #1230, .T. ) ;
#381 = DIRECTION ( 'NONE',  ( -1.355252715606880296E-16, -0.000000000000000000, -1.000000000000000000 ) ) ;
#382 =( LENGTH_UNIT ( ) NAMED_UNIT ( * ) SI_UNIT ( .MILLI., .METRE. ) );
#383 = EDGE_LOOP ( 'NONE', ( #1910, #2224, #461, #2526 ) ) ;
#384 = ADVANCED_FACE ( 'NONE', ( #2653 ), #2838, .F. ) ;
#385 = PRESENTATION_STYLE_ASSIGNMENT (( #1474 ) ) ;
#386 = CARTESIAN_POINT ( 'NONE',  ( 0.8499999999999998668, 0.000000000000000000, 0.7000000000000001776 ) ) ;
#387 = EDGE_CURVE ( 'NONE', #1158, #956, #2383, .T. ) ;
#388 = SURFACE_SIDE_STYLE ('',( #1508 ) ) ;
#389 = ORIENTED_EDGE ( 'NONE', *, *, #1401, .F. ) ;
#390 =( NAMED_UNIT ( * ) SI_UNIT ( $, .STERADIAN. ) SOLID_ANGLE_UNIT ( ) );
#391 = EDGE_CURVE ( 'NONE', #2758, #482, #2592, .T. ) ;
#392 = CARTESIAN_POINT ( 'NONE',  ( -0.8499999999999999778, 0.000000000000000000, -1.099999999999999867 ) ) ;
#393 = EDGE_LOOP ( 'NONE', ( #848, #2511, #2879, #2828, #46, #543, #1810, #24, #1706, #2884, #1297, #1292, #953, #1766, #1965, #2268, #2110, #1265, #2369, #2168, #1187, #265, #998, #2537, #2729, #2188, #278, #2463 ) ) ;
#394 = DIRECTION ( 'NONE',  ( 0.000000000000000000, 0.000000000000000000, -1.000000000000000000 ) ) ;
#395 =( LENGTH_UNIT ( ) NAMED_UNIT ( * ) SI_UNIT ( .MILLI., .METRE. ) );
#396 = CARTESIAN_POINT ( 'NONE',  ( 0.4500000000000000111, 0.000000000000000000, -0.6999999999999998446 ) ) ;
#397 = ORIENTED_EDGE ( 'NONE', *, *, #2167, .T. ) ;
#398 = MECHANICAL_DESIGN_GEOMETRIC_PRESENTATION_REPRESENTATION (  '', ( #829 ), #1202 ) ;
#399 = DIRECTION ( 'NONE',  ( -0.000000000000000000, -0.000000000000000000, -1.000000000000000000 ) ) ;
#400 = PRESENTATION_LAYER_ASSIGNMENT (  '', '', ( #1659 ) ) ;
#401 = VERTEX_POINT ( 'NONE', #2193 ) ;
#402 = LINE ( 'NONE', #1076, #277 ) ;
#403 = VECTOR ( 'NONE', #1156, 1000.000000000000000 ) ;
#404 = ORIENTED_EDGE ( 'NONE', *, *, #1319, .F. ) ;
#405 = CARTESIAN_POINT ( 'NONE',  ( -0.9756346360029738429, 0.8499999999999999778, 9.990193479117147991E-15 ) ) ;
#406 = PRESENTATION_STYLE_ASSIGNMENT (( #1081 ) ) ;
#407 = PLANE ( 'NONE',  #1970 ) ;
#408 = STYLED_ITEM ( 'NONE', ( #858 ), #2060 ) ;
#409 = ORIENTED_EDGE ( 'NONE', *, *, #1319, .T. ) ;
#410 = VECTOR ( 'NONE', #1526, 1000.000000000000000 ) ;
#411 = SURFACE_SIDE_STYLE ('',( #2041 ) ) ;
#412 = CARTESIAN_POINT ( 'NONE',  ( 0.2000000000000000944, 0.000000000000000000, -1.099999999999999867 ) ) ;
#413 =( GEOMETRIC_REPRESENTATION_CONTEXT ( 3 ) GLOBAL_UNCERTAINTY_ASSIGNED_CONTEXT ( ( #882 ) ) GLOBAL_UNIT_ASSIGNED_CONTEXT ( ( #1922, #1345, #2491 ) ) REPRESENTATION_CONTEXT ( 'NONE', 'WORKASPACE' ) );
#414 = LINE ( 'NONE', #2410, #1852 ) ;
#415 = VECTOR ( 'NONE', #1786, 1000.000000000000000 ) ;
#416 = ORIENTED_EDGE ( 'NONE', *, *, #2334, .F. ) ;
#417 = STYLED_ITEM ( 'NONE', ( #837 ), #2223 ) ;
#418 = FACE_OUTER_BOUND ( 'NONE', #812, .T. ) ;
#419 = EDGE_CURVE ( 'NONE', #2467, #695, #173, .T. ) ;
#420 = PLANE ( 'NONE',  #2837 ) ;
#421 = UNCERTAINTY_MEASURE_WITH_UNIT (LENGTH_MEASURE( 1.000000000000000082E-05 ), #47, 'distance_accuracy_value', 'NONE');
#422 =( LENGTH_UNIT ( ) NAMED_UNIT ( * ) SI_UNIT ( .MILLI., .METRE. ) );
#423 = CARTESIAN_POINT ( 'NONE',  ( 0.9756346360029473086, 0.8499999999999999778, -0.8256346360029763742 ) ) ;
#424 =( NAMED_UNIT ( * ) PLANE_ANGLE_UNIT ( ) SI_UNIT ( $, .RADIAN. ) );
#425 = EDGE_CURVE ( 'NONE', #1332, #2692, #2401, .T. ) ;
#426 = VERTEX_POINT ( 'NONE', #1055 ) ;
#427 = CARTESIAN_POINT ( 'NONE',  ( -0.2000000000000002054, 0.2000000000000000111, 1.100000000000000311 ) ) ;
#428 = PRESENTATION_STYLE_ASSIGNMENT (( #2888 ) ) ;
#429 = ORIENTED_EDGE ( 'NONE', *, *, #351, .F. ) ;
#430 = PLANE ( 'NONE',  #2420 ) ;
#431 = CARTESIAN_POINT ( 'NONE',  ( 0.8500000000000000888, 0.2000000000000000111, -1.099999999999999867 ) ) ;
#432 = CARTESIAN_POINT ( 'NONE',  ( 0.8500000000000000888, 0.2000000000000000111, -1.099999999999999867 ) ) ;
#433 = UNCERTAINTY_MEASURE_WITH_UNIT (LENGTH_MEASURE( 1.000000000000000082E-05 ), #1884, 'distance_accuracy_value', 'NONE');
#434 = SURFACE_STYLE_FILL_AREA ( #2916 ) ;
#435 = DIRECTION ( 'NONE',  ( 1.355252715606880296E-16, 0.000000000000000000, 1.000000000000000000 ) ) ;
#436 = FACE_OUTER_BOUND ( 'NONE', #685, .T. ) ;
#437 =( NAMED_UNIT ( * ) PLANE_ANGLE_UNIT ( ) SI_UNIT ( $, .RADIAN. ) );
#438 = CARTESIAN_POINT ( 'NONE',  ( 0.1999999999999998723, 0.2000000000000000111, 0.7000000000000001776 ) ) ;
#439 = VERTEX_POINT ( 'NONE', #2883 ) ;
#440 = SURFACE_SIDE_STYLE ('',( #2292 ) ) ;
#441 = LINE ( 'NONE', #1099, #452 ) ;
#442 = CARTESIAN_POINT ( 'NONE',  ( 0.2000000000000000944, 0.2000000000000000111, -1.099999999999999867 ) ) ;
#443 = ADVANCED_FACE ( 'NONE', ( #1933 ), #407, .F. ) ;
#444 = AXIS2_PLACEMENT_3D ( 'NONE', #2817, #1466, #526 ) ;
#445 = CARTESIAN_POINT ( 'NONE',  ( 0.4500000000000000111, 0.2000000000000000111, -0.8825022672948270586 ) ) ;
#446 =( GEOMETRIC_REPRESENTATION_CONTEXT ( 3 ) GLOBAL_UNCERTAINTY_ASSIGNED_CONTEXT ( ( #268 ) ) GLOBAL_UNIT_ASSIGNED_CONTEXT ( ( #1875, #106, #784 ) ) REPRESENTATION_CONTEXT ( 'NONE', 'WORKASPACE' ) );
#447 = EDGE_LOOP ( 'NONE', ( #1056, #2230, #2517, #2431 ) ) ;
#448 = DIRECTION ( 'NONE',  ( -0.000000000000000000, -1.000000000000000000, -0.000000000000000000 ) ) ;
#449 = SURFACE_STYLE_USAGE ( .BOTH. , #1543 ) ;
#450 = EDGE_CURVE ( 'NONE', #2444, #2078, #2472, .T. ) ;
#451 = VECTOR ( 'NONE', #1889, 1000.000000000000000 ) ;
#452 = VECTOR ( 'NONE', #2685, 1000.000000000000000 ) ;
#453 = EDGE_LOOP ( 'NONE', ( #283, #1317, #1208, #1729 ) ) ;
#454 = FACE_OUTER_BOUND ( 'NONE', #1644, .T. ) ;
#455 = PLANE ( 'NONE',  #2589 ) ;
#456 = AXIS2_PLACEMENT_3D ( 'NONE', #527, #2588, #1882 ) ;
#457 = LINE ( 'NONE', #653, #1718 ) ;
#458 =( GEOMETRIC_REPRESENTATION_CONTEXT ( 3 ) GLOBAL_UNCERTAINTY_ASSIGNED_CONTEXT ( ( #918 ) ) GLOBAL_UNIT_ASSIGNED_CONTEXT ( ( #638, #198, #1106 ) ) REPRESENTATION_CONTEXT ( 'NONE', 'WORKASPACE' ) );
#459 = SURFACE_SIDE_STYLE ('',( #274 ) ) ;
#460 = EDGE_CURVE ( 'NONE', #2328, #139, #2906, .T. ) ;
#461 = ORIENTED_EDGE ( 'NONE', *, *, #714, .T. ) ;
#462 =( GEOMETRIC_REPRESENTATION_CONTEXT ( 3 ) GLOBAL_UNCERTAINTY_ASSIGNED_CONTEXT ( ( #2233 ) ) GLOBAL_UNIT_ASSIGNED_CONTEXT ( ( #1946, #1499, #154 ) ) REPRESENTATION_CONTEXT ( 'NONE', 'WORKASPACE' ) );
#463 = CARTESIAN_POINT ( 'NONE',  ( 0.2000000000000000944, 0.2000000000000000111, -1.099999999999999867 ) ) ;
#464 = MECHANICAL_DESIGN_GEOMETRIC_PRESENTATION_REPRESENTATION (  '', ( #1364 ), #462 ) ;
#465 = CARTESIAN_POINT ( 'NONE',  ( 0.2000000000000000944, 0.000000000000000000, -0.6999999999999998446 ) ) ;
#466 = VECTOR ( 'NONE', #878, 1000.000000000000000 ) ;
#467 = FACE_OUTER_BOUND ( 'NONE', #50, .T. ) ;
#468 = PRESENTATION_STYLE_ASSIGNMENT (( #215 ) ) ;
#469 = ORIENTED_EDGE ( 'NONE', *, *, #2129, .F. ) ;
#470 =( NAMED_UNIT ( * ) PLANE_ANGLE_UNIT ( ) SI_UNIT ( $, .RADIAN. ) );
#471 = FILL_AREA_STYLE_COLOUR ( '', #11 ) ;
#472 = MECHANICAL_DESIGN_GEOMETRIC_PRESENTATION_REPRESENTATION (  '', ( #609 ), #2118 ) ;
#473 = CARTESIAN_POINT ( 'NONE',  ( -0.1999999999999999833, 0.000000000000000000, -1.099999999999999867 ) ) ;
#474 = DIRECTION ( 'NONE',  ( -0.000000000000000000, -0.9961946980917455452, 0.08715574274765820750 ) ) ;
#475 = ADVANCED_FACE ( 'NONE', ( #2727 ), #683, .F. ) ;
#476 = UNCERTAINTY_MEASURE_WITH_UNIT (LENGTH_MEASURE( 1.000000000000000082E-05 ), #2343, 'distance_accuracy_value', 'NONE');
#477 = DIRECTION ( 'NONE',  ( -0.000000000000000000, -0.000000000000000000, -1.000000000000000000 ) ) ;
#478 = EDGE_CURVE ( 'NONE', #1289, #1095, #988, .T. ) ;
#479 = ORIENTED_EDGE ( 'NONE', *, *, #2456, .F. ) ;
#480 = DIRECTION ( 'NONE',  ( 0.000000000000000000, 0.000000000000000000, 1.000000000000000000 ) ) ;
#481 = CARTESIAN_POINT ( 'NONE',  ( 0.000000000000000000, 0.000000000000000000, 0.9000000000000001332 ) ) ;
#482 = VERTEX_POINT ( 'NONE', #1382 ) ;
#483 = LINE ( 'NONE', #1223, #1653 ) ;
#484 = SURFACE_STYLE_USAGE ( .BOTH. , #1155 ) ;
#485 = CARTESIAN_POINT ( 'NONE',  ( 0.000000000000000000, 0.000000000000000000, -0.9000000000000119016 ) ) ;
#486 = ADVANCED_FACE ( 'NONE', ( #1622 ), #2290, .F. ) ;
#487 = DIRECTION ( 'NONE',  ( 0.000000000000000000, 0.000000000000000000, 1.000000000000000000 ) ) ;
#488 = SURFACE_SIDE_STYLE ('',( #1593 ) ) ;
#489 = VECTOR ( 'NONE', #1369, 1000.000000000000000 ) ;
#490 = ORIENTED_EDGE ( 'NONE', *, *, #2165, .T. ) ;
#491 = VECTOR ( 'NONE', #2367, 1000.000000000000000 ) ;
#492 = CARTESIAN_POINT ( 'NONE',  ( -0.8499999999999999778, 0.000000000000000000, -0.6999999999999998446 ) ) ;
#493 = EDGE_LOOP ( 'NONE', ( #1818, #553, #2627, #983 ) ) ;
#494 =( NAMED_UNIT ( * ) PLANE_ANGLE_UNIT ( ) SI_UNIT ( $, .RADIAN. ) );
#495 = DIRECTION ( 'NONE',  ( 0.000000000000000000, 0.000000000000000000, 1.000000000000000000 ) ) ;
#496 = EDGE_LOOP ( 'NONE', ( #1306, #962, #1406, #1237 ) ) ;
#497 = DIRECTION ( 'NONE',  ( 0.000000000000000000, 0.000000000000000000, -1.000000000000000000 ) ) ;
#498 = UNCERTAINTY_MEASURE_WITH_UNIT (LENGTH_MEASURE( 1.000000000000000082E-05 ), #2561, 'distance_accuracy_value', 'NONE');
#499 =( GEOMETRIC_REPRESENTATION_CONTEXT ( 3 ) GLOBAL_UNCERTAINTY_ASSIGNED_CONTEXT ( ( #2374 ) ) GLOBAL_UNIT_ASSIGNED_CONTEXT ( ( #1886, #1917, #94 ) ) REPRESENTATION_CONTEXT ( 'NONE', 'WORKASPACE' ) );
#500 = CARTESIAN_POINT ( 'NONE',  ( -0.1999999999999999833, 0.2000000000000000111, -0.6999999999999998446 ) ) ;
#501 =( GEOMETRIC_REPRESENTATION_CONTEXT ( 3 ) GLOBAL_UNCERTAINTY_ASSIGNED_CONTEXT ( ( #996 ) ) GLOBAL_UNIT_ASSIGNED_CONTEXT ( ( #2645, #2876, #1477 ) ) REPRESENTATION_CONTEXT ( 'NONE', 'WORKASPACE' ) );
#502 = PRESENTATION_LAYER_ASSIGNMENT (  '', '', ( #408 ) ) ;
#503 = ORIENTED_EDGE ( 'NONE', *, *, #62, .T. ) ;
#504 = STYLED_ITEM ( 'NONE', ( #1943 ), #1009 ) ;
#505 =( NAMED_UNIT ( * ) SI_UNIT ( $, .STERADIAN. ) SOLID_ANGLE_UNIT ( ) );
#506 = EDGE_CURVE ( 'NONE', #426, #1454, #1271, .T. ) ;
#507 = DIRECTION ( 'NONE',  ( 1.000000000000000000, 0.000000000000000000, 0.000000000000000000 ) ) ;
#508 = DIRECTION ( 'NONE',  ( -1.000000000000000000, -0.000000000000000000, -0.000000000000000000 ) ) ;
#509 = MECHANICAL_DESIGN_GEOMETRIC_PRESENTATION_REPRESENTATION (  '', ( #894 ), #2504 ) ;
#510 = LINE ( 'NONE', #1413, #2405 ) ;
#511 = AXIS2_PLACEMENT_3D ( 'NONE', #1572, #2297, #2522 ) ;
#512 = EDGE_LOOP ( 'NONE', ( #1481, #823, #1951, #1883 ) ) ;
#513 = SURFACE_STYLE_FILL_AREA ( #2086 ) ;
#514 = FILL_AREA_STYLE ('',( #708 ) ) ;
#515 = EDGE_CURVE ( 'NONE', #426, #966, #276, .T. ) ;
#516 =( LENGTH_UNIT ( ) NAMED_UNIT ( * ) SI_UNIT ( .MILLI., .METRE. ) );
#517 = PRESENTATION_STYLE_ASSIGNMENT (( #1830 ) ) ;
#518 = MECHANICAL_DESIGN_GEOMETRIC_PRESENTATION_REPRESENTATION (  '', ( #2652 ), #2162 ) ;
#519 = FILL_AREA_STYLE_COLOUR ( '', #2928 ) ;
#520 = FILL_AREA_STYLE ('',( #84 ) ) ;
#521 = ORIENTED_EDGE ( 'NONE', *, *, #1704, .F. ) ;
#522 = SURFACE_SIDE_STYLE ('',( #2556 ) ) ;
#523 = PRESENTATION_STYLE_ASSIGNMENT (( #290 ) ) ;
#524 = SURFACE_SIDE_STYLE ('',( #1871 ) ) ;
#525 = EDGE_CURVE ( 'NONE', #2816, #2532, #2186, .T. ) ;
#526 = DIRECTION ( 'NONE',  ( 0.000000000000000000, 0.000000000000000000, 1.000000000000000000 ) ) ;
#527 = CARTESIAN_POINT ( 'NONE',  ( -0.4500000000000001221, 0.2000000000000000111, 0.7000000000000001776 ) ) ;
#528 = ORIENTED_EDGE ( 'NONE', *, *, #2134, .F. ) ;
#529 = PLANE ( 'NONE',  #1967 ) ;
#530 =( NAMED_UNIT ( * ) PLANE_ANGLE_UNIT ( ) SI_UNIT ( $, .RADIAN. ) );
#531 = EDGE_CURVE ( 'NONE', #1324, #2358, #2900, .T. ) ;
#532 =( LENGTH_UNIT ( ) NAMED_UNIT ( * ) SI_UNIT ( .MILLI., .METRE. ) );
#533 =( NAMED_UNIT ( * ) PLANE_ANGLE_UNIT ( ) SI_UNIT ( $, .RADIAN. ) );
#534 = FACE_OUTER_BOUND ( 'NONE', #2454, .T. ) ;
#535 = ORIENTED_EDGE ( 'NONE', *, *, #1726, .F. ) ;
#536 =( LENGTH_UNIT ( ) NAMED_UNIT ( * ) SI_UNIT ( .MILLI., .METRE. ) );
#537 = LINE ( 'NONE', #2137, #367 ) ;
#538 = ORIENTED_EDGE ( 'NONE', *, *, #1025, .F. ) ;
#539 = FACE_OUTER_BOUND ( 'NONE', #447, .T. ) ;
#540 = FILL_AREA_STYLE ('',( #1001 ) ) ;
#541 = SURFACE_STYLE_USAGE ( .BOTH. , #1660 ) ;
#542 = VECTOR ( 'NONE', #2105, 1000.000000000000000 ) ;
#543 = ORIENTED_EDGE ( 'NONE', *, *, #2857, .T. ) ;
#544 = DIRECTION ( 'NONE',  ( -0.000000000000000000, -1.000000000000000000, -0.000000000000000000 ) ) ;
#545 =( NAMED_UNIT ( * ) SI_UNIT ( $, .STERADIAN. ) SOLID_ANGLE_UNIT ( ) );
#546 = SURFACE_STYLE_FILL_AREA ( #2576 ) ;
#547 = CARTESIAN_POINT ( 'NONE',  ( 0.4500000000000000111, 0.2000000000000000111, -1.099999999999999867 ) ) ;
#548 = UNCERTAINTY_MEASURE_WITH_UNIT (LENGTH_MEASURE( 1.000000000000000082E-05 ), #724, 'distance_accuracy_value', 'NONE');
#549 = UNCERTAINTY_MEASURE_WITH_UNIT (LENGTH_MEASURE( 1.000000000000000082E-05 ), #1118, 'distance_accuracy_value', 'NONE');
#550 = VERTEX_POINT ( 'NONE', #188 ) ;
#551 = AXIS2_PLACEMENT_3D ( 'NONE', #1303, #1280, #2216 ) ;
#552 = CARTESIAN_POINT ( 'NONE',  ( -0.1999999999999999833, 0.2000000000000000111, -0.6999999999999998446 ) ) ;
#553 = ORIENTED_EDGE ( 'NONE', *, *, #1101, .F. ) ;
#554 = PLANE ( 'NONE',  #886 ) ;
#555 = PRESENTATION_LAYER_ASSIGNMENT (  '', '', ( #1809 ) ) ;
#556 = PRESENTATION_LAYER_ASSIGNMENT (  '', '', ( #2253 ) ) ;
#557 = VERTEX_POINT ( 'NONE', #2424 ) ;
#558 = MECHANICAL_DESIGN_GEOMETRIC_PRESENTATION_REPRESENTATION (  '', ( #1361 ), #1270 ) ;
#559 = DIRECTION ( 'NONE',  ( 0.000000000000000000, 0.000000000000000000, -1.000000000000000000 ) ) ;
#560 = FILL_AREA_STYLE ('',( #993 ) ) ;
#561 = STYLED_ITEM ( 'NONE', ( #686 ), #2483 ) ;
#562 = UNCERTAINTY_MEASURE_WITH_UNIT (LENGTH_MEASURE( 1.000000000000000082E-05 ), #959, 'distance_accuracy_value', 'NONE');
#563 = ADVANCED_FACE ( 'NONE', ( #454 ), #1579, .F. ) ;
#564 = AXIS2_PLACEMENT_3D ( 'NONE', #584, #2605, #1950 ) ;
#565 = SURFACE_SIDE_STYLE ('',( #43 ) ) ;
#566 = FILL_AREA_STYLE_COLOUR ( '', #2490 ) ;
#567 = PLANE ( 'NONE',  #1267 ) ;
#568 = ORIENTED_EDGE ( 'NONE', *, *, #102, .F. ) ;
#569 = CARTESIAN_POINT ( 'NONE',  ( -0.8499999999999999778, 0.2000000000000000111, -1.099999999999999867 ) ) ;
#570 =( NAMED_UNIT ( * ) SI_UNIT ( $, .STERADIAN. ) SOLID_ANGLE_UNIT ( ) );
#571 = ORIENTED_EDGE ( 'NONE', *, *, #2395, .T. ) ;
#572 = LINE ( 'NONE', #2851, #2360 ) ;
#573 = EDGE_CURVE ( 'NONE', #1377, #2931, #1149, .T. ) ;
#574 = DIRECTION ( 'NONE',  ( -0.000000000000000000, -1.000000000000000000, -0.000000000000000000 ) ) ;
#575 = DIRECTION ( 'NONE',  ( -0.000000000000000000, -1.000000000000000000, -0.000000000000000000 ) ) ;
#576 = PRESENTATION_STYLE_ASSIGNMENT (( #1680 ) ) ;
#577 = LINE ( 'NONE', #2180, #355 ) ;
#578 = VERTEX_POINT ( 'NONE', #2313 ) ;
#579 = SURFACE_STYLE_USAGE ( .BOTH. , #1250 ) ;
#580 = CARTESIAN_POINT ( 'NONE',  ( -1.050000000000000044, 0.000000000000000000, 0.9000000000000001332 ) ) ;
#581 = ORIENTED_EDGE ( 'NONE', *, *, #1177, .T. ) ;
#582 = VECTOR ( 'NONE', #912, 1000.000000000000000 ) ;
#583 = FILL_AREA_STYLE_COLOUR ( '', #2386 ) ;
#584 = CARTESIAN_POINT ( 'NONE',  ( -0.8499999999999999778, 0.2000000000000000111, -1.099999999999999867 ) ) ;
#585 = DIRECTION ( 'NONE',  ( 0.000000000000000000, 0.000000000000000000, 1.000000000000000000 ) ) ;
#586 = STYLED_ITEM ( 'NONE', ( #975 ), #1517 ) ;
#587 = FILL_AREA_STYLE ('',( #2319 ) ) ;
#588 = COLOUR_RGB ( '',0.7529411764705882248, 0.7529411764705882248, 0.7529411764705882248 ) ;
#589 = DIRECTION ( 'NONE',  ( -1.000000000000000000, -0.000000000000000000, -0.000000000000000000 ) ) ;
#590 = COLOUR_RGB ( '',0.2509803921568627416, 0.2509803921568627416, 0.2509803921568627416 ) ;
#591 = VECTOR ( 'NONE', #1045, 1000.000000000000000 ) ;
#592 = ORIENTED_EDGE ( 'NONE', *, *, #2095, .T. ) ;
#593 = CARTESIAN_POINT ( 'NONE',  ( -0.4500000000000001221, 0.2000000000000000111, 0.7000000000000001776 ) ) ;
#594 = CARTESIAN_POINT ( 'NONE',  ( -1.050000000000000044, 0.000000000000000000, 0.9000000000000001332 ) ) ;
#595 = ADVANCED_FACE ( 'NONE', ( #1181 ), #2264, .T. ) ;
#596 = ORIENTED_EDGE ( 'NONE', *, *, #478, .F. ) ;
#597 = MECHANICAL_DESIGN_GEOMETRIC_PRESENTATION_REPRESENTATION (  '', ( #1358 ), #1959 ) ;
#598 = PRESENTATION_STYLE_ASSIGNMENT (( #1689 ) ) ;
#599 = PRESENTATION_LAYER_ASSIGNMENT (  '', '', ( #798 ) ) ;
#600 = ORIENTED_EDGE ( 'NONE', *, *, #2656, .F. ) ;
#601 = COLOUR_RGB ( '',0.2509803921568627416, 0.2509803921568627416, 0.2509803921568627416 ) ;
#602 = EDGE_CURVE ( 'NONE', #1449, #2807, #15, .T. ) ;
#603 = VECTOR ( 'NONE', #753, 1000.000000000000000 ) ;
#604 =( NAMED_UNIT ( * ) SI_UNIT ( $, .STERADIAN. ) SOLID_ANGLE_UNIT ( ) );
#605 = ADVANCED_FACE ( 'NONE', ( #2506 ), #33, .T. ) ;
#606 = CARTESIAN_POINT ( 'NONE',  ( -0.2000000000000002054, 0.000000000000000000, 1.100000000000000311 ) ) ;
#607 = SURFACE_SIDE_STYLE ('',( #1323 ) ) ;
#608 = ORIENTED_EDGE ( 'NONE', *, *, #2777, .T. ) ;
#609 = STYLED_ITEM ( 'NONE', ( #2660 ), #204 ) ;
#610 = ORIENTED_EDGE ( 'NONE', *, *, #969, .F. ) ;
#611 = EDGE_CURVE ( 'NONE', #1248, #1714, #1899, .T. ) ;
#612 = SURFACE_STYLE_FILL_AREA ( #2650 ) ;
#613 = FILL_AREA_STYLE ('',( #1315 ) ) ;
#614 = ORIENTED_EDGE ( 'NONE', *, *, #2622, .T. ) ;
#615 =( NAMED_UNIT ( * ) PLANE_ANGLE_UNIT ( ) SI_UNIT ( $, .RADIAN. ) );
#616 = LINE ( 'NONE', #1261, #591 ) ;
#617 = DIRECTION ( 'NONE',  ( 0.000000000000000000, 0.000000000000000000, 1.000000000000000000 ) ) ;
#618 = ORIENTED_EDGE ( 'NONE', *, *, #1082, .F. ) ;
#619 = ADVANCED_FACE ( 'NONE', ( #2145 ), #1273, .F. ) ;
#620 = PRESENTATION_STYLE_ASSIGNMENT (( #2675 ) ) ;
#621 = AXIS2_PLACEMENT_3D ( 'NONE', #1192, #2286, #1636 ) ;
#622 = SURFACE_STYLE_FILL_AREA ( #294 ) ;
#623 = DIRECTION ( 'NONE',  ( 0.000000000000000000, 1.000000000000000000, 0.000000000000000000 ) ) ;
#624 = UNCERTAINTY_MEASURE_WITH_UNIT (LENGTH_MEASURE( 1.000000000000000082E-05 ), #2761, 'distance_accuracy_value', 'NONE');
#625 = EDGE_LOOP ( 'NONE', ( #735, #2070, #1945, #1960 ) ) ;
#626 = MECHANICAL_DESIGN_GEOMETRIC_PRESENTATION_REPRESENTATION (  '', ( #255 ), #2919 ) ;
#627 = CARTESIAN_POINT ( 'NONE',  ( -0.4500000000000001221, 0.000000000000000000, 0.7000000000000001776 ) ) ;
#628 = ORIENTED_EDGE ( 'NONE', *, *, #2825, .T. ) ;
#629 = PRESENTATION_LAYER_ASSIGNMENT (  '', '', ( #2923 ) ) ;
#630 =( NAMED_UNIT ( * ) PLANE_ANGLE_UNIT ( ) SI_UNIT ( $, .RADIAN. ) );
#631 = DIRECTION ( 'NONE',  ( 1.000000000000000000, 0.000000000000000000, 0.000000000000000000 ) ) ;
#632 = CARTESIAN_POINT ( 'NONE',  ( -0.4499999999999999001, 0.000000000000000000, -0.9000000000000119016 ) ) ;
#633 = SURFACE_SIDE_STYLE ('',( #2620 ) ) ;
#634 = AXIS2_PLACEMENT_3D ( 'NONE', #240, #2025, #2293 ) ;
#635 = ORIENTED_EDGE ( 'NONE', *, *, #45, .F. ) ;
#636 = MECHANICAL_DESIGN_GEOMETRIC_PRESENTATION_REPRESENTATION (  '', ( #2044 ), #2098 ) ;
#637 =( NAMED_UNIT ( * ) SI_UNIT ( $, .STERADIAN. ) SOLID_ANGLE_UNIT ( ) );
#638 =( LENGTH_UNIT ( ) NAMED_UNIT ( * ) SI_UNIT ( .MILLI., .METRE. ) );
#639 = DIRECTION ( 'NONE',  ( -1.000000000000000000, -0.000000000000000000, -0.000000000000000000 ) ) ;
#640 =( GEOMETRIC_REPRESENTATION_CONTEXT ( 3 ) GLOBAL_UNCERTAINTY_ASSIGNED_CONTEXT ( ( #110 ) ) GLOBAL_UNIT_ASSIGNED_CONTEXT ( ( #1765, #1949, #2700 ) ) REPRESENTATION_CONTEXT ( 'NONE', 'WORKASPACE' ) );
#641 = UNCERTAINTY_MEASURE_WITH_UNIT (LENGTH_MEASURE( 1.000000000000000082E-05 ), #2272, 'distance_accuracy_value', 'NONE');
#642 = SURFACE_STYLE_FILL_AREA ( #2206 ) ;
#643 = SURFACE_SIDE_STYLE ('',( #1722 ) ) ;
#644 = CARTESIAN_POINT ( 'NONE',  ( -0.2000000000000002054, 0.000000000000000000, 0.7000000000000001776 ) ) ;
#645 = SURFACE_STYLE_FILL_AREA ( #613 ) ;
#646 =( LENGTH_UNIT ( ) NAMED_UNIT ( * ) SI_UNIT ( .MILLI., .METRE. ) );
#647 = PRESENTATION_LAYER_ASSIGNMENT (  '', '', ( #20 ) ) ;
#648 = VECTOR ( 'NONE', #1107, 1000.000000000000000 ) ;
#649 = ORIENTED_EDGE ( 'NONE', *, *, #1230, .F. ) ;
#650 = MECHANICAL_DESIGN_GEOMETRIC_PRESENTATION_REPRESENTATION (  '', ( #2253 ), #846 ) ;
#651 = CARTESIAN_POINT ( 'NONE',  ( 0.2000000000000000944, 0.2000000000000000111, -0.6999999999999998446 ) ) ;
#652 = EDGE_CURVE ( 'NONE', #840, #1714, #1211, .T. ) ;
#653 = CARTESIAN_POINT ( 'NONE',  ( -0.8499999999999999778, 0.2000000000000000111, -1.099999999999999867 ) ) ;
#654 = ORIENTED_EDGE ( 'NONE', *, *, #2957, .T. ) ;
#655 = SURFACE_SIDE_STYLE ('',( #2231 ) ) ;
#656 = EDGE_CURVE ( 'NONE', #1757, #1377, #803, .T. ) ;
#657 = SURFACE_STYLE_FILL_AREA ( #2525 ) ;
#658 = CARTESIAN_POINT ( 'NONE',  ( -0.9756346360029821696, 0.8499999999999999778, -0.8256346360029763742 ) ) ;
#659 = LINE ( 'NONE', #1328, #2818 ) ;
#660 = FILL_AREA_STYLE_COLOUR ( '', #727 ) ;
#661 = SURFACE_SIDE_STYLE ('',( #2237 ) ) ;
#662 = ORIENTED_EDGE ( 'NONE', *, *, #771, .T. ) ;
#663 = EDGE_CURVE ( 'NONE', #482, #833, #992, .T. ) ;
#664 = APPLICATION_PROTOCOL_DEFINITION ( 'draft international standard', 'automotive_design', 1998, #2298 ) ;
#665 = CLOSED_SHELL ( 'NONE', ( #486, #2523, #2716, #2248, #595, #563 ) ) ;
#666 = CARTESIAN_POINT ( 'NONE',  ( -0.8499999999999999778, 0.000000000000000000, -1.099999999999999867 ) ) ;
#667 = ORIENTED_EDGE ( 'NONE', *, *, #2708, .T. ) ;
#668 = LINE ( 'NONE', #1820, #2149 ) ;
#669 = LINE ( 'NONE', #481, #1862 ) ;
#670 = ORIENTED_EDGE ( 'NONE', *, *, #2763, .F. ) ;
#671 = LINE ( 'NONE', #2741, #108 ) ;
#672 = CARTESIAN_POINT ( 'NONE',  ( 0.8500000000000000888, 0.2000000000000000111, -0.6999999999999998446 ) ) ;
#673 = ORIENTED_EDGE ( 'NONE', *, *, #1493, .T. ) ;
#674 = CARTESIAN_POINT ( 'NONE',  ( 0.4499999999999996780, 0.000000000000000000, 0.9000000000000001332 ) ) ;
#675 =( NAMED_UNIT ( * ) PLANE_ANGLE_UNIT ( ) SI_UNIT ( $, .RADIAN. ) );
#676 = DIRECTION ( 'NONE',  ( -0.000000000000000000, -0.000000000000000000, -1.000000000000000000 ) ) ;
#677 = VERTEX_POINT ( 'NONE', #2809 ) ;
#678 = DIRECTION ( 'NONE',  ( -0.000000000000000000, -0.000000000000000000, -1.000000000000000000 ) ) ;
#679 = PRESENTATION_LAYER_ASSIGNMENT (  '', '', ( #2044 ) ) ;
#681 = CARTESIAN_POINT ( 'NONE',  ( -0.4499999999999999001, 0.000000000000000000, -1.099999999999999867 ) ) ;
#680 = VECTOR ( 'NONE', #2222, 1000.000000000000000 ) ;
#682 = SURFACE_STYLE_USAGE ( .BOTH. , #2771 ) ;
#683 = PLANE ( 'NONE',  #2734 ) ;
#684 = VECTOR ( 'NONE', #1290, 1000.000000000000000 ) ;
#685 = EDGE_LOOP ( 'NONE', ( #608, #2020, #1196, #1464 ) ) ;
#686 = PRESENTATION_STYLE_ASSIGNMENT (( #2713 ) ) ;
#687 = VECTOR ( 'NONE', #1311, 1000.000000000000114 ) ;
#688 = DIRECTION ( 'NONE',  ( 1.000000000000000000, -0.000000000000000000, -0.000000000000000000 ) ) ;
#689 = LINE ( 'NONE', #473, #2781 ) ;
#690 = MECHANICAL_DESIGN_GEOMETRIC_PRESENTATION_REPRESENTATION (  '', ( #20 ), #1541 ) ;
#691 = CARTESIAN_POINT ( 'NONE',  ( 1.050000000000000266, 0.000000000000000000, 0.9000000000000001332 ) ) ;
#692 = COLOUR_RGB ( '',0.7529411764705882248, 0.7529411764705882248, 0.7529411764705882248 ) ;
#693 = MECHANICAL_DESIGN_GEOMETRIC_PRESENTATION_REPRESENTATION (  '', ( #72 ), #1906 ) ;
#694 = CARTESIAN_POINT ( 'NONE',  ( 0.4500000000000000111, 0.000000000000000000, -1.099999999999999867 ) ) ;
#695 = VERTEX_POINT ( 'NONE', #323 ) ;
#696 = EDGE_CURVE ( 'NONE', #2194, #557, #1470, .T. ) ;
#697 = CARTESIAN_POINT ( 'NONE',  ( 0.000000000000000000, 0.2000000000000000111, 0.000000000000000000 ) ) ;
#698 = PLANE ( 'NONE',  #1907 ) ;
#699 = AXIS2_PLACEMENT_3D ( 'NONE', #1469, #336, #2353 ) ;
#700 = AXIS2_PLACEMENT_3D ( 'NONE', #1304, #135, #2658 ) ;
#701 = DIRECTION ( 'NONE',  ( -1.000000000000000000, -0.000000000000000000, -0.000000000000000000 ) ) ;
#702 = VECTOR ( 'NONE', #2667, 1000.000000000000000 ) ;
#703 =( NAMED_UNIT ( * ) PLANE_ANGLE_UNIT ( ) SI_UNIT ( $, .RADIAN. ) );
#704 = ORIENTED_EDGE ( 'NONE', *, *, #2334, .T. ) ;
#705 =( GEOMETRIC_REPRESENTATION_CONTEXT ( 3 ) GLOBAL_UNCERTAINTY_ASSIGNED_CONTEXT ( ( #2109 ) ) GLOBAL_UNIT_ASSIGNED_CONTEXT ( ( #2527, #494, #748 ) ) REPRESENTATION_CONTEXT ( 'NONE', 'WORKASPACE' ) );
#706 = PLANE ( 'NONE',  #699 ) ;
#707 = UNCERTAINTY_MEASURE_WITH_UNIT (LENGTH_MEASURE( 1.000000000000000082E-05 ), #138, 'distance_accuracy_value', 'NONE');
#708 = FILL_AREA_STYLE_COLOUR ( '', #2874 ) ;
#709 = LINE ( 'NONE', #2520, #2488 ) ;
#710 =( LENGTH_UNIT ( ) NAMED_UNIT ( * ) SI_UNIT ( .MILLI., .METRE. ) );
#711 = ORIENTED_EDGE ( 'NONE', *, *, #2613, .F. ) ;
#712 = LINE ( 'NONE', #431, #1266 ) ;
#713 = SURFACE_SIDE_STYLE ('',( #2952 ) ) ;
#714 = EDGE_CURVE ( 'NONE', #889, #966, #2822, .T. ) ;
#715 = ORIENTED_EDGE ( 'NONE', *, *, #1982, .F. ) ;
#716 = CARTESIAN_POINT ( 'NONE',  ( -0.1999999999999999833, 0.2000000000000000111, -0.6999999999999998446 ) ) ;
#717 = PRESENTATION_STYLE_ASSIGNMENT (( #2050 ) ) ;
#718 = SURFACE_SIDE_STYLE ('',( #1564 ) ) ;
#719 = DIRECTION ( 'NONE',  ( 0.000000000000000000, 0.000000000000000000, -1.000000000000000000 ) ) ;
#720 = ORIENTED_EDGE ( 'NONE', *, *, #525, .F. ) ;
#721 = SURFACE_SIDE_STYLE ('',( #1828 ) ) ;
#722 = DIRECTION ( 'NONE',  ( -1.000000000000000000, -0.000000000000000000, -0.000000000000000000 ) ) ;
#723 = DIRECTION ( 'NONE',  ( -1.000000000000000000, 0.000000000000000000, 0.000000000000000000 ) ) ;
#724 =( LENGTH_UNIT ( ) NAMED_UNIT ( * ) SI_UNIT ( .MILLI., .METRE. ) );
#725 = ORIENTED_EDGE ( 'NONE', *, *, #1395, .F. ) ;
#726 = AXIS2_PLACEMENT_3D ( 'NONE', #2429, #2441, #1308 ) ;
#727 = COLOUR_RGB ( '',0.7921568627450980005, 0.8196078431372548767, 0.9333333333333333481 ) ;
#728 = DIRECTION ( 'NONE',  ( 1.000000000000000000, 0.000000000000000000, 0.000000000000000000 ) ) ;
#729 = FILL_AREA_STYLE ('',( #1176 ) ) ;
#730 = DIRECTION ( 'NONE',  ( -1.000000000000000000, -0.000000000000000000, -0.000000000000000000 ) ) ;
#731 = CARTESIAN_POINT ( 'NONE',  ( -0.2000000000000002054, 0.2000000000000000111, 0.7000000000000001776 ) ) ;
#732 = CARTESIAN_POINT ( 'NONE',  ( 0.8500000000000000888, 0.2000000000000000111, -1.099999999999999867 ) ) ;
#733 = DIRECTION ( 'NONE',  ( -0.000000000000000000, -1.000000000000000000, -0.000000000000000000 ) ) ;
#734 = MANIFOLD_SOLID_BREP ( 'Boss-Extrude2[2]', #1186 ) ;
#735 = ORIENTED_EDGE ( 'NONE', *, *, #1952, .T. ) ;
#736 = MECHANICAL_DESIGN_GEOMETRIC_PRESENTATION_REPRESENTATION (  '', ( #1259 ), #499 ) ;
#737 =( LENGTH_UNIT ( ) NAMED_UNIT ( * ) SI_UNIT ( .MILLI., .METRE. ) );
#738 =( NAMED_UNIT ( * ) SI_UNIT ( $, .STERADIAN. ) SOLID_ANGLE_UNIT ( ) );
#739 = PLANE ( 'NONE',  #1040 ) ;
#740 = PRESENTATION_LAYER_ASSIGNMENT (  '', '', ( #2000 ) ) ;
#741 = ADVANCED_FACE ( 'NONE', ( #436 ), #2122, .T. ) ;
#742 = STYLED_ITEM ( 'NONE', ( #2544 ), #1787 ) ;
#743 = EDGE_LOOP ( 'NONE', ( #654, #596, #2321, #1683 ) ) ;
#744 = VECTOR ( 'NONE', #1175, 1000.000000000000000 ) ;
#745 = CARTESIAN_POINT ( 'NONE',  ( -0.2000000000000002054, 0.2000000000000000111, 1.100000000000000311 ) ) ;
#746 = COLOUR_RGB ( '',0.2509803921568627416, 0.2509803921568627416, 0.2509803921568627416 ) ;
#747 = VECTOR ( 'NONE', #877, 1000.000000000000000 ) ;
#748 =( NAMED_UNIT ( * ) SI_UNIT ( $, .STERADIAN. ) SOLID_ANGLE_UNIT ( ) );
#749 = EDGE_CURVE ( 'NONE', #21, #2601, #1701, .T. ) ;
#750 = VECTOR ( 'NONE', #288, 1000.000000000000114 ) ;
#751 = LINE ( 'NONE', #1637, #1696 ) ;
#752 = VERTEX_POINT ( 'NONE', #830 ) ;
#753 = DIRECTION ( 'NONE',  ( 0.000000000000000000, 0.000000000000000000, 1.000000000000000000 ) ) ;
#754 = DIRECTION ( 'NONE',  ( -0.000000000000000000, -1.000000000000000000, -0.000000000000000000 ) ) ;
#755 = DIRECTION ( 'NONE',  ( -1.000000000000000000, -0.000000000000000000, -0.000000000000000000 ) ) ;
#756 = EDGE_CURVE ( 'NONE', #2931, #1324, #2418, .T. ) ;
#757 = PRESENTATION_LAYER_ASSIGNMENT (  '', '', ( #609 ) ) ;
#758 = LINE ( 'NONE', #1831, #2582 ) ;
#759 = CARTESIAN_POINT ( 'NONE',  ( -1.050000000000000044, 0.2000000000000000111, 0.8825022672948152902 ) ) ;
#760 = ORIENTED_EDGE ( 'NONE', *, *, #948, .F. ) ;
#761 = FILL_AREA_STYLE_COLOUR ( '', #2788 ) ;
#762 = EDGE_CURVE ( 'NONE', #1879, #2918, #2665, .T. ) ;
#763 = DIRECTION ( 'NONE',  ( 1.000000000000000000, 0.000000000000000000, 0.000000000000000000 ) ) ;
#764 = DIRECTION ( 'NONE',  ( 1.000000000000000000, 0.000000000000000000, 0.000000000000000000 ) ) ;
#765 = PLANE ( 'NONE',  #2870 ) ;
#766 = CARTESIAN_POINT ( 'NONE',  ( 0.4500000000000000111, 0.2000000000000000111, -0.6999999999999998446 ) ) ;
#767 = MANIFOLD_SOLID_BREP ( 'Boss-Extrude2[1]', #2854 ) ;
#768 = ORIENTED_EDGE ( 'NONE', *, *, #1602, .T. ) ;
#769 = SURFACE_SIDE_STYLE ('',( #2104 ) ) ;
#770 = CARTESIAN_POINT ( 'NONE',  ( -0.8499999999999999778, 0.2000000000000000111, -0.6999999999999998446 ) ) ;
#771 = EDGE_CURVE ( 'NONE', #362, #1324, #1763, .T. ) ;
#772 = PLANE ( 'NONE',  #2191 ) ;
#773 = ORIENTED_EDGE ( 'NONE', *, *, #2095, .F. ) ;
#774 = MECHANICAL_DESIGN_GEOMETRIC_PRESENTATION_REPRESENTATION (  '', ( #1051 ), #1741 ) ;
#775 = VECTOR ( 'NONE', #2802, 1000.000000000000000 ) ;
#776 =( LENGTH_UNIT ( ) NAMED_UNIT ( * ) SI_UNIT ( .MILLI., .METRE. ) );
#777 = ORIENTED_EDGE ( 'NONE', *, *, #1611, .T. ) ;
#778 = VECTOR ( 'NONE', #1576, 1000.000000000000000 ) ;
#779 = DIRECTION ( 'NONE',  ( 1.000000000000000000, -0.000000000000000000, -0.000000000000000000 ) ) ;
#780 = DIRECTION ( 'NONE',  ( 0.000000000000000000, 0.000000000000000000, -1.000000000000000000 ) ) ;
#781 = LINE ( 'NONE', #2333, #794 ) ;
#782 = ORIENTED_EDGE ( 'NONE', *, *, #2957, .F. ) ;
#783 = FACE_OUTER_BOUND ( 'NONE', #1742, .T. ) ;
#784 =( NAMED_UNIT ( * ) SI_UNIT ( $, .STERADIAN. ) SOLID_ANGLE_UNIT ( ) );
#785 = SURFACE_STYLE_USAGE ( .BOTH. , #309 ) ;
#786 =( GEOMETRIC_REPRESENTATION_CONTEXT ( 3 ) GLOBAL_UNCERTAINTY_ASSIGNED_CONTEXT ( ( #2677 ) ) GLOBAL_UNIT_ASSIGNED_CONTEXT ( ( #2069, #347, #2849 ) ) REPRESENTATION_CONTEXT ( 'NONE', 'WORKASPACE' ) );
#787 =( NAMED_UNIT ( * ) SI_UNIT ( $, .STERADIAN. ) SOLID_ANGLE_UNIT ( ) );
#788 = PRESENTATION_LAYER_ASSIGNMENT (  '', '', ( #216 ) ) ;
#789 = SURFACE_STYLE_USAGE ( .BOTH. , #1919 ) ;
#790 = VECTOR ( 'NONE', #1194, 1000.000000000000000 ) ;
#791 = UNCERTAINTY_MEASURE_WITH_UNIT (LENGTH_MEASURE( 1.000000000000000082E-05 ), #1554, 'distance_accuracy_value', 'NONE');
#792 = FACE_OUTER_BOUND ( 'NONE', #2421, .T. ) ;
#793 = PLANE ( 'NONE',  #180 ) ;
#794 = VECTOR ( 'NONE', #1685, 1000.000000000000000 ) ;
#795 = ORIENTED_EDGE ( 'NONE', *, *, #948, .T. ) ;
#796 = EDGE_CURVE ( 'NONE', #928, #2931, #671, .T. ) ;
#797 = SURFACE_SIDE_STYLE ('',( #824 ) ) ;
#798 = STYLED_ITEM ( 'NONE', ( #1163 ), #2077 ) ;
#799 = FILL_AREA_STYLE ('',( #120 ) ) ;
#800 =( NAMED_UNIT ( * ) PLANE_ANGLE_UNIT ( ) SI_UNIT ( $, .RADIAN. ) );
#801 = ORIENTED_EDGE ( 'NONE', *, *, #531, .T. ) ;
#802 =( NAMED_UNIT ( * ) SI_UNIT ( $, .STERADIAN. ) SOLID_ANGLE_UNIT ( ) );
#803 = LINE ( 'NONE', #1885, #2092 ) ;
#804 = DIRECTION ( 'NONE',  ( 0.08682659386424675108, -0.9924325091389671893, -0.08682659386424763925 ) ) ;
#805 = MECHANICAL_DESIGN_GEOMETRIC_PRESENTATION_REPRESENTATION (  '', ( #1275 ), #2156 ) ;
#806 = UNCERTAINTY_MEASURE_WITH_UNIT (LENGTH_MEASURE( 1.000000000000000082E-05 ), #1356, 'distance_accuracy_value', 'NONE');
#807 = CARTESIAN_POINT ( 'NONE',  ( 0.000000000000000000, 0.000000000000000000, 0.9000000000000001332 ) ) ;
#808 =( NAMED_UNIT ( * ) SI_UNIT ( $, .STERADIAN. ) SOLID_ANGLE_UNIT ( ) );
#809 = SURFACE_SIDE_STYLE ('',( #145 ) ) ;
#810 = LINE ( 'NONE', #1681, #1305 ) ;
#811 = DIRECTION ( 'NONE',  ( 1.000000000000000000, 0.000000000000000000, 0.000000000000000000 ) ) ;
#812 = EDGE_LOOP ( 'NONE', ( #2950, #2503, #1657, #2115 ) ) ;
#813 =( LENGTH_UNIT ( ) NAMED_UNIT ( * ) SI_UNIT ( .MILLI., .METRE. ) );
#814 = EDGE_CURVE ( 'NONE', #2524, #2142, #2943, .T. ) ;
#815 = PLANE ( 'NONE',  #726 ) ;
#816 = LINE ( 'NONE', #766, #982 ) ;
#817 = EDGE_LOOP ( 'NONE', ( #568, #673, #469, #345, #936, #1700, #2913, #1528, #1447, #2310, #2862, #389, #301, #844, #429, #409 ) ) ;
#818 = CARTESIAN_POINT ( 'NONE',  ( -0.1999999999999998723, 0.000000000000000000, -0.9000000000000119016 ) ) ;
#819 = FILL_AREA_STYLE_COLOUR ( '', #590 ) ;
#820 = DIRECTION ( 'NONE',  ( 1.000000000000000000, -0.000000000000000000, -0.000000000000000000 ) ) ;
#821 =( NAMED_UNIT ( * ) PLANE_ANGLE_UNIT ( ) SI_UNIT ( $, .RADIAN. ) );
#822 = EDGE_CURVE ( 'NONE', #840, #677, #1780, .T. ) ;
#823 = ORIENTED_EDGE ( 'NONE', *, *, #2577, .F. ) ;
#824 = SURFACE_STYLE_FILL_AREA ( #2863 ) ;
#825 = FILL_AREA_STYLE ('',( #151 ) ) ;
#826 = SURFACE_STYLE_USAGE ( .BOTH. , #1511 ) ;
#827 = EDGE_LOOP ( 'NONE', ( #2767, #1934, #1893, #148 ) ) ;
#828 = CARTESIAN_POINT ( 'NONE',  ( 0.4500000000000000111, 0.2000000000000000111, -1.099999999999999867 ) ) ;
#829 = STYLED_ITEM ( 'NONE', ( #1745 ), #1000 ) ;
#830 = CARTESIAN_POINT ( 'NONE',  ( -0.4499999999999999001, 0.000000000000000000, -0.6999999999999998446 ) ) ;
#831 = DIRECTION ( 'NONE',  ( 1.000000000000000000, 0.000000000000000000, 0.000000000000000000 ) ) ;
#832 = MECHANICAL_DESIGN_GEOMETRIC_PRESENTATION_REPRESENTATION (  '', ( #1478 ), #2136 ) ;
#833 = VERTEX_POINT ( 'NONE', #681 ) ;
#834 = PRESENTATION_LAYER_ASSIGNMENT (  '', '', ( #2096 ) ) ;
#835 = FACE_OUTER_BOUND ( 'NONE', #1475, .T. ) ;
#836 = AXIS2_PLACEMENT_3D ( 'NONE', #2591, #1020, #1274 ) ;
#837 = PRESENTATION_STYLE_ASSIGNMENT (( #2388 ) ) ;
#838 = VECTOR ( 'NONE', #157, 1000.000000000000000 ) ;
#839 = VECTOR ( 'NONE', #1537, 1000.000000000000000 ) ;
#840 = VERTEX_POINT ( 'NONE', #1836 ) ;
#841 = CARTESIAN_POINT ( 'NONE',  ( -0.4500000000000001221, 0.2000000000000000111, 0.7000000000000001776 ) ) ;
#842 = LINE ( 'NONE', #199, #2885 ) ;
#843 = ADVANCED_FACE ( 'NONE', ( #1790 ), #943, .T. ) ;
#844 = ORIENTED_EDGE ( 'NONE', *, *, #2951, .T. ) ;
#845 = SURFACE_SIDE_STYLE ('',( #1558 ) ) ;
#846 =( GEOMETRIC_REPRESENTATION_CONTEXT ( 3 ) GLOBAL_UNCERTAINTY_ASSIGNED_CONTEXT ( ( #476 ) ) GLOBAL_UNIT_ASSIGNED_CONTEXT ( ( #2343, #1880, #2111 ) ) REPRESENTATION_CONTEXT ( 'NONE', 'WORKASPACE' ) );
#847 = FILL_AREA_STYLE_COLOUR ( '', #214 ) ;
#848 = ORIENTED_EDGE ( 'NONE', *, *, #2150, .T. ) ;
#849 = PRESENTATION_LAYER_ASSIGNMENT (  '', '', ( #1361 ) ) ;
#850 = DIRECTION ( 'NONE',  ( 1.000000000000000000, 0.000000000000000000, 0.000000000000000000 ) ) ;
#851 =( GEOMETRIC_REPRESENTATION_CONTEXT ( 3 ) GLOBAL_UNCERTAINTY_ASSIGNED_CONTEXT ( ( #1748 ) ) GLOBAL_UNIT_ASSIGNED_CONTEXT ( ( #737, #322, #2548 ) ) REPRESENTATION_CONTEXT ( 'NONE', 'WORKASPACE' ) );
#852 = FILL_AREA_STYLE ('',( #819 ) ) ;
#853 = STYLED_ITEM ( 'NONE', ( #2868 ), #384 ) ;
#854 = LINE ( 'NONE', #2438, #1954 ) ;
#855 = ORIENTED_EDGE ( 'NONE', *, *, #2375, .F. ) ;
#856 = CARTESIAN_POINT ( 'NONE',  ( 0.8499999999999998668, 0.2000000000000000111, 0.7000000000000001776 ) ) ;
#857 = SURFACE_STYLE_FILL_AREA ( #825 ) ;
#858 = PRESENTATION_STYLE_ASSIGNMENT (( #2898 ) ) ;
#859 = ORIENTED_EDGE ( 'NONE', *, *, #1288, .F. ) ;
#860 =( NAMED_UNIT ( * ) SI_UNIT ( $, .STERADIAN. ) SOLID_ANGLE_UNIT ( ) );
#861 =( NAMED_UNIT ( * ) PLANE_ANGLE_UNIT ( ) SI_UNIT ( $, .RADIAN. ) );
#862 = VERTEX_POINT ( 'NONE', #2256 ) ;
#863 = SURFACE_STYLE_FILL_AREA ( #1691 ) ;
#864 = EDGE_CURVE ( 'NONE', #313, #2791, #2051, .T. ) ;
#865 = CARTESIAN_POINT ( 'NONE',  ( -0.8500000000000001998, 0.2000000000000000111, 1.100000000000000311 ) ) ;
#866 = DIRECTION ( 'NONE',  ( 1.000000000000000000, 0.000000000000000000, -0.000000000000000000 ) ) ;
#867 = ORIENTED_EDGE ( 'NONE', *, *, #1115, .T. ) ;
#868 = SURFACE_STYLE_FILL_AREA ( #1093 ) ;
#869 = LINE ( 'NONE', #2648, #648 ) ;
#870 = UNCERTAINTY_MEASURE_WITH_UNIT (LENGTH_MEASURE( 1.000000000000000082E-05 ), #646, 'distance_accuracy_value', 'NONE');
#871 = SURFACE_STYLE_USAGE ( .BOTH. , #1353 ) ;
#872 =( NAMED_UNIT ( * ) SI_UNIT ( $, .STERADIAN. ) SOLID_ANGLE_UNIT ( ) );
#873 = ORIENTED_EDGE ( 'NONE', *, *, #756, .T. ) ;
#874 = STYLED_ITEM ( 'NONE', ( #1698 ), #989 ) ;
#875 = STYLED_ITEM ( 'NONE', ( #79 ), #619 ) ;
#876 = DIRECTION ( 'NONE',  ( -0.000000000000000000, -1.000000000000000000, -0.000000000000000000 ) ) ;
#877 = DIRECTION ( 'NONE',  ( -1.181180570394984453E-17, 0.9961946980917455452, -0.08715574274765820750 ) ) ;
#878 = DIRECTION ( 'NONE',  ( -0.000000000000000000, -0.000000000000000000, -1.000000000000000000 ) ) ;
#879 = ORIENTED_EDGE ( 'NONE', *, *, #1677, .T. ) ;
#880 =( NAMED_UNIT ( * ) SI_UNIT ( $, .STERADIAN. ) SOLID_ANGLE_UNIT ( ) );
#881 = COLOUR_RGB ( '',0.7529411764705882248, 0.7529411764705882248, 0.7529411764705882248 ) ;
#882 = UNCERTAINTY_MEASURE_WITH_UNIT (LENGTH_MEASURE( 1.000000000000000082E-05 ), #1922, 'distance_accuracy_value', 'NONE');
#883 = FACE_OUTER_BOUND ( 'NONE', #2477, .T. ) ;
#884 = SURFACE_SIDE_STYLE ('',( #2067 ) ) ;
#885 = SURFACE_SIDE_STYLE ('',( #192 ) ) ;
#886 = AXIS2_PLACEMENT_3D ( 'NONE', #1015, #2390, #357 ) ;
#887 = PRESENTATION_STYLE_ASSIGNMENT (( #2259 ) ) ;
#888 = STYLED_ITEM ( 'NONE', ( #1436 ), #1958 ) ;
#889 = VERTEX_POINT ( 'NONE', #2068 ) ;
#890 = EDGE_CURVE ( 'NONE', #940, #578, #44, .T. ) ;
#891 = AXIS2_PLACEMENT_3D ( 'NONE', #2252, #233, #2722 ) ;
#892 = FILL_AREA_STYLE ('',( #2932 ) ) ;
#893 = AXIS2_PLACEMENT_3D ( 'NONE', #26, #1806, #925 ) ;
#894 = STYLED_ITEM ( 'NONE', ( #1663 ), #2626 ) ;
#895 = EDGE_LOOP ( 'NONE', ( #2581, #2378, #2564, #2138 ) ) ;
#896 = DIRECTION ( 'NONE',  ( -1.000000000000000000, 0.000000000000000000, 0.000000000000000000 ) ) ;
#897 = DIRECTION ( 'NONE',  ( -0.000000000000000000, -0.000000000000000000, -1.000000000000000000 ) ) ;
#898 = VECTOR ( 'NONE', #1972, 1000.000000000000000 ) ;
#899 = ORIENTED_EDGE ( 'NONE', *, *, #2139, .F. ) ;
#900 = EDGE_CURVE ( 'NONE', #2328, #313, #2770, .T. ) ;
#901 = FILL_AREA_STYLE ('',( #1165 ) ) ;
#902 = DIRECTION ( 'NONE',  ( 0.08682659386424849968, -0.9924325091389668563, 0.08682659386424761150 ) ) ;
#903 = CARTESIAN_POINT ( 'NONE',  ( 0.1999999999999998723, 0.000000000000000000, 0.7000000000000001776 ) ) ;
#904 = VERTEX_POINT ( 'NONE', #1620 ) ;
#905 = DIRECTION ( 'NONE',  ( 0.000000000000000000, 0.000000000000000000, -1.000000000000000000 ) ) ;
#906 =( LENGTH_UNIT ( ) NAMED_UNIT ( * ) SI_UNIT ( .MILLI., .METRE. ) );
#907 = VERTEX_POINT ( 'NONE', #1145 ) ;
#908 = LINE ( 'NONE', #1335, #744 ) ;
#909 = EDGE_CURVE ( 'NONE', #168, #1384, #248, .T. ) ;
#910 = DIRECTION ( 'NONE',  ( -1.355252715606880296E-16, -0.000000000000000000, -1.000000000000000000 ) ) ;
#911 = LINE ( 'NONE', #1574, #489 ) ;
#912 = DIRECTION ( 'NONE',  ( -0.000000000000000000, -1.000000000000000000, -0.000000000000000000 ) ) ;
#913 = LINE ( 'NONE', #672, #790 ) ;
#914 = CARTESIAN_POINT ( 'NONE',  ( 0.000000000000000000, 0.000000000000000000, 0.000000000000000000 ) ) ;
#915 = ORIENTED_EDGE ( 'NONE', *, *, #2763, .T. ) ;
#916 =( NAMED_UNIT ( * ) SI_UNIT ( $, .STERADIAN. ) SOLID_ANGLE_UNIT ( ) );
#917 = EDGE_CURVE ( 'NONE', #578, #85, #2022, .T. ) ;
#918 = UNCERTAINTY_MEASURE_WITH_UNIT (LENGTH_MEASURE( 1.000000000000000082E-05 ), #638, 'distance_accuracy_value', 'NONE');
#919 =( NAMED_UNIT ( * ) PLANE_ANGLE_UNIT ( ) SI_UNIT ( $, .RADIAN. ) );
#920 = VECTOR ( 'NONE', #1651, 1000.000000000000000 ) ;
#921 = VERTEX_POINT ( 'NONE', #1853 ) ;
#922 = CARTESIAN_POINT ( 'NONE',  ( -0.8499999999999999778, 0.2000000000000000111, -1.099999999999999867 ) ) ;
#923 =( NAMED_UNIT ( * ) SI_UNIT ( $, .STERADIAN. ) SOLID_ANGLE_UNIT ( ) );
#924 = ORIENTED_EDGE ( 'NONE', *, *, #478, .T. ) ;
#925 = DIRECTION ( 'NONE',  ( 0.000000000000000000, -0.000000000000000000, 1.000000000000000000 ) ) ;
#926 =( GEOMETRIC_REPRESENTATION_CONTEXT ( 3 ) GLOBAL_UNCERTAINTY_ASSIGNED_CONTEXT ( ( #1666 ) ) GLOBAL_UNIT_ASSIGNED_CONTEXT ( ( #2192, #2904, #2052 ) ) REPRESENTATION_CONTEXT ( 'NONE', 'WORKASPACE' ) );
#927 = VECTOR ( 'NONE', #722, 1000.000000000000000 ) ;
#928 = VERTEX_POINT ( 'NONE', #1422 ) ;
#929 = DIRECTION ( 'NONE',  ( -1.000000000000000000, 0.000000000000000000, -0.000000000000000000 ) ) ;
#930 = CARTESIAN_POINT ( 'NONE',  ( 0.1999999999999999278, 0.2000000000000000111, 1.100000000000000311 ) ) ;
#931 =( GEOMETRIC_REPRESENTATION_CONTEXT ( 3 ) GLOBAL_UNCERTAINTY_ASSIGNED_CONTEXT ( ( #1732 ) ) GLOBAL_UNIT_ASSIGNED_CONTEXT ( ( #532, #325, #977 ) ) REPRESENTATION_CONTEXT ( 'NONE', 'WORKASPACE' ) );
#932 = DIRECTION ( 'NONE',  ( -0.08715574274765820750, 0.9961946980917455452, 0.000000000000000000 ) ) ;
#933 =( GEOMETRIC_REPRESENTATION_CONTEXT ( 3 ) GLOBAL_UNCERTAINTY_ASSIGNED_CONTEXT ( ( #806 ) ) GLOBAL_UNIT_ASSIGNED_CONTEXT ( ( #1356, #1146, #1837 ) ) REPRESENTATION_CONTEXT ( 'NONE', 'WORKASPACE' ) );
#934 = CARTESIAN_POINT ( 'NONE',  ( -0.4500000000000001221, 0.000000000000000000, 0.7000000000000001776 ) ) ;
#935 = ADVANCED_FACE ( 'NONE', ( #2332 ), #765, .T. ) ;
#936 = ORIENTED_EDGE ( 'NONE', *, *, #2777, .F. ) ;
#937 = DIRECTION ( 'NONE',  ( -0.000000000000000000, -1.000000000000000000, -0.000000000000000000 ) ) ;
#938 =( NAMED_UNIT ( * ) PLANE_ANGLE_UNIT ( ) SI_UNIT ( $, .RADIAN. ) );
#939 = PRESENTATION_LAYER_ASSIGNMENT (  '', '', ( #1451 ) ) ;
#940 = VERTEX_POINT ( 'NONE', #1412 ) ;
#941 = PRESENTATION_STYLE_ASSIGNMENT (( #317 ) ) ;
#942 = PLANE ( 'NONE',  #2204 ) ;
#943 = PLANE ( 'NONE',  #1014 ) ;
#944 = COLOUR_RGB ( '',0.7529411764705882248, 0.7529411764705882248, 0.7529411764705882248 ) ;
#945 = ORIENTED_EDGE ( 'NONE', *, *, #890, .T. ) ;
#946 = CARTESIAN_POINT ( 'NONE',  ( -0.8500000000000001998, 0.2000000000000000111, 0.7000000000000001776 ) ) ;
#947 = SURFACE_STYLE_FILL_AREA ( #2744 ) ;
#948 = EDGE_CURVE ( 'NONE', #1347, #239, #751, .T. ) ;
#949 = CARTESIAN_POINT ( 'NONE',  ( 0.1999999999999998723, 0.2000000000000000111, 0.7000000000000001776 ) ) ;
#950 = CARTESIAN_POINT ( 'NONE',  ( -0.8500000000000001998, 0.000000000000000000, 0.7000000000000001776 ) ) ;
#951 = ORIENTED_EDGE ( 'NONE', *, *, #2721, .T. ) ;
#952 =( NAMED_UNIT ( * ) PLANE_ANGLE_UNIT ( ) SI_UNIT ( $, .RADIAN. ) );
#953 = ORIENTED_EDGE ( 'NONE', *, *, #2075, .F. ) ;
#954 =( NAMED_UNIT ( * ) PLANE_ANGLE_UNIT ( ) SI_UNIT ( $, .RADIAN. ) );
#955 = FILL_AREA_STYLE_COLOUR ( '', #1166 ) ;
#956 = VERTEX_POINT ( 'NONE', #1017 ) ;
#957 = PRESENTATION_STYLE_ASSIGNMENT (( #1827 ) ) ;
#958 = SURFACE_STYLE_USAGE ( .BOTH. , #2714 ) ;
#959 =( LENGTH_UNIT ( ) NAMED_UNIT ( * ) SI_UNIT ( .MILLI., .METRE. ) );
#960 = ADVANCED_FACE ( 'NONE', ( #2348 ), #70, .T. ) ;
#961 = FILL_AREA_STYLE ('',( #1363 ) ) ;
#962 = ORIENTED_EDGE ( 'NONE', *, *, #1142, .F. ) ;
#963 = VECTOR ( 'NONE', #2757, 1000.000000000000000 ) ;
#964 =( NAMED_UNIT ( * ) SI_UNIT ( $, .STERADIAN. ) SOLID_ANGLE_UNIT ( ) );
#965 =( LENGTH_UNIT ( ) NAMED_UNIT ( * ) SI_UNIT ( .MILLI., .METRE. ) );
#966 = VERTEX_POINT ( 'NONE', #1034 ) ;
#967 = CARTESIAN_POINT ( 'NONE',  ( -0.4499999999999999001, 0.2000000000000000111, -0.6999999999999998446 ) ) ;
#968 = VECTOR ( 'NONE', #688, 1000.000000000000000 ) ;
#969 = EDGE_CURVE ( 'NONE', #956, #2644, #2082, .T. ) ;
#970 = FILL_AREA_STYLE ('',( #2545 ) ) ;
#971 = ORIENTED_EDGE ( 'NONE', *, *, #2901, .T. ) ;
#972 = PRESENTATION_LAYER_ASSIGNMENT (  '', '', ( #586 ) ) ;
#973 = VECTOR ( 'NONE', #2633, 1000.000000000000000 ) ;
#974 = LINE ( 'NONE', #2792, #603 ) ;
#975 = PRESENTATION_STYLE_ASSIGNMENT (( #1986 ) ) ;
#976 = MECHANICAL_DESIGN_GEOMETRIC_PRESENTATION_REPRESENTATION (  '', ( #2628 ), #63 ) ;
#977 =( NAMED_UNIT ( * ) SI_UNIT ( $, .STERADIAN. ) SOLID_ANGLE_UNIT ( ) );
#978 = VECTOR ( 'NONE', #2890, 1000.000000000000000 ) ;
#979 = EDGE_CURVE ( 'NONE', #550, #2473, #1252, .T. ) ;
#980 = DIRECTION ( 'NONE',  ( -0.000000000000000000, -0.000000000000000000, -1.000000000000000000 ) ) ;
#981 = PRESENTATION_STYLE_ASSIGNMENT (( #1878 ) ) ;
#982 = VECTOR ( 'NONE', #1269, 1000.000000000000000 ) ;
#983 = ORIENTED_EDGE ( 'NONE', *, *, #2813, .T. ) ;
#984 = VECTOR ( 'NONE', #1235, 1000.000000000000114 ) ;
#985 = CARTESIAN_POINT ( 'NONE',  ( 0.9756346360029557463, 0.8499999999999999778, -9.990193479116963398E-15 ) ) ;
#986 = VECTOR ( 'NONE', #477, 1000.000000000000000 ) ;
#987 = SURFACE_STYLE_FILL_AREA ( #799 ) ;
#988 = LINE ( 'NONE', #2084, #1068 ) ;
#989 = ADVANCED_FACE ( 'NONE', ( #2847 ), #815, .T. ) ;
#990 = MECHANICAL_DESIGN_GEOMETRIC_PRESENTATION_REPRESENTATION (  '', ( #417 ), #1585 ) ;
#991 = ORIENTED_EDGE ( 'NONE', *, *, #1254, .T. ) ;
#992 = LINE ( 'NONE', #2615, #1842 ) ;
#993 = FILL_AREA_STYLE_COLOUR ( '', #1069 ) ;
#994 = CARTESIAN_POINT ( 'NONE',  ( -0.2000000000000002054, 0.000000000000000000, 0.7000000000000001776 ) ) ;
#995 = SURFACE_STYLE_FILL_AREA ( #520 ) ;
#996 = UNCERTAINTY_MEASURE_WITH_UNIT (LENGTH_MEASURE( 1.000000000000000082E-05 ), #2645, 'distance_accuracy_value', 'NONE');
#997 = VERTEX_POINT ( 'NONE', #593 ) ;
#998 = ORIENTED_EDGE ( 'NONE', *, *, #1911, .T. ) ;
#999 = CARTESIAN_POINT ( 'NONE',  ( 0.4499999999999997891, 0.000000000000000000, 0.7000000000000001776 ) ) ;
#1000 = ADVANCED_FACE ( 'NONE', ( #1049 ), #1325, .F. ) ;
#1001 = FILL_AREA_STYLE_COLOUR ( '', #2671 ) ;
#1002 = DIRECTION ( 'NONE',  ( -0.000000000000000000, -0.000000000000000000, -1.000000000000000000 ) ) ;
#1003 = EDGE_CURVE ( 'NONE', #1737, #1586, #166, .T. ) ;
#1004 = EDGE_LOOP ( 'NONE', ( #380, #123, #251, #628 ) ) ;
#1005 = SURFACE_STYLE_USAGE ( .BOTH. , #76 ) ;
#1006 = CARTESIAN_POINT ( 'NONE',  ( -0.8500000000000001998, 0.2000000000000000111, 0.7000000000000001776 ) ) ;
#1007 = UNCERTAINTY_MEASURE_WITH_UNIT (LENGTH_MEASURE( 1.000000000000000082E-05 ), #382, 'distance_accuracy_value', 'NONE');
#1008 = SURFACE_STYLE_USAGE ( .BOTH. , #1021 ) ;
#1009 = ADVANCED_FACE ( 'NONE', ( #418 ), #2391, .F. ) ;
#1010 = PRESENTATION_LAYER_ASSIGNMENT (  '', '', ( #2284 ) ) ;
#1011 = DIRECTION ( 'NONE',  ( -1.000000000000000000, -0.000000000000000000, -0.000000000000000000 ) ) ;
#1012 = CARTESIAN_POINT ( 'NONE',  ( 1.050000000000000266, 0.000000000000000000, 0.9000000000000001332 ) ) ;
#1013 = ORIENTED_EDGE ( 'NONE', *, *, #219, .F. ) ;
#1014 = AXIS2_PLACEMENT_3D ( 'NONE', #1824, #2514, #1807 ) ;
#1015 = CARTESIAN_POINT ( 'NONE',  ( 0.000000000000000000, 0.8499999999999999778, 0.000000000000000000 ) ) ;
#1016 = MECHANICAL_DESIGN_GEOMETRIC_PRESENTATION_REPRESENTATION (  '', ( #875 ), #446 ) ;
#1017 = CARTESIAN_POINT ( 'NONE',  ( 0.4499999999999997891, 0.000000000000000000, 0.7000000000000001776 ) ) ;
#1018 = ORIENTED_EDGE ( 'NONE', *, *, #2042, .F. ) ;
#1019 = LINE ( 'NONE', #2144, #2502 ) ;
#1020 = DIRECTION ( 'NONE',  ( 1.000000000000000000, 0.000000000000000000, 0.000000000000000000 ) ) ;
#1021 = SURFACE_SIDE_STYLE ('',( #340 ) ) ;
#1022 =( GEOMETRIC_REPRESENTATION_CONTEXT ( 3 ) GLOBAL_UNCERTAINTY_ASSIGNED_CONTEXT ( ( #1007 ) ) GLOBAL_UNIT_ASSIGNED_CONTEXT ( ( #382, #437, #1338 ) ) REPRESENTATION_CONTEXT ( 'NONE', 'WORKASPACE' ) );
#1023 = UNCERTAINTY_MEASURE_WITH_UNIT (LENGTH_MEASURE( 1.000000000000000082E-05 ), #965, 'distance_accuracy_value', 'NONE');
#1024 = LINE ( 'NONE', #112, #838 ) ;
#1025 = EDGE_CURVE ( 'NONE', #1454, #889, #1154, .T. ) ;
#1026 = LINE ( 'NONE', #1850, #2594 ) ;
#1027 = DIRECTION ( 'NONE',  ( 0.000000000000000000, 0.000000000000000000, 1.000000000000000000 ) ) ;
#1028 = PRESENTATION_LAYER_ASSIGNMENT (  '', '', ( #1758 ) ) ;
#1029 = LINE ( 'NONE', #1420, #1033 ) ;
#1030 = ORIENTED_EDGE ( 'NONE', *, *, #1611, .F. ) ;
#1031 = LINE ( 'NONE', #1894, #2933 ) ;
#1032 = AXIS2_PLACEMENT_3D ( 'NONE', #1479, #1962, #185 ) ;
#1033 = VECTOR ( 'NONE', #87, 1000.000000000000000 ) ;
#1034 = CARTESIAN_POINT ( 'NONE',  ( -0.8499999999999999778, 0.000000000000000000, -0.6999999999999998446 ) ) ;
#1035 = CARTESIAN_POINT ( 'NONE',  ( 0.1999999999999999278, 0.2000000000000000111, 1.100000000000000311 ) ) ;
#1036 = MECHANICAL_DESIGN_GEOMETRIC_PRESENTATION_REPRESENTATION (  '', ( #2549 ), #1863 ) ;
#1037 = ORIENTED_EDGE ( 'NONE', *, *, #1771, .F. ) ;
#1038 =( NAMED_UNIT ( * ) PLANE_ANGLE_UNIT ( ) SI_UNIT ( $, .RADIAN. ) );
#1039 = LINE ( 'NONE', #2604, #17 ) ;
#1040 = AXIS2_PLACEMENT_3D ( 'NONE', #2798, #905, #929 ) ;
#1041 = DIRECTION ( 'NONE',  ( -0.000000000000000000, -0.000000000000000000, -1.000000000000000000 ) ) ;
#1042 =( LENGTH_UNIT ( ) NAMED_UNIT ( * ) SI_UNIT ( .MILLI., .METRE. ) );
#1043 = EDGE_CURVE ( 'NONE', #550, #2029, #1789, .T. ) ;
#1044 = FACE_OUTER_BOUND ( 'NONE', #156, .T. ) ;
#1045 = DIRECTION ( 'NONE',  ( 1.000000000000000000, 0.000000000000000000, 0.000000000000000000 ) ) ;
#1046 = FILL_AREA_STYLE ('',( #1263 ) ) ;
#1047 = ORIENTED_EDGE ( 'NONE', *, *, #1819, .F. ) ;
#1048 = FACE_OUTER_BOUND ( 'NONE', #1004, .T. ) ;
#1049 = FACE_OUTER_BOUND ( 'NONE', #164, .T. ) ;
#1050 =( NAMED_UNIT ( * ) SI_UNIT ( $, .STERADIAN. ) SOLID_ANGLE_UNIT ( ) );
#1051 = STYLED_ITEM ( 'NONE', ( #1108 ), #16 ) ;
#1052 = ORIENTED_EDGE ( 'NONE', *, *, #1819, .T. ) ;
#1053 = FACE_OUTER_BOUND ( 'NONE', #2261, .T. ) ;
#1054 = LINE ( 'NONE', #155, #1117 ) ;
#1055 = CARTESIAN_POINT ( 'NONE',  ( -0.8499999999999999778, 0.000000000000000000, -0.9000000000000119016 ) ) ;
#1056 = ORIENTED_EDGE ( 'NONE', *, *, #525, .T. ) ;
#1057 = PRODUCT_DEFINITION ( 'UNKNOWN', '', #2141, #2806 ) ;
#1058 = CARTESIAN_POINT ( 'NONE',  ( 0.000000000000000000, 0.000000000000000000, 0.000000000000000000 ) ) ;
#1059 = LINE ( 'NONE', #632, #2398 ) ;
#1060 = EDGE_CURVE ( 'NONE', #1559, #1248, #2720, .T. ) ;
#1061 = FILL_AREA_STYLE_COLOUR ( '', #2747 ) ;
#1062 = SURFACE_SIDE_STYLE ('',( #152 ) ) ;
#1063 = CARTESIAN_POINT ( 'NONE',  ( 0.2000000000000000944, 0.2000000000000000111, -1.099999999999999867 ) ) ;
#1064 = ORIENTED_EDGE ( 'NONE', *, *, #796, .T. ) ;
#1065 = EDGE_CURVE ( 'NONE', #2799, #2328, #908, .T. ) ;
#1066 = AXIS2_PLACEMENT_3D ( 'NONE', #1858, #2337, #559 ) ;
#1067 = VERTEX_POINT ( 'NONE', #42 ) ;
#1068 = VECTOR ( 'NONE', #733, 1000.000000000000000 ) ;
#1069 = COLOUR_RGB ( '',0.2509803921568627416, 0.2509803921568627416, 0.2509803921568627416 ) ;
#1070 = CARTESIAN_POINT ( 'NONE',  ( -0.4499999999999999001, 0.2000000000000000111, -1.099999999999999867 ) ) ;
#1071 = CARTESIAN_POINT ( 'NONE',  ( 0.1999999999999998723, 0.000000000000000000, 0.7000000000000001776 ) ) ;
#1072 = DIRECTION ( 'NONE',  ( 0.000000000000000000, 0.000000000000000000, -1.000000000000000000 ) ) ;
#1073 = ORIENTED_EDGE ( 'NONE', *, *, #2610, .T. ) ;
#1074 =( NAMED_UNIT ( * ) PLANE_ANGLE_UNIT ( ) SI_UNIT ( $, .RADIAN. ) );
#1075 = COLOUR_RGB ( '',0.7529411764705882248, 0.7529411764705882248, 0.7529411764705882248 ) ;
#1076 = CARTESIAN_POINT ( 'NONE',  ( -0.8500000000000001998, 0.2000000000000000111, 1.100000000000000311 ) ) ;
#1077 = UNCERTAINTY_MEASURE_WITH_UNIT (LENGTH_MEASURE( 1.000000000000000082E-05 ), #2655, 'distance_accuracy_value', 'NONE');
#1078 = ORIENTED_EDGE ( 'NONE', *, *, #2934, .F. ) ;
#1079 = SURFACE_STYLE_FILL_AREA ( #2208 ) ;
#1080 = VECTOR ( 'NONE', #678, 1000.000000000000000 ) ;
#1081 = SURFACE_STYLE_USAGE ( .BOTH. , #661 ) ;
#1082 = EDGE_CURVE ( 'NONE', #1347, #2735, #2478, .T. ) ;
#1083 = DIRECTION ( 'NONE',  ( 0.000000000000000000, 1.000000000000000000, 0.000000000000000000 ) ) ;
#1084 = ORIENTED_EDGE ( 'NONE', *, *, #262, .T. ) ;
#1085 = AXIS2_PLACEMENT_3D ( 'NONE', #342, #2376, #373 ) ;
#1086 = MECHANICAL_DESIGN_GEOMETRIC_PRESENTATION_REPRESENTATION (  '', ( #81 ), #851 ) ;
#1087 = CARTESIAN_POINT ( 'NONE',  ( -0.8500000000000001998, 0.2000000000000000111, 0.7000000000000001776 ) ) ;
#1088 = AXIS2_PLACEMENT_3D ( 'NONE', #1490, #147, #1072 ) ;
#1089 = CARTESIAN_POINT ( 'NONE',  ( 0.2000000000000000944, 0.000000000000000000, -1.099999999999999867 ) ) ;
#1090 = PLANE ( 'NONE',  #1801 ) ;
#1091 = ORIENTED_EDGE ( 'NONE', *, *, #656, .T. ) ;
#1092 =( LENGTH_UNIT ( ) NAMED_UNIT ( * ) SI_UNIT ( .MILLI., .METRE. ) );
#1093 = FILL_AREA_STYLE ('',( #1928 ) ) ;
#1094 = FACE_OUTER_BOUND ( 'NONE', #1647, .T. ) ;
#1095 = VERTEX_POINT ( 'NONE', #2495 ) ;
#1096 =( NAMED_UNIT ( * ) PLANE_ANGLE_UNIT ( ) SI_UNIT ( $, .RADIAN. ) );
#1097 =( LENGTH_UNIT ( ) NAMED_UNIT ( * ) SI_UNIT ( .MILLI., .METRE. ) );
#1098 = VERTEX_POINT ( 'NONE', #1800 ) ;
#1099 = CARTESIAN_POINT ( 'NONE',  ( 0.8499999999999998668, 0.000000000000000000, 0.7000000000000001776 ) ) ;
#1100 = LINE ( 'NONE', #1070, #2793 ) ;
#1101 = EDGE_CURVE ( 'NONE', #2172, #2078, #2940, .T. ) ;
#1102 = SURFACE_STYLE_FILL_AREA ( #1626 ) ;
#1103 = CARTESIAN_POINT ( 'NONE',  ( -0.1999999999999999833, 0.2000000000000000111, -0.6999999999999998446 ) ) ;
#1104 = ORIENTED_EDGE ( 'NONE', *, *, #2274, .F. ) ;
#1105 = FACE_OUTER_BOUND ( 'NONE', #2318, .T. ) ;
#1106 =( NAMED_UNIT ( * ) SI_UNIT ( $, .STERADIAN. ) SOLID_ANGLE_UNIT ( ) );
#1107 = DIRECTION ( 'NONE',  ( -1.000000000000000000, -0.000000000000000000, -0.000000000000000000 ) ) ;
#1108 = PRESENTATION_STYLE_ASSIGNMENT (( #871 ) ) ;
#1109 = ADVANCED_FACE ( 'NONE', ( #2736 ), #2301, .T. ) ;
#1110 = CARTESIAN_POINT ( 'NONE',  ( -0.1999999999999999833, 0.000000000000000000, -1.099999999999999867 ) ) ;
#1111 = ORIENTED_EDGE ( 'NONE', *, *, #1971, .T. ) ;
#1112 = COLOUR_RGB ( '',0.7529411764705882248, 0.7529411764705882248, 0.7529411764705882248 ) ;
#1113 = PRESENTATION_LAYER_ASSIGNMENT (  '', '', ( #2339 ) ) ;
#1114 =( NAMED_UNIT ( * ) PLANE_ANGLE_UNIT ( ) SI_UNIT ( $, .RADIAN. ) );
#1115 = EDGE_CURVE ( 'NONE', #168, #2918, #1161, .T. ) ;
#1116 = ORIENTED_EDGE ( 'NONE', *, *, #102, .T. ) ;
#1117 = VECTOR ( 'NONE', #2682, 1000.000000000000000 ) ;
#1118 =( LENGTH_UNIT ( ) NAMED_UNIT ( * ) SI_UNIT ( .MILLI., .METRE. ) );
#1119 = SURFACE_SIDE_STYLE ('',( #657 ) ) ;
#1120 = PRESENTATION_LAYER_ASSIGNMENT (  '', '', ( #1851 ) ) ;
#1121 = VECTOR ( 'NONE', #1159, 1000.000000000000000 ) ;
#1122 = UNCERTAINTY_MEASURE_WITH_UNIT (LENGTH_MEASURE( 1.000000000000000082E-05 ), #1795, 'distance_accuracy_value', 'NONE');
#1123 = ORIENTED_EDGE ( 'NONE', *, *, #2708, .F. ) ;
#1124 = SURFACE_SIDE_STYLE ('',( #1380 ) ) ;
#1125 = CARTESIAN_POINT ( 'NONE',  ( 0.4499999999999997891, 0.2000000000000000111, 0.7000000000000001776 ) ) ;
#1126 = SURFACE_STYLE_USAGE ( .BOTH. , #885 ) ;
#1127 = AXIS2_PLACEMENT_3D ( 'NONE', #1927, #2414, #1450 ) ;
#1128 = PRESENTATION_LAYER_ASSIGNMENT (  '', '', ( #888 ) ) ;
#1129 = ORIENTED_EDGE ( 'NONE', *, *, #714, .F. ) ;
#1130 = VECTOR ( 'NONE', #1011, 1000.000000000000000 ) ;
#1131 = CARTESIAN_POINT ( 'NONE',  ( 0.4500000000000000111, 0.2000000000000000111, -0.6999999999999998446 ) ) ;
#1132 = DIRECTION ( 'NONE',  ( 0.000000000000000000, 0.000000000000000000, 1.000000000000000000 ) ) ;
#1133 = STYLED_ITEM ( 'NONE', ( #1596 ), #2090 ) ;
#1134 = DIRECTION ( 'NONE',  ( 1.000000000000000000, 0.000000000000000000, -0.000000000000000000 ) ) ;
#1135 = VECTOR ( 'NONE', #2179, 1000.000000000000000 ) ;
#1136 = EDGE_CURVE ( 'NONE', #862, #1855, #668, .T. ) ;
#1137 = VECTOR ( 'NONE', #1643, 1000.000000000000000 ) ;
#1138 = AXIS2_PLACEMENT_3D ( 'NONE', #191, #2881, #394 ) ;
#1139 =( NAMED_UNIT ( * ) SI_UNIT ( $, .STERADIAN. ) SOLID_ANGLE_UNIT ( ) );
#1140 = VECTOR ( 'NONE', #763, 1000.000000000000000 ) ;
#1141 = EDGE_LOOP ( 'NONE', ( #2547, #725, #1930, #2439 ) ) ;
#1142 = EDGE_CURVE ( 'NONE', #2029, #31, #712, .T. ) ;
#1143 = EDGE_LOOP ( 'NONE', ( #1371, #2335, #991, #1222 ) ) ;
#1144 = PRESENTATION_STYLE_ASSIGNMENT (( #484 ) ) ;
#1145 = CARTESIAN_POINT ( 'NONE',  ( -0.2000000000000002054, 0.2000000000000000111, 0.8825022672948152902 ) ) ;
#1146 =( NAMED_UNIT ( * ) PLANE_ANGLE_UNIT ( ) SI_UNIT ( $, .RADIAN. ) );
#1147 = ADVANCED_FACE ( 'NONE', ( #1595 ), #2693, .F. ) ;
#1148 = EDGE_LOOP ( 'NONE', ( #2130, #2649, #945, #2103 ) ) ;
#1149 = LINE ( 'NONE', #2039, #2824 ) ;
#1150 = LINE ( 'NONE', #2920, #1445 ) ;
#1151 = LINE ( 'NONE', #2509, #2827 ) ;
#1152 = DIRECTION ( 'NONE',  ( 0.000000000000000000, 0.000000000000000000, 1.000000000000000000 ) ) ;
#1153 = ORIENTED_EDGE ( 'NONE', *, *, #1432, .F. ) ;
#1154 = LINE ( 'NONE', #922, #2689 ) ;
#1155 = SURFACE_SIDE_STYLE ('',( #1823 ) ) ;
#1156 = DIRECTION ( 'NONE',  ( -1.355252715606880296E-16, -0.000000000000000000, -1.000000000000000000 ) ) ;
#1157 = AXIS2_PLACEMENT_3D ( 'NONE', #2004, #237, #1778 ) ;
#1158 = VERTEX_POINT ( 'NONE', #2800 ) ;
#1159 = DIRECTION ( 'NONE',  ( 1.000000000000000000, 0.000000000000000000, 0.000000000000000000 ) ) ;
#1160 = ORIENTED_EDGE ( 'NONE', *, *, #2403, .T. ) ;
#1161 = LINE ( 'NONE', #22, #2106 ) ;
#1162 =( GEOMETRIC_REPRESENTATION_CONTEXT ( 3 ) GLOBAL_UNCERTAINTY_ASSIGNED_CONTEXT ( ( #421 ) ) GLOBAL_UNIT_ASSIGNED_CONTEXT ( ( #47, #2534, #916 ) ) REPRESENTATION_CONTEXT ( 'NONE', 'WORKASPACE' ) );
#1163 = PRESENTATION_STYLE_ASSIGNMENT (( #1562 ) ) ;
#1164 = PLANE ( 'NONE',  #1127 ) ;
#1165 = FILL_AREA_STYLE_COLOUR ( '', #2356 ) ;
#1166 = COLOUR_RGB ( '',0.7529411764705882248, 0.7529411764705882248, 0.7529411764705882248 ) ;
#1167 = FILL_AREA_STYLE ('',( #264 ) ) ;
#1168 = ORIENTED_EDGE ( 'NONE', *, *, #1719, .F. ) ;
#1169 = CARTESIAN_POINT ( 'NONE',  ( 0.8500000000000000888, 0.000000000000000000, -0.6999999999999998446 ) ) ;
#1170 =( GEOMETRIC_REPRESENTATION_CONTEXT ( 3 ) GLOBAL_UNCERTAINTY_ASSIGNED_CONTEXT ( ( #2606 ) ) GLOBAL_UNIT_ASSIGNED_CONTEXT ( ( #2600, #800, #1050 ) ) REPRESENTATION_CONTEXT ( 'NONE', 'WORKASPACE' ) );
#1171 = FACE_OUTER_BOUND ( 'NONE', #2775, .T. ) ;
#1172 = SURFACE_STYLE_USAGE ( .BOTH. , #459 ) ;
#1173 = ORIENTED_EDGE ( 'NONE', *, *, #771, .F. ) ;
#1174 =( GEOMETRIC_REPRESENTATION_CONTEXT ( 3 ) GLOBAL_UNCERTAINTY_ASSIGNED_CONTEXT ( ( #2696 ) ) GLOBAL_UNIT_ASSIGNED_CONTEXT ( ( #205, #615, #2909 ) ) REPRESENTATION_CONTEXT ( 'NONE', 'WORKASPACE' ) );
#1175 = DIRECTION ( 'NONE',  ( -1.355252715606880296E-16, -0.000000000000000000, -1.000000000000000000 ) ) ;
#1176 = FILL_AREA_STYLE_COLOUR ( '', #746 ) ;
#1177 = EDGE_CURVE ( 'NONE', #1855, #2601, #1834, .T. ) ;
#1178 = FILL_AREA_STYLE ('',( #2740 ) ) ;
#1179 = PRESENTATION_STYLE_ASSIGNMENT (( #682 ) ) ;
#1180 = EDGE_LOOP ( 'NONE', ( #1686, #2865, #1639, #2037 ) ) ;
#1181 = FACE_OUTER_BOUND ( 'NONE', #2833, .T. ) ;
#1182 = EDGE_CURVE ( 'NONE', #426, #2668, #2099, .T. ) ;
#1183 = SURFACE_STYLE_FILL_AREA ( #1198 ) ;
#1184 = FILL_AREA_STYLE ('',( #287 ) ) ;
#1185 = DIRECTION ( 'NONE',  ( -0.000000000000000000, -0.000000000000000000, -1.000000000000000000 ) ) ;
#1186 = CLOSED_SHELL ( 'NONE', ( #1918, #111, #2501, #1775, #2269, #2924 ) ) ;
#1187 = ORIENTED_EDGE ( 'NONE', *, *, #1493, .F. ) ;
#1188 = ADVANCED_FACE ( 'NONE', ( #1891 ), #793, .F. ) ;
#1189 = CARTESIAN_POINT ( 'NONE',  ( 0.8500000000000003109, 0.000000000000000000, -0.9000000000000119016 ) ) ;
#1190 = CARTESIAN_POINT ( 'NONE',  ( -0.8499999999999999778, 0.000000000000000000, -0.6999999999999998446 ) ) ;
#1191 = ORIENTED_EDGE ( 'NONE', *, *, #611, .T. ) ;
#1192 = CARTESIAN_POINT ( 'NONE',  ( -0.8500000000000001998, 0.2000000000000000111, 0.7000000000000001776 ) ) ;
#1193 = SURFACE_STYLE_USAGE ( .BOTH. , #2830 ) ;
#1194 = DIRECTION ( 'NONE',  ( -0.000000000000000000, -1.000000000000000000, -0.000000000000000000 ) ) ;
#1195 = EDGE_CURVE ( 'NONE', #239, #356, #1430, .T. ) ;
#1196 = ORIENTED_EDGE ( 'NONE', *, *, #460, .T. ) ;
#1197 = DIRECTION ( 'NONE',  ( 0.000000000000000000, 0.000000000000000000, 1.000000000000000000 ) ) ;
#1198 = FILL_AREA_STYLE ('',( #1580 ) ) ;
#1199 =( NAMED_UNIT ( * ) SI_UNIT ( $, .STERADIAN. ) SOLID_ANGLE_UNIT ( ) );
#1200 = CARTESIAN_POINT ( 'NONE',  ( -0.8499999999999999778, 0.000000000000000000, -1.099999999999999867 ) ) ;
#1201 = EDGE_LOOP ( 'NONE', ( #1410, #614, #2469, #307 ) ) ;
#1202 =( GEOMETRIC_REPRESENTATION_CONTEXT ( 3 ) GLOBAL_UNCERTAINTY_ASSIGNED_CONTEXT ( ( #2519 ) ) GLOBAL_UNIT_ASSIGNED_CONTEXT ( ( #2203, #1074, #1717 ) ) REPRESENTATION_CONTEXT ( 'NONE', 'WORKASPACE' ) );
#1203 = CARTESIAN_POINT ( 'NONE',  ( -0.2000000000000002054, 0.000000000000000000, 0.9000000000000001332 ) ) ;
#1204 = ORIENTED_EDGE ( 'NONE', *, *, #531, .F. ) ;
#1205 = FILL_AREA_STYLE ('',( #2331 ) ) ;
#1206 = SURFACE_STYLE_USAGE ( .BOTH. , #2140 ) ;
#1207 =( NAMED_UNIT ( * ) SI_UNIT ( $, .STERADIAN. ) SOLID_ANGLE_UNIT ( ) );
#1208 = ORIENTED_EDGE ( 'NONE', *, *, #1395, .T. ) ;
#1209 = PRESENTATION_LAYER_ASSIGNMENT (  '', '', ( #2683 ) ) ;
#1210 = FILL_AREA_STYLE ('',( #308 ) ) ;
#1211 = LINE ( 'NONE', #818, #207 ) ;
#1212 = STYLED_ITEM ( 'NONE', ( #1504 ), #246 ) ;
#1213 = STYLED_ITEM ( 'NONE', ( #2538 ), #1216 ) ;
#1214 = SURFACE_STYLE_FILL_AREA ( #2579 ) ;
#1215 = LINE ( 'NONE', #2094, #1137 ) ;
#1216 = ADVANCED_FACE ( 'NONE', ( #1634 ), #2597, .T. ) ;
#1217 = ORIENTED_EDGE ( 'NONE', *, *, #611, .F. ) ;
#1218 = PRESENTATION_LAYER_ASSIGNMENT (  '', '', ( #72 ) ) ;
#1219 = SURFACE_STYLE_FILL_AREA ( #2361 ) ;
#1220 = SURFACE_STYLE_USAGE ( .BOTH. , #1682 ) ;
#1221 = AXIS2_PLACEMENT_3D ( 'NONE', #2670, #631, #2704 ) ;
#1222 = ORIENTED_EDGE ( 'NONE', *, *, #1877, .T. ) ;
#1223 = CARTESIAN_POINT ( 'NONE',  ( -0.1999999999999999833, 0.000000000000000000, -0.6999999999999998446 ) ) ;
#1224 = VECTOR ( 'NONE', #2241, 1000.000000000000000 ) ;
#1225 = PRESENTATION_STYLE_ASSIGNMENT (( #1206 ) ) ;
#1226 =( GEOMETRIC_REPRESENTATION_CONTEXT ( 3 ) GLOBAL_UNCERTAINTY_ASSIGNED_CONTEXT ( ( #1327 ) ) GLOBAL_UNIT_ASSIGNED_CONTEXT ( ( #1314, #2679, #860 ) ) REPRESENTATION_CONTEXT ( 'NONE', 'WORKASPACE' ) );
#1227 = FILL_AREA_STYLE ('',( #2392 ) ) ;
#1228 = ORIENTED_EDGE ( 'NONE', *, *, #2088, .F. ) ;
#1229 =( GEOMETRIC_REPRESENTATION_CONTEXT ( 3 ) GLOBAL_UNCERTAINTY_ASSIGNED_CONTEXT ( ( #189 ) ) GLOBAL_UNIT_ASSIGNED_CONTEXT ( ( #339, #1243, #787 ) ) REPRESENTATION_CONTEXT ( 'NONE', 'WORKASPACE' ) );
#1230 = EDGE_CURVE ( 'NONE', #1969, #677, #1059, .T. ) ;
#1231 = DIRECTION ( 'NONE',  ( 0.000000000000000000, 0.000000000000000000, 1.000000000000000000 ) ) ;
#1232 = LINE ( 'NONE', #807, #1702 ) ;
#1233 = UNCERTAINTY_MEASURE_WITH_UNIT (LENGTH_MEASURE( 1.000000000000000082E-05 ), #331, 'distance_accuracy_value', 'NONE');
#1234 = ORIENTED_EDGE ( 'NONE', *, *, #217, .F. ) ;
#1235 = DIRECTION ( 'NONE',  ( -0.000000000000000000, -0.9961946980917455452, -0.08715574274765819363 ) ) ;
#1236 = LINE ( 'NONE', #1203, #2937 ) ;
#1237 = ORIENTED_EDGE ( 'NONE', *, *, #979, .T. ) ;
#1238 = DIRECTION ( 'NONE',  ( 0.000000000000000000, 0.000000000000000000, 1.000000000000000000 ) ) ;
#1239 = DIRECTION ( 'NONE',  ( 0.000000000000000000, 0.000000000000000000, 1.000000000000000000 ) ) ;
#1240 = VERTEX_POINT ( 'NONE', #1322 ) ;
#1241 = SURFACE_STYLE_USAGE ( .BOTH. , #1664 ) ;
#1242 = PLANE ( 'NONE',  #2143 ) ;
#1243 =( NAMED_UNIT ( * ) PLANE_ANGLE_UNIT ( ) SI_UNIT ( $, .RADIAN. ) );
#1244 = EDGE_CURVE ( 'NONE', #1248, #2427, #810, .T. ) ;
#1245 = UNCERTAINTY_MEASURE_WITH_UNIT (LENGTH_MEASURE( 1.000000000000000082E-05 ), #516, 'distance_accuracy_value', 'NONE');
#1246 = DIRECTION ( 'NONE',  ( -0.08682659386424675108, -0.9924325091389671893, 0.08682659386424763925 ) ) ;
#1247 = DIRECTION ( 'NONE',  ( -1.023968718458525111E-14, -0.000000000000000000, -1.000000000000000000 ) ) ;
#1248 = VERTEX_POINT ( 'NONE', #160 ) ;
#1249 = MECHANICAL_DESIGN_GEOMETRIC_PRESENTATION_REPRESENTATION (  '', ( #874 ), #1476 ) ;
#1250 = SURFACE_SIDE_STYLE ('',( #1465 ) ) ;
#1251 = COLOUR_RGB ( '',0.2509803921568627416, 0.2509803921568627416, 0.2509803921568627416 ) ;
#1252 = LINE ( 'NONE', #1914, #491 ) ;
#1253 = FILL_AREA_STYLE_COLOUR ( '', #2251 ) ;
#1254 = EDGE_CURVE ( 'NONE', #2632, #1649, #577, .T. ) ;
#1255 = VERTEX_POINT ( 'NONE', #2657 ) ;
#1256 = CARTESIAN_POINT ( 'NONE',  ( 0.4499999999999997891, 0.2000000000000000111, 0.7000000000000001776 ) ) ;
#1257 = EDGE_CURVE ( 'NONE', #362, #1926, #1489, .T. ) ;
#1258 = FILL_AREA_STYLE_COLOUR ( '', #588 ) ;
#1259 = STYLED_ITEM ( 'NONE', ( #2867 ), #1584 ) ;
#1260 = CARTESIAN_POINT ( 'NONE',  ( 0.4500000000000000111, 0.2000000000000000111, -1.099999999999999867 ) ) ;
#1261 = CARTESIAN_POINT ( 'NONE',  ( 0.4500000000000000111, 0.2000000000000000111, -0.6999999999999998446 ) ) ;
#1262 = VECTOR ( 'NONE', #100, 1000.000000000000000 ) ;
#1263 = FILL_AREA_STYLE_COLOUR ( '', #2113 ) ;
#1264 = AXIS2_PLACEMENT_3D ( 'NONE', #2864, #623, #2185 ) ;
#1265 = ORIENTED_EDGE ( 'NONE', *, *, #1753, .T. ) ;
#1266 = VECTOR ( 'NONE', #448, 1000.000000000000000 ) ;
#1267 = AXIS2_PLACEMENT_3D ( 'NONE', #1462, #2377, #344 ) ;
#1268 = SURFACE_STYLE_USAGE ( .BOTH. , #1759 ) ;
#1269 = DIRECTION ( 'NONE',  ( 1.000000000000000000, 0.000000000000000000, 0.000000000000000000 ) ) ;
#1270 =( GEOMETRIC_REPRESENTATION_CONTEXT ( 3 ) GLOBAL_UNCERTAINTY_ASSIGNED_CONTEXT ( ( #200 ) ) GLOBAL_UNIT_ASSIGNED_CONTEXT ( ( #7, #213, #2480 ) ) REPRESENTATION_CONTEXT ( 'NONE', 'WORKASPACE' ) );
#1271 = LINE ( 'NONE', #2878, #687 ) ;
#1272 = ORIENTED_EDGE ( 'NONE', *, *, #2150, .F. ) ;
#1273 = PLANE ( 'NONE',  #1066 ) ;
#1274 = DIRECTION ( 'NONE',  ( 0.000000000000000000, 0.000000000000000000, -1.000000000000000000 ) ) ;
#1275 = STYLED_ITEM ( 'NONE', ( #2492 ), #2269 ) ;
#1276 = DIRECTION ( 'NONE',  ( -0.000000000000000000, -1.000000000000000000, -0.000000000000000000 ) ) ;
#1277 = EDGE_CURVE ( 'NONE', #348, #677, #2453, .T. ) ;
#1278 =( LENGTH_UNIT ( ) NAMED_UNIT ( * ) SI_UNIT ( .MILLI., .METRE. ) );
#1279 = CARTESIAN_POINT ( 'NONE',  ( -0.4499999999999999001, 0.2000000000000000111, -0.6999999999999998446 ) ) ;
#1280 = DIRECTION ( 'NONE',  ( 0.000000000000000000, -1.000000000000000000, 0.000000000000000000 ) ) ;
#1281 = ORIENTED_EDGE ( 'NONE', *, *, #2031, .F. ) ;
#1282 = EDGE_CURVE ( 'NONE', #2029, #2632, #2672, .T. ) ;
#1283 = SURFACE_SIDE_STYLE ('',( #857 ) ) ;
#1284 = FILL_AREA_STYLE ('',( #211 ) ) ;
#1285 = ORIENTED_EDGE ( 'NONE', *, *, #979, .F. ) ;
#1286 = FILL_AREA_STYLE ('',( #660 ) ) ;
#1287 = SURFACE_SIDE_STYLE ('',( #645 ) ) ;
#1288 = EDGE_CURVE ( 'NONE', #401, #1158, #1909, .T. ) ;
#1289 = VERTEX_POINT ( 'NONE', #865 ) ;
#1290 = DIRECTION ( 'NONE',  ( -0.000000000000000000, -0.000000000000000000, -1.000000000000000000 ) ) ;
#1291 = CARTESIAN_POINT ( 'NONE',  ( -0.8500000000000001998, 0.000000000000000000, 0.7000000000000001776 ) ) ;
#1292 = ORIENTED_EDGE ( 'NONE', *, *, #1417, .F. ) ;
#1293 = PLANE ( 'NONE',  #2946 ) ;
#1294 =( NAMED_UNIT ( * ) SI_UNIT ( $, .STERADIAN. ) SOLID_ANGLE_UNIT ( ) );
#1295 = LINE ( 'NONE', #594, #124 ) ;
#1296 = PRESENTATION_LAYER_ASSIGNMENT (  '', '', ( #829 ) ) ;
#1297 = ORIENTED_EDGE ( 'NONE', *, *, #749, .F. ) ;
#1298 =( GEOMETRIC_REPRESENTATION_CONTEXT ( 3 ) GLOBAL_UNCERTAINTY_ASSIGNED_CONTEXT ( ( #2760 ) ) GLOBAL_UNIT_ASSIGNED_CONTEXT ( ( #395, #424, #1501 ) ) REPRESENTATION_CONTEXT ( 'NONE', 'WORKASPACE' ) );
#1299 = DIRECTION ( 'NONE',  ( -0.000000000000000000, -1.000000000000000000, -0.000000000000000000 ) ) ;
#1300 = ORIENTED_EDGE ( 'NONE', *, *, #2395, .F. ) ;
#1301 = MECHANICAL_DESIGN_GEOMETRIC_PRESENTATION_REPRESENTATION (  '', ( #1535 ), #2300 ) ;
#1302 = CARTESIAN_POINT ( 'NONE',  ( 0.4499999999999997891, 0.000000000000000000, 0.9000000000000001332 ) ) ;
#1303 = CARTESIAN_POINT ( 'NONE',  ( 0.000000000000000000, 0.000000000000000000, 0.000000000000000000 ) ) ;
#1304 = CARTESIAN_POINT ( 'NONE',  ( 0.4500000000000000111, 0.2000000000000000111, -0.6999999999999998446 ) ) ;
#1305 = VECTOR ( 'NONE', #1937, 1000.000000000000114 ) ;
#1306 = ORIENTED_EDGE ( 'NONE', *, *, #1844, .T. ) ;
#1307 = PLANE ( 'NONE',  #1368 ) ;
#1308 = DIRECTION ( 'NONE',  ( -1.000000000000000000, 0.000000000000000000, -0.000000000000000000 ) ) ;
#1309 = AXIS2_PLACEMENT_3D ( 'NONE', #2163, #109, #2373 ) ;
#1310 = CARTESIAN_POINT ( 'NONE',  ( 0.000000000000000000, 0.8499999999999999778, -0.8256346360029764853 ) ) ;
#1311 = DIRECTION ( 'NONE',  ( -0.000000000000000000, 0.9961946980917455452, 0.08715574274765819363 ) ) ;
#1312 = UNCERTAINTY_MEASURE_WITH_UNIT (LENGTH_MEASURE( 1.000000000000000082E-05 ), #1278, 'distance_accuracy_value', 'NONE');
#1313 = MECHANICAL_DESIGN_GEOMETRIC_PRESENTATION_REPRESENTATION (  '', ( #1809 ), #1668 ) ;
#1314 =( LENGTH_UNIT ( ) NAMED_UNIT ( * ) SI_UNIT ( .MILLI., .METRE. ) );
#1315 = FILL_AREA_STYLE_COLOUR ( '', #1440 ) ;
#1316 = SURFACE_STYLE_FILL_AREA ( #1532 ) ;
#1317 = ORIENTED_EDGE ( 'NONE', *, *, #358, .F. ) ;
#1318 = PRESENTATION_LAYER_ASSIGNMENT (  '', '', ( #2315 ) ) ;
#1319 = EDGE_CURVE ( 'NONE', #75, #1255, #414, .T. ) ;
#1320 = CARTESIAN_POINT ( 'NONE',  ( 0.4500000000000000111, 0.2000000000000000111, -0.6999999999999998446 ) ) ;
#1321 = COLOUR_RGB ( '',0.7529411764705882248, 0.7529411764705882248, 0.7529411764705882248 ) ;
#1322 = CARTESIAN_POINT ( 'NONE',  ( -0.4499999999999999001, 0.2000000000000000111, -0.6999999999999998446 ) ) ;
#1323 = SURFACE_STYLE_FILL_AREA ( #2891 ) ;
#1324 = VERTEX_POINT ( 'NONE', #606 ) ;
#1325 = PLANE ( 'NONE',  #1032 ) ;
#1326 = SURFACE_STYLE_FILL_AREA ( #1284 ) ;
#1327 = UNCERTAINTY_MEASURE_WITH_UNIT (LENGTH_MEASURE( 1.000000000000000082E-05 ), #1314, 'distance_accuracy_value', 'NONE');
#1328 = CARTESIAN_POINT ( 'NONE',  ( -0.8500000000000001998, 0.2000000000000000111, 0.7000000000000001776 ) ) ;
#1329 = FILL_AREA_STYLE_COLOUR ( '', #369 ) ;
#1330 = DIRECTION ( 'NONE',  ( -1.000000000000000000, -0.000000000000000000, -0.000000000000000000 ) ) ;
#1331 = DIRECTION ( 'NONE',  ( 0.000000000000000000, -0.000000000000000000, 1.000000000000000000 ) ) ;
#1332 = VERTEX_POINT ( 'NONE', #1520 ) ;
#1333 = FACE_OUTER_BOUND ( 'NONE', #1143, .T. ) ;
#1334 = ORIENTED_EDGE ( 'NONE', *, *, #1244, .F. ) ;
#1335 = CARTESIAN_POINT ( 'NONE',  ( 0.1999999999999998723, 0.2000000000000000111, 0.7000000000000001776 ) ) ;
#1336 = DIRECTION ( 'NONE',  ( 1.000000000000000000, 0.000000000000000000, 0.000000000000000000 ) ) ;
#1337 = SURFACE_STYLE_USAGE ( .BOTH. , #884 ) ;
#1338 =( NAMED_UNIT ( * ) SI_UNIT ( $, .STERADIAN. ) SOLID_ANGLE_UNIT ( ) );
#1339 = SURFACE_SIDE_STYLE ('',( #1316 ) ) ;
#1340 = VERTEX_POINT ( 'NONE', #1727 ) ;
#1341 = STYLED_ITEM ( 'NONE', ( #1225 ), #935 ) ;
#1342 = FACE_OUTER_BOUND ( 'NONE', #2054, .T. ) ;
#1343 = EDGE_CURVE ( 'NONE', #1240, #348, #374, .T. ) ;
#1344 = VECTOR ( 'NONE', #2662, 1000.000000000000000 ) ;
#1345 =( NAMED_UNIT ( * ) PLANE_ANGLE_UNIT ( ) SI_UNIT ( $, .RADIAN. ) );
#1346 = DIRECTION ( 'NONE',  ( -1.000000000000000000, -0.000000000000000000, -0.000000000000000000 ) ) ;
#1347 = VERTEX_POINT ( 'NONE', #1924 ) ;
#1348 =( GEOMETRIC_REPRESENTATION_CONTEXT ( 3 ) GLOBAL_UNCERTAINTY_ASSIGNED_CONTEXT ( ( #305 ) ) GLOBAL_UNIT_ASSIGNED_CONTEXT ( ( #2702, #1738, #2013 ) ) REPRESENTATION_CONTEXT ( 'NONE', 'WORKASPACE' ) );
#1349 = EDGE_CURVE ( 'NONE', #1586, #2601, #854, .T. ) ;
#1350 = FILL_AREA_STYLE_COLOUR ( '', #1628 ) ;
#1351 =( NAMED_UNIT ( * ) SI_UNIT ( $, .STERADIAN. ) SOLID_ANGLE_UNIT ( ) );
#1352 = PRESENTATION_LAYER_ASSIGNMENT (  '', '', ( #2629 ) ) ;
#1353 = SURFACE_SIDE_STYLE ('',( #434 ) ) ;
#1354 = PRESENTATION_STYLE_ASSIGNMENT (( #1337 ) ) ;
#1355 =( NAMED_UNIT ( * ) PLANE_ANGLE_UNIT ( ) SI_UNIT ( $, .RADIAN. ) );
#1356 =( LENGTH_UNIT ( ) NAMED_UNIT ( * ) SI_UNIT ( .MILLI., .METRE. ) );
#1357 = SURFACE_STYLE_FILL_AREA ( #2917 ) ;
#1358 = STYLED_ITEM ( 'NONE', ( #1179 ), #1775 ) ;
#1359 = ORIENTED_EDGE ( 'NONE', *, *, #2370, .T. ) ;
#1360 = VECTOR ( 'NONE', #897, 1000.000000000000000 ) ;
#1361 = STYLED_ITEM ( 'NONE', ( #1144 ), #2711 ) ;
#1362 = PRESENTATION_LAYER_ASSIGNMENT (  '', '', ( #81 ) ) ;
#1363 = FILL_AREA_STYLE_COLOUR ( '', #1661 ) ;
#1364 = STYLED_ITEM ( 'NONE', ( #1544 ), #2669 ) ;
#1365 = ORIENTED_EDGE ( 'NONE', *, *, #95, .F. ) ;
#1366 = DIRECTION ( 'NONE',  ( -0.000000000000000000, -1.000000000000000000, -0.000000000000000000 ) ) ;
#1367 = DIRECTION ( 'NONE',  ( 0.000000000000000000, 1.000000000000000000, 0.000000000000000000 ) ) ;
#1368 = AXIS2_PLACEMENT_3D ( 'NONE', #1977, #896, #2218 ) ;
#1369 = DIRECTION ( 'NONE',  ( -0.000000000000000000, -1.000000000000000000, -0.000000000000000000 ) ) ;
#1370 = DIRECTION ( 'NONE',  ( -1.000000000000000000, 0.000000000000000000, 0.000000000000000000 ) ) ;
#1371 = ORIENTED_EDGE ( 'NONE', *, *, #1043, .T. ) ;
#1372 = SURFACE_STYLE_FILL_AREA ( #2311 ) ;
#1373 = SURFACE_SIDE_STYLE ('',( #947 ) ) ;
#1374 = FILL_AREA_STYLE_COLOUR ( '', #2304 ) ;
#1375 =( LENGTH_UNIT ( ) NAMED_UNIT ( * ) SI_UNIT ( .MILLI., .METRE. ) );
#1376 = CARTESIAN_POINT ( 'NONE',  ( 0.1999999999999999278, 0.000000000000000000, 1.100000000000000311 ) ) ;
#1377 = VERTEX_POINT ( 'NONE', #1071 ) ;
#1378 = DIRECTION ( 'NONE',  ( -0.000000000000000000, -1.000000000000000000, -0.000000000000000000 ) ) ;
#1379 = FILL_AREA_STYLE_COLOUR ( '', #2546 ) ;
#1380 = SURFACE_STYLE_FILL_AREA ( #901 ) ;
#1381 = FILL_AREA_STYLE ('',( #2499 ) ) ;
#1382 = CARTESIAN_POINT ( 'NONE',  ( -0.4499999999999999001, 0.2000000000000000111, -1.099999999999999867 ) ) ;
#1383 = COLOUR_RGB ( '',0.2509803921568627416, 0.2509803921568627416, 0.2509803921568627416 ) ;
#1384 = VERTEX_POINT ( 'NONE', #2387 ) ;
#1385 = SURFACE_SIDE_STYLE ('',( #1102 ) ) ;
#1386 = MECHANICAL_DESIGN_GEOMETRIC_PRESENTATION_REPRESENTATION (  '', ( #1341 ), #1527 ) ;
#1387 = COLOUR_RGB ( '',0.7921568627450980005, 0.8196078431372548767, 0.9333333333333333481 ) ;
#1388 =( NAMED_UNIT ( * ) PLANE_ANGLE_UNIT ( ) SI_UNIT ( $, .RADIAN. ) );
#1389 = CARTESIAN_POINT ( 'NONE',  ( -0.1999999999999999833, 0.2000000000000000111, -0.6999999999999998446 ) ) ;
#1390 = EDGE_CURVE ( 'NONE', #1916, #921, #354, .T. ) ;
#1391 = EDGE_LOOP ( 'NONE', ( #4, #1285, #2212, #1845 ) ) ;
#1392 = AXIS2_PLACEMENT_3D ( 'NONE', #2296, #723, #2326 ) ;
#1393 = ORIENTED_EDGE ( 'NONE', *, *, #864, .T. ) ;
#1394 = PLANE ( 'NONE',  #621 ) ;
#1395 = EDGE_CURVE ( 'NONE', #1613, #862, #616, .T. ) ;
#1397 = CARTESIAN_POINT ( 'NONE',  ( -0.2000000000000002054, 0.2000000000000000111, 1.100000000000000311 ) ) ;
#1396 = MECHANICAL_DESIGN_GEOMETRIC_PRESENTATION_REPRESENTATION (  '', ( #586 ), #117 ) ;
#1398 = ORIENTED_EDGE ( 'NONE', *, *, #41, .F. ) ;
#1399 = FILL_AREA_STYLE ('',( #13 ) ) ;
#1400 = MECHANICAL_DESIGN_GEOMETRIC_PRESENTATION_REPRESENTATION (  '', ( #742 ), #933 ) ;
#1401 = EDGE_CURVE ( 'NONE', #243, #2524, #2153, .T. ) ;
#1402 = AXIS2_PLACEMENT_3D ( 'NONE', #2030, #2064, #480 ) ;
#1403 = MECHANICAL_DESIGN_GEOMETRIC_PRESENTATION_REPRESENTATION (  '', ( #229 ), #2151 ) ;
#1404 = DIRECTION ( 'NONE',  ( -1.000000000000000000, 0.000000000000000000, -0.000000000000000000 ) ) ;
#1405 = PRESENTATION_LAYER_ASSIGNMENT (  '', '', ( #2839 ) ) ;
#1406 = ORIENTED_EDGE ( 'NONE', *, *, #1043, .F. ) ;
#1407 = STYLED_ITEM ( 'NONE', ( #125 ), #2566 ) ;
#1408 = ADVANCED_BREP_SHAPE_REPRESENTATION ( 'RRL035P03FRATR', ( #767, #734, #1736, #2745, #2669, #1740, #1710, #1437 ), #1348 ) ;
#1409 = PRESENTATION_LAYER_ASSIGNMENT (  '', '', ( #561 ) ) ;
#1410 = ORIENTED_EDGE ( 'NONE', *, *, #391, .T. ) ;
#1411 = LINE ( 'NONE', #1849, #2033 ) ;
#1412 = CARTESIAN_POINT ( 'NONE',  ( 0.8499999999999998668, 0.2000000000000000111, 0.7000000000000001776 ) ) ;
#1413 = CARTESIAN_POINT ( 'NONE',  ( 0.8500000000000000888, 0.000000000000000000, -1.099999999999999867 ) ) ;
#1414 = ORIENTED_EDGE ( 'NONE', *, *, #1257, .T. ) ;
#1415 = CARTESIAN_POINT ( 'NONE',  ( 0.8500000000000000888, 0.000000000000000000, -0.9000000000000119016 ) ) ;
#1416 = DIRECTION ( 'NONE',  ( -1.000000000000000000, -0.000000000000000000, -0.000000000000000000 ) ) ;
#1417 = EDGE_CURVE ( 'NONE', #2142, #21, #2619, .T. ) ;
#1418 = SURFACE_SIDE_STYLE ('',( #995 ) ) ;
#1419 = ORIENTED_EDGE ( 'NONE', *, *, #749, .T. ) ;
#1420 = CARTESIAN_POINT ( 'NONE',  ( -0.1999999999999999833, 0.000000000000000000, -1.099999999999999867 ) ) ;
#1421 = FACE_OUTER_BOUND ( 'NONE', #1201, .T. ) ;
#1422 = CARTESIAN_POINT ( 'NONE',  ( -0.2000000000000002054, 0.2000000000000000111, 0.7000000000000001776 ) ) ;
#1423 = ORIENTED_EDGE ( 'NONE', *, *, #419, .F. ) ;
#1424 = CARTESIAN_POINT ( 'NONE',  ( -0.8499999999999999778, 0.2000000000000000111, -1.099999999999999867 ) ) ;
#1425 = LINE ( 'NONE', #270, #2587 ) ;
#1426 = ADVANCED_FACE ( 'NONE', ( #2198 ), #1090, .T. ) ;
#1427 = UNCERTAINTY_MEASURE_WITH_UNIT (LENGTH_MEASURE( 1.000000000000000082E-05 ), #2116, 'distance_accuracy_value', 'NONE');
#1428 = ORIENTED_EDGE ( 'NONE', *, *, #2428, .F. ) ;
#1429 = PRESENTATION_LAYER_ASSIGNMENT (  '', '', ( #306 ) ) ;
#1430 = LINE ( 'NONE', #552, #1811 ) ;
#1431 = LINE ( 'NONE', #2344, #2796 ) ;
#1432 = EDGE_CURVE ( 'NONE', #31, #2291, #2074, .T. ) ;
#1433 = FILL_AREA_STYLE ('',( #2755 ) ) ;
#1434 = MECHANICAL_DESIGN_GEOMETRIC_PRESENTATION_REPRESENTATION (  '', ( #2341 ), #786 ) ;
#1435 =( LENGTH_UNIT ( ) NAMED_UNIT ( * ) SI_UNIT ( .MILLI., .METRE. ) );
#1436 = PRESENTATION_STYLE_ASSIGNMENT (( #541 ) ) ;
#1437 = AXIS2_PLACEMENT_3D ( 'NONE', #2242, #1132, #850 ) ;
#1438 = PRESENTATION_STYLE_ASSIGNMENT (( #29 ) ) ;
#1439 = ORIENTED_EDGE ( 'NONE', *, *, #2860, .T. ) ;
#1440 = COLOUR_RGB ( '',0.7921568627450980005, 0.8196078431372548767, 0.9333333333333333481 ) ;
#1441 = DIRECTION ( 'NONE',  ( 0.000000000000000000, 0.000000000000000000, -1.000000000000000000 ) ) ;
#1442 = VECTOR ( 'NONE', #2426, 1000.000000000000000 ) ;
#1443 = UNCERTAINTY_MEASURE_WITH_UNIT (LENGTH_MEASURE( 1.000000000000000082E-05 ), #536, 'distance_accuracy_value', 'NONE');
#1444 = COLOUR_RGB ( '',0.7529411764705882248, 0.7529411764705882248, 0.7529411764705882248 ) ;
#1445 = VECTOR ( 'NONE', #474, 1000.000000000000000 ) ;
#1446 = VECTOR ( 'NONE', #639, 1000.000000000000000 ) ;
#1447 = ORIENTED_EDGE ( 'NONE', *, *, #1952, .F. ) ;
#1448 = PRESENTATION_STYLE_ASSIGNMENT (( #1220 ) ) ;
#1449 = VERTEX_POINT ( 'NONE', #2324 ) ;
#1450 = DIRECTION ( 'NONE',  ( 0.000000000000000000, -0.000000000000000000, 1.000000000000000000 ) ) ;
#1451 = STYLED_ITEM ( 'NONE', ( #981 ), #2464 ) ;
#1452 = DIRECTION ( 'NONE',  ( 0.000000000000000000, 0.000000000000000000, 1.000000000000000000 ) ) ;
#1453 = PRESENTATION_LAYER_ASSIGNMENT (  '', '', ( #83 ) ) ;
#1454 = VERTEX_POINT ( 'NONE', #298 ) ;
#1455 = PRESENTATION_LAYER_ASSIGNMENT (  '', '', ( #853 ) ) ;
#1456 = FILL_AREA_STYLE ('',( #583 ) ) ;
#1457 =( NAMED_UNIT ( * ) PLANE_ANGLE_UNIT ( ) SI_UNIT ( $, .RADIAN. ) );
#1458 = CARTESIAN_POINT ( 'NONE',  ( -0.8500000000000001998, 0.000000000000000000, 0.7000000000000001776 ) ) ;
#1459 = UNCERTAINTY_MEASURE_WITH_UNIT (LENGTH_MEASURE( 1.000000000000000082E-05 ), #244, 'distance_accuracy_value', 'NONE');
#1460 = DIRECTION ( 'NONE',  ( -0.000000000000000000, -1.000000000000000000, -0.000000000000000000 ) ) ;
#1461 = DIRECTION ( 'NONE',  ( 0.000000000000000000, 0.000000000000000000, -1.000000000000000000 ) ) ;
#1462 = CARTESIAN_POINT ( 'NONE',  ( -0.4500000000000001221, 0.2000000000000000111, 0.7000000000000001776 ) ) ;
#1463 = EDGE_CURVE ( 'NONE', #139, #2791, #1425, .T. ) ;
#1464 = ORIENTED_EDGE ( 'NONE', *, *, #1753, .F. ) ;
#1465 = SURFACE_STYLE_FILL_AREA ( #1715 ) ;
#1466 = DIRECTION ( 'NONE',  ( -1.000000000000000000, 0.000000000000000000, 0.000000000000000000 ) ) ;
#1467 = LINE ( 'NONE', #346, #1713 ) ;
#1468 = ORIENTED_EDGE ( 'NONE', *, *, #2403, .F. ) ;
#1469 = CARTESIAN_POINT ( 'NONE',  ( -0.1999999999999999833, 0.2000000000000000111, -1.099999999999999867 ) ) ;
#1470 = LINE ( 'NONE', #1641, #2617 ) ;
#1471 = CARTESIAN_POINT ( 'NONE',  ( 0.4500000000000000111, 0.2000000000000000111, -0.6999999999999998446 ) ) ;
#1472 = FILL_AREA_STYLE_COLOUR ( '', #187 ) ;
#1473 = PRESENTATION_STYLE_ASSIGNMENT (( #1008 ) ) ;
#1474 = SURFACE_STYLE_USAGE ( .BOTH. , #565 ) ;
#1475 = EDGE_LOOP ( 'NONE', ( #2684, #2850, #2120, #208 ) ) ;
#1476 =( GEOMETRIC_REPRESENTATION_CONTEXT ( 3 ) GLOBAL_UNCERTAINTY_ASSIGNED_CONTEXT ( ( #707 ) ) GLOBAL_UNIT_ASSIGNED_CONTEXT ( ( #138, #2647, #1294 ) ) REPRESENTATION_CONTEXT ( 'NONE', 'WORKASPACE' ) );
#1477 =( NAMED_UNIT ( * ) SI_UNIT ( $, .STERADIAN. ) SOLID_ANGLE_UNIT ( ) );
#1478 = STYLED_ITEM ( 'NONE', ( #2471 ), #767 ) ;
#1479 = CARTESIAN_POINT ( 'NONE',  ( 0.8499999999999998668, 0.2000000000000000111, 0.7000000000000001776 ) ) ;
#1480 = CARTESIAN_POINT ( 'NONE',  ( 0.8500000000000000888, 0.2000000000000000111, -0.8825022672948270586 ) ) ;
#1481 = ORIENTED_EDGE ( 'NONE', *, *, #1719, .T. ) ;
#1482 = CARTESIAN_POINT ( 'NONE',  ( 0.000000000000000000, 0.2000000000000000111, 0.000000000000000000 ) ) ;
#1483 = PRESENTATION_LAYER_ASSIGNMENT (  '', '', ( #2584 ) ) ;
#1484 = MECHANICAL_DESIGN_GEOMETRIC_PRESENTATION_REPRESENTATION (  '', ( #216 ), #1997 ) ;
#1485 =( NAMED_UNIT ( * ) PLANE_ANGLE_UNIT ( ) SI_UNIT ( $, .RADIAN. ) );
#1486 = MECHANICAL_DESIGN_GEOMETRIC_PRESENTATION_REPRESENTATION (  '', ( #1212 ), #1953 ) ;
#1487 = COLOUR_RGB ( '',0.2509803921568627416, 0.2509803921568627416, 0.2509803921568627416 ) ;
#1488 = SURFACE_STYLE_USAGE ( .BOTH. , #1709 ) ;
#1489 = LINE ( 'NONE', #2166, #314 ) ;
#1490 = CARTESIAN_POINT ( 'NONE',  ( -0.1999999999999999833, 0.2000000000000000111, -1.099999999999999867 ) ) ;
#1491 = AXIS2_PLACEMENT_3D ( 'NONE', #732, #1370, #2954 ) ;
#1492 = ORIENTED_EDGE ( 'NONE', *, *, #1677, .F. ) ;
#1493 = EDGE_CURVE ( 'NONE', #1879, #2751, #2294, .T. ) ;
#1494 = COLOUR_RGB ( '',0.2509803921568627416, 0.2509803921568627416, 0.2509803921568627416 ) ;
#1495 = LINE ( 'NONE', #1310, #1446 ) ;
#1496 = COLOUR_RGB ( '',0.2509803921568627416, 0.2509803921568627416, 0.2509803921568627416 ) ;
#1497 = ORIENTED_EDGE ( 'NONE', *, *, #1553, .F. ) ;
#1498 = MECHANICAL_DESIGN_GEOMETRIC_PRESENTATION_REPRESENTATION (  '', ( #1451 ), #234 ) ;
#1499 =( NAMED_UNIT ( * ) PLANE_ANGLE_UNIT ( ) SI_UNIT ( $, .RADIAN. ) );
#1500 = AXIS2_PLACEMENT_3D ( 'NONE', #1529, #2630, #1992 ) ;
#1501 =( NAMED_UNIT ( * ) SI_UNIT ( $, .STERADIAN. ) SOLID_ANGLE_UNIT ( ) );
#1502 = PRESENTATION_LAYER_ASSIGNMENT (  '', '', ( #417 ) ) ;
#1503 = ORIENTED_EDGE ( 'NONE', *, *, #1349, .F. ) ;
#1504 = PRESENTATION_STYLE_ASSIGNMENT (( #1488 ) ) ;
#1505 = COLOUR_RGB ( '',0.2509803921568627416, 0.2509803921568627416, 0.2509803921568627416 ) ;
#1506 = EDGE_CURVE ( 'NONE', #1098, #2735, #689, .T. ) ;
#1507 = CARTESIAN_POINT ( 'NONE',  ( -0.4499999999999999001, 0.2000000000000000111, -0.6999999999999998446 ) ) ;
#1508 = SURFACE_STYLE_FILL_AREA ( #1712 ) ;
#1509 = ORIENTED_EDGE ( 'NONE', *, *, #900, .T. ) ;
#1510 =( NAMED_UNIT ( * ) SI_UNIT ( $, .STERADIAN. ) SOLID_ANGLE_UNIT ( ) );
#1511 = SURFACE_SIDE_STYLE ('',( #1326 ) ) ;
#1512 = DIRECTION ( 'NONE',  ( -1.000000000000000000, -0.000000000000000000, -0.000000000000000000 ) ) ;
#1513 = ORIENTED_EDGE ( 'NONE', *, *, #1602, .F. ) ;
#1514 = SURFACE_STYLE_USAGE ( .BOTH. , #643 ) ;
#1515 = FILL_AREA_STYLE ('',( #1472 ) ) ;
#1516 = ORIENTED_EDGE ( 'NONE', *, *, #2165, .F. ) ;
#1517 = ADVANCED_FACE ( 'NONE', ( #48 ), #57, .T. ) ;
#1518 = DIRECTION ( 'NONE',  ( 1.000000000000000000, 0.000000000000000000, 0.000000000000000000 ) ) ;
#1519 = LINE ( 'NONE', #1570, #1135 ) ;
#1520 = CARTESIAN_POINT ( 'NONE',  ( -0.4500000000000000666, 0.2000000000000000111, 1.100000000000000311 ) ) ;
#1521 = LINE ( 'NONE', #2641, #466 ) ;
#1522 = PRESENTATION_LAYER_ASSIGNMENT (  '', '', ( #255 ) ) ;
#1523 = EDGE_LOOP ( 'NONE', ( #2902, #1513, #528, #2623 ) ) ;
#1524 = COLOUR_RGB ( '',0.7529411764705882248, 0.7529411764705882248, 0.7529411764705882248 ) ;
#1525 =( NAMED_UNIT ( * ) PLANE_ANGLE_UNIT ( ) SI_UNIT ( $, .RADIAN. ) );
#1526 = DIRECTION ( 'NONE',  ( 0.000000000000000000, 0.000000000000000000, 1.000000000000000000 ) ) ;
#1527 =( GEOMETRIC_REPRESENTATION_CONTEXT ( 3 ) GLOBAL_UNCERTAINTY_ASSIGNED_CONTEXT ( ( #14 ) ) GLOBAL_UNIT_ASSIGNED_CONTEXT ( ( #1435, #333, #2786 ) ) REPRESENTATION_CONTEXT ( 'NONE', 'WORKASPACE' ) );
#1528 = ORIENTED_EDGE ( 'NONE', *, *, #2456, .T. ) ;
#1529 = CARTESIAN_POINT ( 'NONE',  ( 0.4499999999999997891, 0.2000000000000000111, 0.7000000000000001776 ) ) ;
#1530 = FILL_AREA_STYLE_COLOUR ( '', #1990 ) ;
#1531 = LINE ( 'NONE', #903, #403 ) ;
#1532 = FILL_AREA_STYLE ('',( #2462 ) ) ;
#1533 = VERTEX_POINT ( 'NONE', #254 ) ;
#1534 = FILL_AREA_STYLE ('',( #2026 ) ) ;
#1535 = STYLED_ITEM ( 'NONE', ( #598 ), #1565 ) ;
#1536 = CARTESIAN_POINT ( 'NONE',  ( -0.4500000000000001221, 0.000000000000000000, 0.7000000000000001776 ) ) ;
#1537 = DIRECTION ( 'NONE',  ( -1.000000000000000000, -0.000000000000000000, -0.000000000000000000 ) ) ;
#1538 = FACE_OUTER_BOUND ( 'NONE', #1873, .T. ) ;
#1539 = VERTEX_POINT ( 'NONE', #2040 ) ;
#1540 = STYLED_ITEM ( 'NONE', ( #941 ), #122 ) ;
#1541 =( GEOMETRIC_REPRESENTATION_CONTEXT ( 3 ) GLOBAL_UNCERTAINTY_ASSIGNED_CONTEXT ( ( #2442 ) ) GLOBAL_UNIT_ASSIGNED_CONTEXT ( ( #906, #675, #1785 ) ) REPRESENTATION_CONTEXT ( 'NONE', 'WORKASPACE' ) );
#1542 = UNCERTAINTY_MEASURE_WITH_UNIT (LENGTH_MEASURE( 1.000000000000000082E-05 ), #2703, 'distance_accuracy_value', 'NONE');
#1543 = SURFACE_SIDE_STYLE ('',( #642 ) ) ;
#1544 = PRESENTATION_STYLE_ASSIGNMENT (( #1514 ) ) ;
#1545 = EDGE_CURVE ( 'NONE', #1926, #2358, #286, .T. ) ;
#1546 = CARTESIAN_POINT ( 'NONE',  ( -0.1999999999999999833, 0.2000000000000000111, -0.8825022672948270586 ) ) ;
#1547 = EDGE_LOOP ( 'NONE', ( #1228, #1204, #1724, #2380 ) ) ;
#1548 = COLOUR_RGB ( '',0.7529411764705882248, 0.7529411764705882248, 0.7529411764705882248 ) ;
#1549 = CARTESIAN_POINT ( 'NONE',  ( -0.8500000000000001998, 0.2000000000000000111, 0.7000000000000001776 ) ) ;
#1550 = LINE ( 'NONE', #2466, #2316 ) ;
#1551 = ORIENTED_EDGE ( 'NONE', *, *, #450, .F. ) ;
#1552 = SURFACE_SIDE_STYLE ('',( #2250 ) ) ;
#1553 = EDGE_CURVE ( 'NONE', #2769, #2473, #709, .T. ) ;
#1554 =( LENGTH_UNIT ( ) NAMED_UNIT ( * ) SI_UNIT ( .MILLI., .METRE. ) );
#1555 = UNCERTAINTY_MEASURE_WITH_UNIT (LENGTH_MEASURE( 1.000000000000000082E-05 ), #1375, 'distance_accuracy_value', 'NONE');
#1556 = CARTESIAN_POINT ( 'NONE',  ( 1.049999999999981837, 0.000000000000000000, -0.9000000000000119016 ) ) ;
#1557 = PLANE ( 'NONE',  #1085 ) ;
#1558 = SURFACE_STYLE_FILL_AREA ( #1286 ) ;
#1559 = VERTEX_POINT ( 'NONE', #2338 ) ;
#1560 = ORIENTED_EDGE ( 'NONE', *, *, #1770, .F. ) ;
#1561 = CARTESIAN_POINT ( 'NONE',  ( -0.1999999999999999833, 0.2000000000000000111, -1.099999999999999867 ) ) ;
#1562 = SURFACE_STYLE_USAGE ( .BOTH. , #2032 ) ;
#1563 = CARTESIAN_POINT ( 'NONE',  ( -0.8499999999999999778, 0.2000000000000000111, -0.6999999999999998446 ) ) ;
#1564 = SURFACE_STYLE_FILL_AREA ( #1381 ) ;
#1565 = ADVANCED_FACE ( 'NONE', ( #80 ), #2131, .T. ) ;
#1566 = ORIENTED_EDGE ( 'NONE', *, *, #68, .F. ) ;
#1567 = MECHANICAL_DESIGN_GEOMETRIC_PRESENTATION_REPRESENTATION (  '', ( #304 ), #2289 ) ;
#1568 =( NAMED_UNIT ( * ) SI_UNIT ( $, .STERADIAN. ) SOLID_ANGLE_UNIT ( ) );
#1569 = SURFACE_SIDE_STYLE ('',( #1769 ) ) ;
#1570 = CARTESIAN_POINT ( 'NONE',  ( -0.2000000000000002054, 0.2000000000000000111, 0.7000000000000001776 ) ) ;
#1571 = EDGE_CURVE ( 'NONE', #2780, #1098, #1652, .T. ) ;
#1572 = CARTESIAN_POINT ( 'NONE',  ( -0.1999999999999999833, 0.2000000000000000111, -0.6999999999999998446 ) ) ;
#1573 = ORIENTED_EDGE ( 'NONE', *, *, #2228, .F. ) ;
#1574 = CARTESIAN_POINT ( 'NONE',  ( 0.2000000000000000944, 0.2000000000000000111, -0.6999999999999998446 ) ) ;
#1575 = LINE ( 'NONE', #2470, #2152 ) ;
#1576 = DIRECTION ( 'NONE',  ( -1.000000000000000000, -0.000000000000000000, -0.000000000000000000 ) ) ;
#1577 = EDGE_LOOP ( 'NONE', ( #2, #2783, #1300, #404 ) ) ;
#1578 = FILL_AREA_STYLE_COLOUR ( '', #1548 ) ;
#1579 = PLANE ( 'NONE',  #1794 ) ;
#1580 = FILL_AREA_STYLE_COLOUR ( '', #221 ) ;
#1581 = PRESENTATION_LAYER_ASSIGNMENT (  '', '', ( #2107 ) ) ;
#1582 = UNCERTAINTY_MEASURE_WITH_UNIT (LENGTH_MEASURE( 1.000000000000000082E-05 ), #1776, 'distance_accuracy_value', 'NONE');
#1583 =( LENGTH_UNIT ( ) NAMED_UNIT ( * ) SI_UNIT ( .MILLI., .METRE. ) );
#1584 = ADVANCED_FACE ( 'NONE', ( #1675 ), #1242, .T. ) ;
#1585 =( GEOMETRIC_REPRESENTATION_CONTEXT ( 3 ) GLOBAL_UNCERTAINTY_ASSIGNED_CONTEXT ( ( #2133 ) ) GLOBAL_UNIT_ASSIGNED_CONTEXT ( ( #375, #2673, #2873 ) ) REPRESENTATION_CONTEXT ( 'NONE', 'WORKASPACE' ) );
#1586 = VERTEX_POINT ( 'NONE', #338 ) ;
#1587 = VECTOR ( 'NONE', #2238, 1000.000000000000000 ) ;
#1588 = FACE_OUTER_BOUND ( 'NONE', #1141, .T. ) ;
#1589 =( LENGTH_UNIT ( ) NAMED_UNIT ( * ) SI_UNIT ( .MILLI., .METRE. ) );
#1590 = CARTESIAN_POINT ( 'NONE',  ( -0.8500000000000001998, 0.2000000000000000111, 1.100000000000000311 ) ) ;
#1591 = EDGE_LOOP ( 'NONE', ( #873, #1173, #1123, #1064 ) ) ;
#1592 = DIRECTION ( 'NONE',  ( 0.000000000000000000, -0.000000000000000000, 1.000000000000000000 ) ) ;
#1593 = SURFACE_STYLE_FILL_AREA ( #961 ) ;
#1594 = ORIENTED_EDGE ( 'NONE', *, *, #425, .F. ) ;
#1595 = FACE_OUTER_BOUND ( 'NONE', #1788, .T. ) ;
#1596 = PRESENTATION_STYLE_ASSIGNMENT (( #1615 ) ) ;
#1597 = ORIENTED_EDGE ( 'NONE', *, *, #2656, .T. ) ;
#1598 = LINE ( 'NONE', #1617, #775 ) ;
#1599 = DIRECTION ( 'NONE',  ( -1.000000000000000000, 0.000000000000000000, 1.355252715606880296E-16 ) ) ;
#1600 =( NAMED_UNIT ( * ) SI_UNIT ( $, .STERADIAN. ) SOLID_ANGLE_UNIT ( ) );
#1601 = PLANE ( 'NONE',  #1491 ) ;
#1602 = EDGE_CURVE ( 'NONE', #2654, #21, #2836, .T. ) ;
#1603 = VECTOR ( 'NONE', #2271, 1000.000000000000000 ) ;
#1604 = ORIENTED_EDGE ( 'NONE', *, *, #1195, .F. ) ;
#1605 = FACE_OUTER_BOUND ( 'NONE', #743, .T. ) ;
#1606 = UNCERTAINTY_MEASURE_WITH_UNIT (LENGTH_MEASURE( 1.000000000000000082E-05 ), #1947, 'distance_accuracy_value', 'NONE');
#1607 = SURFACE_STYLE_USAGE ( .BOTH. , #721 ) ;
#1608 = CARTESIAN_POINT ( 'NONE',  ( -1.050000000000000044, 0.000000000000000000, 0.9000000000000001332 ) ) ;
#1609 = PRESENTATION_LAYER_ASSIGNMENT (  '', '', ( #304 ) ) ;
#1610 = VECTOR ( 'NONE', #381, 1000.000000000000000 ) ;
#1611 = EDGE_CURVE ( 'NONE', #239, #1533, #1039, .T. ) ;
#1612 = SURFACE_STYLE_USAGE ( .BOTH. , #2733 ) ;
#1613 = VERTEX_POINT ( 'NONE', #1471 ) ;
#1614 = FILL_AREA_STYLE ('',( #566 ) ) ;
#1615 = SURFACE_STYLE_USAGE ( .BOTH. , #713 ) ;
#1616 = COLOUR_RGB ( '',0.7529411764705882248, 0.7529411764705882248, 0.7529411764705882248 ) ;
#1617 = CARTESIAN_POINT ( 'NONE',  ( -0.4500000000000001221, 7.060114930298802163E-18, 0.9000000000000001332 ) ) ;
#1618 =( NAMED_UNIT ( * ) SI_UNIT ( $, .STERADIAN. ) SOLID_ANGLE_UNIT ( ) );
#1620 = CARTESIAN_POINT ( 'NONE',  ( -1.050000000000000044, 0.000000000000000000, 0.9000000000000001332 ) ) ;
#1619 = AXIS2_PLACEMENT_3D ( 'NONE', #2922, #1859, #2278 ) ;
#1621 = DIRECTION ( 'NONE',  ( 0.000000000000000000, 0.000000000000000000, 1.000000000000000000 ) ) ;
#1622 = FACE_OUTER_BOUND ( 'NONE', #88, .T. ) ;
#1623 = ORIENTED_EDGE ( 'NONE', *, *, #78, .T. ) ;
#1624 = LINE ( 'NONE', #674, #1224 ) ;
#1625 = COLOUR_RGB ( '',0.7529411764705882248, 0.7529411764705882248, 0.7529411764705882248 ) ;
#1626 = FILL_AREA_STYLE ('',( #1974 ) ) ;
#1627 = VECTOR ( 'NONE', #1621, 1000.000000000000000 ) ;
#1628 = COLOUR_RGB ( '',0.7529411764705882248, 0.7529411764705882248, 0.7529411764705882248 ) ;
#1629 = VECTOR ( 'NONE', #1247, 1000.000000000000000 ) ;
#1630 = COLOUR_RGB ( '',0.7921568627450980005, 0.8196078431372548767, 0.9333333333333333481 ) ;
#1631 = LINE ( 'NONE', #2554, #750 ) ;
#1632 = ORIENTED_EDGE ( 'NONE', *, *, #1136, .T. ) ;
#1633 = COLOUR_RGB ( '',0.7529411764705882248, 0.7529411764705882248, 0.7529411764705882248 ) ;
#1634 = FACE_OUTER_BOUND ( 'NONE', #393, .T. ) ;
#1635 = ORIENTED_EDGE ( 'NONE', *, *, #1857, .F. ) ;
#1636 = DIRECTION ( 'NONE',  ( 1.000000000000000000, 0.000000000000000000, -0.000000000000000000 ) ) ;
#1637 = CARTESIAN_POINT ( 'NONE',  ( -0.1999999999999999833, 0.2000000000000000111, -1.099999999999999867 ) ) ;
#1638 = SURFACE_STYLE_FILL_AREA ( #1227 ) ;
#1639 = ORIENTED_EDGE ( 'NONE', *, *, #2622, .F. ) ;
#1640 = LINE ( 'NONE', #1424, #2643 ) ;
#1641 = CARTESIAN_POINT ( 'NONE',  ( -0.8500000000000001998, 0.000000000000000000, 0.7000000000000001776 ) ) ;
#1642 = SURFACE_STYLE_USAGE ( .BOTH. , #1385 ) ;
#1643 = DIRECTION ( 'NONE',  ( -1.355252715606880296E-16, -0.000000000000000000, -1.000000000000000000 ) ) ;
#1644 = EDGE_LOOP ( 'NONE', ( #2674, #40, #773, #2568 ) ) ;
#1645 = SURFACE_STYLE_USAGE ( .BOTH. , #1119 ) ;
#1646 = FACE_OUTER_BOUND ( 'NONE', #2925, .T. ) ;
#1647 = EDGE_LOOP ( 'NONE', ( #2389, #1791, #1720, #1365 ) ) ;
#1648 = UNCERTAINTY_MEASURE_WITH_UNIT (LENGTH_MEASURE( 1.000000000000000082E-05 ), #143, 'distance_accuracy_value', 'NONE');
#1649 = VERTEX_POINT ( 'NONE', #127 ) ;
#1650 = LINE ( 'NONE', #349, #324 ) ;
#1651 = DIRECTION ( 'NONE',  ( -0.000000000000000000, -1.000000000000000000, -0.000000000000000000 ) ) ;
#1652 = LINE ( 'NONE', #2372, #271 ) ;
#1653 = VECTOR ( 'NONE', #2784, 1000.000000000000000 ) ;
#1654 = UNCERTAINTY_MEASURE_WITH_UNIT (LENGTH_MEASURE( 1.000000000000000082E-05 ), #813, 'distance_accuracy_value', 'NONE');
#1655 = ORIENTED_EDGE ( 'NONE', *, *, #909, .T. ) ;
#1656 =( NAMED_UNIT ( * ) SI_UNIT ( $, .STERADIAN. ) SOLID_ANGLE_UNIT ( ) );
#1657 = ORIENTED_EDGE ( 'NONE', *, *, #391, .F. ) ;
#1658 = PRESENTATION_STYLE_ASSIGNMENT (( #2560 ) ) ;
#1659 = STYLED_ITEM ( 'NONE', ( #253 ), #605 ) ;
#1660 = SURFACE_SIDE_STYLE ('',( #1638 ) ) ;
#1661 = COLOUR_RGB ( '',0.2509803921568627416, 0.2509803921568627416, 0.2509803921568627416 ) ;
#1662 = ORIENTED_EDGE ( 'NONE', *, *, #1571, .T. ) ;
#1663 = PRESENTATION_STYLE_ASSIGNMENT (( #2121 ) ) ;
#1664 = SURFACE_SIDE_STYLE ('',( #337 ) ) ;
#1665 = DIRECTION ( 'NONE',  ( -0.000000000000000000, -1.000000000000000000, -0.000000000000000000 ) ) ;
#1666 = UNCERTAINTY_MEASURE_WITH_UNIT (LENGTH_MEASURE( 1.000000000000000082E-05 ), #2192, 'distance_accuracy_value', 'NONE');
#1667 = COLOUR_RGB ( '',0.2509803921568627416, 0.2509803921568627416, 0.2509803921568627416 ) ;
#1668 =( GEOMETRIC_REPRESENTATION_CONTEXT ( 3 ) GLOBAL_UNCERTAINTY_ASSIGNED_CONTEXT ( ( #791 ) ) GLOBAL_UNIT_ASSIGNED_CONTEXT ( ( #1554, #1929, #390 ) ) REPRESENTATION_CONTEXT ( 'NONE', 'WORKASPACE' ) );
#1669 = DIRECTION ( 'NONE',  ( -1.000000000000000000, 0.000000000000000000, -0.000000000000000000 ) ) ;
#1670 = ORIENTED_EDGE ( 'NONE', *, *, #506, .F. ) ;
#1671 = PRESENTATION_LAYER_ASSIGNMENT (  '', '', ( #36 ) ) ;
#1672 = ORIENTED_EDGE ( 'NONE', *, *, #2329, .F. ) ;
#1673 = STYLED_ITEM ( 'NONE', ( #887 ), #443 ) ;
#1674 = SURFACE_STYLE_USAGE ( .BOTH. , #2354 ) ;
#1675 = FACE_OUTER_BOUND ( 'NONE', #2585, .T. ) ;
#1676 = SURFACE_STYLE_FILL_AREA ( #1515 ) ;
#1677 = EDGE_CURVE ( 'NONE', #1926, #1757, #2852, .T. ) ;
#1678 = UNCERTAINTY_MEASURE_WITH_UNIT (LENGTH_MEASURE( 1.000000000000000082E-05 ), #1583, 'distance_accuracy_value', 'NONE');
#1679 = SURFACE_STYLE_FILL_AREA ( #852 ) ;
#1680 = SURFACE_STYLE_USAGE ( .BOTH. , #809 ) ;
#1681 = CARTESIAN_POINT ( 'NONE',  ( 0.2000000000000000944, 0.000000000000000000, -0.9000000000000119016 ) ) ;
#1682 = SURFACE_SIDE_STYLE ('',( #52 ) ) ;
#1683 = ORIENTED_EDGE ( 'NONE', *, *, #236, .T. ) ;
#1684 = FILL_AREA_STYLE_COLOUR ( '', #2530 ) ;
#1685 = DIRECTION ( 'NONE',  ( -1.000000000000000000, -0.000000000000000000, -0.000000000000000000 ) ) ;
#1686 = ORIENTED_EDGE ( 'NONE', *, *, #2375, .T. ) ;
#1687 =( LENGTH_UNIT ( ) NAMED_UNIT ( * ) SI_UNIT ( .MILLI., .METRE. ) );
#1688 = DIRECTION ( 'NONE',  ( 1.000000000000000000, 0.000000000000000000, 0.000000000000000000 ) ) ;
#1689 = SURFACE_STYLE_USAGE ( .BOTH. , #1876 ) ;
#1690 = SURFACE_SIDE_STYLE ('',( #1676 ) ) ;
#1691 = FILL_AREA_STYLE ('',( #2196 ) ) ;
#1692 = EDGE_CURVE ( 'NONE', #1340, #1737, #1054, .T. ) ;
#1693 =( NAMED_UNIT ( * ) SI_UNIT ( $, .STERADIAN. ) SOLID_ANGLE_UNIT ( ) );
#1694 = CARTESIAN_POINT ( 'NONE',  ( -0.8499999999999999778, 0.2000000000000000111, -0.6999999999999998446 ) ) ;
#1695 = ORIENTED_EDGE ( 'NONE', *, *, #1060, .F. ) ;
#1696 = VECTOR ( 'NONE', #1239, 1000.000000000000000 ) ;
#1697 = VECTOR ( 'NONE', #1330, 1000.000000000000000 ) ;
#1698 = PRESENTATION_STYLE_ASSIGNMENT (( #379 ) ) ;
#1699 = AXIS2_PLACEMENT_3D ( 'NONE', #1063, #2612, #2394 ) ;
#1700 = ORIENTED_EDGE ( 'NONE', *, *, #602, .T. ) ;
#1701 = LINE ( 'NONE', #2882, #1697 ) ;
#1702 = VECTOR ( 'NONE', #2124, 1000.000000000000000 ) ;
#1703 = FILL_AREA_STYLE_COLOUR ( '', #881 ) ;
#1704 = EDGE_CURVE ( 'NONE', #85, #2807, #2209, .T. ) ;
#1705 = MECHANICAL_DESIGN_GEOMETRIC_PRESENTATION_REPRESENTATION (  '', ( #2584 ), #1022 ) ;
#1706 = ORIENTED_EDGE ( 'NONE', *, *, #1003, .T. ) ;
#1707 = VECTOR ( 'NONE', #1460, 1000.000000000000000 ) ;
#1708 = VECTOR ( 'NONE', #820, 1000.000000000000000 ) ;
#1709 = SURFACE_SIDE_STYLE ('',( #863 ) ) ;
#1710 = MANIFOLD_SOLID_BREP ( 'Draft1', #2072 ) ;
#1711 = CARTESIAN_POINT ( 'NONE',  ( 0.4499999999999997891, 0.2000000000000000111, 0.7000000000000001776 ) ) ;
#1712 = FILL_AREA_STYLE ('',( #1061 ) ) ;
#1713 = VECTOR ( 'NONE', #2831, 1000.000000000000000 ) ;
#1714 = VERTEX_POINT ( 'NONE', #1546 ) ;
#1715 = FILL_AREA_STYLE ('',( #2846 ) ) ;
#1716 = MECHANICAL_DESIGN_GEOMETRIC_PRESENTATION_REPRESENTATION (  '', ( #504 ), #458 ) ;
#1717 =( NAMED_UNIT ( * ) SI_UNIT ( $, .STERADIAN. ) SOLID_ANGLE_UNIT ( ) );
#1718 = VECTOR ( 'NONE', #2921, 1000.000000000000000 ) ;
#1719 = EDGE_CURVE ( 'NONE', #2692, #2816, #2944, .T. ) ;
#1720 = ORIENTED_EDGE ( 'NONE', *, *, #1065, .F. ) ;
#1721 = PRESENTATION_LAYER_ASSIGNMENT (  '', '', ( #1866 ) ) ;
#1722 = SURFACE_STYLE_FILL_AREA ( #2432 ) ;
#1723 = PRESENTATION_LAYER_ASSIGNMENT (  '', '', ( #1364 ) ) ;
#1724 = ORIENTED_EDGE ( 'NONE', *, *, #756, .F. ) ;
#1725 = VECTOR ( 'NONE', #1246, 1000.000000000000000 ) ;
#1726 = EDGE_CURVE ( 'NONE', #840, #439, #2461, .T. ) ;
#1727 = CARTESIAN_POINT ( 'NONE',  ( 0.4500000000000000111, 0.000000000000000000, -0.9000000000000119016 ) ) ;
#1728 = PLANE ( 'NONE',  #700 ) ;
#1729 = ORIENTED_EDGE ( 'NONE', *, *, #1771, .T. ) ;
#1730 = SURFACE_STYLE_USAGE ( .BOTH. , #2455 ) ;
#1731 = LINE ( 'NONE', #2430, #410 ) ;
#1732 = UNCERTAINTY_MEASURE_WITH_UNIT (LENGTH_MEASURE( 1.000000000000000082E-05 ), #532, 'distance_accuracy_value', 'NONE');
#1733 = ORIENTED_EDGE ( 'NONE', *, *, #176, .F. ) ;
#1734 = CARTESIAN_POINT ( 'NONE',  ( 0.1999999999999998723, 0.2000000000000000111, 0.7000000000000001776 ) ) ;
#1735 = FILL_AREA_STYLE ('',( #847 ) ) ;
#1736 = MANIFOLD_SOLID_BREP ( 'Boss-Extrude2[3]', #665 ) ;
#1737 = VERTEX_POINT ( 'NONE', #396 ) ;
#1738 =( NAMED_UNIT ( * ) PLANE_ANGLE_UNIT ( ) SI_UNIT ( $, .RADIAN. ) );
#1739 = PLANE ( 'NONE',  #2489 ) ;
#1740 = MANIFOLD_SOLID_BREP ( 'Boss-Extrude2[6]', #292 ) ;
#1741 =( GEOMETRIC_REPRESENTATION_CONTEXT ( 3 ) GLOBAL_UNCERTAINTY_ASSIGNED_CONTEXT ( ( #311 ) ) GLOBAL_UNIT_ASSIGNED_CONTEXT ( ( #422, #2724, #2254 ) ) REPRESENTATION_CONTEXT ( 'NONE', 'WORKASPACE' ) );
#1742 = EDGE_LOOP ( 'NONE', ( #1695, #376, #711, #1217 ) ) ;
#1743 = MECHANICAL_DESIGN_GEOMETRIC_PRESENTATION_REPRESENTATION (  '', ( #2284 ), #705 ) ;
#1744 =( NAMED_UNIT ( * ) PLANE_ANGLE_UNIT ( ) SI_UNIT ( $, .RADIAN. ) );
#1745 = PRESENTATION_STYLE_ASSIGNMENT (( #1268 ) ) ;
#1746 =( LENGTH_UNIT ( ) NAMED_UNIT ( * ) SI_UNIT ( .MILLI., .METRE. ) );
#1747 = VECTOR ( 'NONE', #508, 1000.000000000000000 ) ;
#1748 = UNCERTAINTY_MEASURE_WITH_UNIT (LENGTH_MEASURE( 1.000000000000000082E-05 ), #737, 'distance_accuracy_value', 'NONE');
#1749 = DIRECTION ( 'NONE',  ( -0.000000000000000000, -1.000000000000000000, -0.000000000000000000 ) ) ;
#1750 = CARTESIAN_POINT ( 'NONE',  ( -1.050000000000018474, 0.000000000000000000, -0.9000000000000119016 ) ) ;
#1751 = ORIENTED_EDGE ( 'NONE', *, *, #696, .F. ) ;
#1752 = MECHANICAL_DESIGN_GEOMETRIC_PRESENTATION_REPRESENTATION (  '', ( #1796 ), #2681 ) ;
#1753 = EDGE_CURVE ( 'NONE', #1449, #139, #1531, .T. ) ;
#1754 = VECTOR ( 'NONE', #1815, 1000.000000000000000 ) ;
#1755 = FILL_AREA_STYLE ('',( #2465 ) ) ;
#1756 = PLANE ( 'NONE',  #1088 ) ;
#1757 = VERTEX_POINT ( 'NONE', #1808 ) ;
#1758 = STYLED_ITEM ( 'NONE', ( #1941 ), #141 ) ;
#1759 = SURFACE_SIDE_STYLE ('',( #868 ) ) ;
#1760 = VECTOR ( 'NONE', #2926, 1000.000000000000000 ) ;
#1761 = MECHANICAL_DESIGN_GEOMETRIC_PRESENTATION_REPRESENTATION (  '', ( #2935 ), #1861 ) ;
#1762 = FILL_AREA_STYLE ('',( #2255 ) ) ;
#1763 = LINE ( 'NONE', #1397, #2184 ) ;
#1764 = MECHANICAL_DESIGN_GEOMETRIC_PRESENTATION_REPRESENTATION (  '', ( #2107 ), #2695 ) ;
#1765 =( LENGTH_UNIT ( ) NAMED_UNIT ( * ) SI_UNIT ( .MILLI., .METRE. ) );
#1766 = ORIENTED_EDGE ( 'NONE', *, *, #1390, .T. ) ;
#1767 = PRESENTATION_LAYER_ASSIGNMENT (  '', '', ( #1407 ) ) ;
#1768 = VECTOR ( 'NONE', #1346, 1000.000000000000000 ) ;
#1769 = SURFACE_STYLE_FILL_AREA ( #1534 ) ;
#1770 = EDGE_CURVE ( 'NONE', #2291, #2769, #2515, .T. ) ;
#1771 = EDGE_CURVE ( 'NONE', #862, #1586, #913, .T. ) ;
#1772 = PLANE ( 'NONE',  #1221 ) ;
#1773 = LINE ( 'NONE', #2705, #2892 ) ;
#1774 = ORIENTED_EDGE ( 'NONE', *, *, #1115, .F. ) ;
#1775 = ADVANCED_FACE ( 'NONE', ( #2500 ), #2481, .F. ) ;
#1776 =( LENGTH_UNIT ( ) NAMED_UNIT ( * ) SI_UNIT ( .MILLI., .METRE. ) );
#1777 = FACE_OUTER_BOUND ( 'NONE', #1577, .T. ) ;
#1778 = DIRECTION ( 'NONE',  ( 1.000000000000000000, 0.000000000000000000, -0.000000000000000000 ) ) ;
#1779 =( NAMED_UNIT ( * ) PLANE_ANGLE_UNIT ( ) SI_UNIT ( $, .RADIAN. ) );
#1780 = LINE ( 'NONE', #485, #1747 ) ;
#1781 = SURFACE_STYLE_USAGE ( .BOTH. , #1287 ) ;
#1782 = FILL_AREA_STYLE_COLOUR ( '', #944 ) ;
#1783 = ORIENTED_EDGE ( 'NONE', *, *, #2057, .T. ) ;
#1784 =( LENGTH_UNIT ( ) NAMED_UNIT ( * ) SI_UNIT ( .MILLI., .METRE. ) );
#1785 =( NAMED_UNIT ( * ) SI_UNIT ( $, .STERADIAN. ) SOLID_ANGLE_UNIT ( ) );
#1786 = DIRECTION ( 'NONE',  ( -0.000000000000000000, -1.000000000000000000, -0.000000000000000000 ) ) ;
#1787 = ADVANCED_FACE ( 'NONE', ( #2288 ), #1601, .F. ) ;
#1788 = EDGE_LOOP ( 'NONE', ( #915, #1566, #1398, #2743 ) ) ;
#1789 = LINE ( 'NONE', #279, #1360 ) ;
#1790 = FACE_OUTER_BOUND ( 'NONE', #895, .T. ) ;
#1791 = ORIENTED_EDGE ( 'NONE', *, *, #900, .F. ) ;
#1792 = DIRECTION ( 'NONE',  ( -1.000000000000000000, 0.000000000000000000, -0.000000000000000000 ) ) ;
#1793 = PLANE ( 'NONE',  #2049 ) ;
#1794 = AXIS2_PLACEMENT_3D ( 'NONE', #2073, #2487, #1592 ) ;
#1795 =( LENGTH_UNIT ( ) NAMED_UNIT ( * ) SI_UNIT ( .MILLI., .METRE. ) );
#1796 = STYLED_ITEM ( 'NONE', ( #1473 ), #2924 ) ;
#1797 = DIRECTION ( 'NONE',  ( 1.000000000000000000, 0.000000000000000000, 0.000000000000000000 ) ) ;
#1798 = ORIENTED_EDGE ( 'NONE', *, *, #652, .T. ) ;
#1799 = MECHANICAL_DESIGN_GEOMETRIC_PRESENTATION_REPRESENTATION (  '', ( #2683 ), #926 ) ;
#1800 = CARTESIAN_POINT ( 'NONE',  ( 0.2000000000000000944, 0.000000000000000000, -1.099999999999999867 ) ) ;
#1801 = AXIS2_PLACEMENT_3D ( 'NONE', #35, #487, #2762 ) ;
#1802 = PRESENTATION_LAYER_ASSIGNMENT (  '', '', ( #2239 ) ) ;
#1803 = ORIENTED_EDGE ( 'NONE', *, *, #176, .T. ) ;
#1804 =( LENGTH_UNIT ( ) NAMED_UNIT ( * ) SI_UNIT ( .MILLI., .METRE. ) );
#1805 = MECHANICAL_DESIGN_GEOMETRIC_PRESENTATION_REPRESENTATION (  '', ( #1904 ), #931 ) ;
#1806 = DIRECTION ( 'NONE',  ( 0.000000000000000000, 1.000000000000000000, 0.000000000000000000 ) ) ;
#1807 = DIRECTION ( 'NONE',  ( 0.000000000000000000, 0.000000000000000000, 1.000000000000000000 ) ) ;
#1808 = CARTESIAN_POINT ( 'NONE',  ( 0.1999999999999998723, 0.2000000000000000111, 0.7000000000000001776 ) ) ;
#1809 = STYLED_ITEM ( 'NONE', ( #1989 ), #2003 ) ;
#1810 = ORIENTED_EDGE ( 'NONE', *, *, #2860, .F. ) ;
#1811 = VECTOR ( 'NONE', #728, 1000.000000000000000 ) ;
#1812 =( LENGTH_UNIT ( ) NAMED_UNIT ( * ) SI_UNIT ( .MILLI., .METRE. ) );
#1813 = UNCERTAINTY_MEASURE_WITH_UNIT (LENGTH_MEASURE( 1.000000000000000082E-05 ), #2460, 'distance_accuracy_value', 'NONE');
#1814 = CARTESIAN_POINT ( 'NONE',  ( 0.000000000000000000, 0.000000000000000000, 0.9000000000000001332 ) ) ;
#1815 = DIRECTION ( 'NONE',  ( -0.000000000000000000, -1.000000000000000000, -0.000000000000000000 ) ) ;
#1816 = PRESENTATION_STYLE_ASSIGNMENT (( #224 ) ) ;
#1817 = SURFACE_STYLE_FILL_AREA ( #2958 ) ;
#1818 = ORIENTED_EDGE ( 'NONE', *, *, #450, .T. ) ;
#1819 = EDGE_CURVE ( 'NONE', #1158, #1539, #2273, .T. ) ;
#1820 = CARTESIAN_POINT ( 'NONE',  ( 0.8500000000000000888, 0.2000000000000000111, -1.099999999999999867 ) ) ;
#1821 = DIRECTION ( 'NONE',  ( 0.000000000000000000, -0.000000000000000000, 1.000000000000000000 ) ) ;
#1822 = ORIENTED_EDGE ( 'NONE', *, *, #2613, .T. ) ;
#1823 = SURFACE_STYLE_FILL_AREA ( #1178 ) ;
#1824 = CARTESIAN_POINT ( 'NONE',  ( 0.2000000000000000944, 0.2000000000000000111, -1.099999999999999867 ) ) ;
#1825 = SURFACE_SIDE_STYLE ('',( #28 ) ) ;
#1826 = ORIENTED_EDGE ( 'NONE', *, *, #1982, .T. ) ;
#1827 = SURFACE_STYLE_USAGE ( .BOTH. , #284 ) ;
#1828 = SURFACE_STYLE_FILL_AREA ( #514 ) ;
#1829 = PRESENTATION_STYLE_ASSIGNMENT (( #1642 ) ) ;
#1830 = SURFACE_STYLE_USAGE ( .BOTH. , #2764 ) ;
#1831 = CARTESIAN_POINT ( 'NONE',  ( 0.000000000000000000, 0.000000000000000000, -0.9000000000000119016 ) ) ;
#1832 = LINE ( 'NONE', #1389, #415 ) ;
#1833 = EDGE_LOOP ( 'NONE', ( #879, #2017, #667, #1414 ) ) ;
#1834 = LINE ( 'NONE', #1189, #984 ) ;
#1835 =( NAMED_UNIT ( * ) SI_UNIT ( $, .STERADIAN. ) SOLID_ANGLE_UNIT ( ) );
#1836 = CARTESIAN_POINT ( 'NONE',  ( -0.1999999999999999833, 0.000000000000000000, -0.9000000000000119016 ) ) ;
#1837 =( NAMED_UNIT ( * ) SI_UNIT ( $, .STERADIAN. ) SOLID_ANGLE_UNIT ( ) );
#1838 = ORIENTED_EDGE ( 'NONE', *, *, #969, .T. ) ;
#1839 =( LENGTH_UNIT ( ) NAMED_UNIT ( * ) SI_UNIT ( .MILLI., .METRE. ) );
#1840 = SURFACE_SIDE_STYLE ('',( #1183 ) ) ;
#1841 = COLOUR_RGB ( '',0.2509803921568627416, 0.2509803921568627416, 0.2509803921568627416 ) ;
#1842 = VECTOR ( 'NONE', #574, 1000.000000000000000 ) ;
#1843 = LINE ( 'NONE', #1864, #2795 ) ;
#1844 = EDGE_CURVE ( 'NONE', #2473, #31, #510, .T. ) ;
#1845 = ORIENTED_EDGE ( 'NONE', *, *, #2139, .T. ) ;
#1846 = CARTESIAN_POINT ( 'NONE',  ( -0.8499999999999999778, 0.2000000000000000111, -0.6999999999999998446 ) ) ;
#1847 = FILL_AREA_STYLE ('',( #2558 ) ) ;
#1848 = VECTOR ( 'NONE', #980, 1000.000000000000000 ) ;
#1849 = CARTESIAN_POINT ( 'NONE',  ( -1.050000000000000044, 0.2000000000000000111, 0.8825022672948152902 ) ) ;
#1850 = CARTESIAN_POINT ( 'NONE',  ( -0.8499999999999999778, 0.000000000000000000, -0.6999999999999998446 ) ) ;
#1851 = STYLED_ITEM ( 'NONE', ( #2214 ), #272 ) ;
#1853 = CARTESIAN_POINT ( 'NONE',  ( 0.8499999999999998668, 0.000000000000000000, 0.7000000000000001776 ) ) ;
#1852 = VECTOR ( 'NONE', #2640, 1000.000000000000000 ) ;
#1854 =( NAMED_UNIT ( * ) SI_UNIT ( $, .STERADIAN. ) SOLID_ANGLE_UNIT ( ) );
#1855 = VERTEX_POINT ( 'NONE', #1480 ) ;
#1856 = CARTESIAN_POINT ( 'NONE',  ( -0.8500000000000001998, 0.000000000000000000, 0.7000000000000001776 ) ) ;
#1857 = EDGE_CURVE ( 'NONE', #2644, #695, #2128, .T. ) ;
#1858 = CARTESIAN_POINT ( 'NONE',  ( -0.2000000000000002054, 0.2000000000000000111, 0.7000000000000001776 ) ) ;
#1859 = DIRECTION ( 'NONE',  ( 0.000000000000000000, 0.08715574274765820750, -0.9961946980917455452 ) ) ;
#1860 = MECHANICAL_DESIGN_GEOMETRIC_PRESENTATION_REPRESENTATION (  '', ( #888 ), #226 ) ;
#1861 =( GEOMETRIC_REPRESENTATION_CONTEXT ( 3 ) GLOBAL_UNCERTAINTY_ASSIGNED_CONTEXT ( ( #1582 ) ) GLOBAL_UNIT_ASSIGNED_CONTEXT ( ( #1776, #232, #2707 ) ) REPRESENTATION_CONTEXT ( 'NONE', 'WORKASPACE' ) );
#1862 = VECTOR ( 'NONE', #2753, 1000.000000000000000 ) ;
#1863 =( GEOMETRIC_REPRESENTATION_CONTEXT ( 3 ) GLOBAL_UNCERTAINTY_ASSIGNED_CONTEXT ( ( #1991 ) ) GLOBAL_UNIT_ASSIGNED_CONTEXT ( ( #238, #2725, #604 ) ) REPRESENTATION_CONTEXT ( 'NONE', 'WORKASPACE' ) );
#1864 = CARTESIAN_POINT ( 'NONE',  ( -1.036430056676297395, 0.1551051619356361988, -0.8864300566762912670 ) ) ;
#1865 = ORIENTED_EDGE ( 'NONE', *, *, #2803, .T. ) ;
#1866 = STYLED_ITEM ( 'NONE', ( #252 ), #2501 ) ;
#1867 = COLOUR_RGB ( '',0.7921568627450980005, 0.8196078431372548767, 0.9333333333333333481 ) ;
#1868 = DIRECTION ( 'NONE',  ( 0.000000000000000000, 0.000000000000000000, -1.000000000000000000 ) ) ;
#1869 = DIRECTION ( 'NONE',  ( -1.000000000000000000, -0.000000000000000000, -0.000000000000000000 ) ) ;
#1870 = AXIS2_PLACEMENT_3D ( 'NONE', #2912, #617, #866 ) ;
#1871 = SURFACE_STYLE_FILL_AREA ( #1205 ) ;
#1872 =( GEOMETRIC_REPRESENTATION_CONTEXT ( 3 ) GLOBAL_UNCERTAINTY_ASSIGNED_CONTEXT ( ( #1654 ) ) GLOBAL_UNIT_ASSIGNED_CONTEXT ( ( #813, #332, #1510 ) ) REPRESENTATION_CONTEXT ( 'NONE', 'WORKASPACE' ) );
#1873 = EDGE_LOOP ( 'NONE', ( #1798, #1822, #704, #535 ) ) ;
#1874 = CARTESIAN_POINT ( 'NONE',  ( 0.4500000000000000111, 0.2000000000000000111, -1.099999999999999867 ) ) ;
#1875 =( LENGTH_UNIT ( ) NAMED_UNIT ( * ) SI_UNIT ( .MILLI., .METRE. ) );
#1876 = SURFACE_SIDE_STYLE ('',( #2382 ) ) ;
#1877 = EDGE_CURVE ( 'NONE', #1649, #550, #816, .T. ) ;
#1878 = SURFACE_STYLE_USAGE ( .BOTH. , #1418 ) ;
#1879 = VERTEX_POINT ( 'NONE', #90 ) ;
#1880 =( NAMED_UNIT ( * ) PLANE_ANGLE_UNIT ( ) SI_UNIT ( $, .RADIAN. ) );
#1881 = EDGE_LOOP ( 'NONE', ( #1104, #416, #1623, #2574 ) ) ;
#1882 = DIRECTION ( 'NONE',  ( 1.355252715606880296E-16, 0.000000000000000000, 1.000000000000000000 ) ) ;
#1883 = ORIENTED_EDGE ( 'NONE', *, *, #425, .T. ) ;
#1884 =( LENGTH_UNIT ( ) NAMED_UNIT ( * ) SI_UNIT ( .MILLI., .METRE. ) );
#1885 = CARTESIAN_POINT ( 'NONE',  ( 0.1999999999999998723, 0.2000000000000000111, 0.7000000000000001776 ) ) ;
#1886 =( LENGTH_UNIT ( ) NAMED_UNIT ( * ) SI_UNIT ( .MILLI., .METRE. ) );
#1887 = PRESENTATION_LAYER_ASSIGNMENT (  '', '', ( #1051 ) ) ;
#1888 = VECTOR ( 'NONE', #67, 1000.000000000000000 ) ;
#1889 = DIRECTION ( 'NONE',  ( -1.000000000000000000, 0.000000000000000000, -0.000000000000000000 ) ) ;
#1890 = UNCERTAINTY_MEASURE_WITH_UNIT (LENGTH_MEASURE( 1.000000000000000082E-05 ), #2861, 'distance_accuracy_value', 'NONE');
#1891 = FACE_OUTER_BOUND ( 'NONE', #2938, .T. ) ;
#1892 = FILL_AREA_STYLE_COLOUR ( '', #1321 ) ;
#1893 = ORIENTED_EDGE ( 'NONE', *, *, #1939, .T. ) ;
#1894 = CARTESIAN_POINT ( 'NONE',  ( 0.4499999999999997891, 0.2000000000000000111, 1.100000000000000311 ) ) ;
#1895 = VECTOR ( 'NONE', #1512, 1000.000000000000000 ) ;
#1896 = PRESENTATION_STYLE_ASSIGNMENT (( #2848 ) ) ;
#1897 = EDGE_LOOP ( 'NONE', ( #503, #1018, #1604, #777 ) ) ;
#1898 = MECHANICAL_DESIGN_GEOMETRIC_PRESENTATION_REPRESENTATION (  '', ( #2345 ), #640 ) ;
#1899 = LINE ( 'NONE', #2603, #542 ) ;
#1900 = DIRECTION ( 'NONE',  ( 0.000000000000000000, -0.000000000000000000, 1.000000000000000000 ) ) ;
#1901 = UNCERTAINTY_MEASURE_WITH_UNIT (LENGTH_MEASURE( 1.000000000000000082E-05 ), #2083, 'distance_accuracy_value', 'NONE');
#1902 = PRESENTATION_LAYER_ASSIGNMENT (  '', '', ( #1540 ) ) ;
#1903 = DIRECTION ( 'NONE',  ( 0.000000000000000000, 1.000000000000000000, 0.000000000000000000 ) ) ;
#1904 = STYLED_ITEM ( 'NONE', ( #517 ), #371 ) ;
#1905 = VECTOR ( 'NONE', #186, 1000.000000000000000 ) ;
#1906 =( GEOMETRIC_REPRESENTATION_CONTEXT ( 3 ) GLOBAL_UNCERTAINTY_ASSIGNED_CONTEXT ( ( #1443 ) ) GLOBAL_UNIT_ASSIGNED_CONTEXT ( ( #536, #343, #964 ) ) REPRESENTATION_CONTEXT ( 'NONE', 'WORKASPACE' ) );
#1907 = AXIS2_PLACEMENT_3D ( 'NONE', #280, #2019, #23 ) ;
#1908 =( NAMED_UNIT ( * ) PLANE_ANGLE_UNIT ( ) SI_UNIT ( $, .RADIAN. ) );
#1909 = LINE ( 'NONE', #1711, #2245 ) ;
#1910 = ORIENTED_EDGE ( 'NONE', *, *, #506, .T. ) ;
#1911 = EDGE_CURVE ( 'NONE', #2918, #2194, #781, .T. ) ;
#1912 = CARTESIAN_POINT ( 'NONE',  ( 0.8499999999999998668, 0.2000000000000000111, 0.8825022672948152902 ) ) ;
#1913 =( GEOMETRIC_REPRESENTATION_CONTEXT ( 3 ) GLOBAL_UNCERTAINTY_ASSIGNED_CONTEXT ( ( #96 ) ) GLOBAL_UNIT_ASSIGNED_CONTEXT ( ( #1784, #2533, #1568 ) ) REPRESENTATION_CONTEXT ( 'NONE', 'WORKASPACE' ) );
#1914 = CARTESIAN_POINT ( 'NONE',  ( 0.8500000000000000888, 0.2000000000000000111, -0.6999999999999998446 ) ) ;
#1915 = SURFACE_STYLE_FILL_AREA ( #303 ) ;
#1916 = VERTEX_POINT ( 'NONE', #2572 ) ;
#1917 =( NAMED_UNIT ( * ) PLANE_ANGLE_UNIT ( ) SI_UNIT ( $, .RADIAN. ) );
#1918 = ADVANCED_FACE ( 'NONE', ( #2349 ), #121, .F. ) ;
#1919 = SURFACE_SIDE_STYLE ('',( #1214 ) ) ;
#1920 = APPLICATION_CONTEXT ( 'automotive_design' ) ;
#1921 = DIRECTION ( 'NONE',  ( 0.000000000000000000, 1.000000000000000000, 0.000000000000000000 ) ) ;
#1922 =( LENGTH_UNIT ( ) NAMED_UNIT ( * ) SI_UNIT ( .MILLI., .METRE. ) );
#1923 = CLOSED_SHELL ( 'NONE', ( #2711, #2171, #619, #1188, #1109, #443 ) ) ;
#1924 = CARTESIAN_POINT ( 'NONE',  ( -0.1999999999999999833, 0.2000000000000000111, -1.099999999999999867 ) ) ;
#1925 = PRESENTATION_STYLE_ASSIGNMENT (( #1938 ) ) ;
#1926 = VERTEX_POINT ( 'NONE', #1035 ) ;
#1927 = CARTESIAN_POINT ( 'NONE',  ( 0.000000000000000000, 0.2000000000000000111, 0.000000000000000000 ) ) ;
#1928 = FILL_AREA_STYLE_COLOUR ( '', #1112 ) ;
#1929 =( NAMED_UNIT ( * ) PLANE_ANGLE_UNIT ( ) SI_UNIT ( $, .RADIAN. ) );
#1930 = ORIENTED_EDGE ( 'NONE', *, *, #2610, .F. ) ;
#1931 = LINE ( 'NONE', #405, #235 ) ;
#1932 = DIRECTION ( 'NONE',  ( -0.000000000000000000, -1.000000000000000000, -0.000000000000000000 ) ) ;
#1933 = FACE_OUTER_BOUND ( 'NONE', #1547, .T. ) ;
#1934 = ORIENTED_EDGE ( 'NONE', *, *, #2314, .T. ) ;
#1935 = LINE ( 'NONE', #1087, #1707 ) ;
#1936 = FILL_AREA_STYLE_COLOUR ( '', #1630 ) ;
#1937 = DIRECTION ( 'NONE',  ( -0.000000000000000000, -0.9961946980917455452, -0.08715574274765819363 ) ) ;
#1938 = SURFACE_STYLE_USAGE ( .BOTH. , #633 ) ;
#1939 = EDGE_CURVE ( 'NONE', #183, #1289, #1467, .T. ) ;
#1940 = ORIENTED_EDGE ( 'NONE', *, *, #1571, .F. ) ;
#1941 = PRESENTATION_STYLE_ASSIGNMENT (( #377 ) ) ;
#1942 = VECTOR ( 'NONE', #902, 1000.000000000000114 ) ;
#1943 = PRESENTATION_STYLE_ASSIGNMENT (( #2169 ) ) ;
#1944 = FACE_OUTER_BOUND ( 'NONE', #2413, .T. ) ;
#1945 = ORIENTED_EDGE ( 'NONE', *, *, #162, .T. ) ;
#1946 =( LENGTH_UNIT ( ) NAMED_UNIT ( * ) SI_UNIT ( .MILLI., .METRE. ) );
#1947 =( LENGTH_UNIT ( ) NAMED_UNIT ( * ) SI_UNIT ( .MILLI., .METRE. ) );
#1948 = STYLED_ITEM ( 'NONE', ( #2856 ), #2948 ) ;
#1949 =( NAMED_UNIT ( * ) PLANE_ANGLE_UNIT ( ) SI_UNIT ( $, .RADIAN. ) );
#1950 = DIRECTION ( 'NONE',  ( 1.000000000000000000, 0.000000000000000000, -0.000000000000000000 ) ) ;
#1951 = ORIENTED_EDGE ( 'NONE', *, *, #241, .F. ) ;
#1952 = EDGE_CURVE ( 'NONE', #1916, #153, #319, .T. ) ;
#1953 =( GEOMETRIC_REPRESENTATION_CONTEXT ( 3 ) GLOBAL_UNCERTAINTY_ASSIGNED_CONTEXT ( ( #1077 ) ) GLOBAL_UNIT_ASSIGNED_CONTEXT ( ( #2655, #2886, #2435 ) ) REPRESENTATION_CONTEXT ( 'NONE', 'WORKASPACE' ) );
#1954 = VECTOR ( 'NONE', #2608, 1000.000000000000000 ) ;
#1955 = FACE_OUTER_BOUND ( 'NONE', #383, .T. ) ;
#1956 = CARTESIAN_POINT ( 'NONE',  ( 1.050000000000000266, 0.000000000000000000, 0.9000000000000001332 ) ) ;
#1957 = FILL_AREA_STYLE_COLOUR ( '', #2646 ) ;
#1958 = ADVANCED_FACE ( 'NONE', ( #2805 ), #2368, .T. ) ;
#1959 =( GEOMETRIC_REPRESENTATION_CONTEXT ( 3 ) GLOBAL_UNCERTAINTY_ASSIGNED_CONTEXT ( ( #1901 ) ) GLOBAL_UNIT_ASSIGNED_CONTEXT ( ( #2083, #703, #1854 ) ) REPRESENTATION_CONTEXT ( 'NONE', 'WORKASPACE' ) );
#1960 = ORIENTED_EDGE ( 'NONE', *, *, #1390, .F. ) ;
#1961 = CARTESIAN_POINT ( 'NONE',  ( 0.1999999999999998723, 0.000000000000000000, 0.7000000000000001776 ) ) ;
#1962 = DIRECTION ( 'NONE',  ( -1.000000000000000000, 0.000000000000000000, 0.000000000000000000 ) ) ;
#1963 = FILL_AREA_STYLE ('',( #2170 ) ) ;
#1964 = VECTOR ( 'NONE', #730, 1000.000000000000000 ) ;
#1965 = ORIENTED_EDGE ( 'NONE', *, *, #2014, .T. ) ;
#1966 = COLOUR_RGB ( '',0.2509803921568627416, 0.2509803921568627416, 0.2509803921568627416 ) ;
#1967 = AXIS2_PLACEMENT_3D ( 'NONE', #2821, #2602, #296 ) ;
#1968 = MECHANICAL_DESIGN_GEOMETRIC_PRESENTATION_REPRESENTATION (  '', ( #2265 ), #2896 ) ;
#1969 = VERTEX_POINT ( 'NONE', #167 ) ;
#1970 = AXIS2_PLACEMENT_3D ( 'NONE', #914, #1083, #1331 ) ;
#1971 = EDGE_CURVE ( 'NONE', #2632, #2291, #842, .T. ) ;
#1972 = DIRECTION ( 'NONE',  ( 0.000000000000000000, 0.000000000000000000, 1.000000000000000000 ) ) ;
#1973 = LINE ( 'NONE', #1089, #77 ) ;
#1974 = FILL_AREA_STYLE_COLOUR ( '', #1487 ) ;
#1975 = FACE_OUTER_BOUND ( 'NONE', #1391, .T. ) ;
#1976 = VERTEX_POINT ( 'NONE', #658 ) ;
#1977 = CARTESIAN_POINT ( 'NONE',  ( -0.4499999999999999001, 0.2000000000000000111, -1.099999999999999867 ) ) ;
#1978 = LINE ( 'NONE', #2232, #1760 ) ;
#1979 = UNCERTAINTY_MEASURE_WITH_UNIT (LENGTH_MEASURE( 1.000000000000000082E-05 ), #1097, 'distance_accuracy_value', 'NONE');
#1980 = FACE_OUTER_BOUND ( 'NONE', #2814, .T. ) ;
#1981 = PLANE ( 'NONE',  #893 ) ;
#1982 = EDGE_CURVE ( 'NONE', #2654, #1976, #1495, .T. ) ;
#1983 = EDGE_LOOP ( 'NONE', ( #1272, #1129, #1359, #2956 ) ) ;
#1984 = EDGE_CURVE ( 'NONE', #2668, #904, #1295, .T. ) ;
#1985 = CARTESIAN_POINT ( 'NONE',  ( -0.8499999999999999778, 0.2000000000000000111, -1.099999999999999867 ) ) ;
#1986 = SURFACE_STYLE_USAGE ( .BOTH. , #1840 ) ;
#1987 =( NAMED_UNIT ( * ) SI_UNIT ( $, .STERADIAN. ) SOLID_ANGLE_UNIT ( ) );
#1988 = ORIENTED_EDGE ( 'NONE', *, *, #1182, .T. ) ;
#1989 = PRESENTATION_STYLE_ASSIGNMENT (( #826 ) ) ;
#1990 = COLOUR_RGB ( '',0.2509803921568627416, 0.2509803921568627416, 0.2509803921568627416 ) ;
#1991 = UNCERTAINTY_MEASURE_WITH_UNIT (LENGTH_MEASURE( 1.000000000000000082E-05 ), #238, 'distance_accuracy_value', 'NONE');
#1992 = DIRECTION ( 'NONE',  ( 0.000000000000000000, 0.000000000000000000, -1.000000000000000000 ) ) ;
#1993 = FILL_AREA_STYLE ('',( #2447 ) ) ;
#1994 = ORIENTED_EDGE ( 'NONE', *, *, #573, .T. ) ;
#1995 = PLANE ( 'NONE',  #1309 ) ;
#1996 = VECTOR ( 'NONE', #2419, 1000.000000000000000 ) ;
#1997 =( GEOMETRIC_REPRESENTATION_CONTEXT ( 3 ) GLOBAL_UNCERTAINTY_ASSIGNED_CONTEXT ( ( #1555 ) ) GLOBAL_UNIT_ASSIGNED_CONTEXT ( ( #1375, #1388, #49 ) ) REPRESENTATION_CONTEXT ( 'NONE', 'WORKASPACE' ) );
#1998 = ORIENTED_EDGE ( 'NONE', *, *, #2536, .F. ) ;
#1999 = FILL_AREA_STYLE ('',( #209 ) ) ;
#2000 = STYLED_ITEM ( 'NONE', ( #2366 ), #194 ) ;
#2001 = FILL_AREA_STYLE_COLOUR ( '', #126 ) ;
#2002 = PLANE ( 'NONE',  #891 ) ;
#2003 = ADVANCED_FACE ( 'NONE', ( #1094 ), #2625, .F. ) ;
#2004 = CARTESIAN_POINT ( 'NONE',  ( -0.2000000000000002054, 0.2000000000000000111, 0.7000000000000001776 ) ) ;
#2005 =( GEOMETRIC_REPRESENTATION_CONTEXT ( 3 ) GLOBAL_UNCERTAINTY_ASSIGNED_CONTEXT ( ( #2595 ) ) GLOBAL_UNIT_ASSIGNED_CONTEXT ( ( #1746, #2512, #1351 ) ) REPRESENTATION_CONTEXT ( 'NONE', 'WORKASPACE' ) );
#2006 = DIRECTION ( 'NONE',  ( -1.000000000000000000, -0.000000000000000000, -0.000000000000000000 ) ) ;
#2007 =( GEOMETRIC_REPRESENTATION_CONTEXT ( 3 ) GLOBAL_UNCERTAINTY_ASSIGNED_CONTEXT ( ( #2941 ) ) GLOBAL_UNIT_ASSIGNED_CONTEXT ( ( #133, #1908, #1618 ) ) REPRESENTATION_CONTEXT ( 'NONE', 'WORKASPACE' ) );
#2008 =( NAMED_UNIT ( * ) PLANE_ANGLE_UNIT ( ) SI_UNIT ( $, .RADIAN. ) );
#2009 =( GEOMETRIC_REPRESENTATION_CONTEXT ( 3 ) GLOBAL_UNCERTAINTY_ASSIGNED_CONTEXT ( ( #2840 ) ) GLOBAL_UNIT_ASSIGNED_CONTEXT ( ( #710, #1114, #1139 ) ) REPRESENTATION_CONTEXT ( 'NONE', 'WORKASPACE' ) );
#2010 = EDGE_LOOP ( 'NONE', ( #2663, #1013, #2276, #2448 ) ) ;
#2011 = MECHANICAL_DESIGN_GEOMETRIC_PRESENTATION_REPRESENTATION (  '', ( #2262 ), #1226 ) ;
#2012 = FILL_AREA_STYLE_COLOUR ( '', #2698 ) ;
#2013 =( NAMED_UNIT ( * ) SI_UNIT ( $, .STERADIAN. ) SOLID_ANGLE_UNIT ( ) );
#2014 = EDGE_CURVE ( 'NONE', #921, #85, #869, .T. ) ;
#2015 = AXIS2_PLACEMENT_3D ( 'NONE', #2267, #2476, #242 ) ;
#2016 = DIRECTION ( 'NONE',  ( -1.000000000000000000, -0.000000000000000000, -0.000000000000000000 ) ) ;
#2017 = ORIENTED_EDGE ( 'NONE', *, *, #2536, .T. ) ;
#2018 = CARTESIAN_POINT ( 'NONE',  ( -0.8499999999999999778, 0.2000000000000000111, -0.6999999999999998446 ) ) ;
#2019 = DIRECTION ( 'NONE',  ( 0.000000000000000000, 1.000000000000000000, 0.000000000000000000 ) ) ;
#2020 = ORIENTED_EDGE ( 'NONE', *, *, #1065, .T. ) ;
#2021 = EDGE_CURVE ( 'NONE', #153, #940, #1978, .T. ) ;
#2022 = LINE ( 'NONE', #2953, #582 ) ;
#2023 = EDGE_LOOP ( 'NONE', ( #321, #1751, #635, #1783 ) ) ;
#2024 = PLANE ( 'NONE',  #2260 ) ;
#2025 = DIRECTION ( 'NONE',  ( 0.000000000000000000, 1.000000000000000000, 0.000000000000000000 ) ) ;
#2026 = FILL_AREA_STYLE_COLOUR ( '', #2779 ) ;
#2027 = FACE_OUTER_BOUND ( 'NONE', #625, .T. ) ;
#2028 = CARTESIAN_POINT ( 'NONE',  ( -0.1999999999999999833, 0.000000000000000000, -0.6999999999999998446 ) ) ;
#2029 = VERTEX_POINT ( 'NONE', #432 ) ;
#2030 = CARTESIAN_POINT ( 'NONE',  ( -0.4499999999999999001, 0.2000000000000000111, -1.099999999999999867 ) ) ;
#2031 = EDGE_CURVE ( 'NONE', #1289, #1332, #402, .T. ) ;
#2032 = SURFACE_SIDE_STYLE ('',( #260 ) ) ;
#2033 = VECTOR ( 'NONE', #779, 1000.000000000000000 ) ;
#2034 = FILL_AREA_STYLE_COLOUR ( '', #1383 ) ;
#2035 = DIRECTION ( 'NONE',  ( 0.000000000000000000, 0.000000000000000000, 1.000000000000000000 ) ) ;
#2036 =( GEOMETRIC_REPRESENTATION_CONTEXT ( 3 ) GLOBAL_UNCERTAINTY_ASSIGNED_CONTEXT ( ( #2312 ) ) GLOBAL_UNIT_ASSIGNED_CONTEXT ( ( #1589, #1355, #1600 ) ) REPRESENTATION_CONTEXT ( 'NONE', 'WORKASPACE' ) );
#2037 = ORIENTED_EDGE ( 'NONE', *, *, #663, .T. ) ;
#2038 = FACE_OUTER_BOUND ( 'NONE', #295, .T. ) ;
#2039 = CARTESIAN_POINT ( 'NONE',  ( -0.2000000000000002054, 0.000000000000000000, 0.7000000000000001776 ) ) ;
#2040 = CARTESIAN_POINT ( 'NONE',  ( 0.4499999999999997891, 0.2000000000000000111, 1.100000000000000311 ) ) ;
#2041 = SURFACE_STYLE_FILL_AREA ( #2243 ) ;
#2042 = EDGE_CURVE ( 'NONE', #356, #12, #2661, .T. ) ;
#2043 = MECHANICAL_DESIGN_GEOMETRIC_PRESENTATION_REPRESENTATION (  '', ( #2580 ), #1162 ) ;
#2044 = STYLED_ITEM ( 'NONE', ( #38 ), #2910 ) ;
#2045 = FILL_AREA_STYLE ('',( #2750 ) ) ;
#2046 = EDGE_LOOP ( 'NONE', ( #490, #1594, #1281, #924 ) ) ;
#2047 = VECTOR ( 'NONE', #495, 1000.000000000000000 ) ;
#2048 = FILL_AREA_STYLE ('',( #2001 ) ) ;
#2049 = AXIS2_PLACEMENT_3D ( 'NONE', #2715, #2266, #2731 ) ;
#2050 = SURFACE_STYLE_USAGE ( .BOTH. , #1124 ) ;
#2051 = LINE ( 'NONE', #27, #963 ) ;
#2052 =( NAMED_UNIT ( * ) SI_UNIT ( $, .STERADIAN. ) SOLID_ANGLE_UNIT ( ) );
#2053 = MECHANICAL_DESIGN_GEOMETRIC_PRESENTATION_REPRESENTATION (  '', ( #1133 ), #2309 ) ;
#2054 = EDGE_LOOP ( 'NONE', ( #2249, #1234, #600, #2614 ) ) ;
#2055 = SURFACE_SIDE_STYLE ('',( #1372 ) ) ;
#2056 = PRESENTATION_LAYER_ASSIGNMENT (  '', '', ( #2257 ) ) ;
#2057 = EDGE_CURVE ( 'NONE', #1384, #75, #1731, .T. ) ;
#2058 = COLOUR_RGB ( '',0.7529411764705882248, 0.7529411764705882248, 0.7529411764705882248 ) ;
#2059 = SURFACE_STYLE_USAGE ( .BOTH. , #488 ) ;
#2060 = ADVANCED_FACE ( 'NONE', ( #1944 ), #420, .F. ) ;
#2061 = CARTESIAN_POINT ( 'NONE',  ( -0.8500000000000001998, 0.2000000000000000111, 0.7000000000000001776 ) ) ;
#2062 = ORIENTED_EDGE ( 'NONE', *, *, #2422, .T. ) ;
#2063 = VECTOR ( 'NONE', #1276, 1000.000000000000000 ) ;
#2064 = DIRECTION ( 'NONE',  ( -1.000000000000000000, 0.000000000000000000, 0.000000000000000000 ) ) ;
#2065 =( LENGTH_UNIT ( ) NAMED_UNIT ( * ) SI_UNIT ( .MILLI., .METRE. ) );
#2066 =( NAMED_UNIT ( * ) PLANE_ANGLE_UNIT ( ) SI_UNIT ( $, .RADIAN. ) );
#2067 = SURFACE_STYLE_FILL_AREA ( #1762 ) ;
#2068 = CARTESIAN_POINT ( 'NONE',  ( -0.8499999999999999778, 0.2000000000000000111, -0.6999999999999998446 ) ) ;
#2069 =( LENGTH_UNIT ( ) NAMED_UNIT ( * ) SI_UNIT ( .MILLI., .METRE. ) );
#2070 = ORIENTED_EDGE ( 'NONE', *, *, #2021, .T. ) ;
#2071 = SURFACE_STYLE_USAGE ( .BOTH. , #2055 ) ;
#2072 = CLOSED_SHELL ( 'NONE', ( #1216, #1517, #1958, #299, #272, #141, #51, #2905, #1565, #1426, #2003, #741, #935, #16, #2077, #2119, #605, #2772, #960, #225, #2090, #2483, #843, #2235, #2566, #2910, #201, #2855, #2060, #989 ) ) ;
#2073 = CARTESIAN_POINT ( 'NONE',  ( 0.000000000000000000, 0.000000000000000000, 0.000000000000000000 ) ) ;
#2074 = LINE ( 'NONE', #196, #927 ) ;
#2075 = EDGE_CURVE ( 'NONE', #1916, #2142, #669, .T. ) ;
#2076 =( NAMED_UNIT ( * ) SI_UNIT ( $, .STERADIAN. ) SOLID_ANGLE_UNIT ( ) );
#2077 = ADVANCED_FACE ( 'NONE', ( #1777 ), #698, .F. ) ;
#2078 = VERTEX_POINT ( 'NONE', #492 ) ;
#2079 = LINE ( 'NONE', #2609, #1140 ) ;
#2080 = ORIENTED_EDGE ( 'NONE', *, *, #1545, .T. ) ;
#2081 = CARTESIAN_POINT ( 'NONE',  ( -0.8500000000000001998, 0.2000000000000000111, 0.8825022672948152902 ) ) ;
#2082 = LINE ( 'NONE', #2379, #2385 ) ;
#2083 =( LENGTH_UNIT ( ) NAMED_UNIT ( * ) SI_UNIT ( .MILLI., .METRE. ) );
#2084 = CARTESIAN_POINT ( 'NONE',  ( -0.8500000000000001998, 0.2000000000000000111, 1.100000000000000311 ) ) ;
#2085 = ORIENTED_EDGE ( 'NONE', *, *, #2825, .F. ) ;
#2086 = FILL_AREA_STYLE ('',( #2381 ) ) ;
#2087 = PRESENTATION_STYLE_ASSIGNMENT (( #958 ) ) ;
#2088 = EDGE_CURVE ( 'NONE', #2358, #1377, #2768, .T. ) ;
#2089 =( NAMED_UNIT ( * ) PLANE_ANGLE_UNIT ( ) SI_UNIT ( $, .RADIAN. ) );
#2090 = ADVANCED_FACE ( 'NONE', ( #1588 ), #2002, .F. ) ;
#2091 = PRESENTATION_LAYER_ASSIGNMENT (  '', '', ( #874 ) ) ;
#2092 = VECTOR ( 'NONE', #754, 1000.000000000000000 ) ;
#2093 = PLANE ( 'NONE',  #60 ) ;
#2094 = CARTESIAN_POINT ( 'NONE',  ( -0.4500000000000001221, 0.2000000000000000111, 0.7000000000000001776 ) ) ;
#2095 = EDGE_CURVE ( 'NONE', #2735, #1533, #1029, .T. ) ;
#2096 = STYLED_ITEM ( 'NONE', ( #2211 ), #475 ) ;
#2097 = ORIENTED_EDGE ( 'NONE', *, *, #2362, .F. ) ;
#2098 =( GEOMETRIC_REPRESENTATION_CONTEXT ( 3 ) GLOBAL_UNCERTAINTY_ASSIGNED_CONTEXT ( ( #1122 ) ) GLOBAL_UNIT_ASSIGNED_CONTEXT ( ( #1795, #919, #1199 ) ) REPRESENTATION_CONTEXT ( 'NONE', 'WORKASPACE' ) );
#2099 = LINE ( 'NONE', #98, #1130 ) ;
#2100 = DIRECTION ( 'NONE',  ( -0.000000000000000000, -0.9961946980917455452, 0.08715574274765820750 ) ) ;
#2101 = MECHANICAL_DESIGN_GEOMETRIC_PRESENTATION_REPRESENTATION (  '', ( #1851 ), #2197 ) ;
#2102 = SURFACE_STYLE_FILL_AREA ( #540 ) ;
#2103 = ORIENTED_EDGE ( 'NONE', *, *, #917, .T. ) ;
#2104 = SURFACE_STYLE_FILL_AREA ( #1210 ) ;
#2105 = DIRECTION ( 'NONE',  ( -1.000000000000000000, 0.000000000000000000, -0.000000000000000000 ) ) ;
#2106 = VECTOR ( 'NONE', #937, 1000.000000000000000 ) ;
#2107 = STYLED_ITEM ( 'NONE', ( #717 ), #2676 ) ;
#2108 = LINE ( 'NONE', #61, #2842 ) ;
#2109 = UNCERTAINTY_MEASURE_WITH_UNIT (LENGTH_MEASURE( 1.000000000000000082E-05 ), #2527, 'distance_accuracy_value', 'NONE');
#2110 = ORIENTED_EDGE ( 'NONE', *, *, #602, .F. ) ;
#2111 =( NAMED_UNIT ( * ) SI_UNIT ( $, .STERADIAN. ) SOLID_ANGLE_UNIT ( ) );
#2112 =( NAMED_UNIT ( * ) PLANE_ANGLE_UNIT ( ) SI_UNIT ( $, .RADIAN. ) );
#2113 = COLOUR_RGB ( '',0.2509803921568627416, 0.2509803921568627416, 0.2509803921568627416 ) ;
#2114 = PRESENTATION_LAYER_ASSIGNMENT (  '', '', ( #1673 ) ) ;
#2115 = ORIENTED_EDGE ( 'NONE', *, *, #68, .T. ) ;
#2116 =( LENGTH_UNIT ( ) NAMED_UNIT ( * ) SI_UNIT ( .MILLI., .METRE. ) );
#2117 = PRESENTATION_STYLE_ASSIGNMENT (( #1193 ) ) ;
#2118 =( GEOMETRIC_REPRESENTATION_CONTEXT ( 3 ) GLOBAL_UNCERTAINTY_ASSIGNED_CONTEXT ( ( #2812 ) ) GLOBAL_UNIT_ASSIGNED_CONTEXT ( ( #1092, #1744, #880 ) ) REPRESENTATION_CONTEXT ( 'NONE', 'WORKASPACE' ) );
#2119 = ADVANCED_FACE ( 'NONE', ( #2330 ), #567, .T. ) ;
#2120 = ORIENTED_EDGE ( 'NONE', *, *, #1282, .F. ) ;
#2121 = SURFACE_STYLE_USAGE ( .BOTH. , #769 ) ;
#2122 = PLANE ( 'NONE',  #2774 ) ;
#2123 = UNCERTAINTY_MEASURE_WITH_UNIT (LENGTH_MEASURE( 1.000000000000000082E-05 ), #776, 'distance_accuracy_value', 'NONE');
#2124 = DIRECTION ( 'NONE',  ( 1.000000000000000000, -0.000000000000000000, -0.000000000000000000 ) ) ;
#2125 = ORIENTED_EDGE ( 'NONE', *, *, #460, .F. ) ;
#2126 = SURFACE_SIDE_STYLE ('',( #2598 ) ) ;
#2127 = ORIENTED_EDGE ( 'NONE', *, *, #2370, .F. ) ;
#2128 = LINE ( 'NONE', #360, #2306 ) ;
#2129 = EDGE_CURVE ( 'NONE', #907, #2751, #1236, .T. ) ;
#2130 = ORIENTED_EDGE ( 'NONE', *, *, #2014, .F. ) ;
#2131 = PLANE ( 'NONE',  #836 ) ;
#2132 = FACE_OUTER_BOUND ( 'NONE', #55, .T. ) ;
#2133 = UNCERTAINTY_MEASURE_WITH_UNIT (LENGTH_MEASURE( 1.000000000000000082E-05 ), #375, 'distance_accuracy_value', 'NONE');
#2134 = EDGE_CURVE ( 'NONE', #2524, #2654, #66, .T. ) ;
#2135 = PLANE ( 'NONE',  #2397 ) ;
#2136 =( GEOMETRIC_REPRESENTATION_CONTEXT ( 3 ) GLOBAL_UNCERTAINTY_ASSIGNED_CONTEXT ( ( #1606 ) ) GLOBAL_UNIT_ASSIGNED_CONTEXT ( ( #1947, #954, #263 ) ) REPRESENTATION_CONTEXT ( 'NONE', 'WORKASPACE' ) );
#2137 = CARTESIAN_POINT ( 'NONE',  ( 0.4500000000000000111, 0.2000000000000000111, -0.6999999999999998446 ) ) ;
#2138 = ORIENTED_EDGE ( 'NONE', *, *, #1060, .T. ) ;
#2139 = EDGE_CURVE ( 'NONE', #1649, #2769, #537, .T. ) ;
#2140 = SURFACE_SIDE_STYLE ('',( #987 ) ) ;
#2141 = PRODUCT_DEFINITION_FORMATION_WITH_SPECIFIED_SOURCE ( 'ANY', '', #2178, .NOT_KNOWN. ) ;
#2142 = VERTEX_POINT ( 'NONE', #1012 ) ;
#2143 = AXIS2_PLACEMENT_3D ( 'NONE', #1482, #140, #1900 ) ;
#2144 = CARTESIAN_POINT ( 'NONE',  ( -0.2000000000000002054, 0.2000000000000000111, 0.7000000000000001776 ) ) ;
#2145 = FACE_OUTER_BOUND ( 'NONE', #1591, .T. ) ;
#2146 = LINE ( 'NONE', #2164, #451 ) ;
#2147 = MECHANICAL_DESIGN_GEOMETRIC_PRESENTATION_REPRESENTATION (  '', ( #408 ), #2005 ) ;
#2148 = CARTESIAN_POINT ( 'NONE',  ( -0.1999999999999999833, 0.2000000000000000111, -0.6999999999999998446 ) ) ;
#2149 = VECTOR ( 'NONE', #2752, 1000.000000000000000 ) ;
#2150 = EDGE_CURVE ( 'NONE', #966, #348, #2844, .T. ) ;
#2151 =( GEOMETRIC_REPRESENTATION_CONTEXT ( 3 ) GLOBAL_UNCERTAINTY_ASSIGNED_CONTEXT ( ( #1233 ) ) GLOBAL_UNIT_ASSIGNED_CONTEXT ( ( #331, #2112, #2801 ) ) REPRESENTATION_CONTEXT ( 'NONE', 'WORKASPACE' ) );
#2152 = VECTOR ( 'NONE', #2035, 1000.000000000000000 ) ;
#2153 = LINE ( 'NONE', #2859, #1708 ) ;
#2154 = EDGE_LOOP ( 'NONE', ( #2754, #521, #2945, #2434 ) ) ;
#2155 = DIRECTION ( 'NONE',  ( 1.000000000000000000, 0.000000000000000000, -0.000000000000000000 ) ) ;
#2156 =( GEOMETRIC_REPRESENTATION_CONTEXT ( 3 ) GLOBAL_UNCERTAINTY_ASSIGNED_CONTEXT ( ( #1678 ) ) GLOBAL_UNIT_ASSIGNED_CONTEXT ( ( #1583, #1, #257 ) ) REPRESENTATION_CONTEXT ( 'NONE', 'WORKASPACE' ) );
#2157 = SURFACE_SIDE_STYLE ('',( #622 ) ) ;
#2158 =( LENGTH_UNIT ( ) NAMED_UNIT ( * ) SI_UNIT ( .MILLI., .METRE. ) );
#2159 = ORIENTED_EDGE ( 'NONE', *, *, #656, .F. ) ;
#2160 = FILL_AREA_STYLE_COLOUR ( '', #1867 ) ;
#2161 = DIRECTION ( 'NONE',  ( -1.355252715606880296E-16, -0.000000000000000000, -1.000000000000000000 ) ) ;
#2162 =( GEOMETRIC_REPRESENTATION_CONTEXT ( 3 ) GLOBAL_UNCERTAINTY_ASSIGNED_CONTEXT ( ( #549 ) ) GLOBAL_UNIT_ASSIGNED_CONTEXT ( ( #1118, #1525, #637 ) ) REPRESENTATION_CONTEXT ( 'NONE', 'WORKASPACE' ) );
#2163 = CARTESIAN_POINT ( 'NONE',  ( 0.000000000000000000, 0.2000000000000000111, 0.000000000000000000 ) ) ;
#2164 = CARTESIAN_POINT ( 'NONE',  ( -1.050000000000018474, 0.2000000000000000111, -0.8825022672948270586 ) ) ;
#2165 = EDGE_CURVE ( 'NONE', #1095, #2692, #2079, .T. ) ;
#2166 = CARTESIAN_POINT ( 'NONE',  ( -0.2000000000000002054, 0.2000000000000000111, 1.100000000000000311 ) ) ;
#2167 = EDGE_CURVE ( 'NONE', #2780, #1347, #1431, .T. ) ;
#2168 = ORIENTED_EDGE ( 'NONE', *, *, #219, .T. ) ;
#2169 = SURFACE_STYLE_USAGE ( .BOTH. , #1283 ) ;
#2170 = FILL_AREA_STYLE_COLOUR ( '', #1667 ) ;
#2171 = ADVANCED_FACE ( 'NONE', ( #1646 ), #2570, .F. ) ;
#2172 = VERTEX_POINT ( 'NONE', #1694 ) ;
#2173 = SURFACE_STYLE_USAGE ( .BOTH. , #2189 ) ;
#2174 = SURFACE_STYLE_USAGE ( .BOTH. , #845 ) ;
#2175 = PRESENTATION_STYLE_ASSIGNMENT (( #1781 ) ) ;
#2176 = SURFACE_STYLE_USAGE ( .BOTH. , #1690 ) ;
#2177 = ORIENTED_EDGE ( 'NONE', *, *, #2553, .F. ) ;
#2178 = PRODUCT ( 'RRL035P03FRATR', 'RRL035P03FRATR', '', ( #2449 ) ) ;
#2179 = DIRECTION ( 'NONE',  ( 0.000000000000000000, 0.000000000000000000, 1.000000000000000000 ) ) ;
#2180 = CARTESIAN_POINT ( 'NONE',  ( 0.4500000000000000111, 0.2000000000000000111, -1.099999999999999867 ) ) ;
#2181 = SURFACE_STYLE_USAGE ( .BOTH. , #388 ) ;
#2182 = VERTEX_POINT ( 'NONE', #1103 ) ;
#2183 = CARTESIAN_POINT ( 'NONE',  ( 0.4499999999999997891, 0.2000000000000000111, 0.7000000000000001776 ) ) ;
#2184 = VECTOR ( 'NONE', #2236, 1000.000000000000000 ) ;
#2185 = DIRECTION ( 'NONE',  ( 0.000000000000000000, -0.000000000000000000, 1.000000000000000000 ) ) ;
#2186 = LINE ( 'NONE', #950, #1895 ) ;
#2187 = PRESENTATION_LAYER_ASSIGNMENT (  '', '', ( #2580 ) ) ;
#2188 = ORIENTED_EDGE ( 'NONE', *, *, #1984, .F. ) ;
#2189 = SURFACE_SIDE_STYLE ('',( #612 ) ) ;
#2190 = DIRECTION ( 'NONE',  ( -1.000000000000000000, 0.000000000000000000, 1.355252715606880296E-16 ) ) ;
#2191 = AXIS2_PLACEMENT_3D ( 'NONE', #547, #328, #2355 ) ;
#2192 =( LENGTH_UNIT ( ) NAMED_UNIT ( * ) SI_UNIT ( .MILLI., .METRE. ) );
#2193 = CARTESIAN_POINT ( 'NONE',  ( 0.8499999999999998668, 0.2000000000000000111, 0.7000000000000001776 ) ) ;
#2194 = VERTEX_POINT ( 'NONE', #1291 ) ;
#2195 =( GEOMETRIC_REPRESENTATION_CONTEXT ( 3 ) GLOBAL_UNCERTAINTY_ASSIGNED_CONTEXT ( ( #2123 ) ) GLOBAL_UNIT_ASSIGNED_CONTEXT ( ( #776, #2583, #1693 ) ) REPRESENTATION_CONTEXT ( 'NONE', 'WORKASPACE' ) );
#2196 = FILL_AREA_STYLE_COLOUR ( '', #312 ) ;
#2197 =( GEOMETRIC_REPRESENTATION_CONTEXT ( 3 ) GLOBAL_UNCERTAINTY_ASSIGNED_CONTEXT ( ( #1542 ) ) GLOBAL_UNIT_ASSIGNED_CONTEXT ( ( #2703, #630, #2474 ) ) REPRESENTATION_CONTEXT ( 'NONE', 'WORKASPACE' ) );
#2198 = FACE_OUTER_BOUND ( 'NONE', #1148, .T. ) ;
#2199 = FACE_OUTER_BOUND ( 'NONE', #1897, .T. ) ;
#2200 = ORIENTED_EDGE ( 'NONE', *, *, #1911, .F. ) ;
#2201 = SURFACE_STYLE_FILL_AREA ( #2914 ) ;
#2202 = VECTOR ( 'NONE', #2897, 1000.000000000000000 ) ;
#2203 =( LENGTH_UNIT ( ) NAMED_UNIT ( * ) SI_UNIT ( .MILLI., .METRE. ) );
#2204 = AXIS2_PLACEMENT_3D ( 'NONE', #2756, #1599, #435 ) ;
#2205 = CARTESIAN_POINT ( 'NONE',  ( -0.2000000000000002054, 0.000000000000000000, 1.100000000000000311 ) ) ;
#2206 = FILL_AREA_STYLE ('',( #2034 ) ) ;
#2207 = DIRECTION ( 'NONE',  ( 1.023968718458525111E-14, -0.000000000000000000, 1.000000000000000000 ) ) ;
#2208 = FILL_AREA_STYLE ('',( #1530 ) ) ;
#2209 = LINE ( 'NONE', #2666, #680 ) ;
#2210 = PRESENTATION_LAYER_ASSIGNMENT (  '', '', ( #2265 ) ) ;
#2211 = PRESENTATION_STYLE_ASSIGNMENT (( #218 ) ) ;
#2212 = ORIENTED_EDGE ( 'NONE', *, *, #1877, .F. ) ;
#2213 = VECTOR ( 'NONE', #1041, 1000.000000000000000 ) ;
#2214 = PRESENTATION_STYLE_ASSIGNMENT (( #2450 ) ) ;
#2215 = SURFACE_STYLE_FILL_AREA ( #1755 ) ;
#2216 = DIRECTION ( 'NONE',  ( 0.000000000000000000, 0.000000000000000000, -1.000000000000000000 ) ) ;
#2217 = ORIENTED_EDGE ( 'NONE', *, *, #1177, .F. ) ;
#2218 = DIRECTION ( 'NONE',  ( 0.000000000000000000, 0.000000000000000000, 1.000000000000000000 ) ) ;
#2219 = PRODUCT_RELATED_PRODUCT_CATEGORY ( 'part', '', ( #2178 ) ) ;
#2220 = DIRECTION ( 'NONE',  ( -0.000000000000000000, -1.000000000000000000, -0.000000000000000000 ) ) ;
#2221 = UNCERTAINTY_MEASURE_WITH_UNIT (LENGTH_MEASURE( 1.000000000000000082E-05 ), #1839, 'distance_accuracy_value', 'NONE');
#2222 = DIRECTION ( 'NONE',  ( 0.000000000000000000, 0.000000000000000000, 1.000000000000000000 ) ) ;
#2223 = ADVANCED_FACE ( 'NONE', ( #1975 ), #1728, .F. ) ;
#2224 = ORIENTED_EDGE ( 'NONE', *, *, #1025, .T. ) ;
#2225 = SHAPE_DEFINITION_REPRESENTATION ( #2699, #1408 ) ;
#2226 = DIRECTION ( 'NONE',  ( 0.9961946980917455452, 0.08715574274765820750, -1.020072208340182011E-14 ) ) ;
#2227 = DIRECTION ( 'NONE',  ( 0.000000000000000000, 0.000000000000000000, 1.000000000000000000 ) ) ;
#2228 = EDGE_CURVE ( 'NONE', #752, #833, #1521, .T. ) ;
#2229 = DIRECTION ( 'NONE',  ( -0.000000000000000000, -1.000000000000000000, -0.000000000000000000 ) ) ;
#2230 = ORIENTED_EDGE ( 'NONE', *, *, #236, .F. ) ;
#2231 = SURFACE_STYLE_FILL_AREA ( #1999 ) ;
#2232 = CARTESIAN_POINT ( 'NONE',  ( 0.8499999999999998668, 0.2000000000000000111, 0.7000000000000001776 ) ) ;
#2233 = UNCERTAINTY_MEASURE_WITH_UNIT (LENGTH_MEASURE( 1.000000000000000082E-05 ), #1946, 'distance_accuracy_value', 'NONE');
#2234 =( NAMED_UNIT ( * ) PLANE_ANGLE_UNIT ( ) SI_UNIT ( $, .RADIAN. ) );
#2235 = ADVANCED_FACE ( 'NONE', ( #1538 ), #1756, .T. ) ;
#2236 = DIRECTION ( 'NONE',  ( -0.000000000000000000, -1.000000000000000000, -0.000000000000000000 ) ) ;
#2237 = SURFACE_STYLE_FILL_AREA ( #1993 ) ;
#2238 = DIRECTION ( 'NONE',  ( 0.000000000000000000, 0.000000000000000000, 1.000000000000000000 ) ) ;
#2239 = STYLED_ITEM ( 'NONE', ( #2087 ), #595 ) ;
#2240 = ORIENTED_EDGE ( 'NONE', *, *, #2934, .T. ) ;
#2241 = DIRECTION ( 'NONE',  ( -0.000000000000000000, -0.9961946980917455452, 0.08715574274765820750 ) ) ;
#2242 = CARTESIAN_POINT ( 'NONE',  ( 0.000000000000000000, 0.000000000000000000, 0.000000000000000000 ) ) ;
#2243 = FILL_AREA_STYLE ('',( #1374 ) ) ;
#2244 =( GEOMETRIC_REPRESENTATION_CONTEXT ( 3 ) GLOBAL_UNCERTAINTY_ASSIGNED_CONTEXT ( ( #1648 ) ) GLOBAL_UNIT_ASSIGNED_CONTEXT ( ( #143, #533, #2340 ) ) REPRESENTATION_CONTEXT ( 'NONE', 'WORKASPACE' ) );
#2245 = VECTOR ( 'NONE', #589, 1000.000000000000000 ) ;
#2246 = DIRECTION ( 'NONE',  ( 0.000000000000000000, 0.000000000000000000, 1.000000000000000000 ) ) ;
#2247 = CARTESIAN_POINT ( 'NONE',  ( 0.8499999999999998668, 0.2000000000000000111, 0.7000000000000001776 ) ) ;
#2248 = ADVANCED_FACE ( 'NONE', ( #2199 ), #2690, .F. ) ;
#2249 = ORIENTED_EDGE ( 'NONE', *, *, #1984, .T. ) ;
#2250 = SURFACE_STYLE_FILL_AREA ( #2048 ) ;
#2251 = COLOUR_RGB ( '',0.7529411764705882248, 0.7529411764705882248, 0.7529411764705882248 ) ;
#2252 = CARTESIAN_POINT ( 'NONE',  ( 0.000000000000000000, 0.2000000000000000111, 0.000000000000000000 ) ) ;
#2253 = STYLED_ITEM ( 'NONE', ( #115 ), #1147 ) ;
#2254 =( NAMED_UNIT ( * ) SI_UNIT ( $, .STERADIAN. ) SOLID_ANGLE_UNIT ( ) );
#2255 = FILL_AREA_STYLE_COLOUR ( '', #281 ) ;
#2256 = CARTESIAN_POINT ( 'NONE',  ( 0.8500000000000000888, 0.2000000000000000111, -0.6999999999999998446 ) ) ;
#2257 = STYLED_ITEM ( 'NONE', ( #428 ), #2855 ) ;
#2258 = SURFACE_STYLE_FILL_AREA ( #9 ) ;
#2259 = SURFACE_STYLE_USAGE ( .BOTH. , #2955 ) ;
#2260 = AXIS2_PLACEMENT_3D ( 'NONE', #946, #2730, #497 ) ;
#2261 = EDGE_LOOP ( 'NONE', ( #1838, #2097, #1047, #2907 ) ) ;
#2262 = STYLED_ITEM ( 'NONE', ( #2664 ), #2635 ) ;
#2263 =( NAMED_UNIT ( * ) SI_UNIT ( $, .STERADIAN. ) SOLID_ANGLE_UNIT ( ) );
#2264 = PLANE ( 'NONE',  #634 ) ;
#2265 = STYLED_ITEM ( 'NONE', ( #1448 ), #2171 ) ;
#2266 = DIRECTION ( 'NONE',  ( -0.9961946980917455452, 0.08715574274765820750, 1.020072208340182011E-14 ) ) ;
#2267 = CARTESIAN_POINT ( 'NONE',  ( 0.000000000000000000, 0.2000000000000000111, 0.000000000000000000 ) ) ;
#2268 = ORIENTED_EDGE ( 'NONE', *, *, #1704, .T. ) ;
#2269 = ADVANCED_FACE ( 'NONE', ( #19 ), #39, .T. ) ;
#2270 = SURFACE_STYLE_USAGE ( .BOTH. , #1552 ) ;
#2271 = DIRECTION ( 'NONE',  ( 1.000000000000000000, 0.000000000000000000, 0.000000000000000000 ) ) ;
#2272 =( LENGTH_UNIT ( ) NAMED_UNIT ( * ) SI_UNIT ( .MILLI., .METRE. ) );
#2273 = LINE ( 'NONE', #249, #1627 ) ;
#2274 = EDGE_CURVE ( 'NONE', #439, #2739, #2936, .T. ) ;
#2275 =( NAMED_UNIT ( * ) SI_UNIT ( $, .STERADIAN. ) SOLID_ANGLE_UNIT ( ) );
#2276 = ORIENTED_EDGE ( 'NONE', *, *, #864, .F. ) ;
#2277 = SURFACE_STYLE_USAGE ( .BOTH. , #1373 ) ;
#2278 = DIRECTION ( 'NONE',  ( 0.000000000000000000, 0.9961946980917455452, 0.08715574274765820750 ) ) ;
#2279 = LINE ( 'NONE', #1320, #174 ) ;
#2280 = LINE ( 'NONE', #2061, #1768 ) ;
#2281 = ORIENTED_EDGE ( 'NONE', *, *, #2362, .T. ) ;
#2282 = DIRECTION ( 'NONE',  ( 0.000000000000000000, 1.000000000000000000, 0.000000000000000000 ) ) ;
#2283 = FILL_AREA_STYLE ('',( #1379 ) ) ;
#2284 = STYLED_ITEM ( 'NONE', ( #1658 ), #111 ) ;
#2285 = VERTEX_POINT ( 'NONE', #445 ) ;
#2286 = DIRECTION ( 'NONE',  ( 0.000000000000000000, 0.000000000000000000, 1.000000000000000000 ) ) ;
#2287 =( NAMED_UNIT ( * ) SI_UNIT ( $, .STERADIAN. ) SOLID_ANGLE_UNIT ( ) );
#2288 = FACE_OUTER_BOUND ( 'NONE', #496, .T. ) ;
#2289 =( GEOMETRIC_REPRESENTATION_CONTEXT ( 3 ) GLOBAL_UNCERTAINTY_ASSIGNED_CONTEXT ( ( #498 ) ) GLOBAL_UNIT_ASSIGNED_CONTEXT ( ( #2561, #318, #570 ) ) REPRESENTATION_CONTEXT ( 'NONE', 'WORKASPACE' ) );
#2290 = PLANE ( 'NONE',  #1699 ) ;
#2291 = VERTEX_POINT ( 'NONE', #694 ) ;
#2292 = SURFACE_STYLE_FILL_AREA ( #2759 ) ;
#2293 = DIRECTION ( 'NONE',  ( 0.000000000000000000, -0.000000000000000000, 1.000000000000000000 ) ) ;
#2294 = LINE ( 'NONE', #1608, #1121 ) ;
#2295 =( GEOMETRIC_REPRESENTATION_CONTEXT ( 3 ) GLOBAL_UNCERTAINTY_ASSIGNED_CONTEXT ( ( #624 ) ) GLOBAL_UNIT_ASSIGNED_CONTEXT ( ( #2761, #530, #545 ) ) REPRESENTATION_CONTEXT ( 'NONE', 'WORKASPACE' ) );
#2296 = CARTESIAN_POINT ( 'NONE',  ( 0.8499999999999998668, 0.2000000000000000111, 0.7000000000000001776 ) ) ;
#2297 = DIRECTION ( 'NONE',  ( 0.000000000000000000, 0.000000000000000000, -1.000000000000000000 ) ) ;
#2298 = APPLICATION_CONTEXT ( 'automotive_design' ) ;
#2299 = EDGE_LOOP ( 'NONE', ( #951, #2706, #859, #118 ) ) ;
#2300 =( GEOMETRIC_REPRESENTATION_CONTEXT ( 3 ) GLOBAL_UNCERTAINTY_ASSIGNED_CONTEXT ( ( #2823 ) ) GLOBAL_UNIT_ASSIGNED_CONTEXT ( ( #2811, #1457, #107 ) ) REPRESENTATION_CONTEXT ( 'NONE', 'WORKASPACE' ) );
#2301 = PLANE ( 'NONE',  #320 ) ;
#2302 = CARTESIAN_POINT ( 'NONE',  ( 0.1999999999999998723, 0.000000000000000000, 0.7000000000000001776 ) ) ;
#2303 =( GEOMETRIC_REPRESENTATION_CONTEXT ( 3 ) GLOBAL_UNCERTAINTY_ASSIGNED_CONTEXT ( ( #1427 ) ) GLOBAL_UNIT_ASSIGNED_CONTEXT ( ( #2116, #2066, #1835 ) ) REPRESENTATION_CONTEXT ( 'NONE', 'WORKASPACE' ) );
#2304 = COLOUR_RGB ( '',0.2509803921568627416, 0.2509803921568627416, 0.2509803921568627416 ) ;
#2305 = FACE_OUTER_BOUND ( 'NONE', #202, .T. ) ;
#2306 = VECTOR ( 'NONE', #2562, 1000.000000000000000 ) ;
#2307 = CARTESIAN_POINT ( 'NONE',  ( 1.050000000000000266, 0.000000000000000000, 0.9000000000000001332 ) ) ;
#2308 = PRESENTATION_LAYER_ASSIGNMENT (  '', '', ( #504 ) ) ;
#2309 =( GEOMETRIC_REPRESENTATION_CONTEXT ( 3 ) GLOBAL_UNCERTAINTY_ASSIGNED_CONTEXT ( ( #341 ) ) GLOBAL_UNIT_ASSIGNED_CONTEXT ( ( #2065, #952, #505 ) ) REPRESENTATION_CONTEXT ( 'NONE', 'WORKASPACE' ) );
#2310 = ORIENTED_EDGE ( 'NONE', *, *, #2075, .T. ) ;
#2311 = FILL_AREA_STYLE ('',( #1578 ) ) ;
#2312 = UNCERTAINTY_MEASURE_WITH_UNIT (LENGTH_MEASURE( 1.000000000000000082E-05 ), #1589, 'distance_accuracy_value', 'NONE');
#2313 = CARTESIAN_POINT ( 'NONE',  ( 0.4499999999999997891, 0.2000000000000000111, 0.7000000000000001776 ) ) ;
#2314 = EDGE_CURVE ( 'NONE', #997, #183, #2280, .T. ) ;
#2315 = STYLED_ITEM ( 'NONE', ( #576 ), #2772 ) ;
#2316 = VECTOR ( 'NONE', #2229, 1000.000000000000000 ) ;
#2317 = DIRECTION ( 'NONE',  ( -0.08682659386424849968, -0.9924325091389668563, -0.08682659386424761150 ) ) ;
#2318 = EDGE_LOOP ( 'NONE', ( #2352, #1497, #1560, #1153 ) ) ;
#2319 = FILL_AREA_STYLE_COLOUR ( '', #601 ) ;
#2320 = CARTESIAN_POINT ( 'NONE',  ( 0.4500000000000000111, 0.000000000000000000, -1.099999999999999867 ) ) ;
#2321 = ORIENTED_EDGE ( 'NONE', *, *, #1939, .F. ) ;
#2322 = DIRECTION ( 'NONE',  ( -0.000000000000000000, -1.000000000000000000, -0.000000000000000000 ) ) ;
#2323 = COLOUR_RGB ( '',0.2509803921568627416, 0.2509803921568627416, 0.2509803921568627416 ) ;
#2324 = CARTESIAN_POINT ( 'NONE',  ( 0.1999999999999999001, 0.000000000000000000, 0.9000000000000001332 ) ) ;
#2325 = SURFACE_STYLE_FILL_AREA ( #892 ) ;
#2326 = DIRECTION ( 'NONE',  ( 0.000000000000000000, 0.000000000000000000, 1.000000000000000000 ) ) ;
#2327 = DIRECTION ( 'NONE',  ( 1.000000000000000000, -0.000000000000000000, -0.000000000000000000 ) ) ;
#2328 = VERTEX_POINT ( 'NONE', #949 ) ;
#2329 = EDGE_CURVE ( 'NONE', #2467, #401, #2510, .T. ) ;
#2330 = FACE_OUTER_BOUND ( 'NONE', #2555, .T. ) ;
#2331 = FILL_AREA_STYLE_COLOUR ( '', #1524 ) ;
#2332 = FACE_OUTER_BOUND ( 'NONE', #2010, .T. ) ;
#2333 = CARTESIAN_POINT ( 'NONE',  ( -0.8500000000000001998, 0.000000000000000000, 0.7000000000000001776 ) ) ;
#2334 = EDGE_CURVE ( 'NONE', #2182, #439, #1832, .T. ) ;
#2335 = ORIENTED_EDGE ( 'NONE', *, *, #1282, .T. ) ;
#2336 = PLANE ( 'NONE',  #1138 ) ;
#2337 = DIRECTION ( 'NONE',  ( 1.000000000000000000, 0.000000000000000000, 0.000000000000000000 ) ) ;
#2338 = CARTESIAN_POINT ( 'NONE',  ( 0.2000000000000000944, 0.2000000000000000111, -0.6999999999999998446 ) ) ;
#2339 = STYLED_ITEM ( 'NONE', ( #364 ), #734 ) ;
#2340 =( NAMED_UNIT ( * ) SI_UNIT ( $, .STERADIAN. ) SOLID_ANGLE_UNIT ( ) );
#2341 = STYLED_ITEM ( 'NONE', ( #1438 ), #486 ) ;
#2342 = VERTEX_POINT ( 'NONE', #2766 ) ;
#2343 =( LENGTH_UNIT ( ) NAMED_UNIT ( * ) SI_UNIT ( .MILLI., .METRE. ) );
#2344 = CARTESIAN_POINT ( 'NONE',  ( -0.1999999999999999833, 0.2000000000000000111, -1.099999999999999867 ) ) ;
#2345 = STYLED_ITEM ( 'NONE', ( #2433 ), #1710 ) ;
#2346 = PRESENTATION_LAYER_ASSIGNMENT (  '', '', ( #1212 ) ) ;
#2348 = FACE_OUTER_BOUND ( 'NONE', #136, .T. ) ;
#2347 = VECTOR ( 'NONE', #399, 1000.000000000000000 ) ;
#2349 = FACE_OUTER_BOUND ( 'NONE', #512, .T. ) ;
#2350 = UNCERTAINTY_MEASURE_WITH_UNIT (LENGTH_MEASURE( 1.000000000000000082E-05 ), #1042, 'distance_accuracy_value', 'NONE');
#2351 = VECTOR ( 'NONE', #1152, 1000.000000000000000 ) ;
#2352 = ORIENTED_EDGE ( 'NONE', *, *, #1844, .F. ) ;
#2353 = DIRECTION ( 'NONE',  ( 1.000000000000000000, 0.000000000000000000, -0.000000000000000000 ) ) ;
#2354 = SURFACE_SIDE_STYLE ('',( #93 ) ) ;
#2355 = DIRECTION ( 'NONE',  ( 0.000000000000000000, 0.000000000000000000, -1.000000000000000000 ) ) ;
#2356 = COLOUR_RGB ( '',0.7529411764705882248, 0.7529411764705882248, 0.7529411764705882248 ) ;
#2357 = UNCERTAINTY_MEASURE_WITH_UNIT (LENGTH_MEASURE( 1.000000000000000082E-05 ), #1812, 'distance_accuracy_value', 'NONE');
#2358 = VERTEX_POINT ( 'NONE', #1376 ) ;
#2359 = VECTOR ( 'NONE', #2327, 1000.000000000000000 ) ;
#2360 = VECTOR ( 'NONE', #544, 1000.000000000000000 ) ;
#2361 = FILL_AREA_STYLE ('',( #761 ) ) ;
#2362 = EDGE_CURVE ( 'NONE', #1539, #2644, #1550, .T. ) ;
#2363 =( GEOMETRIC_REPRESENTATION_CONTEXT ( 3 ) GLOBAL_UNCERTAINTY_ASSIGNED_CONTEXT ( ( #1890 ) ) GLOBAL_UNIT_ASSIGNED_CONTEXT ( ( #2861, #821, #1987 ) ) REPRESENTATION_CONTEXT ( 'NONE', 'WORKASPACE' ) );
#2364 = VECTOR ( 'NONE', #1299, 1000.000000000000000 ) ;
#2365 = ORIENTED_EDGE ( 'NONE', *, *, #1770, .T. ) ;
#2366 = PRESENTATION_STYLE_ASSIGNMENT (( #579 ) ) ;
#2367 = DIRECTION ( 'NONE',  ( -0.000000000000000000, -1.000000000000000000, -0.000000000000000000 ) ) ;
#2368 = PLANE ( 'NONE',  #2542 ) ;
#2369 = ORIENTED_EDGE ( 'NONE', *, *, #1463, .T. ) ;
#2370 = EDGE_CURVE ( 'NONE', #889, #1240, #1773, .T. ) ;
#2371 = FILL_AREA_STYLE ('',( #2399 ) ) ;
#2372 = CARTESIAN_POINT ( 'NONE',  ( 0.2000000000000000944, 0.2000000000000000111, -1.099999999999999867 ) ) ;
#2373 = DIRECTION ( 'NONE',  ( 0.000000000000000000, -0.000000000000000000, 1.000000000000000000 ) ) ;
#2374 = UNCERTAINTY_MEASURE_WITH_UNIT (LENGTH_MEASURE( 1.000000000000000082E-05 ), #1886, 'distance_accuracy_value', 'NONE');
#2375 = EDGE_CURVE ( 'NONE', #833, #2444, #228, .T. ) ;
#2376 = DIRECTION ( 'NONE',  ( 1.000000000000000000, 0.000000000000000000, 0.000000000000000000 ) ) ;
#2377 = DIRECTION ( 'NONE',  ( -1.000000000000000000, 0.000000000000000000, 1.355252715606880296E-16 ) ) ;
#2378 = ORIENTED_EDGE ( 'NONE', *, *, #2857, .F. ) ;
#2379 = CARTESIAN_POINT ( 'NONE',  ( 0.4499999999999997891, 0.000000000000000000, 0.7000000000000001776 ) ) ;
#2380 = ORIENTED_EDGE ( 'NONE', *, *, #573, .F. ) ;
#2381 = FILL_AREA_STYLE_COLOUR ( '', #1966 ) ;
#2382 = SURFACE_STYLE_FILL_AREA ( #560 ) ;
#2383 = LINE ( 'NONE', #1256, #37 ) ;
#2384 =( NAMED_UNIT ( * ) SI_UNIT ( $, .STERADIAN. ) SOLID_ANGLE_UNIT ( ) );
#2385 = VECTOR ( 'NONE', #1452, 1000.000000000000000 ) ;
#2386 = COLOUR_RGB ( '',0.7529411764705882248, 0.7529411764705882248, 0.7529411764705882248 ) ;
#2387 = CARTESIAN_POINT ( 'NONE',  ( -0.8500000000000001998, 0.2000000000000000111, 0.7000000000000001776 ) ) ;
#2388 = SURFACE_STYLE_USAGE ( .BOTH. , #607 ) ;
#2389 = ORIENTED_EDGE ( 'NONE', *, *, #2810, .F. ) ;
#2390 = DIRECTION ( 'NONE',  ( 0.000000000000000000, -1.000000000000000000, 0.000000000000000000 ) ) ;
#2391 = PLANE ( 'NONE',  #1402 ) ;
#2392 = FILL_AREA_STYLE_COLOUR ( '', #69 ) ;
#2393 = VECTOR ( 'NONE', #2651, 1000.000000000000000 ) ;
#2394 = DIRECTION ( 'NONE',  ( 0.000000000000000000, 0.000000000000000000, 1.000000000000000000 ) ) ;
#2395 = EDGE_CURVE ( 'NONE', #1255, #168, #1215, .T. ) ;
#2396 = ORIENTED_EDGE ( 'NONE', *, *, #762, .F. ) ;
#2397 = AXIS2_PLACEMENT_3D ( 'NONE', #179, #585, #1134 ) ;
#2398 = VECTOR ( 'NONE', #134, 1000.000000000000114 ) ;
#2399 = FILL_AREA_STYLE_COLOUR ( '', #1387 ) ;
#2400 = CARTESIAN_POINT ( 'NONE',  ( 1.034168399455641874, 0.1809560222582373978, -0.8841683994556712722 ) ) ;
#2401 = LINE ( 'NONE', #368, #2063 ) ;
#2402 = COLOUR_RGB ( '',0.2509803921568627416, 0.2509803921568627416, 0.2509803921568627416 ) ;
#2403 = EDGE_CURVE ( 'NONE', #1340, #2285, #1631, .T. ) ;
#2404 = DIRECTION ( 'NONE',  ( 0.000000000000000000, -0.000000000000000000, 1.000000000000000000 ) ) ;
#2405 = VECTOR ( 'NONE', #1002, 1000.000000000000000 ) ;
#2406 = CARTESIAN_POINT ( 'NONE',  ( -1.050000000000000044, 0.000000000000000000, 0.9000000000000001332 ) ) ;
#2407 = AXIS2_PLACEMENT_3D ( 'NONE', #1846, #1868, #330 ) ;
#2408 =( GEOMETRIC_REPRESENTATION_CONTEXT ( 3 ) GLOBAL_UNCERTAINTY_ASSIGNED_CONTEXT ( ( #1459 ) ) GLOBAL_UNIT_ASSIGNED_CONTEXT ( ( #244, #938, #923 ) ) REPRESENTATION_CONTEXT ( 'NONE', 'WORKASPACE' ) );
#2409 = VECTOR ( 'NONE', #2246, 1000.000000000000000 ) ;
#2410 = CARTESIAN_POINT ( 'NONE',  ( -1.050000000000000044, 0.2000000000000000111, 0.8825022672948152902 ) ) ;
#2411 = COLOUR_RGB ( '',0.7529411764705882248, 0.7529411764705882248, 0.7529411764705882248 ) ;
#2412 = PRESENTATION_LAYER_ASSIGNMENT (  '', '', ( #2262 ) ) ;
#2413 = EDGE_LOOP ( 'NONE', ( #2085, #2127, #538, #1078 ) ) ;
#2414 = DIRECTION ( 'NONE',  ( 0.000000000000000000, 1.000000000000000000, 0.000000000000000000 ) ) ;
#2415 = VECTOR ( 'NONE', #811, 1000.000000000000000 ) ;
#2416 = CARTESIAN_POINT ( 'NONE',  ( 0.2000000000000000944, 0.2000000000000000111, -0.6999999999999998446 ) ) ;
#2417 = ORIENTED_EDGE ( 'NONE', *, *, #2167, .F. ) ;
#2418 = LINE ( 'NONE', #644, #2578 ) ;
#2419 = DIRECTION ( 'NONE',  ( -1.355252715606880296E-16, -0.000000000000000000, -1.000000000000000000 ) ) ;
#2420 = AXIS2_PLACEMENT_3D ( 'NONE', #1058, #1921, #2607 ) ;
#2421 = EDGE_LOOP ( 'NONE', ( #2200, #1774, #1655, #2611 ) ) ;
#2422 = EDGE_CURVE ( 'NONE', #356, #2780, #2108, .T. ) ;
#2423 =( NAMED_UNIT ( * ) PLANE_ANGLE_UNIT ( ) SI_UNIT ( $, .RADIAN. ) );
#2424 = CARTESIAN_POINT ( 'NONE',  ( -0.8500000000000001998, 0.000000000000000000, 0.9000000000000001332 ) ) ;
#2425 = CARTESIAN_POINT ( 'NONE',  ( 0.2000000000000000944, 0.000000000000000000, -0.6999999999999998446 ) ) ;
#2426 = DIRECTION ( 'NONE',  ( -0.000000000000000000, -1.000000000000000000, -0.000000000000000000 ) ) ;
#2427 = VERTEX_POINT ( 'NONE', #2567 ) ;
#2428 = EDGE_CURVE ( 'NONE', #1976, #2668, #1843, .T. ) ;
#2429 = CARTESIAN_POINT ( 'NONE',  ( -0.8499999999999999778, 0.2000000000000000111, -0.6999999999999998446 ) ) ;
#2430 = CARTESIAN_POINT ( 'NONE',  ( -0.8500000000000001998, 0.2000000000000000111, 0.7000000000000001776 ) ) ;
#2431 = ORIENTED_EDGE ( 'NONE', *, *, #2577, .T. ) ;
#2432 = FILL_AREA_STYLE ('',( #2160 ) ) ;
#2433 = PRESENTATION_STYLE_ASSIGNMENT (( #1126 ) ) ;
#2434 = ORIENTED_EDGE ( 'NONE', *, *, #2789, .T. ) ;
#2435 =( NAMED_UNIT ( * ) SI_UNIT ( $, .STERADIAN. ) SOLID_ANGLE_UNIT ( ) );
#2436 = SURFACE_SIDE_STYLE ('',( #2215 ) ) ;
#2437 = VECTOR ( 'NONE', #701, 1000.000000000000000 ) ;
#2438 = CARTESIAN_POINT ( 'NONE',  ( 0.8500000000000000888, 0.000000000000000000, -1.099999999999999867 ) ) ;
#2439 = ORIENTED_EDGE ( 'NONE', *, *, #2901, .F. ) ;
#2440 = FILL_AREA_STYLE_COLOUR ( '', #378 ) ;
#2441 = DIRECTION ( 'NONE',  ( 0.000000000000000000, 0.000000000000000000, -1.000000000000000000 ) ) ;
#2442 = UNCERTAINTY_MEASURE_WITH_UNIT (LENGTH_MEASURE( 1.000000000000000082E-05 ), #906, 'distance_accuracy_value', 'NONE');
#2443 = MECHANICAL_DESIGN_GEOMETRIC_PRESENTATION_REPRESENTATION (  '', ( #1659 ), #2295 ) ;
#2444 = VERTEX_POINT ( 'NONE', #1200 ) ;
#2445 = CARTESIAN_POINT ( 'NONE',  ( 0.4499999999999997891, 0.000000000000000000, 1.100000000000000311 ) ) ;
#2446 = SURFACE_STYLE_USAGE ( .BOTH. , #2631 ) ;
#2447 = FILL_AREA_STYLE_COLOUR ( '', #2877 ) ;
#2448 = ORIENTED_EDGE ( 'NONE', *, *, #2810, .T. ) ;
#2449 = PRODUCT_CONTEXT ( 'NONE', #2298, 'mechanical' ) ;
#2450 = SURFACE_STYLE_USAGE ( .BOTH. , #1569 ) ;
#2451 = PRESENTATION_LAYER_ASSIGNMENT (  '', '', ( #1904 ) ) ;
#2452 = LINE ( 'NONE', #412, #1848 ) ;
#2453 = LINE ( 'NONE', #2911, #2347 ) ;
#2454 = EDGE_LOOP ( 'NONE', ( #175, #1423, #1733, #2281 ) ) ;
#2455 = SURFACE_SIDE_STYLE ('',( #2201 ) ) ;
#2456 = EDGE_CURVE ( 'NONE', #2342, #153, #300, .T. ) ;
#2457 = DIRECTION ( 'NONE',  ( 1.023968718458525111E-14, -0.000000000000000000, 1.000000000000000000 ) ) ;
#2458 = UNCERTAINTY_MEASURE_WITH_UNIT (LENGTH_MEASURE( 1.000000000000000082E-05 ), #1687, 'distance_accuracy_value', 'NONE');
#2459 = VECTOR ( 'NONE', #2016, 1000.000000000000000 ) ;
#2460 =( LENGTH_UNIT ( ) NAMED_UNIT ( * ) SI_UNIT ( .MILLI., .METRE. ) );
#2461 = LINE ( 'NONE', #1110, #2393 ) ;
#2462 = FILL_AREA_STYLE_COLOUR ( '', #2748 ) ;
#2463 = ORIENTED_EDGE ( 'NONE', *, *, #515, .T. ) ;
#2464 = ADVANCED_FACE ( 'NONE', ( #534 ), #739, .F. ) ;
#2465 = FILL_AREA_STYLE_COLOUR ( '', #1496 ) ;
#2466 = CARTESIAN_POINT ( 'NONE',  ( 0.4499999999999997891, 0.2000000000000000111, 1.100000000000000311 ) ) ;
#2467 = VERTEX_POINT ( 'NONE', #2505 ) ;
#2468 = CLOSED_SHELL ( 'NONE', ( #1787, #246, #2948, #2223, #371, #204 ) ) ;
#2469 = ORIENTED_EDGE ( 'NONE', *, *, #150, .T. ) ;
#2470 = CARTESIAN_POINT ( 'NONE',  ( -0.2000000000000002054, 0.2000000000000000111, 0.7000000000000001776 ) ) ;
#2471 = PRESENTATION_STYLE_ASSIGNMENT (( #2174 ) ) ;
#2472 = LINE ( 'NONE', #2482, #1587 ) ;
#2473 = VERTEX_POINT ( 'NONE', #1169 ) ;
#2474 =( NAMED_UNIT ( * ) SI_UNIT ( $, .STERADIAN. ) SOLID_ANGLE_UNIT ( ) );
#2475 = LINE ( 'NONE', #159, #747 ) ;
#2476 = DIRECTION ( 'NONE',  ( 0.000000000000000000, 1.000000000000000000, 0.000000000000000000 ) ) ;
#2477 = EDGE_LOOP ( 'NONE', ( #2894, #2125, #1509, #1393 ) ) ;
#2478 = LINE ( 'NONE', #1561, #2887 ) ;
#2479 = EDGE_LOOP ( 'NONE', ( #649, #2240, #1670, #1988, #1428, #715, #768, #1419, #2217, #971, #1468, #1439, #1334, #1191, #2659, #2590 ) ) ;
#2480 =( NAMED_UNIT ( * ) SI_UNIT ( $, .STERADIAN. ) SOLID_ANGLE_UNIT ( ) );
#2481 = PLANE ( 'NONE',  #2737 ) ;
#2482 = CARTESIAN_POINT ( 'NONE',  ( -0.8499999999999999778, 0.000000000000000000, -1.099999999999999867 ) ) ;
#2483 = ADVANCED_FACE ( 'NONE', ( #223 ), #2518, .T. ) ;
#2484 = MECHANICAL_DESIGN_GEOMETRIC_PRESENTATION_REPRESENTATION (  '', ( #2096 ), #163 ) ;
#2485 = ORIENTED_EDGE ( 'NONE', *, *, #2042, .T. ) ;
#2486 = PRESENTATION_LAYER_ASSIGNMENT (  '', '', ( #1796 ) ) ;
#2487 = DIRECTION ( 'NONE',  ( 0.000000000000000000, 1.000000000000000000, 0.000000000000000000 ) ) ;
#2488 = VECTOR ( 'NONE', #831, 1000.000000000000000 ) ;
#2489 = AXIS2_PLACEMENT_3D ( 'NONE', #1260, #1518, #144 ) ;
#2490 = COLOUR_RGB ( '',0.2509803921568627416, 0.2509803921568627416, 0.2509803921568627416 ) ;
#2491 =( NAMED_UNIT ( * ) SI_UNIT ( $, .STERADIAN. ) SOLID_ANGLE_UNIT ( ) );
#2492 = PRESENTATION_STYLE_ASSIGNMENT (( #1172 ) ) ;
#2493 = ORIENTED_EDGE ( 'NONE', *, *, #1401, .T. ) ;
#2494 = EDGE_CURVE ( 'NONE', #2342, #2807, #1624, .T. ) ;
#2495 = CARTESIAN_POINT ( 'NONE',  ( -0.8500000000000001998, 0.000000000000000000, 1.100000000000000311 ) ) ;
#2496 = PRESENTATION_LAYER_ASSIGNMENT (  '', '', ( #742 ) ) ;
#2497 = COLOUR_RGB ( '',0.7529411764705882248, 0.7529411764705882248, 0.7529411764705882248 ) ;
#2498 = FILL_AREA_STYLE_COLOUR ( '', #2323 ) ;
#2499 = FILL_AREA_STYLE_COLOUR ( '', #1251 ) ;
#2500 = FACE_OUTER_BOUND ( 'NONE', #2046, .T. ) ;
#2501 = ADVANCED_FACE ( 'NONE', ( #1605 ), #2024, .F. ) ;
#2502 = VECTOR ( 'NONE', #2575, 1000.000000000000000 ) ;
#2503 = ORIENTED_EDGE ( 'NONE', *, *, #663, .F. ) ;
#2504 =( GEOMETRIC_REPRESENTATION_CONTEXT ( 3 ) GLOBAL_UNCERTAINTY_ASSIGNED_CONTEXT ( ( #2458 ) ) GLOBAL_UNIT_ASSIGNED_CONTEXT ( ( #1687, #1096, #872 ) ) REPRESENTATION_CONTEXT ( 'NONE', 'WORKASPACE' ) );
#2505 = CARTESIAN_POINT ( 'NONE',  ( 0.8499999999999998668, 0.2000000000000000111, 1.100000000000000311 ) ) ;
#2506 = FACE_OUTER_BOUND ( 'NONE', #2023, .T. ) ;
#2507 = CARTESIAN_POINT ( 'NONE',  ( -0.2000000000000002054, 0.2000000000000000111, 0.7000000000000001776 ) ) ;
#2508 =( GEOMETRIC_REPRESENTATION_CONTEXT ( 3 ) GLOBAL_UNCERTAINTY_ASSIGNED_CONTEXT ( ( #870 ) ) GLOBAL_UNIT_ASSIGNED_CONTEXT ( ( #646, #2929, #2275 ) ) REPRESENTATION_CONTEXT ( 'NONE', 'WORKASPACE' ) );
#2509 = CARTESIAN_POINT ( 'NONE',  ( -1.050000000000018474, 0.2000000000000000111, -0.8825022672948270586 ) ) ;
#2510 = LINE ( 'NONE', #2247, #986 ) ;
#2511 = ORIENTED_EDGE ( 'NONE', *, *, #1277, .T. ) ;
#2512 =( NAMED_UNIT ( * ) PLANE_ANGLE_UNIT ( ) SI_UNIT ( $, .RADIAN. ) );
#2513 = LINE ( 'NONE', #1563, #1603 ) ;
#2514 = DIRECTION ( 'NONE',  ( -1.000000000000000000, 0.000000000000000000, 0.000000000000000000 ) ) ;
#2515 = LINE ( 'NONE', #2320, #2047 ) ;
#2516 = CARTESIAN_POINT ( 'NONE',  ( 0.000000000000000000, 0.000000000000000000, 0.000000000000000000 ) ) ;
#2517 = ORIENTED_EDGE ( 'NONE', *, *, #2314, .F. ) ;
#2518 = PLANE ( 'NONE',  #372 ) ;
#2519 = UNCERTAINTY_MEASURE_WITH_UNIT (LENGTH_MEASURE( 1.000000000000000082E-05 ), #2203, 'distance_accuracy_value', 'NONE');
#2520 = CARTESIAN_POINT ( 'NONE',  ( 0.4500000000000000111, 0.000000000000000000, -0.6999999999999998446 ) ) ;
#2521 = PRESENTATION_STYLE_ASSIGNMENT (( #2059 ) ) ;
#2522 = DIRECTION ( 'NONE',  ( -1.000000000000000000, 0.000000000000000000, -0.000000000000000000 ) ) ;
#2523 = ADVANCED_FACE ( 'NONE', ( #2038 ), #706, .F. ) ;
#2524 = VERTEX_POINT ( 'NONE', #104 ) ;
#2525 = FILL_AREA_STYLE ('',( #1350 ) ) ;
#2526 = ORIENTED_EDGE ( 'NONE', *, *, #515, .F. ) ;
#2527 =( LENGTH_UNIT ( ) NAMED_UNIT ( * ) SI_UNIT ( .MILLI., .METRE. ) );
#2528 = FACE_OUTER_BOUND ( 'NONE', #2869, .T. ) ;
#2529 = SURFACE_STYLE_USAGE ( .BOTH. , #1825 ) ;
#2530 = COLOUR_RGB ( '',0.2509803921568627416, 0.2509803921568627416, 0.2509803921568627416 ) ;
#2531 = PRESENTATION_LAYER_ASSIGNMENT (  '', '', ( #875 ) ) ;
#2532 = VERTEX_POINT ( 'NONE', #1856 ) ;
#2533 =( NAMED_UNIT ( * ) PLANE_ANGLE_UNIT ( ) SI_UNIT ( $, .RADIAN. ) );
#2534 =( NAMED_UNIT ( * ) PLANE_ANGLE_UNIT ( ) SI_UNIT ( $, .RADIAN. ) );
#2535 =( NAMED_UNIT ( * ) PLANE_ANGLE_UNIT ( ) SI_UNIT ( $, .RADIAN. ) );
#2536 = EDGE_CURVE ( 'NONE', #1757, #928, #1019, .T. ) ;
#2537 = ORIENTED_EDGE ( 'NONE', *, *, #696, .T. ) ;
#2538 = PRESENTATION_STYLE_ASSIGNMENT (( #2815 ) ) ;
#2539 = VECTOR ( 'NONE', #1238, 1000.000000000000000 ) ;
#2540 = DIRECTION ( 'NONE',  ( 0.000000000000000000, 1.000000000000000000, 0.000000000000000000 ) ) ;
#2541 = FILL_AREA_STYLE ('',( #1936 ) ) ;
#2542 = AXIS2_PLACEMENT_3D ( 'NONE', #580, #2915, #2694 ) ;
#2543 = CARTESIAN_POINT ( 'NONE',  ( -0.8500000000000001998, 0.2000000000000000111, 0.7000000000000001776 ) ) ;
#2544 = PRESENTATION_STYLE_ASSIGNMENT (( #2529 ) ) ;
#2545 = FILL_AREA_STYLE_COLOUR ( '', #1444 ) ;
#2546 = COLOUR_RGB ( '',0.2509803921568627416, 0.2509803921568627416, 0.2509803921568627416 ) ;
#2547 = ORIENTED_EDGE ( 'NONE', *, *, #1136, .F. ) ;
#2548 =( NAMED_UNIT ( * ) SI_UNIT ( $, .STERADIAN. ) SOLID_ANGLE_UNIT ( ) );
#2549 = STYLED_ITEM ( 'NONE', ( #1354 ), #2716 ) ;
#2550 =( NAMED_UNIT ( * ) SI_UNIT ( $, .STERADIAN. ) SOLID_ANGLE_UNIT ( ) );
#2551 =( NAMED_UNIT ( * ) PLANE_ANGLE_UNIT ( ) SI_UNIT ( $, .RADIAN. ) );
#2552 =( GEOMETRIC_REPRESENTATION_CONTEXT ( 3 ) GLOBAL_UNCERTAINTY_ASSIGNED_CONTEXT ( ( #433 ) ) GLOBAL_UNIT_ASSIGNED_CONTEXT ( ( #1884, #1038, #802 ) ) REPRESENTATION_CONTEXT ( 'NONE', 'WORKASPACE' ) );
#2553 = EDGE_CURVE ( 'NONE', #401, #1067, #1650, .T. ) ;
#2554 = CARTESIAN_POINT ( 'NONE',  ( 0.4500000000000001221, 0.000000000000000000, -0.9000000000000119016 ) ) ;
#2555 = EDGE_LOOP ( 'NONE', ( #1116, #571, #867, #2396 ) ) ;
#2556 = SURFACE_STYLE_FILL_AREA ( #1614 ) ;
#2557 = PRESENTATION_LAYER_ASSIGNMENT (  '', '', ( #2652 ) ) ;
#2558 = FILL_AREA_STYLE_COLOUR ( '', #1494 ) ;
#2559 = ORIENTED_EDGE ( 'NONE', *, *, #2422, .F. ) ;
#2560 = SURFACE_STYLE_USAGE ( .BOTH. , #524 ) ;
#2561 =( LENGTH_UNIT ( ) NAMED_UNIT ( * ) SI_UNIT ( .MILLI., .METRE. ) );
#2562 = DIRECTION ( 'NONE',  ( 1.000000000000000000, 0.000000000000000000, 0.000000000000000000 ) ) ;
#2563 = DIRECTION ( 'NONE',  ( 0.000000000000000000, 1.000000000000000000, 0.000000000000000000 ) ) ;
#2564 = ORIENTED_EDGE ( 'NONE', *, *, #34, .F. ) ;
#2565 = DIRECTION ( 'NONE',  ( -1.000000000000000000, -0.000000000000000000, -0.000000000000000000 ) ) ;
#2566 = ADVANCED_FACE ( 'NONE', ( #783 ), #529, .F. ) ;
#2567 = CARTESIAN_POINT ( 'NONE',  ( 0.2000000000000000944, 0.000000000000000000, -0.9000000000000119016 ) ) ;
#2568 = ORIENTED_EDGE ( 'NONE', *, *, #1506, .F. ) ;
#2569 = PRESENTATION_STYLE_ASSIGNMENT (( #86 ) ) ;
#2570 = PLANE ( 'NONE',  #1870 ) ;
#2571 = DIRECTION ( 'NONE',  ( 0.000000000000000000, -0.000000000000000000, 1.000000000000000000 ) ) ;
#2572 = CARTESIAN_POINT ( 'NONE',  ( 0.8499999999999998668, 0.000000000000000000, 0.9000000000000001332 ) ) ;
#2573 = SURFACE_STYLE_FILL_AREA ( #970 ) ;
#2574 = ORIENTED_EDGE ( 'NONE', *, *, #34, .T. ) ;
#2575 = DIRECTION ( 'NONE',  ( -1.000000000000000000, -0.000000000000000000, -0.000000000000000000 ) ) ;
#2576 = FILL_AREA_STYLE ('',( #1703 ) ) ;
#2577 = EDGE_CURVE ( 'NONE', #997, #2816, #572, .T. ) ;
#2578 = VECTOR ( 'NONE', #2903, 1000.000000000000000 ) ;
#2579 = FILL_AREA_STYLE ('',( #1258 ) ) ;
#2580 = STYLED_ITEM ( 'NONE', ( #285 ), #563 ) ;
#2581 = ORIENTED_EDGE ( 'NONE', *, *, #1244, .T. ) ;
#2582 = VECTOR ( 'NONE', #273, 1000.000000000000000 ) ;
#2583 =( NAMED_UNIT ( * ) PLANE_ANGLE_UNIT ( ) SI_UNIT ( $, .RADIAN. ) );
#2584 = STYLED_ITEM ( 'NONE', ( #406 ), #1736 ) ;
#2585 = EDGE_LOOP ( 'NONE', ( #2719, #91, #1052, #1803 ) ) ;
#2586 = FACE_OUTER_BOUND ( 'NONE', #99, .T. ) ;
#2587 = VECTOR ( 'NONE', #2746, 1000.000000000000000 ) ;
#2588 = DIRECTION ( 'NONE',  ( -1.000000000000000000, 0.000000000000000000, 1.355252715606880296E-16 ) ) ;
#2589 = AXIS2_PLACEMENT_3D ( 'NONE', #691, #2226, #932 ) ;
#2590 = ORIENTED_EDGE ( 'NONE', *, *, #822, .T. ) ;
#2591 = CARTESIAN_POINT ( 'NONE',  ( 0.4499999999999997891, 0.2000000000000000111, 0.7000000000000001776 ) ) ;
#2592 = LINE ( 'NONE', #128, #2213 ) ;
#2593 = LINE ( 'NONE', #1458, #973 ) ;
#2594 = VECTOR ( 'NONE', #507, 1000.000000000000000 ) ;
#2595 = UNCERTAINTY_MEASURE_WITH_UNIT (LENGTH_MEASURE( 1.000000000000000082E-05 ), #1746, 'distance_accuracy_value', 'NONE');
#2596 = CARTESIAN_POINT ( 'NONE',  ( -0.1999999999999999833, 0.000000000000000000, -1.099999999999999867 ) ) ;
#2597 = PLANE ( 'NONE',  #551 ) ;
#2598 = SURFACE_STYLE_FILL_AREA ( #1847 ) ;
#2599 = MECHANICAL_DESIGN_GEOMETRIC_PRESENTATION_REPRESENTATION (  '', ( #1673 ), #2508 ) ;
#2600 =( LENGTH_UNIT ( ) NAMED_UNIT ( * ) SI_UNIT ( .MILLI., .METRE. ) );
#2601 = VERTEX_POINT ( 'NONE', #1415 ) ;
#2602 = DIRECTION ( 'NONE',  ( 0.000000000000000000, 1.000000000000000000, 0.000000000000000000 ) ) ;
#2603 = CARTESIAN_POINT ( 'NONE',  ( -1.050000000000018474, 0.2000000000000000111, -0.8825022672948270586 ) ) ;
#2604 = CARTESIAN_POINT ( 'NONE',  ( -0.1999999999999999833, 0.2000000000000000111, -0.6999999999999998446 ) ) ;
#2605 = DIRECTION ( 'NONE',  ( 0.000000000000000000, 0.000000000000000000, 1.000000000000000000 ) ) ;
#2606 = UNCERTAINTY_MEASURE_WITH_UNIT (LENGTH_MEASURE( 1.000000000000000082E-05 ), #2600, 'distance_accuracy_value', 'NONE');
#2607 = DIRECTION ( 'NONE',  ( 0.000000000000000000, -0.000000000000000000, 1.000000000000000000 ) ) ;
#2608 = DIRECTION ( 'NONE',  ( -0.000000000000000000, -0.000000000000000000, -1.000000000000000000 ) ) ;
#2609 = CARTESIAN_POINT ( 'NONE',  ( -0.8500000000000001998, 0.000000000000000000, 1.100000000000000311 ) ) ;
#2610 = EDGE_CURVE ( 'NONE', #2285, #1613, #2808, .T. ) ;
#2611 = ORIENTED_EDGE ( 'NONE', *, *, #45, .T. ) ;
#2612 = DIRECTION ( 'NONE',  ( -1.000000000000000000, 0.000000000000000000, 0.000000000000000000 ) ) ;
#2613 = EDGE_CURVE ( 'NONE', #1714, #2182, #974, .T. ) ;
#2614 = ORIENTED_EDGE ( 'NONE', *, *, #2428, .T. ) ;
#2615 = CARTESIAN_POINT ( 'NONE',  ( -0.4499999999999999001, 0.2000000000000000111, -1.099999999999999867 ) ) ;
#2616 = CARTESIAN_POINT ( 'NONE',  ( 0.000000000000000000, 0.000000000000000000, 0.000000000000000000 ) ) ;
#2617 = VECTOR ( 'NONE', #1231, 1000.000000000000000 ) ;
#2618 = CARTESIAN_POINT ( 'NONE',  ( -0.2000000000000002054, 0.000000000000000000, 0.9000000000000001332 ) ) ;
#2619 = LINE ( 'NONE', #1956, #978 ) ;
#2620 = SURFACE_STYLE_FILL_AREA ( #1046 ) ;
#2621 = PRESENTATION_LAYER_ASSIGNMENT (  '', '', ( #2341 ) ) ;
#2622 = EDGE_CURVE ( 'NONE', #482, #2845, #1640, .T. ) ;
#2623 = ORIENTED_EDGE ( 'NONE', *, *, #814, .T. ) ;
#2624 = LINE ( 'NONE', #856, #1262 ) ;
#2625 = PLANE ( 'NONE',  #1264 ) ;
#2626 = ADVANCED_FACE ( 'NONE', ( #92 ), #2336, .F. ) ;
#2627 = ORIENTED_EDGE ( 'NONE', *, *, #150, .F. ) ;
#2628 = STYLED_ITEM ( 'NONE', ( #2908 ), #225 ) ;
#2629 = STYLED_ITEM ( 'NONE', ( #1829 ), #1426 ) ;
#2630 = DIRECTION ( 'NONE',  ( 1.000000000000000000, 0.000000000000000000, 0.000000000000000000 ) ) ;
#2631 = SURFACE_SIDE_STYLE ('',( #1079 ) ) ;
#2632 = VERTEX_POINT ( 'NONE', #828 ) ;
#2633 = DIRECTION ( 'NONE',  ( 0.000000000000000000, 0.000000000000000000, 1.000000000000000000 ) ) ;
#2634 = STYLED_ITEM ( 'NONE', ( #1896 ), #1918 ) ;
#2635 = ADVANCED_FACE ( 'NONE', ( #1053 ), #170, .F. ) ;
#2636 = LINE ( 'NONE', #2406, #1725 ) ;
#2637 = VECTOR ( 'NONE', #1366, 1000.000000000000000 ) ;
#2638 = VECTOR ( 'NONE', #910, 1000.000000000000000 ) ;
#2639 = MECHANICAL_DESIGN_GEOMETRIC_PRESENTATION_REPRESENTATION (  '', ( #2257 ), #1174 ) ;
#2640 = DIRECTION ( 'NONE',  ( 1.000000000000000000, -0.000000000000000000, -0.000000000000000000 ) ) ;
#2641 = CARTESIAN_POINT ( 'NONE',  ( -0.4499999999999999001, 0.000000000000000000, -1.099999999999999867 ) ) ;
#2642 = COLOUR_RGB ( '',0.7529411764705882248, 0.7529411764705882248, 0.7529411764705882248 ) ;
#2643 = VECTOR ( 'NONE', #2565, 1000.000000000000000 ) ;
#2644 = VERTEX_POINT ( 'NONE', #2445 ) ;
#2645 =( LENGTH_UNIT ( ) NAMED_UNIT ( * ) SI_UNIT ( .MILLI., .METRE. ) );
#2646 = COLOUR_RGB ( '',0.7529411764705882248, 0.7529411764705882248, 0.7529411764705882248 ) ;
#2647 =( NAMED_UNIT ( * ) PLANE_ANGLE_UNIT ( ) SI_UNIT ( $, .RADIAN. ) );
#2648 = CARTESIAN_POINT ( 'NONE',  ( 0.4499999999999997891, 0.000000000000000000, 0.7000000000000001776 ) ) ;
#2649 = ORIENTED_EDGE ( 'NONE', *, *, #162, .F. ) ;
#2650 = FILL_AREA_STYLE ('',( #1329 ) ) ;
#2651 = DIRECTION ( 'NONE',  ( 0.000000000000000000, 0.000000000000000000, 1.000000000000000000 ) ) ;
#2652 = STYLED_ITEM ( 'NONE', ( #620 ), #201 ) ;
#2653 = FACE_OUTER_BOUND ( 'NONE', #1180, .T. ) ;
#2654 = VERTEX_POINT ( 'NONE', #423 ) ;
#2655 =( LENGTH_UNIT ( ) NAMED_UNIT ( * ) SI_UNIT ( .MILLI., .METRE. ) );
#2656 = EDGE_CURVE ( 'NONE', #1976, #243, #1931, .T. ) ;
#2657 = CARTESIAN_POINT ( 'NONE',  ( -0.4500000000000001221, 0.2000000000000000111, 0.8825022672948152902 ) ) ;
#2658 = DIRECTION ( 'NONE',  ( -1.000000000000000000, 0.000000000000000000, -0.000000000000000000 ) ) ;
#2659 = ORIENTED_EDGE ( 'NONE', *, *, #652, .F. ) ;
#2660 = PRESENTATION_STYLE_ASSIGNMENT (( #1730 ) ) ;
#2661 = LINE ( 'NONE', #2416, #1905 ) ;
#2662 = DIRECTION ( 'NONE',  ( 1.000000000000000000, 0.000000000000000000, 0.000000000000000000 ) ) ;
#2663 = ORIENTED_EDGE ( 'NONE', *, *, #2129, .T. ) ;
#2664 = PRESENTATION_STYLE_ASSIGNMENT (( #2173 ) ) ;
#2665 = LINE ( 'NONE', #627, #1610 ) ;
#2666 = CARTESIAN_POINT ( 'NONE',  ( 0.4499999999999997891, 0.000000000000000000, 0.7000000000000001776 ) ) ;
#2667 = DIRECTION ( 'NONE',  ( -0.000000000000000000, -1.000000000000000000, -0.000000000000000000 ) ) ;
#2668 = VERTEX_POINT ( 'NONE', #1750 ) ;
#2669 = MANIFOLD_SOLID_BREP ( 'Boss-Extrude2[5]', #2468 ) ;
#2670 = CARTESIAN_POINT ( 'NONE',  ( -0.8499999999999999778, 0.2000000000000000111, -1.099999999999999867 ) ) ;
#2671 = COLOUR_RGB ( '',0.2509803921568627416, 0.2509803921568627416, 0.2509803921568627416 ) ;
#2672 = LINE ( 'NONE', #2872, #839 ) ;
#2673 =( NAMED_UNIT ( * ) PLANE_ANGLE_UNIT ( ) SI_UNIT ( $, .RADIAN. ) );
#2674 = ORIENTED_EDGE ( 'NONE', *, *, #2803, .F. ) ;
#2675 = SURFACE_STYLE_USAGE ( .BOTH. , #655 ) ;
#2676 = ADVANCED_FACE ( 'NONE', ( #467 ), #1981, .F. ) ;
#2677 = UNCERTAINTY_MEASURE_WITH_UNIT (LENGTH_MEASURE( 1.000000000000000082E-05 ), #2069, 'distance_accuracy_value', 'NONE');
#2678 = PLANE ( 'NONE',  #2959 ) ;
#2679 =( NAMED_UNIT ( * ) PLANE_ANGLE_UNIT ( ) SI_UNIT ( $, .RADIAN. ) );
#2680 =( NAMED_UNIT ( * ) SI_UNIT ( $, .STERADIAN. ) SOLID_ANGLE_UNIT ( ) );
#2681 =( GEOMETRIC_REPRESENTATION_CONTEXT ( 3 ) GLOBAL_UNCERTAINTY_ASSIGNED_CONTEXT ( ( #2350 ) ) GLOBAL_UNIT_ASSIGNED_CONTEXT ( ( #1042, #1485, #2384 ) ) REPRESENTATION_CONTEXT ( 'NONE', 'WORKASPACE' ) );
#2682 = DIRECTION ( 'NONE',  ( 0.000000000000000000, 0.000000000000000000, 1.000000000000000000 ) ) ;
#2683 = STYLED_ITEM ( 'NONE', ( #2175 ), #1740 ) ;
#2684 = ORIENTED_EDGE ( 'NONE', *, *, #1432, .T. ) ;
#2685 = DIRECTION ( 'NONE',  ( -0.000000000000000000, -0.000000000000000000, -1.000000000000000000 ) ) ;
#2686 = MECHANICAL_DESIGN_GEOMETRIC_PRESENTATION_REPRESENTATION (  '', ( #1540 ), #2303 ) ;
#2687 = PRESENTATION_LAYER_ASSIGNMENT (  '', '', ( #2634 ) ) ;
#2688 = CARTESIAN_POINT ( 'NONE',  ( 0.4499999999999997891, 0.2000000000000000111, 0.7000000000000001776 ) ) ;
#2689 = VECTOR ( 'NONE', #3, 1000.000000000000000 ) ;
#2690 = PLANE ( 'NONE',  #511 ) ;
#2691 = PRESENTATION_LAYER_ASSIGNMENT (  '', '', ( #229 ) ) ;
#2692 = VERTEX_POINT ( 'NONE', #247 ) ;
#2693 = PLANE ( 'NONE',  #2407 ) ;
#2694 = DIRECTION ( 'NONE',  ( 0.000000000000000000, -0.9961946980917455452, 0.08715574274765820750 ) ) ;
#2695 =( GEOMETRIC_REPRESENTATION_CONTEXT ( 3 ) GLOBAL_UNCERTAINTY_ASSIGNED_CONTEXT ( ( #641 ) ) GLOBAL_UNIT_ASSIGNED_CONTEXT ( ( #2272, #1779, #2287 ) ) REPRESENTATION_CONTEXT ( 'NONE', 'WORKASPACE' ) );
#2696 = UNCERTAINTY_MEASURE_WITH_UNIT (LENGTH_MEASURE( 1.000000000000000082E-05 ), #205, 'distance_accuracy_value', 'NONE');
#2697 = CARTESIAN_POINT ( 'NONE',  ( 0.8500000000000000888, 0.000000000000000000, -1.099999999999999867 ) ) ;
#2698 = COLOUR_RGB ( '',0.2509803921568627416, 0.2509803921568627416, 0.2509803921568627416 ) ;
#2699 = PRODUCT_DEFINITION_SHAPE ( 'NONE', 'NONE',  #1057 ) ;
#2700 =( NAMED_UNIT ( * ) SI_UNIT ( $, .STERADIAN. ) SOLID_ANGLE_UNIT ( ) );
#2701 = ORIENTED_EDGE ( 'NONE', *, *, #2789, .F. ) ;
#2702 =( LENGTH_UNIT ( ) NAMED_UNIT ( * ) SI_UNIT ( .MILLI., .METRE. ) );
#2703 =( LENGTH_UNIT ( ) NAMED_UNIT ( * ) SI_UNIT ( .MILLI., .METRE. ) );
#2704 = DIRECTION ( 'NONE',  ( 0.000000000000000000, 0.000000000000000000, -1.000000000000000000 ) ) ;
#2705 = CARTESIAN_POINT ( 'NONE',  ( -0.8499999999999999778, 0.2000000000000000111, -0.6999999999999998446 ) ) ;
#2706 = ORIENTED_EDGE ( 'NONE', *, *, #387, .F. ) ;
#2707 =( NAMED_UNIT ( * ) SI_UNIT ( $, .STERADIAN. ) SOLID_ANGLE_UNIT ( ) );
#2708 = EDGE_CURVE ( 'NONE', #928, #362, #1575, .T. ) ;
#2709 = PLANE ( 'NONE',  #1157 ) ;
#2710 = CARTESIAN_POINT ( 'NONE',  ( -0.4500000000000001221, 0.000000000000000000, 0.7000000000000001776 ) ) ;
#2711 = ADVANCED_FACE ( 'NONE', ( #2305 ), #942, .F. ) ;
#2712 = ORIENTED_EDGE ( 'NONE', *, *, #1254, .F. ) ;
#2713 = SURFACE_STYLE_USAGE ( .BOTH. , #440 ) ;
#2714 = SURFACE_SIDE_STYLE ('',( #297 ) ) ;
#2715 = CARTESIAN_POINT ( 'NONE',  ( -1.050000000000000044, 0.000000000000000000, 0.9000000000000001332 ) ) ;
#2716 = ADVANCED_FACE ( 'NONE', ( #2528 ), #1557, .F. ) ;
#2717 = DIRECTION ( 'NONE',  ( 1.000000000000000000, 0.000000000000000000, -0.000000000000000000 ) ) ;
#2718 = DIRECTION ( 'NONE',  ( 1.000000000000000000, 0.000000000000000000, 0.000000000000000000 ) ) ;
#2719 = ORIENTED_EDGE ( 'NONE', *, *, #2329, .T. ) ;
#2720 = LINE ( 'NONE', #463, #1080 ) ;
#2721 = EDGE_CURVE ( 'NONE', #1067, #956, #113, .T. ) ;
#2722 = DIRECTION ( 'NONE',  ( 0.000000000000000000, -0.000000000000000000, 1.000000000000000000 ) ) ;
#2723 = MECHANICAL_DESIGN_GEOMETRIC_PRESENTATION_REPRESENTATION (  '', ( #2339 ), #1298 ) ;
#2724 =( NAMED_UNIT ( * ) PLANE_ANGLE_UNIT ( ) SI_UNIT ( $, .RADIAN. ) );
#2725 =( NAMED_UNIT ( * ) PLANE_ANGLE_UNIT ( ) SI_UNIT ( $, .RADIAN. ) );
#2726 = DIRECTION ( 'NONE',  ( -1.000000000000000000, 0.000000000000000000, -0.000000000000000000 ) ) ;
#2727 = FACE_OUTER_BOUND ( 'NONE', #193, .T. ) ;
#2728 =( GEOMETRIC_REPRESENTATION_CONTEXT ( 3 ) GLOBAL_UNCERTAINTY_ASSIGNED_CONTEXT ( ( #2221 ) ) GLOBAL_UNIT_ASSIGNED_CONTEXT ( ( #1839, #2776, #2550 ) ) REPRESENTATION_CONTEXT ( 'NONE', 'WORKASPACE' ) );
#2729 = ORIENTED_EDGE ( 'NONE', *, *, #2951, .F. ) ;
#2730 = DIRECTION ( 'NONE',  ( 1.000000000000000000, 0.000000000000000000, 0.000000000000000000 ) ) ;
#2731 = DIRECTION ( 'NONE',  ( -0.08715574274765820750, -0.9961946980917455452, 0.000000000000000000 ) ) ;
#2732 =( GEOMETRIC_REPRESENTATION_CONTEXT ( 3 ) GLOBAL_UNCERTAINTY_ASSIGNED_CONTEXT ( ( #1245 ) ) GLOBAL_UNIT_ASSIGNED_CONTEXT ( ( #516, #2551, #2794 ) ) REPRESENTATION_CONTEXT ( 'NONE', 'WORKASPACE' ) );
#2733 = SURFACE_SIDE_STYLE ('',( #1817 ) ) ;
#2734 = AXIS2_PLACEMENT_3D ( 'NONE', #2516, #2563, #73 ) ;
#2735 = VERTEX_POINT ( 'NONE', #2596 ) ;
#2736 = FACE_OUTER_BOUND ( 'NONE', #1833, .T. ) ;
#2737 = AXIS2_PLACEMENT_3D ( 'NONE', #1590, #719, #2726 ) ;
#2738 = CARTESIAN_POINT ( 'NONE',  ( 0.000000000000000000, 0.2000000000000000111, 0.000000000000000000 ) ) ;
#2739 = VERTEX_POINT ( 'NONE', #2425 ) ;
#2740 = FILL_AREA_STYLE_COLOUR ( '', #231 ) ;
#2741 = CARTESIAN_POINT ( 'NONE',  ( -0.2000000000000002054, 0.2000000000000000111, 0.7000000000000001776 ) ) ;
#2742 = PRESENTATION_LAYER_ASSIGNMENT (  '', '', ( #1275 ) ) ;
#2743 = ORIENTED_EDGE ( 'NONE', *, *, #1101, .T. ) ;
#2744 = FILL_AREA_STYLE ('',( #471 ) ) ;
#2745 = MANIFOLD_SOLID_BREP ( 'Boss-Extrude2[4]', #1923 ) ;
#2746 = DIRECTION ( 'NONE',  ( -1.000000000000000000, -0.000000000000000000, -0.000000000000000000 ) ) ;
#2747 = COLOUR_RGB ( '',0.7529411764705882248, 0.7529411764705882248, 0.7529411764705882248 ) ;
#2748 = COLOUR_RGB ( '',0.7529411764705882248, 0.7529411764705882248, 0.7529411764705882248 ) ;
#2749 = DIRECTION ( 'NONE',  ( 0.000000000000000000, 0.000000000000000000, -1.000000000000000000 ) ) ;
#2750 = FILL_AREA_STYLE_COLOUR ( '', #2058 ) ;
#2751 = VERTEX_POINT ( 'NONE', #2618 ) ;
#2752 = DIRECTION ( 'NONE',  ( -0.000000000000000000, -0.000000000000000000, -1.000000000000000000 ) ) ;
#2753 = DIRECTION ( 'NONE',  ( 1.000000000000000000, -0.000000000000000000, -0.000000000000000000 ) ) ;
#2754 = ORIENTED_EDGE ( 'NONE', *, *, #2494, .T. ) ;
#2755 = FILL_AREA_STYLE_COLOUR ( '', #275 ) ;
#2756 = CARTESIAN_POINT ( 'NONE',  ( 0.1999999999999998723, 0.2000000000000000111, 0.7000000000000001776 ) ) ;
#2757 = DIRECTION ( 'NONE',  ( -0.000000000000000000, -1.000000000000000000, -0.000000000000000000 ) ) ;
#2758 = VERTEX_POINT ( 'NONE', #1279 ) ;
#2759 = FILL_AREA_STYLE ('',( #2012 ) ) ;
#2760 = UNCERTAINTY_MEASURE_WITH_UNIT (LENGTH_MEASURE( 1.000000000000000082E-05 ), #395, 'distance_accuracy_value', 'NONE');
#2761 =( LENGTH_UNIT ( ) NAMED_UNIT ( * ) SI_UNIT ( .MILLI., .METRE. ) );
#2762 = DIRECTION ( 'NONE',  ( 1.000000000000000000, 0.000000000000000000, -0.000000000000000000 ) ) ;
#2763 = EDGE_CURVE ( 'NONE', #2078, #752, #1026, .T. ) ;
#2764 = SURFACE_SIDE_STYLE ('',( #2325 ) ) ;
#2765 = PLANE ( 'NONE',  #1392 ) ;
#2766 = CARTESIAN_POINT ( 'NONE',  ( 0.4499999999999997891, 0.2000000000000000111, 0.8825022672948152902 ) ) ;
#2767 = ORIENTED_EDGE ( 'NONE', *, *, #241, .T. ) ;
#2768 = LINE ( 'NONE', #2302, #2638 ) ;
#2769 = VERTEX_POINT ( 'NONE', #2826 ) ;
#2770 = LINE ( 'NONE', #731, #778 ) ;
#2771 = SURFACE_SIDE_STYLE ('',( #2258 ) ) ;
#2772 = ADVANCED_FACE ( 'NONE', ( #792 ), #2843, .T. ) ;
#2773 = PRESENTATION_LAYER_ASSIGNMENT (  '', '', ( #1341 ) ) ;
#2774 = AXIS2_PLACEMENT_3D ( 'NONE', #1734, #2190, #171 ) ;
#2775 = EDGE_LOOP ( 'NONE', ( #1168, #1516, #782, #720 ) ) ;
#2776 =( NAMED_UNIT ( * ) PLANE_ANGLE_UNIT ( ) SI_UNIT ( $, .RADIAN. ) );
#2777 = EDGE_CURVE ( 'NONE', #1449, #2799, #2475, .T. ) ;
#2778 = PRESENTATION_LAYER_ASSIGNMENT (  '', '', ( #1535 ) ) ;
#2779 = COLOUR_RGB ( '',0.2509803921568627416, 0.2509803921568627416, 0.2509803921568627416 ) ;
#2780 = VERTEX_POINT ( 'NONE', #442 ) ;
#2781 = VECTOR ( 'NONE', #755, 1000.000000000000000 ) ;
#2782 =( NAMED_UNIT ( * ) PLANE_ANGLE_UNIT ( ) SI_UNIT ( $, .RADIAN. ) );
#2783 = ORIENTED_EDGE ( 'NONE', *, *, #909, .F. ) ;
#2784 = DIRECTION ( 'NONE',  ( 1.000000000000000000, 0.000000000000000000, 0.000000000000000000 ) ) ;
#2785 = VECTOR ( 'NONE', #2787, 1000.000000000000000 ) ;
#2786 =( NAMED_UNIT ( * ) SI_UNIT ( $, .STERADIAN. ) SOLID_ANGLE_UNIT ( ) );
#2787 = DIRECTION ( 'NONE',  ( -0.000000000000000000, 0.9961946980917455452, -0.08715574274765820750 ) ) ;
#2788 = COLOUR_RGB ( '',0.7529411764705882248, 0.7529411764705882248, 0.7529411764705882248 ) ;
#2789 = EDGE_CURVE ( 'NONE', #578, #2342, #181, .T. ) ;
#2790 = PRESENTATION_LAYER_ASSIGNMENT (  '', '', ( #1133 ) ) ;
#2791 = VERTEX_POINT ( 'NONE', #227 ) ;
#2792 = CARTESIAN_POINT ( 'NONE',  ( -0.1999999999999999833, 0.2000000000000000111, -1.099999999999999867 ) ) ;
#2793 = VECTOR ( 'NONE', #195, 1000.000000000000000 ) ;
#2794 =( NAMED_UNIT ( * ) SI_UNIT ( $, .STERADIAN. ) SOLID_ANGLE_UNIT ( ) );
#2795 = VECTOR ( 'NONE', #2317, 1000.000000000000114 ) ;
#2796 = VECTOR ( 'NONE', #1869, 1000.000000000000000 ) ;
#2797 = PLANE ( 'NONE',  #114 ) ;
#2798 = CARTESIAN_POINT ( 'NONE',  ( 0.4499999999999997891, 0.2000000000000000111, 1.100000000000000311 ) ) ;
#2799 = VERTEX_POINT ( 'NONE', #2949 ) ;
#2800 = CARTESIAN_POINT ( 'NONE',  ( 0.4499999999999997891, 0.2000000000000000111, 0.7000000000000001776 ) ) ;
#2801 =( NAMED_UNIT ( * ) SI_UNIT ( $, .STERADIAN. ) SOLID_ANGLE_UNIT ( ) );
#2802 = DIRECTION ( 'NONE',  ( -1.181180570394984453E-17, 0.9961946980917455452, -0.08715574274765820750 ) ) ;
#2803 = EDGE_CURVE ( 'NONE', #12, #1098, #1973, .T. ) ;
#2804 = CARTESIAN_POINT ( 'NONE',  ( -0.2000000000000002054, 0.2000000000000000111, 0.7000000000000001776 ) ) ;
#2805 = FACE_OUTER_BOUND ( 'NONE', #817, .T. ) ;
#2806 = PRODUCT_DEFINITION_CONTEXT ( 'detailed design', #1920, 'design' ) ;
#2807 = VERTEX_POINT ( 'NONE', #1302 ) ;
#2808 = LINE ( 'NONE', #1874, #130 ) ;
#2809 = CARTESIAN_POINT ( 'NONE',  ( -0.4499999999999999001, 0.000000000000000000, -0.9000000000000119016 ) ) ;
#2810 = EDGE_CURVE ( 'NONE', #313, #907, #1519, .T. ) ;
#2811 =( LENGTH_UNIT ( ) NAMED_UNIT ( * ) SI_UNIT ( .MILLI., .METRE. ) );
#2812 = UNCERTAINTY_MEASURE_WITH_UNIT (LENGTH_MEASURE( 1.000000000000000082E-05 ), #1092, 'distance_accuracy_value', 'NONE');
#2813 = EDGE_CURVE ( 'NONE', #2845, #2444, #457, .T. ) ;
#2814 = EDGE_LOOP ( 'NONE', ( #2701, #329, #2820, #479 ) ) ;
#2815 = SURFACE_STYLE_USAGE ( .BOTH. , #522 ) ;
#2816 = VERTEX_POINT ( 'NONE', #1536 ) ;
#2817 = CARTESIAN_POINT ( 'NONE',  ( 0.8500000000000000888, 0.2000000000000000111, -1.099999999999999867 ) ) ;
#2818 = VECTOR ( 'NONE', #1749, 1000.000000000000000 ) ;
#2819 = CARTESIAN_POINT ( 'NONE',  ( 0.8499999999999998668, 0.000000000000000000, 0.9000000000000001332 ) ) ;
#2820 = ORIENTED_EDGE ( 'NONE', *, *, #2021, .F. ) ;
#2821 = CARTESIAN_POINT ( 'NONE',  ( 0.000000000000000000, 0.2000000000000000111, 0.000000000000000000 ) ) ;
#2822 = LINE ( 'NONE', #770, #920 ) ;
#2823 = UNCERTAINTY_MEASURE_WITH_UNIT (LENGTH_MEASURE( 1.000000000000000082E-05 ), #2811, 'distance_accuracy_value', 'NONE');
#2824 = VECTOR ( 'NONE', #1416, 1000.000000000000000 ) ;
#2825 = EDGE_CURVE ( 'NONE', #1240, #1969, #1100, .T. ) ;
#2826 = CARTESIAN_POINT ( 'NONE',  ( 0.4500000000000000111, 0.000000000000000000, -0.6999999999999998446 ) ) ;
#2827 = VECTOR ( 'NONE', #1404, 1000.000000000000000 ) ;
#2828 = ORIENTED_EDGE ( 'NONE', *, *, #1726, .T. ) ;
#2829 = DIRECTION ( 'NONE',  ( 0.000000000000000000, 0.000000000000000000, 1.000000000000000000 ) ) ;
#2830 = SURFACE_SIDE_STYLE ('',( #2102 ) ) ;
#2831 = DIRECTION ( 'NONE',  ( 0.000000000000000000, 0.000000000000000000, 1.000000000000000000 ) ) ;
#2832 = MECHANICAL_DESIGN_GEOMETRIC_PRESENTATION_REPRESENTATION (  '', ( #2000 ), #1872 ) ;
#2833 = EDGE_LOOP ( 'NONE', ( #2062, #397, #795, #258 ) ) ;
#2834 = MECHANICAL_DESIGN_GEOMETRIC_PRESENTATION_REPRESENTATION (  '', ( #2634 ), #1170 ) ;
#2835 = DIRECTION ( 'NONE',  ( -0.000000000000000000, 0.9961946980917455452, 0.08715574274765819363 ) ) ;
#2836 = LINE ( 'NONE', #2400, #59 ) ;
#2837 = AXIS2_PLACEMENT_3D ( 'NONE', #2738, #1367, #1821 ) ;
#2838 = PLANE ( 'NONE',  #564 ) ;
#2839 = STYLED_ITEM ( 'NONE', ( #385 ), #2745 ) ;
#2840 = UNCERTAINTY_MEASURE_WITH_UNIT (LENGTH_MEASURE( 1.000000000000000082E-05 ), #710, 'distance_accuracy_value', 'NONE');
#2841 = CARTESIAN_POINT ( 'NONE',  ( -0.2000000000000002054, 0.000000000000000000, 0.7000000000000001776 ) ) ;
#2842 = VECTOR ( 'NONE', #1185, 1000.000000000000000 ) ;
#2843 = PLANE ( 'NONE',  #2939 ) ;
#2844 = LINE ( 'NONE', #1190, #2415 ) ;
#2845 = VERTEX_POINT ( 'NONE', #1985 ) ;
#2846 = FILL_AREA_STYLE_COLOUR ( '', #1625 ) ;
#2847 = FACE_OUTER_BOUND ( 'NONE', #1983, .T. ) ;
#2848 = SURFACE_STYLE_USAGE ( .BOTH. , #334 ) ;
#2849 =( NAMED_UNIT ( * ) SI_UNIT ( $, .STERADIAN. ) SOLID_ANGLE_UNIT ( ) );
#2850 = ORIENTED_EDGE ( 'NONE', *, *, #1971, .F. ) ;
#2851 = CARTESIAN_POINT ( 'NONE',  ( -0.4500000000000001221, 0.2000000000000000111, 0.7000000000000001776 ) ) ;
#2852 = LINE ( 'NONE', #366, #2930 ) ;
#2853 = CARTESIAN_POINT ( 'NONE',  ( 0.8499999999999998668, 0.2000000000000000111, 1.100000000000000311 ) ) ;
#2854 = CLOSED_SHELL ( 'NONE', ( #1009, #384, #2626, #1147, #122, #475 ) ) ;
#2855 = ADVANCED_FACE ( 'NONE', ( #1955 ), #1772, .T. ) ;
#2856 = PRESENTATION_STYLE_ASSIGNMENT (( #789 ) ) ;
#2857 = EDGE_CURVE ( 'NONE', #2739, #2427, #2452, .T. ) ;
#2858 = LINE ( 'NONE', #2841, #898 ) ;
#2859 = CARTESIAN_POINT ( 'NONE',  ( 0.000000000000000000, 0.8499999999999999778, 0.8256346360029647169 ) ) ;
#2860 = EDGE_CURVE ( 'NONE', #1340, #2427, #758, .T. ) ;
#2861 =( LENGTH_UNIT ( ) NAMED_UNIT ( * ) SI_UNIT ( .MILLI., .METRE. ) );
#2862 = ORIENTED_EDGE ( 'NONE', *, *, #814, .F. ) ;
#2863 = FILL_AREA_STYLE ('',( #165 ) ) ;
#2864 = CARTESIAN_POINT ( 'NONE',  ( 0.000000000000000000, 0.2000000000000000111, 0.000000000000000000 ) ) ;
#2865 = ORIENTED_EDGE ( 'NONE', *, *, #2813, .F. ) ;
#2866 = PRESENTATION_STYLE_ASSIGNMENT (( #2446 ) ) ;
#2867 = PRESENTATION_STYLE_ASSIGNMENT (( #785 ) ) ;
#2868 = PRESENTATION_STYLE_ASSIGNMENT (( #2176 ) ) ;
#2869 = EDGE_LOOP ( 'NONE', ( #592, #1030, #760, #197 ) ) ;
#2870 = AXIS2_PLACEMENT_3D ( 'NONE', #2804, #101, #780 ) ;
#2871 = CARTESIAN_POINT ( 'NONE',  ( -0.9756346360029651832, 0.8499999999999999778, 0.8256346360029646059 ) ) ;
#2872 = CARTESIAN_POINT ( 'NONE',  ( 0.4500000000000000111, 0.2000000000000000111, -1.099999999999999867 ) ) ;
#2873 =( NAMED_UNIT ( * ) SI_UNIT ( $, .STERADIAN. ) SOLID_ANGLE_UNIT ( ) );
#2874 = COLOUR_RGB ( '',0.7529411764705882248, 0.7529411764705882248, 0.7529411764705882248 ) ;
#2875 = ORIENTED_EDGE ( 'NONE', *, *, #262, .F. ) ;
#2876 =( NAMED_UNIT ( * ) PLANE_ANGLE_UNIT ( ) SI_UNIT ( $, .RADIAN. ) );
#2877 = COLOUR_RGB ( '',0.7921568627450980005, 0.8196078431372548767, 0.9333333333333333481 ) ;
#2878 = CARTESIAN_POINT ( 'NONE',  ( -0.8499999999999999778, 0.000000000000000000, -0.9000000000000119016 ) ) ;
#2879 = ORIENTED_EDGE ( 'NONE', *, *, #822, .F. ) ;
#2880 = PRESENTATION_LAYER_ASSIGNMENT (  '', '', ( #1213 ) ) ;
#2881 = DIRECTION ( 'NONE',  ( 1.000000000000000000, 0.000000000000000000, 0.000000000000000000 ) ) ;
#2882 = CARTESIAN_POINT ( 'NONE',  ( 0.000000000000000000, 0.000000000000000000, -0.9000000000000119016 ) ) ;
#2883 = CARTESIAN_POINT ( 'NONE',  ( -0.1999999999999999833, 0.000000000000000000, -0.6999999999999998446 ) ) ;
#2884 = ORIENTED_EDGE ( 'NONE', *, *, #1349, .T. ) ;
#2885 = VECTOR ( 'NONE', #2220, 1000.000000000000000 ) ;
#2886 =( NAMED_UNIT ( * ) PLANE_ANGLE_UNIT ( ) SI_UNIT ( $, .RADIAN. ) );
#2887 = VECTOR ( 'NONE', #1378, 1000.000000000000000 ) ;
#2888 = SURFACE_STYLE_USAGE ( .BOTH. , #2436 ) ;
#2889 = PRESENTATION_LAYER_ASSIGNMENT (  '', '', ( #2549 ) ) ;
#2890 = DIRECTION ( 'NONE',  ( -1.023968718458525111E-14, 0.000000000000000000, -1.000000000000000000 ) ) ;
#2891 = FILL_AREA_STYLE ('',( #1957 ) ) ;
#2892 = VECTOR ( 'NONE', #2718, 1000.000000000000000 ) ;
#2893 = MECHANICAL_DESIGN_GEOMETRIC_PRESENTATION_REPRESENTATION (  '', ( #1407 ), #2552 ) ;
#2894 = ORIENTED_EDGE ( 'NONE', *, *, #1463, .F. ) ;
#2895 = DIRECTION ( 'NONE',  ( 1.000000000000000000, 0.000000000000000000, 0.000000000000000000 ) ) ;
#2896 =( GEOMETRIC_REPRESENTATION_CONTEXT ( 3 ) GLOBAL_UNCERTAINTY_ASSIGNED_CONTEXT ( ( #1023 ) ) GLOBAL_UNIT_ASSIGNED_CONTEXT ( ( #965, #2782, #1656 ) ) REPRESENTATION_CONTEXT ( 'NONE', 'WORKASPACE' ) );
#2897 = DIRECTION ( 'NONE',  ( 1.000000000000000000, 0.000000000000000000, 0.000000000000000000 ) ) ;
#2898 = SURFACE_STYLE_USAGE ( .BOTH. , #1062 ) ;
#2899 = MECHANICAL_DESIGN_GEOMETRIC_PRESENTATION_REPRESENTATION (  '', ( #853 ), #1229 ) ;
#2900 = LINE ( 'NONE', #2205, #1344 ) ;
#2901 = EDGE_CURVE ( 'NONE', #1855, #2285, #1151, .T. ) ;
#2902 = ORIENTED_EDGE ( 'NONE', *, *, #1417, .T. ) ;
#2903 = DIRECTION ( 'NONE',  ( 0.000000000000000000, 0.000000000000000000, 1.000000000000000000 ) ) ;
#2904 =( NAMED_UNIT ( * ) PLANE_ANGLE_UNIT ( ) SI_UNIT ( $, .RADIAN. ) );
#2905 = ADVANCED_FACE ( 'NONE', ( #2027 ), #2765, .T. ) ;
#2906 = LINE ( 'NONE', #438, #702 ) ;
#2907 = ORIENTED_EDGE ( 'NONE', *, *, #387, .T. ) ;
#2908 = PRESENTATION_STYLE_ASSIGNMENT (( #370 ) ) ;
#2909 =( NAMED_UNIT ( * ) SI_UNIT ( $, .STERADIAN. ) SOLID_ANGLE_UNIT ( ) );
#2910 = ADVANCED_FACE ( 'NONE', ( #18 ), #2093, .T. ) ;
#2911 = CARTESIAN_POINT ( 'NONE',  ( -0.4499999999999999001, 0.000000000000000000, -1.099999999999999867 ) ) ;
#2912 = CARTESIAN_POINT ( 'NONE',  ( -0.2000000000000002054, 0.2000000000000000111, 0.7000000000000001776 ) ) ;
#2913 = ORIENTED_EDGE ( 'NONE', *, *, #2494, .F. ) ;
#2914 = FILL_AREA_STYLE ('',( #2440 ) ) ;
#2915 = DIRECTION ( 'NONE',  ( 0.000000000000000000, 0.08715574274765820750, 0.9961946980917455452 ) ) ;
#2916 = FILL_AREA_STYLE ('',( #2498 ) ) ;
#2917 = FILL_AREA_STYLE ('',( #1782 ) ) ;
#2918 = VERTEX_POINT ( 'NONE', #934 ) ;
#2919 =( GEOMETRIC_REPRESENTATION_CONTEXT ( 3 ) GLOBAL_UNCERTAINTY_ASSIGNED_CONTEXT ( ( #97 ) ) GLOBAL_UNIT_ASSIGNED_CONTEXT ( ( #1804, #2234, #190 ) ) REPRESENTATION_CONTEXT ( 'NONE', 'WORKASPACE' ) );
#2920 = CARTESIAN_POINT ( 'NONE',  ( -0.8500000000000001998, 0.000000000000000000, 0.9000000000000001332 ) ) ;
#2921 = DIRECTION ( 'NONE',  ( -0.000000000000000000, -1.000000000000000000, -0.000000000000000000 ) ) ;
#2922 = CARTESIAN_POINT ( 'NONE',  ( -1.050000000000018474, 0.000000000000000000, -0.9000000000000119016 ) ) ;
#2923 = STYLED_ITEM ( 'NONE', ( #468 ), #843 ) ;
#2924 = ADVANCED_FACE ( 'NONE', ( #1171 ), #2797, .F. ) ;
#2925 = EDGE_LOOP ( 'NONE', ( #1994, #64, #1998, #1091 ) ) ;
#2926 = DIRECTION ( 'NONE',  ( -0.000000000000000000, -0.000000000000000000, -1.000000000000000000 ) ) ;
#2927 = PRESENTATION_LAYER_ASSIGNMENT (  '', '', ( #2345 ) ) ;
#2928 = COLOUR_RGB ( '',0.2509803921568627416, 0.2509803921568627416, 0.2509803921568627416 ) ;
#2929 =( NAMED_UNIT ( * ) PLANE_ANGLE_UNIT ( ) SI_UNIT ( $, .RADIAN. ) );
#2930 = VECTOR ( 'NONE', #2161, 1000.000000000000000 ) ;
#2931 = VERTEX_POINT ( 'NONE', #994 ) ;
#2932 = FILL_AREA_STYLE_COLOUR ( '', #1075 ) ;
#2933 = VECTOR ( 'NONE', #2895, 1000.000000000000000 ) ;
#2934 = EDGE_CURVE ( 'NONE', #1969, #1454, #2146, .T. ) ;
#2935 = STYLED_ITEM ( 'NONE', ( #210 ), #1109 ) ;
#2936 = LINE ( 'NONE', #2028, #30 ) ;
#2937 = VECTOR ( 'NONE', #2100, 1000.000000000000000 ) ;
#2938 = EDGE_LOOP ( 'NONE', ( #801, #222, #212, #662 ) ) ;
#2939 = AXIS2_PLACEMENT_3D ( 'NONE', #1549, #2227, #2717 ) ;
#2940 = LINE ( 'NONE', #2018, #2637 ) ;
#2941 = UNCERTAINTY_MEASURE_WITH_UNIT (LENGTH_MEASURE( 1.000000000000000082E-05 ), #133, 'distance_accuracy_value', 'NONE');
#2942 = MECHANICAL_DESIGN_GEOMETRIC_PRESENTATION_REPRESENTATION (  '', ( #561 ), #132 ) ;
#2943 = LINE ( 'NONE', #2307, #1942 ) ;
#2944 = LINE ( 'NONE', #2710, #1996 ) ;
#2945 = ORIENTED_EDGE ( 'NONE', *, *, #917, .F. ) ;
#2946 = AXIS2_PLACEMENT_3D ( 'NONE', #2183, #2829, #2155 ) ;
#2947 = FACE_OUTER_BOUND ( 'NONE', #1523, .T. ) ;
#2948 = ADVANCED_FACE ( 'NONE', ( #2132 ), #772, .F. ) ;
#2949 = CARTESIAN_POINT ( 'NONE',  ( 0.1999999999999999001, 0.2000000000000000111, 0.8825022672948152902 ) ) ;
#2950 = ORIENTED_EDGE ( 'NONE', *, *, #2228, .T. ) ;
#2951 = EDGE_CURVE ( 'NONE', #904, #557, #1232, .T. ) ;
#2952 = SURFACE_STYLE_FILL_AREA ( #729 ) ;
#2953 = CARTESIAN_POINT ( 'NONE',  ( 0.4499999999999997891, 0.2000000000000000111, 0.7000000000000001776 ) ) ;
#2954 = DIRECTION ( 'NONE',  ( 0.000000000000000000, 0.000000000000000000, 1.000000000000000000 ) ) ;
#2955 = SURFACE_SIDE_STYLE ('',( #1357 ) ) ;
#2956 = ORIENTED_EDGE ( 'NONE', *, *, #1343, .T. ) ;
#2957 = EDGE_CURVE ( 'NONE', #2532, #1095, #2593, .T. ) ;
#2958 = FILL_AREA_STYLE ('',( #519 ) ) ;
#2959 = AXIS2_PLACEMENT_3D ( 'NONE', #302, #2540, #2571 ) ;
ENDSEC;
END-ISO-10303-21;
