ISO-10303-21;
HEADER;
/* Generated by software containing ST-Developer
 * from STEP Tools, Inc. (www.steptools.com) 
 */
/* OPTION: using custom renumber hook */

FILE_DESCRIPTION(
/* description */ ('STEP AP214'),
/* implementation_level */ '2;1');

FILE_NAME(
/* name */ 'PET-02-01-L-RA-LC',
/* time_stamp */ '2026-07-04T07:11:42+02:00',
/* author */ ('License CC BY-ND 4.0'),
/* organization */ ('CADENAS'),
/* preprocessor_version */ 'ST-DEVELOPER v20',
/* originating_system */ 'PARTsolutions',
/* authorisation */ '  ');

FILE_SCHEMA (('AUTOMOTIVE_DESIGN {1 0 10303 214 3 1 1}'));
ENDSEC;

DATA;
#10=PROPERTY_DEFINITION_REPRESENTATION(#14,#12);
#11=PROPERTY_DEFINITION_REPRESENTATION(#15,#13);
#12=REPRESENTATION('',(#16),#12485);
#13=REPRESENTATION('',(#17),#12485);
#14=PROPERTY_DEFINITION('pmi validation property','',#12496);
#15=PROPERTY_DEFINITION('pmi validation property','',#12496);
#16=VALUE_REPRESENTATION_ITEM('number of annotations',COUNT_MEASURE(0.));
#17=VALUE_REPRESENTATION_ITEM('number of views',COUNT_MEASURE(0.));
#18=DRAUGHTING_PRE_DEFINED_COLOUR('yellow');
#19=CONTEXT_DEPENDENT_SHAPE_REPRESENTATION(#27,#12498);
#20=CONTEXT_DEPENDENT_SHAPE_REPRESENTATION(#28,#12500);
#21=CONTEXT_DEPENDENT_SHAPE_REPRESENTATION(#29,#12502);
#22=CONTEXT_DEPENDENT_SHAPE_REPRESENTATION(#30,#12503);
#23=NEXT_ASSEMBLY_USAGE_OCCURRENCE('NAUO1','PET-02-RA-LC_t',
'PET-02-RA-LC_t',#12504,#12505,'');
#24=NEXT_ASSEMBLY_USAGE_OCCURRENCE('NAUO2','PET-02-01-RA_p',
'PET-02-01-RA_p',#12504,#12506,'');
#25=NEXT_ASSEMBLY_USAGE_OCCURRENCE('NAUO3','PET-LC_lc','PET-LC_lc',#12504,
#12507,'');
#26=NEXT_ASSEMBLY_USAGE_OCCURRENCE('NAUO4','PET-LC_lc','PET-LC_lc',#12504,
#12507,'');
#27=(
REPRESENTATION_RELATIONSHIP(' ',' ',#7813,#7812)
REPRESENTATION_RELATIONSHIP_WITH_TRANSFORMATION(#31)
SHAPE_REPRESENTATION_RELATIONSHIP()
);
#28=(
REPRESENTATION_RELATIONSHIP(' ',' ',#7814,#7812)
REPRESENTATION_RELATIONSHIP_WITH_TRANSFORMATION(#32)
SHAPE_REPRESENTATION_RELATIONSHIP()
);
#29=(
REPRESENTATION_RELATIONSHIP(' ',' ',#7815,#7812)
REPRESENTATION_RELATIONSHIP_WITH_TRANSFORMATION(#33)
SHAPE_REPRESENTATION_RELATIONSHIP()
);
#30=(
REPRESENTATION_RELATIONSHIP(' ',' ',#7815,#7812)
REPRESENTATION_RELATIONSHIP_WITH_TRANSFORMATION(#34)
SHAPE_REPRESENTATION_RELATIONSHIP()
);
#31=ITEM_DEFINED_TRANSFORMATION(' ',' ',#7816,#7954);
#32=ITEM_DEFINED_TRANSFORMATION(' ',' ',#7816,#8249);
#33=ITEM_DEFINED_TRANSFORMATION(' ',' ',#7816,#8285);
#34=ITEM_DEFINED_TRANSFORMATION(' ',' ',#7816,#8286);
#35=SHAPE_REPRESENTATION_RELATIONSHIP('','',#7813,#38);
#36=SHAPE_REPRESENTATION_RELATIONSHIP('','',#7814,#39);
#37=SHAPE_REPRESENTATION_RELATIONSHIP('','',#7815,#40);
#38=ADVANCED_BREP_SHAPE_REPRESENTATION('',(#7805),#12486);
#39=ADVANCED_BREP_SHAPE_REPRESENTATION('',(#7806),#12487);
#40=ADVANCED_BREP_SHAPE_REPRESENTATION('',(#7807),#12488);
#41=CYLINDRICAL_SURFACE('',#7913,2.65);
#42=CYLINDRICAL_SURFACE('',#7924,2.65);
#43=CYLINDRICAL_SURFACE('',#7928,2.65);
#44=CYLINDRICAL_SURFACE('',#7939,2.65);
#45=CYLINDRICAL_SURFACE('',#8126,1.);
#46=CYLINDRICAL_SURFACE('',#8134,1.);
#47=CYLINDRICAL_SURFACE('',#8137,0.499999999999998);
#48=CYLINDRICAL_SURFACE('',#8138,0.500000000000002);
#49=CYLINDRICAL_SURFACE('',#8166,0.500000000000001);
#50=CYLINDRICAL_SURFACE('',#8167,0.499999999999999);
#51=CYLINDRICAL_SURFACE('',#8176,0.999999999999999);
#52=CYLINDRICAL_SURFACE('',#8178,0.999999999999999);
#53=CYLINDRICAL_SURFACE('',#8182,0.999999999999988);
#54=CYLINDRICAL_SURFACE('',#8184,0.500000000000041);
#55=CYLINDRICAL_SURFACE('',#8186,1.00000000000001);
#56=CYLINDRICAL_SURFACE('',#8191,0.499999999999991);
#57=CYLINDRICAL_SURFACE('',#8193,0.999999999999983);
#58=CYLINDRICAL_SURFACE('',#8195,0.500000000000004);
#59=CYLINDRICAL_SURFACE('',#8196,0.499999999999981);
#60=CYLINDRICAL_SURFACE('',#8198,1.00000000000005);
#61=CYLINDRICAL_SURFACE('',#8200,0.499999999999974);
#62=CYLINDRICAL_SURFACE('',#8205,1.00000000000002);
#63=CYLINDRICAL_SURFACE('',#8207,0.500000000000008);
#64=CYLINDRICAL_SURFACE('',#8209,1.00000000000001);
#65=CYLINDRICAL_SURFACE('',#8211,1.00000000000002);
#66=CYLINDRICAL_SURFACE('',#8213,0.500000000000041);
#67=CYLINDRICAL_SURFACE('',#8215,0.999999999999979);
#68=CYLINDRICAL_SURFACE('',#8220,0.499999999999991);
#69=CYLINDRICAL_SURFACE('',#8222,0.999999999999983);
#70=CYLINDRICAL_SURFACE('',#8224,0.49999999999998);
#71=CYLINDRICAL_SURFACE('',#8225,0.500000000000003);
#72=CYLINDRICAL_SURFACE('',#8227,1.00000000000005);
#73=CYLINDRICAL_SURFACE('',#8229,0.499999999999975);
#74=CYLINDRICAL_SURFACE('',#8234,1.00000000000002);
#75=CYLINDRICAL_SURFACE('',#8236,0.500000000000006);
#76=CYLINDRICAL_SURFACE('',#8238,1.00000000000001);
#77=CYLINDRICAL_SURFACE('',#8245,0.450000000000001);
#78=CYLINDRICAL_SURFACE('',#8246,0.449999999999997);
#79=CYLINDRICAL_SURFACE('',#8247,0.449999999999997);
#80=CYLINDRICAL_SURFACE('',#8248,0.450000000000001);
#81=CYLINDRICAL_SURFACE('',#8259,0.5);
#82=CYLINDRICAL_SURFACE('',#8272,0.187);
#83=CYLINDRICAL_SURFACE('',#8279,0.127);
#84=CIRCLE('',#7887,2.65);
#85=CIRCLE('',#7888,2.65);
#86=CIRCLE('',#7889,2.65);
#87=CIRCLE('',#7890,2.65);
#88=CIRCLE('',#7914,2.65);
#89=CIRCLE('',#7925,2.65);
#90=CIRCLE('',#7929,2.65);
#91=CIRCLE('',#7940,2.65);
#92=CIRCLE('',#7956,0.449999999999997);
#93=CIRCLE('',#7957,0.450000000000001);
#94=CIRCLE('',#7959,0.449999999999997);
#95=CIRCLE('',#7960,0.450000000000001);
#96=CIRCLE('',#7962,0.999999999999999);
#97=CIRCLE('',#7963,1.);
#98=CIRCLE('',#7964,0.499999999999999);
#99=CIRCLE('',#7965,0.500000000000001);
#100=CIRCLE('',#7967,1.);
#101=CIRCLE('',#7968,0.499999999999998);
#102=CIRCLE('',#7970,0.500000000000002);
#103=CIRCLE('',#7971,0.999999999999999);
#104=CIRCLE('',#7973,0.999999999999999);
#105=CIRCLE('',#7974,0.500000000000001);
#106=CIRCLE('',#7976,0.499999999999999);
#107=CIRCLE('',#7977,1.);
#108=CIRCLE('',#7979,0.500000000000004);
#109=CIRCLE('',#7980,0.999999999999983);
#110=CIRCLE('',#7981,0.499999999999991);
#111=CIRCLE('',#7982,1.00000000000001);
#112=CIRCLE('',#7983,0.500000000000041);
#113=CIRCLE('',#7984,0.999999999999988);
#114=CIRCLE('',#7986,0.999999999999987);
#115=CIRCLE('',#7987,0.500000000000041);
#116=CIRCLE('',#7988,1.00000000000002);
#117=CIRCLE('',#7989,0.499999999999975);
#118=CIRCLE('',#7990,1.00000000000005);
#119=CIRCLE('',#7991,0.500000000000003);
#120=CIRCLE('',#7993,0.49999999999998);
#121=CIRCLE('',#7994,0.999999999999983);
#122=CIRCLE('',#7995,0.499999999999991);
#123=CIRCLE('',#7996,0.999999999999979);
#124=CIRCLE('',#7997,0.500000000000041);
#125=CIRCLE('',#7998,1.00000000000002);
#126=CIRCLE('',#8000,0.449999999999997);
#127=CIRCLE('',#8001,0.450000000000001);
#128=CIRCLE('',#8003,0.449999999999997);
#129=CIRCLE('',#8004,0.450000000000001);
#130=CIRCLE('',#8006,1.00000000000001);
#131=CIRCLE('',#8007,0.500000000000003);
#132=CIRCLE('',#8008,1.00000000000005);
#133=CIRCLE('',#8009,0.499999999999975);
#134=CIRCLE('',#8010,1.00000000000002);
#135=CIRCLE('',#8011,0.500000000000006);
#136=CIRCLE('',#8013,1.00000000000001);
#137=CIRCLE('',#8014,0.499999999999981);
#138=CIRCLE('',#8015,1.00000000000005);
#139=CIRCLE('',#8016,0.499999999999974);
#140=CIRCLE('',#8017,1.00000000000002);
#141=CIRCLE('',#8018,0.500000000000008);
#142=CIRCLE('',#8020,0.49999999999998);
#143=CIRCLE('',#8021,1.00000000000002);
#144=CIRCLE('',#8022,0.500000000000041);
#145=CIRCLE('',#8023,0.999999999999979);
#146=CIRCLE('',#8024,0.499999999999991);
#147=CIRCLE('',#8025,0.999999999999983);
#148=CIRCLE('',#8097,1.);
#149=CIRCLE('',#8098,0.999999999999999);
#150=CIRCLE('',#8099,0.500000000000002);
#151=CIRCLE('',#8100,0.499999999999998);
#152=CIRCLE('',#8102,0.499999999999981);
#153=CIRCLE('',#8103,1.00000000000001);
#154=CIRCLE('',#8104,0.500000000000008);
#155=CIRCLE('',#8105,1.00000000000002);
#156=CIRCLE('',#8106,0.499999999999974);
#157=CIRCLE('',#8107,1.00000000000005);
#158=CIRCLE('',#8109,0.500000000000004);
#159=CIRCLE('',#8110,0.999999999999988);
#160=CIRCLE('',#8111,0.500000000000041);
#161=CIRCLE('',#8112,1.00000000000001);
#162=CIRCLE('',#8113,0.499999999999991);
#163=CIRCLE('',#8114,0.999999999999983);
#164=CIRCLE('',#8260,0.5);
#165=CIRCLE('',#8261,0.5);
#166=CIRCLE('',#8273,0.187);
#167=CIRCLE('',#8274,0.187);
#168=CIRCLE('',#8280,0.127);
#169=CIRCLE('',#8281,0.127);
#170=ORIENTED_EDGE('',*,*,#2388,.F.);
#171=ORIENTED_EDGE('',*,*,#2389,.T.);
#172=ORIENTED_EDGE('',*,*,#2390,.T.);
#173=ORIENTED_EDGE('',*,*,#2391,.F.);
#174=ORIENTED_EDGE('',*,*,#2392,.F.);
#175=ORIENTED_EDGE('',*,*,#2393,.T.);
#176=ORIENTED_EDGE('',*,*,#2394,.F.);
#177=ORIENTED_EDGE('',*,*,#2395,.F.);
#178=ORIENTED_EDGE('',*,*,#2396,.F.);
#179=ORIENTED_EDGE('',*,*,#2397,.T.);
#180=ORIENTED_EDGE('',*,*,#2398,.F.);
#181=ORIENTED_EDGE('',*,*,#2399,.F.);
#182=ORIENTED_EDGE('',*,*,#2400,.T.);
#183=ORIENTED_EDGE('',*,*,#2401,.T.);
#184=ORIENTED_EDGE('',*,*,#2402,.F.);
#185=ORIENTED_EDGE('',*,*,#2403,.T.);
#186=ORIENTED_EDGE('',*,*,#2404,.T.);
#187=ORIENTED_EDGE('',*,*,#2405,.F.);
#188=ORIENTED_EDGE('',*,*,#2406,.T.);
#189=ORIENTED_EDGE('',*,*,#2407,.F.);
#190=ORIENTED_EDGE('',*,*,#2408,.T.);
#191=ORIENTED_EDGE('',*,*,#2409,.F.);
#192=ORIENTED_EDGE('',*,*,#2410,.T.);
#193=ORIENTED_EDGE('',*,*,#2411,.T.);
#194=ORIENTED_EDGE('',*,*,#2412,.T.);
#195=ORIENTED_EDGE('',*,*,#2413,.F.);
#196=ORIENTED_EDGE('',*,*,#2414,.T.);
#197=ORIENTED_EDGE('',*,*,#2415,.F.);
#198=ORIENTED_EDGE('',*,*,#2416,.T.);
#199=ORIENTED_EDGE('',*,*,#2417,.F.);
#200=ORIENTED_EDGE('',*,*,#2418,.T.);
#201=ORIENTED_EDGE('',*,*,#2419,.T.);
#202=ORIENTED_EDGE('',*,*,#2420,.F.);
#203=ORIENTED_EDGE('',*,*,#2421,.F.);
#204=ORIENTED_EDGE('',*,*,#2422,.T.);
#205=ORIENTED_EDGE('',*,*,#2423,.T.);
#206=ORIENTED_EDGE('',*,*,#2424,.T.);
#207=ORIENTED_EDGE('',*,*,#2388,.T.);
#208=ORIENTED_EDGE('',*,*,#2425,.F.);
#209=ORIENTED_EDGE('',*,*,#2426,.F.);
#210=ORIENTED_EDGE('',*,*,#2427,.F.);
#211=ORIENTED_EDGE('',*,*,#2428,.F.);
#212=ORIENTED_EDGE('',*,*,#2429,.T.);
#213=ORIENTED_EDGE('',*,*,#2430,.T.);
#214=ORIENTED_EDGE('',*,*,#2431,.F.);
#215=ORIENTED_EDGE('',*,*,#2432,.F.);
#216=ORIENTED_EDGE('',*,*,#2433,.T.);
#217=ORIENTED_EDGE('',*,*,#2434,.T.);
#218=ORIENTED_EDGE('',*,*,#2435,.F.);
#219=ORIENTED_EDGE('',*,*,#2436,.T.);
#220=ORIENTED_EDGE('',*,*,#2437,.F.);
#221=ORIENTED_EDGE('',*,*,#2438,.F.);
#222=ORIENTED_EDGE('',*,*,#2439,.T.);
#223=ORIENTED_EDGE('',*,*,#2440,.T.);
#224=ORIENTED_EDGE('',*,*,#2441,.T.);
#225=ORIENTED_EDGE('',*,*,#2402,.T.);
#226=ORIENTED_EDGE('',*,*,#2442,.T.);
#227=ORIENTED_EDGE('',*,*,#2443,.T.);
#228=ORIENTED_EDGE('',*,*,#2444,.T.);
#229=ORIENTED_EDGE('',*,*,#2399,.T.);
#230=ORIENTED_EDGE('',*,*,#2445,.F.);
#231=ORIENTED_EDGE('',*,*,#2446,.T.);
#232=ORIENTED_EDGE('',*,*,#2447,.T.);
#233=ORIENTED_EDGE('',*,*,#2395,.T.);
#234=ORIENTED_EDGE('',*,*,#2448,.F.);
#235=ORIENTED_EDGE('',*,*,#2449,.T.);
#236=ORIENTED_EDGE('',*,*,#2450,.T.);
#237=ORIENTED_EDGE('',*,*,#2391,.T.);
#238=ORIENTED_EDGE('',*,*,#2451,.F.);
#239=ORIENTED_EDGE('',*,*,#2452,.T.);
#240=ORIENTED_EDGE('',*,*,#2453,.F.);
#241=ORIENTED_EDGE('',*,*,#2454,.F.);
#242=ORIENTED_EDGE('',*,*,#2455,.T.);
#243=ORIENTED_EDGE('',*,*,#2456,.T.);
#244=ORIENTED_EDGE('',*,*,#2457,.T.);
#245=ORIENTED_EDGE('',*,*,#2458,.F.);
#246=ORIENTED_EDGE('',*,*,#2459,.T.);
#247=ORIENTED_EDGE('',*,*,#2460,.T.);
#248=ORIENTED_EDGE('',*,*,#2461,.T.);
#249=ORIENTED_EDGE('',*,*,#2462,.T.);
#250=ORIENTED_EDGE('',*,*,#2463,.T.);
#251=ORIENTED_EDGE('',*,*,#2464,.T.);
#252=ORIENTED_EDGE('',*,*,#2465,.T.);
#253=ORIENTED_EDGE('',*,*,#2466,.F.);
#254=ORIENTED_EDGE('',*,*,#2467,.T.);
#255=ORIENTED_EDGE('',*,*,#2468,.T.);
#256=ORIENTED_EDGE('',*,*,#2469,.T.);
#257=ORIENTED_EDGE('',*,*,#2470,.T.);
#258=ORIENTED_EDGE('',*,*,#2471,.T.);
#259=ORIENTED_EDGE('',*,*,#2400,.F.);
#260=ORIENTED_EDGE('',*,*,#2444,.F.);
#261=ORIENTED_EDGE('',*,*,#2472,.T.);
#262=ORIENTED_EDGE('',*,*,#2473,.F.);
#263=ORIENTED_EDGE('',*,*,#2474,.T.);
#264=ORIENTED_EDGE('',*,*,#2475,.F.);
#265=ORIENTED_EDGE('',*,*,#2476,.F.);
#266=ORIENTED_EDGE('',*,*,#2477,.T.);
#267=ORIENTED_EDGE('',*,*,#2478,.T.);
#268=ORIENTED_EDGE('',*,*,#2479,.F.);
#269=ORIENTED_EDGE('',*,*,#2480,.T.);
#270=ORIENTED_EDGE('',*,*,#2481,.T.);
#271=ORIENTED_EDGE('',*,*,#2460,.F.);
#272=ORIENTED_EDGE('',*,*,#2482,.T.);
#273=ORIENTED_EDGE('',*,*,#2483,.F.);
#274=ORIENTED_EDGE('',*,*,#2484,.T.);
#275=ORIENTED_EDGE('',*,*,#2485,.T.);
#276=ORIENTED_EDGE('',*,*,#2486,.T.);
#277=ORIENTED_EDGE('',*,*,#2476,.T.);
#278=ORIENTED_EDGE('',*,*,#2487,.F.);
#279=ORIENTED_EDGE('',*,*,#2488,.F.);
#280=ORIENTED_EDGE('',*,*,#2406,.F.);
#281=ORIENTED_EDGE('',*,*,#2489,.T.);
#282=ORIENTED_EDGE('',*,*,#2490,.F.);
#283=ORIENTED_EDGE('',*,*,#2491,.F.);
#284=ORIENTED_EDGE('',*,*,#2492,.T.);
#285=ORIENTED_EDGE('',*,*,#2493,.T.);
#286=ORIENTED_EDGE('',*,*,#2494,.F.);
#287=ORIENTED_EDGE('',*,*,#2495,.T.);
#288=ORIENTED_EDGE('',*,*,#2496,.T.);
#289=ORIENTED_EDGE('',*,*,#2468,.F.);
#290=ORIENTED_EDGE('',*,*,#2497,.T.);
#291=ORIENTED_EDGE('',*,*,#2498,.F.);
#292=ORIENTED_EDGE('',*,*,#2499,.T.);
#293=ORIENTED_EDGE('',*,*,#2500,.T.);
#294=ORIENTED_EDGE('',*,*,#2501,.T.);
#295=ORIENTED_EDGE('',*,*,#2491,.T.);
#296=ORIENTED_EDGE('',*,*,#2502,.F.);
#297=ORIENTED_EDGE('',*,*,#2503,.F.);
#298=ORIENTED_EDGE('',*,*,#2414,.F.);
#299=ORIENTED_EDGE('',*,*,#2504,.T.);
#300=ORIENTED_EDGE('',*,*,#2505,.T.);
#301=ORIENTED_EDGE('',*,*,#2506,.T.);
#302=ORIENTED_EDGE('',*,*,#2451,.T.);
#303=ORIENTED_EDGE('',*,*,#2390,.F.);
#304=ORIENTED_EDGE('',*,*,#2507,.F.);
#305=ORIENTED_EDGE('',*,*,#2508,.T.);
#306=ORIENTED_EDGE('',*,*,#2509,.F.);
#307=ORIENTED_EDGE('',*,*,#2510,.T.);
#308=ORIENTED_EDGE('',*,*,#2408,.F.);
#309=ORIENTED_EDGE('',*,*,#2511,.F.);
#310=ORIENTED_EDGE('',*,*,#2512,.T.);
#311=ORIENTED_EDGE('',*,*,#2478,.F.);
#312=ORIENTED_EDGE('',*,*,#2513,.T.);
#313=ORIENTED_EDGE('',*,*,#2514,.T.);
#314=ORIENTED_EDGE('',*,*,#2515,.T.);
#315=ORIENTED_EDGE('',*,*,#2516,.F.);
#316=ORIENTED_EDGE('',*,*,#2517,.T.);
#317=ORIENTED_EDGE('',*,*,#2458,.T.);
#318=ORIENTED_EDGE('',*,*,#2518,.F.);
#319=ORIENTED_EDGE('',*,*,#2519,.T.);
#320=ORIENTED_EDGE('',*,*,#2520,.F.);
#321=ORIENTED_EDGE('',*,*,#2521,.T.);
#322=ORIENTED_EDGE('',*,*,#2416,.F.);
#323=ORIENTED_EDGE('',*,*,#2522,.F.);
#324=ORIENTED_EDGE('',*,*,#2523,.T.);
#325=ORIENTED_EDGE('',*,*,#2493,.F.);
#326=ORIENTED_EDGE('',*,*,#2524,.T.);
#327=ORIENTED_EDGE('',*,*,#2525,.T.);
#328=ORIENTED_EDGE('',*,*,#2526,.T.);
#329=ORIENTED_EDGE('',*,*,#2527,.F.);
#330=ORIENTED_EDGE('',*,*,#2528,.T.);
#331=ORIENTED_EDGE('',*,*,#2466,.T.);
#332=ORIENTED_EDGE('',*,*,#2529,.F.);
#333=ORIENTED_EDGE('',*,*,#2530,.T.);
#334=ORIENTED_EDGE('',*,*,#2531,.T.);
#335=ORIENTED_EDGE('',*,*,#2532,.T.);
#336=ORIENTED_EDGE('',*,*,#2429,.F.);
#337=ORIENTED_EDGE('',*,*,#2533,.F.);
#338=ORIENTED_EDGE('',*,*,#2427,.T.);
#339=ORIENTED_EDGE('',*,*,#2534,.F.);
#340=ORIENTED_EDGE('',*,*,#2439,.F.);
#341=ORIENTED_EDGE('',*,*,#2535,.F.);
#342=ORIENTED_EDGE('',*,*,#2437,.T.);
#343=ORIENTED_EDGE('',*,*,#2536,.T.);
#344=ORIENTED_EDGE('',*,*,#2537,.F.);
#345=ORIENTED_EDGE('',*,*,#2538,.F.);
#346=ORIENTED_EDGE('',*,*,#2537,.T.);
#347=ORIENTED_EDGE('',*,*,#2539,.T.);
#348=ORIENTED_EDGE('',*,*,#2442,.F.);
#349=ORIENTED_EDGE('',*,*,#2540,.F.);
#350=ORIENTED_EDGE('',*,*,#2541,.F.);
#351=ORIENTED_EDGE('',*,*,#2542,.F.);
#352=ORIENTED_EDGE('',*,*,#2543,.T.);
#353=ORIENTED_EDGE('',*,*,#2544,.F.);
#354=ORIENTED_EDGE('',*,*,#2545,.T.);
#355=ORIENTED_EDGE('',*,*,#2473,.T.);
#356=ORIENTED_EDGE('',*,*,#2546,.F.);
#357=ORIENTED_EDGE('',*,*,#2547,.F.);
#358=ORIENTED_EDGE('',*,*,#2548,.T.);
#359=ORIENTED_EDGE('',*,*,#2542,.T.);
#360=ORIENTED_EDGE('',*,*,#2549,.F.);
#361=ORIENTED_EDGE('',*,*,#2550,.F.);
#362=ORIENTED_EDGE('',*,*,#2551,.T.);
#363=ORIENTED_EDGE('',*,*,#2547,.T.);
#364=ORIENTED_EDGE('',*,*,#2552,.F.);
#365=ORIENTED_EDGE('',*,*,#2553,.F.);
#366=ORIENTED_EDGE('',*,*,#2554,.T.);
#367=ORIENTED_EDGE('',*,*,#2550,.T.);
#368=ORIENTED_EDGE('',*,*,#2555,.F.);
#369=ORIENTED_EDGE('',*,*,#2556,.F.);
#370=ORIENTED_EDGE('',*,*,#2557,.T.);
#371=ORIENTED_EDGE('',*,*,#2558,.T.);
#372=ORIENTED_EDGE('',*,*,#2559,.F.);
#373=ORIENTED_EDGE('',*,*,#2505,.F.);
#374=ORIENTED_EDGE('',*,*,#2560,.T.);
#375=ORIENTED_EDGE('',*,*,#2561,.T.);
#376=ORIENTED_EDGE('',*,*,#2562,.T.);
#377=ORIENTED_EDGE('',*,*,#2556,.T.);
#378=ORIENTED_EDGE('',*,*,#2507,.T.);
#379=ORIENTED_EDGE('',*,*,#2389,.F.);
#380=ORIENTED_EDGE('',*,*,#2424,.F.);
#381=ORIENTED_EDGE('',*,*,#2563,.T.);
#382=ORIENTED_EDGE('',*,*,#2564,.F.);
#383=ORIENTED_EDGE('',*,*,#2565,.T.);
#384=ORIENTED_EDGE('',*,*,#2566,.F.);
#385=ORIENTED_EDGE('',*,*,#2567,.T.);
#386=ORIENTED_EDGE('',*,*,#2568,.F.);
#387=ORIENTED_EDGE('',*,*,#2569,.F.);
#388=ORIENTED_EDGE('',*,*,#2570,.T.);
#389=ORIENTED_EDGE('',*,*,#2564,.T.);
#390=ORIENTED_EDGE('',*,*,#2553,.T.);
#391=ORIENTED_EDGE('',*,*,#2571,.T.);
#392=ORIENTED_EDGE('',*,*,#2435,.T.);
#393=ORIENTED_EDGE('',*,*,#2401,.F.);
#394=ORIENTED_EDGE('',*,*,#2471,.F.);
#395=ORIENTED_EDGE('',*,*,#2572,.T.);
#396=ORIENTED_EDGE('',*,*,#2573,.T.);
#397=ORIENTED_EDGE('',*,*,#2574,.T.);
#398=ORIENTED_EDGE('',*,*,#2575,.F.);
#399=ORIENTED_EDGE('',*,*,#2558,.F.);
#400=ORIENTED_EDGE('',*,*,#2576,.T.);
#401=ORIENTED_EDGE('',*,*,#2569,.T.);
#402=ORIENTED_EDGE('',*,*,#2453,.T.);
#403=ORIENTED_EDGE('',*,*,#2577,.T.);
#404=ORIENTED_EDGE('',*,*,#2531,.F.);
#405=ORIENTED_EDGE('',*,*,#2578,.F.);
#406=ORIENTED_EDGE('',*,*,#2579,.F.);
#407=ORIENTED_EDGE('',*,*,#2565,.F.);
#408=ORIENTED_EDGE('',*,*,#2570,.F.);
#409=ORIENTED_EDGE('',*,*,#2576,.F.);
#410=ORIENTED_EDGE('',*,*,#2557,.F.);
#411=ORIENTED_EDGE('',*,*,#2562,.F.);
#412=ORIENTED_EDGE('',*,*,#2580,.F.);
#413=ORIENTED_EDGE('',*,*,#2581,.F.);
#414=ORIENTED_EDGE('',*,*,#2582,.F.);
#415=ORIENTED_EDGE('',*,*,#2543,.F.);
#416=ORIENTED_EDGE('',*,*,#2548,.F.);
#417=ORIENTED_EDGE('',*,*,#2551,.F.);
#418=ORIENTED_EDGE('',*,*,#2554,.F.);
#419=ORIENTED_EDGE('',*,*,#2574,.F.);
#420=ORIENTED_EDGE('',*,*,#2583,.F.);
#421=ORIENTED_EDGE('',*,*,#2584,.F.);
#422=ORIENTED_EDGE('',*,*,#2533,.T.);
#423=ORIENTED_EDGE('',*,*,#2428,.T.);
#424=ORIENTED_EDGE('',*,*,#2535,.T.);
#425=ORIENTED_EDGE('',*,*,#2438,.T.);
#426=ORIENTED_EDGE('',*,*,#2538,.T.);
#427=ORIENTED_EDGE('',*,*,#2540,.T.);
#428=ORIENTED_EDGE('',*,*,#2454,.T.);
#429=ORIENTED_EDGE('',*,*,#2578,.T.);
#430=ORIENTED_EDGE('',*,*,#2579,.T.);
#431=ORIENTED_EDGE('',*,*,#2585,.F.);
#432=ORIENTED_EDGE('',*,*,#2586,.F.);
#433=ORIENTED_EDGE('',*,*,#2566,.T.);
#434=ORIENTED_EDGE('',*,*,#2584,.T.);
#435=ORIENTED_EDGE('',*,*,#2587,.F.);
#436=ORIENTED_EDGE('',*,*,#2588,.F.);
#437=ORIENTED_EDGE('',*,*,#2585,.T.);
#438=ORIENTED_EDGE('',*,*,#2583,.T.);
#439=ORIENTED_EDGE('',*,*,#2573,.F.);
#440=ORIENTED_EDGE('',*,*,#2589,.F.);
#441=ORIENTED_EDGE('',*,*,#2587,.T.);
#442=ORIENTED_EDGE('',*,*,#2582,.T.);
#443=ORIENTED_EDGE('',*,*,#2590,.F.);
#444=ORIENTED_EDGE('',*,*,#2591,.F.);
#445=ORIENTED_EDGE('',*,*,#2544,.T.);
#446=ORIENTED_EDGE('',*,*,#2581,.T.);
#447=ORIENTED_EDGE('',*,*,#2592,.F.);
#448=ORIENTED_EDGE('',*,*,#2593,.F.);
#449=ORIENTED_EDGE('',*,*,#2590,.T.);
#450=ORIENTED_EDGE('',*,*,#2580,.T.);
#451=ORIENTED_EDGE('',*,*,#2561,.F.);
#452=ORIENTED_EDGE('',*,*,#2594,.F.);
#453=ORIENTED_EDGE('',*,*,#2592,.T.);
#454=ORIENTED_EDGE('',*,*,#2595,.F.);
#455=ORIENTED_EDGE('',*,*,#2596,.T.);
#456=ORIENTED_EDGE('',*,*,#2597,.T.);
#457=ORIENTED_EDGE('',*,*,#2524,.F.);
#458=ORIENTED_EDGE('',*,*,#2492,.F.);
#459=ORIENTED_EDGE('',*,*,#2501,.F.);
#460=ORIENTED_EDGE('',*,*,#2598,.T.);
#461=ORIENTED_EDGE('',*,*,#2599,.T.);
#462=ORIENTED_EDGE('',*,*,#2600,.F.);
#463=ORIENTED_EDGE('',*,*,#2497,.F.);
#464=ORIENTED_EDGE('',*,*,#2467,.F.);
#465=ORIENTED_EDGE('',*,*,#2528,.F.);
#466=ORIENTED_EDGE('',*,*,#2601,.F.);
#467=ORIENTED_EDGE('',*,*,#2602,.T.);
#468=ORIENTED_EDGE('',*,*,#2603,.T.);
#469=ORIENTED_EDGE('',*,*,#2513,.F.);
#470=ORIENTED_EDGE('',*,*,#2477,.F.);
#471=ORIENTED_EDGE('',*,*,#2486,.F.);
#472=ORIENTED_EDGE('',*,*,#2604,.T.);
#473=ORIENTED_EDGE('',*,*,#2605,.T.);
#474=ORIENTED_EDGE('',*,*,#2606,.F.);
#475=ORIENTED_EDGE('',*,*,#2482,.F.);
#476=ORIENTED_EDGE('',*,*,#2459,.F.);
#477=ORIENTED_EDGE('',*,*,#2517,.F.);
#478=ORIENTED_EDGE('',*,*,#2508,.F.);
#479=ORIENTED_EDGE('',*,*,#2567,.F.);
#480=ORIENTED_EDGE('',*,*,#2586,.T.);
#481=ORIENTED_EDGE('',*,*,#2588,.T.);
#482=ORIENTED_EDGE('',*,*,#2589,.T.);
#483=ORIENTED_EDGE('',*,*,#2572,.F.);
#484=ORIENTED_EDGE('',*,*,#2474,.F.);
#485=ORIENTED_EDGE('',*,*,#2545,.F.);
#486=ORIENTED_EDGE('',*,*,#2591,.T.);
#487=ORIENTED_EDGE('',*,*,#2593,.T.);
#488=ORIENTED_EDGE('',*,*,#2594,.T.);
#489=ORIENTED_EDGE('',*,*,#2560,.F.);
#490=ORIENTED_EDGE('',*,*,#2480,.F.);
#491=ORIENTED_EDGE('',*,*,#2607,.T.);
#492=ORIENTED_EDGE('',*,*,#2608,.F.);
#493=ORIENTED_EDGE('',*,*,#2609,.F.);
#494=ORIENTED_EDGE('',*,*,#2610,.F.);
#495=ORIENTED_EDGE('',*,*,#2462,.F.);
#496=ORIENTED_EDGE('',*,*,#2611,.F.);
#497=ORIENTED_EDGE('',*,*,#2608,.T.);
#498=ORIENTED_EDGE('',*,*,#2481,.F.);
#499=ORIENTED_EDGE('',*,*,#2609,.T.);
#500=ORIENTED_EDGE('',*,*,#2611,.T.);
#501=ORIENTED_EDGE('',*,*,#2461,.F.);
#502=ORIENTED_EDGE('',*,*,#2612,.F.);
#503=ORIENTED_EDGE('',*,*,#2613,.T.);
#504=ORIENTED_EDGE('',*,*,#2519,.F.);
#505=ORIENTED_EDGE('',*,*,#2614,.F.);
#506=ORIENTED_EDGE('',*,*,#2615,.F.);
#507=ORIENTED_EDGE('',*,*,#2612,.T.);
#508=ORIENTED_EDGE('',*,*,#2616,.T.);
#509=ORIENTED_EDGE('',*,*,#2456,.F.);
#510=ORIENTED_EDGE('',*,*,#2616,.F.);
#511=ORIENTED_EDGE('',*,*,#2614,.T.);
#512=ORIENTED_EDGE('',*,*,#2518,.T.);
#513=ORIENTED_EDGE('',*,*,#2457,.F.);
#514=ORIENTED_EDGE('',*,*,#2495,.F.);
#515=ORIENTED_EDGE('',*,*,#2617,.T.);
#516=ORIENTED_EDGE('',*,*,#2618,.F.);
#517=ORIENTED_EDGE('',*,*,#2619,.F.);
#518=ORIENTED_EDGE('',*,*,#2620,.F.);
#519=ORIENTED_EDGE('',*,*,#2470,.F.);
#520=ORIENTED_EDGE('',*,*,#2621,.F.);
#521=ORIENTED_EDGE('',*,*,#2618,.T.);
#522=ORIENTED_EDGE('',*,*,#2496,.F.);
#523=ORIENTED_EDGE('',*,*,#2619,.T.);
#524=ORIENTED_EDGE('',*,*,#2621,.T.);
#525=ORIENTED_EDGE('',*,*,#2469,.F.);
#526=ORIENTED_EDGE('',*,*,#2622,.F.);
#527=ORIENTED_EDGE('',*,*,#2623,.T.);
#528=ORIENTED_EDGE('',*,*,#2530,.F.);
#529=ORIENTED_EDGE('',*,*,#2624,.F.);
#530=ORIENTED_EDGE('',*,*,#2625,.F.);
#531=ORIENTED_EDGE('',*,*,#2624,.T.);
#532=ORIENTED_EDGE('',*,*,#2529,.T.);
#533=ORIENTED_EDGE('',*,*,#2465,.F.);
#534=ORIENTED_EDGE('',*,*,#2626,.F.);
#535=ORIENTED_EDGE('',*,*,#2622,.T.);
#536=ORIENTED_EDGE('',*,*,#2625,.T.);
#537=ORIENTED_EDGE('',*,*,#2464,.F.);
#538=ORIENTED_EDGE('',*,*,#2490,.T.);
#539=ORIENTED_EDGE('',*,*,#2523,.F.);
#540=ORIENTED_EDGE('',*,*,#2627,.F.);
#541=ORIENTED_EDGE('',*,*,#2502,.T.);
#542=ORIENTED_EDGE('',*,*,#2415,.T.);
#543=ORIENTED_EDGE('',*,*,#2503,.T.);
#544=ORIENTED_EDGE('',*,*,#2627,.T.);
#545=ORIENTED_EDGE('',*,*,#2522,.T.);
#546=ORIENTED_EDGE('',*,*,#2407,.T.);
#547=ORIENTED_EDGE('',*,*,#2488,.T.);
#548=ORIENTED_EDGE('',*,*,#2628,.T.);
#549=ORIENTED_EDGE('',*,*,#2511,.T.);
#550=ORIENTED_EDGE('',*,*,#2475,.T.);
#551=ORIENTED_EDGE('',*,*,#2512,.F.);
#552=ORIENTED_EDGE('',*,*,#2628,.F.);
#553=ORIENTED_EDGE('',*,*,#2487,.T.);
#554=ORIENTED_EDGE('',*,*,#2483,.T.);
#555=ORIENTED_EDGE('',*,*,#2606,.T.);
#556=ORIENTED_EDGE('',*,*,#2629,.F.);
#557=ORIENTED_EDGE('',*,*,#2630,.F.);
#558=ORIENTED_EDGE('',*,*,#2631,.T.);
#559=ORIENTED_EDGE('',*,*,#2632,.T.);
#560=ORIENTED_EDGE('',*,*,#2604,.F.);
#561=ORIENTED_EDGE('',*,*,#2485,.F.);
#562=ORIENTED_EDGE('',*,*,#2632,.F.);
#563=ORIENTED_EDGE('',*,*,#2633,.F.);
#564=ORIENTED_EDGE('',*,*,#2629,.T.);
#565=ORIENTED_EDGE('',*,*,#2605,.F.);
#566=ORIENTED_EDGE('',*,*,#2630,.T.);
#567=ORIENTED_EDGE('',*,*,#2633,.T.);
#568=ORIENTED_EDGE('',*,*,#2631,.F.);
#569=ORIENTED_EDGE('',*,*,#2484,.F.);
#570=ORIENTED_EDGE('',*,*,#2603,.F.);
#571=ORIENTED_EDGE('',*,*,#2634,.T.);
#572=ORIENTED_EDGE('',*,*,#2635,.T.);
#573=ORIENTED_EDGE('',*,*,#2514,.F.);
#574=ORIENTED_EDGE('',*,*,#2516,.T.);
#575=ORIENTED_EDGE('',*,*,#2636,.F.);
#576=ORIENTED_EDGE('',*,*,#2637,.F.);
#577=ORIENTED_EDGE('',*,*,#2601,.T.);
#578=ORIENTED_EDGE('',*,*,#2637,.T.);
#579=ORIENTED_EDGE('',*,*,#2638,.T.);
#580=ORIENTED_EDGE('',*,*,#2634,.F.);
#581=ORIENTED_EDGE('',*,*,#2602,.F.);
#582=ORIENTED_EDGE('',*,*,#2635,.F.);
#583=ORIENTED_EDGE('',*,*,#2638,.F.);
#584=ORIENTED_EDGE('',*,*,#2636,.T.);
#585=ORIENTED_EDGE('',*,*,#2515,.F.);
#586=ORIENTED_EDGE('',*,*,#2498,.T.);
#587=ORIENTED_EDGE('',*,*,#2600,.T.);
#588=ORIENTED_EDGE('',*,*,#2639,.F.);
#589=ORIENTED_EDGE('',*,*,#2640,.F.);
#590=ORIENTED_EDGE('',*,*,#2641,.T.);
#591=ORIENTED_EDGE('',*,*,#2642,.T.);
#592=ORIENTED_EDGE('',*,*,#2598,.F.);
#593=ORIENTED_EDGE('',*,*,#2500,.F.);
#594=ORIENTED_EDGE('',*,*,#2642,.F.);
#595=ORIENTED_EDGE('',*,*,#2643,.F.);
#596=ORIENTED_EDGE('',*,*,#2639,.T.);
#597=ORIENTED_EDGE('',*,*,#2599,.F.);
#598=ORIENTED_EDGE('',*,*,#2640,.T.);
#599=ORIENTED_EDGE('',*,*,#2643,.T.);
#600=ORIENTED_EDGE('',*,*,#2641,.F.);
#601=ORIENTED_EDGE('',*,*,#2499,.F.);
#602=ORIENTED_EDGE('',*,*,#2527,.T.);
#603=ORIENTED_EDGE('',*,*,#2644,.F.);
#604=ORIENTED_EDGE('',*,*,#2645,.F.);
#605=ORIENTED_EDGE('',*,*,#2595,.T.);
#606=ORIENTED_EDGE('',*,*,#2597,.F.);
#607=ORIENTED_EDGE('',*,*,#2646,.T.);
#608=ORIENTED_EDGE('',*,*,#2647,.T.);
#609=ORIENTED_EDGE('',*,*,#2525,.F.);
#610=ORIENTED_EDGE('',*,*,#2645,.T.);
#611=ORIENTED_EDGE('',*,*,#2648,.T.);
#612=ORIENTED_EDGE('',*,*,#2646,.F.);
#613=ORIENTED_EDGE('',*,*,#2596,.F.);
#614=ORIENTED_EDGE('',*,*,#2647,.F.);
#615=ORIENTED_EDGE('',*,*,#2648,.F.);
#616=ORIENTED_EDGE('',*,*,#2644,.T.);
#617=ORIENTED_EDGE('',*,*,#2526,.F.);
#618=ORIENTED_EDGE('',*,*,#2649,.T.);
#619=ORIENTED_EDGE('',*,*,#2650,.T.);
#620=ORIENTED_EDGE('',*,*,#2651,.F.);
#621=ORIENTED_EDGE('',*,*,#2652,.T.);
#622=ORIENTED_EDGE('',*,*,#2653,.T.);
#623=ORIENTED_EDGE('',*,*,#2654,.T.);
#624=ORIENTED_EDGE('',*,*,#2655,.T.);
#625=ORIENTED_EDGE('',*,*,#2656,.T.);
#626=ORIENTED_EDGE('',*,*,#2657,.F.);
#627=ORIENTED_EDGE('',*,*,#2658,.T.);
#628=ORIENTED_EDGE('',*,*,#2659,.T.);
#629=ORIENTED_EDGE('',*,*,#2660,.T.);
#630=ORIENTED_EDGE('',*,*,#2661,.T.);
#631=ORIENTED_EDGE('',*,*,#2662,.T.);
#632=ORIENTED_EDGE('',*,*,#2663,.T.);
#633=ORIENTED_EDGE('',*,*,#2664,.T.);
#634=ORIENTED_EDGE('',*,*,#2665,.T.);
#635=ORIENTED_EDGE('',*,*,#2666,.F.);
#636=ORIENTED_EDGE('',*,*,#2667,.T.);
#637=ORIENTED_EDGE('',*,*,#2668,.T.);
#638=ORIENTED_EDGE('',*,*,#2669,.T.);
#639=ORIENTED_EDGE('',*,*,#2425,.T.);
#640=ORIENTED_EDGE('',*,*,#2419,.F.);
#641=ORIENTED_EDGE('',*,*,#2670,.T.);
#642=ORIENTED_EDGE('',*,*,#2671,.T.);
#643=ORIENTED_EDGE('',*,*,#2672,.T.);
#644=ORIENTED_EDGE('',*,*,#2411,.F.);
#645=ORIENTED_EDGE('',*,*,#2673,.T.);
#646=ORIENTED_EDGE('',*,*,#2674,.T.);
#647=ORIENTED_EDGE('',*,*,#2675,.T.);
#648=ORIENTED_EDGE('',*,*,#2403,.F.);
#649=ORIENTED_EDGE('',*,*,#2441,.F.);
#650=ORIENTED_EDGE('',*,*,#2676,.T.);
#651=ORIENTED_EDGE('',*,*,#2677,.T.);
#652=ORIENTED_EDGE('',*,*,#2678,.T.);
#653=ORIENTED_EDGE('',*,*,#2679,.F.);
#654=ORIENTED_EDGE('',*,*,#2534,.T.);
#655=ORIENTED_EDGE('',*,*,#2426,.T.);
#656=ORIENTED_EDGE('',*,*,#2669,.F.);
#657=ORIENTED_EDGE('',*,*,#2680,.F.);
#658=ORIENTED_EDGE('',*,*,#2681,.F.);
#659=ORIENTED_EDGE('',*,*,#2682,.T.);
#660=ORIENTED_EDGE('',*,*,#2663,.F.);
#661=ORIENTED_EDGE('',*,*,#2683,.F.);
#662=ORIENTED_EDGE('',*,*,#2684,.F.);
#663=ORIENTED_EDGE('',*,*,#2685,.T.);
#664=ORIENTED_EDGE('',*,*,#2676,.F.);
#665=ORIENTED_EDGE('',*,*,#2440,.F.);
#666=ORIENTED_EDGE('',*,*,#2672,.F.);
#667=ORIENTED_EDGE('',*,*,#2686,.F.);
#668=ORIENTED_EDGE('',*,*,#2687,.F.);
#669=ORIENTED_EDGE('',*,*,#2412,.F.);
#670=ORIENTED_EDGE('',*,*,#2688,.F.);
#671=ORIENTED_EDGE('',*,*,#2689,.T.);
#672=ORIENTED_EDGE('',*,*,#2670,.F.);
#673=ORIENTED_EDGE('',*,*,#2418,.F.);
#674=ORIENTED_EDGE('',*,*,#2494,.T.);
#675=ORIENTED_EDGE('',*,*,#2690,.F.);
#676=ORIENTED_EDGE('',*,*,#2686,.T.);
#677=ORIENTED_EDGE('',*,*,#2671,.F.);
#678=ORIENTED_EDGE('',*,*,#2689,.F.);
#679=ORIENTED_EDGE('',*,*,#2691,.F.);
#680=ORIENTED_EDGE('',*,*,#2520,.T.);
#681=ORIENTED_EDGE('',*,*,#2623,.F.);
#682=ORIENTED_EDGE('',*,*,#2626,.T.);
#683=ORIENTED_EDGE('',*,*,#2463,.F.);
#684=ORIENTED_EDGE('',*,*,#2620,.T.);
#685=ORIENTED_EDGE('',*,*,#2617,.F.);
#686=ORIENTED_EDGE('',*,*,#2417,.T.);
#687=ORIENTED_EDGE('',*,*,#2521,.F.);
#688=ORIENTED_EDGE('',*,*,#2691,.T.);
#689=ORIENTED_EDGE('',*,*,#2688,.T.);
#690=ORIENTED_EDGE('',*,*,#2413,.T.);
#691=ORIENTED_EDGE('',*,*,#2687,.T.);
#692=ORIENTED_EDGE('',*,*,#2690,.T.);
#693=ORIENTED_EDGE('',*,*,#2504,.F.);
#694=ORIENTED_EDGE('',*,*,#2405,.T.);
#695=ORIENTED_EDGE('',*,*,#2692,.T.);
#696=ORIENTED_EDGE('',*,*,#2693,.T.);
#697=ORIENTED_EDGE('',*,*,#2489,.F.);
#698=ORIENTED_EDGE('',*,*,#2409,.T.);
#699=ORIENTED_EDGE('',*,*,#2510,.F.);
#700=ORIENTED_EDGE('',*,*,#2694,.T.);
#701=ORIENTED_EDGE('',*,*,#2695,.T.);
#702=ORIENTED_EDGE('',*,*,#2675,.F.);
#703=ORIENTED_EDGE('',*,*,#2696,.F.);
#704=ORIENTED_EDGE('',*,*,#2692,.F.);
#705=ORIENTED_EDGE('',*,*,#2404,.F.);
#706=ORIENTED_EDGE('',*,*,#2479,.T.);
#707=ORIENTED_EDGE('',*,*,#2693,.F.);
#708=ORIENTED_EDGE('',*,*,#2696,.T.);
#709=ORIENTED_EDGE('',*,*,#2674,.F.);
#710=ORIENTED_EDGE('',*,*,#2697,.F.);
#711=ORIENTED_EDGE('',*,*,#2694,.F.);
#712=ORIENTED_EDGE('',*,*,#2509,.T.);
#713=ORIENTED_EDGE('',*,*,#2613,.F.);
#714=ORIENTED_EDGE('',*,*,#2615,.T.);
#715=ORIENTED_EDGE('',*,*,#2455,.F.);
#716=ORIENTED_EDGE('',*,*,#2610,.T.);
#717=ORIENTED_EDGE('',*,*,#2607,.F.);
#718=ORIENTED_EDGE('',*,*,#2695,.F.);
#719=ORIENTED_EDGE('',*,*,#2697,.T.);
#720=ORIENTED_EDGE('',*,*,#2673,.F.);
#721=ORIENTED_EDGE('',*,*,#2410,.F.);
#722=ORIENTED_EDGE('',*,*,#2394,.T.);
#723=ORIENTED_EDGE('',*,*,#2698,.T.);
#724=ORIENTED_EDGE('',*,*,#2699,.T.);
#725=ORIENTED_EDGE('',*,*,#2448,.T.);
#726=ORIENTED_EDGE('',*,*,#2392,.T.);
#727=ORIENTED_EDGE('',*,*,#2450,.F.);
#728=ORIENTED_EDGE('',*,*,#2700,.F.);
#729=ORIENTED_EDGE('',*,*,#2701,.T.);
#730=ORIENTED_EDGE('',*,*,#2449,.F.);
#731=ORIENTED_EDGE('',*,*,#2699,.F.);
#732=ORIENTED_EDGE('',*,*,#2702,.T.);
#733=ORIENTED_EDGE('',*,*,#2700,.T.);
#734=ORIENTED_EDGE('',*,*,#2701,.F.);
#735=ORIENTED_EDGE('',*,*,#2702,.F.);
#736=ORIENTED_EDGE('',*,*,#2698,.F.);
#737=ORIENTED_EDGE('',*,*,#2393,.F.);
#738=ORIENTED_EDGE('',*,*,#2703,.F.);
#739=ORIENTED_EDGE('',*,*,#2704,.F.);
#740=ORIENTED_EDGE('',*,*,#2705,.F.);
#741=ORIENTED_EDGE('',*,*,#2397,.F.);
#742=ORIENTED_EDGE('',*,*,#2398,.T.);
#743=ORIENTED_EDGE('',*,*,#2705,.T.);
#744=ORIENTED_EDGE('',*,*,#2706,.T.);
#745=ORIENTED_EDGE('',*,*,#2445,.T.);
#746=ORIENTED_EDGE('',*,*,#2396,.T.);
#747=ORIENTED_EDGE('',*,*,#2447,.F.);
#748=ORIENTED_EDGE('',*,*,#2707,.F.);
#749=ORIENTED_EDGE('',*,*,#2703,.T.);
#750=ORIENTED_EDGE('',*,*,#2446,.F.);
#751=ORIENTED_EDGE('',*,*,#2706,.F.);
#752=ORIENTED_EDGE('',*,*,#2704,.T.);
#753=ORIENTED_EDGE('',*,*,#2707,.T.);
#754=ORIENTED_EDGE('',*,*,#2559,.T.);
#755=ORIENTED_EDGE('',*,*,#2555,.T.);
#756=ORIENTED_EDGE('',*,*,#2575,.T.);
#757=ORIENTED_EDGE('',*,*,#2568,.T.);
#758=ORIENTED_EDGE('',*,*,#2563,.F.);
#759=ORIENTED_EDGE('',*,*,#2430,.F.);
#760=ORIENTED_EDGE('',*,*,#2532,.F.);
#761=ORIENTED_EDGE('',*,*,#2577,.F.);
#762=ORIENTED_EDGE('',*,*,#2452,.F.);
#763=ORIENTED_EDGE('',*,*,#2506,.F.);
#764=ORIENTED_EDGE('',*,*,#2539,.F.);
#765=ORIENTED_EDGE('',*,*,#2536,.F.);
#766=ORIENTED_EDGE('',*,*,#2436,.F.);
#767=ORIENTED_EDGE('',*,*,#2571,.F.);
#768=ORIENTED_EDGE('',*,*,#2552,.T.);
#769=ORIENTED_EDGE('',*,*,#2549,.T.);
#770=ORIENTED_EDGE('',*,*,#2546,.T.);
#771=ORIENTED_EDGE('',*,*,#2541,.T.);
#772=ORIENTED_EDGE('',*,*,#2472,.F.);
#773=ORIENTED_EDGE('',*,*,#2443,.F.);
#774=ORIENTED_EDGE('',*,*,#2708,.F.);
#775=ORIENTED_EDGE('',*,*,#2709,.F.);
#776=ORIENTED_EDGE('',*,*,#2710,.T.);
#777=ORIENTED_EDGE('',*,*,#2667,.F.);
#778=ORIENTED_EDGE('',*,*,#2666,.T.);
#779=ORIENTED_EDGE('',*,*,#2711,.F.);
#780=ORIENTED_EDGE('',*,*,#2712,.T.);
#781=ORIENTED_EDGE('',*,*,#2708,.T.);
#782=ORIENTED_EDGE('',*,*,#2713,.F.);
#783=ORIENTED_EDGE('',*,*,#2714,.F.);
#784=ORIENTED_EDGE('',*,*,#2711,.T.);
#785=ORIENTED_EDGE('',*,*,#2665,.F.);
#786=ORIENTED_EDGE('',*,*,#2710,.F.);
#787=ORIENTED_EDGE('',*,*,#2715,.F.);
#788=ORIENTED_EDGE('',*,*,#2680,.T.);
#789=ORIENTED_EDGE('',*,*,#2668,.F.);
#790=ORIENTED_EDGE('',*,*,#2682,.F.);
#791=ORIENTED_EDGE('',*,*,#2716,.F.);
#792=ORIENTED_EDGE('',*,*,#2713,.T.);
#793=ORIENTED_EDGE('',*,*,#2664,.F.);
#794=ORIENTED_EDGE('',*,*,#2715,.T.);
#795=ORIENTED_EDGE('',*,*,#2709,.T.);
#796=ORIENTED_EDGE('',*,*,#2712,.F.);
#797=ORIENTED_EDGE('',*,*,#2714,.T.);
#798=ORIENTED_EDGE('',*,*,#2716,.T.);
#799=ORIENTED_EDGE('',*,*,#2681,.T.);
#800=ORIENTED_EDGE('',*,*,#2717,.F.);
#801=ORIENTED_EDGE('',*,*,#2718,.F.);
#802=ORIENTED_EDGE('',*,*,#2719,.T.);
#803=ORIENTED_EDGE('',*,*,#2656,.F.);
#804=ORIENTED_EDGE('',*,*,#2720,.F.);
#805=ORIENTED_EDGE('',*,*,#2721,.F.);
#806=ORIENTED_EDGE('',*,*,#2717,.T.);
#807=ORIENTED_EDGE('',*,*,#2655,.F.);
#808=ORIENTED_EDGE('',*,*,#2722,.F.);
#809=ORIENTED_EDGE('',*,*,#2723,.F.);
#810=ORIENTED_EDGE('',*,*,#2720,.T.);
#811=ORIENTED_EDGE('',*,*,#2660,.F.);
#812=ORIENTED_EDGE('',*,*,#2724,.F.);
#813=ORIENTED_EDGE('',*,*,#2725,.F.);
#814=ORIENTED_EDGE('',*,*,#2722,.T.);
#815=ORIENTED_EDGE('',*,*,#2659,.F.);
#816=ORIENTED_EDGE('',*,*,#2726,.F.);
#817=ORIENTED_EDGE('',*,*,#2727,.F.);
#818=ORIENTED_EDGE('',*,*,#2724,.T.);
#819=ORIENTED_EDGE('',*,*,#2658,.F.);
#820=ORIENTED_EDGE('',*,*,#2657,.T.);
#821=ORIENTED_EDGE('',*,*,#2719,.F.);
#822=ORIENTED_EDGE('',*,*,#2728,.T.);
#823=ORIENTED_EDGE('',*,*,#2726,.T.);
#824=ORIENTED_EDGE('',*,*,#2718,.T.);
#825=ORIENTED_EDGE('',*,*,#2721,.T.);
#826=ORIENTED_EDGE('',*,*,#2723,.T.);
#827=ORIENTED_EDGE('',*,*,#2725,.T.);
#828=ORIENTED_EDGE('',*,*,#2727,.T.);
#829=ORIENTED_EDGE('',*,*,#2728,.F.);
#830=ORIENTED_EDGE('',*,*,#2729,.F.);
#831=ORIENTED_EDGE('',*,*,#2730,.F.);
#832=ORIENTED_EDGE('',*,*,#2731,.T.);
#833=ORIENTED_EDGE('',*,*,#2661,.F.);
#834=ORIENTED_EDGE('',*,*,#2679,.T.);
#835=ORIENTED_EDGE('',*,*,#2732,.F.);
#836=ORIENTED_EDGE('',*,*,#2733,.T.);
#837=ORIENTED_EDGE('',*,*,#2729,.T.);
#838=ORIENTED_EDGE('',*,*,#2734,.F.);
#839=ORIENTED_EDGE('',*,*,#2735,.F.);
#840=ORIENTED_EDGE('',*,*,#2732,.T.);
#841=ORIENTED_EDGE('',*,*,#2678,.F.);
#842=ORIENTED_EDGE('',*,*,#2731,.F.);
#843=ORIENTED_EDGE('',*,*,#2736,.F.);
#844=ORIENTED_EDGE('',*,*,#2683,.T.);
#845=ORIENTED_EDGE('',*,*,#2662,.F.);
#846=ORIENTED_EDGE('',*,*,#2685,.F.);
#847=ORIENTED_EDGE('',*,*,#2737,.F.);
#848=ORIENTED_EDGE('',*,*,#2734,.T.);
#849=ORIENTED_EDGE('',*,*,#2677,.F.);
#850=ORIENTED_EDGE('',*,*,#2736,.T.);
#851=ORIENTED_EDGE('',*,*,#2730,.T.);
#852=ORIENTED_EDGE('',*,*,#2733,.F.);
#853=ORIENTED_EDGE('',*,*,#2735,.T.);
#854=ORIENTED_EDGE('',*,*,#2737,.T.);
#855=ORIENTED_EDGE('',*,*,#2684,.T.);
#856=ORIENTED_EDGE('',*,*,#2738,.F.);
#857=ORIENTED_EDGE('',*,*,#2739,.F.);
#858=ORIENTED_EDGE('',*,*,#2740,.T.);
#859=ORIENTED_EDGE('',*,*,#2650,.F.);
#860=ORIENTED_EDGE('',*,*,#2741,.F.);
#861=ORIENTED_EDGE('',*,*,#2742,.F.);
#862=ORIENTED_EDGE('',*,*,#2738,.T.);
#863=ORIENTED_EDGE('',*,*,#2649,.F.);
#864=ORIENTED_EDGE('',*,*,#2743,.F.);
#865=ORIENTED_EDGE('',*,*,#2744,.F.);
#866=ORIENTED_EDGE('',*,*,#2741,.T.);
#867=ORIENTED_EDGE('',*,*,#2654,.F.);
#868=ORIENTED_EDGE('',*,*,#2745,.F.);
#869=ORIENTED_EDGE('',*,*,#2746,.F.);
#870=ORIENTED_EDGE('',*,*,#2743,.T.);
#871=ORIENTED_EDGE('',*,*,#2653,.F.);
#872=ORIENTED_EDGE('',*,*,#2747,.F.);
#873=ORIENTED_EDGE('',*,*,#2748,.F.);
#874=ORIENTED_EDGE('',*,*,#2745,.T.);
#875=ORIENTED_EDGE('',*,*,#2652,.F.);
#876=ORIENTED_EDGE('',*,*,#2651,.T.);
#877=ORIENTED_EDGE('',*,*,#2740,.F.);
#878=ORIENTED_EDGE('',*,*,#2749,.T.);
#879=ORIENTED_EDGE('',*,*,#2747,.T.);
#880=ORIENTED_EDGE('',*,*,#2739,.T.);
#881=ORIENTED_EDGE('',*,*,#2742,.T.);
#882=ORIENTED_EDGE('',*,*,#2744,.T.);
#883=ORIENTED_EDGE('',*,*,#2746,.T.);
#884=ORIENTED_EDGE('',*,*,#2748,.T.);
#885=ORIENTED_EDGE('',*,*,#2749,.F.);
#886=ORIENTED_EDGE('',*,*,#2750,.T.);
#887=ORIENTED_EDGE('',*,*,#2751,.F.);
#888=ORIENTED_EDGE('',*,*,#2752,.F.);
#889=ORIENTED_EDGE('',*,*,#2753,.T.);
#890=ORIENTED_EDGE('',*,*,#2754,.T.);
#891=ORIENTED_EDGE('',*,*,#2755,.F.);
#892=ORIENTED_EDGE('',*,*,#2756,.F.);
#893=ORIENTED_EDGE('',*,*,#2751,.T.);
#894=ORIENTED_EDGE('',*,*,#2757,.T.);
#895=ORIENTED_EDGE('',*,*,#2422,.F.);
#896=ORIENTED_EDGE('',*,*,#2758,.F.);
#897=ORIENTED_EDGE('',*,*,#2755,.T.);
#898=ORIENTED_EDGE('',*,*,#2759,.T.);
#899=ORIENTED_EDGE('',*,*,#2753,.F.);
#900=ORIENTED_EDGE('',*,*,#2760,.F.);
#901=ORIENTED_EDGE('',*,*,#2420,.T.);
#902=ORIENTED_EDGE('',*,*,#2752,.T.);
#903=ORIENTED_EDGE('',*,*,#2756,.T.);
#904=ORIENTED_EDGE('',*,*,#2758,.T.);
#905=ORIENTED_EDGE('',*,*,#2421,.T.);
#906=ORIENTED_EDGE('',*,*,#2760,.T.);
#907=ORIENTED_EDGE('',*,*,#2750,.F.);
#908=ORIENTED_EDGE('',*,*,#2759,.F.);
#909=ORIENTED_EDGE('',*,*,#2423,.F.);
#910=ORIENTED_EDGE('',*,*,#2757,.F.);
#911=ORIENTED_EDGE('',*,*,#2754,.F.);
#912=ORIENTED_EDGE('',*,*,#2761,.T.);
#913=ORIENTED_EDGE('',*,*,#2762,.F.);
#914=ORIENTED_EDGE('',*,*,#2763,.F.);
#915=ORIENTED_EDGE('',*,*,#2431,.T.);
#916=ORIENTED_EDGE('',*,*,#2764,.T.);
#917=ORIENTED_EDGE('',*,*,#2765,.F.);
#918=ORIENTED_EDGE('',*,*,#2766,.F.);
#919=ORIENTED_EDGE('',*,*,#2762,.T.);
#920=ORIENTED_EDGE('',*,*,#2767,.T.);
#921=ORIENTED_EDGE('',*,*,#2768,.F.);
#922=ORIENTED_EDGE('',*,*,#2769,.F.);
#923=ORIENTED_EDGE('',*,*,#2765,.T.);
#924=ORIENTED_EDGE('',*,*,#2770,.T.);
#925=ORIENTED_EDGE('',*,*,#2433,.F.);
#926=ORIENTED_EDGE('',*,*,#2771,.F.);
#927=ORIENTED_EDGE('',*,*,#2768,.T.);
#928=ORIENTED_EDGE('',*,*,#2432,.T.);
#929=ORIENTED_EDGE('',*,*,#2763,.T.);
#930=ORIENTED_EDGE('',*,*,#2766,.T.);
#931=ORIENTED_EDGE('',*,*,#2769,.T.);
#932=ORIENTED_EDGE('',*,*,#2771,.T.);
#933=ORIENTED_EDGE('',*,*,#2434,.F.);
#934=ORIENTED_EDGE('',*,*,#2770,.F.);
#935=ORIENTED_EDGE('',*,*,#2767,.F.);
#936=ORIENTED_EDGE('',*,*,#2764,.F.);
#937=ORIENTED_EDGE('',*,*,#2761,.F.);
#938=ORIENTED_EDGE('',*,*,#2772,.F.);
#939=ORIENTED_EDGE('',*,*,#2773,.F.);
#940=ORIENTED_EDGE('',*,*,#2774,.F.);
#941=ORIENTED_EDGE('',*,*,#2775,.T.);
#942=ORIENTED_EDGE('',*,*,#2776,.T.);
#943=ORIENTED_EDGE('',*,*,#2777,.F.);
#944=ORIENTED_EDGE('',*,*,#2778,.F.);
#945=ORIENTED_EDGE('',*,*,#2779,.F.);
#946=ORIENTED_EDGE('',*,*,#2780,.F.);
#947=ORIENTED_EDGE('',*,*,#2781,.F.);
#948=ORIENTED_EDGE('',*,*,#2782,.T.);
#949=ORIENTED_EDGE('',*,*,#2783,.T.);
#950=ORIENTED_EDGE('',*,*,#2784,.F.);
#951=ORIENTED_EDGE('',*,*,#2785,.F.);
#952=ORIENTED_EDGE('',*,*,#2786,.T.);
#953=ORIENTED_EDGE('',*,*,#2783,.F.);
#954=ORIENTED_EDGE('',*,*,#2787,.T.);
#955=ORIENTED_EDGE('',*,*,#2788,.T.);
#956=ORIENTED_EDGE('',*,*,#2789,.T.);
#957=ORIENTED_EDGE('',*,*,#2790,.T.);
#958=ORIENTED_EDGE('',*,*,#2791,.F.);
#959=ORIENTED_EDGE('',*,*,#2792,.T.);
#960=ORIENTED_EDGE('',*,*,#2793,.F.);
#961=ORIENTED_EDGE('',*,*,#2794,.T.);
#962=ORIENTED_EDGE('',*,*,#2795,.T.);
#963=ORIENTED_EDGE('',*,*,#2796,.T.);
#964=ORIENTED_EDGE('',*,*,#2797,.F.);
#965=ORIENTED_EDGE('',*,*,#2778,.T.);
#966=ORIENTED_EDGE('',*,*,#2798,.T.);
#967=ORIENTED_EDGE('',*,*,#2799,.T.);
#968=ORIENTED_EDGE('',*,*,#2800,.F.);
#969=ORIENTED_EDGE('',*,*,#2801,.T.);
#970=ORIENTED_EDGE('',*,*,#2802,.F.);
#971=ORIENTED_EDGE('',*,*,#2803,.T.);
#972=ORIENTED_EDGE('',*,*,#2804,.F.);
#973=ORIENTED_EDGE('',*,*,#2805,.T.);
#974=ORIENTED_EDGE('',*,*,#2806,.F.);
#975=ORIENTED_EDGE('',*,*,#2807,.T.);
#976=ORIENTED_EDGE('',*,*,#2808,.F.);
#977=ORIENTED_EDGE('',*,*,#2809,.T.);
#978=ORIENTED_EDGE('',*,*,#2810,.T.);
#979=ORIENTED_EDGE('',*,*,#2774,.T.);
#980=ORIENTED_EDGE('',*,*,#2811,.T.);
#981=ORIENTED_EDGE('',*,*,#2812,.T.);
#982=ORIENTED_EDGE('',*,*,#2813,.F.);
#983=ORIENTED_EDGE('',*,*,#2814,.T.);
#984=ORIENTED_EDGE('',*,*,#2815,.F.);
#985=ORIENTED_EDGE('',*,*,#2816,.T.);
#986=ORIENTED_EDGE('',*,*,#2817,.F.);
#987=ORIENTED_EDGE('',*,*,#2785,.T.);
#988=ORIENTED_EDGE('',*,*,#2818,.F.);
#989=ORIENTED_EDGE('',*,*,#2819,.T.);
#990=ORIENTED_EDGE('',*,*,#2820,.F.);
#991=ORIENTED_EDGE('',*,*,#2821,.T.);
#992=ORIENTED_EDGE('',*,*,#2822,.F.);
#993=ORIENTED_EDGE('',*,*,#2823,.T.);
#994=ORIENTED_EDGE('',*,*,#2824,.T.);
#995=ORIENTED_EDGE('',*,*,#2781,.T.);
#996=ORIENTED_EDGE('',*,*,#2825,.T.);
#997=ORIENTED_EDGE('',*,*,#2826,.F.);
#998=ORIENTED_EDGE('',*,*,#2827,.T.);
#999=ORIENTED_EDGE('',*,*,#2828,.T.);
#1000=ORIENTED_EDGE('',*,*,#2829,.T.);
#1001=ORIENTED_EDGE('',*,*,#2830,.F.);
#1002=ORIENTED_EDGE('',*,*,#2831,.T.);
#1003=ORIENTED_EDGE('',*,*,#2832,.T.);
#1004=ORIENTED_EDGE('',*,*,#2833,.T.);
#1005=ORIENTED_EDGE('',*,*,#2834,.T.);
#1006=ORIENTED_EDGE('',*,*,#2835,.T.);
#1007=ORIENTED_EDGE('',*,*,#2836,.T.);
#1008=ORIENTED_EDGE('',*,*,#2837,.F.);
#1009=ORIENTED_EDGE('',*,*,#2838,.T.);
#1010=ORIENTED_EDGE('',*,*,#2839,.T.);
#1011=ORIENTED_EDGE('',*,*,#2840,.T.);
#1012=ORIENTED_EDGE('',*,*,#2808,.T.);
#1013=ORIENTED_EDGE('',*,*,#2841,.T.);
#1014=ORIENTED_EDGE('',*,*,#2842,.T.);
#1015=ORIENTED_EDGE('',*,*,#2843,.T.);
#1016=ORIENTED_EDGE('',*,*,#2844,.F.);
#1017=ORIENTED_EDGE('',*,*,#2845,.T.);
#1018=ORIENTED_EDGE('',*,*,#2846,.T.);
#1019=ORIENTED_EDGE('',*,*,#2847,.T.);
#1020=ORIENTED_EDGE('',*,*,#2848,.T.);
#1021=ORIENTED_EDGE('',*,*,#2849,.T.);
#1022=ORIENTED_EDGE('',*,*,#2850,.T.);
#1023=ORIENTED_EDGE('',*,*,#2851,.F.);
#1024=ORIENTED_EDGE('',*,*,#2852,.T.);
#1025=ORIENTED_EDGE('',*,*,#2853,.T.);
#1026=ORIENTED_EDGE('',*,*,#2854,.T.);
#1027=ORIENTED_EDGE('',*,*,#2855,.F.);
#1028=ORIENTED_EDGE('',*,*,#2856,.T.);
#1029=ORIENTED_EDGE('',*,*,#2813,.T.);
#1030=ORIENTED_EDGE('',*,*,#2857,.T.);
#1031=ORIENTED_EDGE('',*,*,#2858,.F.);
#1032=ORIENTED_EDGE('',*,*,#2859,.T.);
#1033=ORIENTED_EDGE('',*,*,#2860,.T.);
#1034=ORIENTED_EDGE('',*,*,#2861,.T.);
#1035=ORIENTED_EDGE('',*,*,#2862,.F.);
#1036=ORIENTED_EDGE('',*,*,#2863,.T.);
#1037=ORIENTED_EDGE('',*,*,#2864,.T.);
#1038=ORIENTED_EDGE('',*,*,#2865,.T.);
#1039=ORIENTED_EDGE('',*,*,#2866,.T.);
#1040=ORIENTED_EDGE('',*,*,#2867,.T.);
#1041=ORIENTED_EDGE('',*,*,#2868,.T.);
#1042=ORIENTED_EDGE('',*,*,#2869,.F.);
#1043=ORIENTED_EDGE('',*,*,#2870,.T.);
#1044=ORIENTED_EDGE('',*,*,#2871,.T.);
#1045=ORIENTED_EDGE('',*,*,#2872,.T.);
#1046=ORIENTED_EDGE('',*,*,#2822,.T.);
#1047=ORIENTED_EDGE('',*,*,#2873,.F.);
#1048=ORIENTED_EDGE('',*,*,#2803,.F.);
#1049=ORIENTED_EDGE('',*,*,#2874,.T.);
#1050=ORIENTED_EDGE('',*,*,#2875,.F.);
#1051=ORIENTED_EDGE('',*,*,#2876,.F.);
#1052=ORIENTED_EDGE('',*,*,#2805,.F.);
#1053=ORIENTED_EDGE('',*,*,#2877,.F.);
#1054=ORIENTED_EDGE('',*,*,#2878,.F.);
#1055=ORIENTED_EDGE('',*,*,#2816,.F.);
#1056=ORIENTED_EDGE('',*,*,#2879,.T.);
#1057=ORIENTED_EDGE('',*,*,#2792,.F.);
#1058=ORIENTED_EDGE('',*,*,#2880,.F.);
#1059=ORIENTED_EDGE('',*,*,#2819,.F.);
#1060=ORIENTED_EDGE('',*,*,#2881,.F.);
#1061=ORIENTED_EDGE('',*,*,#2882,.T.);
#1062=ORIENTED_EDGE('',*,*,#2883,.T.);
#1063=ORIENTED_EDGE('',*,*,#2884,.F.);
#1064=ORIENTED_EDGE('',*,*,#2885,.T.);
#1065=ORIENTED_EDGE('',*,*,#2886,.F.);
#1066=ORIENTED_EDGE('',*,*,#2887,.T.);
#1067=ORIENTED_EDGE('',*,*,#2888,.T.);
#1068=ORIENTED_EDGE('',*,*,#2889,.T.);
#1069=ORIENTED_EDGE('',*,*,#2890,.F.);
#1070=ORIENTED_EDGE('',*,*,#2891,.T.);
#1071=ORIENTED_EDGE('',*,*,#2892,.T.);
#1072=ORIENTED_EDGE('',*,*,#2893,.T.);
#1073=ORIENTED_EDGE('',*,*,#2894,.T.);
#1074=ORIENTED_EDGE('',*,*,#2895,.T.);
#1075=ORIENTED_EDGE('',*,*,#2896,.T.);
#1076=ORIENTED_EDGE('',*,*,#2897,.F.);
#1077=ORIENTED_EDGE('',*,*,#2898,.T.);
#1078=ORIENTED_EDGE('',*,*,#2899,.T.);
#1079=ORIENTED_EDGE('',*,*,#2900,.T.);
#1080=ORIENTED_EDGE('',*,*,#2901,.F.);
#1081=ORIENTED_EDGE('',*,*,#2902,.T.);
#1082=ORIENTED_EDGE('',*,*,#2903,.F.);
#1083=ORIENTED_EDGE('',*,*,#2904,.T.);
#1084=ORIENTED_EDGE('',*,*,#2905,.T.);
#1085=ORIENTED_EDGE('',*,*,#2906,.T.);
#1086=ORIENTED_EDGE('',*,*,#2907,.F.);
#1087=ORIENTED_EDGE('',*,*,#2908,.T.);
#1088=ORIENTED_EDGE('',*,*,#2909,.T.);
#1089=ORIENTED_EDGE('',*,*,#2910,.T.);
#1090=ORIENTED_EDGE('',*,*,#2911,.T.);
#1091=ORIENTED_EDGE('',*,*,#2912,.T.);
#1092=ORIENTED_EDGE('',*,*,#2913,.T.);
#1093=ORIENTED_EDGE('',*,*,#2914,.F.);
#1094=ORIENTED_EDGE('',*,*,#2915,.T.);
#1095=ORIENTED_EDGE('',*,*,#2916,.F.);
#1096=ORIENTED_EDGE('',*,*,#2917,.T.);
#1097=ORIENTED_EDGE('',*,*,#2918,.F.);
#1098=ORIENTED_EDGE('',*,*,#2919,.T.);
#1099=ORIENTED_EDGE('',*,*,#2920,.T.);
#1100=ORIENTED_EDGE('',*,*,#2921,.T.);
#1101=ORIENTED_EDGE('',*,*,#2922,.F.);
#1102=ORIENTED_EDGE('',*,*,#2923,.T.);
#1103=ORIENTED_EDGE('',*,*,#2924,.T.);
#1104=ORIENTED_EDGE('',*,*,#2925,.T.);
#1105=ORIENTED_EDGE('',*,*,#2926,.T.);
#1106=ORIENTED_EDGE('',*,*,#2927,.T.);
#1107=ORIENTED_EDGE('',*,*,#2928,.T.);
#1108=ORIENTED_EDGE('',*,*,#2929,.F.);
#1109=ORIENTED_EDGE('',*,*,#2930,.T.);
#1110=ORIENTED_EDGE('',*,*,#2931,.T.);
#1111=ORIENTED_EDGE('',*,*,#2932,.T.);
#1112=ORIENTED_EDGE('',*,*,#2933,.T.);
#1113=ORIENTED_EDGE('',*,*,#2934,.T.);
#1114=ORIENTED_EDGE('',*,*,#2935,.T.);
#1115=ORIENTED_EDGE('',*,*,#2936,.T.);
#1116=ORIENTED_EDGE('',*,*,#2937,.T.);
#1117=ORIENTED_EDGE('',*,*,#2938,.F.);
#1118=ORIENTED_EDGE('',*,*,#2939,.T.);
#1119=ORIENTED_EDGE('',*,*,#2940,.T.);
#1120=ORIENTED_EDGE('',*,*,#2941,.T.);
#1121=ORIENTED_EDGE('',*,*,#2942,.T.);
#1122=ORIENTED_EDGE('',*,*,#2943,.T.);
#1123=ORIENTED_EDGE('',*,*,#2944,.F.);
#1124=ORIENTED_EDGE('',*,*,#2945,.T.);
#1125=ORIENTED_EDGE('',*,*,#2946,.T.);
#1126=ORIENTED_EDGE('',*,*,#2947,.T.);
#1127=ORIENTED_EDGE('',*,*,#2948,.T.);
#1128=ORIENTED_EDGE('',*,*,#2949,.T.);
#1129=ORIENTED_EDGE('',*,*,#2950,.F.);
#1130=ORIENTED_EDGE('',*,*,#2951,.F.);
#1131=ORIENTED_EDGE('',*,*,#2952,.F.);
#1132=ORIENTED_EDGE('',*,*,#2938,.T.);
#1133=ORIENTED_EDGE('',*,*,#2953,.T.);
#1134=ORIENTED_EDGE('',*,*,#2954,.F.);
#1135=ORIENTED_EDGE('',*,*,#2955,.F.);
#1136=ORIENTED_EDGE('',*,*,#2944,.T.);
#1137=ORIENTED_EDGE('',*,*,#2956,.T.);
#1138=ORIENTED_EDGE('',*,*,#2957,.F.);
#1139=ORIENTED_EDGE('',*,*,#2958,.F.);
#1140=ORIENTED_EDGE('',*,*,#2950,.T.);
#1141=ORIENTED_EDGE('',*,*,#2959,.T.);
#1142=ORIENTED_EDGE('',*,*,#2960,.F.);
#1143=ORIENTED_EDGE('',*,*,#2961,.T.);
#1144=ORIENTED_EDGE('',*,*,#2962,.T.);
#1145=ORIENTED_EDGE('',*,*,#2951,.T.);
#1146=ORIENTED_EDGE('',*,*,#2963,.T.);
#1147=ORIENTED_EDGE('',*,*,#2964,.T.);
#1148=ORIENTED_EDGE('',*,*,#2965,.F.);
#1149=ORIENTED_EDGE('',*,*,#2966,.T.);
#1150=ORIENTED_EDGE('',*,*,#2967,.T.);
#1151=ORIENTED_EDGE('',*,*,#2954,.T.);
#1152=ORIENTED_EDGE('',*,*,#2968,.T.);
#1153=ORIENTED_EDGE('',*,*,#2969,.T.);
#1154=ORIENTED_EDGE('',*,*,#2970,.F.);
#1155=ORIENTED_EDGE('',*,*,#2971,.T.);
#1156=ORIENTED_EDGE('',*,*,#2972,.T.);
#1157=ORIENTED_EDGE('',*,*,#2957,.T.);
#1158=ORIENTED_EDGE('',*,*,#2973,.T.);
#1159=ORIENTED_EDGE('',*,*,#2974,.T.);
#1160=ORIENTED_EDGE('',*,*,#2975,.F.);
#1161=ORIENTED_EDGE('',*,*,#2976,.T.);
#1162=ORIENTED_EDGE('',*,*,#2960,.T.);
#1163=ORIENTED_EDGE('',*,*,#2977,.T.);
#1164=ORIENTED_EDGE('',*,*,#2978,.F.);
#1165=ORIENTED_EDGE('',*,*,#2979,.T.);
#1166=ORIENTED_EDGE('',*,*,#2965,.T.);
#1167=ORIENTED_EDGE('',*,*,#2980,.T.);
#1168=ORIENTED_EDGE('',*,*,#2981,.F.);
#1169=ORIENTED_EDGE('',*,*,#2982,.T.);
#1170=ORIENTED_EDGE('',*,*,#2970,.T.);
#1171=ORIENTED_EDGE('',*,*,#2983,.T.);
#1172=ORIENTED_EDGE('',*,*,#2984,.T.);
#1173=ORIENTED_EDGE('',*,*,#2985,.T.);
#1174=ORIENTED_EDGE('',*,*,#2975,.T.);
#1175=ORIENTED_EDGE('',*,*,#2986,.T.);
#1176=ORIENTED_EDGE('',*,*,#2987,.T.);
#1177=ORIENTED_EDGE('',*,*,#2988,.F.);
#1178=ORIENTED_EDGE('',*,*,#2989,.T.);
#1179=ORIENTED_EDGE('',*,*,#2990,.T.);
#1180=ORIENTED_EDGE('',*,*,#2978,.T.);
#1181=ORIENTED_EDGE('',*,*,#2991,.T.);
#1182=ORIENTED_EDGE('',*,*,#2992,.T.);
#1183=ORIENTED_EDGE('',*,*,#2993,.F.);
#1184=ORIENTED_EDGE('',*,*,#2994,.T.);
#1185=ORIENTED_EDGE('',*,*,#2995,.T.);
#1186=ORIENTED_EDGE('',*,*,#2981,.T.);
#1187=ORIENTED_EDGE('',*,*,#2996,.T.);
#1188=ORIENTED_EDGE('',*,*,#2997,.T.);
#1189=ORIENTED_EDGE('',*,*,#2998,.F.);
#1190=ORIENTED_EDGE('',*,*,#2999,.F.);
#1191=ORIENTED_EDGE('',*,*,#3000,.F.);
#1192=ORIENTED_EDGE('',*,*,#2988,.T.);
#1193=ORIENTED_EDGE('',*,*,#3001,.T.);
#1194=ORIENTED_EDGE('',*,*,#3002,.F.);
#1195=ORIENTED_EDGE('',*,*,#3003,.F.);
#1196=ORIENTED_EDGE('',*,*,#2993,.T.);
#1197=ORIENTED_EDGE('',*,*,#3004,.T.);
#1198=ORIENTED_EDGE('',*,*,#3005,.F.);
#1199=ORIENTED_EDGE('',*,*,#3006,.F.);
#1200=ORIENTED_EDGE('',*,*,#2998,.T.);
#1201=ORIENTED_EDGE('',*,*,#3007,.T.);
#1202=ORIENTED_EDGE('',*,*,#3008,.F.);
#1203=ORIENTED_EDGE('',*,*,#3009,.T.);
#1204=ORIENTED_EDGE('',*,*,#3010,.T.);
#1205=ORIENTED_EDGE('',*,*,#2999,.T.);
#1206=ORIENTED_EDGE('',*,*,#3011,.T.);
#1207=ORIENTED_EDGE('',*,*,#3012,.T.);
#1208=ORIENTED_EDGE('',*,*,#3013,.F.);
#1209=ORIENTED_EDGE('',*,*,#3014,.T.);
#1210=ORIENTED_EDGE('',*,*,#3015,.T.);
#1211=ORIENTED_EDGE('',*,*,#3002,.T.);
#1212=ORIENTED_EDGE('',*,*,#3016,.T.);
#1213=ORIENTED_EDGE('',*,*,#3017,.T.);
#1214=ORIENTED_EDGE('',*,*,#3018,.F.);
#1215=ORIENTED_EDGE('',*,*,#3019,.T.);
#1216=ORIENTED_EDGE('',*,*,#3020,.T.);
#1217=ORIENTED_EDGE('',*,*,#3005,.T.);
#1218=ORIENTED_EDGE('',*,*,#3021,.T.);
#1219=ORIENTED_EDGE('',*,*,#3022,.T.);
#1220=ORIENTED_EDGE('',*,*,#3023,.F.);
#1221=ORIENTED_EDGE('',*,*,#3024,.T.);
#1222=ORIENTED_EDGE('',*,*,#3008,.T.);
#1223=ORIENTED_EDGE('',*,*,#3025,.T.);
#1224=ORIENTED_EDGE('',*,*,#3026,.F.);
#1225=ORIENTED_EDGE('',*,*,#3027,.T.);
#1226=ORIENTED_EDGE('',*,*,#3013,.T.);
#1227=ORIENTED_EDGE('',*,*,#3028,.T.);
#1228=ORIENTED_EDGE('',*,*,#3029,.F.);
#1229=ORIENTED_EDGE('',*,*,#3030,.T.);
#1230=ORIENTED_EDGE('',*,*,#3018,.T.);
#1231=ORIENTED_EDGE('',*,*,#3031,.T.);
#1232=ORIENTED_EDGE('',*,*,#3032,.T.);
#1233=ORIENTED_EDGE('',*,*,#3033,.T.);
#1234=ORIENTED_EDGE('',*,*,#3023,.T.);
#1235=ORIENTED_EDGE('',*,*,#3034,.T.);
#1236=ORIENTED_EDGE('',*,*,#3035,.T.);
#1237=ORIENTED_EDGE('',*,*,#3036,.F.);
#1238=ORIENTED_EDGE('',*,*,#3037,.T.);
#1239=ORIENTED_EDGE('',*,*,#3038,.T.);
#1240=ORIENTED_EDGE('',*,*,#3026,.T.);
#1241=ORIENTED_EDGE('',*,*,#3039,.T.);
#1242=ORIENTED_EDGE('',*,*,#3040,.T.);
#1243=ORIENTED_EDGE('',*,*,#3041,.F.);
#1244=ORIENTED_EDGE('',*,*,#3042,.T.);
#1245=ORIENTED_EDGE('',*,*,#3043,.T.);
#1246=ORIENTED_EDGE('',*,*,#3029,.T.);
#1247=ORIENTED_EDGE('',*,*,#3044,.T.);
#1248=ORIENTED_EDGE('',*,*,#3045,.T.);
#1249=ORIENTED_EDGE('',*,*,#3046,.F.);
#1250=ORIENTED_EDGE('',*,*,#3047,.F.);
#1251=ORIENTED_EDGE('',*,*,#3048,.F.);
#1252=ORIENTED_EDGE('',*,*,#3036,.T.);
#1253=ORIENTED_EDGE('',*,*,#3049,.T.);
#1254=ORIENTED_EDGE('',*,*,#3050,.F.);
#1255=ORIENTED_EDGE('',*,*,#3051,.F.);
#1256=ORIENTED_EDGE('',*,*,#3041,.T.);
#1257=ORIENTED_EDGE('',*,*,#3052,.T.);
#1258=ORIENTED_EDGE('',*,*,#3053,.F.);
#1259=ORIENTED_EDGE('',*,*,#3054,.F.);
#1260=ORIENTED_EDGE('',*,*,#3046,.T.);
#1261=ORIENTED_EDGE('',*,*,#3055,.T.);
#1262=ORIENTED_EDGE('',*,*,#3056,.F.);
#1263=ORIENTED_EDGE('',*,*,#3057,.T.);
#1264=ORIENTED_EDGE('',*,*,#3058,.T.);
#1265=ORIENTED_EDGE('',*,*,#3047,.T.);
#1266=ORIENTED_EDGE('',*,*,#3059,.T.);
#1267=ORIENTED_EDGE('',*,*,#3060,.T.);
#1268=ORIENTED_EDGE('',*,*,#3061,.F.);
#1269=ORIENTED_EDGE('',*,*,#3062,.T.);
#1270=ORIENTED_EDGE('',*,*,#3063,.T.);
#1271=ORIENTED_EDGE('',*,*,#3050,.T.);
#1272=ORIENTED_EDGE('',*,*,#3064,.T.);
#1273=ORIENTED_EDGE('',*,*,#3065,.T.);
#1274=ORIENTED_EDGE('',*,*,#3066,.F.);
#1275=ORIENTED_EDGE('',*,*,#3067,.T.);
#1276=ORIENTED_EDGE('',*,*,#3068,.T.);
#1277=ORIENTED_EDGE('',*,*,#3053,.T.);
#1278=ORIENTED_EDGE('',*,*,#3069,.T.);
#1279=ORIENTED_EDGE('',*,*,#3070,.T.);
#1280=ORIENTED_EDGE('',*,*,#3071,.F.);
#1281=ORIENTED_EDGE('',*,*,#3072,.T.);
#1282=ORIENTED_EDGE('',*,*,#3056,.T.);
#1283=ORIENTED_EDGE('',*,*,#3073,.T.);
#1284=ORIENTED_EDGE('',*,*,#3074,.F.);
#1285=ORIENTED_EDGE('',*,*,#3075,.T.);
#1286=ORIENTED_EDGE('',*,*,#3061,.T.);
#1287=ORIENTED_EDGE('',*,*,#3076,.T.);
#1288=ORIENTED_EDGE('',*,*,#3077,.F.);
#1289=ORIENTED_EDGE('',*,*,#3078,.T.);
#1290=ORIENTED_EDGE('',*,*,#3066,.T.);
#1291=ORIENTED_EDGE('',*,*,#3079,.T.);
#1292=ORIENTED_EDGE('',*,*,#3080,.T.);
#1293=ORIENTED_EDGE('',*,*,#3081,.T.);
#1294=ORIENTED_EDGE('',*,*,#3071,.T.);
#1295=ORIENTED_EDGE('',*,*,#3082,.T.);
#1296=ORIENTED_EDGE('',*,*,#3083,.T.);
#1297=ORIENTED_EDGE('',*,*,#3084,.F.);
#1298=ORIENTED_EDGE('',*,*,#3085,.T.);
#1299=ORIENTED_EDGE('',*,*,#3086,.T.);
#1300=ORIENTED_EDGE('',*,*,#3074,.T.);
#1301=ORIENTED_EDGE('',*,*,#3087,.T.);
#1302=ORIENTED_EDGE('',*,*,#3088,.T.);
#1303=ORIENTED_EDGE('',*,*,#3089,.F.);
#1304=ORIENTED_EDGE('',*,*,#3090,.T.);
#1305=ORIENTED_EDGE('',*,*,#3091,.T.);
#1306=ORIENTED_EDGE('',*,*,#3077,.T.);
#1307=ORIENTED_EDGE('',*,*,#3092,.T.);
#1308=ORIENTED_EDGE('',*,*,#3093,.T.);
#1309=ORIENTED_EDGE('',*,*,#3094,.F.);
#1310=ORIENTED_EDGE('',*,*,#3095,.F.);
#1311=ORIENTED_EDGE('',*,*,#3096,.F.);
#1312=ORIENTED_EDGE('',*,*,#3084,.T.);
#1313=ORIENTED_EDGE('',*,*,#3097,.T.);
#1314=ORIENTED_EDGE('',*,*,#3098,.F.);
#1315=ORIENTED_EDGE('',*,*,#3099,.F.);
#1316=ORIENTED_EDGE('',*,*,#3089,.T.);
#1317=ORIENTED_EDGE('',*,*,#3100,.T.);
#1318=ORIENTED_EDGE('',*,*,#3101,.F.);
#1319=ORIENTED_EDGE('',*,*,#3102,.F.);
#1320=ORIENTED_EDGE('',*,*,#3094,.T.);
#1321=ORIENTED_EDGE('',*,*,#3103,.T.);
#1322=ORIENTED_EDGE('',*,*,#3104,.T.);
#1323=ORIENTED_EDGE('',*,*,#3105,.T.);
#1324=ORIENTED_EDGE('',*,*,#3095,.T.);
#1325=ORIENTED_EDGE('',*,*,#3106,.T.);
#1326=ORIENTED_EDGE('',*,*,#3107,.T.);
#1327=ORIENTED_EDGE('',*,*,#3108,.F.);
#1328=ORIENTED_EDGE('',*,*,#3109,.T.);
#1329=ORIENTED_EDGE('',*,*,#3110,.T.);
#1330=ORIENTED_EDGE('',*,*,#3111,.F.);
#1331=ORIENTED_EDGE('',*,*,#3112,.T.);
#1332=ORIENTED_EDGE('',*,*,#3113,.T.);
#1333=ORIENTED_EDGE('',*,*,#3098,.T.);
#1334=ORIENTED_EDGE('',*,*,#3114,.T.);
#1335=ORIENTED_EDGE('',*,*,#3115,.T.);
#1336=ORIENTED_EDGE('',*,*,#3101,.T.);
#1337=ORIENTED_EDGE('',*,*,#3116,.T.);
#1338=ORIENTED_EDGE('',*,*,#3117,.T.);
#1339=ORIENTED_EDGE('',*,*,#3118,.F.);
#1340=ORIENTED_EDGE('',*,*,#2789,.F.);
#1341=ORIENTED_EDGE('',*,*,#3119,.T.);
#1342=ORIENTED_EDGE('',*,*,#3108,.T.);
#1343=ORIENTED_EDGE('',*,*,#3120,.T.);
#1344=ORIENTED_EDGE('',*,*,#2795,.F.);
#1345=ORIENTED_EDGE('',*,*,#3121,.T.);
#1346=ORIENTED_EDGE('',*,*,#3111,.T.);
#1347=ORIENTED_EDGE('',*,*,#3122,.T.);
#1348=ORIENTED_EDGE('',*,*,#3123,.F.);
#1349=ORIENTED_EDGE('',*,*,#3124,.T.);
#1350=ORIENTED_EDGE('',*,*,#3118,.T.);
#1351=ORIENTED_EDGE('',*,*,#3125,.T.);
#1352=ORIENTED_EDGE('',*,*,#3126,.F.);
#1353=ORIENTED_EDGE('',*,*,#3127,.T.);
#1354=ORIENTED_EDGE('',*,*,#2918,.T.);
#1355=ORIENTED_EDGE('',*,*,#3128,.T.);
#1356=ORIENTED_EDGE('',*,*,#3129,.F.);
#1357=ORIENTED_EDGE('',*,*,#3130,.T.);
#1358=ORIENTED_EDGE('',*,*,#2884,.T.);
#1359=ORIENTED_EDGE('',*,*,#3131,.T.);
#1360=ORIENTED_EDGE('',*,*,#3132,.F.);
#1361=ORIENTED_EDGE('',*,*,#3133,.T.);
#1362=ORIENTED_EDGE('',*,*,#3134,.T.);
#1363=ORIENTED_EDGE('',*,*,#3135,.T.);
#1364=ORIENTED_EDGE('',*,*,#2935,.F.);
#1365=ORIENTED_EDGE('',*,*,#3136,.T.);
#1366=ORIENTED_EDGE('',*,*,#3126,.T.);
#1367=ORIENTED_EDGE('',*,*,#3137,.T.);
#1368=ORIENTED_EDGE('',*,*,#2941,.F.);
#1369=ORIENTED_EDGE('',*,*,#3138,.T.);
#1370=ORIENTED_EDGE('',*,*,#3129,.T.);
#1371=ORIENTED_EDGE('',*,*,#3139,.T.);
#1372=ORIENTED_EDGE('',*,*,#2947,.F.);
#1373=ORIENTED_EDGE('',*,*,#3140,.T.);
#1374=ORIENTED_EDGE('',*,*,#3132,.T.);
#1375=ORIENTED_EDGE('',*,*,#3141,.T.);
#1376=ORIENTED_EDGE('',*,*,#3142,.T.);
#1377=ORIENTED_EDGE('',*,*,#3143,.T.);
#1378=ORIENTED_EDGE('',*,*,#3144,.T.);
#1379=ORIENTED_EDGE('',*,*,#3145,.T.);
#1380=ORIENTED_EDGE('',*,*,#3146,.T.);
#1381=ORIENTED_EDGE('',*,*,#3147,.F.);
#1382=ORIENTED_EDGE('',*,*,#3148,.F.);
#1383=ORIENTED_EDGE('',*,*,#3149,.F.);
#1384=ORIENTED_EDGE('',*,*,#3147,.T.);
#1385=ORIENTED_EDGE('',*,*,#3150,.T.);
#1386=ORIENTED_EDGE('',*,*,#3151,.F.);
#1387=ORIENTED_EDGE('',*,*,#3152,.T.);
#1388=ORIENTED_EDGE('',*,*,#3153,.T.);
#1389=ORIENTED_EDGE('',*,*,#3148,.T.);
#1390=ORIENTED_EDGE('',*,*,#3154,.T.);
#1391=ORIENTED_EDGE('',*,*,#3155,.T.);
#1392=ORIENTED_EDGE('',*,*,#3156,.F.);
#1393=ORIENTED_EDGE('',*,*,#3157,.T.);
#1394=ORIENTED_EDGE('',*,*,#3151,.T.);
#1395=ORIENTED_EDGE('',*,*,#3158,.T.);
#1396=ORIENTED_EDGE('',*,*,#3159,.T.);
#1397=ORIENTED_EDGE('',*,*,#3160,.T.);
#1398=ORIENTED_EDGE('',*,*,#3156,.T.);
#1399=ORIENTED_EDGE('',*,*,#3161,.T.);
#1400=ORIENTED_EDGE('',*,*,#3162,.T.);
#1401=ORIENTED_EDGE('',*,*,#3163,.F.);
#1402=ORIENTED_EDGE('',*,*,#3164,.F.);
#1403=ORIENTED_EDGE('',*,*,#3165,.F.);
#1404=ORIENTED_EDGE('',*,*,#3163,.T.);
#1405=ORIENTED_EDGE('',*,*,#3166,.T.);
#1406=ORIENTED_EDGE('',*,*,#3167,.F.);
#1407=ORIENTED_EDGE('',*,*,#3168,.T.);
#1408=ORIENTED_EDGE('',*,*,#3169,.T.);
#1409=ORIENTED_EDGE('',*,*,#3164,.T.);
#1410=ORIENTED_EDGE('',*,*,#3170,.T.);
#1411=ORIENTED_EDGE('',*,*,#3171,.T.);
#1412=ORIENTED_EDGE('',*,*,#3172,.F.);
#1413=ORIENTED_EDGE('',*,*,#3173,.T.);
#1414=ORIENTED_EDGE('',*,*,#3167,.T.);
#1415=ORIENTED_EDGE('',*,*,#3174,.T.);
#1416=ORIENTED_EDGE('',*,*,#3175,.T.);
#1417=ORIENTED_EDGE('',*,*,#3176,.T.);
#1418=ORIENTED_EDGE('',*,*,#3172,.T.);
#1419=ORIENTED_EDGE('',*,*,#3177,.T.);
#1420=ORIENTED_EDGE('',*,*,#3178,.T.);
#1421=ORIENTED_EDGE('',*,*,#3179,.F.);
#1422=ORIENTED_EDGE('',*,*,#3180,.F.);
#1423=ORIENTED_EDGE('',*,*,#3181,.F.);
#1424=ORIENTED_EDGE('',*,*,#3179,.T.);
#1425=ORIENTED_EDGE('',*,*,#3182,.T.);
#1426=ORIENTED_EDGE('',*,*,#3183,.F.);
#1427=ORIENTED_EDGE('',*,*,#3184,.T.);
#1428=ORIENTED_EDGE('',*,*,#3185,.T.);
#1429=ORIENTED_EDGE('',*,*,#3180,.T.);
#1430=ORIENTED_EDGE('',*,*,#3186,.T.);
#1431=ORIENTED_EDGE('',*,*,#3187,.T.);
#1432=ORIENTED_EDGE('',*,*,#3188,.F.);
#1433=ORIENTED_EDGE('',*,*,#3189,.T.);
#1434=ORIENTED_EDGE('',*,*,#3183,.T.);
#1435=ORIENTED_EDGE('',*,*,#3190,.T.);
#1436=ORIENTED_EDGE('',*,*,#3191,.T.);
#1437=ORIENTED_EDGE('',*,*,#3192,.T.);
#1438=ORIENTED_EDGE('',*,*,#3188,.T.);
#1439=ORIENTED_EDGE('',*,*,#3193,.T.);
#1440=ORIENTED_EDGE('',*,*,#3194,.T.);
#1441=ORIENTED_EDGE('',*,*,#3195,.F.);
#1442=ORIENTED_EDGE('',*,*,#3196,.F.);
#1443=ORIENTED_EDGE('',*,*,#3197,.F.);
#1444=ORIENTED_EDGE('',*,*,#3195,.T.);
#1445=ORIENTED_EDGE('',*,*,#3198,.T.);
#1446=ORIENTED_EDGE('',*,*,#3199,.T.);
#1447=ORIENTED_EDGE('',*,*,#3200,.T.);
#1448=ORIENTED_EDGE('',*,*,#3201,.F.);
#1449=ORIENTED_EDGE('',*,*,#3202,.T.);
#1450=ORIENTED_EDGE('',*,*,#3203,.T.);
#1451=ORIENTED_EDGE('',*,*,#3196,.T.);
#1452=ORIENTED_EDGE('',*,*,#3201,.T.);
#1453=ORIENTED_EDGE('',*,*,#3204,.T.);
#1454=ORIENTED_EDGE('',*,*,#3205,.F.);
#1455=ORIENTED_EDGE('',*,*,#3206,.T.);
#1456=ORIENTED_EDGE('',*,*,#3207,.T.);
#1457=ORIENTED_EDGE('',*,*,#2776,.F.);
#1458=ORIENTED_EDGE('',*,*,#3208,.T.);
#1459=ORIENTED_EDGE('',*,*,#3209,.T.);
#1460=ORIENTED_EDGE('',*,*,#3123,.T.);
#1461=ORIENTED_EDGE('',*,*,#3210,.T.);
#1462=ORIENTED_EDGE('',*,*,#3211,.F.);
#1463=ORIENTED_EDGE('',*,*,#2875,.T.);
#1464=ORIENTED_EDGE('',*,*,#3212,.F.);
#1465=ORIENTED_EDGE('',*,*,#3213,.T.);
#1466=ORIENTED_EDGE('',*,*,#3205,.T.);
#1467=ORIENTED_EDGE('',*,*,#3214,.T.);
#1468=ORIENTED_EDGE('',*,*,#3215,.F.);
#1469=ORIENTED_EDGE('',*,*,#3216,.T.);
#1470=ORIENTED_EDGE('',*,*,#2800,.T.);
#1471=ORIENTED_EDGE('',*,*,#3217,.T.);
#1472=ORIENTED_EDGE('',*,*,#3218,.T.);
#1473=ORIENTED_EDGE('',*,*,#3219,.T.);
#1474=ORIENTED_EDGE('',*,*,#3220,.F.);
#1475=ORIENTED_EDGE('',*,*,#3221,.T.);
#1476=ORIENTED_EDGE('',*,*,#3222,.T.);
#1477=ORIENTED_EDGE('',*,*,#3223,.T.);
#1478=ORIENTED_EDGE('',*,*,#3224,.T.);
#1479=ORIENTED_EDGE('',*,*,#3225,.T.);
#1480=ORIENTED_EDGE('',*,*,#3226,.T.);
#1481=ORIENTED_EDGE('',*,*,#3227,.F.);
#1482=ORIENTED_EDGE('',*,*,#3228,.T.);
#1483=ORIENTED_EDGE('',*,*,#3229,.T.);
#1484=ORIENTED_EDGE('',*,*,#3230,.T.);
#1485=ORIENTED_EDGE('',*,*,#3231,.F.);
#1486=ORIENTED_EDGE('',*,*,#3232,.T.);
#1487=ORIENTED_EDGE('',*,*,#3134,.F.);
#1488=ORIENTED_EDGE('',*,*,#3233,.T.);
#1489=ORIENTED_EDGE('',*,*,#3234,.T.);
#1490=ORIENTED_EDGE('',*,*,#3235,.T.);
#1491=ORIENTED_EDGE('',*,*,#3236,.F.);
#1492=ORIENTED_EDGE('',*,*,#3237,.T.);
#1493=ORIENTED_EDGE('',*,*,#3238,.T.);
#1494=ORIENTED_EDGE('',*,*,#3239,.T.);
#1495=ORIENTED_EDGE('',*,*,#3240,.T.);
#1496=ORIENTED_EDGE('',*,*,#3241,.T.);
#1497=ORIENTED_EDGE('',*,*,#3242,.T.);
#1498=ORIENTED_EDGE('',*,*,#3243,.F.);
#1499=ORIENTED_EDGE('',*,*,#3244,.T.);
#1500=ORIENTED_EDGE('',*,*,#3245,.T.);
#1501=ORIENTED_EDGE('',*,*,#3246,.T.);
#1502=ORIENTED_EDGE('',*,*,#3247,.F.);
#1503=ORIENTED_EDGE('',*,*,#3248,.T.);
#1504=ORIENTED_EDGE('',*,*,#2901,.T.);
#1505=ORIENTED_EDGE('',*,*,#3249,.T.);
#1506=ORIENTED_EDGE('',*,*,#3144,.F.);
#1507=ORIENTED_EDGE('',*,*,#3250,.T.);
#1508=ORIENTED_EDGE('',*,*,#3247,.T.);
#1509=ORIENTED_EDGE('',*,*,#3251,.T.);
#1510=ORIENTED_EDGE('',*,*,#3252,.F.);
#1511=ORIENTED_EDGE('',*,*,#3253,.T.);
#1512=ORIENTED_EDGE('',*,*,#3254,.T.);
#1513=ORIENTED_EDGE('',*,*,#3255,.F.);
#1514=ORIENTED_EDGE('',*,*,#3256,.F.);
#1515=ORIENTED_EDGE('',*,*,#3257,.T.);
#1516=ORIENTED_EDGE('',*,*,#3258,.T.);
#1517=ORIENTED_EDGE('',*,*,#3259,.F.);
#1518=ORIENTED_EDGE('',*,*,#3260,.F.);
#1519=ORIENTED_EDGE('',*,*,#3261,.T.);
#1520=ORIENTED_EDGE('',*,*,#3256,.T.);
#1521=ORIENTED_EDGE('',*,*,#3262,.T.);
#1522=ORIENTED_EDGE('',*,*,#3263,.T.);
#1523=ORIENTED_EDGE('',*,*,#3199,.F.);
#1524=ORIENTED_EDGE('',*,*,#3198,.F.);
#1525=ORIENTED_EDGE('',*,*,#3194,.F.);
#1526=ORIENTED_EDGE('',*,*,#3264,.T.);
#1527=ORIENTED_EDGE('',*,*,#3186,.F.);
#1528=ORIENTED_EDGE('',*,*,#3182,.F.);
#1529=ORIENTED_EDGE('',*,*,#3178,.F.);
#1530=ORIENTED_EDGE('',*,*,#3265,.T.);
#1531=ORIENTED_EDGE('',*,*,#3170,.F.);
#1532=ORIENTED_EDGE('',*,*,#3166,.F.);
#1533=ORIENTED_EDGE('',*,*,#3162,.F.);
#1534=ORIENTED_EDGE('',*,*,#3266,.T.);
#1535=ORIENTED_EDGE('',*,*,#3154,.F.);
#1536=ORIENTED_EDGE('',*,*,#3150,.F.);
#1537=ORIENTED_EDGE('',*,*,#3146,.F.);
#1538=ORIENTED_EDGE('',*,*,#3258,.F.);
#1539=ORIENTED_EDGE('',*,*,#3267,.T.);
#1540=ORIENTED_EDGE('',*,*,#3268,.T.);
#1541=ORIENTED_EDGE('',*,*,#3269,.T.);
#1542=ORIENTED_EDGE('',*,*,#3270,.T.);
#1543=ORIENTED_EDGE('',*,*,#3217,.F.);
#1544=ORIENTED_EDGE('',*,*,#2799,.F.);
#1545=ORIENTED_EDGE('',*,*,#3271,.T.);
#1546=ORIENTED_EDGE('',*,*,#3214,.F.);
#1547=ORIENTED_EDGE('',*,*,#3204,.F.);
#1548=ORIENTED_EDGE('',*,*,#3200,.F.);
#1549=ORIENTED_EDGE('',*,*,#3263,.F.);
#1550=ORIENTED_EDGE('',*,*,#3193,.F.);
#1551=ORIENTED_EDGE('',*,*,#3190,.F.);
#1552=ORIENTED_EDGE('',*,*,#3187,.F.);
#1553=ORIENTED_EDGE('',*,*,#3264,.F.);
#1554=ORIENTED_EDGE('',*,*,#3177,.F.);
#1555=ORIENTED_EDGE('',*,*,#3174,.F.);
#1556=ORIENTED_EDGE('',*,*,#3171,.F.);
#1557=ORIENTED_EDGE('',*,*,#3265,.F.);
#1558=ORIENTED_EDGE('',*,*,#3161,.F.);
#1559=ORIENTED_EDGE('',*,*,#3158,.F.);
#1560=ORIENTED_EDGE('',*,*,#3155,.F.);
#1561=ORIENTED_EDGE('',*,*,#3266,.F.);
#1562=ORIENTED_EDGE('',*,*,#3145,.F.);
#1563=ORIENTED_EDGE('',*,*,#3251,.F.);
#1564=ORIENTED_EDGE('',*,*,#3249,.F.);
#1565=ORIENTED_EDGE('',*,*,#2900,.F.);
#1566=ORIENTED_EDGE('',*,*,#3272,.F.);
#1567=ORIENTED_EDGE('',*,*,#3260,.T.);
#1568=ORIENTED_EDGE('',*,*,#3273,.T.);
#1569=ORIENTED_EDGE('',*,*,#3268,.F.);
#1570=ORIENTED_EDGE('',*,*,#3271,.F.);
#1571=ORIENTED_EDGE('',*,*,#2798,.F.);
#1572=ORIENTED_EDGE('',*,*,#2777,.T.);
#1573=ORIENTED_EDGE('',*,*,#3207,.F.);
#1574=ORIENTED_EDGE('',*,*,#3253,.F.);
#1575=ORIENTED_EDGE('',*,*,#3274,.T.);
#1576=ORIENTED_EDGE('',*,*,#3275,.T.);
#1577=ORIENTED_EDGE('',*,*,#3276,.T.);
#1578=ORIENTED_EDGE('',*,*,#3096,.T.);
#1579=ORIENTED_EDGE('',*,*,#3105,.F.);
#1580=ORIENTED_EDGE('',*,*,#3277,.F.);
#1581=ORIENTED_EDGE('',*,*,#3080,.F.);
#1582=ORIENTED_EDGE('',*,*,#3048,.T.);
#1583=ORIENTED_EDGE('',*,*,#3058,.F.);
#1584=ORIENTED_EDGE('',*,*,#3278,.F.);
#1585=ORIENTED_EDGE('',*,*,#3032,.F.);
#1586=ORIENTED_EDGE('',*,*,#3000,.T.);
#1587=ORIENTED_EDGE('',*,*,#3010,.F.);
#1588=ORIENTED_EDGE('',*,*,#3279,.F.);
#1589=ORIENTED_EDGE('',*,*,#2984,.F.);
#1590=ORIENTED_EDGE('',*,*,#2952,.T.);
#1591=ORIENTED_EDGE('',*,*,#2962,.F.);
#1592=ORIENTED_EDGE('',*,*,#3280,.F.);
#1593=ORIENTED_EDGE('',*,*,#2933,.F.);
#1594=ORIENTED_EDGE('',*,*,#3281,.F.);
#1595=ORIENTED_EDGE('',*,*,#3282,.T.);
#1596=ORIENTED_EDGE('',*,*,#3255,.T.);
#1597=ORIENTED_EDGE('',*,*,#3283,.T.);
#1598=ORIENTED_EDGE('',*,*,#2872,.F.);
#1599=ORIENTED_EDGE('',*,*,#3284,.F.);
#1600=ORIENTED_EDGE('',*,*,#2919,.F.);
#1601=ORIENTED_EDGE('',*,*,#3127,.F.);
#1602=ORIENTED_EDGE('',*,*,#3136,.F.);
#1603=ORIENTED_EDGE('',*,*,#2934,.F.);
#1604=ORIENTED_EDGE('',*,*,#3280,.T.);
#1605=ORIENTED_EDGE('',*,*,#2961,.F.);
#1606=ORIENTED_EDGE('',*,*,#2976,.F.);
#1607=ORIENTED_EDGE('',*,*,#2985,.F.);
#1608=ORIENTED_EDGE('',*,*,#3279,.T.);
#1609=ORIENTED_EDGE('',*,*,#3009,.F.);
#1610=ORIENTED_EDGE('',*,*,#3024,.F.);
#1611=ORIENTED_EDGE('',*,*,#3033,.F.);
#1612=ORIENTED_EDGE('',*,*,#3278,.T.);
#1613=ORIENTED_EDGE('',*,*,#3057,.F.);
#1614=ORIENTED_EDGE('',*,*,#3072,.F.);
#1615=ORIENTED_EDGE('',*,*,#3081,.F.);
#1616=ORIENTED_EDGE('',*,*,#3277,.T.);
#1617=ORIENTED_EDGE('',*,*,#3104,.F.);
#1618=ORIENTED_EDGE('',*,*,#3119,.F.);
#1619=ORIENTED_EDGE('',*,*,#2788,.F.);
#1620=ORIENTED_EDGE('',*,*,#3285,.F.);
#1621=ORIENTED_EDGE('',*,*,#2823,.F.);
#1622=ORIENTED_EDGE('',*,*,#3275,.F.);
#1623=ORIENTED_EDGE('',*,*,#3286,.T.);
#1624=ORIENTED_EDGE('',*,*,#3281,.T.);
#1625=ORIENTED_EDGE('',*,*,#3287,.F.);
#1626=ORIENTED_EDGE('',*,*,#2782,.F.);
#1627=ORIENTED_EDGE('',*,*,#2824,.F.);
#1628=ORIENTED_EDGE('',*,*,#3285,.T.);
#1629=ORIENTED_EDGE('',*,*,#2787,.F.);
#1630=ORIENTED_EDGE('',*,*,#3216,.F.);
#1631=ORIENTED_EDGE('',*,*,#3288,.F.);
#1632=ORIENTED_EDGE('',*,*,#2902,.F.);
#1633=ORIENTED_EDGE('',*,*,#3248,.F.);
#1634=ORIENTED_EDGE('',*,*,#3250,.F.);
#1635=ORIENTED_EDGE('',*,*,#3143,.F.);
#1636=ORIENTED_EDGE('',*,*,#3289,.T.);
#1637=ORIENTED_EDGE('',*,*,#3152,.F.);
#1638=ORIENTED_EDGE('',*,*,#3157,.F.);
#1639=ORIENTED_EDGE('',*,*,#3160,.F.);
#1640=ORIENTED_EDGE('',*,*,#3290,.T.);
#1641=ORIENTED_EDGE('',*,*,#3168,.F.);
#1642=ORIENTED_EDGE('',*,*,#3173,.F.);
#1643=ORIENTED_EDGE('',*,*,#3176,.F.);
#1644=ORIENTED_EDGE('',*,*,#3291,.T.);
#1645=ORIENTED_EDGE('',*,*,#3184,.F.);
#1646=ORIENTED_EDGE('',*,*,#3189,.F.);
#1647=ORIENTED_EDGE('',*,*,#3192,.F.);
#1648=ORIENTED_EDGE('',*,*,#3292,.T.);
#1649=ORIENTED_EDGE('',*,*,#3202,.F.);
#1650=ORIENTED_EDGE('',*,*,#3206,.F.);
#1651=ORIENTED_EDGE('',*,*,#3213,.F.);
#1652=ORIENTED_EDGE('',*,*,#3293,.F.);
#1653=ORIENTED_EDGE('',*,*,#2801,.F.);
#1654=ORIENTED_EDGE('',*,*,#3294,.T.);
#1655=ORIENTED_EDGE('',*,*,#2825,.F.);
#1656=ORIENTED_EDGE('',*,*,#2807,.F.);
#1657=ORIENTED_EDGE('',*,*,#3295,.T.);
#1658=ORIENTED_EDGE('',*,*,#3210,.F.);
#1659=ORIENTED_EDGE('',*,*,#3125,.F.);
#1660=ORIENTED_EDGE('',*,*,#3117,.F.);
#1661=ORIENTED_EDGE('',*,*,#3296,.F.);
#1662=ORIENTED_EDGE('',*,*,#3092,.F.);
#1663=ORIENTED_EDGE('',*,*,#3079,.F.);
#1664=ORIENTED_EDGE('',*,*,#3070,.F.);
#1665=ORIENTED_EDGE('',*,*,#3297,.F.);
#1666=ORIENTED_EDGE('',*,*,#3044,.F.);
#1667=ORIENTED_EDGE('',*,*,#3031,.F.);
#1668=ORIENTED_EDGE('',*,*,#3022,.F.);
#1669=ORIENTED_EDGE('',*,*,#3298,.F.);
#1670=ORIENTED_EDGE('',*,*,#2996,.F.);
#1671=ORIENTED_EDGE('',*,*,#2983,.F.);
#1672=ORIENTED_EDGE('',*,*,#2974,.F.);
#1673=ORIENTED_EDGE('',*,*,#3299,.F.);
#1674=ORIENTED_EDGE('',*,*,#2948,.F.);
#1675=ORIENTED_EDGE('',*,*,#3141,.F.);
#1676=ORIENTED_EDGE('',*,*,#3135,.F.);
#1677=ORIENTED_EDGE('',*,*,#3232,.F.);
#1678=ORIENTED_EDGE('',*,*,#3212,.T.);
#1679=ORIENTED_EDGE('',*,*,#2874,.F.);
#1680=ORIENTED_EDGE('',*,*,#2802,.T.);
#1681=ORIENTED_EDGE('',*,*,#3293,.T.);
#1682=ORIENTED_EDGE('',*,*,#3211,.T.);
#1683=ORIENTED_EDGE('',*,*,#3295,.F.);
#1684=ORIENTED_EDGE('',*,*,#2806,.T.);
#1685=ORIENTED_EDGE('',*,*,#2876,.T.);
#1686=ORIENTED_EDGE('',*,*,#3197,.T.);
#1687=ORIENTED_EDGE('',*,*,#3203,.F.);
#1688=ORIENTED_EDGE('',*,*,#3292,.F.);
#1689=ORIENTED_EDGE('',*,*,#3191,.F.);
#1690=ORIENTED_EDGE('',*,*,#3296,.T.);
#1691=ORIENTED_EDGE('',*,*,#3116,.F.);
#1692=ORIENTED_EDGE('',*,*,#3103,.F.);
#1693=ORIENTED_EDGE('',*,*,#3093,.F.);
#1694=ORIENTED_EDGE('',*,*,#3181,.T.);
#1695=ORIENTED_EDGE('',*,*,#3185,.F.);
#1696=ORIENTED_EDGE('',*,*,#3291,.F.);
#1697=ORIENTED_EDGE('',*,*,#3175,.F.);
#1698=ORIENTED_EDGE('',*,*,#3297,.T.);
#1699=ORIENTED_EDGE('',*,*,#3069,.F.);
#1700=ORIENTED_EDGE('',*,*,#3055,.F.);
#1701=ORIENTED_EDGE('',*,*,#3045,.F.);
#1702=ORIENTED_EDGE('',*,*,#3165,.T.);
#1703=ORIENTED_EDGE('',*,*,#3169,.F.);
#1704=ORIENTED_EDGE('',*,*,#3290,.F.);
#1705=ORIENTED_EDGE('',*,*,#3159,.F.);
#1706=ORIENTED_EDGE('',*,*,#3298,.T.);
#1707=ORIENTED_EDGE('',*,*,#3021,.F.);
#1708=ORIENTED_EDGE('',*,*,#3007,.F.);
#1709=ORIENTED_EDGE('',*,*,#2997,.F.);
#1710=ORIENTED_EDGE('',*,*,#3149,.T.);
#1711=ORIENTED_EDGE('',*,*,#3153,.F.);
#1712=ORIENTED_EDGE('',*,*,#3289,.F.);
#1713=ORIENTED_EDGE('',*,*,#3142,.F.);
#1714=ORIENTED_EDGE('',*,*,#3299,.T.);
#1715=ORIENTED_EDGE('',*,*,#2973,.F.);
#1716=ORIENTED_EDGE('',*,*,#2959,.F.);
#1717=ORIENTED_EDGE('',*,*,#2949,.F.);
#1718=ORIENTED_EDGE('',*,*,#2840,.F.);
#1719=ORIENTED_EDGE('',*,*,#3300,.F.);
#1720=ORIENTED_EDGE('',*,*,#3233,.F.);
#1721=ORIENTED_EDGE('',*,*,#3133,.F.);
#1722=ORIENTED_EDGE('',*,*,#3140,.F.);
#1723=ORIENTED_EDGE('',*,*,#2946,.F.);
#1724=ORIENTED_EDGE('',*,*,#3301,.T.);
#1725=ORIENTED_EDGE('',*,*,#2971,.F.);
#1726=ORIENTED_EDGE('',*,*,#2982,.F.);
#1727=ORIENTED_EDGE('',*,*,#2995,.F.);
#1728=ORIENTED_EDGE('',*,*,#3302,.T.);
#1729=ORIENTED_EDGE('',*,*,#3019,.F.);
#1730=ORIENTED_EDGE('',*,*,#3030,.F.);
#1731=ORIENTED_EDGE('',*,*,#3043,.F.);
#1732=ORIENTED_EDGE('',*,*,#3303,.T.);
#1733=ORIENTED_EDGE('',*,*,#3067,.F.);
#1734=ORIENTED_EDGE('',*,*,#3078,.F.);
#1735=ORIENTED_EDGE('',*,*,#3091,.F.);
#1736=ORIENTED_EDGE('',*,*,#3304,.T.);
#1737=ORIENTED_EDGE('',*,*,#3114,.F.);
#1738=ORIENTED_EDGE('',*,*,#3124,.F.);
#1739=ORIENTED_EDGE('',*,*,#3209,.F.);
#1740=ORIENTED_EDGE('',*,*,#3305,.F.);
#1741=ORIENTED_EDGE('',*,*,#3306,.F.);
#1742=ORIENTED_EDGE('',*,*,#3307,.F.);
#1743=ORIENTED_EDGE('',*,*,#3308,.T.);
#1744=ORIENTED_EDGE('',*,*,#3309,.F.);
#1745=ORIENTED_EDGE('',*,*,#2809,.F.);
#1746=ORIENTED_EDGE('',*,*,#3310,.F.);
#1747=ORIENTED_EDGE('',*,*,#3311,.T.);
#1748=ORIENTED_EDGE('',*,*,#3312,.T.);
#1749=ORIENTED_EDGE('',*,*,#3313,.F.);
#1750=ORIENTED_EDGE('',*,*,#3314,.F.);
#1751=ORIENTED_EDGE('',*,*,#3315,.T.);
#1752=ORIENTED_EDGE('',*,*,#3316,.T.);
#1753=ORIENTED_EDGE('',*,*,#3317,.T.);
#1754=ORIENTED_EDGE('',*,*,#2796,.F.);
#1755=ORIENTED_EDGE('',*,*,#3122,.F.);
#1756=ORIENTED_EDGE('',*,*,#3110,.F.);
#1757=ORIENTED_EDGE('',*,*,#3318,.F.);
#1758=ORIENTED_EDGE('',*,*,#3087,.F.);
#1759=ORIENTED_EDGE('',*,*,#3076,.F.);
#1760=ORIENTED_EDGE('',*,*,#3065,.F.);
#1761=ORIENTED_EDGE('',*,*,#3319,.F.);
#1762=ORIENTED_EDGE('',*,*,#3039,.F.);
#1763=ORIENTED_EDGE('',*,*,#3028,.F.);
#1764=ORIENTED_EDGE('',*,*,#3017,.F.);
#1765=ORIENTED_EDGE('',*,*,#3320,.F.);
#1766=ORIENTED_EDGE('',*,*,#2991,.F.);
#1767=ORIENTED_EDGE('',*,*,#2980,.F.);
#1768=ORIENTED_EDGE('',*,*,#2969,.F.);
#1769=ORIENTED_EDGE('',*,*,#3321,.F.);
#1770=ORIENTED_EDGE('',*,*,#2942,.F.);
#1771=ORIENTED_EDGE('',*,*,#3139,.F.);
#1772=ORIENTED_EDGE('',*,*,#3131,.F.);
#1773=ORIENTED_EDGE('',*,*,#2883,.F.);
#1774=ORIENTED_EDGE('',*,*,#3322,.T.);
#1775=ORIENTED_EDGE('',*,*,#2841,.F.);
#1776=ORIENTED_EDGE('',*,*,#2812,.F.);
#1777=ORIENTED_EDGE('',*,*,#3323,.T.);
#1778=ORIENTED_EDGE('',*,*,#3324,.F.);
#1779=ORIENTED_EDGE('',*,*,#3325,.T.);
#1780=ORIENTED_EDGE('',*,*,#3326,.T.);
#1781=ORIENTED_EDGE('',*,*,#3327,.F.);
#1782=ORIENTED_EDGE('',*,*,#3315,.F.);
#1783=ORIENTED_EDGE('',*,*,#3328,.T.);
#1784=ORIENTED_EDGE('',*,*,#3307,.T.);
#1785=ORIENTED_EDGE('',*,*,#3329,.T.);
#1786=ORIENTED_EDGE('',*,*,#3102,.T.);
#1787=ORIENTED_EDGE('',*,*,#3115,.F.);
#1788=ORIENTED_EDGE('',*,*,#3304,.F.);
#1789=ORIENTED_EDGE('',*,*,#3090,.F.);
#1790=ORIENTED_EDGE('',*,*,#3330,.F.);
#1791=ORIENTED_EDGE('',*,*,#3331,.T.);
#1792=ORIENTED_EDGE('',*,*,#3310,.T.);
#1793=ORIENTED_EDGE('',*,*,#3332,.T.);
#1794=ORIENTED_EDGE('',*,*,#3333,.F.);
#1795=ORIENTED_EDGE('',*,*,#3334,.F.);
#1796=ORIENTED_EDGE('',*,*,#3330,.T.);
#1797=ORIENTED_EDGE('',*,*,#3335,.T.);
#1798=ORIENTED_EDGE('',*,*,#3312,.F.);
#1799=ORIENTED_EDGE('',*,*,#3336,.T.);
#1800=ORIENTED_EDGE('',*,*,#3333,.T.);
#1801=ORIENTED_EDGE('',*,*,#3337,.T.);
#1802=ORIENTED_EDGE('',*,*,#3338,.F.);
#1803=ORIENTED_EDGE('',*,*,#3339,.T.);
#1804=ORIENTED_EDGE('',*,*,#3327,.T.);
#1805=ORIENTED_EDGE('',*,*,#3340,.T.);
#1806=ORIENTED_EDGE('',*,*,#3341,.F.);
#1807=ORIENTED_EDGE('',*,*,#3342,.T.);
#1808=ORIENTED_EDGE('',*,*,#3338,.T.);
#1809=ORIENTED_EDGE('',*,*,#3343,.F.);
#1810=ORIENTED_EDGE('',*,*,#3325,.F.);
#1811=ORIENTED_EDGE('',*,*,#3344,.T.);
#1812=ORIENTED_EDGE('',*,*,#3341,.T.);
#1813=ORIENTED_EDGE('',*,*,#3345,.T.);
#1814=ORIENTED_EDGE('',*,*,#3318,.T.);
#1815=ORIENTED_EDGE('',*,*,#3109,.F.);
#1816=ORIENTED_EDGE('',*,*,#3100,.F.);
#1817=ORIENTED_EDGE('',*,*,#3088,.F.);
#1818=ORIENTED_EDGE('',*,*,#3054,.T.);
#1819=ORIENTED_EDGE('',*,*,#3068,.F.);
#1820=ORIENTED_EDGE('',*,*,#3303,.F.);
#1821=ORIENTED_EDGE('',*,*,#3042,.F.);
#1822=ORIENTED_EDGE('',*,*,#3319,.T.);
#1823=ORIENTED_EDGE('',*,*,#3064,.F.);
#1824=ORIENTED_EDGE('',*,*,#3052,.F.);
#1825=ORIENTED_EDGE('',*,*,#3040,.F.);
#1826=ORIENTED_EDGE('',*,*,#3006,.T.);
#1827=ORIENTED_EDGE('',*,*,#3020,.F.);
#1828=ORIENTED_EDGE('',*,*,#3302,.F.);
#1829=ORIENTED_EDGE('',*,*,#2994,.F.);
#1830=ORIENTED_EDGE('',*,*,#3320,.T.);
#1831=ORIENTED_EDGE('',*,*,#3016,.F.);
#1832=ORIENTED_EDGE('',*,*,#3004,.F.);
#1833=ORIENTED_EDGE('',*,*,#2992,.F.);
#1834=ORIENTED_EDGE('',*,*,#2958,.T.);
#1835=ORIENTED_EDGE('',*,*,#2972,.F.);
#1836=ORIENTED_EDGE('',*,*,#3301,.F.);
#1837=ORIENTED_EDGE('',*,*,#2945,.F.);
#1838=ORIENTED_EDGE('',*,*,#3321,.T.);
#1839=ORIENTED_EDGE('',*,*,#2968,.F.);
#1840=ORIENTED_EDGE('',*,*,#2956,.F.);
#1841=ORIENTED_EDGE('',*,*,#2943,.F.);
#1842=ORIENTED_EDGE('',*,*,#2856,.F.);
#1843=ORIENTED_EDGE('',*,*,#3346,.F.);
#1844=ORIENTED_EDGE('',*,*,#2885,.F.);
#1845=ORIENTED_EDGE('',*,*,#3130,.F.);
#1846=ORIENTED_EDGE('',*,*,#3138,.F.);
#1847=ORIENTED_EDGE('',*,*,#2940,.F.);
#1848=ORIENTED_EDGE('',*,*,#3347,.T.);
#1849=ORIENTED_EDGE('',*,*,#2966,.F.);
#1850=ORIENTED_EDGE('',*,*,#2979,.F.);
#1851=ORIENTED_EDGE('',*,*,#2990,.F.);
#1852=ORIENTED_EDGE('',*,*,#3348,.T.);
#1853=ORIENTED_EDGE('',*,*,#3014,.F.);
#1854=ORIENTED_EDGE('',*,*,#3027,.F.);
#1855=ORIENTED_EDGE('',*,*,#3038,.F.);
#1856=ORIENTED_EDGE('',*,*,#3349,.T.);
#1857=ORIENTED_EDGE('',*,*,#3062,.F.);
#1858=ORIENTED_EDGE('',*,*,#3075,.F.);
#1859=ORIENTED_EDGE('',*,*,#3086,.F.);
#1860=ORIENTED_EDGE('',*,*,#3350,.T.);
#1861=ORIENTED_EDGE('',*,*,#3112,.F.);
#1862=ORIENTED_EDGE('',*,*,#3121,.F.);
#1863=ORIENTED_EDGE('',*,*,#2794,.F.);
#1864=ORIENTED_EDGE('',*,*,#3351,.F.);
#1865=ORIENTED_EDGE('',*,*,#2814,.F.);
#1866=ORIENTED_EDGE('',*,*,#3352,.T.);
#1867=ORIENTED_EDGE('',*,*,#2857,.F.);
#1868=ORIENTED_EDGE('',*,*,#2821,.F.);
#1869=ORIENTED_EDGE('',*,*,#3353,.T.);
#1870=ORIENTED_EDGE('',*,*,#2790,.F.);
#1871=ORIENTED_EDGE('',*,*,#3120,.F.);
#1872=ORIENTED_EDGE('',*,*,#3107,.F.);
#1873=ORIENTED_EDGE('',*,*,#3354,.F.);
#1874=ORIENTED_EDGE('',*,*,#3082,.F.);
#1875=ORIENTED_EDGE('',*,*,#3073,.F.);
#1876=ORIENTED_EDGE('',*,*,#3060,.F.);
#1877=ORIENTED_EDGE('',*,*,#3355,.F.);
#1878=ORIENTED_EDGE('',*,*,#3034,.F.);
#1879=ORIENTED_EDGE('',*,*,#3025,.F.);
#1880=ORIENTED_EDGE('',*,*,#3012,.F.);
#1881=ORIENTED_EDGE('',*,*,#3356,.F.);
#1882=ORIENTED_EDGE('',*,*,#2986,.F.);
#1883=ORIENTED_EDGE('',*,*,#2977,.F.);
#1884=ORIENTED_EDGE('',*,*,#2964,.F.);
#1885=ORIENTED_EDGE('',*,*,#3357,.F.);
#1886=ORIENTED_EDGE('',*,*,#2936,.F.);
#1887=ORIENTED_EDGE('',*,*,#3137,.F.);
#1888=ORIENTED_EDGE('',*,*,#3128,.F.);
#1889=ORIENTED_EDGE('',*,*,#2917,.F.);
#1890=ORIENTED_EDGE('',*,*,#2793,.T.);
#1891=ORIENTED_EDGE('',*,*,#2879,.F.);
#1892=ORIENTED_EDGE('',*,*,#2815,.T.);
#1893=ORIENTED_EDGE('',*,*,#3351,.T.);
#1894=ORIENTED_EDGE('',*,*,#2791,.T.);
#1895=ORIENTED_EDGE('',*,*,#3353,.F.);
#1896=ORIENTED_EDGE('',*,*,#2820,.T.);
#1897=ORIENTED_EDGE('',*,*,#2880,.T.);
#1898=ORIENTED_EDGE('',*,*,#3099,.T.);
#1899=ORIENTED_EDGE('',*,*,#3113,.F.);
#1900=ORIENTED_EDGE('',*,*,#3350,.F.);
#1901=ORIENTED_EDGE('',*,*,#3085,.F.);
#1902=ORIENTED_EDGE('',*,*,#3354,.T.);
#1903=ORIENTED_EDGE('',*,*,#3106,.F.);
#1904=ORIENTED_EDGE('',*,*,#3097,.F.);
#1905=ORIENTED_EDGE('',*,*,#3083,.F.);
#1906=ORIENTED_EDGE('',*,*,#3051,.T.);
#1907=ORIENTED_EDGE('',*,*,#3063,.F.);
#1908=ORIENTED_EDGE('',*,*,#3349,.F.);
#1909=ORIENTED_EDGE('',*,*,#3037,.F.);
#1910=ORIENTED_EDGE('',*,*,#3355,.T.);
#1911=ORIENTED_EDGE('',*,*,#3059,.F.);
#1912=ORIENTED_EDGE('',*,*,#3049,.F.);
#1913=ORIENTED_EDGE('',*,*,#3035,.F.);
#1914=ORIENTED_EDGE('',*,*,#3003,.T.);
#1915=ORIENTED_EDGE('',*,*,#3015,.F.);
#1916=ORIENTED_EDGE('',*,*,#3348,.F.);
#1917=ORIENTED_EDGE('',*,*,#2989,.F.);
#1918=ORIENTED_EDGE('',*,*,#3356,.T.);
#1919=ORIENTED_EDGE('',*,*,#3011,.F.);
#1920=ORIENTED_EDGE('',*,*,#3001,.F.);
#1921=ORIENTED_EDGE('',*,*,#2987,.F.);
#1922=ORIENTED_EDGE('',*,*,#2955,.T.);
#1923=ORIENTED_EDGE('',*,*,#2967,.F.);
#1924=ORIENTED_EDGE('',*,*,#3347,.F.);
#1925=ORIENTED_EDGE('',*,*,#2939,.F.);
#1926=ORIENTED_EDGE('',*,*,#3357,.T.);
#1927=ORIENTED_EDGE('',*,*,#2963,.F.);
#1928=ORIENTED_EDGE('',*,*,#2953,.F.);
#1929=ORIENTED_EDGE('',*,*,#2937,.F.);
#1930=ORIENTED_EDGE('',*,*,#2775,.F.);
#1931=ORIENTED_EDGE('',*,*,#2810,.F.);
#1932=ORIENTED_EDGE('',*,*,#3309,.T.);
#1933=ORIENTED_EDGE('',*,*,#3358,.T.);
#1934=ORIENTED_EDGE('',*,*,#3305,.T.);
#1935=ORIENTED_EDGE('',*,*,#3208,.F.);
#1936=ORIENTED_EDGE('',*,*,#3358,.F.);
#1937=ORIENTED_EDGE('',*,*,#3359,.T.);
#1938=ORIENTED_EDGE('',*,*,#3360,.T.);
#1939=ORIENTED_EDGE('',*,*,#3361,.T.);
#1940=ORIENTED_EDGE('',*,*,#3323,.F.);
#1941=ORIENTED_EDGE('',*,*,#2811,.F.);
#1942=ORIENTED_EDGE('',*,*,#2784,.T.);
#1943=ORIENTED_EDGE('',*,*,#2786,.F.);
#1944=ORIENTED_EDGE('',*,*,#3317,.F.);
#1945=ORIENTED_EDGE('',*,*,#3360,.F.);
#1946=ORIENTED_EDGE('',*,*,#3272,.T.);
#1947=ORIENTED_EDGE('',*,*,#3267,.F.);
#1948=ORIENTED_EDGE('',*,*,#3257,.F.);
#1949=ORIENTED_EDGE('',*,*,#3261,.F.);
#1950=ORIENTED_EDGE('',*,*,#3334,.T.);
#1951=ORIENTED_EDGE('',*,*,#3336,.F.);
#1952=ORIENTED_EDGE('',*,*,#3311,.F.);
#1953=ORIENTED_EDGE('',*,*,#3331,.F.);
#1954=ORIENTED_EDGE('',*,*,#3342,.F.);
#1955=ORIENTED_EDGE('',*,*,#3344,.F.);
#1956=ORIENTED_EDGE('',*,*,#3324,.T.);
#1957=ORIENTED_EDGE('',*,*,#3339,.F.);
#1958=ORIENTED_EDGE('',*,*,#3300,.T.);
#1959=ORIENTED_EDGE('',*,*,#2839,.F.);
#1960=ORIENTED_EDGE('',*,*,#3362,.F.);
#1961=ORIENTED_EDGE('',*,*,#3234,.F.);
#1962=ORIENTED_EDGE('',*,*,#3362,.T.);
#1963=ORIENTED_EDGE('',*,*,#2838,.F.);
#1964=ORIENTED_EDGE('',*,*,#3363,.F.);
#1965=ORIENTED_EDGE('',*,*,#3235,.F.);
#1966=ORIENTED_EDGE('',*,*,#3363,.T.);
#1967=ORIENTED_EDGE('',*,*,#2837,.T.);
#1968=ORIENTED_EDGE('',*,*,#3364,.F.);
#1969=ORIENTED_EDGE('',*,*,#3236,.T.);
#1970=ORIENTED_EDGE('',*,*,#3364,.T.);
#1971=ORIENTED_EDGE('',*,*,#2836,.F.);
#1972=ORIENTED_EDGE('',*,*,#3365,.F.);
#1973=ORIENTED_EDGE('',*,*,#3237,.F.);
#1974=ORIENTED_EDGE('',*,*,#3365,.T.);
#1975=ORIENTED_EDGE('',*,*,#2835,.F.);
#1976=ORIENTED_EDGE('',*,*,#3366,.F.);
#1977=ORIENTED_EDGE('',*,*,#3238,.F.);
#1978=ORIENTED_EDGE('',*,*,#3366,.T.);
#1979=ORIENTED_EDGE('',*,*,#2834,.F.);
#1980=ORIENTED_EDGE('',*,*,#3367,.F.);
#1981=ORIENTED_EDGE('',*,*,#3239,.F.);
#1982=ORIENTED_EDGE('',*,*,#3367,.T.);
#1983=ORIENTED_EDGE('',*,*,#2833,.F.);
#1984=ORIENTED_EDGE('',*,*,#3368,.F.);
#1985=ORIENTED_EDGE('',*,*,#3240,.F.);
#1986=ORIENTED_EDGE('',*,*,#3368,.T.);
#1987=ORIENTED_EDGE('',*,*,#2832,.F.);
#1988=ORIENTED_EDGE('',*,*,#3369,.F.);
#1989=ORIENTED_EDGE('',*,*,#3241,.F.);
#1990=ORIENTED_EDGE('',*,*,#3369,.T.);
#1991=ORIENTED_EDGE('',*,*,#2831,.F.);
#1992=ORIENTED_EDGE('',*,*,#3370,.F.);
#1993=ORIENTED_EDGE('',*,*,#3242,.F.);
#1994=ORIENTED_EDGE('',*,*,#3370,.T.);
#1995=ORIENTED_EDGE('',*,*,#2830,.T.);
#1996=ORIENTED_EDGE('',*,*,#3371,.F.);
#1997=ORIENTED_EDGE('',*,*,#3243,.T.);
#1998=ORIENTED_EDGE('',*,*,#3371,.T.);
#1999=ORIENTED_EDGE('',*,*,#2829,.F.);
#2000=ORIENTED_EDGE('',*,*,#3372,.F.);
#2001=ORIENTED_EDGE('',*,*,#3244,.F.);
#2002=ORIENTED_EDGE('',*,*,#3372,.T.);
#2003=ORIENTED_EDGE('',*,*,#2828,.F.);
#2004=ORIENTED_EDGE('',*,*,#3373,.F.);
#2005=ORIENTED_EDGE('',*,*,#3245,.F.);
#2006=ORIENTED_EDGE('',*,*,#3373,.T.);
#2007=ORIENTED_EDGE('',*,*,#2827,.F.);
#2008=ORIENTED_EDGE('',*,*,#3374,.F.);
#2009=ORIENTED_EDGE('',*,*,#3246,.F.);
#2010=ORIENTED_EDGE('',*,*,#3374,.T.);
#2011=ORIENTED_EDGE('',*,*,#2826,.T.);
#2012=ORIENTED_EDGE('',*,*,#3294,.F.);
#2013=ORIENTED_EDGE('',*,*,#3231,.T.);
#2014=ORIENTED_EDGE('',*,*,#3288,.T.);
#2015=ORIENTED_EDGE('',*,*,#3215,.T.);
#2016=ORIENTED_EDGE('',*,*,#3375,.F.);
#2017=ORIENTED_EDGE('',*,*,#2903,.T.);
#2018=ORIENTED_EDGE('',*,*,#3375,.T.);
#2019=ORIENTED_EDGE('',*,*,#3230,.F.);
#2020=ORIENTED_EDGE('',*,*,#3376,.F.);
#2021=ORIENTED_EDGE('',*,*,#2904,.F.);
#2022=ORIENTED_EDGE('',*,*,#3376,.T.);
#2023=ORIENTED_EDGE('',*,*,#3229,.F.);
#2024=ORIENTED_EDGE('',*,*,#3377,.F.);
#2025=ORIENTED_EDGE('',*,*,#2905,.F.);
#2026=ORIENTED_EDGE('',*,*,#3377,.T.);
#2027=ORIENTED_EDGE('',*,*,#3228,.F.);
#2028=ORIENTED_EDGE('',*,*,#3378,.F.);
#2029=ORIENTED_EDGE('',*,*,#2906,.F.);
#2030=ORIENTED_EDGE('',*,*,#3378,.T.);
#2031=ORIENTED_EDGE('',*,*,#3227,.T.);
#2032=ORIENTED_EDGE('',*,*,#3379,.F.);
#2033=ORIENTED_EDGE('',*,*,#2907,.T.);
#2034=ORIENTED_EDGE('',*,*,#3379,.T.);
#2035=ORIENTED_EDGE('',*,*,#3226,.F.);
#2036=ORIENTED_EDGE('',*,*,#3380,.F.);
#2037=ORIENTED_EDGE('',*,*,#2908,.F.);
#2038=ORIENTED_EDGE('',*,*,#3380,.T.);
#2039=ORIENTED_EDGE('',*,*,#3225,.F.);
#2040=ORIENTED_EDGE('',*,*,#3381,.F.);
#2041=ORIENTED_EDGE('',*,*,#2909,.F.);
#2042=ORIENTED_EDGE('',*,*,#3381,.T.);
#2043=ORIENTED_EDGE('',*,*,#3224,.F.);
#2044=ORIENTED_EDGE('',*,*,#3382,.F.);
#2045=ORIENTED_EDGE('',*,*,#2910,.F.);
#2046=ORIENTED_EDGE('',*,*,#3382,.T.);
#2047=ORIENTED_EDGE('',*,*,#3223,.F.);
#2048=ORIENTED_EDGE('',*,*,#3383,.F.);
#2049=ORIENTED_EDGE('',*,*,#2911,.F.);
#2050=ORIENTED_EDGE('',*,*,#3383,.T.);
#2051=ORIENTED_EDGE('',*,*,#3222,.F.);
#2052=ORIENTED_EDGE('',*,*,#3384,.F.);
#2053=ORIENTED_EDGE('',*,*,#2912,.F.);
#2054=ORIENTED_EDGE('',*,*,#3384,.T.);
#2055=ORIENTED_EDGE('',*,*,#3221,.F.);
#2056=ORIENTED_EDGE('',*,*,#3385,.F.);
#2057=ORIENTED_EDGE('',*,*,#2913,.F.);
#2058=ORIENTED_EDGE('',*,*,#3385,.T.);
#2059=ORIENTED_EDGE('',*,*,#3220,.T.);
#2060=ORIENTED_EDGE('',*,*,#3386,.F.);
#2061=ORIENTED_EDGE('',*,*,#2914,.T.);
#2062=ORIENTED_EDGE('',*,*,#3386,.T.);
#2063=ORIENTED_EDGE('',*,*,#3219,.F.);
#2064=ORIENTED_EDGE('',*,*,#3387,.F.);
#2065=ORIENTED_EDGE('',*,*,#2915,.F.);
#2066=ORIENTED_EDGE('',*,*,#3387,.T.);
#2067=ORIENTED_EDGE('',*,*,#3218,.F.);
#2068=ORIENTED_EDGE('',*,*,#3270,.F.);
#2069=ORIENTED_EDGE('',*,*,#2899,.F.);
#2070=ORIENTED_EDGE('',*,*,#3252,.T.);
#2071=ORIENTED_EDGE('',*,*,#3282,.F.);
#2072=ORIENTED_EDGE('',*,*,#3286,.F.);
#2073=ORIENTED_EDGE('',*,*,#3274,.F.);
#2074=ORIENTED_EDGE('',*,*,#3284,.T.);
#2075=ORIENTED_EDGE('',*,*,#2871,.F.);
#2076=ORIENTED_EDGE('',*,*,#3388,.F.);
#2077=ORIENTED_EDGE('',*,*,#2920,.F.);
#2078=ORIENTED_EDGE('',*,*,#3388,.T.);
#2079=ORIENTED_EDGE('',*,*,#2870,.F.);
#2080=ORIENTED_EDGE('',*,*,#3389,.F.);
#2081=ORIENTED_EDGE('',*,*,#2921,.F.);
#2082=ORIENTED_EDGE('',*,*,#3389,.T.);
#2083=ORIENTED_EDGE('',*,*,#2869,.T.);
#2084=ORIENTED_EDGE('',*,*,#3390,.F.);
#2085=ORIENTED_EDGE('',*,*,#2922,.T.);
#2086=ORIENTED_EDGE('',*,*,#3390,.T.);
#2087=ORIENTED_EDGE('',*,*,#2868,.F.);
#2088=ORIENTED_EDGE('',*,*,#3391,.F.);
#2089=ORIENTED_EDGE('',*,*,#2923,.F.);
#2090=ORIENTED_EDGE('',*,*,#3391,.T.);
#2091=ORIENTED_EDGE('',*,*,#2867,.F.);
#2092=ORIENTED_EDGE('',*,*,#3392,.F.);
#2093=ORIENTED_EDGE('',*,*,#2924,.F.);
#2094=ORIENTED_EDGE('',*,*,#3392,.T.);
#2095=ORIENTED_EDGE('',*,*,#2866,.F.);
#2096=ORIENTED_EDGE('',*,*,#3393,.F.);
#2097=ORIENTED_EDGE('',*,*,#2925,.F.);
#2098=ORIENTED_EDGE('',*,*,#3393,.T.);
#2099=ORIENTED_EDGE('',*,*,#2865,.F.);
#2100=ORIENTED_EDGE('',*,*,#3394,.F.);
#2101=ORIENTED_EDGE('',*,*,#2926,.F.);
#2102=ORIENTED_EDGE('',*,*,#3394,.T.);
#2103=ORIENTED_EDGE('',*,*,#2864,.F.);
#2104=ORIENTED_EDGE('',*,*,#3395,.F.);
#2105=ORIENTED_EDGE('',*,*,#2927,.F.);
#2106=ORIENTED_EDGE('',*,*,#3395,.T.);
#2107=ORIENTED_EDGE('',*,*,#2863,.F.);
#2108=ORIENTED_EDGE('',*,*,#3396,.F.);
#2109=ORIENTED_EDGE('',*,*,#2928,.F.);
#2110=ORIENTED_EDGE('',*,*,#3396,.T.);
#2111=ORIENTED_EDGE('',*,*,#2862,.T.);
#2112=ORIENTED_EDGE('',*,*,#3397,.F.);
#2113=ORIENTED_EDGE('',*,*,#2929,.T.);
#2114=ORIENTED_EDGE('',*,*,#3397,.T.);
#2115=ORIENTED_EDGE('',*,*,#2861,.F.);
#2116=ORIENTED_EDGE('',*,*,#3398,.F.);
#2117=ORIENTED_EDGE('',*,*,#2930,.F.);
#2118=ORIENTED_EDGE('',*,*,#3398,.T.);
#2119=ORIENTED_EDGE('',*,*,#2860,.F.);
#2120=ORIENTED_EDGE('',*,*,#3399,.F.);
#2121=ORIENTED_EDGE('',*,*,#2931,.F.);
#2122=ORIENTED_EDGE('',*,*,#3399,.T.);
#2123=ORIENTED_EDGE('',*,*,#2859,.F.);
#2124=ORIENTED_EDGE('',*,*,#3400,.F.);
#2125=ORIENTED_EDGE('',*,*,#2932,.F.);
#2126=ORIENTED_EDGE('',*,*,#3400,.T.);
#2127=ORIENTED_EDGE('',*,*,#2858,.T.);
#2128=ORIENTED_EDGE('',*,*,#3352,.F.);
#2129=ORIENTED_EDGE('',*,*,#2916,.T.);
#2130=ORIENTED_EDGE('',*,*,#3346,.T.);
#2131=ORIENTED_EDGE('',*,*,#2855,.T.);
#2132=ORIENTED_EDGE('',*,*,#3401,.F.);
#2133=ORIENTED_EDGE('',*,*,#2886,.T.);
#2134=ORIENTED_EDGE('',*,*,#3401,.T.);
#2135=ORIENTED_EDGE('',*,*,#2854,.F.);
#2136=ORIENTED_EDGE('',*,*,#3402,.F.);
#2137=ORIENTED_EDGE('',*,*,#2887,.F.);
#2138=ORIENTED_EDGE('',*,*,#3402,.T.);
#2139=ORIENTED_EDGE('',*,*,#2853,.F.);
#2140=ORIENTED_EDGE('',*,*,#3403,.F.);
#2141=ORIENTED_EDGE('',*,*,#2888,.F.);
#2142=ORIENTED_EDGE('',*,*,#3403,.T.);
#2143=ORIENTED_EDGE('',*,*,#2852,.F.);
#2144=ORIENTED_EDGE('',*,*,#3404,.F.);
#2145=ORIENTED_EDGE('',*,*,#2889,.F.);
#2146=ORIENTED_EDGE('',*,*,#3404,.T.);
#2147=ORIENTED_EDGE('',*,*,#2851,.T.);
#2148=ORIENTED_EDGE('',*,*,#3405,.F.);
#2149=ORIENTED_EDGE('',*,*,#2890,.T.);
#2150=ORIENTED_EDGE('',*,*,#3405,.T.);
#2151=ORIENTED_EDGE('',*,*,#2850,.F.);
#2152=ORIENTED_EDGE('',*,*,#3406,.F.);
#2153=ORIENTED_EDGE('',*,*,#2891,.F.);
#2154=ORIENTED_EDGE('',*,*,#3406,.T.);
#2155=ORIENTED_EDGE('',*,*,#2849,.F.);
#2156=ORIENTED_EDGE('',*,*,#3407,.F.);
#2157=ORIENTED_EDGE('',*,*,#2892,.F.);
#2158=ORIENTED_EDGE('',*,*,#3407,.T.);
#2159=ORIENTED_EDGE('',*,*,#2848,.F.);
#2160=ORIENTED_EDGE('',*,*,#3408,.F.);
#2161=ORIENTED_EDGE('',*,*,#2893,.F.);
#2162=ORIENTED_EDGE('',*,*,#3408,.T.);
#2163=ORIENTED_EDGE('',*,*,#2847,.F.);
#2164=ORIENTED_EDGE('',*,*,#3409,.F.);
#2165=ORIENTED_EDGE('',*,*,#2894,.F.);
#2166=ORIENTED_EDGE('',*,*,#3409,.T.);
#2167=ORIENTED_EDGE('',*,*,#2846,.F.);
#2168=ORIENTED_EDGE('',*,*,#3410,.F.);
#2169=ORIENTED_EDGE('',*,*,#2895,.F.);
#2170=ORIENTED_EDGE('',*,*,#3410,.T.);
#2171=ORIENTED_EDGE('',*,*,#2845,.F.);
#2172=ORIENTED_EDGE('',*,*,#3411,.F.);
#2173=ORIENTED_EDGE('',*,*,#2896,.F.);
#2174=ORIENTED_EDGE('',*,*,#3411,.T.);
#2175=ORIENTED_EDGE('',*,*,#2844,.T.);
#2176=ORIENTED_EDGE('',*,*,#3412,.F.);
#2177=ORIENTED_EDGE('',*,*,#2897,.T.);
#2178=ORIENTED_EDGE('',*,*,#3412,.T.);
#2179=ORIENTED_EDGE('',*,*,#2843,.F.);
#2180=ORIENTED_EDGE('',*,*,#3413,.F.);
#2181=ORIENTED_EDGE('',*,*,#2898,.F.);
#2182=ORIENTED_EDGE('',*,*,#3413,.T.);
#2183=ORIENTED_EDGE('',*,*,#2842,.F.);
#2184=ORIENTED_EDGE('',*,*,#3322,.F.);
#2185=ORIENTED_EDGE('',*,*,#2882,.F.);
#2186=ORIENTED_EDGE('',*,*,#3326,.F.);
#2187=ORIENTED_EDGE('',*,*,#3345,.F.);
#2188=ORIENTED_EDGE('',*,*,#3343,.T.);
#2189=ORIENTED_EDGE('',*,*,#3340,.F.);
#2190=ORIENTED_EDGE('',*,*,#3313,.T.);
#2191=ORIENTED_EDGE('',*,*,#3337,.F.);
#2192=ORIENTED_EDGE('',*,*,#3335,.F.);
#2193=ORIENTED_EDGE('',*,*,#3332,.F.);
#2194=ORIENTED_EDGE('',*,*,#3287,.T.);
#2195=ORIENTED_EDGE('',*,*,#3283,.F.);
#2196=ORIENTED_EDGE('',*,*,#3254,.F.);
#2197=ORIENTED_EDGE('',*,*,#3276,.F.);
#2198=ORIENTED_EDGE('',*,*,#3259,.T.);
#2199=ORIENTED_EDGE('',*,*,#3269,.F.);
#2200=ORIENTED_EDGE('',*,*,#3273,.F.);
#2201=ORIENTED_EDGE('',*,*,#3262,.F.);
#2202=ORIENTED_EDGE('',*,*,#3306,.T.);
#2203=ORIENTED_EDGE('',*,*,#3361,.F.);
#2204=ORIENTED_EDGE('',*,*,#3316,.F.);
#2205=ORIENTED_EDGE('',*,*,#3329,.F.);
#2206=ORIENTED_EDGE('',*,*,#3314,.T.);
#2207=ORIENTED_EDGE('',*,*,#3359,.F.);
#2208=ORIENTED_EDGE('',*,*,#3308,.F.);
#2209=ORIENTED_EDGE('',*,*,#3328,.F.);
#2210=ORIENTED_EDGE('',*,*,#2780,.T.);
#2211=ORIENTED_EDGE('',*,*,#3414,.F.);
#2212=ORIENTED_EDGE('',*,*,#2881,.T.);
#2213=ORIENTED_EDGE('',*,*,#2818,.T.);
#2214=ORIENTED_EDGE('',*,*,#2779,.T.);
#2215=ORIENTED_EDGE('',*,*,#2817,.T.);
#2216=ORIENTED_EDGE('',*,*,#2878,.T.);
#2217=ORIENTED_EDGE('',*,*,#3414,.T.);
#2218=ORIENTED_EDGE('',*,*,#2772,.T.);
#2219=ORIENTED_EDGE('',*,*,#2797,.T.);
#2220=ORIENTED_EDGE('',*,*,#2873,.T.);
#2221=ORIENTED_EDGE('',*,*,#3415,.T.);
#2222=ORIENTED_EDGE('',*,*,#2773,.T.);
#2223=ORIENTED_EDGE('',*,*,#3415,.F.);
#2224=ORIENTED_EDGE('',*,*,#2877,.T.);
#2225=ORIENTED_EDGE('',*,*,#2804,.T.);
#2226=ORIENTED_EDGE('',*,*,#3416,.T.);
#2227=ORIENTED_EDGE('',*,*,#3417,.F.);
#2228=ORIENTED_EDGE('',*,*,#3418,.F.);
#2229=ORIENTED_EDGE('',*,*,#3419,.T.);
#2230=ORIENTED_EDGE('',*,*,#3420,.T.);
#2231=ORIENTED_EDGE('',*,*,#3421,.F.);
#2232=ORIENTED_EDGE('',*,*,#3422,.F.);
#2233=ORIENTED_EDGE('',*,*,#3417,.T.);
#2234=ORIENTED_EDGE('',*,*,#3423,.T.);
#2235=ORIENTED_EDGE('',*,*,#3424,.F.);
#2236=ORIENTED_EDGE('',*,*,#3425,.F.);
#2237=ORIENTED_EDGE('',*,*,#3421,.T.);
#2238=ORIENTED_EDGE('',*,*,#3426,.T.);
#2239=ORIENTED_EDGE('',*,*,#3427,.F.);
#2240=ORIENTED_EDGE('',*,*,#3428,.F.);
#2241=ORIENTED_EDGE('',*,*,#3424,.T.);
#2242=ORIENTED_EDGE('',*,*,#3429,.T.);
#2243=ORIENTED_EDGE('',*,*,#3430,.F.);
#2244=ORIENTED_EDGE('',*,*,#3431,.F.);
#2245=ORIENTED_EDGE('',*,*,#3427,.T.);
#2246=ORIENTED_EDGE('',*,*,#3432,.T.);
#2247=ORIENTED_EDGE('',*,*,#3433,.F.);
#2248=ORIENTED_EDGE('',*,*,#3434,.F.);
#2249=ORIENTED_EDGE('',*,*,#3430,.T.);
#2250=ORIENTED_EDGE('',*,*,#3435,.T.);
#2251=ORIENTED_EDGE('',*,*,#3436,.F.);
#2252=ORIENTED_EDGE('',*,*,#3437,.F.);
#2253=ORIENTED_EDGE('',*,*,#3433,.T.);
#2254=ORIENTED_EDGE('',*,*,#3438,.T.);
#2255=ORIENTED_EDGE('',*,*,#3439,.F.);
#2256=ORIENTED_EDGE('',*,*,#3440,.F.);
#2257=ORIENTED_EDGE('',*,*,#3436,.T.);
#2258=ORIENTED_EDGE('',*,*,#3441,.T.);
#2259=ORIENTED_EDGE('',*,*,#3442,.F.);
#2260=ORIENTED_EDGE('',*,*,#3443,.F.);
#2261=ORIENTED_EDGE('',*,*,#3439,.T.);
#2262=ORIENTED_EDGE('',*,*,#3444,.F.);
#2263=ORIENTED_EDGE('',*,*,#3445,.F.);
#2264=ORIENTED_EDGE('',*,*,#3446,.T.);
#2265=ORIENTED_EDGE('',*,*,#3442,.T.);
#2266=ORIENTED_EDGE('',*,*,#3447,.T.);
#2267=ORIENTED_EDGE('',*,*,#3448,.F.);
#2268=ORIENTED_EDGE('',*,*,#3449,.F.);
#2269=ORIENTED_EDGE('',*,*,#3445,.T.);
#2270=ORIENTED_EDGE('',*,*,#3450,.T.);
#2271=ORIENTED_EDGE('',*,*,#3451,.F.);
#2272=ORIENTED_EDGE('',*,*,#3452,.F.);
#2273=ORIENTED_EDGE('',*,*,#3448,.T.);
#2274=ORIENTED_EDGE('',*,*,#3453,.T.);
#2275=ORIENTED_EDGE('',*,*,#3454,.F.);
#2276=ORIENTED_EDGE('',*,*,#3455,.F.);
#2277=ORIENTED_EDGE('',*,*,#3451,.T.);
#2278=ORIENTED_EDGE('',*,*,#3456,.T.);
#2279=ORIENTED_EDGE('',*,*,#3457,.F.);
#2280=ORIENTED_EDGE('',*,*,#3458,.F.);
#2281=ORIENTED_EDGE('',*,*,#3454,.T.);
#2282=ORIENTED_EDGE('',*,*,#3459,.T.);
#2283=ORIENTED_EDGE('',*,*,#3460,.F.);
#2284=ORIENTED_EDGE('',*,*,#3461,.F.);
#2285=ORIENTED_EDGE('',*,*,#3457,.T.);
#2286=ORIENTED_EDGE('',*,*,#3462,.T.);
#2287=ORIENTED_EDGE('',*,*,#3463,.F.);
#2288=ORIENTED_EDGE('',*,*,#3464,.F.);
#2289=ORIENTED_EDGE('',*,*,#3460,.T.);
#2290=ORIENTED_EDGE('',*,*,#3465,.T.);
#2291=ORIENTED_EDGE('',*,*,#3466,.F.);
#2292=ORIENTED_EDGE('',*,*,#3467,.F.);
#2293=ORIENTED_EDGE('',*,*,#3463,.T.);
#2294=ORIENTED_EDGE('',*,*,#3468,.T.);
#2295=ORIENTED_EDGE('',*,*,#3469,.F.);
#2296=ORIENTED_EDGE('',*,*,#3470,.F.);
#2297=ORIENTED_EDGE('',*,*,#3466,.T.);
#2298=ORIENTED_EDGE('',*,*,#3471,.T.);
#2299=ORIENTED_EDGE('',*,*,#3472,.F.);
#2300=ORIENTED_EDGE('',*,*,#3473,.F.);
#2301=ORIENTED_EDGE('',*,*,#3469,.T.);
#2302=ORIENTED_EDGE('',*,*,#3474,.T.);
#2303=ORIENTED_EDGE('',*,*,#3475,.F.);
#2304=ORIENTED_EDGE('',*,*,#3476,.F.);
#2305=ORIENTED_EDGE('',*,*,#3472,.T.);
#2306=ORIENTED_EDGE('',*,*,#3477,.F.);
#2307=ORIENTED_EDGE('',*,*,#3478,.F.);
#2308=ORIENTED_EDGE('',*,*,#3479,.T.);
#2309=ORIENTED_EDGE('',*,*,#3475,.T.);
#2310=ORIENTED_EDGE('',*,*,#3480,.T.);
#2311=ORIENTED_EDGE('',*,*,#3481,.F.);
#2312=ORIENTED_EDGE('',*,*,#3482,.F.);
#2313=ORIENTED_EDGE('',*,*,#3478,.T.);
#2314=ORIENTED_EDGE('',*,*,#3483,.T.);
#2315=ORIENTED_EDGE('',*,*,#3484,.F.);
#2316=ORIENTED_EDGE('',*,*,#3485,.F.);
#2317=ORIENTED_EDGE('',*,*,#3481,.T.);
#2318=ORIENTED_EDGE('',*,*,#3486,.T.);
#2319=ORIENTED_EDGE('',*,*,#3487,.F.);
#2320=ORIENTED_EDGE('',*,*,#3488,.F.);
#2321=ORIENTED_EDGE('',*,*,#3484,.T.);
#2322=ORIENTED_EDGE('',*,*,#3489,.T.);
#2323=ORIENTED_EDGE('',*,*,#3490,.F.);
#2324=ORIENTED_EDGE('',*,*,#3491,.F.);
#2325=ORIENTED_EDGE('',*,*,#3487,.T.);
#2326=ORIENTED_EDGE('',*,*,#3492,.F.);
#2327=ORIENTED_EDGE('',*,*,#3493,.F.);
#2328=ORIENTED_EDGE('',*,*,#3494,.T.);
#2329=ORIENTED_EDGE('',*,*,#3490,.T.);
#2330=ORIENTED_EDGE('',*,*,#3495,.T.);
#2331=ORIENTED_EDGE('',*,*,#3419,.F.);
#2332=ORIENTED_EDGE('',*,*,#3496,.F.);
#2333=ORIENTED_EDGE('',*,*,#3493,.T.);
#2334=ORIENTED_EDGE('',*,*,#3418,.T.);
#2335=ORIENTED_EDGE('',*,*,#3422,.T.);
#2336=ORIENTED_EDGE('',*,*,#3425,.T.);
#2337=ORIENTED_EDGE('',*,*,#3428,.T.);
#2338=ORIENTED_EDGE('',*,*,#3431,.T.);
#2339=ORIENTED_EDGE('',*,*,#3434,.T.);
#2340=ORIENTED_EDGE('',*,*,#3437,.T.);
#2341=ORIENTED_EDGE('',*,*,#3440,.T.);
#2342=ORIENTED_EDGE('',*,*,#3443,.T.);
#2343=ORIENTED_EDGE('',*,*,#3446,.F.);
#2344=ORIENTED_EDGE('',*,*,#3449,.T.);
#2345=ORIENTED_EDGE('',*,*,#3452,.T.);
#2346=ORIENTED_EDGE('',*,*,#3455,.T.);
#2347=ORIENTED_EDGE('',*,*,#3458,.T.);
#2348=ORIENTED_EDGE('',*,*,#3461,.T.);
#2349=ORIENTED_EDGE('',*,*,#3464,.T.);
#2350=ORIENTED_EDGE('',*,*,#3467,.T.);
#2351=ORIENTED_EDGE('',*,*,#3470,.T.);
#2352=ORIENTED_EDGE('',*,*,#3473,.T.);
#2353=ORIENTED_EDGE('',*,*,#3476,.T.);
#2354=ORIENTED_EDGE('',*,*,#3479,.F.);
#2355=ORIENTED_EDGE('',*,*,#3482,.T.);
#2356=ORIENTED_EDGE('',*,*,#3485,.T.);
#2357=ORIENTED_EDGE('',*,*,#3488,.T.);
#2358=ORIENTED_EDGE('',*,*,#3491,.T.);
#2359=ORIENTED_EDGE('',*,*,#3494,.F.);
#2360=ORIENTED_EDGE('',*,*,#3496,.T.);
#2361=ORIENTED_EDGE('',*,*,#3416,.F.);
#2362=ORIENTED_EDGE('',*,*,#3495,.F.);
#2363=ORIENTED_EDGE('',*,*,#3492,.T.);
#2364=ORIENTED_EDGE('',*,*,#3489,.F.);
#2365=ORIENTED_EDGE('',*,*,#3486,.F.);
#2366=ORIENTED_EDGE('',*,*,#3483,.F.);
#2367=ORIENTED_EDGE('',*,*,#3480,.F.);
#2368=ORIENTED_EDGE('',*,*,#3477,.T.);
#2369=ORIENTED_EDGE('',*,*,#3474,.F.);
#2370=ORIENTED_EDGE('',*,*,#3471,.F.);
#2371=ORIENTED_EDGE('',*,*,#3468,.F.);
#2372=ORIENTED_EDGE('',*,*,#3465,.F.);
#2373=ORIENTED_EDGE('',*,*,#3462,.F.);
#2374=ORIENTED_EDGE('',*,*,#3459,.F.);
#2375=ORIENTED_EDGE('',*,*,#3456,.F.);
#2376=ORIENTED_EDGE('',*,*,#3453,.F.);
#2377=ORIENTED_EDGE('',*,*,#3450,.F.);
#2378=ORIENTED_EDGE('',*,*,#3447,.F.);
#2379=ORIENTED_EDGE('',*,*,#3444,.T.);
#2380=ORIENTED_EDGE('',*,*,#3441,.F.);
#2381=ORIENTED_EDGE('',*,*,#3438,.F.);
#2382=ORIENTED_EDGE('',*,*,#3435,.F.);
#2383=ORIENTED_EDGE('',*,*,#3432,.F.);
#2384=ORIENTED_EDGE('',*,*,#3429,.F.);
#2385=ORIENTED_EDGE('',*,*,#3426,.F.);
#2386=ORIENTED_EDGE('',*,*,#3423,.F.);
#2387=ORIENTED_EDGE('',*,*,#3420,.F.);
#2388=EDGE_CURVE('',#3497,#3498,#4235,.T.);
#2389=EDGE_CURVE('',#3497,#3499,#4236,.T.);
#2390=EDGE_CURVE('',#3499,#3500,#4237,.T.);
#2391=EDGE_CURVE('',#3501,#3500,#4238,.T.);
#2392=EDGE_CURVE('',#3502,#3501,#4239,.T.);
#2393=EDGE_CURVE('',#3502,#3503,#4240,.T.);
#2394=EDGE_CURVE('',#3504,#3503,#4241,.T.);
#2395=EDGE_CURVE('',#3505,#3504,#4242,.T.);
#2396=EDGE_CURVE('',#3506,#3505,#4243,.T.);
#2397=EDGE_CURVE('',#3506,#3507,#4244,.T.);
#2398=EDGE_CURVE('',#3508,#3507,#4245,.T.);
#2399=EDGE_CURVE('',#3509,#3508,#4246,.T.);
#2400=EDGE_CURVE('',#3509,#3510,#4247,.T.);
#2401=EDGE_CURVE('',#3510,#3511,#4248,.T.);
#2402=EDGE_CURVE('',#3512,#3511,#4249,.T.);
#2403=EDGE_CURVE('',#3512,#3513,#4250,.T.);
#2404=EDGE_CURVE('',#3513,#3514,#4251,.T.);
#2405=EDGE_CURVE('',#3515,#3514,#4252,.T.);
#2406=EDGE_CURVE('',#3515,#3516,#4253,.T.);
#2407=EDGE_CURVE('',#3517,#3516,#4254,.T.);
#2408=EDGE_CURVE('',#3517,#3518,#4255,.T.);
#2409=EDGE_CURVE('',#3519,#3518,#4256,.T.);
#2410=EDGE_CURVE('',#3519,#3520,#4257,.T.);
#2411=EDGE_CURVE('',#3520,#3521,#4258,.T.);
#2412=EDGE_CURVE('',#3521,#3522,#4259,.T.);
#2413=EDGE_CURVE('',#3523,#3522,#4260,.T.);
#2414=EDGE_CURVE('',#3523,#3524,#4261,.T.);
#2415=EDGE_CURVE('',#3525,#3524,#4262,.T.);
#2416=EDGE_CURVE('',#3525,#3526,#4263,.T.);
#2417=EDGE_CURVE('',#3527,#3526,#4264,.T.);
#2418=EDGE_CURVE('',#3527,#3528,#4265,.T.);
#2419=EDGE_CURVE('',#3528,#3498,#4266,.T.);
#2420=EDGE_CURVE('',#3529,#3530,#4267,.T.);
#2421=EDGE_CURVE('',#3531,#3529,#4268,.T.);
#2422=EDGE_CURVE('',#3531,#3532,#4269,.T.);
#2423=EDGE_CURVE('',#3532,#3530,#4270,.T.);
#2424=EDGE_CURVE('',#3533,#3497,#4271,.T.);
#2425=EDGE_CURVE('',#3534,#3498,#4272,.T.);
#2426=EDGE_CURVE('',#3535,#3534,#4273,.T.);
#2427=EDGE_CURVE('',#3536,#3535,#4274,.T.);
#2428=EDGE_CURVE('',#3537,#3536,#4275,.T.);
#2429=EDGE_CURVE('',#3537,#3538,#4276,.T.);
#2430=EDGE_CURVE('',#3538,#3533,#4277,.T.);
#2431=EDGE_CURVE('',#3539,#3540,#4278,.T.);
#2432=EDGE_CURVE('',#3541,#3539,#4279,.T.);
#2433=EDGE_CURVE('',#3541,#3542,#4280,.T.);
#2434=EDGE_CURVE('',#3542,#3540,#4281,.T.);
#2435=EDGE_CURVE('',#3543,#3511,#4282,.T.);
#2436=EDGE_CURVE('',#3543,#3544,#4283,.T.);
#2437=EDGE_CURVE('',#3545,#3544,#4284,.T.);
#2438=EDGE_CURVE('',#3546,#3545,#4285,.T.);
#2439=EDGE_CURVE('',#3546,#3547,#4286,.T.);
#2440=EDGE_CURVE('',#3547,#3548,#4287,.T.);
#2441=EDGE_CURVE('',#3548,#3512,#4288,.T.);
#2442=EDGE_CURVE('',#3549,#3550,#4289,.T.);
#2443=EDGE_CURVE('',#3550,#3551,#4290,.T.);
#2444=EDGE_CURVE('',#3551,#3509,#4291,.T.);
#2445=EDGE_CURVE('',#3552,#3508,#4292,.T.);
#2446=EDGE_CURVE('',#3552,#3553,#4293,.T.);
#2447=EDGE_CURVE('',#3553,#3505,#4294,.T.);
#2448=EDGE_CURVE('',#3554,#3504,#4295,.T.);
#2449=EDGE_CURVE('',#3554,#3555,#4296,.T.);
#2450=EDGE_CURVE('',#3555,#3501,#4297,.T.);
#2451=EDGE_CURVE('',#3556,#3500,#4298,.T.);
#2452=EDGE_CURVE('',#3556,#3557,#4299,.T.);
#2453=EDGE_CURVE('',#3558,#3557,#4300,.T.);
#2454=EDGE_CURVE('',#3549,#3558,#4301,.T.);
#2455=EDGE_CURVE('',#3559,#3560,#4302,.T.);
#2456=EDGE_CURVE('',#3560,#3561,#4303,.T.);
#2457=EDGE_CURVE('',#3561,#3562,#4304,.T.);
#2458=EDGE_CURVE('',#3563,#3562,#4305,.T.);
#2459=EDGE_CURVE('',#3563,#3564,#4306,.T.);
#2460=EDGE_CURVE('',#3564,#3565,#4307,.T.);
#2461=EDGE_CURVE('',#3565,#3566,#4308,.T.);
#2462=EDGE_CURVE('',#3566,#3559,#4309,.T.);
#2463=EDGE_CURVE('',#3567,#3568,#4310,.T.);
#2464=EDGE_CURVE('',#3568,#3569,#4311,.T.);
#2465=EDGE_CURVE('',#3569,#3570,#4312,.T.);
#2466=EDGE_CURVE('',#3571,#3570,#4313,.T.);
#2467=EDGE_CURVE('',#3571,#3572,#4314,.T.);
#2468=EDGE_CURVE('',#3572,#3573,#4315,.T.);
#2469=EDGE_CURVE('',#3573,#3574,#4316,.T.);
#2470=EDGE_CURVE('',#3574,#3567,#4317,.T.);
#2471=EDGE_CURVE('',#3575,#3510,#4318,.T.);
#2472=EDGE_CURVE('',#3551,#3576,#4319,.T.);
#2473=EDGE_CURVE('',#3577,#3576,#4320,.T.);
#2474=EDGE_CURVE('',#3577,#3575,#4321,.T.);
#2475=EDGE_CURVE('',#3578,#3579,#4322,.T.);
#2476=EDGE_CURVE('',#3580,#3578,#4323,.T.);
#2477=EDGE_CURVE('',#3580,#3581,#4324,.T.);
#2478=EDGE_CURVE('',#3581,#3579,#4325,.T.);
#2479=EDGE_CURVE('',#3582,#3583,#4326,.T.);
#2480=EDGE_CURVE('',#3582,#3584,#4327,.T.);
#2481=EDGE_CURVE('',#3584,#3565,#4328,.T.);
#2482=EDGE_CURVE('',#3564,#3585,#4329,.T.);
#2483=EDGE_CURVE('',#3586,#3585,#4330,.T.);
#2484=EDGE_CURVE('',#3586,#3587,#4331,.T.);
#2485=EDGE_CURVE('',#3587,#3588,#4332,.T.);
#2486=EDGE_CURVE('',#3588,#3580,#4333,.T.);
#2487=EDGE_CURVE('',#3589,#3578,#4334,.T.);
#2488=EDGE_CURVE('',#3516,#3589,#4335,.T.);
#2489=EDGE_CURVE('',#3515,#3583,#4336,.T.);
#2490=EDGE_CURVE('',#3590,#3591,#4337,.T.);
#2491=EDGE_CURVE('',#3592,#3590,#4338,.T.);
#2492=EDGE_CURVE('',#3592,#3593,#4339,.T.);
#2493=EDGE_CURVE('',#3593,#3591,#4340,.T.);
#2494=EDGE_CURVE('',#3594,#3595,#4341,.T.);
#2495=EDGE_CURVE('',#3594,#3596,#4342,.T.);
#2496=EDGE_CURVE('',#3596,#3573,#4343,.T.);
#2497=EDGE_CURVE('',#3572,#3597,#4344,.T.);
#2498=EDGE_CURVE('',#3598,#3597,#4345,.T.);
#2499=EDGE_CURVE('',#3598,#3599,#4346,.T.);
#2500=EDGE_CURVE('',#3599,#3600,#4347,.T.);
#2501=EDGE_CURVE('',#3600,#3592,#4348,.T.);
#2502=EDGE_CURVE('',#3601,#3590,#4349,.T.);
#2503=EDGE_CURVE('',#3524,#3601,#4350,.T.);
#2504=EDGE_CURVE('',#3523,#3595,#4351,.T.);
#2505=EDGE_CURVE('',#3602,#3603,#4352,.T.);
#2506=EDGE_CURVE('',#3603,#3556,#4353,.T.);
#2507=EDGE_CURVE('',#3604,#3499,#4354,.T.);
#2508=EDGE_CURVE('',#3604,#3602,#4355,.T.);
#2509=EDGE_CURVE('',#3605,#3606,#4356,.T.);
#2510=EDGE_CURVE('',#3605,#3518,#4357,.T.);
#2511=EDGE_CURVE('',#3607,#3517,#4358,.T.);
#2512=EDGE_CURVE('',#3607,#3579,#4359,.T.);
#2513=EDGE_CURVE('',#3581,#3608,#4360,.T.);
#2514=EDGE_CURVE('',#3608,#3609,#4361,.T.);
#2515=EDGE_CURVE('',#3609,#3610,#4362,.T.);
#2516=EDGE_CURVE('',#3611,#3610,#4363,.T.);
#2517=EDGE_CURVE('',#3611,#3563,#4364,.T.);
#2518=EDGE_CURVE('',#3612,#3562,#4365,.T.);
#2519=EDGE_CURVE('',#3612,#3606,#4366,.T.);
#2520=EDGE_CURVE('',#3613,#3614,#4367,.T.);
#2521=EDGE_CURVE('',#3613,#3526,#4368,.T.);
#2522=EDGE_CURVE('',#3615,#3525,#4369,.T.);
#2523=EDGE_CURVE('',#3615,#3591,#4370,.T.);
#2524=EDGE_CURVE('',#3593,#3616,#4371,.T.);
#2525=EDGE_CURVE('',#3616,#3617,#4372,.T.);
#2526=EDGE_CURVE('',#3617,#3618,#4373,.T.);
#2527=EDGE_CURVE('',#3619,#3618,#4374,.T.);
#2528=EDGE_CURVE('',#3619,#3571,#4375,.T.);
#2529=EDGE_CURVE('',#3620,#3570,#4376,.T.);
#2530=EDGE_CURVE('',#3620,#3614,#4377,.T.);
#2531=EDGE_CURVE('',#3621,#3622,#4378,.T.);
#2532=EDGE_CURVE('',#3622,#3538,#4379,.T.);
#2533=EDGE_CURVE('',#3621,#3537,#4380,.T.);
#2534=EDGE_CURVE('',#3547,#3535,#4381,.T.);
#2535=EDGE_CURVE('',#3536,#3546,#4382,.T.);
#2536=EDGE_CURVE('',#3544,#3623,#4383,.T.);
#2537=EDGE_CURVE('',#3624,#3623,#4384,.T.);
#2538=EDGE_CURVE('',#3545,#3624,#4385,.T.);
#2539=EDGE_CURVE('',#3623,#3550,#4386,.T.);
#2540=EDGE_CURVE('',#3624,#3549,#4387,.T.);
#2541=EDGE_CURVE('',#3625,#3576,#4388,.T.);
#2542=EDGE_CURVE('',#3626,#3625,#4389,.T.);
#2543=EDGE_CURVE('',#3626,#3627,#4390,.T.);
#2544=EDGE_CURVE('',#3628,#3627,#4391,.T.);
#2545=EDGE_CURVE('',#3628,#3577,#4392,.T.);
#2546=EDGE_CURVE('',#3629,#3625,#4393,.T.);
#2547=EDGE_CURVE('',#3630,#3629,#4394,.T.);
#2548=EDGE_CURVE('',#3630,#3626,#4395,.T.);
#2549=EDGE_CURVE('',#3631,#3629,#4396,.T.);
#2550=EDGE_CURVE('',#3632,#3631,#4397,.T.);
#2551=EDGE_CURVE('',#3632,#3630,#4398,.T.);
#2552=EDGE_CURVE('',#3633,#3631,#4399,.T.);
#2553=EDGE_CURVE('',#3634,#3633,#4400,.T.);
#2554=EDGE_CURVE('',#3634,#3632,#4401,.T.);
#2555=EDGE_CURVE('',#3635,#3636,#4402,.T.);
#2556=EDGE_CURVE('',#3637,#3635,#4403,.T.);
#2557=EDGE_CURVE('',#3637,#3638,#4404,.T.);
#2558=EDGE_CURVE('',#3638,#3636,#4405,.T.);
#2559=EDGE_CURVE('',#3603,#3635,#4406,.T.);
#2560=EDGE_CURVE('',#3602,#3639,#4407,.T.);
#2561=EDGE_CURVE('',#3639,#3640,#4408,.T.);
#2562=EDGE_CURVE('',#3640,#3637,#4409,.T.);
#2563=EDGE_CURVE('',#3533,#3641,#4410,.T.);
#2564=EDGE_CURVE('',#3642,#3641,#4411,.T.);
#2565=EDGE_CURVE('',#3642,#3643,#4412,.T.);
#2566=EDGE_CURVE('',#3644,#3643,#4413,.T.);
#2567=EDGE_CURVE('',#3644,#3604,#4414,.T.);
#2568=EDGE_CURVE('',#3645,#3641,#4415,.T.);
#2569=EDGE_CURVE('',#3646,#3645,#4416,.T.);
#2570=EDGE_CURVE('',#3646,#3642,#4417,.T.);
#2571=EDGE_CURVE('',#3633,#3543,#4418,.T.);
#2572=EDGE_CURVE('',#3575,#3647,#4419,.T.);
#2573=EDGE_CURVE('',#3647,#3648,#4420,.T.);
#2574=EDGE_CURVE('',#3648,#3634,#4421,.T.);
#2575=EDGE_CURVE('',#3636,#3645,#4422,.T.);
#2576=EDGE_CURVE('',#3638,#3646,#4423,.T.);
#2577=EDGE_CURVE('',#3557,#3622,#4424,.T.);
#2578=EDGE_CURVE('',#3558,#3621,#4425,.T.);
#2579=EDGE_CURVE('',#3643,#3649,#4426,.T.);
#2580=EDGE_CURVE('',#3650,#3640,#4427,.T.);
#2581=EDGE_CURVE('',#3651,#3650,#4428,.T.);
#2582=EDGE_CURVE('',#3627,#3651,#4429,.T.);
#2583=EDGE_CURVE('',#3652,#3648,#4430,.T.);
#2584=EDGE_CURVE('',#3649,#3652,#4431,.T.);
#2585=EDGE_CURVE('',#3653,#3649,#4432,.T.);
#2586=EDGE_CURVE('',#3644,#3653,#4433,.T.);
#2587=EDGE_CURVE('',#3654,#3652,#4434,.T.);
#2588=EDGE_CURVE('',#3653,#3654,#4435,.T.);
#2589=EDGE_CURVE('',#3654,#3647,#4436,.T.);
#2590=EDGE_CURVE('',#3655,#3651,#4437,.T.);
#2591=EDGE_CURVE('',#3628,#3655,#4438,.T.);
#2592=EDGE_CURVE('',#3656,#3650,#4439,.T.);
#2593=EDGE_CURVE('',#3655,#3656,#4440,.T.);
#2594=EDGE_CURVE('',#3656,#3639,#4441,.T.);
#2595=EDGE_CURVE('',#3657,#3619,#4442,.T.);
#2596=EDGE_CURVE('',#3657,#3658,#4443,.T.);
#2597=EDGE_CURVE('',#3658,#3616,#4444,.T.);
#2598=EDGE_CURVE('',#3600,#3659,#4445,.T.);
#2599=EDGE_CURVE('',#3659,#3660,#4446,.T.);
#2600=EDGE_CURVE('',#3597,#3660,#4447,.T.);
#2601=EDGE_CURVE('',#3661,#3611,#4448,.T.);
#2602=EDGE_CURVE('',#3661,#3662,#4449,.T.);
#2603=EDGE_CURVE('',#3662,#3608,#4450,.T.);
#2604=EDGE_CURVE('',#3588,#3663,#4451,.T.);
#2605=EDGE_CURVE('',#3663,#3664,#4452,.T.);
#2606=EDGE_CURVE('',#3585,#3664,#4453,.T.);
#2607=EDGE_CURVE('',#3582,#3665,#4454,.T.);
#2608=EDGE_CURVE('',#3666,#3665,#4455,.T.);
#2609=EDGE_CURVE('',#3584,#3666,#4456,.T.);
#2610=EDGE_CURVE('',#3559,#3665,#4457,.T.);
#2611=EDGE_CURVE('',#3666,#3566,#4458,.T.);
#2612=EDGE_CURVE('',#3667,#3668,#4459,.T.);
#2613=EDGE_CURVE('',#3667,#3606,#4460,.T.);
#2614=EDGE_CURVE('',#3668,#3612,#4461,.T.);
#2615=EDGE_CURVE('',#3667,#3560,#4462,.T.);
#2616=EDGE_CURVE('',#3668,#3561,#4463,.T.);
#2617=EDGE_CURVE('',#3594,#3669,#4464,.T.);
#2618=EDGE_CURVE('',#3670,#3669,#4465,.T.);
#2619=EDGE_CURVE('',#3596,#3670,#4466,.T.);
#2620=EDGE_CURVE('',#3567,#3669,#4467,.T.);
#2621=EDGE_CURVE('',#3670,#3574,#4468,.T.);
#2622=EDGE_CURVE('',#3671,#3672,#4469,.T.);
#2623=EDGE_CURVE('',#3671,#3614,#4470,.T.);
#2624=EDGE_CURVE('',#3672,#3620,#4471,.T.);
#2625=EDGE_CURVE('',#3672,#3569,#4472,.T.);
#2626=EDGE_CURVE('',#3671,#3568,#4473,.T.);
#2627=EDGE_CURVE('',#3601,#3615,#4474,.T.);
#2628=EDGE_CURVE('',#3589,#3607,#4475,.T.);
#2629=EDGE_CURVE('',#3673,#3664,#4476,.T.);
#2630=EDGE_CURVE('',#3586,#3673,#4477,.T.);
#2631=EDGE_CURVE('',#3587,#3674,#4478,.T.);
#2632=EDGE_CURVE('',#3674,#3663,#4479,.T.);
#2633=EDGE_CURVE('',#3673,#3674,#4480,.T.);
#2634=EDGE_CURVE('',#3662,#3675,#4481,.T.);
#2635=EDGE_CURVE('',#3675,#3609,#4482,.T.);
#2636=EDGE_CURVE('',#3676,#3610,#4483,.T.);
#2637=EDGE_CURVE('',#3661,#3676,#4484,.T.);
#2638=EDGE_CURVE('',#3676,#3675,#4485,.T.);
#2639=EDGE_CURVE('',#3677,#3660,#4486,.T.);
#2640=EDGE_CURVE('',#3598,#3677,#4487,.T.);
#2641=EDGE_CURVE('',#3599,#3678,#4488,.T.);
#2642=EDGE_CURVE('',#3678,#3659,#4489,.T.);
#2643=EDGE_CURVE('',#3677,#3678,#4490,.T.);
#2644=EDGE_CURVE('',#3679,#3618,#4491,.T.);
#2645=EDGE_CURVE('',#3657,#3679,#4492,.T.);
#2646=EDGE_CURVE('',#3658,#3680,#4493,.T.);
#2647=EDGE_CURVE('',#3680,#3617,#4494,.T.);
#2648=EDGE_CURVE('',#3679,#3680,#4495,.T.);
#2649=EDGE_CURVE('',#3681,#3682,#4496,.T.);
#2650=EDGE_CURVE('',#3682,#3683,#4497,.T.);
#2651=EDGE_CURVE('',#3684,#3683,#84,.T.);
#2652=EDGE_CURVE('',#3684,#3685,#4498,.T.);
#2653=EDGE_CURVE('',#3685,#3686,#4499,.T.);
#2654=EDGE_CURVE('',#3686,#3681,#4500,.T.);
#2655=EDGE_CURVE('',#3687,#3688,#4501,.T.);
#2656=EDGE_CURVE('',#3688,#3689,#4502,.T.);
#2657=EDGE_CURVE('',#3690,#3689,#85,.T.);
#2658=EDGE_CURVE('',#3690,#3691,#4503,.T.);
#2659=EDGE_CURVE('',#3691,#3692,#4504,.T.);
#2660=EDGE_CURVE('',#3692,#3687,#4505,.T.);
#2661=EDGE_CURVE('',#3693,#3694,#4506,.T.);
#2662=EDGE_CURVE('',#3694,#3695,#4507,.T.);
#2663=EDGE_CURVE('',#3695,#3696,#4508,.T.);
#2664=EDGE_CURVE('',#3696,#3697,#4509,.T.);
#2665=EDGE_CURVE('',#3697,#3698,#4510,.T.);
#2666=EDGE_CURVE('',#3699,#3698,#86,.T.);
#2667=EDGE_CURVE('',#3699,#3700,#4511,.T.);
#2668=EDGE_CURVE('',#3700,#3701,#4512,.T.);
#2669=EDGE_CURVE('',#3701,#3534,#4513,.T.);
#2670=EDGE_CURVE('',#3528,#3702,#4514,.T.);
#2671=EDGE_CURVE('',#3702,#3703,#4515,.T.);
#2672=EDGE_CURVE('',#3703,#3521,#4516,.T.);
#2673=EDGE_CURVE('',#3520,#3704,#4517,.T.);
#2674=EDGE_CURVE('',#3704,#3705,#4518,.T.);
#2675=EDGE_CURVE('',#3705,#3513,#4519,.T.);
#2676=EDGE_CURVE('',#3548,#3706,#4520,.T.);
#2677=EDGE_CURVE('',#3706,#3707,#4521,.T.);
#2678=EDGE_CURVE('',#3707,#3708,#4522,.T.);
#2679=EDGE_CURVE('',#3693,#3708,#87,.T.);
#2680=EDGE_CURVE('',#3709,#3701,#4523,.T.);
#2681=EDGE_CURVE('',#3710,#3709,#4524,.T.);
#2682=EDGE_CURVE('',#3710,#3696,#4525,.T.);
#2683=EDGE_CURVE('',#3711,#3695,#4526,.T.);
#2684=EDGE_CURVE('',#3712,#3711,#4527,.T.);
#2685=EDGE_CURVE('',#3712,#3706,#4528,.T.);
#2686=EDGE_CURVE('',#3713,#3703,#4529,.T.);
#2687=EDGE_CURVE('',#3522,#3713,#4530,.T.);
#2688=EDGE_CURVE('',#3714,#3527,#4531,.T.);
#2689=EDGE_CURVE('',#3714,#3702,#4532,.T.);
#2690=EDGE_CURVE('',#3713,#3595,#4533,.T.);
#2691=EDGE_CURVE('',#3613,#3714,#4534,.T.);
#2692=EDGE_CURVE('',#3514,#3715,#4535,.T.);
#2693=EDGE_CURVE('',#3715,#3583,#4536,.T.);
#2694=EDGE_CURVE('',#3605,#3716,#4537,.T.);
#2695=EDGE_CURVE('',#3716,#3519,#4538,.T.);
#2696=EDGE_CURVE('',#3715,#3705,#4539,.T.);
#2697=EDGE_CURVE('',#3716,#3704,#4540,.T.);
#2698=EDGE_CURVE('',#3503,#3717,#4541,.T.);
#2699=EDGE_CURVE('',#3717,#3554,#4542,.T.);
#2700=EDGE_CURVE('',#3718,#3555,#4543,.T.);
#2701=EDGE_CURVE('',#3718,#3502,#4544,.T.);
#2702=EDGE_CURVE('',#3717,#3718,#4545,.T.);
#2703=EDGE_CURVE('',#3719,#3506,#4546,.T.);
#2704=EDGE_CURVE('',#3720,#3719,#4547,.T.);
#2705=EDGE_CURVE('',#3507,#3720,#4548,.T.);
#2706=EDGE_CURVE('',#3720,#3552,#4549,.T.);
#2707=EDGE_CURVE('',#3719,#3553,#4550,.T.);
#2708=EDGE_CURVE('',#3721,#3699,#4551,.T.);
#2709=EDGE_CURVE('',#3722,#3721,#4552,.T.);
#2710=EDGE_CURVE('',#3722,#3700,#4553,.T.);
#2711=EDGE_CURVE('',#3723,#3698,#4554,.T.);
#2712=EDGE_CURVE('',#3723,#3721,#88,.T.);
#2713=EDGE_CURVE('',#3724,#3697,#4555,.T.);
#2714=EDGE_CURVE('',#3723,#3724,#4556,.T.);
#2715=EDGE_CURVE('',#3709,#3722,#4557,.T.);
#2716=EDGE_CURVE('',#3724,#3710,#4558,.T.);
#2717=EDGE_CURVE('',#3725,#3688,#4559,.T.);
#2718=EDGE_CURVE('',#3726,#3725,#4560,.T.);
#2719=EDGE_CURVE('',#3726,#3689,#4561,.T.);
#2720=EDGE_CURVE('',#3727,#3687,#4562,.T.);
#2721=EDGE_CURVE('',#3725,#3727,#4563,.T.);
#2722=EDGE_CURVE('',#3728,#3692,#4564,.T.);
#2723=EDGE_CURVE('',#3727,#3728,#4565,.T.);
#2724=EDGE_CURVE('',#3729,#3691,#4566,.T.);
#2725=EDGE_CURVE('',#3728,#3729,#4567,.T.);
#2726=EDGE_CURVE('',#3730,#3690,#4568,.T.);
#2727=EDGE_CURVE('',#3729,#3730,#4569,.T.);
#2728=EDGE_CURVE('',#3726,#3730,#89,.T.);
#2729=EDGE_CURVE('',#3731,#3693,#4570,.T.);
#2730=EDGE_CURVE('',#3732,#3731,#4571,.T.);
#2731=EDGE_CURVE('',#3732,#3694,#4572,.T.);
#2732=EDGE_CURVE('',#3733,#3708,#4573,.T.);
#2733=EDGE_CURVE('',#3733,#3731,#90,.T.);
#2734=EDGE_CURVE('',#3734,#3707,#4574,.T.);
#2735=EDGE_CURVE('',#3733,#3734,#4575,.T.);
#2736=EDGE_CURVE('',#3711,#3732,#4576,.T.);
#2737=EDGE_CURVE('',#3734,#3712,#4577,.T.);
#2738=EDGE_CURVE('',#3735,#3682,#4578,.T.);
#2739=EDGE_CURVE('',#3736,#3735,#4579,.T.);
#2740=EDGE_CURVE('',#3736,#3683,#4580,.T.);
#2741=EDGE_CURVE('',#3737,#3681,#4581,.T.);
#2742=EDGE_CURVE('',#3735,#3737,#4582,.T.);
#2743=EDGE_CURVE('',#3738,#3686,#4583,.T.);
#2744=EDGE_CURVE('',#3737,#3738,#4584,.T.);
#2745=EDGE_CURVE('',#3739,#3685,#4585,.T.);
#2746=EDGE_CURVE('',#3738,#3739,#4586,.T.);
#2747=EDGE_CURVE('',#3740,#3684,#4587,.T.);
#2748=EDGE_CURVE('',#3739,#3740,#4588,.T.);
#2749=EDGE_CURVE('',#3736,#3740,#91,.T.);
#2750=EDGE_CURVE('',#3741,#3742,#4589,.T.);
#2751=EDGE_CURVE('',#3743,#3742,#4590,.T.);
#2752=EDGE_CURVE('',#3744,#3743,#4591,.T.);
#2753=EDGE_CURVE('',#3744,#3741,#4592,.T.);
#2754=EDGE_CURVE('',#3742,#3745,#4593,.T.);
#2755=EDGE_CURVE('',#3746,#3745,#4594,.T.);
#2756=EDGE_CURVE('',#3743,#3746,#4595,.T.);
#2757=EDGE_CURVE('',#3745,#3532,#4596,.T.);
#2758=EDGE_CURVE('',#3746,#3531,#4597,.T.);
#2759=EDGE_CURVE('',#3530,#3741,#4598,.T.);
#2760=EDGE_CURVE('',#3529,#3744,#4599,.T.);
#2761=EDGE_CURVE('',#3540,#3747,#4600,.T.);
#2762=EDGE_CURVE('',#3748,#3747,#4601,.T.);
#2763=EDGE_CURVE('',#3539,#3748,#4602,.T.);
#2764=EDGE_CURVE('',#3747,#3749,#4603,.T.);
#2765=EDGE_CURVE('',#3750,#3749,#4604,.T.);
#2766=EDGE_CURVE('',#3748,#3750,#4605,.T.);
#2767=EDGE_CURVE('',#3749,#3751,#4606,.T.);
#2768=EDGE_CURVE('',#3752,#3751,#4607,.T.);
#2769=EDGE_CURVE('',#3750,#3752,#4608,.T.);
#2770=EDGE_CURVE('',#3751,#3542,#4609,.T.);
#2771=EDGE_CURVE('',#3752,#3541,#4610,.T.);
#2772=EDGE_CURVE('',#3753,#3754,#92,.F.);
#2773=EDGE_CURVE('',#3755,#3753,#93,.F.);
#2774=EDGE_CURVE('',#3756,#3755,#4611,.T.);
#2775=EDGE_CURVE('',#3756,#3757,#4612,.T.);
#2776=EDGE_CURVE('',#3757,#3758,#4613,.T.);
#2777=EDGE_CURVE('',#3759,#3758,#4614,.T.);
#2778=EDGE_CURVE('',#3754,#3759,#4615,.T.);
#2779=EDGE_CURVE('',#3760,#3761,#94,.F.);
#2780=EDGE_CURVE('',#3762,#3760,#95,.F.);
#2781=EDGE_CURVE('',#3763,#3762,#4616,.T.);
#2782=EDGE_CURVE('',#3763,#3764,#4617,.T.);
#2783=EDGE_CURVE('',#3764,#3765,#4618,.T.);
#2784=EDGE_CURVE('',#3766,#3765,#4619,.T.);
#2785=EDGE_CURVE('',#3761,#3766,#4620,.T.);
#2786=EDGE_CURVE('',#3767,#3765,#96,.F.);
#2787=EDGE_CURVE('',#3764,#3768,#97,.F.);
#2788=EDGE_CURVE('',#3768,#3769,#4621,.T.);
#2789=EDGE_CURVE('',#3769,#3770,#4622,.T.);
#2790=EDGE_CURVE('',#3770,#3771,#4623,.T.);
#2791=EDGE_CURVE('',#3772,#3771,#98,.F.);
#2792=EDGE_CURVE('',#3772,#3773,#4624,.T.);
#2793=EDGE_CURVE('',#3774,#3773,#99,.F.);
#2794=EDGE_CURVE('',#3774,#3775,#4625,.T.);
#2795=EDGE_CURVE('',#3775,#3776,#4626,.T.);
#2796=EDGE_CURVE('',#3776,#3767,#4627,.T.);
#2797=EDGE_CURVE('',#3754,#3777,#4628,.F.);
#2798=EDGE_CURVE('',#3759,#3778,#100,.F.);
#2799=EDGE_CURVE('',#3778,#3779,#4629,.T.);
#2800=EDGE_CURVE('',#3780,#3779,#4630,.T.);
#2801=EDGE_CURVE('',#3780,#3781,#4631,.T.);
#2802=EDGE_CURVE('',#3782,#3781,#101,.F.);
#2803=EDGE_CURVE('',#3782,#3777,#4632,.T.);
#2804=EDGE_CURVE('',#3783,#3755,#4633,.T.);
#2805=EDGE_CURVE('',#3783,#3784,#4634,.T.);
#2806=EDGE_CURVE('',#3785,#3784,#102,.F.);
#2807=EDGE_CURVE('',#3785,#3786,#4635,.T.);
#2808=EDGE_CURVE('',#3787,#3786,#4636,.T.);
#2809=EDGE_CURVE('',#3787,#3788,#4637,.T.);
#2810=EDGE_CURVE('',#3788,#3756,#103,.F.);
#2811=EDGE_CURVE('',#3766,#3789,#104,.F.);
#2812=EDGE_CURVE('',#3789,#3790,#4638,.T.);
#2813=EDGE_CURVE('',#3791,#3790,#4639,.T.);
#2814=EDGE_CURVE('',#3791,#3792,#4640,.T.);
#2815=EDGE_CURVE('',#3793,#3792,#105,.F.);
#2816=EDGE_CURVE('',#3793,#3794,#4641,.T.);
#2817=EDGE_CURVE('',#3761,#3794,#4642,.F.);
#2818=EDGE_CURVE('',#3795,#3762,#4643,.T.);
#2819=EDGE_CURVE('',#3795,#3796,#4644,.T.);
#2820=EDGE_CURVE('',#3797,#3796,#106,.F.);
#2821=EDGE_CURVE('',#3797,#3798,#4645,.T.);
#2822=EDGE_CURVE('',#3799,#3798,#4646,.T.);
#2823=EDGE_CURVE('',#3799,#3800,#4647,.T.);
#2824=EDGE_CURVE('',#3800,#3763,#107,.F.);
#2825=EDGE_CURVE('',#3786,#3801,#4648,.T.);
#2826=EDGE_CURVE('',#3802,#3801,#108,.F.);
#2827=EDGE_CURVE('',#3802,#3803,#4649,.T.);
#2828=EDGE_CURVE('',#3803,#3804,#109,.F.);
#2829=EDGE_CURVE('',#3804,#3805,#4650,.T.);
#2830=EDGE_CURVE('',#3806,#3805,#110,.F.);
#2831=EDGE_CURVE('',#3806,#3807,#4651,.T.);
#2832=EDGE_CURVE('',#3807,#3808,#4652,.T.);
#2833=EDGE_CURVE('',#3808,#3809,#4653,.T.);
#2834=EDGE_CURVE('',#3809,#3810,#4654,.T.);
#2835=EDGE_CURVE('',#3810,#3811,#111,.F.);
#2836=EDGE_CURVE('',#3811,#3812,#4655,.T.);
#2837=EDGE_CURVE('',#3813,#3812,#112,.F.);
#2838=EDGE_CURVE('',#3813,#3814,#4656,.T.);
#2839=EDGE_CURVE('',#3814,#3815,#113,.F.);
#2840=EDGE_CURVE('',#3815,#3787,#4657,.T.);
#2841=EDGE_CURVE('',#3790,#3816,#4658,.T.);
#2842=EDGE_CURVE('',#3816,#3817,#114,.F.);
#2843=EDGE_CURVE('',#3817,#3818,#4659,.T.);
#2844=EDGE_CURVE('',#3819,#3818,#115,.F.);
#2845=EDGE_CURVE('',#3819,#3820,#4660,.T.);
#2846=EDGE_CURVE('',#3820,#3821,#116,.F.);
#2847=EDGE_CURVE('',#3821,#3822,#4661,.T.);
#2848=EDGE_CURVE('',#3822,#3823,#4662,.T.);
#2849=EDGE_CURVE('',#3823,#3824,#4663,.T.);
#2850=EDGE_CURVE('',#3824,#3825,#4664,.T.);
#2851=EDGE_CURVE('',#3826,#3825,#117,.F.);
#2852=EDGE_CURVE('',#3826,#3827,#4665,.T.);
#2853=EDGE_CURVE('',#3827,#3828,#118,.F.);
#2854=EDGE_CURVE('',#3828,#3829,#4666,.T.);
#2855=EDGE_CURVE('',#3830,#3829,#119,.F.);
#2856=EDGE_CURVE('',#3830,#3791,#4667,.T.);
#2857=EDGE_CURVE('',#3798,#3831,#4668,.T.);
#2858=EDGE_CURVE('',#3832,#3831,#120,.F.);
#2859=EDGE_CURVE('',#3832,#3833,#4669,.T.);
#2860=EDGE_CURVE('',#3833,#3834,#121,.F.);
#2861=EDGE_CURVE('',#3834,#3835,#4670,.T.);
#2862=EDGE_CURVE('',#3836,#3835,#122,.F.);
#2863=EDGE_CURVE('',#3836,#3837,#4671,.T.);
#2864=EDGE_CURVE('',#3837,#3838,#4672,.T.);
#2865=EDGE_CURVE('',#3838,#3839,#4673,.T.);
#2866=EDGE_CURVE('',#3839,#3840,#4674,.T.);
#2867=EDGE_CURVE('',#3840,#3841,#123,.F.);
#2868=EDGE_CURVE('',#3841,#3842,#4675,.T.);
#2869=EDGE_CURVE('',#3843,#3842,#124,.F.);
#2870=EDGE_CURVE('',#3843,#3844,#4676,.T.);
#2871=EDGE_CURVE('',#3844,#3845,#125,.F.);
#2872=EDGE_CURVE('',#3845,#3799,#4677,.T.);
#2873=EDGE_CURVE('',#3777,#3846,#126,.F.);
#2874=EDGE_CURVE('',#3782,#3847,#4678,.T.);
#2875=EDGE_CURVE('',#3848,#3847,#4679,.T.);
#2876=EDGE_CURVE('',#3784,#3848,#4680,.T.);
#2877=EDGE_CURVE('',#3846,#3783,#127,.F.);
#2878=EDGE_CURVE('',#3794,#3849,#128,.F.);
#2879=EDGE_CURVE('',#3793,#3773,#4681,.T.);
#2880=EDGE_CURVE('',#3796,#3772,#4682,.T.);
#2881=EDGE_CURVE('',#3849,#3795,#129,.F.);
#2882=EDGE_CURVE('',#3850,#3851,#130,.F.);
#2883=EDGE_CURVE('',#3851,#3852,#4683,.T.);
#2884=EDGE_CURVE('',#3853,#3852,#4684,.T.);
#2885=EDGE_CURVE('',#3853,#3854,#4685,.T.);
#2886=EDGE_CURVE('',#3855,#3854,#131,.F.);
#2887=EDGE_CURVE('',#3855,#3856,#4686,.T.);
#2888=EDGE_CURVE('',#3856,#3857,#132,.F.);
#2889=EDGE_CURVE('',#3857,#3858,#4687,.T.);
#2890=EDGE_CURVE('',#3859,#3858,#133,.F.);
#2891=EDGE_CURVE('',#3859,#3860,#4688,.T.);
#2892=EDGE_CURVE('',#3860,#3861,#4689,.T.);
#2893=EDGE_CURVE('',#3861,#3862,#4690,.T.);
#2894=EDGE_CURVE('',#3862,#3863,#4691,.T.);
#2895=EDGE_CURVE('',#3863,#3864,#134,.F.);
#2896=EDGE_CURVE('',#3864,#3865,#4692,.T.);
#2897=EDGE_CURVE('',#3866,#3865,#135,.F.);
#2898=EDGE_CURVE('',#3866,#3850,#4693,.T.);
#2899=EDGE_CURVE('',#3867,#3868,#136,.F.);
#2900=EDGE_CURVE('',#3868,#3869,#4694,.T.);
#2901=EDGE_CURVE('',#3870,#3869,#4695,.T.);
#2902=EDGE_CURVE('',#3870,#3871,#4696,.T.);
#2903=EDGE_CURVE('',#3872,#3871,#137,.F.);
#2904=EDGE_CURVE('',#3872,#3873,#4697,.T.);
#2905=EDGE_CURVE('',#3873,#3874,#138,.F.);
#2906=EDGE_CURVE('',#3874,#3875,#4698,.T.);
#2907=EDGE_CURVE('',#3876,#3875,#139,.F.);
#2908=EDGE_CURVE('',#3876,#3877,#4699,.T.);
#2909=EDGE_CURVE('',#3877,#3878,#4700,.T.);
#2910=EDGE_CURVE('',#3878,#3879,#4701,.T.);
#2911=EDGE_CURVE('',#3879,#3880,#4702,.T.);
#2912=EDGE_CURVE('',#3880,#3881,#140,.F.);
#2913=EDGE_CURVE('',#3881,#3882,#4703,.T.);
#2914=EDGE_CURVE('',#3883,#3882,#141,.F.);
#2915=EDGE_CURVE('',#3883,#3867,#4704,.T.);
#2916=EDGE_CURVE('',#3884,#3885,#142,.F.);
#2917=EDGE_CURVE('',#3884,#3886,#4705,.T.);
#2918=EDGE_CURVE('',#3887,#3886,#4706,.T.);
#2919=EDGE_CURVE('',#3887,#3888,#4707,.T.);
#2920=EDGE_CURVE('',#3888,#3889,#143,.F.);
#2921=EDGE_CURVE('',#3889,#3890,#4708,.T.);
#2922=EDGE_CURVE('',#3891,#3890,#144,.F.);
#2923=EDGE_CURVE('',#3891,#3892,#4709,.T.);
#2924=EDGE_CURVE('',#3892,#3893,#145,.F.);
#2925=EDGE_CURVE('',#3893,#3894,#4710,.T.);
#2926=EDGE_CURVE('',#3894,#3895,#4711,.T.);
#2927=EDGE_CURVE('',#3895,#3896,#4712,.T.);
#2928=EDGE_CURVE('',#3896,#3897,#4713,.T.);
#2929=EDGE_CURVE('',#3898,#3897,#146,.F.);
#2930=EDGE_CURVE('',#3898,#3899,#4714,.T.);
#2931=EDGE_CURVE('',#3899,#3900,#147,.F.);
#2932=EDGE_CURVE('',#3900,#3885,#4715,.T.);
#2933=EDGE_CURVE('',#3901,#3902,#4716,.T.);
#2934=EDGE_CURVE('',#3902,#3903,#4717,.T.);
#2935=EDGE_CURVE('',#3903,#3904,#4718,.T.);
#2936=EDGE_CURVE('',#3904,#3905,#4719,.T.);
#2937=EDGE_CURVE('',#3905,#3906,#4720,.T.);
#2938=EDGE_CURVE('',#3901,#3906,#4721,.T.);
#2939=EDGE_CURVE('',#3907,#3908,#4722,.T.);
#2940=EDGE_CURVE('',#3908,#3909,#4723,.T.);
#2941=EDGE_CURVE('',#3909,#3910,#4724,.T.);
#2942=EDGE_CURVE('',#3910,#3911,#4725,.T.);
#2943=EDGE_CURVE('',#3911,#3912,#4726,.T.);
#2944=EDGE_CURVE('',#3907,#3912,#4727,.T.);
#2945=EDGE_CURVE('',#3913,#3914,#4728,.T.);
#2946=EDGE_CURVE('',#3914,#3915,#4729,.T.);
#2947=EDGE_CURVE('',#3915,#3916,#4730,.T.);
#2948=EDGE_CURVE('',#3916,#3917,#4731,.T.);
#2949=EDGE_CURVE('',#3917,#3918,#4732,.T.);
#2950=EDGE_CURVE('',#3913,#3918,#4733,.T.);
#2951=EDGE_CURVE('',#3919,#3920,#4734,.T.);
#2952=EDGE_CURVE('',#3901,#3919,#4735,.T.);
#2953=EDGE_CURVE('',#3906,#3920,#4736,.T.);
#2954=EDGE_CURVE('',#3921,#3922,#4737,.T.);
#2955=EDGE_CURVE('',#3907,#3921,#4738,.T.);
#2956=EDGE_CURVE('',#3912,#3922,#4739,.T.);
#2957=EDGE_CURVE('',#3923,#3924,#4740,.T.);
#2958=EDGE_CURVE('',#3913,#3923,#4741,.T.);
#2959=EDGE_CURVE('',#3918,#3924,#4742,.T.);
#2960=EDGE_CURVE('',#3925,#3926,#4743,.T.);
#2961=EDGE_CURVE('',#3925,#3927,#4744,.T.);
#2962=EDGE_CURVE('',#3927,#3919,#4745,.T.);
#2963=EDGE_CURVE('',#3920,#3928,#4746,.T.);
#2964=EDGE_CURVE('',#3928,#3926,#4747,.T.);
#2965=EDGE_CURVE('',#3929,#3930,#4748,.T.);
#2966=EDGE_CURVE('',#3929,#3931,#4749,.T.);
#2967=EDGE_CURVE('',#3931,#3921,#4750,.T.);
#2968=EDGE_CURVE('',#3922,#3932,#4751,.T.);
#2969=EDGE_CURVE('',#3932,#3930,#4752,.T.);
#2970=EDGE_CURVE('',#3933,#3934,#4753,.T.);
#2971=EDGE_CURVE('',#3933,#3935,#4754,.T.);
#2972=EDGE_CURVE('',#3935,#3923,#4755,.T.);
#2973=EDGE_CURVE('',#3924,#3936,#4756,.T.);
#2974=EDGE_CURVE('',#3936,#3934,#4757,.T.);
#2975=EDGE_CURVE('',#3937,#3938,#4758,.T.);
#2976=EDGE_CURVE('',#3937,#3925,#4759,.T.);
#2977=EDGE_CURVE('',#3926,#3938,#4760,.T.);
#2978=EDGE_CURVE('',#3939,#3940,#4761,.T.);
#2979=EDGE_CURVE('',#3939,#3929,#4762,.T.);
#2980=EDGE_CURVE('',#3930,#3940,#4763,.T.);
#2981=EDGE_CURVE('',#3941,#3942,#4764,.T.);
#2982=EDGE_CURVE('',#3941,#3933,#4765,.T.);
#2983=EDGE_CURVE('',#3934,#3942,#4766,.T.);
#2984=EDGE_CURVE('',#3943,#3944,#4767,.T.);
#2985=EDGE_CURVE('',#3944,#3937,#4768,.T.);
#2986=EDGE_CURVE('',#3938,#3945,#4769,.T.);
#2987=EDGE_CURVE('',#3945,#3946,#4770,.T.);
#2988=EDGE_CURVE('',#3943,#3946,#4771,.T.);
#2989=EDGE_CURVE('',#3947,#3948,#4772,.T.);
#2990=EDGE_CURVE('',#3948,#3939,#4773,.T.);
#2991=EDGE_CURVE('',#3940,#3949,#4774,.T.);
#2992=EDGE_CURVE('',#3949,#3950,#4775,.T.);
#2993=EDGE_CURVE('',#3947,#3950,#4776,.T.);
#2994=EDGE_CURVE('',#3951,#3952,#4777,.T.);
#2995=EDGE_CURVE('',#3952,#3941,#4778,.T.);
#2996=EDGE_CURVE('',#3942,#3953,#4779,.T.);
#2997=EDGE_CURVE('',#3953,#3954,#4780,.T.);
#2998=EDGE_CURVE('',#3951,#3954,#4781,.T.);
#2999=EDGE_CURVE('',#3955,#3956,#4782,.T.);
#3000=EDGE_CURVE('',#3943,#3955,#4783,.T.);
#3001=EDGE_CURVE('',#3946,#3956,#4784,.T.);
#3002=EDGE_CURVE('',#3957,#3958,#4785,.T.);
#3003=EDGE_CURVE('',#3947,#3957,#4786,.T.);
#3004=EDGE_CURVE('',#3950,#3958,#4787,.T.);
#3005=EDGE_CURVE('',#3959,#3960,#4788,.T.);
#3006=EDGE_CURVE('',#3951,#3959,#4789,.T.);
#3007=EDGE_CURVE('',#3954,#3960,#4790,.T.);
#3008=EDGE_CURVE('',#3961,#3962,#4791,.T.);
#3009=EDGE_CURVE('',#3961,#3963,#4792,.T.);
#3010=EDGE_CURVE('',#3963,#3955,#4793,.T.);
#3011=EDGE_CURVE('',#3956,#3964,#4794,.T.);
#3012=EDGE_CURVE('',#3964,#3962,#4795,.T.);
#3013=EDGE_CURVE('',#3965,#3966,#4796,.T.);
#3014=EDGE_CURVE('',#3965,#3967,#4797,.T.);
#3015=EDGE_CURVE('',#3967,#3957,#4798,.T.);
#3016=EDGE_CURVE('',#3958,#3968,#4799,.T.);
#3017=EDGE_CURVE('',#3968,#3966,#4800,.T.);
#3018=EDGE_CURVE('',#3969,#3970,#4801,.T.);
#3019=EDGE_CURVE('',#3969,#3971,#4802,.T.);
#3020=EDGE_CURVE('',#3971,#3959,#4803,.T.);
#3021=EDGE_CURVE('',#3960,#3972,#4804,.T.);
#3022=EDGE_CURVE('',#3972,#3970,#4805,.T.);
#3023=EDGE_CURVE('',#3973,#3974,#4806,.T.);
#3024=EDGE_CURVE('',#3973,#3961,#4807,.T.);
#3025=EDGE_CURVE('',#3962,#3974,#4808,.T.);
#3026=EDGE_CURVE('',#3975,#3976,#4809,.T.);
#3027=EDGE_CURVE('',#3975,#3965,#4810,.T.);
#3028=EDGE_CURVE('',#3966,#3976,#4811,.T.);
#3029=EDGE_CURVE('',#3977,#3978,#4812,.T.);
#3030=EDGE_CURVE('',#3977,#3969,#4813,.T.);
#3031=EDGE_CURVE('',#3970,#3978,#4814,.T.);
#3032=EDGE_CURVE('',#3979,#3980,#4815,.T.);
#3033=EDGE_CURVE('',#3980,#3973,#4816,.T.);
#3034=EDGE_CURVE('',#3974,#3981,#4817,.T.);
#3035=EDGE_CURVE('',#3981,#3982,#4818,.T.);
#3036=EDGE_CURVE('',#3979,#3982,#4819,.T.);
#3037=EDGE_CURVE('',#3983,#3984,#4820,.T.);
#3038=EDGE_CURVE('',#3984,#3975,#4821,.T.);
#3039=EDGE_CURVE('',#3976,#3985,#4822,.T.);
#3040=EDGE_CURVE('',#3985,#3986,#4823,.T.);
#3041=EDGE_CURVE('',#3983,#3986,#4824,.T.);
#3042=EDGE_CURVE('',#3987,#3988,#4825,.T.);
#3043=EDGE_CURVE('',#3988,#3977,#4826,.T.);
#3044=EDGE_CURVE('',#3978,#3989,#4827,.T.);
#3045=EDGE_CURVE('',#3989,#3990,#4828,.T.);
#3046=EDGE_CURVE('',#3987,#3990,#4829,.T.);
#3047=EDGE_CURVE('',#3991,#3992,#4830,.T.);
#3048=EDGE_CURVE('',#3979,#3991,#4831,.T.);
#3049=EDGE_CURVE('',#3982,#3992,#4832,.T.);
#3050=EDGE_CURVE('',#3993,#3994,#4833,.T.);
#3051=EDGE_CURVE('',#3983,#3993,#4834,.T.);
#3052=EDGE_CURVE('',#3986,#3994,#4835,.T.);
#3053=EDGE_CURVE('',#3995,#3996,#4836,.T.);
#3054=EDGE_CURVE('',#3987,#3995,#4837,.T.);
#3055=EDGE_CURVE('',#3990,#3996,#4838,.T.);
#3056=EDGE_CURVE('',#3997,#3998,#4839,.T.);
#3057=EDGE_CURVE('',#3997,#3999,#4840,.T.);
#3058=EDGE_CURVE('',#3999,#3991,#4841,.T.);
#3059=EDGE_CURVE('',#3992,#4000,#4842,.T.);
#3060=EDGE_CURVE('',#4000,#3998,#4843,.T.);
#3061=EDGE_CURVE('',#4001,#4002,#4844,.T.);
#3062=EDGE_CURVE('',#4001,#4003,#4845,.T.);
#3063=EDGE_CURVE('',#4003,#3993,#4846,.T.);
#3064=EDGE_CURVE('',#3994,#4004,#4847,.T.);
#3065=EDGE_CURVE('',#4004,#4002,#4848,.T.);
#3066=EDGE_CURVE('',#4005,#4006,#4849,.T.);
#3067=EDGE_CURVE('',#4005,#4007,#4850,.T.);
#3068=EDGE_CURVE('',#4007,#3995,#4851,.T.);
#3069=EDGE_CURVE('',#3996,#4008,#4852,.T.);
#3070=EDGE_CURVE('',#4008,#4006,#4853,.T.);
#3071=EDGE_CURVE('',#4009,#4010,#4854,.T.);
#3072=EDGE_CURVE('',#4009,#3997,#4855,.T.);
#3073=EDGE_CURVE('',#3998,#4010,#4856,.T.);
#3074=EDGE_CURVE('',#4011,#4012,#4857,.T.);
#3075=EDGE_CURVE('',#4011,#4001,#4858,.T.);
#3076=EDGE_CURVE('',#4002,#4012,#4859,.T.);
#3077=EDGE_CURVE('',#4013,#4014,#4860,.T.);
#3078=EDGE_CURVE('',#4013,#4005,#4861,.T.);
#3079=EDGE_CURVE('',#4006,#4014,#4862,.T.);
#3080=EDGE_CURVE('',#4015,#4016,#4863,.T.);
#3081=EDGE_CURVE('',#4016,#4009,#4864,.T.);
#3082=EDGE_CURVE('',#4010,#4017,#4865,.T.);
#3083=EDGE_CURVE('',#4017,#4018,#4866,.T.);
#3084=EDGE_CURVE('',#4015,#4018,#4867,.T.);
#3085=EDGE_CURVE('',#4019,#4020,#4868,.T.);
#3086=EDGE_CURVE('',#4020,#4011,#4869,.T.);
#3087=EDGE_CURVE('',#4012,#4021,#4870,.T.);
#3088=EDGE_CURVE('',#4021,#4022,#4871,.T.);
#3089=EDGE_CURVE('',#4019,#4022,#4872,.T.);
#3090=EDGE_CURVE('',#4023,#4024,#4873,.T.);
#3091=EDGE_CURVE('',#4024,#4013,#4874,.T.);
#3092=EDGE_CURVE('',#4014,#4025,#4875,.T.);
#3093=EDGE_CURVE('',#4025,#4026,#4876,.T.);
#3094=EDGE_CURVE('',#4023,#4026,#4877,.T.);
#3095=EDGE_CURVE('',#4027,#4028,#4878,.T.);
#3096=EDGE_CURVE('',#4015,#4027,#4879,.T.);
#3097=EDGE_CURVE('',#4018,#4028,#4880,.T.);
#3098=EDGE_CURVE('',#4029,#4030,#4881,.T.);
#3099=EDGE_CURVE('',#4019,#4029,#4882,.T.);
#3100=EDGE_CURVE('',#4022,#4030,#4883,.T.);
#3101=EDGE_CURVE('',#4031,#4032,#4884,.T.);
#3102=EDGE_CURVE('',#4023,#4031,#4885,.T.);
#3103=EDGE_CURVE('',#4026,#4032,#4886,.T.);
#3104=EDGE_CURVE('',#4033,#4034,#4887,.T.);
#3105=EDGE_CURVE('',#4034,#4027,#4888,.T.);
#3106=EDGE_CURVE('',#4028,#4035,#4889,.T.);
#3107=EDGE_CURVE('',#4035,#4036,#4890,.T.);
#3108=EDGE_CURVE('',#4033,#4036,#4891,.T.);
#3109=EDGE_CURVE('',#4030,#4037,#4892,.T.);
#3110=EDGE_CURVE('',#4037,#4038,#4893,.T.);
#3111=EDGE_CURVE('',#4039,#4038,#4894,.T.);
#3112=EDGE_CURVE('',#4039,#4040,#4895,.T.);
#3113=EDGE_CURVE('',#4040,#4029,#4896,.T.);
#3114=EDGE_CURVE('',#4041,#4042,#4897,.T.);
#3115=EDGE_CURVE('',#4042,#4031,#4898,.T.);
#3116=EDGE_CURVE('',#4032,#4043,#4899,.T.);
#3117=EDGE_CURVE('',#4043,#4044,#4900,.T.);
#3118=EDGE_CURVE('',#4041,#4044,#4901,.T.);
#3119=EDGE_CURVE('',#3769,#4033,#4902,.T.);
#3120=EDGE_CURVE('',#4036,#3770,#4903,.T.);
#3121=EDGE_CURVE('',#3775,#4039,#4904,.T.);
#3122=EDGE_CURVE('',#4038,#3776,#4905,.T.);
#3123=EDGE_CURVE('',#4045,#4046,#4906,.T.);
#3124=EDGE_CURVE('',#4045,#4041,#4907,.T.);
#3125=EDGE_CURVE('',#4044,#4046,#4908,.T.);
#3126=EDGE_CURVE('',#4047,#4048,#4909,.T.);
#3127=EDGE_CURVE('',#4047,#3887,#4910,.T.);
#3128=EDGE_CURVE('',#3886,#4048,#4911,.T.);
#3129=EDGE_CURVE('',#4049,#4050,#4912,.T.);
#3130=EDGE_CURVE('',#4049,#3853,#4913,.T.);
#3131=EDGE_CURVE('',#3852,#4050,#4914,.T.);
#3132=EDGE_CURVE('',#4051,#4052,#4915,.T.);
#3133=EDGE_CURVE('',#4051,#4053,#4916,.T.);
#3134=EDGE_CURVE('',#4053,#4054,#4917,.T.);
#3135=EDGE_CURVE('',#4054,#4052,#4918,.T.);
#3136=EDGE_CURVE('',#3903,#4047,#4919,.T.);
#3137=EDGE_CURVE('',#4048,#3904,#4920,.T.);
#3138=EDGE_CURVE('',#3909,#4049,#4921,.T.);
#3139=EDGE_CURVE('',#4050,#3910,#4922,.T.);
#3140=EDGE_CURVE('',#3915,#4051,#4923,.T.);
#3141=EDGE_CURVE('',#4052,#3916,#4924,.T.);
#3142=EDGE_CURVE('',#4055,#4056,#4925,.T.);
#3143=EDGE_CURVE('',#4056,#4057,#4926,.T.);
#3144=EDGE_CURVE('',#4057,#4058,#4927,.T.);
#3145=EDGE_CURVE('',#4058,#4059,#4928,.T.);
#3146=EDGE_CURVE('',#4059,#4060,#4929,.T.);
#3147=EDGE_CURVE('',#4055,#4060,#4930,.T.);
#3148=EDGE_CURVE('',#4061,#4062,#4931,.T.);
#3149=EDGE_CURVE('',#4055,#4061,#4932,.T.);
#3150=EDGE_CURVE('',#4060,#4062,#4933,.T.);
#3151=EDGE_CURVE('',#4063,#4064,#4934,.T.);
#3152=EDGE_CURVE('',#4063,#4065,#4935,.T.);
#3153=EDGE_CURVE('',#4065,#4061,#4936,.T.);
#3154=EDGE_CURVE('',#4062,#4066,#4937,.T.);
#3155=EDGE_CURVE('',#4066,#4064,#4938,.T.);
#3156=EDGE_CURVE('',#4067,#4068,#4939,.T.);
#3157=EDGE_CURVE('',#4067,#4063,#4940,.T.);
#3158=EDGE_CURVE('',#4064,#4068,#4941,.T.);
#3159=EDGE_CURVE('',#4069,#4070,#4942,.T.);
#3160=EDGE_CURVE('',#4070,#4067,#4943,.T.);
#3161=EDGE_CURVE('',#4068,#4071,#4944,.T.);
#3162=EDGE_CURVE('',#4071,#4072,#4945,.T.);
#3163=EDGE_CURVE('',#4069,#4072,#4946,.T.);
#3164=EDGE_CURVE('',#4073,#4074,#4947,.T.);
#3165=EDGE_CURVE('',#4069,#4073,#4948,.T.);
#3166=EDGE_CURVE('',#4072,#4074,#4949,.T.);
#3167=EDGE_CURVE('',#4075,#4076,#4950,.T.);
#3168=EDGE_CURVE('',#4075,#4077,#4951,.T.);
#3169=EDGE_CURVE('',#4077,#4073,#4952,.T.);
#3170=EDGE_CURVE('',#4074,#4078,#4953,.T.);
#3171=EDGE_CURVE('',#4078,#4076,#4954,.T.);
#3172=EDGE_CURVE('',#4079,#4080,#4955,.T.);
#3173=EDGE_CURVE('',#4079,#4075,#4956,.T.);
#3174=EDGE_CURVE('',#4076,#4080,#4957,.T.);
#3175=EDGE_CURVE('',#4081,#4082,#4958,.T.);
#3176=EDGE_CURVE('',#4082,#4079,#4959,.T.);
#3177=EDGE_CURVE('',#4080,#4083,#4960,.T.);
#3178=EDGE_CURVE('',#4083,#4084,#4961,.T.);
#3179=EDGE_CURVE('',#4081,#4084,#4962,.T.);
#3180=EDGE_CURVE('',#4085,#4086,#4963,.T.);
#3181=EDGE_CURVE('',#4081,#4085,#4964,.T.);
#3182=EDGE_CURVE('',#4084,#4086,#4965,.T.);
#3183=EDGE_CURVE('',#4087,#4088,#4966,.T.);
#3184=EDGE_CURVE('',#4087,#4089,#4967,.T.);
#3185=EDGE_CURVE('',#4089,#4085,#4968,.T.);
#3186=EDGE_CURVE('',#4086,#4090,#4969,.T.);
#3187=EDGE_CURVE('',#4090,#4088,#4970,.T.);
#3188=EDGE_CURVE('',#4091,#4092,#4971,.T.);
#3189=EDGE_CURVE('',#4091,#4087,#4972,.T.);
#3190=EDGE_CURVE('',#4088,#4092,#4973,.T.);
#3191=EDGE_CURVE('',#4093,#4094,#4974,.T.);
#3192=EDGE_CURVE('',#4094,#4091,#4975,.T.);
#3193=EDGE_CURVE('',#4092,#4095,#4976,.T.);
#3194=EDGE_CURVE('',#4095,#4096,#4977,.T.);
#3195=EDGE_CURVE('',#4093,#4096,#4978,.T.);
#3196=EDGE_CURVE('',#4097,#4098,#4979,.T.);
#3197=EDGE_CURVE('',#4093,#4097,#4980,.T.);
#3198=EDGE_CURVE('',#4096,#4098,#4981,.T.);
#3199=EDGE_CURVE('',#4098,#4099,#4982,.T.);
#3200=EDGE_CURVE('',#4099,#4100,#4983,.T.);
#3201=EDGE_CURVE('',#4101,#4100,#4984,.T.);
#3202=EDGE_CURVE('',#4101,#4102,#4985,.T.);
#3203=EDGE_CURVE('',#4102,#4097,#4986,.T.);
#3204=EDGE_CURVE('',#4100,#4103,#4987,.T.);
#3205=EDGE_CURVE('',#4104,#4103,#4988,.T.);
#3206=EDGE_CURVE('',#4104,#4101,#4989,.T.);
#3207=EDGE_CURVE('',#4105,#3758,#148,.F.);
#3208=EDGE_CURVE('',#3757,#4106,#149,.F.);
#3209=EDGE_CURVE('',#4106,#4045,#4990,.T.);
#3210=EDGE_CURVE('',#4046,#4107,#4991,.T.);
#3211=EDGE_CURVE('',#3848,#4107,#150,.F.);
#3212=EDGE_CURVE('',#4108,#3847,#151,.F.);
#3213=EDGE_CURVE('',#4108,#4104,#4992,.T.);
#3214=EDGE_CURVE('',#4103,#4105,#4993,.T.);
#3215=EDGE_CURVE('',#4109,#4110,#152,.F.);
#3216=EDGE_CURVE('',#4109,#3780,#4994,.T.);
#3217=EDGE_CURVE('',#3779,#4111,#4995,.T.);
#3218=EDGE_CURVE('',#4111,#4112,#153,.F.);
#3219=EDGE_CURVE('',#4112,#4113,#4996,.T.);
#3220=EDGE_CURVE('',#4114,#4113,#154,.F.);
#3221=EDGE_CURVE('',#4114,#4115,#4997,.T.);
#3222=EDGE_CURVE('',#4115,#4116,#155,.F.);
#3223=EDGE_CURVE('',#4116,#4117,#4998,.T.);
#3224=EDGE_CURVE('',#4117,#4118,#4999,.T.);
#3225=EDGE_CURVE('',#4118,#4119,#5000,.T.);
#3226=EDGE_CURVE('',#4119,#4120,#5001,.T.);
#3227=EDGE_CURVE('',#4121,#4120,#156,.F.);
#3228=EDGE_CURVE('',#4121,#4122,#5002,.T.);
#3229=EDGE_CURVE('',#4122,#4123,#157,.F.);
#3230=EDGE_CURVE('',#4123,#4110,#5003,.T.);
#3231=EDGE_CURVE('',#4124,#4125,#158,.F.);
#3232=EDGE_CURVE('',#4124,#4054,#5004,.T.);
#3233=EDGE_CURVE('',#4053,#4126,#5005,.T.);
#3234=EDGE_CURVE('',#4126,#4127,#159,.F.);
#3235=EDGE_CURVE('',#4127,#4128,#5006,.T.);
#3236=EDGE_CURVE('',#4129,#4128,#160,.F.);
#3237=EDGE_CURVE('',#4129,#4130,#5007,.T.);
#3238=EDGE_CURVE('',#4130,#4131,#161,.F.);
#3239=EDGE_CURVE('',#4131,#4132,#5008,.T.);
#3240=EDGE_CURVE('',#4132,#4133,#5009,.T.);
#3241=EDGE_CURVE('',#4133,#4134,#5010,.T.);
#3242=EDGE_CURVE('',#4134,#4135,#5011,.T.);
#3243=EDGE_CURVE('',#4136,#4135,#162,.F.);
#3244=EDGE_CURVE('',#4136,#4137,#5012,.T.);
#3245=EDGE_CURVE('',#4137,#4138,#163,.F.);
#3246=EDGE_CURVE('',#4138,#4125,#5013,.T.);
#3247=EDGE_CURVE('',#4139,#4140,#5014,.T.);
#3248=EDGE_CURVE('',#4139,#3870,#5015,.T.);
#3249=EDGE_CURVE('',#3869,#4140,#5016,.T.);
#3250=EDGE_CURVE('',#4057,#4139,#5017,.T.);
#3251=EDGE_CURVE('',#4140,#4058,#5018,.T.);
#3252=EDGE_CURVE('',#4141,#4142,#5019,.T.);
#3253=EDGE_CURVE('',#4141,#4143,#5020,.T.);
#3254=EDGE_CURVE('',#4143,#4144,#5021,.T.);
#3255=EDGE_CURVE('',#4142,#4144,#5022,.T.);
#3256=EDGE_CURVE('',#4145,#4146,#5023,.T.);
#3257=EDGE_CURVE('',#4145,#4147,#5024,.T.);
#3258=EDGE_CURVE('',#4147,#4148,#5025,.T.);
#3259=EDGE_CURVE('',#4146,#4148,#5026,.T.);
#3260=EDGE_CURVE('',#4149,#4150,#5027,.T.);
#3261=EDGE_CURVE('',#4149,#4145,#5028,.T.);
#3262=EDGE_CURVE('',#4146,#4150,#5029,.T.);
#3263=EDGE_CURVE('',#4095,#4099,#5030,.T.);
#3264=EDGE_CURVE('',#4083,#4090,#5031,.T.);
#3265=EDGE_CURVE('',#4071,#4078,#5032,.T.);
#3266=EDGE_CURVE('',#4059,#4066,#5033,.T.);
#3267=EDGE_CURVE('',#4147,#4151,#5034,.T.);
#3268=EDGE_CURVE('',#4151,#4152,#5035,.T.);
#3269=EDGE_CURVE('',#4152,#4148,#5036,.T.);
#3270=EDGE_CURVE('',#3868,#4111,#5037,.T.);
#3271=EDGE_CURVE('',#3778,#4105,#5038,.T.);
#3272=EDGE_CURVE('',#4149,#4151,#5039,.T.);
#3273=EDGE_CURVE('',#4150,#4152,#5040,.T.);
#3274=EDGE_CURVE('',#4141,#4153,#5041,.T.);
#3275=EDGE_CURVE('',#4153,#4154,#5042,.T.);
#3276=EDGE_CURVE('',#4154,#4143,#5043,.T.);
#3277=EDGE_CURVE('',#4016,#4034,#5044,.T.);
#3278=EDGE_CURVE('',#3980,#3999,#5045,.T.);
#3279=EDGE_CURVE('',#3944,#3963,#5046,.T.);
#3280=EDGE_CURVE('',#3902,#3927,#5047,.T.);
#3281=EDGE_CURVE('',#4155,#4156,#5048,.T.);
#3282=EDGE_CURVE('',#4155,#4142,#5049,.T.);
#3283=EDGE_CURVE('',#4144,#4156,#5050,.T.);
#3284=EDGE_CURVE('',#3888,#3845,#5051,.T.);
#3285=EDGE_CURVE('',#3800,#3768,#5052,.T.);
#3286=EDGE_CURVE('',#4153,#4155,#5053,.T.);
#3287=EDGE_CURVE('',#4154,#4156,#5054,.T.);
#3288=EDGE_CURVE('',#3871,#4109,#5055,.T.);
#3289=EDGE_CURVE('',#4056,#4065,#5056,.T.);
#3290=EDGE_CURVE('',#4070,#4077,#5057,.T.);
#3291=EDGE_CURVE('',#4082,#4089,#5058,.T.);
#3292=EDGE_CURVE('',#4094,#4102,#5059,.T.);
#3293=EDGE_CURVE('',#3781,#4108,#5060,.T.);
#3294=EDGE_CURVE('',#4124,#3801,#5061,.T.);
#3295=EDGE_CURVE('',#3785,#4107,#5062,.T.);
#3296=EDGE_CURVE('',#4025,#4043,#5063,.T.);
#3297=EDGE_CURVE('',#3989,#4008,#5064,.T.);
#3298=EDGE_CURVE('',#3953,#3972,#5065,.T.);
#3299=EDGE_CURVE('',#3917,#3936,#5066,.T.);
#3300=EDGE_CURVE('',#4126,#3815,#5067,.T.);
#3301=EDGE_CURVE('',#3914,#3935,#5068,.T.);
#3302=EDGE_CURVE('',#3952,#3971,#5069,.T.);
#3303=EDGE_CURVE('',#3988,#4007,#5070,.T.);
#3304=EDGE_CURVE('',#4024,#4042,#5071,.T.);
#3305=EDGE_CURVE('',#4157,#4106,#5072,.T.);
#3306=EDGE_CURVE('',#4158,#4157,#5073,.T.);
#3307=EDGE_CURVE('',#4159,#4158,#5074,.T.);
#3308=EDGE_CURVE('',#4159,#4160,#5075,.T.);
#3309=EDGE_CURVE('',#3788,#4160,#5076,.T.);
#3310=EDGE_CURVE('',#4161,#4162,#5077,.T.);
#3311=EDGE_CURVE('',#4161,#4163,#5078,.T.);
#3312=EDGE_CURVE('',#4163,#4164,#5079,.T.);
#3313=EDGE_CURVE('',#4162,#4164,#5080,.T.);
#3314=EDGE_CURVE('',#4165,#4166,#5081,.T.);
#3315=EDGE_CURVE('',#4165,#4167,#5082,.T.);
#3316=EDGE_CURVE('',#4167,#4168,#5083,.T.);
#3317=EDGE_CURVE('',#4168,#3767,#5084,.T.);
#3318=EDGE_CURVE('',#4021,#4037,#5085,.T.);
#3319=EDGE_CURVE('',#3985,#4004,#5086,.T.);
#3320=EDGE_CURVE('',#3949,#3968,#5087,.T.);
#3321=EDGE_CURVE('',#3911,#3932,#5088,.T.);
#3322=EDGE_CURVE('',#3851,#3816,#5089,.T.);
#3323=EDGE_CURVE('',#3789,#4166,#5090,.T.);
#3324=EDGE_CURVE('',#4169,#4170,#5091,.T.);
#3325=EDGE_CURVE('',#4169,#4171,#5092,.T.);
#3326=EDGE_CURVE('',#4171,#4172,#5093,.T.);
#3327=EDGE_CURVE('',#4170,#4172,#5094,.T.);
#3328=EDGE_CURVE('',#4165,#4159,#5095,.T.);
#3329=EDGE_CURVE('',#4158,#4167,#5096,.T.);
#3330=EDGE_CURVE('',#4173,#4174,#5097,.T.);
#3331=EDGE_CURVE('',#4173,#4161,#5098,.T.);
#3332=EDGE_CURVE('',#4162,#4174,#5099,.T.);
#3333=EDGE_CURVE('',#4175,#4176,#5100,.T.);
#3334=EDGE_CURVE('',#4173,#4175,#5101,.T.);
#3335=EDGE_CURVE('',#4174,#4176,#5102,.T.);
#3336=EDGE_CURVE('',#4163,#4175,#5103,.T.);
#3337=EDGE_CURVE('',#4176,#4164,#5104,.T.);
#3338=EDGE_CURVE('',#4177,#4178,#5105,.T.);
#3339=EDGE_CURVE('',#4177,#4170,#5106,.T.);
#3340=EDGE_CURVE('',#4172,#4178,#5107,.T.);
#3341=EDGE_CURVE('',#4179,#4180,#5108,.T.);
#3342=EDGE_CURVE('',#4179,#4177,#5109,.T.);
#3343=EDGE_CURVE('',#4180,#4178,#5110,.T.);
#3344=EDGE_CURVE('',#4169,#4179,#5111,.T.);
#3345=EDGE_CURVE('',#4180,#4171,#5112,.T.);
#3346=EDGE_CURVE('',#3854,#3830,#5113,.T.);
#3347=EDGE_CURVE('',#3908,#3931,#5114,.T.);
#3348=EDGE_CURVE('',#3948,#3967,#5115,.T.);
#3349=EDGE_CURVE('',#3984,#4003,#5116,.T.);
#3350=EDGE_CURVE('',#4020,#4040,#5117,.T.);
#3351=EDGE_CURVE('',#3792,#3774,#5118,.T.);
#3352=EDGE_CURVE('',#3884,#3831,#5119,.T.);
#3353=EDGE_CURVE('',#3797,#3771,#5120,.T.);
#3354=EDGE_CURVE('',#4017,#4035,#5121,.T.);
#3355=EDGE_CURVE('',#3981,#4000,#5122,.T.);
#3356=EDGE_CURVE('',#3945,#3964,#5123,.T.);
#3357=EDGE_CURVE('',#3905,#3928,#5124,.T.);
#3358=EDGE_CURVE('',#4160,#4157,#5125,.T.);
#3359=EDGE_CURVE('',#4160,#4166,#5126,.T.);
#3360=EDGE_CURVE('',#4166,#4168,#5127,.T.);
#3361=EDGE_CURVE('',#4168,#4157,#5128,.T.);
#3362=EDGE_CURVE('',#4127,#3814,#5129,.T.);
#3363=EDGE_CURVE('',#4128,#3813,#5130,.T.);
#3364=EDGE_CURVE('',#4129,#3812,#5131,.T.);
#3365=EDGE_CURVE('',#4130,#3811,#5132,.T.);
#3366=EDGE_CURVE('',#4131,#3810,#5133,.T.);
#3367=EDGE_CURVE('',#4132,#3809,#5134,.T.);
#3368=EDGE_CURVE('',#4133,#3808,#5135,.T.);
#3369=EDGE_CURVE('',#4134,#3807,#5136,.T.);
#3370=EDGE_CURVE('',#4135,#3806,#5137,.T.);
#3371=EDGE_CURVE('',#4136,#3805,#5138,.T.);
#3372=EDGE_CURVE('',#4137,#3804,#5139,.T.);
#3373=EDGE_CURVE('',#4138,#3803,#5140,.T.);
#3374=EDGE_CURVE('',#4125,#3802,#5141,.T.);
#3375=EDGE_CURVE('',#3872,#4110,#5142,.T.);
#3376=EDGE_CURVE('',#3873,#4123,#5143,.T.);
#3377=EDGE_CURVE('',#3874,#4122,#5144,.T.);
#3378=EDGE_CURVE('',#3875,#4121,#5145,.T.);
#3379=EDGE_CURVE('',#3876,#4120,#5146,.T.);
#3380=EDGE_CURVE('',#3877,#4119,#5147,.T.);
#3381=EDGE_CURVE('',#3878,#4118,#5148,.T.);
#3382=EDGE_CURVE('',#3879,#4117,#5149,.T.);
#3383=EDGE_CURVE('',#3880,#4116,#5150,.T.);
#3384=EDGE_CURVE('',#3881,#4115,#5151,.T.);
#3385=EDGE_CURVE('',#3882,#4114,#5152,.T.);
#3386=EDGE_CURVE('',#3883,#4113,#5153,.T.);
#3387=EDGE_CURVE('',#3867,#4112,#5154,.T.);
#3388=EDGE_CURVE('',#3889,#3844,#5155,.T.);
#3389=EDGE_CURVE('',#3890,#3843,#5156,.T.);
#3390=EDGE_CURVE('',#3891,#3842,#5157,.T.);
#3391=EDGE_CURVE('',#3892,#3841,#5158,.T.);
#3392=EDGE_CURVE('',#3893,#3840,#5159,.T.);
#3393=EDGE_CURVE('',#3894,#3839,#5160,.T.);
#3394=EDGE_CURVE('',#3895,#3838,#5161,.T.);
#3395=EDGE_CURVE('',#3896,#3837,#5162,.T.);
#3396=EDGE_CURVE('',#3897,#3836,#5163,.T.);
#3397=EDGE_CURVE('',#3898,#3835,#5164,.T.);
#3398=EDGE_CURVE('',#3899,#3834,#5165,.T.);
#3399=EDGE_CURVE('',#3900,#3833,#5166,.T.);
#3400=EDGE_CURVE('',#3885,#3832,#5167,.T.);
#3401=EDGE_CURVE('',#3855,#3829,#5168,.T.);
#3402=EDGE_CURVE('',#3856,#3828,#5169,.T.);
#3403=EDGE_CURVE('',#3857,#3827,#5170,.T.);
#3404=EDGE_CURVE('',#3858,#3826,#5171,.T.);
#3405=EDGE_CURVE('',#3859,#3825,#5172,.T.);
#3406=EDGE_CURVE('',#3860,#3824,#5173,.T.);
#3407=EDGE_CURVE('',#3861,#3823,#5174,.T.);
#3408=EDGE_CURVE('',#3862,#3822,#5175,.T.);
#3409=EDGE_CURVE('',#3863,#3821,#5176,.T.);
#3410=EDGE_CURVE('',#3864,#3820,#5177,.T.);
#3411=EDGE_CURVE('',#3865,#3819,#5178,.T.);
#3412=EDGE_CURVE('',#3866,#3818,#5179,.T.);
#3413=EDGE_CURVE('',#3850,#3817,#5180,.T.);
#3414=EDGE_CURVE('',#3849,#3760,#5181,.T.);
#3415=EDGE_CURVE('',#3846,#3753,#5182,.T.);
#3416=EDGE_CURVE('',#4181,#4182,#5183,.T.);
#3417=EDGE_CURVE('',#4183,#4182,#5184,.T.);
#3418=EDGE_CURVE('',#4184,#4183,#5185,.T.);
#3419=EDGE_CURVE('',#4184,#4181,#5186,.T.);
#3420=EDGE_CURVE('',#4182,#4185,#5187,.T.);
#3421=EDGE_CURVE('',#4186,#4185,#5188,.T.);
#3422=EDGE_CURVE('',#4183,#4186,#5189,.T.);
#3423=EDGE_CURVE('',#4185,#4187,#5190,.T.);
#3424=EDGE_CURVE('',#4188,#4187,#5191,.T.);
#3425=EDGE_CURVE('',#4186,#4188,#5192,.T.);
#3426=EDGE_CURVE('',#4187,#4189,#5193,.T.);
#3427=EDGE_CURVE('',#4190,#4189,#5194,.T.);
#3428=EDGE_CURVE('',#4188,#4190,#5195,.T.);
#3429=EDGE_CURVE('',#4189,#4191,#5196,.T.);
#3430=EDGE_CURVE('',#4192,#4191,#5197,.T.);
#3431=EDGE_CURVE('',#4190,#4192,#5198,.T.);
#3432=EDGE_CURVE('',#4191,#4193,#5199,.T.);
#3433=EDGE_CURVE('',#4194,#4193,#5200,.T.);
#3434=EDGE_CURVE('',#4192,#4194,#5201,.T.);
#3435=EDGE_CURVE('',#4193,#4195,#5202,.T.);
#3436=EDGE_CURVE('',#4196,#4195,#5203,.T.);
#3437=EDGE_CURVE('',#4194,#4196,#5204,.T.);
#3438=EDGE_CURVE('',#4195,#4197,#5205,.T.);
#3439=EDGE_CURVE('',#4198,#4197,#5206,.T.);
#3440=EDGE_CURVE('',#4196,#4198,#5207,.T.);
#3441=EDGE_CURVE('',#4197,#4199,#5208,.T.);
#3442=EDGE_CURVE('',#4200,#4199,#5209,.T.);
#3443=EDGE_CURVE('',#4198,#4200,#5210,.T.);
#3444=EDGE_CURVE('',#4201,#4199,#164,.T.);
#3445=EDGE_CURVE('',#4202,#4201,#5211,.T.);
#3446=EDGE_CURVE('',#4202,#4200,#165,.T.);
#3447=EDGE_CURVE('',#4201,#4203,#5212,.T.);
#3448=EDGE_CURVE('',#4204,#4203,#5213,.T.);
#3449=EDGE_CURVE('',#4202,#4204,#5214,.T.);
#3450=EDGE_CURVE('',#4203,#4205,#5215,.T.);
#3451=EDGE_CURVE('',#4206,#4205,#5216,.T.);
#3452=EDGE_CURVE('',#4204,#4206,#5217,.T.);
#3453=EDGE_CURVE('',#4205,#4207,#5218,.T.);
#3454=EDGE_CURVE('',#4208,#4207,#5219,.T.);
#3455=EDGE_CURVE('',#4206,#4208,#5220,.T.);
#3456=EDGE_CURVE('',#4207,#4209,#5221,.T.);
#3457=EDGE_CURVE('',#4210,#4209,#5222,.T.);
#3458=EDGE_CURVE('',#4208,#4210,#5223,.T.);
#3459=EDGE_CURVE('',#4209,#4211,#5224,.T.);
#3460=EDGE_CURVE('',#4212,#4211,#5225,.T.);
#3461=EDGE_CURVE('',#4210,#4212,#5226,.T.);
#3462=EDGE_CURVE('',#4211,#4213,#5227,.T.);
#3463=EDGE_CURVE('',#4214,#4213,#5228,.T.);
#3464=EDGE_CURVE('',#4212,#4214,#5229,.T.);
#3465=EDGE_CURVE('',#4213,#4215,#5230,.T.);
#3466=EDGE_CURVE('',#4216,#4215,#5231,.T.);
#3467=EDGE_CURVE('',#4214,#4216,#5232,.T.);
#3468=EDGE_CURVE('',#4215,#4217,#5233,.T.);
#3469=EDGE_CURVE('',#4218,#4217,#5234,.T.);
#3470=EDGE_CURVE('',#4216,#4218,#5235,.T.);
#3471=EDGE_CURVE('',#4217,#4219,#5236,.T.);
#3472=EDGE_CURVE('',#4220,#4219,#5237,.T.);
#3473=EDGE_CURVE('',#4218,#4220,#5238,.T.);
#3474=EDGE_CURVE('',#4219,#4221,#5239,.T.);
#3475=EDGE_CURVE('',#4222,#4221,#5240,.T.);
#3476=EDGE_CURVE('',#4220,#4222,#5241,.T.);
#3477=EDGE_CURVE('',#4223,#4221,#166,.T.);
#3478=EDGE_CURVE('',#4224,#4223,#5242,.T.);
#3479=EDGE_CURVE('',#4224,#4222,#167,.T.);
#3480=EDGE_CURVE('',#4223,#4225,#5243,.T.);
#3481=EDGE_CURVE('',#4226,#4225,#5244,.T.);
#3482=EDGE_CURVE('',#4224,#4226,#5245,.T.);
#3483=EDGE_CURVE('',#4225,#4227,#5246,.T.);
#3484=EDGE_CURVE('',#4228,#4227,#5247,.T.);
#3485=EDGE_CURVE('',#4226,#4228,#5248,.T.);
#3486=EDGE_CURVE('',#4227,#4229,#5249,.T.);
#3487=EDGE_CURVE('',#4230,#4229,#5250,.T.);
#3488=EDGE_CURVE('',#4228,#4230,#5251,.T.);
#3489=EDGE_CURVE('',#4229,#4231,#5252,.T.);
#3490=EDGE_CURVE('',#4232,#4231,#5253,.T.);
#3491=EDGE_CURVE('',#4230,#4232,#5254,.T.);
#3492=EDGE_CURVE('',#4233,#4231,#168,.T.);
#3493=EDGE_CURVE('',#4234,#4233,#5255,.T.);
#3494=EDGE_CURVE('',#4234,#4232,#169,.T.);
#3495=EDGE_CURVE('',#4233,#4181,#5256,.T.);
#3496=EDGE_CURVE('',#4234,#4184,#5257,.T.);
#3497=VERTEX_POINT('',#10255);
#3498=VERTEX_POINT('',#10256);
#3499=VERTEX_POINT('',#10258);
#3500=VERTEX_POINT('',#10260);
#3501=VERTEX_POINT('',#10262);
#3502=VERTEX_POINT('',#10264);
#3503=VERTEX_POINT('',#10266);
#3504=VERTEX_POINT('',#10268);
#3505=VERTEX_POINT('',#10270);
#3506=VERTEX_POINT('',#10272);
#3507=VERTEX_POINT('',#10274);
#3508=VERTEX_POINT('',#10276);
#3509=VERTEX_POINT('',#10278);
#3510=VERTEX_POINT('',#10280);
#3511=VERTEX_POINT('',#10282);
#3512=VERTEX_POINT('',#10284);
#3513=VERTEX_POINT('',#10286);
#3514=VERTEX_POINT('',#10288);
#3515=VERTEX_POINT('',#10290);
#3516=VERTEX_POINT('',#10292);
#3517=VERTEX_POINT('',#10294);
#3518=VERTEX_POINT('',#10296);
#3519=VERTEX_POINT('',#10298);
#3520=VERTEX_POINT('',#10300);
#3521=VERTEX_POINT('',#10302);
#3522=VERTEX_POINT('',#10304);
#3523=VERTEX_POINT('',#10306);
#3524=VERTEX_POINT('',#10308);
#3525=VERTEX_POINT('',#10310);
#3526=VERTEX_POINT('',#10312);
#3527=VERTEX_POINT('',#10314);
#3528=VERTEX_POINT('',#10316);
#3529=VERTEX_POINT('',#10320);
#3530=VERTEX_POINT('',#10321);
#3531=VERTEX_POINT('',#10323);
#3532=VERTEX_POINT('',#10325);
#3533=VERTEX_POINT('',#10328);
#3534=VERTEX_POINT('',#10330);
#3535=VERTEX_POINT('',#10332);
#3536=VERTEX_POINT('',#10334);
#3537=VERTEX_POINT('',#10336);
#3538=VERTEX_POINT('',#10338);
#3539=VERTEX_POINT('',#10342);
#3540=VERTEX_POINT('',#10343);
#3541=VERTEX_POINT('',#10345);
#3542=VERTEX_POINT('',#10347);
#3543=VERTEX_POINT('',#10350);
#3544=VERTEX_POINT('',#10352);
#3545=VERTEX_POINT('',#10354);
#3546=VERTEX_POINT('',#10356);
#3547=VERTEX_POINT('',#10358);
#3548=VERTEX_POINT('',#10360);
#3549=VERTEX_POINT('',#10364);
#3550=VERTEX_POINT('',#10365);
#3551=VERTEX_POINT('',#10367);
#3552=VERTEX_POINT('',#10370);
#3553=VERTEX_POINT('',#10372);
#3554=VERTEX_POINT('',#10375);
#3555=VERTEX_POINT('',#10377);
#3556=VERTEX_POINT('',#10380);
#3557=VERTEX_POINT('',#10382);
#3558=VERTEX_POINT('',#10384);
#3559=VERTEX_POINT('',#10388);
#3560=VERTEX_POINT('',#10389);
#3561=VERTEX_POINT('',#10391);
#3562=VERTEX_POINT('',#10393);
#3563=VERTEX_POINT('',#10395);
#3564=VERTEX_POINT('',#10397);
#3565=VERTEX_POINT('',#10399);
#3566=VERTEX_POINT('',#10401);
#3567=VERTEX_POINT('',#10405);
#3568=VERTEX_POINT('',#10406);
#3569=VERTEX_POINT('',#10408);
#3570=VERTEX_POINT('',#10410);
#3571=VERTEX_POINT('',#10412);
#3572=VERTEX_POINT('',#10414);
#3573=VERTEX_POINT('',#10416);
#3574=VERTEX_POINT('',#10418);
#3575=VERTEX_POINT('',#10422);
#3576=VERTEX_POINT('',#10424);
#3577=VERTEX_POINT('',#10426);
#3578=VERTEX_POINT('',#10430);
#3579=VERTEX_POINT('',#10431);
#3580=VERTEX_POINT('',#10433);
#3581=VERTEX_POINT('',#10435);
#3582=VERTEX_POINT('',#10439);
#3583=VERTEX_POINT('',#10440);
#3584=VERTEX_POINT('',#10442);
#3585=VERTEX_POINT('',#10445);
#3586=VERTEX_POINT('',#10447);
#3587=VERTEX_POINT('',#10449);
#3588=VERTEX_POINT('',#10451);
#3589=VERTEX_POINT('',#10454);
#3590=VERTEX_POINT('',#10459);
#3591=VERTEX_POINT('',#10460);
#3592=VERTEX_POINT('',#10462);
#3593=VERTEX_POINT('',#10464);
#3594=VERTEX_POINT('',#10468);
#3595=VERTEX_POINT('',#10469);
#3596=VERTEX_POINT('',#10471);
#3597=VERTEX_POINT('',#10474);
#3598=VERTEX_POINT('',#10476);
#3599=VERTEX_POINT('',#10478);
#3600=VERTEX_POINT('',#10480);
#3601=VERTEX_POINT('',#10483);
#3602=VERTEX_POINT('',#10488);
#3603=VERTEX_POINT('',#10489);
#3604=VERTEX_POINT('',#10492);
#3605=VERTEX_POINT('',#10496);
#3606=VERTEX_POINT('',#10497);
#3607=VERTEX_POINT('',#10500);
#3608=VERTEX_POINT('',#10503);
#3609=VERTEX_POINT('',#10505);
#3610=VERTEX_POINT('',#10507);
#3611=VERTEX_POINT('',#10509);
#3612=VERTEX_POINT('',#10512);
#3613=VERTEX_POINT('',#10516);
#3614=VERTEX_POINT('',#10517);
#3615=VERTEX_POINT('',#10520);
#3616=VERTEX_POINT('',#10523);
#3617=VERTEX_POINT('',#10525);
#3618=VERTEX_POINT('',#10527);
#3619=VERTEX_POINT('',#10529);
#3620=VERTEX_POINT('',#10532);
#3621=VERTEX_POINT('',#10536);
#3622=VERTEX_POINT('',#10537);
#3623=VERTEX_POINT('',#10545);
#3624=VERTEX_POINT('',#10547);
#3625=VERTEX_POINT('',#10554);
#3626=VERTEX_POINT('',#10556);
#3627=VERTEX_POINT('',#10558);
#3628=VERTEX_POINT('',#10560);
#3629=VERTEX_POINT('',#10564);
#3630=VERTEX_POINT('',#10566);
#3631=VERTEX_POINT('',#10570);
#3632=VERTEX_POINT('',#10572);
#3633=VERTEX_POINT('',#10576);
#3634=VERTEX_POINT('',#10578);
#3635=VERTEX_POINT('',#10582);
#3636=VERTEX_POINT('',#10583);
#3637=VERTEX_POINT('',#10585);
#3638=VERTEX_POINT('',#10587);
#3639=VERTEX_POINT('',#10592);
#3640=VERTEX_POINT('',#10594);
#3641=VERTEX_POINT('',#10598);
#3642=VERTEX_POINT('',#10600);
#3643=VERTEX_POINT('',#10602);
#3644=VERTEX_POINT('',#10604);
#3645=VERTEX_POINT('',#10608);
#3646=VERTEX_POINT('',#10610);
#3647=VERTEX_POINT('',#10615);
#3648=VERTEX_POINT('',#10617);
#3649=VERTEX_POINT('',#10627);
#3650=VERTEX_POINT('',#10629);
#3651=VERTEX_POINT('',#10631);
#3652=VERTEX_POINT('',#10634);
#3653=VERTEX_POINT('',#10638);
#3654=VERTEX_POINT('',#10642);
#3655=VERTEX_POINT('',#10648);
#3656=VERTEX_POINT('',#10652);
#3657=VERTEX_POINT('',#10658);
#3658=VERTEX_POINT('',#10660);
#3659=VERTEX_POINT('',#10663);
#3660=VERTEX_POINT('',#10665);
#3661=VERTEX_POINT('',#10668);
#3662=VERTEX_POINT('',#10670);
#3663=VERTEX_POINT('',#10673);
#3664=VERTEX_POINT('',#10675);
#3665=VERTEX_POINT('',#10679);
#3666=VERTEX_POINT('',#10681);
#3667=VERTEX_POINT('',#10689);
#3668=VERTEX_POINT('',#10690);
#3669=VERTEX_POINT('',#10699);
#3670=VERTEX_POINT('',#10701);
#3671=VERTEX_POINT('',#10709);
#3672=VERTEX_POINT('',#10710);
#3673=VERTEX_POINT('',#10725);
#3674=VERTEX_POINT('',#10729);
#3675=VERTEX_POINT('',#10736);
#3676=VERTEX_POINT('',#10740);
#3677=VERTEX_POINT('',#10747);
#3678=VERTEX_POINT('',#10751);
#3679=VERTEX_POINT('',#10758);
#3680=VERTEX_POINT('',#10762);
#3681=VERTEX_POINT('',#10769);
#3682=VERTEX_POINT('',#10770);
#3683=VERTEX_POINT('',#10772);
#3684=VERTEX_POINT('',#10774);
#3685=VERTEX_POINT('',#10776);
#3686=VERTEX_POINT('',#10778);
#3687=VERTEX_POINT('',#10781);
#3688=VERTEX_POINT('',#10782);
#3689=VERTEX_POINT('',#10784);
#3690=VERTEX_POINT('',#10786);
#3691=VERTEX_POINT('',#10788);
#3692=VERTEX_POINT('',#10790);
#3693=VERTEX_POINT('',#10793);
#3694=VERTEX_POINT('',#10794);
#3695=VERTEX_POINT('',#10796);
#3696=VERTEX_POINT('',#10798);
#3697=VERTEX_POINT('',#10800);
#3698=VERTEX_POINT('',#10802);
#3699=VERTEX_POINT('',#10804);
#3700=VERTEX_POINT('',#10806);
#3701=VERTEX_POINT('',#10808);
#3702=VERTEX_POINT('',#10811);
#3703=VERTEX_POINT('',#10813);
#3704=VERTEX_POINT('',#10816);
#3705=VERTEX_POINT('',#10818);
#3706=VERTEX_POINT('',#10821);
#3707=VERTEX_POINT('',#10823);
#3708=VERTEX_POINT('',#10825);
#3709=VERTEX_POINT('',#10829);
#3710=VERTEX_POINT('',#10831);
#3711=VERTEX_POINT('',#10834);
#3712=VERTEX_POINT('',#10836);
#3713=VERTEX_POINT('',#10840);
#3714=VERTEX_POINT('',#10844);
#3715=VERTEX_POINT('',#10853);
#3716=VERTEX_POINT('',#10857);
#3717=VERTEX_POINT('',#10866);
#3718=VERTEX_POINT('',#10870);
#3719=VERTEX_POINT('',#10877);
#3720=VERTEX_POINT('',#10879);
#3721=VERTEX_POINT('',#10890);
#3722=VERTEX_POINT('',#10892);
#3723=VERTEX_POINT('',#10896);
#3724=VERTEX_POINT('',#10900);
#3725=VERTEX_POINT('',#10909);
#3726=VERTEX_POINT('',#10911);
#3727=VERTEX_POINT('',#10915);
#3728=VERTEX_POINT('',#10919);
#3729=VERTEX_POINT('',#10923);
#3730=VERTEX_POINT('',#10927);
#3731=VERTEX_POINT('',#10934);
#3732=VERTEX_POINT('',#10936);
#3733=VERTEX_POINT('',#10940);
#3734=VERTEX_POINT('',#10944);
#3735=VERTEX_POINT('',#10953);
#3736=VERTEX_POINT('',#10955);
#3737=VERTEX_POINT('',#10959);
#3738=VERTEX_POINT('',#10963);
#3739=VERTEX_POINT('',#10967);
#3740=VERTEX_POINT('',#10971);
#3741=VERTEX_POINT('',#10978);
#3742=VERTEX_POINT('',#10979);
#3743=VERTEX_POINT('',#10981);
#3744=VERTEX_POINT('',#10983);
#3745=VERTEX_POINT('',#10987);
#3746=VERTEX_POINT('',#10989);
#3747=VERTEX_POINT('',#11001);
#3748=VERTEX_POINT('',#11003);
#3749=VERTEX_POINT('',#11007);
#3750=VERTEX_POINT('',#11009);
#3751=VERTEX_POINT('',#11013);
#3752=VERTEX_POINT('',#11015);
#3753=VERTEX_POINT('',#11025);
#3754=VERTEX_POINT('',#11026);
#3755=VERTEX_POINT('',#11028);
#3756=VERTEX_POINT('',#11030);
#3757=VERTEX_POINT('',#11032);
#3758=VERTEX_POINT('',#11034);
#3759=VERTEX_POINT('',#11036);
#3760=VERTEX_POINT('',#11040);
#3761=VERTEX_POINT('',#11041);
#3762=VERTEX_POINT('',#11043);
#3763=VERTEX_POINT('',#11045);
#3764=VERTEX_POINT('',#11047);
#3765=VERTEX_POINT('',#11049);
#3766=VERTEX_POINT('',#11051);
#3767=VERTEX_POINT('',#11055);
#3768=VERTEX_POINT('',#11057);
#3769=VERTEX_POINT('',#11059);
#3770=VERTEX_POINT('',#11061);
#3771=VERTEX_POINT('',#11063);
#3772=VERTEX_POINT('',#11065);
#3773=VERTEX_POINT('',#11067);
#3774=VERTEX_POINT('',#11069);
#3775=VERTEX_POINT('',#11071);
#3776=VERTEX_POINT('',#11073);
#3777=VERTEX_POINT('',#11077);
#3778=VERTEX_POINT('',#11079);
#3779=VERTEX_POINT('',#11081);
#3780=VERTEX_POINT('',#11083);
#3781=VERTEX_POINT('',#11085);
#3782=VERTEX_POINT('',#11087);
#3783=VERTEX_POINT('',#11091);
#3784=VERTEX_POINT('',#11093);
#3785=VERTEX_POINT('',#11095);
#3786=VERTEX_POINT('',#11097);
#3787=VERTEX_POINT('',#11099);
#3788=VERTEX_POINT('',#11101);
#3789=VERTEX_POINT('',#11105);
#3790=VERTEX_POINT('',#11107);
#3791=VERTEX_POINT('',#11109);
#3792=VERTEX_POINT('',#11111);
#3793=VERTEX_POINT('',#11113);
#3794=VERTEX_POINT('',#11115);
#3795=VERTEX_POINT('',#11119);
#3796=VERTEX_POINT('',#11121);
#3797=VERTEX_POINT('',#11123);
#3798=VERTEX_POINT('',#11125);
#3799=VERTEX_POINT('',#11127);
#3800=VERTEX_POINT('',#11129);
#3801=VERTEX_POINT('',#11133);
#3802=VERTEX_POINT('',#11135);
#3803=VERTEX_POINT('',#11137);
#3804=VERTEX_POINT('',#11139);
#3805=VERTEX_POINT('',#11141);
#3806=VERTEX_POINT('',#11143);
#3807=VERTEX_POINT('',#11145);
#3808=VERTEX_POINT('',#11147);
#3809=VERTEX_POINT('',#11149);
#3810=VERTEX_POINT('',#11151);
#3811=VERTEX_POINT('',#11153);
#3812=VERTEX_POINT('',#11155);
#3813=VERTEX_POINT('',#11157);
#3814=VERTEX_POINT('',#11159);
#3815=VERTEX_POINT('',#11161);
#3816=VERTEX_POINT('',#11165);
#3817=VERTEX_POINT('',#11167);
#3818=VERTEX_POINT('',#11169);
#3819=VERTEX_POINT('',#11171);
#3820=VERTEX_POINT('',#11173);
#3821=VERTEX_POINT('',#11175);
#3822=VERTEX_POINT('',#11177);
#3823=VERTEX_POINT('',#11179);
#3824=VERTEX_POINT('',#11181);
#3825=VERTEX_POINT('',#11183);
#3826=VERTEX_POINT('',#11185);
#3827=VERTEX_POINT('',#11187);
#3828=VERTEX_POINT('',#11189);
#3829=VERTEX_POINT('',#11191);
#3830=VERTEX_POINT('',#11193);
#3831=VERTEX_POINT('',#11197);
#3832=VERTEX_POINT('',#11199);
#3833=VERTEX_POINT('',#11201);
#3834=VERTEX_POINT('',#11203);
#3835=VERTEX_POINT('',#11205);
#3836=VERTEX_POINT('',#11207);
#3837=VERTEX_POINT('',#11209);
#3838=VERTEX_POINT('',#11211);
#3839=VERTEX_POINT('',#11213);
#3840=VERTEX_POINT('',#11215);
#3841=VERTEX_POINT('',#11217);
#3842=VERTEX_POINT('',#11219);
#3843=VERTEX_POINT('',#11221);
#3844=VERTEX_POINT('',#11223);
#3845=VERTEX_POINT('',#11225);
#3846=VERTEX_POINT('',#11229);
#3847=VERTEX_POINT('',#11231);
#3848=VERTEX_POINT('',#11233);
#3849=VERTEX_POINT('',#11238);
#3850=VERTEX_POINT('',#11244);
#3851=VERTEX_POINT('',#11245);
#3852=VERTEX_POINT('',#11247);
#3853=VERTEX_POINT('',#11249);
#3854=VERTEX_POINT('',#11251);
#3855=VERTEX_POINT('',#11253);
#3856=VERTEX_POINT('',#11255);
#3857=VERTEX_POINT('',#11257);
#3858=VERTEX_POINT('',#11259);
#3859=VERTEX_POINT('',#11261);
#3860=VERTEX_POINT('',#11263);
#3861=VERTEX_POINT('',#11265);
#3862=VERTEX_POINT('',#11267);
#3863=VERTEX_POINT('',#11269);
#3864=VERTEX_POINT('',#11271);
#3865=VERTEX_POINT('',#11273);
#3866=VERTEX_POINT('',#11275);
#3867=VERTEX_POINT('',#11279);
#3868=VERTEX_POINT('',#11280);
#3869=VERTEX_POINT('',#11282);
#3870=VERTEX_POINT('',#11284);
#3871=VERTEX_POINT('',#11286);
#3872=VERTEX_POINT('',#11288);
#3873=VERTEX_POINT('',#11290);
#3874=VERTEX_POINT('',#11292);
#3875=VERTEX_POINT('',#11294);
#3876=VERTEX_POINT('',#11296);
#3877=VERTEX_POINT('',#11298);
#3878=VERTEX_POINT('',#11300);
#3879=VERTEX_POINT('',#11302);
#3880=VERTEX_POINT('',#11304);
#3881=VERTEX_POINT('',#11306);
#3882=VERTEX_POINT('',#11308);
#3883=VERTEX_POINT('',#11310);
#3884=VERTEX_POINT('',#11314);
#3885=VERTEX_POINT('',#11315);
#3886=VERTEX_POINT('',#11317);
#3887=VERTEX_POINT('',#11319);
#3888=VERTEX_POINT('',#11321);
#3889=VERTEX_POINT('',#11323);
#3890=VERTEX_POINT('',#11325);
#3891=VERTEX_POINT('',#11327);
#3892=VERTEX_POINT('',#11329);
#3893=VERTEX_POINT('',#11331);
#3894=VERTEX_POINT('',#11333);
#3895=VERTEX_POINT('',#11335);
#3896=VERTEX_POINT('',#11337);
#3897=VERTEX_POINT('',#11339);
#3898=VERTEX_POINT('',#11341);
#3899=VERTEX_POINT('',#11343);
#3900=VERTEX_POINT('',#11345);
#3901=VERTEX_POINT('',#11349);
#3902=VERTEX_POINT('',#11350);
#3903=VERTEX_POINT('',#11352);
#3904=VERTEX_POINT('',#11354);
#3905=VERTEX_POINT('',#11356);
#3906=VERTEX_POINT('',#11358);
#3907=VERTEX_POINT('',#11362);
#3908=VERTEX_POINT('',#11363);
#3909=VERTEX_POINT('',#11365);
#3910=VERTEX_POINT('',#11367);
#3911=VERTEX_POINT('',#11369);
#3912=VERTEX_POINT('',#11371);
#3913=VERTEX_POINT('',#11375);
#3914=VERTEX_POINT('',#11376);
#3915=VERTEX_POINT('',#11378);
#3916=VERTEX_POINT('',#11380);
#3917=VERTEX_POINT('',#11382);
#3918=VERTEX_POINT('',#11384);
#3919=VERTEX_POINT('',#11388);
#3920=VERTEX_POINT('',#11389);
#3921=VERTEX_POINT('',#11394);
#3922=VERTEX_POINT('',#11395);
#3923=VERTEX_POINT('',#11400);
#3924=VERTEX_POINT('',#11401);
#3925=VERTEX_POINT('',#11406);
#3926=VERTEX_POINT('',#11407);
#3927=VERTEX_POINT('',#11409);
#3928=VERTEX_POINT('',#11412);
#3929=VERTEX_POINT('',#11416);
#3930=VERTEX_POINT('',#11417);
#3931=VERTEX_POINT('',#11419);
#3932=VERTEX_POINT('',#11422);
#3933=VERTEX_POINT('',#11426);
#3934=VERTEX_POINT('',#11427);
#3935=VERTEX_POINT('',#11429);
#3936=VERTEX_POINT('',#11432);
#3937=VERTEX_POINT('',#11436);
#3938=VERTEX_POINT('',#11437);
#3939=VERTEX_POINT('',#11442);
#3940=VERTEX_POINT('',#11443);
#3941=VERTEX_POINT('',#11448);
#3942=VERTEX_POINT('',#11449);
#3943=VERTEX_POINT('',#11454);
#3944=VERTEX_POINT('',#11455);
#3945=VERTEX_POINT('',#11458);
#3946=VERTEX_POINT('',#11460);
#3947=VERTEX_POINT('',#11464);
#3948=VERTEX_POINT('',#11465);
#3949=VERTEX_POINT('',#11468);
#3950=VERTEX_POINT('',#11470);
#3951=VERTEX_POINT('',#11474);
#3952=VERTEX_POINT('',#11475);
#3953=VERTEX_POINT('',#11478);
#3954=VERTEX_POINT('',#11480);
#3955=VERTEX_POINT('',#11484);
#3956=VERTEX_POINT('',#11485);
#3957=VERTEX_POINT('',#11490);
#3958=VERTEX_POINT('',#11491);
#3959=VERTEX_POINT('',#11496);
#3960=VERTEX_POINT('',#11497);
#3961=VERTEX_POINT('',#11502);
#3962=VERTEX_POINT('',#11503);
#3963=VERTEX_POINT('',#11505);
#3964=VERTEX_POINT('',#11508);
#3965=VERTEX_POINT('',#11512);
#3966=VERTEX_POINT('',#11513);
#3967=VERTEX_POINT('',#11515);
#3968=VERTEX_POINT('',#11518);
#3969=VERTEX_POINT('',#11522);
#3970=VERTEX_POINT('',#11523);
#3971=VERTEX_POINT('',#11525);
#3972=VERTEX_POINT('',#11528);
#3973=VERTEX_POINT('',#11532);
#3974=VERTEX_POINT('',#11533);
#3975=VERTEX_POINT('',#11538);
#3976=VERTEX_POINT('',#11539);
#3977=VERTEX_POINT('',#11544);
#3978=VERTEX_POINT('',#11545);
#3979=VERTEX_POINT('',#11550);
#3980=VERTEX_POINT('',#11551);
#3981=VERTEX_POINT('',#11554);
#3982=VERTEX_POINT('',#11556);
#3983=VERTEX_POINT('',#11560);
#3984=VERTEX_POINT('',#11561);
#3985=VERTEX_POINT('',#11564);
#3986=VERTEX_POINT('',#11566);
#3987=VERTEX_POINT('',#11570);
#3988=VERTEX_POINT('',#11571);
#3989=VERTEX_POINT('',#11574);
#3990=VERTEX_POINT('',#11576);
#3991=VERTEX_POINT('',#11580);
#3992=VERTEX_POINT('',#11581);
#3993=VERTEX_POINT('',#11586);
#3994=VERTEX_POINT('',#11587);
#3995=VERTEX_POINT('',#11592);
#3996=VERTEX_POINT('',#11593);
#3997=VERTEX_POINT('',#11598);
#3998=VERTEX_POINT('',#11599);
#3999=VERTEX_POINT('',#11601);
#4000=VERTEX_POINT('',#11604);
#4001=VERTEX_POINT('',#11608);
#4002=VERTEX_POINT('',#11609);
#4003=VERTEX_POINT('',#11611);
#4004=VERTEX_POINT('',#11614);
#4005=VERTEX_POINT('',#11618);
#4006=VERTEX_POINT('',#11619);
#4007=VERTEX_POINT('',#11621);
#4008=VERTEX_POINT('',#11624);
#4009=VERTEX_POINT('',#11628);
#4010=VERTEX_POINT('',#11629);
#4011=VERTEX_POINT('',#11634);
#4012=VERTEX_POINT('',#11635);
#4013=VERTEX_POINT('',#11640);
#4014=VERTEX_POINT('',#11641);
#4015=VERTEX_POINT('',#11646);
#4016=VERTEX_POINT('',#11647);
#4017=VERTEX_POINT('',#11650);
#4018=VERTEX_POINT('',#11652);
#4019=VERTEX_POINT('',#11656);
#4020=VERTEX_POINT('',#11657);
#4021=VERTEX_POINT('',#11660);
#4022=VERTEX_POINT('',#11662);
#4023=VERTEX_POINT('',#11666);
#4024=VERTEX_POINT('',#11667);
#4025=VERTEX_POINT('',#11670);
#4026=VERTEX_POINT('',#11672);
#4027=VERTEX_POINT('',#11676);
#4028=VERTEX_POINT('',#11677);
#4029=VERTEX_POINT('',#11682);
#4030=VERTEX_POINT('',#11683);
#4031=VERTEX_POINT('',#11688);
#4032=VERTEX_POINT('',#11689);
#4033=VERTEX_POINT('',#11694);
#4034=VERTEX_POINT('',#11695);
#4035=VERTEX_POINT('',#11698);
#4036=VERTEX_POINT('',#11700);
#4037=VERTEX_POINT('',#11704);
#4038=VERTEX_POINT('',#11706);
#4039=VERTEX_POINT('',#11708);
#4040=VERTEX_POINT('',#11710);
#4041=VERTEX_POINT('',#11714);
#4042=VERTEX_POINT('',#11715);
#4043=VERTEX_POINT('',#11718);
#4044=VERTEX_POINT('',#11720);
#4045=VERTEX_POINT('',#11730);
#4046=VERTEX_POINT('',#11731);
#4047=VERTEX_POINT('',#11736);
#4048=VERTEX_POINT('',#11737);
#4049=VERTEX_POINT('',#11742);
#4050=VERTEX_POINT('',#11743);
#4051=VERTEX_POINT('',#11748);
#4052=VERTEX_POINT('',#11749);
#4053=VERTEX_POINT('',#11751);
#4054=VERTEX_POINT('',#11753);
#4055=VERTEX_POINT('',#11766);
#4056=VERTEX_POINT('',#11767);
#4057=VERTEX_POINT('',#11769);
#4058=VERTEX_POINT('',#11771);
#4059=VERTEX_POINT('',#11773);
#4060=VERTEX_POINT('',#11775);
#4061=VERTEX_POINT('',#11779);
#4062=VERTEX_POINT('',#11780);
#4063=VERTEX_POINT('',#11785);
#4064=VERTEX_POINT('',#11786);
#4065=VERTEX_POINT('',#11788);
#4066=VERTEX_POINT('',#11791);
#4067=VERTEX_POINT('',#11795);
#4068=VERTEX_POINT('',#11796);
#4069=VERTEX_POINT('',#11801);
#4070=VERTEX_POINT('',#11802);
#4071=VERTEX_POINT('',#11805);
#4072=VERTEX_POINT('',#11807);
#4073=VERTEX_POINT('',#11811);
#4074=VERTEX_POINT('',#11812);
#4075=VERTEX_POINT('',#11817);
#4076=VERTEX_POINT('',#11818);
#4077=VERTEX_POINT('',#11820);
#4078=VERTEX_POINT('',#11823);
#4079=VERTEX_POINT('',#11827);
#4080=VERTEX_POINT('',#11828);
#4081=VERTEX_POINT('',#11833);
#4082=VERTEX_POINT('',#11834);
#4083=VERTEX_POINT('',#11837);
#4084=VERTEX_POINT('',#11839);
#4085=VERTEX_POINT('',#11843);
#4086=VERTEX_POINT('',#11844);
#4087=VERTEX_POINT('',#11849);
#4088=VERTEX_POINT('',#11850);
#4089=VERTEX_POINT('',#11852);
#4090=VERTEX_POINT('',#11855);
#4091=VERTEX_POINT('',#11859);
#4092=VERTEX_POINT('',#11860);
#4093=VERTEX_POINT('',#11865);
#4094=VERTEX_POINT('',#11866);
#4095=VERTEX_POINT('',#11869);
#4096=VERTEX_POINT('',#11871);
#4097=VERTEX_POINT('',#11875);
#4098=VERTEX_POINT('',#11876);
#4099=VERTEX_POINT('',#11881);
#4100=VERTEX_POINT('',#11883);
#4101=VERTEX_POINT('',#11885);
#4102=VERTEX_POINT('',#11887);
#4103=VERTEX_POINT('',#11891);
#4104=VERTEX_POINT('',#11893);
#4105=VERTEX_POINT('',#11897);
#4106=VERTEX_POINT('',#11899);
#4107=VERTEX_POINT('',#11902);
#4108=VERTEX_POINT('',#11905);
#4109=VERTEX_POINT('',#11910);
#4110=VERTEX_POINT('',#11911);
#4111=VERTEX_POINT('',#11914);
#4112=VERTEX_POINT('',#11916);
#4113=VERTEX_POINT('',#11918);
#4114=VERTEX_POINT('',#11920);
#4115=VERTEX_POINT('',#11922);
#4116=VERTEX_POINT('',#11924);
#4117=VERTEX_POINT('',#11926);
#4118=VERTEX_POINT('',#11928);
#4119=VERTEX_POINT('',#11930);
#4120=VERTEX_POINT('',#11932);
#4121=VERTEX_POINT('',#11934);
#4122=VERTEX_POINT('',#11936);
#4123=VERTEX_POINT('',#11938);
#4124=VERTEX_POINT('',#11942);
#4125=VERTEX_POINT('',#11943);
#4126=VERTEX_POINT('',#11946);
#4127=VERTEX_POINT('',#11948);
#4128=VERTEX_POINT('',#11950);
#4129=VERTEX_POINT('',#11952);
#4130=VERTEX_POINT('',#11954);
#4131=VERTEX_POINT('',#11956);
#4132=VERTEX_POINT('',#11958);
#4133=VERTEX_POINT('',#11960);
#4134=VERTEX_POINT('',#11962);
#4135=VERTEX_POINT('',#11964);
#4136=VERTEX_POINT('',#11966);
#4137=VERTEX_POINT('',#11968);
#4138=VERTEX_POINT('',#11970);
#4139=VERTEX_POINT('',#11974);
#4140=VERTEX_POINT('',#11975);
#4141=VERTEX_POINT('',#11983);
#4142=VERTEX_POINT('',#11984);
#4143=VERTEX_POINT('',#11986);
#4144=VERTEX_POINT('',#11988);
#4145=VERTEX_POINT('',#11992);
#4146=VERTEX_POINT('',#11993);
#4147=VERTEX_POINT('',#11995);
#4148=VERTEX_POINT('',#11997);
#4149=VERTEX_POINT('',#12001);
#4150=VERTEX_POINT('',#12002);
#4151=VERTEX_POINT('',#12015);
#4152=VERTEX_POINT('',#12017);
#4153=VERTEX_POINT('',#12027);
#4154=VERTEX_POINT('',#12029);
#4155=VERTEX_POINT('',#12041);
#4156=VERTEX_POINT('',#12042);
#4157=VERTEX_POINT('',#12082);
#4158=VERTEX_POINT('',#12084);
#4159=VERTEX_POINT('',#12086);
#4160=VERTEX_POINT('',#12088);
#4161=VERTEX_POINT('',#12091);
#4162=VERTEX_POINT('',#12092);
#4163=VERTEX_POINT('',#12094);
#4164=VERTEX_POINT('',#12096);
#4165=VERTEX_POINT('',#12100);
#4166=VERTEX_POINT('',#12101);
#4167=VERTEX_POINT('',#12103);
#4168=VERTEX_POINT('',#12105);
#4169=VERTEX_POINT('',#12114);
#4170=VERTEX_POINT('',#12115);
#4171=VERTEX_POINT('',#12117);
#4172=VERTEX_POINT('',#12119);
#4173=VERTEX_POINT('',#12127);
#4174=VERTEX_POINT('',#12128);
#4175=VERTEX_POINT('',#12133);
#4176=VERTEX_POINT('',#12134);
#4177=VERTEX_POINT('',#12142);
#4178=VERTEX_POINT('',#12143);
#4179=VERTEX_POINT('',#12148);
#4180=VERTEX_POINT('',#12149);
#4181=VERTEX_POINT('',#12320);
#4182=VERTEX_POINT('',#12321);
#4183=VERTEX_POINT('',#12323);
#4184=VERTEX_POINT('',#12325);
#4185=VERTEX_POINT('',#12329);
#4186=VERTEX_POINT('',#12331);
#4187=VERTEX_POINT('',#12335);
#4188=VERTEX_POINT('',#12337);
#4189=VERTEX_POINT('',#12341);
#4190=VERTEX_POINT('',#12343);
#4191=VERTEX_POINT('',#12347);
#4192=VERTEX_POINT('',#12349);
#4193=VERTEX_POINT('',#12353);
#4194=VERTEX_POINT('',#12355);
#4195=VERTEX_POINT('',#12359);
#4196=VERTEX_POINT('',#12361);
#4197=VERTEX_POINT('',#12365);
#4198=VERTEX_POINT('',#12367);
#4199=VERTEX_POINT('',#12371);
#4200=VERTEX_POINT('',#12373);
#4201=VERTEX_POINT('',#12377);
#4202=VERTEX_POINT('',#12379);
#4203=VERTEX_POINT('',#12383);
#4204=VERTEX_POINT('',#12385);
#4205=VERTEX_POINT('',#12389);
#4206=VERTEX_POINT('',#12391);
#4207=VERTEX_POINT('',#12395);
#4208=VERTEX_POINT('',#12397);
#4209=VERTEX_POINT('',#12401);
#4210=VERTEX_POINT('',#12403);
#4211=VERTEX_POINT('',#12407);
#4212=VERTEX_POINT('',#12409);
#4213=VERTEX_POINT('',#12413);
#4214=VERTEX_POINT('',#12415);
#4215=VERTEX_POINT('',#12419);
#4216=VERTEX_POINT('',#12421);
#4217=VERTEX_POINT('',#12425);
#4218=VERTEX_POINT('',#12427);
#4219=VERTEX_POINT('',#12431);
#4220=VERTEX_POINT('',#12433);
#4221=VERTEX_POINT('',#12437);
#4222=VERTEX_POINT('',#12439);
#4223=VERTEX_POINT('',#12443);
#4224=VERTEX_POINT('',#12445);
#4225=VERTEX_POINT('',#12449);
#4226=VERTEX_POINT('',#12451);
#4227=VERTEX_POINT('',#12455);
#4228=VERTEX_POINT('',#12457);
#4229=VERTEX_POINT('',#12461);
#4230=VERTEX_POINT('',#12463);
#4231=VERTEX_POINT('',#12467);
#4232=VERTEX_POINT('',#12469);
#4233=VERTEX_POINT('',#12473);
#4234=VERTEX_POINT('',#12475);
#4235=LINE('',#10254,#5258);
#4236=LINE('',#10257,#5259);
#4237=LINE('',#10259,#5260);
#4238=LINE('',#10261,#5261);
#4239=LINE('',#10263,#5262);
#4240=LINE('',#10265,#5263);
#4241=LINE('',#10267,#5264);
#4242=LINE('',#10269,#5265);
#4243=LINE('',#10271,#5266);
#4244=LINE('',#10273,#5267);
#4245=LINE('',#10275,#5268);
#4246=LINE('',#10277,#5269);
#4247=LINE('',#10279,#5270);
#4248=LINE('',#10281,#5271);
#4249=LINE('',#10283,#5272);
#4250=LINE('',#10285,#5273);
#4251=LINE('',#10287,#5274);
#4252=LINE('',#10289,#5275);
#4253=LINE('',#10291,#5276);
#4254=LINE('',#10293,#5277);
#4255=LINE('',#10295,#5278);
#4256=LINE('',#10297,#5279);
#4257=LINE('',#10299,#5280);
#4258=LINE('',#10301,#5281);
#4259=LINE('',#10303,#5282);
#4260=LINE('',#10305,#5283);
#4261=LINE('',#10307,#5284);
#4262=LINE('',#10309,#5285);
#4263=LINE('',#10311,#5286);
#4264=LINE('',#10313,#5287);
#4265=LINE('',#10315,#5288);
#4266=LINE('',#10317,#5289);
#4267=LINE('',#10319,#5290);
#4268=LINE('',#10322,#5291);
#4269=LINE('',#10324,#5292);
#4270=LINE('',#10326,#5293);
#4271=LINE('',#10327,#5294);
#4272=LINE('',#10329,#5295);
#4273=LINE('',#10331,#5296);
#4274=LINE('',#10333,#5297);
#4275=LINE('',#10335,#5298);
#4276=LINE('',#10337,#5299);
#4277=LINE('',#10339,#5300);
#4278=LINE('',#10341,#5301);
#4279=LINE('',#10344,#5302);
#4280=LINE('',#10346,#5303);
#4281=LINE('',#10348,#5304);
#4282=LINE('',#10349,#5305);
#4283=LINE('',#10351,#5306);
#4284=LINE('',#10353,#5307);
#4285=LINE('',#10355,#5308);
#4286=LINE('',#10357,#5309);
#4287=LINE('',#10359,#5310);
#4288=LINE('',#10361,#5311);
#4289=LINE('',#10363,#5312);
#4290=LINE('',#10366,#5313);
#4291=LINE('',#10368,#5314);
#4292=LINE('',#10369,#5315);
#4293=LINE('',#10371,#5316);
#4294=LINE('',#10373,#5317);
#4295=LINE('',#10374,#5318);
#4296=LINE('',#10376,#5319);
#4297=LINE('',#10378,#5320);
#4298=LINE('',#10379,#5321);
#4299=LINE('',#10381,#5322);
#4300=LINE('',#10383,#5323);
#4301=LINE('',#10385,#5324);
#4302=LINE('',#10387,#5325);
#4303=LINE('',#10390,#5326);
#4304=LINE('',#10392,#5327);
#4305=LINE('',#10394,#5328);
#4306=LINE('',#10396,#5329);
#4307=LINE('',#10398,#5330);
#4308=LINE('',#10400,#5331);
#4309=LINE('',#10402,#5332);
#4310=LINE('',#10404,#5333);
#4311=LINE('',#10407,#5334);
#4312=LINE('',#10409,#5335);
#4313=LINE('',#10411,#5336);
#4314=LINE('',#10413,#5337);
#4315=LINE('',#10415,#5338);
#4316=LINE('',#10417,#5339);
#4317=LINE('',#10419,#5340);
#4318=LINE('',#10421,#5341);
#4319=LINE('',#10423,#5342);
#4320=LINE('',#10425,#5343);
#4321=LINE('',#10427,#5344);
#4322=LINE('',#10429,#5345);
#4323=LINE('',#10432,#5346);
#4324=LINE('',#10434,#5347);
#4325=LINE('',#10436,#5348);
#4326=LINE('',#10438,#5349);
#4327=LINE('',#10441,#5350);
#4328=LINE('',#10443,#5351);
#4329=LINE('',#10444,#5352);
#4330=LINE('',#10446,#5353);
#4331=LINE('',#10448,#5354);
#4332=LINE('',#10450,#5355);
#4333=LINE('',#10452,#5356);
#4334=LINE('',#10453,#5357);
#4335=LINE('',#10455,#5358);
#4336=LINE('',#10456,#5359);
#4337=LINE('',#10458,#5360);
#4338=LINE('',#10461,#5361);
#4339=LINE('',#10463,#5362);
#4340=LINE('',#10465,#5363);
#4341=LINE('',#10467,#5364);
#4342=LINE('',#10470,#5365);
#4343=LINE('',#10472,#5366);
#4344=LINE('',#10473,#5367);
#4345=LINE('',#10475,#5368);
#4346=LINE('',#10477,#5369);
#4347=LINE('',#10479,#5370);
#4348=LINE('',#10481,#5371);
#4349=LINE('',#10482,#5372);
#4350=LINE('',#10484,#5373);
#4351=LINE('',#10485,#5374);
#4352=LINE('',#10487,#5375);
#4353=LINE('',#10490,#5376);
#4354=LINE('',#10491,#5377);
#4355=LINE('',#10493,#5378);
#4356=LINE('',#10495,#5379);
#4357=LINE('',#10498,#5380);
#4358=LINE('',#10499,#5381);
#4359=LINE('',#10501,#5382);
#4360=LINE('',#10502,#5383);
#4361=LINE('',#10504,#5384);
#4362=LINE('',#10506,#5385);
#4363=LINE('',#10508,#5386);
#4364=LINE('',#10510,#5387);
#4365=LINE('',#10511,#5388);
#4366=LINE('',#10513,#5389);
#4367=LINE('',#10515,#5390);
#4368=LINE('',#10518,#5391);
#4369=LINE('',#10519,#5392);
#4370=LINE('',#10521,#5393);
#4371=LINE('',#10522,#5394);
#4372=LINE('',#10524,#5395);
#4373=LINE('',#10526,#5396);
#4374=LINE('',#10528,#5397);
#4375=LINE('',#10530,#5398);
#4376=LINE('',#10531,#5399);
#4377=LINE('',#10533,#5400);
#4378=LINE('',#10535,#5401);
#4379=LINE('',#10538,#5402);
#4380=LINE('',#10539,#5403);
#4381=LINE('',#10541,#5404);
#4382=LINE('',#10542,#5405);
#4383=LINE('',#10544,#5406);
#4384=LINE('',#10546,#5407);
#4385=LINE('',#10548,#5408);
#4386=LINE('',#10550,#5409);
#4387=LINE('',#10551,#5410);
#4388=LINE('',#10553,#5411);
#4389=LINE('',#10555,#5412);
#4390=LINE('',#10557,#5413);
#4391=LINE('',#10559,#5414);
#4392=LINE('',#10561,#5415);
#4393=LINE('',#10563,#5416);
#4394=LINE('',#10565,#5417);
#4395=LINE('',#10567,#5418);
#4396=LINE('',#10569,#5419);
#4397=LINE('',#10571,#5420);
#4398=LINE('',#10573,#5421);
#4399=LINE('',#10575,#5422);
#4400=LINE('',#10577,#5423);
#4401=LINE('',#10579,#5424);
#4402=LINE('',#10581,#5425);
#4403=LINE('',#10584,#5426);
#4404=LINE('',#10586,#5427);
#4405=LINE('',#10588,#5428);
#4406=LINE('',#10590,#5429);
#4407=LINE('',#10591,#5430);
#4408=LINE('',#10593,#5431);
#4409=LINE('',#10595,#5432);
#4410=LINE('',#10597,#5433);
#4411=LINE('',#10599,#5434);
#4412=LINE('',#10601,#5435);
#4413=LINE('',#10603,#5436);
#4414=LINE('',#10605,#5437);
#4415=LINE('',#10607,#5438);
#4416=LINE('',#10609,#5439);
#4417=LINE('',#10611,#5440);
#4418=LINE('',#10613,#5441);
#4419=LINE('',#10614,#5442);
#4420=LINE('',#10616,#5443);
#4421=LINE('',#10618,#5444);
#4422=LINE('',#10620,#5445);
#4423=LINE('',#10621,#5446);
#4424=LINE('',#10623,#5447);
#4425=LINE('',#10624,#5448);
#4426=LINE('',#10626,#5449);
#4427=LINE('',#10628,#5450);
#4428=LINE('',#10630,#5451);
#4429=LINE('',#10632,#5452);
#4430=LINE('',#10633,#5453);
#4431=LINE('',#10635,#5454);
#4432=LINE('',#10637,#5455);
#4433=LINE('',#10639,#5456);
#4434=LINE('',#10641,#5457);
#4435=LINE('',#10643,#5458);
#4436=LINE('',#10645,#5459);
#4437=LINE('',#10647,#5460);
#4438=LINE('',#10649,#5461);
#4439=LINE('',#10651,#5462);
#4440=LINE('',#10653,#5463);
#4441=LINE('',#10655,#5464);
#4442=LINE('',#10657,#5465);
#4443=LINE('',#10659,#5466);
#4444=LINE('',#10661,#5467);
#4445=LINE('',#10662,#5468);
#4446=LINE('',#10664,#5469);
#4447=LINE('',#10666,#5470);
#4448=LINE('',#10667,#5471);
#4449=LINE('',#10669,#5472);
#4450=LINE('',#10671,#5473);
#4451=LINE('',#10672,#5474);
#4452=LINE('',#10674,#5475);
#4453=LINE('',#10676,#5476);
#4454=LINE('',#10678,#5477);
#4455=LINE('',#10680,#5478);
#4456=LINE('',#10682,#5479);
#4457=LINE('',#10684,#5480);
#4458=LINE('',#10685,#5481);
#4459=LINE('',#10688,#5482);
#4460=LINE('',#10691,#5483);
#4461=LINE('',#10692,#5484);
#4462=LINE('',#10694,#5485);
#4463=LINE('',#10695,#5486);
#4464=LINE('',#10698,#5487);
#4465=LINE('',#10700,#5488);
#4466=LINE('',#10702,#5489);
#4467=LINE('',#10704,#5490);
#4468=LINE('',#10705,#5491);
#4469=LINE('',#10708,#5492);
#4470=LINE('',#10711,#5493);
#4471=LINE('',#10712,#5494);
#4472=LINE('',#10714,#5495);
#4473=LINE('',#10716,#5496);
#4474=LINE('',#10718,#5497);
#4475=LINE('',#10721,#5498);
#4476=LINE('',#10724,#5499);
#4477=LINE('',#10726,#5500);
#4478=LINE('',#10728,#5501);
#4479=LINE('',#10730,#5502);
#4480=LINE('',#10732,#5503);
#4481=LINE('',#10735,#5504);
#4482=LINE('',#10737,#5505);
#4483=LINE('',#10739,#5506);
#4484=LINE('',#10741,#5507);
#4485=LINE('',#10743,#5508);
#4486=LINE('',#10746,#5509);
#4487=LINE('',#10748,#5510);
#4488=LINE('',#10750,#5511);
#4489=LINE('',#10752,#5512);
#4490=LINE('',#10754,#5513);
#4491=LINE('',#10757,#5514);
#4492=LINE('',#10759,#5515);
#4493=LINE('',#10761,#5516);
#4494=LINE('',#10763,#5517);
#4495=LINE('',#10765,#5518);
#4496=LINE('',#10768,#5519);
#4497=LINE('',#10771,#5520);
#4498=LINE('',#10775,#5521);
#4499=LINE('',#10777,#5522);
#4500=LINE('',#10779,#5523);
#4501=LINE('',#10780,#5524);
#4502=LINE('',#10783,#5525);
#4503=LINE('',#10787,#5526);
#4504=LINE('',#10789,#5527);
#4505=LINE('',#10791,#5528);
#4506=LINE('',#10792,#5529);
#4507=LINE('',#10795,#5530);
#4508=LINE('',#10797,#5531);
#4509=LINE('',#10799,#5532);
#4510=LINE('',#10801,#5533);
#4511=LINE('',#10805,#5534);
#4512=LINE('',#10807,#5535);
#4513=LINE('',#10809,#5536);
#4514=LINE('',#10810,#5537);
#4515=LINE('',#10812,#5538);
#4516=LINE('',#10814,#5539);
#4517=LINE('',#10815,#5540);
#4518=LINE('',#10817,#5541);
#4519=LINE('',#10819,#5542);
#4520=LINE('',#10820,#5543);
#4521=LINE('',#10822,#5544);
#4522=LINE('',#10824,#5545);
#4523=LINE('',#10828,#5546);
#4524=LINE('',#10830,#5547);
#4525=LINE('',#10832,#5548);
#4526=LINE('',#10833,#5549);
#4527=LINE('',#10835,#5550);
#4528=LINE('',#10837,#5551);
#4529=LINE('',#10839,#5552);
#4530=LINE('',#10841,#5553);
#4531=LINE('',#10843,#5554);
#4532=LINE('',#10845,#5555);
#4533=LINE('',#10847,#5556);
#4534=LINE('',#10848,#5557);
#4535=LINE('',#10852,#5558);
#4536=LINE('',#10854,#5559);
#4537=LINE('',#10856,#5560);
#4538=LINE('',#10858,#5561);
#4539=LINE('',#10860,#5562);
#4540=LINE('',#10862,#5563);
#4541=LINE('',#10865,#5564);
#4542=LINE('',#10867,#5565);
#4543=LINE('',#10869,#5566);
#4544=LINE('',#10871,#5567);
#4545=LINE('',#10873,#5568);
#4546=LINE('',#10876,#5569);
#4547=LINE('',#10878,#5570);
#4548=LINE('',#10880,#5571);
#4549=LINE('',#10882,#5572);
#4550=LINE('',#10884,#5573);
#4551=LINE('',#10889,#5574);
#4552=LINE('',#10891,#5575);
#4553=LINE('',#10893,#5576);
#4554=LINE('',#10895,#5577);
#4555=LINE('',#10899,#5578);
#4556=LINE('',#10901,#5579);
#4557=LINE('',#10903,#5580);
#4558=LINE('',#10905,#5581);
#4559=LINE('',#10908,#5582);
#4560=LINE('',#10910,#5583);
#4561=LINE('',#10912,#5584);
#4562=LINE('',#10914,#5585);
#4563=LINE('',#10916,#5586);
#4564=LINE('',#10918,#5587);
#4565=LINE('',#10920,#5588);
#4566=LINE('',#10922,#5589);
#4567=LINE('',#10924,#5590);
#4568=LINE('',#10926,#5591);
#4569=LINE('',#10928,#5592);
#4570=LINE('',#10933,#5593);
#4571=LINE('',#10935,#5594);
#4572=LINE('',#10937,#5595);
#4573=LINE('',#10939,#5596);
#4574=LINE('',#10943,#5597);
#4575=LINE('',#10945,#5598);
#4576=LINE('',#10947,#5599);
#4577=LINE('',#10949,#5600);
#4578=LINE('',#10952,#5601);
#4579=LINE('',#10954,#5602);
#4580=LINE('',#10956,#5603);
#4581=LINE('',#10958,#5604);
#4582=LINE('',#10960,#5605);
#4583=LINE('',#10962,#5606);
#4584=LINE('',#10964,#5607);
#4585=LINE('',#10966,#5608);
#4586=LINE('',#10968,#5609);
#4587=LINE('',#10970,#5610);
#4588=LINE('',#10972,#5611);
#4589=LINE('',#10977,#5612);
#4590=LINE('',#10980,#5613);
#4591=LINE('',#10982,#5614);
#4592=LINE('',#10984,#5615);
#4593=LINE('',#10986,#5616);
#4594=LINE('',#10988,#5617);
#4595=LINE('',#10990,#5618);
#4596=LINE('',#10992,#5619);
#4597=LINE('',#10993,#5620);
#4598=LINE('',#10995,#5621);
#4599=LINE('',#10996,#5622);
#4600=LINE('',#11000,#5623);
#4601=LINE('',#11002,#5624);
#4602=LINE('',#11004,#5625);
#4603=LINE('',#11006,#5626);
#4604=LINE('',#11008,#5627);
#4605=LINE('',#11010,#5628);
#4606=LINE('',#11012,#5629);
#4607=LINE('',#11014,#5630);
#4608=LINE('',#11016,#5631);
#4609=LINE('',#11018,#5632);
#4610=LINE('',#11019,#5633);
#4611=LINE('',#11029,#5634);
#4612=LINE('',#11031,#5635);
#4613=LINE('',#11033,#5636);
#4614=LINE('',#11035,#5637);
#4615=LINE('',#11037,#5638);
#4616=LINE('',#11044,#5639);
#4617=LINE('',#11046,#5640);
#4618=LINE('',#11048,#5641);
#4619=LINE('',#11050,#5642);
#4620=LINE('',#11052,#5643);
#4621=LINE('',#11058,#5644);
#4622=LINE('',#11060,#5645);
#4623=LINE('',#11062,#5646);
#4624=LINE('',#11066,#5647);
#4625=LINE('',#11070,#5648);
#4626=LINE('',#11072,#5649);
#4627=LINE('',#11074,#5650);
#4628=LINE('',#11076,#5651);
#4629=LINE('',#11080,#5652);
#4630=LINE('',#11082,#5653);
#4631=LINE('',#11084,#5654);
#4632=LINE('',#11088,#5655);
#4633=LINE('',#11090,#5656);
#4634=LINE('',#11092,#5657);
#4635=LINE('',#11096,#5658);
#4636=LINE('',#11098,#5659);
#4637=LINE('',#11100,#5660);
#4638=LINE('',#11106,#5661);
#4639=LINE('',#11108,#5662);
#4640=LINE('',#11110,#5663);
#4641=LINE('',#11114,#5664);
#4642=LINE('',#11116,#5665);
#4643=LINE('',#11118,#5666);
#4644=LINE('',#11120,#5667);
#4645=LINE('',#11124,#5668);
#4646=LINE('',#11126,#5669);
#4647=LINE('',#11128,#5670);
#4648=LINE('',#11132,#5671);
#4649=LINE('',#11136,#5672);
#4650=LINE('',#11140,#5673);
#4651=LINE('',#11144,#5674);
#4652=LINE('',#11146,#5675);
#4653=LINE('',#11148,#5676);
#4654=LINE('',#11150,#5677);
#4655=LINE('',#11154,#5678);
#4656=LINE('',#11158,#5679);
#4657=LINE('',#11162,#5680);
#4658=LINE('',#11164,#5681);
#4659=LINE('',#11168,#5682);
#4660=LINE('',#11172,#5683);
#4661=LINE('',#11176,#5684);
#4662=LINE('',#11178,#5685);
#4663=LINE('',#11180,#5686);
#4664=LINE('',#11182,#5687);
#4665=LINE('',#11186,#5688);
#4666=LINE('',#11190,#5689);
#4667=LINE('',#11194,#5690);
#4668=LINE('',#11196,#5691);
#4669=LINE('',#11200,#5692);
#4670=LINE('',#11204,#5693);
#4671=LINE('',#11208,#5694);
#4672=LINE('',#11210,#5695);
#4673=LINE('',#11212,#5696);
#4674=LINE('',#11214,#5697);
#4675=LINE('',#11218,#5698);
#4676=LINE('',#11222,#5699);
#4677=LINE('',#11226,#5700);
#4678=LINE('',#11230,#5701);
#4679=LINE('',#11232,#5702);
#4680=LINE('',#11234,#5703);
#4681=LINE('',#11239,#5704);
#4682=LINE('',#11240,#5705);
#4683=LINE('',#11246,#5706);
#4684=LINE('',#11248,#5707);
#4685=LINE('',#11250,#5708);
#4686=LINE('',#11254,#5709);
#4687=LINE('',#11258,#5710);
#4688=LINE('',#11262,#5711);
#4689=LINE('',#11264,#5712);
#4690=LINE('',#11266,#5713);
#4691=LINE('',#11268,#5714);
#4692=LINE('',#11272,#5715);
#4693=LINE('',#11276,#5716);
#4694=LINE('',#11281,#5717);
#4695=LINE('',#11283,#5718);
#4696=LINE('',#11285,#5719);
#4697=LINE('',#11289,#5720);
#4698=LINE('',#11293,#5721);
#4699=LINE('',#11297,#5722);
#4700=LINE('',#11299,#5723);
#4701=LINE('',#11301,#5724);
#4702=LINE('',#11303,#5725);
#4703=LINE('',#11307,#5726);
#4704=LINE('',#11311,#5727);
#4705=LINE('',#11316,#5728);
#4706=LINE('',#11318,#5729);
#4707=LINE('',#11320,#5730);
#4708=LINE('',#11324,#5731);
#4709=LINE('',#11328,#5732);
#4710=LINE('',#11332,#5733);
#4711=LINE('',#11334,#5734);
#4712=LINE('',#11336,#5735);
#4713=LINE('',#11338,#5736);
#4714=LINE('',#11342,#5737);
#4715=LINE('',#11346,#5738);
#4716=LINE('',#11348,#5739);
#4717=LINE('',#11351,#5740);
#4718=LINE('',#11353,#5741);
#4719=LINE('',#11355,#5742);
#4720=LINE('',#11357,#5743);
#4721=LINE('',#11359,#5744);
#4722=LINE('',#11361,#5745);
#4723=LINE('',#11364,#5746);
#4724=LINE('',#11366,#5747);
#4725=LINE('',#11368,#5748);
#4726=LINE('',#11370,#5749);
#4727=LINE('',#11372,#5750);
#4728=LINE('',#11374,#5751);
#4729=LINE('',#11377,#5752);
#4730=LINE('',#11379,#5753);
#4731=LINE('',#11381,#5754);
#4732=LINE('',#11383,#5755);
#4733=LINE('',#11385,#5756);
#4734=LINE('',#11387,#5757);
#4735=LINE('',#11390,#5758);
#4736=LINE('',#11391,#5759);
#4737=LINE('',#11393,#5760);
#4738=LINE('',#11396,#5761);
#4739=LINE('',#11397,#5762);
#4740=LINE('',#11399,#5763);
#4741=LINE('',#11402,#5764);
#4742=LINE('',#11403,#5765);
#4743=LINE('',#11405,#5766);
#4744=LINE('',#11408,#5767);
#4745=LINE('',#11410,#5768);
#4746=LINE('',#11411,#5769);
#4747=LINE('',#11413,#5770);
#4748=LINE('',#11415,#5771);
#4749=LINE('',#11418,#5772);
#4750=LINE('',#11420,#5773);
#4751=LINE('',#11421,#5774);
#4752=LINE('',#11423,#5775);
#4753=LINE('',#11425,#5776);
#4754=LINE('',#11428,#5777);
#4755=LINE('',#11430,#5778);
#4756=LINE('',#11431,#5779);
#4757=LINE('',#11433,#5780);
#4758=LINE('',#11435,#5781);
#4759=LINE('',#11438,#5782);
#4760=LINE('',#11439,#5783);
#4761=LINE('',#11441,#5784);
#4762=LINE('',#11444,#5785);
#4763=LINE('',#11445,#5786);
#4764=LINE('',#11447,#5787);
#4765=LINE('',#11450,#5788);
#4766=LINE('',#11451,#5789);
#4767=LINE('',#11453,#5790);
#4768=LINE('',#11456,#5791);
#4769=LINE('',#11457,#5792);
#4770=LINE('',#11459,#5793);
#4771=LINE('',#11461,#5794);
#4772=LINE('',#11463,#5795);
#4773=LINE('',#11466,#5796);
#4774=LINE('',#11467,#5797);
#4775=LINE('',#11469,#5798);
#4776=LINE('',#11471,#5799);
#4777=LINE('',#11473,#5800);
#4778=LINE('',#11476,#5801);
#4779=LINE('',#11477,#5802);
#4780=LINE('',#11479,#5803);
#4781=LINE('',#11481,#5804);
#4782=LINE('',#11483,#5805);
#4783=LINE('',#11486,#5806);
#4784=LINE('',#11487,#5807);
#4785=LINE('',#11489,#5808);
#4786=LINE('',#11492,#5809);
#4787=LINE('',#11493,#5810);
#4788=LINE('',#11495,#5811);
#4789=LINE('',#11498,#5812);
#4790=LINE('',#11499,#5813);
#4791=LINE('',#11501,#5814);
#4792=LINE('',#11504,#5815);
#4793=LINE('',#11506,#5816);
#4794=LINE('',#11507,#5817);
#4795=LINE('',#11509,#5818);
#4796=LINE('',#11511,#5819);
#4797=LINE('',#11514,#5820);
#4798=LINE('',#11516,#5821);
#4799=LINE('',#11517,#5822);
#4800=LINE('',#11519,#5823);
#4801=LINE('',#11521,#5824);
#4802=LINE('',#11524,#5825);
#4803=LINE('',#11526,#5826);
#4804=LINE('',#11527,#5827);
#4805=LINE('',#11529,#5828);
#4806=LINE('',#11531,#5829);
#4807=LINE('',#11534,#5830);
#4808=LINE('',#11535,#5831);
#4809=LINE('',#11537,#5832);
#4810=LINE('',#11540,#5833);
#4811=LINE('',#11541,#5834);
#4812=LINE('',#11543,#5835);
#4813=LINE('',#11546,#5836);
#4814=LINE('',#11547,#5837);
#4815=LINE('',#11549,#5838);
#4816=LINE('',#11552,#5839);
#4817=LINE('',#11553,#5840);
#4818=LINE('',#11555,#5841);
#4819=LINE('',#11557,#5842);
#4820=LINE('',#11559,#5843);
#4821=LINE('',#11562,#5844);
#4822=LINE('',#11563,#5845);
#4823=LINE('',#11565,#5846);
#4824=LINE('',#11567,#5847);
#4825=LINE('',#11569,#5848);
#4826=LINE('',#11572,#5849);
#4827=LINE('',#11573,#5850);
#4828=LINE('',#11575,#5851);
#4829=LINE('',#11577,#5852);
#4830=LINE('',#11579,#5853);
#4831=LINE('',#11582,#5854);
#4832=LINE('',#11583,#5855);
#4833=LINE('',#11585,#5856);
#4834=LINE('',#11588,#5857);
#4835=LINE('',#11589,#5858);
#4836=LINE('',#11591,#5859);
#4837=LINE('',#11594,#5860);
#4838=LINE('',#11595,#5861);
#4839=LINE('',#11597,#5862);
#4840=LINE('',#11600,#5863);
#4841=LINE('',#11602,#5864);
#4842=LINE('',#11603,#5865);
#4843=LINE('',#11605,#5866);
#4844=LINE('',#11607,#5867);
#4845=LINE('',#11610,#5868);
#4846=LINE('',#11612,#5869);
#4847=LINE('',#11613,#5870);
#4848=LINE('',#11615,#5871);
#4849=LINE('',#11617,#5872);
#4850=LINE('',#11620,#5873);
#4851=LINE('',#11622,#5874);
#4852=LINE('',#11623,#5875);
#4853=LINE('',#11625,#5876);
#4854=LINE('',#11627,#5877);
#4855=LINE('',#11630,#5878);
#4856=LINE('',#11631,#5879);
#4857=LINE('',#11633,#5880);
#4858=LINE('',#11636,#5881);
#4859=LINE('',#11637,#5882);
#4860=LINE('',#11639,#5883);
#4861=LINE('',#11642,#5884);
#4862=LINE('',#11643,#5885);
#4863=LINE('',#11645,#5886);
#4864=LINE('',#11648,#5887);
#4865=LINE('',#11649,#5888);
#4866=LINE('',#11651,#5889);
#4867=LINE('',#11653,#5890);
#4868=LINE('',#11655,#5891);
#4869=LINE('',#11658,#5892);
#4870=LINE('',#11659,#5893);
#4871=LINE('',#11661,#5894);
#4872=LINE('',#11663,#5895);
#4873=LINE('',#11665,#5896);
#4874=LINE('',#11668,#5897);
#4875=LINE('',#11669,#5898);
#4876=LINE('',#11671,#5899);
#4877=LINE('',#11673,#5900);
#4878=LINE('',#11675,#5901);
#4879=LINE('',#11678,#5902);
#4880=LINE('',#11679,#5903);
#4881=LINE('',#11681,#5904);
#4882=LINE('',#11684,#5905);
#4883=LINE('',#11685,#5906);
#4884=LINE('',#11687,#5907);
#4885=LINE('',#11690,#5908);
#4886=LINE('',#11691,#5909);
#4887=LINE('',#11693,#5910);
#4888=LINE('',#11696,#5911);
#4889=LINE('',#11697,#5912);
#4890=LINE('',#11699,#5913);
#4891=LINE('',#11701,#5914);
#4892=LINE('',#11703,#5915);
#4893=LINE('',#11705,#5916);
#4894=LINE('',#11707,#5917);
#4895=LINE('',#11709,#5918);
#4896=LINE('',#11711,#5919);
#4897=LINE('',#11713,#5920);
#4898=LINE('',#11716,#5921);
#4899=LINE('',#11717,#5922);
#4900=LINE('',#11719,#5923);
#4901=LINE('',#11721,#5924);
#4902=LINE('',#11723,#5925);
#4903=LINE('',#11724,#5926);
#4904=LINE('',#11726,#5927);
#4905=LINE('',#11727,#5928);
#4906=LINE('',#11729,#5929);
#4907=LINE('',#11732,#5930);
#4908=LINE('',#11733,#5931);
#4909=LINE('',#11735,#5932);
#4910=LINE('',#11738,#5933);
#4911=LINE('',#11739,#5934);
#4912=LINE('',#11741,#5935);
#4913=LINE('',#11744,#5936);
#4914=LINE('',#11745,#5937);
#4915=LINE('',#11747,#5938);
#4916=LINE('',#11750,#5939);
#4917=LINE('',#11752,#5940);
#4918=LINE('',#11754,#5941);
#4919=LINE('',#11756,#5942);
#4920=LINE('',#11757,#5943);
#4921=LINE('',#11759,#5944);
#4922=LINE('',#11760,#5945);
#4923=LINE('',#11762,#5946);
#4924=LINE('',#11763,#5947);
#4925=LINE('',#11765,#5948);
#4926=LINE('',#11768,#5949);
#4927=LINE('',#11770,#5950);
#4928=LINE('',#11772,#5951);
#4929=LINE('',#11774,#5952);
#4930=LINE('',#11776,#5953);
#4931=LINE('',#11778,#5954);
#4932=LINE('',#11781,#5955);
#4933=LINE('',#11782,#5956);
#4934=LINE('',#11784,#5957);
#4935=LINE('',#11787,#5958);
#4936=LINE('',#11789,#5959);
#4937=LINE('',#11790,#5960);
#4938=LINE('',#11792,#5961);
#4939=LINE('',#11794,#5962);
#4940=LINE('',#11797,#5963);
#4941=LINE('',#11798,#5964);
#4942=LINE('',#11800,#5965);
#4943=LINE('',#11803,#5966);
#4944=LINE('',#11804,#5967);
#4945=LINE('',#11806,#5968);
#4946=LINE('',#11808,#5969);
#4947=LINE('',#11810,#5970);
#4948=LINE('',#11813,#5971);
#4949=LINE('',#11814,#5972);
#4950=LINE('',#11816,#5973);
#4951=LINE('',#11819,#5974);
#4952=LINE('',#11821,#5975);
#4953=LINE('',#11822,#5976);
#4954=LINE('',#11824,#5977);
#4955=LINE('',#11826,#5978);
#4956=LINE('',#11829,#5979);
#4957=LINE('',#11830,#5980);
#4958=LINE('',#11832,#5981);
#4959=LINE('',#11835,#5982);
#4960=LINE('',#11836,#5983);
#4961=LINE('',#11838,#5984);
#4962=LINE('',#11840,#5985);
#4963=LINE('',#11842,#5986);
#4964=LINE('',#11845,#5987);
#4965=LINE('',#11846,#5988);
#4966=LINE('',#11848,#5989);
#4967=LINE('',#11851,#5990);
#4968=LINE('',#11853,#5991);
#4969=LINE('',#11854,#5992);
#4970=LINE('',#11856,#5993);
#4971=LINE('',#11858,#5994);
#4972=LINE('',#11861,#5995);
#4973=LINE('',#11862,#5996);
#4974=LINE('',#11864,#5997);
#4975=LINE('',#11867,#5998);
#4976=LINE('',#11868,#5999);
#4977=LINE('',#11870,#6000);
#4978=LINE('',#11872,#6001);
#4979=LINE('',#11874,#6002);
#4980=LINE('',#11877,#6003);
#4981=LINE('',#11878,#6004);
#4982=LINE('',#11880,#6005);
#4983=LINE('',#11882,#6006);
#4984=LINE('',#11884,#6007);
#4985=LINE('',#11886,#6008);
#4986=LINE('',#11888,#6009);
#4987=LINE('',#11890,#6010);
#4988=LINE('',#11892,#6011);
#4989=LINE('',#11894,#6012);
#4990=LINE('',#11900,#6013);
#4991=LINE('',#11901,#6014);
#4992=LINE('',#11906,#6015);
#4993=LINE('',#11907,#6016);
#4994=LINE('',#11912,#6017);
#4995=LINE('',#11913,#6018);
#4996=LINE('',#11917,#6019);
#4997=LINE('',#11921,#6020);
#4998=LINE('',#11925,#6021);
#4999=LINE('',#11927,#6022);
#5000=LINE('',#11929,#6023);
#5001=LINE('',#11931,#6024);
#5002=LINE('',#11935,#6025);
#5003=LINE('',#11939,#6026);
#5004=LINE('',#11944,#6027);
#5005=LINE('',#11945,#6028);
#5006=LINE('',#11949,#6029);
#5007=LINE('',#11953,#6030);
#5008=LINE('',#11957,#6031);
#5009=LINE('',#11959,#6032);
#5010=LINE('',#11961,#6033);
#5011=LINE('',#11963,#6034);
#5012=LINE('',#11967,#6035);
#5013=LINE('',#11971,#6036);
#5014=LINE('',#11973,#6037);
#5015=LINE('',#11976,#6038);
#5016=LINE('',#11977,#6039);
#5017=LINE('',#11979,#6040);
#5018=LINE('',#11980,#6041);
#5019=LINE('',#11982,#6042);
#5020=LINE('',#11985,#6043);
#5021=LINE('',#11987,#6044);
#5022=LINE('',#11989,#6045);
#5023=LINE('',#11991,#6046);
#5024=LINE('',#11994,#6047);
#5025=LINE('',#11996,#6048);
#5026=LINE('',#11998,#6049);
#5027=LINE('',#12000,#6050);
#5028=LINE('',#12003,#6051);
#5029=LINE('',#12004,#6052);
#5030=LINE('',#12006,#6053);
#5031=LINE('',#12008,#6054);
#5032=LINE('',#12010,#6055);
#5033=LINE('',#12012,#6056);
#5034=LINE('',#12014,#6057);
#5035=LINE('',#12016,#6058);
#5036=LINE('',#12018,#6059);
#5037=LINE('',#12020,#6060);
#5038=LINE('',#12021,#6061);
#5039=LINE('',#12022,#6062);
#5040=LINE('',#12023,#6063);
#5041=LINE('',#12026,#6064);
#5042=LINE('',#12028,#6065);
#5043=LINE('',#12030,#6066);
#5044=LINE('',#12032,#6067);
#5045=LINE('',#12034,#6068);
#5046=LINE('',#12036,#6069);
#5047=LINE('',#12038,#6070);
#5048=LINE('',#12040,#6071);
#5049=LINE('',#12043,#6072);
#5050=LINE('',#12044,#6073);
#5051=LINE('',#12046,#6074);
#5052=LINE('',#12047,#6075);
#5053=LINE('',#12048,#6076);
#5054=LINE('',#12049,#6077);
#5055=LINE('',#12052,#6078);
#5056=LINE('',#12053,#6079);
#5057=LINE('',#12054,#6080);
#5058=LINE('',#12055,#6081);
#5059=LINE('',#12056,#6082);
#5060=LINE('',#12057,#6083);
#5061=LINE('',#12059,#6084);
#5062=LINE('',#12060,#6085);
#5063=LINE('',#12061,#6086);
#5064=LINE('',#12062,#6087);
#5065=LINE('',#12063,#6088);
#5066=LINE('',#12064,#6089);
#5067=LINE('',#12076,#6090);
#5068=LINE('',#12077,#6091);
#5069=LINE('',#12078,#6092);
#5070=LINE('',#12079,#6093);
#5071=LINE('',#12080,#6094);
#5072=LINE('',#12081,#6095);
#5073=LINE('',#12083,#6096);
#5074=LINE('',#12085,#6097);
#5075=LINE('',#12087,#6098);
#5076=LINE('',#12089,#6099);
#5077=LINE('',#12090,#6100);
#5078=LINE('',#12093,#6101);
#5079=LINE('',#12095,#6102);
#5080=LINE('',#12097,#6103);
#5081=LINE('',#12099,#6104);
#5082=LINE('',#12102,#6105);
#5083=LINE('',#12104,#6106);
#5084=LINE('',#12106,#6107);
#5085=LINE('',#12107,#6108);
#5086=LINE('',#12108,#6109);
#5087=LINE('',#12109,#6110);
#5088=LINE('',#12110,#6111);
#5089=LINE('',#12111,#6112);
#5090=LINE('',#12112,#6113);
#5091=LINE('',#12113,#6114);
#5092=LINE('',#12116,#6115);
#5093=LINE('',#12118,#6116);
#5094=LINE('',#12120,#6117);
#5095=LINE('',#12122,#6118);
#5096=LINE('',#12123,#6119);
#5097=LINE('',#12126,#6120);
#5098=LINE('',#12129,#6121);
#5099=LINE('',#12130,#6122);
#5100=LINE('',#12132,#6123);
#5101=LINE('',#12135,#6124);
#5102=LINE('',#12136,#6125);
#5103=LINE('',#12138,#6126);
#5104=LINE('',#12139,#6127);
#5105=LINE('',#12141,#6128);
#5106=LINE('',#12144,#6129);
#5107=LINE('',#12145,#6130);
#5108=LINE('',#12147,#6131);
#5109=LINE('',#12150,#6132);
#5110=LINE('',#12151,#6133);
#5111=LINE('',#12153,#6134);
#5112=LINE('',#12154,#6135);
#5113=LINE('',#12163,#6136);
#5114=LINE('',#12164,#6137);
#5115=LINE('',#12165,#6138);
#5116=LINE('',#12166,#6139);
#5117=LINE('',#12167,#6140);
#5118=LINE('',#12168,#6141);
#5119=LINE('',#12170,#6142);
#5120=LINE('',#12171,#6143);
#5121=LINE('',#12172,#6144);
#5122=LINE('',#12173,#6145);
#5123=LINE('',#12174,#6146);
#5124=LINE('',#12175,#6147);
#5125=LINE('',#12187,#6148);
#5126=LINE('',#12189,#6149);
#5127=LINE('',#12190,#6150);
#5128=LINE('',#12191,#6151);
#5129=LINE('',#12197,#6152);
#5130=LINE('',#12199,#6153);
#5131=LINE('',#12201,#6154);
#5132=LINE('',#12203,#6155);
#5133=LINE('',#12205,#6156);
#5134=LINE('',#12207,#6157);
#5135=LINE('',#12209,#6158);
#5136=LINE('',#12211,#6159);
#5137=LINE('',#12213,#6160);
#5138=LINE('',#12215,#6161);
#5139=LINE('',#12217,#6162);
#5140=LINE('',#12219,#6163);
#5141=LINE('',#12221,#6164);
#5142=LINE('',#12224,#6165);
#5143=LINE('',#12226,#6166);
#5144=LINE('',#12228,#6167);
#5145=LINE('',#12230,#6168);
#5146=LINE('',#12232,#6169);
#5147=LINE('',#12234,#6170);
#5148=LINE('',#12236,#6171);
#5149=LINE('',#12238,#6172);
#5150=LINE('',#12240,#6173);
#5151=LINE('',#12242,#6174);
#5152=LINE('',#12244,#6175);
#5153=LINE('',#12246,#6176);
#5154=LINE('',#12248,#6177);
#5155=LINE('',#12252,#6178);
#5156=LINE('',#12254,#6179);
#5157=LINE('',#12256,#6180);
#5158=LINE('',#12258,#6181);
#5159=LINE('',#12260,#6182);
#5160=LINE('',#12262,#6183);
#5161=LINE('',#12264,#6184);
#5162=LINE('',#12266,#6185);
#5163=LINE('',#12268,#6186);
#5164=LINE('',#12270,#6187);
#5165=LINE('',#12272,#6188);
#5166=LINE('',#12274,#6189);
#5167=LINE('',#12276,#6190);
#5168=LINE('',#12279,#6191);
#5169=LINE('',#12281,#6192);
#5170=LINE('',#12283,#6193);
#5171=LINE('',#12285,#6194);
#5172=LINE('',#12287,#6195);
#5173=LINE('',#12289,#6196);
#5174=LINE('',#12291,#6197);
#5175=LINE('',#12293,#6198);
#5176=LINE('',#12295,#6199);
#5177=LINE('',#12297,#6200);
#5178=LINE('',#12299,#6201);
#5179=LINE('',#12301,#6202);
#5180=LINE('',#12303,#6203);
#5181=LINE('',#12312,#6204);
#5182=LINE('',#12315,#6205);
#5183=LINE('',#12319,#6206);
#5184=LINE('',#12322,#6207);
#5185=LINE('',#12324,#6208);
#5186=LINE('',#12326,#6209);
#5187=LINE('',#12328,#6210);
#5188=LINE('',#12330,#6211);
#5189=LINE('',#12332,#6212);
#5190=LINE('',#12334,#6213);
#5191=LINE('',#12336,#6214);
#5192=LINE('',#12338,#6215);
#5193=LINE('',#12340,#6216);
#5194=LINE('',#12342,#6217);
#5195=LINE('',#12344,#6218);
#5196=LINE('',#12346,#6219);
#5197=LINE('',#12348,#6220);
#5198=LINE('',#12350,#6221);
#5199=LINE('',#12352,#6222);
#5200=LINE('',#12354,#6223);
#5201=LINE('',#12356,#6224);
#5202=LINE('',#12358,#6225);
#5203=LINE('',#12360,#6226);
#5204=LINE('',#12362,#6227);
#5205=LINE('',#12364,#6228);
#5206=LINE('',#12366,#6229);
#5207=LINE('',#12368,#6230);
#5208=LINE('',#12370,#6231);
#5209=LINE('',#12372,#6232);
#5210=LINE('',#12374,#6233);
#5211=LINE('',#12378,#6234);
#5212=LINE('',#12382,#6235);
#5213=LINE('',#12384,#6236);
#5214=LINE('',#12386,#6237);
#5215=LINE('',#12388,#6238);
#5216=LINE('',#12390,#6239);
#5217=LINE('',#12392,#6240);
#5218=LINE('',#12394,#6241);
#5219=LINE('',#12396,#6242);
#5220=LINE('',#12398,#6243);
#5221=LINE('',#12400,#6244);
#5222=LINE('',#12402,#6245);
#5223=LINE('',#12404,#6246);
#5224=LINE('',#12406,#6247);
#5225=LINE('',#12408,#6248);
#5226=LINE('',#12410,#6249);
#5227=LINE('',#12412,#6250);
#5228=LINE('',#12414,#6251);
#5229=LINE('',#12416,#6252);
#5230=LINE('',#12418,#6253);
#5231=LINE('',#12420,#6254);
#5232=LINE('',#12422,#6255);
#5233=LINE('',#12424,#6256);
#5234=LINE('',#12426,#6257);
#5235=LINE('',#12428,#6258);
#5236=LINE('',#12430,#6259);
#5237=LINE('',#12432,#6260);
#5238=LINE('',#12434,#6261);
#5239=LINE('',#12436,#6262);
#5240=LINE('',#12438,#6263);
#5241=LINE('',#12440,#6264);
#5242=LINE('',#12444,#6265);
#5243=LINE('',#12448,#6266);
#5244=LINE('',#12450,#6267);
#5245=LINE('',#12452,#6268);
#5246=LINE('',#12454,#6269);
#5247=LINE('',#12456,#6270);
#5248=LINE('',#12458,#6271);
#5249=LINE('',#12460,#6272);
#5250=LINE('',#12462,#6273);
#5251=LINE('',#12464,#6274);
#5252=LINE('',#12466,#6275);
#5253=LINE('',#12468,#6276);
#5254=LINE('',#12470,#6277);
#5255=LINE('',#12474,#6278);
#5256=LINE('',#12478,#6279);
#5257=LINE('',#12479,#6280);
#5258=VECTOR('',#8291,1000.);
#5259=VECTOR('',#8292,1000.);
#5260=VECTOR('',#8293,1000.);
#5261=VECTOR('',#8294,1000.);
#5262=VECTOR('',#8295,1000.);
#5263=VECTOR('',#8296,1000.);
#5264=VECTOR('',#8297,1000.);
#5265=VECTOR('',#8298,1000.);
#5266=VECTOR('',#8299,1000.);
#5267=VECTOR('',#8300,1000.);
#5268=VECTOR('',#8301,1000.);
#5269=VECTOR('',#8302,1000.);
#5270=VECTOR('',#8303,1000.);
#5271=VECTOR('',#8304,1000.);
#5272=VECTOR('',#8305,1000.);
#5273=VECTOR('',#8306,1000.);
#5274=VECTOR('',#8307,1000.);
#5275=VECTOR('',#8308,1000.);
#5276=VECTOR('',#8309,1000.);
#5277=VECTOR('',#8310,1000.);
#5278=VECTOR('',#8311,1000.);
#5279=VECTOR('',#8312,1000.);
#5280=VECTOR('',#8313,1000.);
#5281=VECTOR('',#8314,1000.);
#5282=VECTOR('',#8315,1000.);
#5283=VECTOR('',#8316,1000.);
#5284=VECTOR('',#8317,1000.);
#5285=VECTOR('',#8318,1000.);
#5286=VECTOR('',#8319,1000.);
#5287=VECTOR('',#8320,1000.);
#5288=VECTOR('',#8321,1000.);
#5289=VECTOR('',#8322,1000.);
#5290=VECTOR('',#8325,1000.);
#5291=VECTOR('',#8326,1000.);
#5292=VECTOR('',#8327,1000.);
#5293=VECTOR('',#8328,1000.);
#5294=VECTOR('',#8329,1000.);
#5295=VECTOR('',#8330,1000.);
#5296=VECTOR('',#8331,1000.);
#5297=VECTOR('',#8332,1000.);
#5298=VECTOR('',#8333,1000.);
#5299=VECTOR('',#8334,1000.);
#5300=VECTOR('',#8335,1000.);
#5301=VECTOR('',#8338,1000.);
#5302=VECTOR('',#8339,1000.);
#5303=VECTOR('',#8340,1000.);
#5304=VECTOR('',#8341,1000.);
#5305=VECTOR('',#8342,1000.);
#5306=VECTOR('',#8343,1000.);
#5307=VECTOR('',#8344,1000.);
#5308=VECTOR('',#8345,1000.);
#5309=VECTOR('',#8346,1000.);
#5310=VECTOR('',#8347,1000.);
#5311=VECTOR('',#8348,1000.);
#5312=VECTOR('',#8351,1000.);
#5313=VECTOR('',#8352,1000.);
#5314=VECTOR('',#8353,1000.);
#5315=VECTOR('',#8354,1000.);
#5316=VECTOR('',#8355,1000.);
#5317=VECTOR('',#8356,1000.);
#5318=VECTOR('',#8357,1000.);
#5319=VECTOR('',#8358,1000.);
#5320=VECTOR('',#8359,1000.);
#5321=VECTOR('',#8360,1000.);
#5322=VECTOR('',#8361,1000.);
#5323=VECTOR('',#8362,1000.);
#5324=VECTOR('',#8363,1000.);
#5325=VECTOR('',#8366,1000.);
#5326=VECTOR('',#8367,1000.);
#5327=VECTOR('',#8368,1000.);
#5328=VECTOR('',#8369,1000.);
#5329=VECTOR('',#8370,1000.);
#5330=VECTOR('',#8371,1000.);
#5331=VECTOR('',#8372,1000.);
#5332=VECTOR('',#8373,1000.);
#5333=VECTOR('',#8376,1000.);
#5334=VECTOR('',#8377,1000.);
#5335=VECTOR('',#8378,1000.);
#5336=VECTOR('',#8379,1000.);
#5337=VECTOR('',#8380,1000.);
#5338=VECTOR('',#8381,1000.);
#5339=VECTOR('',#8382,1000.);
#5340=VECTOR('',#8383,1000.);
#5341=VECTOR('',#8386,1000.);
#5342=VECTOR('',#8387,1000.);
#5343=VECTOR('',#8388,1000.);
#5344=VECTOR('',#8389,1000.);
#5345=VECTOR('',#8392,1000.);
#5346=VECTOR('',#8393,1000.);
#5347=VECTOR('',#8394,1000.);
#5348=VECTOR('',#8395,1000.);
#5349=VECTOR('',#8398,1000.);
#5350=VECTOR('',#8399,1000.);
#5351=VECTOR('',#8400,1000.);
#5352=VECTOR('',#8401,1000.);
#5353=VECTOR('',#8402,1000.);
#5354=VECTOR('',#8403,1000.);
#5355=VECTOR('',#8404,1000.);
#5356=VECTOR('',#8405,1000.);
#5357=VECTOR('',#8406,1000.);
#5358=VECTOR('',#8407,1000.);
#5359=VECTOR('',#8408,1000.);
#5360=VECTOR('',#8411,1000.);
#5361=VECTOR('',#8412,1000.);
#5362=VECTOR('',#8413,1000.);
#5363=VECTOR('',#8414,1000.);
#5364=VECTOR('',#8417,1000.);
#5365=VECTOR('',#8418,1000.);
#5366=VECTOR('',#8419,1000.);
#5367=VECTOR('',#8420,1000.);
#5368=VECTOR('',#8421,1000.);
#5369=VECTOR('',#8422,1000.);
#5370=VECTOR('',#8423,1000.);
#5371=VECTOR('',#8424,1000.);
#5372=VECTOR('',#8425,1000.);
#5373=VECTOR('',#8426,1000.);
#5374=VECTOR('',#8427,1000.);
#5375=VECTOR('',#8430,1000.);
#5376=VECTOR('',#8431,1000.);
#5377=VECTOR('',#8432,1000.);
#5378=VECTOR('',#8433,1000.);
#5379=VECTOR('',#8436,1000.);
#5380=VECTOR('',#8437,1000.);
#5381=VECTOR('',#8438,1000.);
#5382=VECTOR('',#8439,1000.);
#5383=VECTOR('',#8440,1000.);
#5384=VECTOR('',#8441,1000.);
#5385=VECTOR('',#8442,1000.);
#5386=VECTOR('',#8443,1000.);
#5387=VECTOR('',#8444,1000.);
#5388=VECTOR('',#8445,1000.);
#5389=VECTOR('',#8446,1000.);
#5390=VECTOR('',#8449,1000.);
#5391=VECTOR('',#8450,1000.);
#5392=VECTOR('',#8451,1000.);
#5393=VECTOR('',#8452,1000.);
#5394=VECTOR('',#8453,1000.);
#5395=VECTOR('',#8454,1000.);
#5396=VECTOR('',#8455,1000.);
#5397=VECTOR('',#8456,1000.);
#5398=VECTOR('',#8457,1000.);
#5399=VECTOR('',#8458,1000.);
#5400=VECTOR('',#8459,1000.);
#5401=VECTOR('',#8462,1000.);
#5402=VECTOR('',#8463,1000.);
#5403=VECTOR('',#8464,1000.);
#5404=VECTOR('',#8467,1000.);
#5405=VECTOR('',#8468,1000.);
#5406=VECTOR('',#8471,1000.);
#5407=VECTOR('',#8472,1000.);
#5408=VECTOR('',#8473,1000.);
#5409=VECTOR('',#8476,1000.);
#5410=VECTOR('',#8477,1000.);
#5411=VECTOR('',#8480,1000.);
#5412=VECTOR('',#8481,1000.);
#5413=VECTOR('',#8482,1000.);
#5414=VECTOR('',#8483,1000.);
#5415=VECTOR('',#8484,1000.);
#5416=VECTOR('',#8487,1000.);
#5417=VECTOR('',#8488,1000.);
#5418=VECTOR('',#8489,1000.);
#5419=VECTOR('',#8492,1000.);
#5420=VECTOR('',#8493,1000.);
#5421=VECTOR('',#8494,1000.);
#5422=VECTOR('',#8497,1000.);
#5423=VECTOR('',#8498,1000.);
#5424=VECTOR('',#8499,1000.);
#5425=VECTOR('',#8502,1000.);
#5426=VECTOR('',#8503,1000.);
#5427=VECTOR('',#8504,1000.);
#5428=VECTOR('',#8505,1000.);
#5429=VECTOR('',#8508,1000.);
#5430=VECTOR('',#8509,1000.);
#5431=VECTOR('',#8510,1000.);
#5432=VECTOR('',#8511,1000.);
#5433=VECTOR('',#8514,1000.);
#5434=VECTOR('',#8515,1000.);
#5435=VECTOR('',#8516,1000.);
#5436=VECTOR('',#8517,1000.);
#5437=VECTOR('',#8518,1000.);
#5438=VECTOR('',#8521,1000.);
#5439=VECTOR('',#8522,1000.);
#5440=VECTOR('',#8523,1000.);
#5441=VECTOR('',#8526,1000.);
#5442=VECTOR('',#8527,1000.);
#5443=VECTOR('',#8528,1000.);
#5444=VECTOR('',#8529,1000.);
#5445=VECTOR('',#8532,1000.);
#5446=VECTOR('',#8533,1000.);
#5447=VECTOR('',#8536,1000.);
#5448=VECTOR('',#8537,1000.);
#5449=VECTOR('',#8540,1000.);
#5450=VECTOR('',#8541,1000.);
#5451=VECTOR('',#8542,1000.);
#5452=VECTOR('',#8543,1000.);
#5453=VECTOR('',#8544,1000.);
#5454=VECTOR('',#8545,1000.);
#5455=VECTOR('',#8548,1000.);
#5456=VECTOR('',#8549,1000.);
#5457=VECTOR('',#8552,1000.);
#5458=VECTOR('',#8553,1000.);
#5459=VECTOR('',#8556,1000.);
#5460=VECTOR('',#8559,1000.);
#5461=VECTOR('',#8560,1000.);
#5462=VECTOR('',#8563,1000.);
#5463=VECTOR('',#8564,1000.);
#5464=VECTOR('',#8567,1000.);
#5465=VECTOR('',#8570,1000.);
#5466=VECTOR('',#8571,1000.);
#5467=VECTOR('',#8572,1000.);
#5468=VECTOR('',#8573,1000.);
#5469=VECTOR('',#8574,1000.);
#5470=VECTOR('',#8575,1000.);
#5471=VECTOR('',#8576,1000.);
#5472=VECTOR('',#8577,1000.);
#5473=VECTOR('',#8578,1000.);
#5474=VECTOR('',#8579,1000.);
#5475=VECTOR('',#8580,1000.);
#5476=VECTOR('',#8581,1000.);
#5477=VECTOR('',#8584,1000.);
#5478=VECTOR('',#8585,1000.);
#5479=VECTOR('',#8586,1000.);
#5480=VECTOR('',#8589,1000.);
#5481=VECTOR('',#8590,1000.);
#5482=VECTOR('',#8595,1000.);
#5483=VECTOR('',#8596,1000.);
#5484=VECTOR('',#8597,1000.);
#5485=VECTOR('',#8600,1000.);
#5486=VECTOR('',#8601,1000.);
#5487=VECTOR('',#8606,1000.);
#5488=VECTOR('',#8607,1000.);
#5489=VECTOR('',#8608,1000.);
#5490=VECTOR('',#8611,1000.);
#5491=VECTOR('',#8612,1000.);
#5492=VECTOR('',#8617,1000.);
#5493=VECTOR('',#8618,1000.);
#5494=VECTOR('',#8619,1000.);
#5495=VECTOR('',#8622,1000.);
#5496=VECTOR('',#8625,1000.);
#5497=VECTOR('',#8628,1000.);
#5498=VECTOR('',#8633,1000.);
#5499=VECTOR('',#8638,1000.);
#5500=VECTOR('',#8639,1000.);
#5501=VECTOR('',#8642,1000.);
#5502=VECTOR('',#8643,1000.);
#5503=VECTOR('',#8646,1000.);
#5504=VECTOR('',#8651,1000.);
#5505=VECTOR('',#8652,1000.);
#5506=VECTOR('',#8655,1000.);
#5507=VECTOR('',#8656,1000.);
#5508=VECTOR('',#8659,1000.);
#5509=VECTOR('',#8664,1000.);
#5510=VECTOR('',#8665,1000.);
#5511=VECTOR('',#8668,1000.);
#5512=VECTOR('',#8669,1000.);
#5513=VECTOR('',#8672,1000.);
#5514=VECTOR('',#8677,1000.);
#5515=VECTOR('',#8678,1000.);
#5516=VECTOR('',#8681,1000.);
#5517=VECTOR('',#8682,1000.);
#5518=VECTOR('',#8685,1000.);
#5519=VECTOR('',#8690,1000.);
#5520=VECTOR('',#8691,1000.);
#5521=VECTOR('',#8694,1000.);
#5522=VECTOR('',#8695,1000.);
#5523=VECTOR('',#8696,1000.);
#5524=VECTOR('',#8697,1000.);
#5525=VECTOR('',#8698,1000.);
#5526=VECTOR('',#8701,1000.);
#5527=VECTOR('',#8702,1000.);
#5528=VECTOR('',#8703,1000.);
#5529=VECTOR('',#8704,1000.);
#5530=VECTOR('',#8705,1000.);
#5531=VECTOR('',#8706,1000.);
#5532=VECTOR('',#8707,1000.);
#5533=VECTOR('',#8708,1000.);
#5534=VECTOR('',#8711,1000.);
#5535=VECTOR('',#8712,1000.);
#5536=VECTOR('',#8713,1000.);
#5537=VECTOR('',#8714,1000.);
#5538=VECTOR('',#8715,1000.);
#5539=VECTOR('',#8716,1000.);
#5540=VECTOR('',#8717,1000.);
#5541=VECTOR('',#8718,1000.);
#5542=VECTOR('',#8719,1000.);
#5543=VECTOR('',#8720,1000.);
#5544=VECTOR('',#8721,1000.);
#5545=VECTOR('',#8722,1000.);
#5546=VECTOR('',#8727,1000.);
#5547=VECTOR('',#8728,1000.);
#5548=VECTOR('',#8729,1000.);
#5549=VECTOR('',#8730,1000.);
#5550=VECTOR('',#8731,1000.);
#5551=VECTOR('',#8732,1000.);
#5552=VECTOR('',#8735,1000.);
#5553=VECTOR('',#8736,1000.);
#5554=VECTOR('',#8739,1000.);
#5555=VECTOR('',#8740,1000.);
#5556=VECTOR('',#8743,1000.);
#5557=VECTOR('',#8744,1000.);
#5558=VECTOR('',#8751,1000.);
#5559=VECTOR('',#8752,1000.);
#5560=VECTOR('',#8755,1000.);
#5561=VECTOR('',#8756,1000.);
#5562=VECTOR('',#8759,1000.);
#5563=VECTOR('',#8762,1000.);
#5564=VECTOR('',#8767,1000.);
#5565=VECTOR('',#8768,1000.);
#5566=VECTOR('',#8771,1000.);
#5567=VECTOR('',#8772,1000.);
#5568=VECTOR('',#8775,1000.);
#5569=VECTOR('',#8780,1000.);
#5570=VECTOR('',#8781,1000.);
#5571=VECTOR('',#8782,1000.);
#5572=VECTOR('',#8785,1000.);
#5573=VECTOR('',#8788,1000.);
#5574=VECTOR('',#8797,1000.);
#5575=VECTOR('',#8798,1000.);
#5576=VECTOR('',#8799,1000.);
#5577=VECTOR('',#8802,1000.);
#5578=VECTOR('',#8807,1000.);
#5579=VECTOR('',#8808,1000.);
#5580=VECTOR('',#8811,1000.);
#5581=VECTOR('',#8814,1000.);
#5582=VECTOR('',#8819,1000.);
#5583=VECTOR('',#8820,1000.);
#5584=VECTOR('',#8821,1000.);
#5585=VECTOR('',#8824,1000.);
#5586=VECTOR('',#8825,1000.);
#5587=VECTOR('',#8828,1000.);
#5588=VECTOR('',#8829,1000.);
#5589=VECTOR('',#8832,1000.);
#5590=VECTOR('',#8833,1000.);
#5591=VECTOR('',#8836,1000.);
#5592=VECTOR('',#8837,1000.);
#5593=VECTOR('',#8846,1000.);
#5594=VECTOR('',#8847,1000.);
#5595=VECTOR('',#8848,1000.);
#5596=VECTOR('',#8851,1000.);
#5597=VECTOR('',#8856,1000.);
#5598=VECTOR('',#8857,1000.);
#5599=VECTOR('',#8860,1000.);
#5600=VECTOR('',#8863,1000.);
#5601=VECTOR('',#8868,1000.);
#5602=VECTOR('',#8869,1000.);
#5603=VECTOR('',#8870,1000.);
#5604=VECTOR('',#8873,1000.);
#5605=VECTOR('',#8874,1000.);
#5606=VECTOR('',#8877,1000.);
#5607=VECTOR('',#8878,1000.);
#5608=VECTOR('',#8881,1000.);
#5609=VECTOR('',#8882,1000.);
#5610=VECTOR('',#8885,1000.);
#5611=VECTOR('',#8886,1000.);
#5612=VECTOR('',#8895,1000.);
#5613=VECTOR('',#8896,1000.);
#5614=VECTOR('',#8897,1000.);
#5615=VECTOR('',#8898,1000.);
#5616=VECTOR('',#8901,1000.);
#5617=VECTOR('',#8902,1000.);
#5618=VECTOR('',#8903,1000.);
#5619=VECTOR('',#8906,1000.);
#5620=VECTOR('',#8907,1000.);
#5621=VECTOR('',#8910,1000.);
#5622=VECTOR('',#8911,1000.);
#5623=VECTOR('',#8918,1000.);
#5624=VECTOR('',#8919,1000.);
#5625=VECTOR('',#8920,1000.);
#5626=VECTOR('',#8923,1000.);
#5627=VECTOR('',#8924,1000.);
#5628=VECTOR('',#8925,1000.);
#5629=VECTOR('',#8928,1000.);
#5630=VECTOR('',#8929,1000.);
#5631=VECTOR('',#8930,1000.);
#5632=VECTOR('',#8933,1000.);
#5633=VECTOR('',#8934,1000.);
#5634=VECTOR('',#8947,1000.);
#5635=VECTOR('',#8948,1000.);
#5636=VECTOR('',#8949,1000.);
#5637=VECTOR('',#8950,1000.);
#5638=VECTOR('',#8951,1000.);
#5639=VECTOR('',#8958,1000.);
#5640=VECTOR('',#8959,1000.);
#5641=VECTOR('',#8960,1000.);
#5642=VECTOR('',#8961,1000.);
#5643=VECTOR('',#8962,1000.);
#5644=VECTOR('',#8969,1000.);
#5645=VECTOR('',#8970,1000.);
#5646=VECTOR('',#8971,1000.);
#5647=VECTOR('',#8974,1000.);
#5648=VECTOR('',#8977,1000.);
#5649=VECTOR('',#8978,1000.);
#5650=VECTOR('',#8979,1000.);
#5651=VECTOR('',#8982,1000.);
#5652=VECTOR('',#8985,1000.);
#5653=VECTOR('',#8986,1000.);
#5654=VECTOR('',#8987,1000.);
#5655=VECTOR('',#8990,1000.);
#5656=VECTOR('',#8993,1000.);
#5657=VECTOR('',#8994,1000.);
#5658=VECTOR('',#8997,1000.);
#5659=VECTOR('',#8998,1000.);
#5660=VECTOR('',#8999,1000.);
#5661=VECTOR('',#9006,1000.);
#5662=VECTOR('',#9007,1000.);
#5663=VECTOR('',#9008,1000.);
#5664=VECTOR('',#9011,1000.);
#5665=VECTOR('',#9012,1000.);
#5666=VECTOR('',#9015,1000.);
#5667=VECTOR('',#9016,1000.);
#5668=VECTOR('',#9019,1000.);
#5669=VECTOR('',#9020,1000.);
#5670=VECTOR('',#9021,1000.);
#5671=VECTOR('',#9026,1000.);
#5672=VECTOR('',#9029,1000.);
#5673=VECTOR('',#9032,1000.);
#5674=VECTOR('',#9035,1000.);
#5675=VECTOR('',#9036,1000.);
#5676=VECTOR('',#9037,1000.);
#5677=VECTOR('',#9038,1000.);
#5678=VECTOR('',#9041,1000.);
#5679=VECTOR('',#9044,1000.);
#5680=VECTOR('',#9047,1000.);
#5681=VECTOR('',#9050,1000.);
#5682=VECTOR('',#9053,1000.);
#5683=VECTOR('',#9056,1000.);
#5684=VECTOR('',#9059,1000.);
#5685=VECTOR('',#9060,1000.);
#5686=VECTOR('',#9061,1000.);
#5687=VECTOR('',#9062,1000.);
#5688=VECTOR('',#9065,1000.);
#5689=VECTOR('',#9068,1000.);
#5690=VECTOR('',#9071,1000.);
#5691=VECTOR('',#9074,1000.);
#5692=VECTOR('',#9077,1000.);
#5693=VECTOR('',#9080,1000.);
#5694=VECTOR('',#9083,1000.);
#5695=VECTOR('',#9084,1000.);
#5696=VECTOR('',#9085,1000.);
#5697=VECTOR('',#9086,1000.);
#5698=VECTOR('',#9089,1000.);
#5699=VECTOR('',#9092,1000.);
#5700=VECTOR('',#9095,1000.);
#5701=VECTOR('',#9100,1000.);
#5702=VECTOR('',#9101,1000.);
#5703=VECTOR('',#9102,1000.);
#5704=VECTOR('',#9109,1000.);
#5705=VECTOR('',#9110,1000.);
#5706=VECTOR('',#9117,1000.);
#5707=VECTOR('',#9118,1000.);
#5708=VECTOR('',#9119,1000.);
#5709=VECTOR('',#9122,1000.);
#5710=VECTOR('',#9125,1000.);
#5711=VECTOR('',#9128,1000.);
#5712=VECTOR('',#9129,1000.);
#5713=VECTOR('',#9130,1000.);
#5714=VECTOR('',#9131,1000.);
#5715=VECTOR('',#9134,1000.);
#5716=VECTOR('',#9137,1000.);
#5717=VECTOR('',#9142,1000.);
#5718=VECTOR('',#9143,1000.);
#5719=VECTOR('',#9144,1000.);
#5720=VECTOR('',#9147,1000.);
#5721=VECTOR('',#9150,1000.);
#5722=VECTOR('',#9153,1000.);
#5723=VECTOR('',#9154,1000.);
#5724=VECTOR('',#9155,1000.);
#5725=VECTOR('',#9156,1000.);
#5726=VECTOR('',#9159,1000.);
#5727=VECTOR('',#9162,1000.);
#5728=VECTOR('',#9167,1000.);
#5729=VECTOR('',#9168,1000.);
#5730=VECTOR('',#9169,1000.);
#5731=VECTOR('',#9172,1000.);
#5732=VECTOR('',#9175,1000.);
#5733=VECTOR('',#9178,1000.);
#5734=VECTOR('',#9179,1000.);
#5735=VECTOR('',#9180,1000.);
#5736=VECTOR('',#9181,1000.);
#5737=VECTOR('',#9184,1000.);
#5738=VECTOR('',#9187,1000.);
#5739=VECTOR('',#9190,1000.);
#5740=VECTOR('',#9191,1000.);
#5741=VECTOR('',#9192,1000.);
#5742=VECTOR('',#9193,1000.);
#5743=VECTOR('',#9194,1000.);
#5744=VECTOR('',#9195,1000.);
#5745=VECTOR('',#9198,1000.);
#5746=VECTOR('',#9199,1000.);
#5747=VECTOR('',#9200,1000.);
#5748=VECTOR('',#9201,1000.);
#5749=VECTOR('',#9202,1000.);
#5750=VECTOR('',#9203,1000.);
#5751=VECTOR('',#9206,1000.);
#5752=VECTOR('',#9207,1000.);
#5753=VECTOR('',#9208,1000.);
#5754=VECTOR('',#9209,1000.);
#5755=VECTOR('',#9210,1000.);
#5756=VECTOR('',#9211,1000.);
#5757=VECTOR('',#9214,1000.);
#5758=VECTOR('',#9215,1000.);
#5759=VECTOR('',#9216,1000.);
#5760=VECTOR('',#9219,1000.);
#5761=VECTOR('',#9220,1000.);
#5762=VECTOR('',#9221,1000.);
#5763=VECTOR('',#9224,1000.);
#5764=VECTOR('',#9225,1000.);
#5765=VECTOR('',#9226,1000.);
#5766=VECTOR('',#9229,1000.);
#5767=VECTOR('',#9230,1000.);
#5768=VECTOR('',#9231,1000.);
#5769=VECTOR('',#9232,1000.);
#5770=VECTOR('',#9233,1000.);
#5771=VECTOR('',#9236,1000.);
#5772=VECTOR('',#9237,1000.);
#5773=VECTOR('',#9238,1000.);
#5774=VECTOR('',#9239,1000.);
#5775=VECTOR('',#9240,1000.);
#5776=VECTOR('',#9243,1000.);
#5777=VECTOR('',#9244,1000.);
#5778=VECTOR('',#9245,1000.);
#5779=VECTOR('',#9246,1000.);
#5780=VECTOR('',#9247,1000.);
#5781=VECTOR('',#9250,1000.);
#5782=VECTOR('',#9251,1000.);
#5783=VECTOR('',#9252,1000.);
#5784=VECTOR('',#9255,1000.);
#5785=VECTOR('',#9256,1000.);
#5786=VECTOR('',#9257,1000.);
#5787=VECTOR('',#9260,1000.);
#5788=VECTOR('',#9261,1000.);
#5789=VECTOR('',#9262,1000.);
#5790=VECTOR('',#9265,1000.);
#5791=VECTOR('',#9266,1000.);
#5792=VECTOR('',#9267,1000.);
#5793=VECTOR('',#9268,1000.);
#5794=VECTOR('',#9269,1000.);
#5795=VECTOR('',#9272,1000.);
#5796=VECTOR('',#9273,1000.);
#5797=VECTOR('',#9274,1000.);
#5798=VECTOR('',#9275,1000.);
#5799=VECTOR('',#9276,1000.);
#5800=VECTOR('',#9279,1000.);
#5801=VECTOR('',#9280,1000.);
#5802=VECTOR('',#9281,1000.);
#5803=VECTOR('',#9282,1000.);
#5804=VECTOR('',#9283,1000.);
#5805=VECTOR('',#9286,1000.);
#5806=VECTOR('',#9287,1000.);
#5807=VECTOR('',#9288,1000.);
#5808=VECTOR('',#9291,1000.);
#5809=VECTOR('',#9292,1000.);
#5810=VECTOR('',#9293,1000.);
#5811=VECTOR('',#9296,1000.);
#5812=VECTOR('',#9297,1000.);
#5813=VECTOR('',#9298,1000.);
#5814=VECTOR('',#9301,1000.);
#5815=VECTOR('',#9302,1000.);
#5816=VECTOR('',#9303,1000.);
#5817=VECTOR('',#9304,1000.);
#5818=VECTOR('',#9305,1000.);
#5819=VECTOR('',#9308,1000.);
#5820=VECTOR('',#9309,1000.);
#5821=VECTOR('',#9310,1000.);
#5822=VECTOR('',#9311,1000.);
#5823=VECTOR('',#9312,1000.);
#5824=VECTOR('',#9315,1000.);
#5825=VECTOR('',#9316,1000.);
#5826=VECTOR('',#9317,1000.);
#5827=VECTOR('',#9318,1000.);
#5828=VECTOR('',#9319,1000.);
#5829=VECTOR('',#9322,1000.);
#5830=VECTOR('',#9323,1000.);
#5831=VECTOR('',#9324,1000.);
#5832=VECTOR('',#9327,1000.);
#5833=VECTOR('',#9328,1000.);
#5834=VECTOR('',#9329,1000.);
#5835=VECTOR('',#9332,1000.);
#5836=VECTOR('',#9333,1000.);
#5837=VECTOR('',#9334,1000.);
#5838=VECTOR('',#9337,1000.);
#5839=VECTOR('',#9338,1000.);
#5840=VECTOR('',#9339,1000.);
#5841=VECTOR('',#9340,1000.);
#5842=VECTOR('',#9341,1000.);
#5843=VECTOR('',#9344,1000.);
#5844=VECTOR('',#9345,1000.);
#5845=VECTOR('',#9346,1000.);
#5846=VECTOR('',#9347,1000.);
#5847=VECTOR('',#9348,1000.);
#5848=VECTOR('',#9351,1000.);
#5849=VECTOR('',#9352,1000.);
#5850=VECTOR('',#9353,1000.);
#5851=VECTOR('',#9354,1000.);
#5852=VECTOR('',#9355,1000.);
#5853=VECTOR('',#9358,1000.);
#5854=VECTOR('',#9359,1000.);
#5855=VECTOR('',#9360,1000.);
#5856=VECTOR('',#9363,1000.);
#5857=VECTOR('',#9364,1000.);
#5858=VECTOR('',#9365,1000.);
#5859=VECTOR('',#9368,1000.);
#5860=VECTOR('',#9369,1000.);
#5861=VECTOR('',#9370,1000.);
#5862=VECTOR('',#9373,1000.);
#5863=VECTOR('',#9374,1000.);
#5864=VECTOR('',#9375,1000.);
#5865=VECTOR('',#9376,1000.);
#5866=VECTOR('',#9377,1000.);
#5867=VECTOR('',#9380,1000.);
#5868=VECTOR('',#9381,1000.);
#5869=VECTOR('',#9382,1000.);
#5870=VECTOR('',#9383,1000.);
#5871=VECTOR('',#9384,1000.);
#5872=VECTOR('',#9387,1000.);
#5873=VECTOR('',#9388,1000.);
#5874=VECTOR('',#9389,1000.);
#5875=VECTOR('',#9390,1000.);
#5876=VECTOR('',#9391,1000.);
#5877=VECTOR('',#9394,1000.);
#5878=VECTOR('',#9395,1000.);
#5879=VECTOR('',#9396,1000.);
#5880=VECTOR('',#9399,1000.);
#5881=VECTOR('',#9400,1000.);
#5882=VECTOR('',#9401,1000.);
#5883=VECTOR('',#9404,1000.);
#5884=VECTOR('',#9405,1000.);
#5885=VECTOR('',#9406,1000.);
#5886=VECTOR('',#9409,1000.);
#5887=VECTOR('',#9410,1000.);
#5888=VECTOR('',#9411,1000.);
#5889=VECTOR('',#9412,1000.);
#5890=VECTOR('',#9413,1000.);
#5891=VECTOR('',#9416,1000.);
#5892=VECTOR('',#9417,1000.);
#5893=VECTOR('',#9418,1000.);
#5894=VECTOR('',#9419,1000.);
#5895=VECTOR('',#9420,1000.);
#5896=VECTOR('',#9423,1000.);
#5897=VECTOR('',#9424,1000.);
#5898=VECTOR('',#9425,1000.);
#5899=VECTOR('',#9426,1000.);
#5900=VECTOR('',#9427,1000.);
#5901=VECTOR('',#9430,1000.);
#5902=VECTOR('',#9431,1000.);
#5903=VECTOR('',#9432,1000.);
#5904=VECTOR('',#9435,1000.);
#5905=VECTOR('',#9436,1000.);
#5906=VECTOR('',#9437,1000.);
#5907=VECTOR('',#9440,1000.);
#5908=VECTOR('',#9441,1000.);
#5909=VECTOR('',#9442,1000.);
#5910=VECTOR('',#9445,1000.);
#5911=VECTOR('',#9446,1000.);
#5912=VECTOR('',#9447,1000.);
#5913=VECTOR('',#9448,1000.);
#5914=VECTOR('',#9449,1000.);
#5915=VECTOR('',#9452,1000.);
#5916=VECTOR('',#9453,1000.);
#5917=VECTOR('',#9454,1000.);
#5918=VECTOR('',#9455,1000.);
#5919=VECTOR('',#9456,1000.);
#5920=VECTOR('',#9459,1000.);
#5921=VECTOR('',#9460,1000.);
#5922=VECTOR('',#9461,1000.);
#5923=VECTOR('',#9462,1000.);
#5924=VECTOR('',#9463,1000.);
#5925=VECTOR('',#9466,1000.);
#5926=VECTOR('',#9467,1000.);
#5927=VECTOR('',#9470,1000.);
#5928=VECTOR('',#9471,1000.);
#5929=VECTOR('',#9474,1000.);
#5930=VECTOR('',#9475,1000.);
#5931=VECTOR('',#9476,1000.);
#5932=VECTOR('',#9479,1000.);
#5933=VECTOR('',#9480,1000.);
#5934=VECTOR('',#9481,1000.);
#5935=VECTOR('',#9484,1000.);
#5936=VECTOR('',#9485,1000.);
#5937=VECTOR('',#9486,1000.);
#5938=VECTOR('',#9489,1000.);
#5939=VECTOR('',#9490,1000.);
#5940=VECTOR('',#9491,1000.);
#5941=VECTOR('',#9492,1000.);
#5942=VECTOR('',#9495,1000.);
#5943=VECTOR('',#9496,1000.);
#5944=VECTOR('',#9499,1000.);
#5945=VECTOR('',#9500,1000.);
#5946=VECTOR('',#9503,1000.);
#5947=VECTOR('',#9504,1000.);
#5948=VECTOR('',#9507,1000.);
#5949=VECTOR('',#9508,1000.);
#5950=VECTOR('',#9509,1000.);
#5951=VECTOR('',#9510,1000.);
#5952=VECTOR('',#9511,1000.);
#5953=VECTOR('',#9512,1000.);
#5954=VECTOR('',#9515,1000.);
#5955=VECTOR('',#9516,1000.);
#5956=VECTOR('',#9517,1000.);
#5957=VECTOR('',#9520,1000.);
#5958=VECTOR('',#9521,1000.);
#5959=VECTOR('',#9522,1000.);
#5960=VECTOR('',#9523,1000.);
#5961=VECTOR('',#9524,1000.);
#5962=VECTOR('',#9527,1000.);
#5963=VECTOR('',#9528,1000.);
#5964=VECTOR('',#9529,1000.);
#5965=VECTOR('',#9532,1000.);
#5966=VECTOR('',#9533,1000.);
#5967=VECTOR('',#9534,1000.);
#5968=VECTOR('',#9535,1000.);
#5969=VECTOR('',#9536,1000.);
#5970=VECTOR('',#9539,1000.);
#5971=VECTOR('',#9540,1000.);
#5972=VECTOR('',#9541,1000.);
#5973=VECTOR('',#9544,1000.);
#5974=VECTOR('',#9545,1000.);
#5975=VECTOR('',#9546,1000.);
#5976=VECTOR('',#9547,1000.);
#5977=VECTOR('',#9548,1000.);
#5978=VECTOR('',#9551,1000.);
#5979=VECTOR('',#9552,1000.);
#5980=VECTOR('',#9553,1000.);
#5981=VECTOR('',#9556,1000.);
#5982=VECTOR('',#9557,1000.);
#5983=VECTOR('',#9558,1000.);
#5984=VECTOR('',#9559,1000.);
#5985=VECTOR('',#9560,1000.);
#5986=VECTOR('',#9563,1000.);
#5987=VECTOR('',#9564,1000.);
#5988=VECTOR('',#9565,1000.);
#5989=VECTOR('',#9568,1000.);
#5990=VECTOR('',#9569,1000.);
#5991=VECTOR('',#9570,1000.);
#5992=VECTOR('',#9571,1000.);
#5993=VECTOR('',#9572,1000.);
#5994=VECTOR('',#9575,1000.);
#5995=VECTOR('',#9576,1000.);
#5996=VECTOR('',#9577,1000.);
#5997=VECTOR('',#9580,1000.);
#5998=VECTOR('',#9581,1000.);
#5999=VECTOR('',#9582,1000.);
#6000=VECTOR('',#9583,1000.);
#6001=VECTOR('',#9584,1000.);
#6002=VECTOR('',#9587,1000.);
#6003=VECTOR('',#9588,1000.);
#6004=VECTOR('',#9589,1000.);
#6005=VECTOR('',#9592,1000.);
#6006=VECTOR('',#9593,1000.);
#6007=VECTOR('',#9594,1000.);
#6008=VECTOR('',#9595,1000.);
#6009=VECTOR('',#9596,1000.);
#6010=VECTOR('',#9599,1000.);
#6011=VECTOR('',#9600,1000.);
#6012=VECTOR('',#9601,1000.);
#6013=VECTOR('',#9608,1000.);
#6014=VECTOR('',#9609,1000.);
#6015=VECTOR('',#9614,1000.);
#6016=VECTOR('',#9615,1000.);
#6017=VECTOR('',#9620,1000.);
#6018=VECTOR('',#9621,1000.);
#6019=VECTOR('',#9624,1000.);
#6020=VECTOR('',#9627,1000.);
#6021=VECTOR('',#9630,1000.);
#6022=VECTOR('',#9631,1000.);
#6023=VECTOR('',#9632,1000.);
#6024=VECTOR('',#9633,1000.);
#6025=VECTOR('',#9636,1000.);
#6026=VECTOR('',#9639,1000.);
#6027=VECTOR('',#9644,1000.);
#6028=VECTOR('',#9645,1000.);
#6029=VECTOR('',#9648,1000.);
#6030=VECTOR('',#9651,1000.);
#6031=VECTOR('',#9654,1000.);
#6032=VECTOR('',#9655,1000.);
#6033=VECTOR('',#9656,1000.);
#6034=VECTOR('',#9657,1000.);
#6035=VECTOR('',#9660,1000.);
#6036=VECTOR('',#9663,1000.);
#6037=VECTOR('',#9666,1000.);
#6038=VECTOR('',#9667,1000.);
#6039=VECTOR('',#9668,1000.);
#6040=VECTOR('',#9671,1000.);
#6041=VECTOR('',#9672,1000.);
#6042=VECTOR('',#9675,1000.);
#6043=VECTOR('',#9676,1000.);
#6044=VECTOR('',#9677,1000.);
#6045=VECTOR('',#9678,1000.);
#6046=VECTOR('',#9681,1000.);
#6047=VECTOR('',#9682,1000.);
#6048=VECTOR('',#9683,1000.);
#6049=VECTOR('',#9684,1000.);
#6050=VECTOR('',#9687,1000.);
#6051=VECTOR('',#9688,1000.);
#6052=VECTOR('',#9689,1000.);
#6053=VECTOR('',#9692,1000.);
#6054=VECTOR('',#9695,1000.);
#6055=VECTOR('',#9698,1000.);
#6056=VECTOR('',#9701,1000.);
#6057=VECTOR('',#9704,1000.);
#6058=VECTOR('',#9705,1000.);
#6059=VECTOR('',#9706,1000.);
#6060=VECTOR('',#9709,1000.);
#6061=VECTOR('',#9710,1000.);
#6062=VECTOR('',#9711,1000.);
#6063=VECTOR('',#9712,1000.);
#6064=VECTOR('',#9717,1000.);
#6065=VECTOR('',#9718,1000.);
#6066=VECTOR('',#9719,1000.);
#6067=VECTOR('',#9722,1000.);
#6068=VECTOR('',#9725,1000.);
#6069=VECTOR('',#9728,1000.);
#6070=VECTOR('',#9731,1000.);
#6071=VECTOR('',#9734,1000.);
#6072=VECTOR('',#9735,1000.);
#6073=VECTOR('',#9736,1000.);
#6074=VECTOR('',#9739,1000.);
#6075=VECTOR('',#9740,1000.);
#6076=VECTOR('',#9741,1000.);
#6077=VECTOR('',#9742,1000.);
#6078=VECTOR('',#9747,1000.);
#6079=VECTOR('',#9748,1000.);
#6080=VECTOR('',#9749,1000.);
#6081=VECTOR('',#9750,1000.);
#6082=VECTOR('',#9751,1000.);
#6083=VECTOR('',#9752,1000.);
#6084=VECTOR('',#9755,1000.);
#6085=VECTOR('',#9756,1000.);
#6086=VECTOR('',#9757,1000.);
#6087=VECTOR('',#9758,1000.);
#6088=VECTOR('',#9759,1000.);
#6089=VECTOR('',#9760,1000.);
#6090=VECTOR('',#9783,1000.);
#6091=VECTOR('',#9784,1000.);
#6092=VECTOR('',#9785,1000.);
#6093=VECTOR('',#9786,1000.);
#6094=VECTOR('',#9787,1000.);
#6095=VECTOR('',#9788,1000.);
#6096=VECTOR('',#9789,1000.);
#6097=VECTOR('',#9790,1000.);
#6098=VECTOR('',#9791,1000.);
#6099=VECTOR('',#9792,1000.);
#6100=VECTOR('',#9793,1000.);
#6101=VECTOR('',#9794,1000.);
#6102=VECTOR('',#9795,1000.);
#6103=VECTOR('',#9796,1000.);
#6104=VECTOR('',#9799,1000.);
#6105=VECTOR('',#9800,1000.);
#6106=VECTOR('',#9801,1000.);
#6107=VECTOR('',#9802,1000.);
#6108=VECTOR('',#9803,1000.);
#6109=VECTOR('',#9804,1000.);
#6110=VECTOR('',#9805,1000.);
#6111=VECTOR('',#9806,1000.);
#6112=VECTOR('',#9807,1000.);
#6113=VECTOR('',#9808,1000.);
#6114=VECTOR('',#9809,1000.);
#6115=VECTOR('',#9810,1000.);
#6116=VECTOR('',#9811,1000.);
#6117=VECTOR('',#9812,1000.);
#6118=VECTOR('',#9815,1000.);
#6119=VECTOR('',#9816,1000.);
#6120=VECTOR('',#9821,1000.);
#6121=VECTOR('',#9822,1000.);
#6122=VECTOR('',#9823,1000.);
#6123=VECTOR('',#9826,1000.);
#6124=VECTOR('',#9827,1000.);
#6125=VECTOR('',#9828,1000.);
#6126=VECTOR('',#9831,1000.);
#6127=VECTOR('',#9832,1000.);
#6128=VECTOR('',#9835,1000.);
#6129=VECTOR('',#9836,1000.);
#6130=VECTOR('',#9837,1000.);
#6131=VECTOR('',#9840,1000.);
#6132=VECTOR('',#9841,1000.);
#6133=VECTOR('',#9842,1000.);
#6134=VECTOR('',#9845,1000.);
#6135=VECTOR('',#9846,1000.);
#6136=VECTOR('',#9863,1000.);
#6137=VECTOR('',#9864,1000.);
#6138=VECTOR('',#9865,1000.);
#6139=VECTOR('',#9866,1000.);
#6140=VECTOR('',#9867,1000.);
#6141=VECTOR('',#9868,1000.);
#6142=VECTOR('',#9871,1000.);
#6143=VECTOR('',#9872,1000.);
#6144=VECTOR('',#9873,1000.);
#6145=VECTOR('',#9874,1000.);
#6146=VECTOR('',#9875,1000.);
#6147=VECTOR('',#9876,1000.);
#6148=VECTOR('',#9899,1000.);
#6149=VECTOR('',#9902,1000.);
#6150=VECTOR('',#9903,1000.);
#6151=VECTOR('',#9904,1000.);
#6152=VECTOR('',#9915,1000.);
#6153=VECTOR('',#9918,1000.);
#6154=VECTOR('',#9921,1000.);
#6155=VECTOR('',#9924,1000.);
#6156=VECTOR('',#9927,1000.);
#6157=VECTOR('',#9930,1000.);
#6158=VECTOR('',#9933,1000.);
#6159=VECTOR('',#9936,1000.);
#6160=VECTOR('',#9939,1000.);
#6161=VECTOR('',#9942,1000.);
#6162=VECTOR('',#9945,1000.);
#6163=VECTOR('',#9948,1000.);
#6164=VECTOR('',#9951,1000.);
#6165=VECTOR('',#9956,1000.);
#6166=VECTOR('',#9959,1000.);
#6167=VECTOR('',#9962,1000.);
#6168=VECTOR('',#9965,1000.);
#6169=VECTOR('',#9968,1000.);
#6170=VECTOR('',#9971,1000.);
#6171=VECTOR('',#9974,1000.);
#6172=VECTOR('',#9977,1000.);
#6173=VECTOR('',#9980,1000.);
#6174=VECTOR('',#9983,1000.);
#6175=VECTOR('',#9986,1000.);
#6176=VECTOR('',#9989,1000.);
#6177=VECTOR('',#9992,1000.);
#6178=VECTOR('',#9999,1000.);
#6179=VECTOR('',#10002,1000.);
#6180=VECTOR('',#10005,1000.);
#6181=VECTOR('',#10008,1000.);
#6182=VECTOR('',#10011,1000.);
#6183=VECTOR('',#10014,1000.);
#6184=VECTOR('',#10017,1000.);
#6185=VECTOR('',#10020,1000.);
#6186=VECTOR('',#10023,1000.);
#6187=VECTOR('',#10026,1000.);
#6188=VECTOR('',#10029,1000.);
#6189=VECTOR('',#10032,1000.);
#6190=VECTOR('',#10035,1000.);
#6191=VECTOR('',#10040,1000.);
#6192=VECTOR('',#10043,1000.);
#6193=VECTOR('',#10046,1000.);
#6194=VECTOR('',#10049,1000.);
#6195=VECTOR('',#10052,1000.);
#6196=VECTOR('',#10055,1000.);
#6197=VECTOR('',#10058,1000.);
#6198=VECTOR('',#10061,1000.);
#6199=VECTOR('',#10064,1000.);
#6200=VECTOR('',#10067,1000.);
#6201=VECTOR('',#10070,1000.);
#6202=VECTOR('',#10073,1000.);
#6203=VECTOR('',#10076,1000.);
#6204=VECTOR('',#10093,1000.);
#6205=VECTOR('',#10098,1000.);
#6206=VECTOR('',#10105,1000.);
#6207=VECTOR('',#10106,1000.);
#6208=VECTOR('',#10107,1000.);
#6209=VECTOR('',#10108,1000.);
#6210=VECTOR('',#10111,1000.);
#6211=VECTOR('',#10112,1000.);
#6212=VECTOR('',#10113,1000.);
#6213=VECTOR('',#10116,1000.);
#6214=VECTOR('',#10117,1000.);
#6215=VECTOR('',#10118,1000.);
#6216=VECTOR('',#10121,1000.);
#6217=VECTOR('',#10122,1000.);
#6218=VECTOR('',#10123,1000.);
#6219=VECTOR('',#10126,1000.);
#6220=VECTOR('',#10127,1000.);
#6221=VECTOR('',#10128,1000.);
#6222=VECTOR('',#10131,1000.);
#6223=VECTOR('',#10132,1000.);
#6224=VECTOR('',#10133,1000.);
#6225=VECTOR('',#10136,1000.);
#6226=VECTOR('',#10137,1000.);
#6227=VECTOR('',#10138,1000.);
#6228=VECTOR('',#10141,1000.);
#6229=VECTOR('',#10142,1000.);
#6230=VECTOR('',#10143,1000.);
#6231=VECTOR('',#10146,1000.);
#6232=VECTOR('',#10147,1000.);
#6233=VECTOR('',#10148,1000.);
#6234=VECTOR('',#10153,1000.);
#6235=VECTOR('',#10158,1000.);
#6236=VECTOR('',#10159,1000.);
#6237=VECTOR('',#10160,1000.);
#6238=VECTOR('',#10163,1000.);
#6239=VECTOR('',#10164,1000.);
#6240=VECTOR('',#10165,1000.);
#6241=VECTOR('',#10168,1000.);
#6242=VECTOR('',#10169,1000.);
#6243=VECTOR('',#10170,1000.);
#6244=VECTOR('',#10173,1000.);
#6245=VECTOR('',#10174,1000.);
#6246=VECTOR('',#10175,1000.);
#6247=VECTOR('',#10178,1000.);
#6248=VECTOR('',#10179,1000.);
#6249=VECTOR('',#10180,1000.);
#6250=VECTOR('',#10183,1000.);
#6251=VECTOR('',#10184,1000.);
#6252=VECTOR('',#10185,1000.);
#6253=VECTOR('',#10188,1000.);
#6254=VECTOR('',#10189,1000.);
#6255=VECTOR('',#10190,1000.);
#6256=VECTOR('',#10193,1000.);
#6257=VECTOR('',#10194,1000.);
#6258=VECTOR('',#10195,1000.);
#6259=VECTOR('',#10198,1000.);
#6260=VECTOR('',#10199,1000.);
#6261=VECTOR('',#10200,1000.);
#6262=VECTOR('',#10203,1000.);
#6263=VECTOR('',#10204,1000.);
#6264=VECTOR('',#10205,1000.);
#6265=VECTOR('',#10210,1000.);
#6266=VECTOR('',#10215,1000.);
#6267=VECTOR('',#10216,1000.);
#6268=VECTOR('',#10217,1000.);
#6269=VECTOR('',#10220,1000.);
#6270=VECTOR('',#10221,1000.);
#6271=VECTOR('',#10222,1000.);
#6272=VECTOR('',#10225,1000.);
#6273=VECTOR('',#10226,1000.);
#6274=VECTOR('',#10227,1000.);
#6275=VECTOR('',#10230,1000.);
#6276=VECTOR('',#10231,1000.);
#6277=VECTOR('',#10232,1000.);
#6278=VECTOR('',#10237,1000.);
#6279=VECTOR('',#10242,1000.);
#6280=VECTOR('',#10243,1000.);
#6281=EDGE_LOOP('',(#170,#171,#172,#173,#174,#175,#176,#177,#178,#179,#180,
#181,#182,#183,#184,#185,#186,#187,#188,#189,#190,#191,#192,#193,#194,#195,
#196,#197,#198,#199,#200,#201));
#6282=EDGE_LOOP('',(#202,#203,#204,#205));
#6283=EDGE_LOOP('',(#206,#207,#208,#209,#210,#211,#212,#213));
#6284=EDGE_LOOP('',(#214,#215,#216,#217));
#6285=EDGE_LOOP('',(#218,#219,#220,#221,#222,#223,#224,#225));
#6286=EDGE_LOOP('',(#226,#227,#228,#229,#230,#231,#232,#233,#234,#235,#236,
#237,#238,#239,#240,#241));
#6287=EDGE_LOOP('',(#242,#243,#244,#245,#246,#247,#248,#249));
#6288=EDGE_LOOP('',(#250,#251,#252,#253,#254,#255,#256,#257));
#6289=EDGE_LOOP('',(#258,#259,#260,#261,#262,#263));
#6290=EDGE_LOOP('',(#264,#265,#266,#267));
#6291=EDGE_LOOP('',(#268,#269,#270,#271,#272,#273,#274,#275,#276,#277,#278,
#279,#280,#281));
#6292=EDGE_LOOP('',(#282,#283,#284,#285));
#6293=EDGE_LOOP('',(#286,#287,#288,#289,#290,#291,#292,#293,#294,#295,#296,
#297,#298,#299));
#6294=EDGE_LOOP('',(#300,#301,#302,#303,#304,#305));
#6295=EDGE_LOOP('',(#306,#307,#308,#309,#310,#311,#312,#313,#314,#315,#316,
#317,#318,#319));
#6296=EDGE_LOOP('',(#320,#321,#322,#323,#324,#325,#326,#327,#328,#329,#330,
#331,#332,#333));
#6297=EDGE_LOOP('',(#334,#335,#336,#337));
#6298=EDGE_LOOP('',(#338,#339,#340,#341));
#6299=EDGE_LOOP('',(#342,#343,#344,#345));
#6300=EDGE_LOOP('',(#346,#347,#348,#349));
#6301=EDGE_LOOP('',(#350,#351,#352,#353,#354,#355));
#6302=EDGE_LOOP('',(#356,#357,#358,#359));
#6303=EDGE_LOOP('',(#360,#361,#362,#363));
#6304=EDGE_LOOP('',(#364,#365,#366,#367));
#6305=EDGE_LOOP('',(#368,#369,#370,#371));
#6306=EDGE_LOOP('',(#372,#373,#374,#375,#376,#377));
#6307=EDGE_LOOP('',(#378,#379,#380,#381,#382,#383,#384,#385));
#6308=EDGE_LOOP('',(#386,#387,#388,#389));
#6309=EDGE_LOOP('',(#390,#391,#392,#393,#394,#395,#396,#397));
#6310=EDGE_LOOP('',(#398,#399,#400,#401));
#6311=EDGE_LOOP('',(#402,#403,#404,#405));
#6312=EDGE_LOOP('',(#406,#407,#408,#409,#410,#411,#412,#413,#414,#415,#416,
#417,#418,#419,#420,#421));
#6313=EDGE_LOOP('',(#422,#423,#424,#425,#426,#427,#428,#429));
#6314=EDGE_LOOP('',(#430,#431,#432,#433));
#6315=EDGE_LOOP('',(#434,#435,#436,#437));
#6316=EDGE_LOOP('',(#438,#439,#440,#441));
#6317=EDGE_LOOP('',(#442,#443,#444,#445));
#6318=EDGE_LOOP('',(#446,#447,#448,#449));
#6319=EDGE_LOOP('',(#450,#451,#452,#453));
#6320=EDGE_LOOP('',(#454,#455,#456,#457,#458,#459,#460,#461,#462,#463,#464,
#465));
#6321=EDGE_LOOP('',(#466,#467,#468,#469,#470,#471,#472,#473,#474,#475,#476,
#477));
#6322=EDGE_LOOP('',(#478,#479,#480,#481,#482,#483,#484,#485,#486,#487,#488,
#489));
#6323=EDGE_LOOP('',(#490,#491,#492,#493));
#6324=EDGE_LOOP('',(#494,#495,#496,#497));
#6325=EDGE_LOOP('',(#498,#499,#500,#501));
#6326=EDGE_LOOP('',(#502,#503,#504,#505));
#6327=EDGE_LOOP('',(#506,#507,#508,#509));
#6328=EDGE_LOOP('',(#510,#511,#512,#513));
#6329=EDGE_LOOP('',(#514,#515,#516,#517));
#6330=EDGE_LOOP('',(#518,#519,#520,#521));
#6331=EDGE_LOOP('',(#522,#523,#524,#525));
#6332=EDGE_LOOP('',(#526,#527,#528,#529));
#6333=EDGE_LOOP('',(#530,#531,#532,#533));
#6334=EDGE_LOOP('',(#534,#535,#536,#537));
#6335=EDGE_LOOP('',(#538,#539,#540,#541));
#6336=EDGE_LOOP('',(#542,#543,#544,#545));
#6337=EDGE_LOOP('',(#546,#547,#548,#549));
#6338=EDGE_LOOP('',(#550,#551,#552,#553));
#6339=EDGE_LOOP('',(#554,#555,#556,#557));
#6340=EDGE_LOOP('',(#558,#559,#560,#561));
#6341=EDGE_LOOP('',(#562,#563,#564,#565));
#6342=EDGE_LOOP('',(#566,#567,#568,#569));
#6343=EDGE_LOOP('',(#570,#571,#572,#573));
#6344=EDGE_LOOP('',(#574,#575,#576,#577));
#6345=EDGE_LOOP('',(#578,#579,#580,#581));
#6346=EDGE_LOOP('',(#582,#583,#584,#585));
#6347=EDGE_LOOP('',(#586,#587,#588,#589));
#6348=EDGE_LOOP('',(#590,#591,#592,#593));
#6349=EDGE_LOOP('',(#594,#595,#596,#597));
#6350=EDGE_LOOP('',(#598,#599,#600,#601));
#6351=EDGE_LOOP('',(#602,#603,#604,#605));
#6352=EDGE_LOOP('',(#606,#607,#608,#609));
#6353=EDGE_LOOP('',(#610,#611,#612,#613));
#6354=EDGE_LOOP('',(#614,#615,#616,#617));
#6355=EDGE_LOOP('',(#618,#619,#620,#621,#622,#623));
#6356=EDGE_LOOP('',(#624,#625,#626,#627,#628,#629));
#6357=EDGE_LOOP('',(#630,#631,#632,#633,#634,#635,#636,#637,#638,#639,#640,
#641,#642,#643,#644,#645,#646,#647,#648,#649,#650,#651,#652,#653));
#6358=EDGE_LOOP('',(#654,#655,#656,#657,#658,#659,#660,#661,#662,#663,#664,
#665));
#6359=EDGE_LOOP('',(#666,#667,#668,#669));
#6360=EDGE_LOOP('',(#670,#671,#672,#673));
#6361=EDGE_LOOP('',(#674,#675,#676,#677,#678,#679,#680,#681,#682,#683,#684,
#685));
#6362=EDGE_LOOP('',(#686,#687,#688,#689));
#6363=EDGE_LOOP('',(#690,#691,#692,#693));
#6364=EDGE_LOOP('',(#694,#695,#696,#697));
#6365=EDGE_LOOP('',(#698,#699,#700,#701));
#6366=EDGE_LOOP('',(#702,#703,#704,#705));
#6367=EDGE_LOOP('',(#706,#707,#708,#709,#710,#711,#712,#713,#714,#715,#716,
#717));
#6368=EDGE_LOOP('',(#718,#719,#720,#721));
#6369=EDGE_LOOP('',(#722,#723,#724,#725));
#6370=EDGE_LOOP('',(#726,#727,#728,#729));
#6371=EDGE_LOOP('',(#730,#731,#732,#733));
#6372=EDGE_LOOP('',(#734,#735,#736,#737));
#6373=EDGE_LOOP('',(#738,#739,#740,#741));
#6374=EDGE_LOOP('',(#742,#743,#744,#745));
#6375=EDGE_LOOP('',(#746,#747,#748,#749));
#6376=EDGE_LOOP('',(#750,#751,#752,#753));
#6377=EDGE_LOOP('',(#754,#755,#756,#757,#758,#759,#760,#761,#762,#763));
#6378=EDGE_LOOP('',(#764,#765,#766,#767,#768,#769,#770,#771,#772,#773));
#6379=EDGE_LOOP('',(#774,#775,#776,#777));
#6380=EDGE_LOOP('',(#778,#779,#780,#781));
#6381=EDGE_LOOP('',(#782,#783,#784,#785));
#6382=EDGE_LOOP('',(#786,#787,#788,#789));
#6383=EDGE_LOOP('',(#790,#791,#792,#793));
#6384=EDGE_LOOP('',(#794,#795,#796,#797,#798,#799));
#6385=EDGE_LOOP('',(#800,#801,#802,#803));
#6386=EDGE_LOOP('',(#804,#805,#806,#807));
#6387=EDGE_LOOP('',(#808,#809,#810,#811));
#6388=EDGE_LOOP('',(#812,#813,#814,#815));
#6389=EDGE_LOOP('',(#816,#817,#818,#819));
#6390=EDGE_LOOP('',(#820,#821,#822,#823));
#6391=EDGE_LOOP('',(#824,#825,#826,#827,#828,#829));
#6392=EDGE_LOOP('',(#830,#831,#832,#833));
#6393=EDGE_LOOP('',(#834,#835,#836,#837));
#6394=EDGE_LOOP('',(#838,#839,#840,#841));
#6395=EDGE_LOOP('',(#842,#843,#844,#845));
#6396=EDGE_LOOP('',(#846,#847,#848,#849));
#6397=EDGE_LOOP('',(#850,#851,#852,#853,#854,#855));
#6398=EDGE_LOOP('',(#856,#857,#858,#859));
#6399=EDGE_LOOP('',(#860,#861,#862,#863));
#6400=EDGE_LOOP('',(#864,#865,#866,#867));
#6401=EDGE_LOOP('',(#868,#869,#870,#871));
#6402=EDGE_LOOP('',(#872,#873,#874,#875));
#6403=EDGE_LOOP('',(#876,#877,#878,#879));
#6404=EDGE_LOOP('',(#880,#881,#882,#883,#884,#885));
#6405=EDGE_LOOP('',(#886,#887,#888,#889));
#6406=EDGE_LOOP('',(#890,#891,#892,#893));
#6407=EDGE_LOOP('',(#894,#895,#896,#897));
#6408=EDGE_LOOP('',(#898,#899,#900,#901));
#6409=EDGE_LOOP('',(#902,#903,#904,#905,#906));
#6410=EDGE_LOOP('',(#907,#908,#909,#910,#911));
#6411=EDGE_LOOP('',(#912,#913,#914,#915));
#6412=EDGE_LOOP('',(#916,#917,#918,#919));
#6413=EDGE_LOOP('',(#920,#921,#922,#923));
#6414=EDGE_LOOP('',(#924,#925,#926,#927));
#6415=EDGE_LOOP('',(#928,#929,#930,#931,#932));
#6416=EDGE_LOOP('',(#933,#934,#935,#936,#937));
#6417=EDGE_LOOP('',(#938,#939,#940,#941,#942,#943,#944));
#6418=EDGE_LOOP('',(#945,#946,#947,#948,#949,#950,#951));
#6419=EDGE_LOOP('',(#952,#953,#954,#955,#956,#957,#958,#959,#960,#961,#962,
#963));
#6420=EDGE_LOOP('',(#964,#965,#966,#967,#968,#969,#970,#971));
#6421=EDGE_LOOP('',(#972,#973,#974,#975,#976,#977,#978,#979));
#6422=EDGE_LOOP('',(#980,#981,#982,#983,#984,#985,#986,#987));
#6423=EDGE_LOOP('',(#988,#989,#990,#991,#992,#993,#994,#995));
#6424=EDGE_LOOP('',(#996,#997,#998,#999,#1000,#1001,#1002,#1003,#1004,#1005,
#1006,#1007,#1008,#1009,#1010,#1011,#1012));
#6425=EDGE_LOOP('',(#1013,#1014,#1015,#1016,#1017,#1018,#1019,#1020,#1021,
#1022,#1023,#1024,#1025,#1026,#1027,#1028,#1029));
#6426=EDGE_LOOP('',(#1030,#1031,#1032,#1033,#1034,#1035,#1036,#1037,#1038,
#1039,#1040,#1041,#1042,#1043,#1044,#1045,#1046));
#6427=EDGE_LOOP('',(#1047,#1048,#1049,#1050,#1051,#1052,#1053));
#6428=EDGE_LOOP('',(#1054,#1055,#1056,#1057,#1058,#1059,#1060));
#6429=EDGE_LOOP('',(#1061,#1062,#1063,#1064,#1065,#1066,#1067,#1068,#1069,
#1070,#1071,#1072,#1073,#1074,#1075,#1076,#1077));
#6430=EDGE_LOOP('',(#1078,#1079,#1080,#1081,#1082,#1083,#1084,#1085,#1086,
#1087,#1088,#1089,#1090,#1091,#1092,#1093,#1094));
#6431=EDGE_LOOP('',(#1095,#1096,#1097,#1098,#1099,#1100,#1101,#1102,#1103,
#1104,#1105,#1106,#1107,#1108,#1109,#1110,#1111));
#6432=EDGE_LOOP('',(#1112,#1113,#1114,#1115,#1116,#1117));
#6433=EDGE_LOOP('',(#1118,#1119,#1120,#1121,#1122,#1123));
#6434=EDGE_LOOP('',(#1124,#1125,#1126,#1127,#1128,#1129));
#6435=EDGE_LOOP('',(#1130,#1131,#1132,#1133));
#6436=EDGE_LOOP('',(#1134,#1135,#1136,#1137));
#6437=EDGE_LOOP('',(#1138,#1139,#1140,#1141));
#6438=EDGE_LOOP('',(#1142,#1143,#1144,#1145,#1146,#1147));
#6439=EDGE_LOOP('',(#1148,#1149,#1150,#1151,#1152,#1153));
#6440=EDGE_LOOP('',(#1154,#1155,#1156,#1157,#1158,#1159));
#6441=EDGE_LOOP('',(#1160,#1161,#1162,#1163));
#6442=EDGE_LOOP('',(#1164,#1165,#1166,#1167));
#6443=EDGE_LOOP('',(#1168,#1169,#1170,#1171));
#6444=EDGE_LOOP('',(#1172,#1173,#1174,#1175,#1176,#1177));
#6445=EDGE_LOOP('',(#1178,#1179,#1180,#1181,#1182,#1183));
#6446=EDGE_LOOP('',(#1184,#1185,#1186,#1187,#1188,#1189));
#6447=EDGE_LOOP('',(#1190,#1191,#1192,#1193));
#6448=EDGE_LOOP('',(#1194,#1195,#1196,#1197));
#6449=EDGE_LOOP('',(#1198,#1199,#1200,#1201));
#6450=EDGE_LOOP('',(#1202,#1203,#1204,#1205,#1206,#1207));
#6451=EDGE_LOOP('',(#1208,#1209,#1210,#1211,#1212,#1213));
#6452=EDGE_LOOP('',(#1214,#1215,#1216,#1217,#1218,#1219));
#6453=EDGE_LOOP('',(#1220,#1221,#1222,#1223));
#6454=EDGE_LOOP('',(#1224,#1225,#1226,#1227));
#6455=EDGE_LOOP('',(#1228,#1229,#1230,#1231));
#6456=EDGE_LOOP('',(#1232,#1233,#1234,#1235,#1236,#1237));
#6457=EDGE_LOOP('',(#1238,#1239,#1240,#1241,#1242,#1243));
#6458=EDGE_LOOP('',(#1244,#1245,#1246,#1247,#1248,#1249));
#6459=EDGE_LOOP('',(#1250,#1251,#1252,#1253));
#6460=EDGE_LOOP('',(#1254,#1255,#1256,#1257));
#6461=EDGE_LOOP('',(#1258,#1259,#1260,#1261));
#6462=EDGE_LOOP('',(#1262,#1263,#1264,#1265,#1266,#1267));
#6463=EDGE_LOOP('',(#1268,#1269,#1270,#1271,#1272,#1273));
#6464=EDGE_LOOP('',(#1274,#1275,#1276,#1277,#1278,#1279));
#6465=EDGE_LOOP('',(#1280,#1281,#1282,#1283));
#6466=EDGE_LOOP('',(#1284,#1285,#1286,#1287));
#6467=EDGE_LOOP('',(#1288,#1289,#1290,#1291));
#6468=EDGE_LOOP('',(#1292,#1293,#1294,#1295,#1296,#1297));
#6469=EDGE_LOOP('',(#1298,#1299,#1300,#1301,#1302,#1303));
#6470=EDGE_LOOP('',(#1304,#1305,#1306,#1307,#1308,#1309));
#6471=EDGE_LOOP('',(#1310,#1311,#1312,#1313));
#6472=EDGE_LOOP('',(#1314,#1315,#1316,#1317));
#6473=EDGE_LOOP('',(#1318,#1319,#1320,#1321));
#6474=EDGE_LOOP('',(#1322,#1323,#1324,#1325,#1326,#1327));
#6475=EDGE_LOOP('',(#1328,#1329,#1330,#1331,#1332,#1333));
#6476=EDGE_LOOP('',(#1334,#1335,#1336,#1337,#1338,#1339));
#6477=EDGE_LOOP('',(#1340,#1341,#1342,#1343));
#6478=EDGE_LOOP('',(#1344,#1345,#1346,#1347));
#6479=EDGE_LOOP('',(#1348,#1349,#1350,#1351));
#6480=EDGE_LOOP('',(#1352,#1353,#1354,#1355));
#6481=EDGE_LOOP('',(#1356,#1357,#1358,#1359));
#6482=EDGE_LOOP('',(#1360,#1361,#1362,#1363));
#6483=EDGE_LOOP('',(#1364,#1365,#1366,#1367));
#6484=EDGE_LOOP('',(#1368,#1369,#1370,#1371));
#6485=EDGE_LOOP('',(#1372,#1373,#1374,#1375));
#6486=EDGE_LOOP('',(#1376,#1377,#1378,#1379,#1380,#1381));
#6487=EDGE_LOOP('',(#1382,#1383,#1384,#1385));
#6488=EDGE_LOOP('',(#1386,#1387,#1388,#1389,#1390,#1391));
#6489=EDGE_LOOP('',(#1392,#1393,#1394,#1395));
#6490=EDGE_LOOP('',(#1396,#1397,#1398,#1399,#1400,#1401));
#6491=EDGE_LOOP('',(#1402,#1403,#1404,#1405));
#6492=EDGE_LOOP('',(#1406,#1407,#1408,#1409,#1410,#1411));
#6493=EDGE_LOOP('',(#1412,#1413,#1414,#1415));
#6494=EDGE_LOOP('',(#1416,#1417,#1418,#1419,#1420,#1421));
#6495=EDGE_LOOP('',(#1422,#1423,#1424,#1425));
#6496=EDGE_LOOP('',(#1426,#1427,#1428,#1429,#1430,#1431));
#6497=EDGE_LOOP('',(#1432,#1433,#1434,#1435));
#6498=EDGE_LOOP('',(#1436,#1437,#1438,#1439,#1440,#1441));
#6499=EDGE_LOOP('',(#1442,#1443,#1444,#1445));
#6500=EDGE_LOOP('',(#1446,#1447,#1448,#1449,#1450,#1451));
#6501=EDGE_LOOP('',(#1452,#1453,#1454,#1455));
#6502=EDGE_LOOP('',(#1456,#1457,#1458,#1459,#1460,#1461,#1462,#1463,#1464,
#1465,#1466,#1467));
#6503=EDGE_LOOP('',(#1468,#1469,#1470,#1471,#1472,#1473,#1474,#1475,#1476,
#1477,#1478,#1479,#1480,#1481,#1482,#1483,#1484));
#6504=EDGE_LOOP('',(#1485,#1486,#1487,#1488,#1489,#1490,#1491,#1492,#1493,
#1494,#1495,#1496,#1497,#1498,#1499,#1500,#1501));
#6505=EDGE_LOOP('',(#1502,#1503,#1504,#1505));
#6506=EDGE_LOOP('',(#1506,#1507,#1508,#1509));
#6507=EDGE_LOOP('',(#1510,#1511,#1512,#1513));
#6508=EDGE_LOOP('',(#1514,#1515,#1516,#1517));
#6509=EDGE_LOOP('',(#1518,#1519,#1520,#1521));
#6510=EDGE_LOOP('',(#1522,#1523,#1524,#1525));
#6511=EDGE_LOOP('',(#1526,#1527,#1528,#1529));
#6512=EDGE_LOOP('',(#1530,#1531,#1532,#1533));
#6513=EDGE_LOOP('',(#1534,#1535,#1536,#1537));
#6514=EDGE_LOOP('',(#1538,#1539,#1540,#1541));
#6515=EDGE_LOOP('',(#1542,#1543,#1544,#1545,#1546,#1547,#1548,#1549,#1550,
#1551,#1552,#1553,#1554,#1555,#1556,#1557,#1558,#1559,#1560,#1561,#1562,
#1563,#1564,#1565));
#6516=EDGE_LOOP('',(#1566,#1567,#1568,#1569));
#6517=EDGE_LOOP('',(#1570,#1571,#1572,#1573));
#6518=EDGE_LOOP('',(#1574,#1575,#1576,#1577));
#6519=EDGE_LOOP('',(#1578,#1579,#1580,#1581));
#6520=EDGE_LOOP('',(#1582,#1583,#1584,#1585));
#6521=EDGE_LOOP('',(#1586,#1587,#1588,#1589));
#6522=EDGE_LOOP('',(#1590,#1591,#1592,#1593));
#6523=EDGE_LOOP('',(#1594,#1595,#1596,#1597));
#6524=EDGE_LOOP('',(#1598,#1599,#1600,#1601,#1602,#1603,#1604,#1605,#1606,
#1607,#1608,#1609,#1610,#1611,#1612,#1613,#1614,#1615,#1616,#1617,#1618,
#1619,#1620,#1621));
#6525=EDGE_LOOP('',(#1622,#1623,#1624,#1625));
#6526=EDGE_LOOP('',(#1626,#1627,#1628,#1629));
#6527=EDGE_LOOP('',(#1630,#1631,#1632,#1633,#1634,#1635,#1636,#1637,#1638,
#1639,#1640,#1641,#1642,#1643,#1644,#1645,#1646,#1647,#1648,#1649,#1650,
#1651,#1652,#1653));
#6528=EDGE_LOOP('',(#1654,#1655,#1656,#1657,#1658,#1659,#1660,#1661,#1662,
#1663,#1664,#1665,#1666,#1667,#1668,#1669,#1670,#1671,#1672,#1673,#1674,
#1675,#1676,#1677));
#6529=EDGE_LOOP('',(#1678,#1679,#1680,#1681));
#6530=EDGE_LOOP('',(#1682,#1683,#1684,#1685));
#6531=EDGE_LOOP('',(#1686,#1687,#1688,#1689));
#6532=EDGE_LOOP('',(#1690,#1691,#1692,#1693));
#6533=EDGE_LOOP('',(#1694,#1695,#1696,#1697));
#6534=EDGE_LOOP('',(#1698,#1699,#1700,#1701));
#6535=EDGE_LOOP('',(#1702,#1703,#1704,#1705));
#6536=EDGE_LOOP('',(#1706,#1707,#1708,#1709));
#6537=EDGE_LOOP('',(#1710,#1711,#1712,#1713));
#6538=EDGE_LOOP('',(#1714,#1715,#1716,#1717));
#6539=EDGE_LOOP('',(#1718,#1719,#1720,#1721,#1722,#1723,#1724,#1725,#1726,
#1727,#1728,#1729,#1730,#1731,#1732,#1733,#1734,#1735,#1736,#1737,#1738,
#1739,#1740,#1741,#1742,#1743,#1744,#1745));
#6540=EDGE_LOOP('',(#1746,#1747,#1748,#1749));
#6541=EDGE_LOOP('',(#1750,#1751,#1752,#1753,#1754,#1755,#1756,#1757,#1758,
#1759,#1760,#1761,#1762,#1763,#1764,#1765,#1766,#1767,#1768,#1769,#1770,
#1771,#1772,#1773,#1774,#1775,#1776,#1777));
#6542=EDGE_LOOP('',(#1778,#1779,#1780,#1781));
#6543=EDGE_LOOP('',(#1782,#1783,#1784,#1785));
#6544=EDGE_LOOP('',(#1786,#1787,#1788,#1789));
#6545=EDGE_LOOP('',(#1790,#1791,#1792,#1793));
#6546=EDGE_LOOP('',(#1794,#1795,#1796,#1797));
#6547=EDGE_LOOP('',(#1798,#1799,#1800,#1801));
#6548=EDGE_LOOP('',(#1802,#1803,#1804,#1805));
#6549=EDGE_LOOP('',(#1806,#1807,#1808,#1809));
#6550=EDGE_LOOP('',(#1810,#1811,#1812,#1813));
#6551=EDGE_LOOP('',(#1814,#1815,#1816,#1817));
#6552=EDGE_LOOP('',(#1818,#1819,#1820,#1821));
#6553=EDGE_LOOP('',(#1822,#1823,#1824,#1825));
#6554=EDGE_LOOP('',(#1826,#1827,#1828,#1829));
#6555=EDGE_LOOP('',(#1830,#1831,#1832,#1833));
#6556=EDGE_LOOP('',(#1834,#1835,#1836,#1837));
#6557=EDGE_LOOP('',(#1838,#1839,#1840,#1841));
#6558=EDGE_LOOP('',(#1842,#1843,#1844,#1845,#1846,#1847,#1848,#1849,#1850,
#1851,#1852,#1853,#1854,#1855,#1856,#1857,#1858,#1859,#1860,#1861,#1862,
#1863,#1864,#1865));
#6559=EDGE_LOOP('',(#1866,#1867,#1868,#1869,#1870,#1871,#1872,#1873,#1874,
#1875,#1876,#1877,#1878,#1879,#1880,#1881,#1882,#1883,#1884,#1885,#1886,
#1887,#1888,#1889));
#6560=EDGE_LOOP('',(#1890,#1891,#1892,#1893));
#6561=EDGE_LOOP('',(#1894,#1895,#1896,#1897));
#6562=EDGE_LOOP('',(#1898,#1899,#1900,#1901));
#6563=EDGE_LOOP('',(#1902,#1903,#1904,#1905));
#6564=EDGE_LOOP('',(#1906,#1907,#1908,#1909));
#6565=EDGE_LOOP('',(#1910,#1911,#1912,#1913));
#6566=EDGE_LOOP('',(#1914,#1915,#1916,#1917));
#6567=EDGE_LOOP('',(#1918,#1919,#1920,#1921));
#6568=EDGE_LOOP('',(#1922,#1923,#1924,#1925));
#6569=EDGE_LOOP('',(#1926,#1927,#1928,#1929));
#6570=EDGE_LOOP('',(#1930,#1931,#1932,#1933,#1934,#1935));
#6571=EDGE_LOOP('',(#1936,#1937,#1938,#1939));
#6572=EDGE_LOOP('',(#1940,#1941,#1942,#1943,#1944,#1945));
#6573=EDGE_LOOP('',(#1946,#1947,#1948,#1949));
#6574=EDGE_LOOP('',(#1950,#1951,#1952,#1953));
#6575=EDGE_LOOP('',(#1954,#1955,#1956,#1957));
#6576=EDGE_LOOP('',(#1958,#1959,#1960,#1961));
#6577=EDGE_LOOP('',(#1962,#1963,#1964,#1965));
#6578=EDGE_LOOP('',(#1966,#1967,#1968,#1969));
#6579=EDGE_LOOP('',(#1970,#1971,#1972,#1973));
#6580=EDGE_LOOP('',(#1974,#1975,#1976,#1977));
#6581=EDGE_LOOP('',(#1978,#1979,#1980,#1981));
#6582=EDGE_LOOP('',(#1982,#1983,#1984,#1985));
#6583=EDGE_LOOP('',(#1986,#1987,#1988,#1989));
#6584=EDGE_LOOP('',(#1990,#1991,#1992,#1993));
#6585=EDGE_LOOP('',(#1994,#1995,#1996,#1997));
#6586=EDGE_LOOP('',(#1998,#1999,#2000,#2001));
#6587=EDGE_LOOP('',(#2002,#2003,#2004,#2005));
#6588=EDGE_LOOP('',(#2006,#2007,#2008,#2009));
#6589=EDGE_LOOP('',(#2010,#2011,#2012,#2013));
#6590=EDGE_LOOP('',(#2014,#2015,#2016,#2017));
#6591=EDGE_LOOP('',(#2018,#2019,#2020,#2021));
#6592=EDGE_LOOP('',(#2022,#2023,#2024,#2025));
#6593=EDGE_LOOP('',(#2026,#2027,#2028,#2029));
#6594=EDGE_LOOP('',(#2030,#2031,#2032,#2033));
#6595=EDGE_LOOP('',(#2034,#2035,#2036,#2037));
#6596=EDGE_LOOP('',(#2038,#2039,#2040,#2041));
#6597=EDGE_LOOP('',(#2042,#2043,#2044,#2045));
#6598=EDGE_LOOP('',(#2046,#2047,#2048,#2049));
#6599=EDGE_LOOP('',(#2050,#2051,#2052,#2053));
#6600=EDGE_LOOP('',(#2054,#2055,#2056,#2057));
#6601=EDGE_LOOP('',(#2058,#2059,#2060,#2061));
#6602=EDGE_LOOP('',(#2062,#2063,#2064,#2065));
#6603=EDGE_LOOP('',(#2066,#2067,#2068,#2069));
#6604=EDGE_LOOP('',(#2070,#2071,#2072,#2073));
#6605=EDGE_LOOP('',(#2074,#2075,#2076,#2077));
#6606=EDGE_LOOP('',(#2078,#2079,#2080,#2081));
#6607=EDGE_LOOP('',(#2082,#2083,#2084,#2085));
#6608=EDGE_LOOP('',(#2086,#2087,#2088,#2089));
#6609=EDGE_LOOP('',(#2090,#2091,#2092,#2093));
#6610=EDGE_LOOP('',(#2094,#2095,#2096,#2097));
#6611=EDGE_LOOP('',(#2098,#2099,#2100,#2101));
#6612=EDGE_LOOP('',(#2102,#2103,#2104,#2105));
#6613=EDGE_LOOP('',(#2106,#2107,#2108,#2109));
#6614=EDGE_LOOP('',(#2110,#2111,#2112,#2113));
#6615=EDGE_LOOP('',(#2114,#2115,#2116,#2117));
#6616=EDGE_LOOP('',(#2118,#2119,#2120,#2121));
#6617=EDGE_LOOP('',(#2122,#2123,#2124,#2125));
#6618=EDGE_LOOP('',(#2126,#2127,#2128,#2129));
#6619=EDGE_LOOP('',(#2130,#2131,#2132,#2133));
#6620=EDGE_LOOP('',(#2134,#2135,#2136,#2137));
#6621=EDGE_LOOP('',(#2138,#2139,#2140,#2141));
#6622=EDGE_LOOP('',(#2142,#2143,#2144,#2145));
#6623=EDGE_LOOP('',(#2146,#2147,#2148,#2149));
#6624=EDGE_LOOP('',(#2150,#2151,#2152,#2153));
#6625=EDGE_LOOP('',(#2154,#2155,#2156,#2157));
#6626=EDGE_LOOP('',(#2158,#2159,#2160,#2161));
#6627=EDGE_LOOP('',(#2162,#2163,#2164,#2165));
#6628=EDGE_LOOP('',(#2166,#2167,#2168,#2169));
#6629=EDGE_LOOP('',(#2170,#2171,#2172,#2173));
#6630=EDGE_LOOP('',(#2174,#2175,#2176,#2177));
#6631=EDGE_LOOP('',(#2178,#2179,#2180,#2181));
#6632=EDGE_LOOP('',(#2182,#2183,#2184,#2185));
#6633=EDGE_LOOP('',(#2186,#2187,#2188,#2189));
#6634=EDGE_LOOP('',(#2190,#2191,#2192,#2193));
#6635=EDGE_LOOP('',(#2194,#2195,#2196,#2197));
#6636=EDGE_LOOP('',(#2198,#2199,#2200,#2201));
#6637=EDGE_LOOP('',(#2202,#2203,#2204,#2205));
#6638=EDGE_LOOP('',(#2206,#2207,#2208,#2209));
#6639=EDGE_LOOP('',(#2210,#2211,#2212,#2213));
#6640=EDGE_LOOP('',(#2214,#2215,#2216,#2217));
#6641=EDGE_LOOP('',(#2218,#2219,#2220,#2221));
#6642=EDGE_LOOP('',(#2222,#2223,#2224,#2225));
#6643=EDGE_LOOP('',(#2226,#2227,#2228,#2229));
#6644=EDGE_LOOP('',(#2230,#2231,#2232,#2233));
#6645=EDGE_LOOP('',(#2234,#2235,#2236,#2237));
#6646=EDGE_LOOP('',(#2238,#2239,#2240,#2241));
#6647=EDGE_LOOP('',(#2242,#2243,#2244,#2245));
#6648=EDGE_LOOP('',(#2246,#2247,#2248,#2249));
#6649=EDGE_LOOP('',(#2250,#2251,#2252,#2253));
#6650=EDGE_LOOP('',(#2254,#2255,#2256,#2257));
#6651=EDGE_LOOP('',(#2258,#2259,#2260,#2261));
#6652=EDGE_LOOP('',(#2262,#2263,#2264,#2265));
#6653=EDGE_LOOP('',(#2266,#2267,#2268,#2269));
#6654=EDGE_LOOP('',(#2270,#2271,#2272,#2273));
#6655=EDGE_LOOP('',(#2274,#2275,#2276,#2277));
#6656=EDGE_LOOP('',(#2278,#2279,#2280,#2281));
#6657=EDGE_LOOP('',(#2282,#2283,#2284,#2285));
#6658=EDGE_LOOP('',(#2286,#2287,#2288,#2289));
#6659=EDGE_LOOP('',(#2290,#2291,#2292,#2293));
#6660=EDGE_LOOP('',(#2294,#2295,#2296,#2297));
#6661=EDGE_LOOP('',(#2298,#2299,#2300,#2301));
#6662=EDGE_LOOP('',(#2302,#2303,#2304,#2305));
#6663=EDGE_LOOP('',(#2306,#2307,#2308,#2309));
#6664=EDGE_LOOP('',(#2310,#2311,#2312,#2313));
#6665=EDGE_LOOP('',(#2314,#2315,#2316,#2317));
#6666=EDGE_LOOP('',(#2318,#2319,#2320,#2321));
#6667=EDGE_LOOP('',(#2322,#2323,#2324,#2325));
#6668=EDGE_LOOP('',(#2326,#2327,#2328,#2329));
#6669=EDGE_LOOP('',(#2330,#2331,#2332,#2333));
#6670=EDGE_LOOP('',(#2334,#2335,#2336,#2337,#2338,#2339,#2340,#2341,#2342,
#2343,#2344,#2345,#2346,#2347,#2348,#2349,#2350,#2351,#2352,#2353,#2354,
#2355,#2356,#2357,#2358,#2359,#2360));
#6671=EDGE_LOOP('',(#2361,#2362,#2363,#2364,#2365,#2366,#2367,#2368,#2369,
#2370,#2371,#2372,#2373,#2374,#2375,#2376,#2377,#2378,#2379,#2380,#2381,
#2382,#2383,#2384,#2385,#2386,#2387));
#6672=FACE_BOUND('',#6281,.T.);
#6673=FACE_BOUND('',#6282,.T.);
#6674=FACE_BOUND('',#6283,.T.);
#6675=FACE_BOUND('',#6284,.T.);
#6676=FACE_BOUND('',#6285,.T.);
#6677=FACE_BOUND('',#6286,.T.);
#6678=FACE_BOUND('',#6287,.T.);
#6679=FACE_BOUND('',#6288,.T.);
#6680=FACE_BOUND('',#6289,.T.);
#6681=FACE_BOUND('',#6290,.T.);
#6682=FACE_BOUND('',#6291,.T.);
#6683=FACE_BOUND('',#6292,.T.);
#6684=FACE_BOUND('',#6293,.T.);
#6685=FACE_BOUND('',#6294,.T.);
#6686=FACE_BOUND('',#6295,.T.);
#6687=FACE_BOUND('',#6296,.T.);
#6688=FACE_BOUND('',#6297,.T.);
#6689=FACE_BOUND('',#6298,.T.);
#6690=FACE_BOUND('',#6299,.T.);
#6691=FACE_BOUND('',#6300,.T.);
#6692=FACE_BOUND('',#6301,.T.);
#6693=FACE_BOUND('',#6302,.T.);
#6694=FACE_BOUND('',#6303,.T.);
#6695=FACE_BOUND('',#6304,.T.);
#6696=FACE_BOUND('',#6305,.T.);
#6697=FACE_BOUND('',#6306,.T.);
#6698=FACE_BOUND('',#6307,.T.);
#6699=FACE_BOUND('',#6308,.T.);
#6700=FACE_BOUND('',#6309,.T.);
#6701=FACE_BOUND('',#6310,.T.);
#6702=FACE_BOUND('',#6311,.T.);
#6703=FACE_BOUND('',#6312,.T.);
#6704=FACE_BOUND('',#6313,.T.);
#6705=FACE_BOUND('',#6314,.T.);
#6706=FACE_BOUND('',#6315,.T.);
#6707=FACE_BOUND('',#6316,.T.);
#6708=FACE_BOUND('',#6317,.T.);
#6709=FACE_BOUND('',#6318,.T.);
#6710=FACE_BOUND('',#6319,.T.);
#6711=FACE_BOUND('',#6320,.T.);
#6712=FACE_BOUND('',#6321,.T.);
#6713=FACE_BOUND('',#6322,.T.);
#6714=FACE_BOUND('',#6323,.T.);
#6715=FACE_BOUND('',#6324,.T.);
#6716=FACE_BOUND('',#6325,.T.);
#6717=FACE_BOUND('',#6326,.T.);
#6718=FACE_BOUND('',#6327,.T.);
#6719=FACE_BOUND('',#6328,.T.);
#6720=FACE_BOUND('',#6329,.T.);
#6721=FACE_BOUND('',#6330,.T.);
#6722=FACE_BOUND('',#6331,.T.);
#6723=FACE_BOUND('',#6332,.T.);
#6724=FACE_BOUND('',#6333,.T.);
#6725=FACE_BOUND('',#6334,.T.);
#6726=FACE_BOUND('',#6335,.T.);
#6727=FACE_BOUND('',#6336,.T.);
#6728=FACE_BOUND('',#6337,.T.);
#6729=FACE_BOUND('',#6338,.T.);
#6730=FACE_BOUND('',#6339,.T.);
#6731=FACE_BOUND('',#6340,.T.);
#6732=FACE_BOUND('',#6341,.T.);
#6733=FACE_BOUND('',#6342,.T.);
#6734=FACE_BOUND('',#6343,.T.);
#6735=FACE_BOUND('',#6344,.T.);
#6736=FACE_BOUND('',#6345,.T.);
#6737=FACE_BOUND('',#6346,.T.);
#6738=FACE_BOUND('',#6347,.T.);
#6739=FACE_BOUND('',#6348,.T.);
#6740=FACE_BOUND('',#6349,.T.);
#6741=FACE_BOUND('',#6350,.T.);
#6742=FACE_BOUND('',#6351,.T.);
#6743=FACE_BOUND('',#6352,.T.);
#6744=FACE_BOUND('',#6353,.T.);
#6745=FACE_BOUND('',#6354,.T.);
#6746=FACE_BOUND('',#6355,.T.);
#6747=FACE_BOUND('',#6356,.T.);
#6748=FACE_BOUND('',#6357,.T.);
#6749=FACE_BOUND('',#6358,.T.);
#6750=FACE_BOUND('',#6359,.T.);
#6751=FACE_BOUND('',#6360,.T.);
#6752=FACE_BOUND('',#6361,.T.);
#6753=FACE_BOUND('',#6362,.T.);
#6754=FACE_BOUND('',#6363,.T.);
#6755=FACE_BOUND('',#6364,.T.);
#6756=FACE_BOUND('',#6365,.T.);
#6757=FACE_BOUND('',#6366,.T.);
#6758=FACE_BOUND('',#6367,.T.);
#6759=FACE_BOUND('',#6368,.T.);
#6760=FACE_BOUND('',#6369,.T.);
#6761=FACE_BOUND('',#6370,.T.);
#6762=FACE_BOUND('',#6371,.T.);
#6763=FACE_BOUND('',#6372,.T.);
#6764=FACE_BOUND('',#6373,.T.);
#6765=FACE_BOUND('',#6374,.T.);
#6766=FACE_BOUND('',#6375,.T.);
#6767=FACE_BOUND('',#6376,.T.);
#6768=FACE_BOUND('',#6377,.T.);
#6769=FACE_BOUND('',#6378,.T.);
#6770=FACE_BOUND('',#6379,.T.);
#6771=FACE_BOUND('',#6380,.T.);
#6772=FACE_BOUND('',#6381,.T.);
#6773=FACE_BOUND('',#6382,.T.);
#6774=FACE_BOUND('',#6383,.T.);
#6775=FACE_BOUND('',#6384,.T.);
#6776=FACE_BOUND('',#6385,.T.);
#6777=FACE_BOUND('',#6386,.T.);
#6778=FACE_BOUND('',#6387,.T.);
#6779=FACE_BOUND('',#6388,.T.);
#6780=FACE_BOUND('',#6389,.T.);
#6781=FACE_BOUND('',#6390,.T.);
#6782=FACE_BOUND('',#6391,.T.);
#6783=FACE_BOUND('',#6392,.T.);
#6784=FACE_BOUND('',#6393,.T.);
#6785=FACE_BOUND('',#6394,.T.);
#6786=FACE_BOUND('',#6395,.T.);
#6787=FACE_BOUND('',#6396,.T.);
#6788=FACE_BOUND('',#6397,.T.);
#6789=FACE_BOUND('',#6398,.T.);
#6790=FACE_BOUND('',#6399,.T.);
#6791=FACE_BOUND('',#6400,.T.);
#6792=FACE_BOUND('',#6401,.T.);
#6793=FACE_BOUND('',#6402,.T.);
#6794=FACE_BOUND('',#6403,.T.);
#6795=FACE_BOUND('',#6404,.T.);
#6796=FACE_BOUND('',#6405,.T.);
#6797=FACE_BOUND('',#6406,.T.);
#6798=FACE_BOUND('',#6407,.T.);
#6799=FACE_BOUND('',#6408,.T.);
#6800=FACE_BOUND('',#6409,.T.);
#6801=FACE_BOUND('',#6410,.T.);
#6802=FACE_BOUND('',#6411,.T.);
#6803=FACE_BOUND('',#6412,.T.);
#6804=FACE_BOUND('',#6413,.T.);
#6805=FACE_BOUND('',#6414,.T.);
#6806=FACE_BOUND('',#6415,.T.);
#6807=FACE_BOUND('',#6416,.T.);
#6808=FACE_BOUND('',#6417,.T.);
#6809=FACE_BOUND('',#6418,.T.);
#6810=FACE_BOUND('',#6419,.T.);
#6811=FACE_BOUND('',#6420,.T.);
#6812=FACE_BOUND('',#6421,.T.);
#6813=FACE_BOUND('',#6422,.T.);
#6814=FACE_BOUND('',#6423,.T.);
#6815=FACE_BOUND('',#6424,.T.);
#6816=FACE_BOUND('',#6425,.T.);
#6817=FACE_BOUND('',#6426,.T.);
#6818=FACE_BOUND('',#6427,.T.);
#6819=FACE_BOUND('',#6428,.T.);
#6820=FACE_BOUND('',#6429,.T.);
#6821=FACE_BOUND('',#6430,.T.);
#6822=FACE_BOUND('',#6431,.T.);
#6823=FACE_BOUND('',#6432,.T.);
#6824=FACE_BOUND('',#6433,.T.);
#6825=FACE_BOUND('',#6434,.T.);
#6826=FACE_BOUND('',#6435,.T.);
#6827=FACE_BOUND('',#6436,.T.);
#6828=FACE_BOUND('',#6437,.T.);
#6829=FACE_BOUND('',#6438,.T.);
#6830=FACE_BOUND('',#6439,.T.);
#6831=FACE_BOUND('',#6440,.T.);
#6832=FACE_BOUND('',#6441,.T.);
#6833=FACE_BOUND('',#6442,.T.);
#6834=FACE_BOUND('',#6443,.T.);
#6835=FACE_BOUND('',#6444,.T.);
#6836=FACE_BOUND('',#6445,.T.);
#6837=FACE_BOUND('',#6446,.T.);
#6838=FACE_BOUND('',#6447,.T.);
#6839=FACE_BOUND('',#6448,.T.);
#6840=FACE_BOUND('',#6449,.T.);
#6841=FACE_BOUND('',#6450,.T.);
#6842=FACE_BOUND('',#6451,.T.);
#6843=FACE_BOUND('',#6452,.T.);
#6844=FACE_BOUND('',#6453,.T.);
#6845=FACE_BOUND('',#6454,.T.);
#6846=FACE_BOUND('',#6455,.T.);
#6847=FACE_BOUND('',#6456,.T.);
#6848=FACE_BOUND('',#6457,.T.);
#6849=FACE_BOUND('',#6458,.T.);
#6850=FACE_BOUND('',#6459,.T.);
#6851=FACE_BOUND('',#6460,.T.);
#6852=FACE_BOUND('',#6461,.T.);
#6853=FACE_BOUND('',#6462,.T.);
#6854=FACE_BOUND('',#6463,.T.);
#6855=FACE_BOUND('',#6464,.T.);
#6856=FACE_BOUND('',#6465,.T.);
#6857=FACE_BOUND('',#6466,.T.);
#6858=FACE_BOUND('',#6467,.T.);
#6859=FACE_BOUND('',#6468,.T.);
#6860=FACE_BOUND('',#6469,.T.);
#6861=FACE_BOUND('',#6470,.T.);
#6862=FACE_BOUND('',#6471,.T.);
#6863=FACE_BOUND('',#6472,.T.);
#6864=FACE_BOUND('',#6473,.T.);
#6865=FACE_BOUND('',#6474,.T.);
#6866=FACE_BOUND('',#6475,.T.);
#6867=FACE_BOUND('',#6476,.T.);
#6868=FACE_BOUND('',#6477,.T.);
#6869=FACE_BOUND('',#6478,.T.);
#6870=FACE_BOUND('',#6479,.T.);
#6871=FACE_BOUND('',#6480,.T.);
#6872=FACE_BOUND('',#6481,.T.);
#6873=FACE_BOUND('',#6482,.T.);
#6874=FACE_BOUND('',#6483,.T.);
#6875=FACE_BOUND('',#6484,.T.);
#6876=FACE_BOUND('',#6485,.T.);
#6877=FACE_BOUND('',#6486,.T.);
#6878=FACE_BOUND('',#6487,.T.);
#6879=FACE_BOUND('',#6488,.T.);
#6880=FACE_BOUND('',#6489,.T.);
#6881=FACE_BOUND('',#6490,.T.);
#6882=FACE_BOUND('',#6491,.T.);
#6883=FACE_BOUND('',#6492,.T.);
#6884=FACE_BOUND('',#6493,.T.);
#6885=FACE_BOUND('',#6494,.T.);
#6886=FACE_BOUND('',#6495,.T.);
#6887=FACE_BOUND('',#6496,.T.);
#6888=FACE_BOUND('',#6497,.T.);
#6889=FACE_BOUND('',#6498,.T.);
#6890=FACE_BOUND('',#6499,.T.);
#6891=FACE_BOUND('',#6500,.T.);
#6892=FACE_BOUND('',#6501,.T.);
#6893=FACE_BOUND('',#6502,.T.);
#6894=FACE_BOUND('',#6503,.T.);
#6895=FACE_BOUND('',#6504,.T.);
#6896=FACE_BOUND('',#6505,.T.);
#6897=FACE_BOUND('',#6506,.T.);
#6898=FACE_BOUND('',#6507,.T.);
#6899=FACE_BOUND('',#6508,.T.);
#6900=FACE_BOUND('',#6509,.T.);
#6901=FACE_BOUND('',#6510,.T.);
#6902=FACE_BOUND('',#6511,.T.);
#6903=FACE_BOUND('',#6512,.T.);
#6904=FACE_BOUND('',#6513,.T.);
#6905=FACE_BOUND('',#6514,.T.);
#6906=FACE_BOUND('',#6515,.T.);
#6907=FACE_BOUND('',#6516,.T.);
#6908=FACE_BOUND('',#6517,.T.);
#6909=FACE_BOUND('',#6518,.T.);
#6910=FACE_BOUND('',#6519,.T.);
#6911=FACE_BOUND('',#6520,.T.);
#6912=FACE_BOUND('',#6521,.T.);
#6913=FACE_BOUND('',#6522,.T.);
#6914=FACE_BOUND('',#6523,.T.);
#6915=FACE_BOUND('',#6524,.T.);
#6916=FACE_BOUND('',#6525,.T.);
#6917=FACE_BOUND('',#6526,.T.);
#6918=FACE_BOUND('',#6527,.T.);
#6919=FACE_BOUND('',#6528,.T.);
#6920=FACE_BOUND('',#6529,.T.);
#6921=FACE_BOUND('',#6530,.T.);
#6922=FACE_BOUND('',#6531,.T.);
#6923=FACE_BOUND('',#6532,.T.);
#6924=FACE_BOUND('',#6533,.T.);
#6925=FACE_BOUND('',#6534,.T.);
#6926=FACE_BOUND('',#6535,.T.);
#6927=FACE_BOUND('',#6536,.T.);
#6928=FACE_BOUND('',#6537,.T.);
#6929=FACE_BOUND('',#6538,.T.);
#6930=FACE_BOUND('',#6539,.T.);
#6931=FACE_BOUND('',#6540,.T.);
#6932=FACE_BOUND('',#6541,.T.);
#6933=FACE_BOUND('',#6542,.T.);
#6934=FACE_BOUND('',#6543,.T.);
#6935=FACE_BOUND('',#6544,.T.);
#6936=FACE_BOUND('',#6545,.T.);
#6937=FACE_BOUND('',#6546,.T.);
#6938=FACE_BOUND('',#6547,.T.);
#6939=FACE_BOUND('',#6548,.T.);
#6940=FACE_BOUND('',#6549,.T.);
#6941=FACE_BOUND('',#6550,.T.);
#6942=FACE_BOUND('',#6551,.T.);
#6943=FACE_BOUND('',#6552,.T.);
#6944=FACE_BOUND('',#6553,.T.);
#6945=FACE_BOUND('',#6554,.T.);
#6946=FACE_BOUND('',#6555,.T.);
#6947=FACE_BOUND('',#6556,.T.);
#6948=FACE_BOUND('',#6557,.T.);
#6949=FACE_BOUND('',#6558,.T.);
#6950=FACE_BOUND('',#6559,.T.);
#6951=FACE_BOUND('',#6560,.T.);
#6952=FACE_BOUND('',#6561,.T.);
#6953=FACE_BOUND('',#6562,.T.);
#6954=FACE_BOUND('',#6563,.T.);
#6955=FACE_BOUND('',#6564,.T.);
#6956=FACE_BOUND('',#6565,.T.);
#6957=FACE_BOUND('',#6566,.T.);
#6958=FACE_BOUND('',#6567,.T.);
#6959=FACE_BOUND('',#6568,.T.);
#6960=FACE_BOUND('',#6569,.T.);
#6961=FACE_BOUND('',#6570,.T.);
#6962=FACE_BOUND('',#6571,.T.);
#6963=FACE_BOUND('',#6572,.T.);
#6964=FACE_BOUND('',#6573,.T.);
#6965=FACE_BOUND('',#6574,.T.);
#6966=FACE_BOUND('',#6575,.T.);
#6967=FACE_BOUND('',#6576,.T.);
#6968=FACE_BOUND('',#6577,.T.);
#6969=FACE_BOUND('',#6578,.T.);
#6970=FACE_BOUND('',#6579,.T.);
#6971=FACE_BOUND('',#6580,.T.);
#6972=FACE_BOUND('',#6581,.T.);
#6973=FACE_BOUND('',#6582,.T.);
#6974=FACE_BOUND('',#6583,.T.);
#6975=FACE_BOUND('',#6584,.T.);
#6976=FACE_BOUND('',#6585,.T.);
#6977=FACE_BOUND('',#6586,.T.);
#6978=FACE_BOUND('',#6587,.T.);
#6979=FACE_BOUND('',#6588,.T.);
#6980=FACE_BOUND('',#6589,.T.);
#6981=FACE_BOUND('',#6590,.T.);
#6982=FACE_BOUND('',#6591,.T.);
#6983=FACE_BOUND('',#6592,.T.);
#6984=FACE_BOUND('',#6593,.T.);
#6985=FACE_BOUND('',#6594,.T.);
#6986=FACE_BOUND('',#6595,.T.);
#6987=FACE_BOUND('',#6596,.T.);
#6988=FACE_BOUND('',#6597,.T.);
#6989=FACE_BOUND('',#6598,.T.);
#6990=FACE_BOUND('',#6599,.T.);
#6991=FACE_BOUND('',#6600,.T.);
#6992=FACE_BOUND('',#6601,.T.);
#6993=FACE_BOUND('',#6602,.T.);
#6994=FACE_BOUND('',#6603,.T.);
#6995=FACE_BOUND('',#6604,.T.);
#6996=FACE_BOUND('',#6605,.T.);
#6997=FACE_BOUND('',#6606,.T.);
#6998=FACE_BOUND('',#6607,.T.);
#6999=FACE_BOUND('',#6608,.T.);
#7000=FACE_BOUND('',#6609,.T.);
#7001=FACE_BOUND('',#6610,.T.);
#7002=FACE_BOUND('',#6611,.T.);
#7003=FACE_BOUND('',#6612,.T.);
#7004=FACE_BOUND('',#6613,.T.);
#7005=FACE_BOUND('',#6614,.T.);
#7006=FACE_BOUND('',#6615,.T.);
#7007=FACE_BOUND('',#6616,.T.);
#7008=FACE_BOUND('',#6617,.T.);
#7009=FACE_BOUND('',#6618,.T.);
#7010=FACE_BOUND('',#6619,.T.);
#7011=FACE_BOUND('',#6620,.T.);
#7012=FACE_BOUND('',#6621,.T.);
#7013=FACE_BOUND('',#6622,.T.);
#7014=FACE_BOUND('',#6623,.T.);
#7015=FACE_BOUND('',#6624,.T.);
#7016=FACE_BOUND('',#6625,.T.);
#7017=FACE_BOUND('',#6626,.T.);
#7018=FACE_BOUND('',#6627,.T.);
#7019=FACE_BOUND('',#6628,.T.);
#7020=FACE_BOUND('',#6629,.T.);
#7021=FACE_BOUND('',#6630,.T.);
#7022=FACE_BOUND('',#6631,.T.);
#7023=FACE_BOUND('',#6632,.T.);
#7024=FACE_BOUND('',#6633,.T.);
#7025=FACE_BOUND('',#6634,.T.);
#7026=FACE_BOUND('',#6635,.T.);
#7027=FACE_BOUND('',#6636,.T.);
#7028=FACE_BOUND('',#6637,.T.);
#7029=FACE_BOUND('',#6638,.T.);
#7030=FACE_BOUND('',#6639,.T.);
#7031=FACE_BOUND('',#6640,.T.);
#7032=FACE_BOUND('',#6641,.T.);
#7033=FACE_BOUND('',#6642,.T.);
#7034=FACE_BOUND('',#6643,.T.);
#7035=FACE_BOUND('',#6644,.T.);
#7036=FACE_BOUND('',#6645,.T.);
#7037=FACE_BOUND('',#6646,.T.);
#7038=FACE_BOUND('',#6647,.T.);
#7039=FACE_BOUND('',#6648,.T.);
#7040=FACE_BOUND('',#6649,.T.);
#7041=FACE_BOUND('',#6650,.T.);
#7042=FACE_BOUND('',#6651,.T.);
#7043=FACE_BOUND('',#6652,.T.);
#7044=FACE_BOUND('',#6653,.T.);
#7045=FACE_BOUND('',#6654,.T.);
#7046=FACE_BOUND('',#6655,.T.);
#7047=FACE_BOUND('',#6656,.T.);
#7048=FACE_BOUND('',#6657,.T.);
#7049=FACE_BOUND('',#6658,.T.);
#7050=FACE_BOUND('',#6659,.T.);
#7051=FACE_BOUND('',#6660,.T.);
#7052=FACE_BOUND('',#6661,.T.);
#7053=FACE_BOUND('',#6662,.T.);
#7054=FACE_BOUND('',#6663,.T.);
#7055=FACE_BOUND('',#6664,.T.);
#7056=FACE_BOUND('',#6665,.T.);
#7057=FACE_BOUND('',#6666,.T.);
#7058=FACE_BOUND('',#6667,.T.);
#7059=FACE_BOUND('',#6668,.T.);
#7060=FACE_BOUND('',#6669,.T.);
#7061=FACE_BOUND('',#6670,.T.);
#7062=FACE_BOUND('',#6671,.T.);
#7063=PLANE('',#7817);
#7064=PLANE('',#7818);
#7065=PLANE('',#7819);
#7066=PLANE('',#7820);
#7067=PLANE('',#7821);
#7068=PLANE('',#7822);
#7069=PLANE('',#7823);
#7070=PLANE('',#7824);
#7071=PLANE('',#7825);
#7072=PLANE('',#7826);
#7073=PLANE('',#7827);
#7074=PLANE('',#7828);
#7075=PLANE('',#7829);
#7076=PLANE('',#7830);
#7077=PLANE('',#7831);
#7078=PLANE('',#7832);
#7079=PLANE('',#7833);
#7080=PLANE('',#7834);
#7081=PLANE('',#7835);
#7082=PLANE('',#7836);
#7083=PLANE('',#7837);
#7084=PLANE('',#7838);
#7085=PLANE('',#7839);
#7086=PLANE('',#7840);
#7087=PLANE('',#7841);
#7088=PLANE('',#7842);
#7089=PLANE('',#7843);
#7090=PLANE('',#7844);
#7091=PLANE('',#7845);
#7092=PLANE('',#7846);
#7093=PLANE('',#7847);
#7094=PLANE('',#7848);
#7095=PLANE('',#7849);
#7096=PLANE('',#7850);
#7097=PLANE('',#7851);
#7098=PLANE('',#7852);
#7099=PLANE('',#7853);
#7100=PLANE('',#7854);
#7101=PLANE('',#7855);
#7102=PLANE('',#7856);
#7103=PLANE('',#7857);
#7104=PLANE('',#7858);
#7105=PLANE('',#7859);
#7106=PLANE('',#7860);
#7107=PLANE('',#7861);
#7108=PLANE('',#7862);
#7109=PLANE('',#7863);
#7110=PLANE('',#7864);
#7111=PLANE('',#7865);
#7112=PLANE('',#7866);
#7113=PLANE('',#7867);
#7114=PLANE('',#7868);
#7115=PLANE('',#7869);
#7116=PLANE('',#7870);
#7117=PLANE('',#7871);
#7118=PLANE('',#7872);
#7119=PLANE('',#7873);
#7120=PLANE('',#7874);
#7121=PLANE('',#7875);
#7122=PLANE('',#7876);
#7123=PLANE('',#7877);
#7124=PLANE('',#7878);
#7125=PLANE('',#7879);
#7126=PLANE('',#7880);
#7127=PLANE('',#7881);
#7128=PLANE('',#7882);
#7129=PLANE('',#7883);
#7130=PLANE('',#7884);
#7131=PLANE('',#7885);
#7132=PLANE('',#7886);
#7133=PLANE('',#7891);
#7134=PLANE('',#7892);
#7135=PLANE('',#7893);
#7136=PLANE('',#7894);
#7137=PLANE('',#7895);
#7138=PLANE('',#7896);
#7139=PLANE('',#7897);
#7140=PLANE('',#7898);
#7141=PLANE('',#7899);
#7142=PLANE('',#7900);
#7143=PLANE('',#7901);
#7144=PLANE('',#7902);
#7145=PLANE('',#7903);
#7146=PLANE('',#7904);
#7147=PLANE('',#7905);
#7148=PLANE('',#7906);
#7149=PLANE('',#7907);
#7150=PLANE('',#7908);
#7151=PLANE('',#7909);
#7152=PLANE('',#7910);
#7153=PLANE('',#7911);
#7154=PLANE('',#7912);
#7155=PLANE('',#7915);
#7156=PLANE('',#7916);
#7157=PLANE('',#7917);
#7158=PLANE('',#7918);
#7159=PLANE('',#7919);
#7160=PLANE('',#7920);
#7161=PLANE('',#7921);
#7162=PLANE('',#7922);
#7163=PLANE('',#7923);
#7164=PLANE('',#7926);
#7165=PLANE('',#7927);
#7166=PLANE('',#7930);
#7167=PLANE('',#7931);
#7168=PLANE('',#7932);
#7169=PLANE('',#7933);
#7170=PLANE('',#7934);
#7171=PLANE('',#7935);
#7172=PLANE('',#7936);
#7173=PLANE('',#7937);
#7174=PLANE('',#7938);
#7175=PLANE('',#7941);
#7176=PLANE('',#7942);
#7177=PLANE('',#7943);
#7178=PLANE('',#7944);
#7179=PLANE('',#7945);
#7180=PLANE('',#7946);
#7181=PLANE('',#7947);
#7182=PLANE('',#7948);
#7183=PLANE('',#7949);
#7184=PLANE('',#7950);
#7185=PLANE('',#7951);
#7186=PLANE('',#7952);
#7187=PLANE('',#7953);
#7188=PLANE('',#7955);
#7189=PLANE('',#7958);
#7190=PLANE('',#7961);
#7191=PLANE('',#7966);
#7192=PLANE('',#7969);
#7193=PLANE('',#7972);
#7194=PLANE('',#7975);
#7195=PLANE('',#7978);
#7196=PLANE('',#7985);
#7197=PLANE('',#7992);
#7198=PLANE('',#7999);
#7199=PLANE('',#8002);
#7200=PLANE('',#8005);
#7201=PLANE('',#8012);
#7202=PLANE('',#8019);
#7203=PLANE('',#8026);
#7204=PLANE('',#8027);
#7205=PLANE('',#8028);
#7206=PLANE('',#8029);
#7207=PLANE('',#8030);
#7208=PLANE('',#8031);
#7209=PLANE('',#8032);
#7210=PLANE('',#8033);
#7211=PLANE('',#8034);
#7212=PLANE('',#8035);
#7213=PLANE('',#8036);
#7214=PLANE('',#8037);
#7215=PLANE('',#8038);
#7216=PLANE('',#8039);
#7217=PLANE('',#8040);
#7218=PLANE('',#8041);
#7219=PLANE('',#8042);
#7220=PLANE('',#8043);
#7221=PLANE('',#8044);
#7222=PLANE('',#8045);
#7223=PLANE('',#8046);
#7224=PLANE('',#8047);
#7225=PLANE('',#8048);
#7226=PLANE('',#8049);
#7227=PLANE('',#8050);
#7228=PLANE('',#8051);
#7229=PLANE('',#8052);
#7230=PLANE('',#8053);
#7231=PLANE('',#8054);
#7232=PLANE('',#8055);
#7233=PLANE('',#8056);
#7234=PLANE('',#8057);
#7235=PLANE('',#8058);
#7236=PLANE('',#8059);
#7237=PLANE('',#8060);
#7238=PLANE('',#8061);
#7239=PLANE('',#8062);
#7240=PLANE('',#8063);
#7241=PLANE('',#8064);
#7242=PLANE('',#8065);
#7243=PLANE('',#8066);
#7244=PLANE('',#8067);
#7245=PLANE('',#8068);
#7246=PLANE('',#8069);
#7247=PLANE('',#8070);
#7248=PLANE('',#8071);
#7249=PLANE('',#8072);
#7250=PLANE('',#8073);
#7251=PLANE('',#8074);
#7252=PLANE('',#8075);
#7253=PLANE('',#8076);
#7254=PLANE('',#8077);
#7255=PLANE('',#8078);
#7256=PLANE('',#8079);
#7257=PLANE('',#8080);
#7258=PLANE('',#8081);
#7259=PLANE('',#8082);
#7260=PLANE('',#8083);
#7261=PLANE('',#8084);
#7262=PLANE('',#8085);
#7263=PLANE('',#8086);
#7264=PLANE('',#8087);
#7265=PLANE('',#8088);
#7266=PLANE('',#8089);
#7267=PLANE('',#8090);
#7268=PLANE('',#8091);
#7269=PLANE('',#8092);
#7270=PLANE('',#8093);
#7271=PLANE('',#8094);
#7272=PLANE('',#8095);
#7273=PLANE('',#8096);
#7274=PLANE('',#8101);
#7275=PLANE('',#8108);
#7276=PLANE('',#8115);
#7277=PLANE('',#8116);
#7278=PLANE('',#8117);
#7279=PLANE('',#8118);
#7280=PLANE('',#8119);
#7281=PLANE('',#8120);
#7282=PLANE('',#8121);
#7283=PLANE('',#8122);
#7284=PLANE('',#8123);
#7285=PLANE('',#8124);
#7286=PLANE('',#8125);
#7287=PLANE('',#8127);
#7288=PLANE('',#8128);
#7289=PLANE('',#8129);
#7290=PLANE('',#8130);
#7291=PLANE('',#8131);
#7292=PLANE('',#8132);
#7293=PLANE('',#8133);
#7294=PLANE('',#8135);
#7295=PLANE('',#8136);
#7296=PLANE('',#8139);
#7297=PLANE('',#8140);
#7298=PLANE('',#8141);
#7299=PLANE('',#8142);
#7300=PLANE('',#8143);
#7301=PLANE('',#8144);
#7302=PLANE('',#8145);
#7303=PLANE('',#8146);
#7304=PLANE('',#8147);
#7305=PLANE('',#8148);
#7306=PLANE('',#8149);
#7307=PLANE('',#8150);
#7308=PLANE('',#8151);
#7309=PLANE('',#8152);
#7310=PLANE('',#8153);
#7311=PLANE('',#8154);
#7312=PLANE('',#8155);
#7313=PLANE('',#8156);
#7314=PLANE('',#8157);
#7315=PLANE('',#8158);
#7316=PLANE('',#8159);
#7317=PLANE('',#8160);
#7318=PLANE('',#8161);
#7319=PLANE('',#8162);
#7320=PLANE('',#8163);
#7321=PLANE('',#8164);
#7322=PLANE('',#8165);
#7323=PLANE('',#8168);
#7324=PLANE('',#8169);
#7325=PLANE('',#8170);
#7326=PLANE('',#8171);
#7327=PLANE('',#8172);
#7328=PLANE('',#8173);
#7329=PLANE('',#8174);
#7330=PLANE('',#8175);
#7331=PLANE('',#8177);
#7332=PLANE('',#8179);
#7333=PLANE('',#8180);
#7334=PLANE('',#8181);
#7335=PLANE('',#8183);
#7336=PLANE('',#8185);
#7337=PLANE('',#8187);
#7338=PLANE('',#8188);
#7339=PLANE('',#8189);
#7340=PLANE('',#8190);
#7341=PLANE('',#8192);
#7342=PLANE('',#8194);
#7343=PLANE('',#8197);
#7344=PLANE('',#8199);
#7345=PLANE('',#8201);
#7346=PLANE('',#8202);
#7347=PLANE('',#8203);
#7348=PLANE('',#8204);
#7349=PLANE('',#8206);
#7350=PLANE('',#8208);
#7351=PLANE('',#8210);
#7352=PLANE('',#8212);
#7353=PLANE('',#8214);
#7354=PLANE('',#8216);
#7355=PLANE('',#8217);
#7356=PLANE('',#8218);
#7357=PLANE('',#8219);
#7358=PLANE('',#8221);
#7359=PLANE('',#8223);
#7360=PLANE('',#8226);
#7361=PLANE('',#8228);
#7362=PLANE('',#8230);
#7363=PLANE('',#8231);
#7364=PLANE('',#8232);
#7365=PLANE('',#8233);
#7366=PLANE('',#8235);
#7367=PLANE('',#8237);
#7368=PLANE('',#8239);
#7369=PLANE('',#8240);
#7370=PLANE('',#8241);
#7371=PLANE('',#8242);
#7372=PLANE('',#8243);
#7373=PLANE('',#8244);
#7374=PLANE('',#8250);
#7375=PLANE('',#8251);
#7376=PLANE('',#8252);
#7377=PLANE('',#8253);
#7378=PLANE('',#8254);
#7379=PLANE('',#8255);
#7380=PLANE('',#8256);
#7381=PLANE('',#8257);
#7382=PLANE('',#8258);
#7383=PLANE('',#8262);
#7384=PLANE('',#8263);
#7385=PLANE('',#8264);
#7386=PLANE('',#8265);
#7387=PLANE('',#8266);
#7388=PLANE('',#8267);
#7389=PLANE('',#8268);
#7390=PLANE('',#8269);
#7391=PLANE('',#8270);
#7392=PLANE('',#8271);
#7393=PLANE('',#8275);
#7394=PLANE('',#8276);
#7395=PLANE('',#8277);
#7396=PLANE('',#8278);
#7397=PLANE('',#8282);
#7398=PLANE('',#8283);
#7399=PLANE('',#8284);
#7400=ADVANCED_FACE('',(#6672),#7063,.F.);
#7401=ADVANCED_FACE('',(#6673,#6674),#7064,.F.);
#7402=ADVANCED_FACE('',(#6675,#6676),#7065,.F.);
#7403=ADVANCED_FACE('',(#6677),#7066,.F.);
#7404=ADVANCED_FACE('',(#6678),#7067,.T.);
#7405=ADVANCED_FACE('',(#6679),#7068,.T.);
#7406=ADVANCED_FACE('',(#6680),#7069,.T.);
#7407=ADVANCED_FACE('',(#6681),#7070,.T.);
#7408=ADVANCED_FACE('',(#6682),#7071,.T.);
#7409=ADVANCED_FACE('',(#6683),#7072,.T.);
#7410=ADVANCED_FACE('',(#6684),#7073,.T.);
#7411=ADVANCED_FACE('',(#6685),#7074,.T.);
#7412=ADVANCED_FACE('',(#6686),#7075,.T.);
#7413=ADVANCED_FACE('',(#6687),#7076,.T.);
#7414=ADVANCED_FACE('',(#6688),#7077,.F.);
#7415=ADVANCED_FACE('',(#6689),#7078,.F.);
#7416=ADVANCED_FACE('',(#6690),#7079,.F.);
#7417=ADVANCED_FACE('',(#6691),#7080,.F.);
#7418=ADVANCED_FACE('',(#6692),#7081,.T.);
#7419=ADVANCED_FACE('',(#6693),#7082,.T.);
#7420=ADVANCED_FACE('',(#6694),#7083,.T.);
#7421=ADVANCED_FACE('',(#6695),#7084,.T.);
#7422=ADVANCED_FACE('',(#6696),#7085,.T.);
#7423=ADVANCED_FACE('',(#6697),#7086,.T.);
#7424=ADVANCED_FACE('',(#6698),#7087,.T.);
#7425=ADVANCED_FACE('',(#6699),#7088,.T.);
#7426=ADVANCED_FACE('',(#6700),#7089,.T.);
#7427=ADVANCED_FACE('',(#6701),#7090,.T.);
#7428=ADVANCED_FACE('',(#6702),#7091,.F.);
#7429=ADVANCED_FACE('',(#6703,#6704),#7092,.T.);
#7430=ADVANCED_FACE('',(#6705),#7093,.F.);
#7431=ADVANCED_FACE('',(#6706),#7094,.F.);
#7432=ADVANCED_FACE('',(#6707),#7095,.F.);
#7433=ADVANCED_FACE('',(#6708),#7096,.F.);
#7434=ADVANCED_FACE('',(#6709),#7097,.F.);
#7435=ADVANCED_FACE('',(#6710),#7098,.F.);
#7436=ADVANCED_FACE('',(#6711,#6712,#6713),#7099,.T.);
#7437=ADVANCED_FACE('',(#6714),#7100,.F.);
#7438=ADVANCED_FACE('',(#6715),#7101,.T.);
#7439=ADVANCED_FACE('',(#6716),#7102,.T.);
#7440=ADVANCED_FACE('',(#6717),#7103,.F.);
#7441=ADVANCED_FACE('',(#6718),#7104,.T.);
#7442=ADVANCED_FACE('',(#6719),#7105,.T.);
#7443=ADVANCED_FACE('',(#6720),#7106,.F.);
#7444=ADVANCED_FACE('',(#6721),#7107,.T.);
#7445=ADVANCED_FACE('',(#6722),#7108,.T.);
#7446=ADVANCED_FACE('',(#6723),#7109,.F.);
#7447=ADVANCED_FACE('',(#6724),#7110,.T.);
#7448=ADVANCED_FACE('',(#6725),#7111,.T.);
#7449=ADVANCED_FACE('',(#6726),#7112,.F.);
#7450=ADVANCED_FACE('',(#6727),#7113,.T.);
#7451=ADVANCED_FACE('',(#6728),#7114,.T.);
#7452=ADVANCED_FACE('',(#6729),#7115,.F.);
#7453=ADVANCED_FACE('',(#6730),#7116,.F.);
#7454=ADVANCED_FACE('',(#6731),#7117,.T.);
#7455=ADVANCED_FACE('',(#6732),#7118,.T.);
#7456=ADVANCED_FACE('',(#6733),#7119,.T.);
#7457=ADVANCED_FACE('',(#6734),#7120,.T.);
#7458=ADVANCED_FACE('',(#6735),#7121,.F.);
#7459=ADVANCED_FACE('',(#6736),#7122,.T.);
#7460=ADVANCED_FACE('',(#6737),#7123,.T.);
#7461=ADVANCED_FACE('',(#6738),#7124,.F.);
#7462=ADVANCED_FACE('',(#6739),#7125,.T.);
#7463=ADVANCED_FACE('',(#6740),#7126,.T.);
#7464=ADVANCED_FACE('',(#6741),#7127,.T.);
#7465=ADVANCED_FACE('',(#6742),#7128,.F.);
#7466=ADVANCED_FACE('',(#6743),#7129,.T.);
#7467=ADVANCED_FACE('',(#6744),#7130,.T.);
#7468=ADVANCED_FACE('',(#6745),#7131,.T.);
#7469=ADVANCED_FACE('',(#6746,#6747,#6748),#7132,.F.);
#7470=ADVANCED_FACE('',(#6749),#7133,.F.);
#7471=ADVANCED_FACE('',(#6750),#7134,.F.);
#7472=ADVANCED_FACE('',(#6751),#7135,.F.);
#7473=ADVANCED_FACE('',(#6752),#7136,.F.);
#7474=ADVANCED_FACE('',(#6753),#7137,.T.);
#7475=ADVANCED_FACE('',(#6754),#7138,.T.);
#7476=ADVANCED_FACE('',(#6755),#7139,.T.);
#7477=ADVANCED_FACE('',(#6756),#7140,.T.);
#7478=ADVANCED_FACE('',(#6757),#7141,.F.);
#7479=ADVANCED_FACE('',(#6758),#7142,.F.);
#7480=ADVANCED_FACE('',(#6759),#7143,.F.);
#7481=ADVANCED_FACE('',(#6760),#7144,.T.);
#7482=ADVANCED_FACE('',(#6761),#7145,.T.);
#7483=ADVANCED_FACE('',(#6762),#7146,.T.);
#7484=ADVANCED_FACE('',(#6763),#7147,.F.);
#7485=ADVANCED_FACE('',(#6764),#7148,.F.);
#7486=ADVANCED_FACE('',(#6765),#7149,.T.);
#7487=ADVANCED_FACE('',(#6766),#7150,.T.);
#7488=ADVANCED_FACE('',(#6767),#7151,.T.);
#7489=ADVANCED_FACE('',(#6768),#7152,.F.);
#7490=ADVANCED_FACE('',(#6769),#7153,.F.);
#7491=ADVANCED_FACE('',(#6770),#7154,.F.);
#7492=ADVANCED_FACE('',(#6771),#41,.T.);
#7493=ADVANCED_FACE('',(#6772),#7155,.F.);
#7494=ADVANCED_FACE('',(#6773),#7156,.F.);
#7495=ADVANCED_FACE('',(#6774),#7157,.F.);
#7496=ADVANCED_FACE('',(#6775),#7158,.T.);
#7497=ADVANCED_FACE('',(#6776),#7159,.F.);
#7498=ADVANCED_FACE('',(#6777),#7160,.F.);
#7499=ADVANCED_FACE('',(#6778),#7161,.F.);
#7500=ADVANCED_FACE('',(#6779),#7162,.F.);
#7501=ADVANCED_FACE('',(#6780),#7163,.F.);
#7502=ADVANCED_FACE('',(#6781),#42,.T.);
#7503=ADVANCED_FACE('',(#6782),#7164,.T.);
#7504=ADVANCED_FACE('',(#6783),#7165,.F.);
#7505=ADVANCED_FACE('',(#6784),#43,.T.);
#7506=ADVANCED_FACE('',(#6785),#7166,.F.);
#7507=ADVANCED_FACE('',(#6786),#7167,.F.);
#7508=ADVANCED_FACE('',(#6787),#7168,.F.);
#7509=ADVANCED_FACE('',(#6788),#7169,.T.);
#7510=ADVANCED_FACE('',(#6789),#7170,.F.);
#7511=ADVANCED_FACE('',(#6790),#7171,.F.);
#7512=ADVANCED_FACE('',(#6791),#7172,.F.);
#7513=ADVANCED_FACE('',(#6792),#7173,.F.);
#7514=ADVANCED_FACE('',(#6793),#7174,.F.);
#7515=ADVANCED_FACE('',(#6794),#44,.T.);
#7516=ADVANCED_FACE('',(#6795),#7175,.T.);
#7517=ADVANCED_FACE('',(#6796),#7176,.F.);
#7518=ADVANCED_FACE('',(#6797),#7177,.F.);
#7519=ADVANCED_FACE('',(#6798),#7178,.F.);
#7520=ADVANCED_FACE('',(#6799),#7179,.F.);
#7521=ADVANCED_FACE('',(#6800),#7180,.T.);
#7522=ADVANCED_FACE('',(#6801),#7181,.F.);
#7523=ADVANCED_FACE('',(#6802),#7182,.F.);
#7524=ADVANCED_FACE('',(#6803),#7183,.F.);
#7525=ADVANCED_FACE('',(#6804),#7184,.F.);
#7526=ADVANCED_FACE('',(#6805),#7185,.F.);
#7527=ADVANCED_FACE('',(#6806),#7186,.T.);
#7528=ADVANCED_FACE('',(#6807),#7187,.F.);
#7529=ADVANCED_FACE('',(#6808),#7188,.F.);
#7530=ADVANCED_FACE('',(#6809),#7189,.F.);
#7531=ADVANCED_FACE('',(#6810),#7190,.F.);
#7532=ADVANCED_FACE('',(#6811),#7191,.F.);
#7533=ADVANCED_FACE('',(#6812),#7192,.F.);
#7534=ADVANCED_FACE('',(#6813),#7193,.F.);
#7535=ADVANCED_FACE('',(#6814),#7194,.F.);
#7536=ADVANCED_FACE('',(#6815),#7195,.F.);
#7537=ADVANCED_FACE('',(#6816),#7196,.F.);
#7538=ADVANCED_FACE('',(#6817),#7197,.F.);
#7539=ADVANCED_FACE('',(#6818),#7198,.F.);
#7540=ADVANCED_FACE('',(#6819),#7199,.F.);
#7541=ADVANCED_FACE('',(#6820),#7200,.F.);
#7542=ADVANCED_FACE('',(#6821),#7201,.F.);
#7543=ADVANCED_FACE('',(#6822),#7202,.F.);
#7544=ADVANCED_FACE('',(#6823),#7203,.F.);
#7545=ADVANCED_FACE('',(#6824),#7204,.F.);
#7546=ADVANCED_FACE('',(#6825),#7205,.F.);
#7547=ADVANCED_FACE('',(#6826),#7206,.F.);
#7548=ADVANCED_FACE('',(#6827),#7207,.F.);
#7549=ADVANCED_FACE('',(#6828),#7208,.F.);
#7550=ADVANCED_FACE('',(#6829),#7209,.F.);
#7551=ADVANCED_FACE('',(#6830),#7210,.F.);
#7552=ADVANCED_FACE('',(#6831),#7211,.F.);
#7553=ADVANCED_FACE('',(#6832),#7212,.F.);
#7554=ADVANCED_FACE('',(#6833),#7213,.F.);
#7555=ADVANCED_FACE('',(#6834),#7214,.F.);
#7556=ADVANCED_FACE('',(#6835),#7215,.F.);
#7557=ADVANCED_FACE('',(#6836),#7216,.F.);
#7558=ADVANCED_FACE('',(#6837),#7217,.F.);
#7559=ADVANCED_FACE('',(#6838),#7218,.F.);
#7560=ADVANCED_FACE('',(#6839),#7219,.F.);
#7561=ADVANCED_FACE('',(#6840),#7220,.F.);
#7562=ADVANCED_FACE('',(#6841),#7221,.F.);
#7563=ADVANCED_FACE('',(#6842),#7222,.F.);
#7564=ADVANCED_FACE('',(#6843),#7223,.F.);
#7565=ADVANCED_FACE('',(#6844),#7224,.F.);
#7566=ADVANCED_FACE('',(#6845),#7225,.F.);
#7567=ADVANCED_FACE('',(#6846),#7226,.F.);
#7568=ADVANCED_FACE('',(#6847),#7227,.F.);
#7569=ADVANCED_FACE('',(#6848),#7228,.F.);
#7570=ADVANCED_FACE('',(#6849),#7229,.F.);
#7571=ADVANCED_FACE('',(#6850),#7230,.F.);
#7572=ADVANCED_FACE('',(#6851),#7231,.F.);
#7573=ADVANCED_FACE('',(#6852),#7232,.F.);
#7574=ADVANCED_FACE('',(#6853),#7233,.F.);
#7575=ADVANCED_FACE('',(#6854),#7234,.F.);
#7576=ADVANCED_FACE('',(#6855),#7235,.F.);
#7577=ADVANCED_FACE('',(#6856),#7236,.F.);
#7578=ADVANCED_FACE('',(#6857),#7237,.F.);
#7579=ADVANCED_FACE('',(#6858),#7238,.F.);
#7580=ADVANCED_FACE('',(#6859),#7239,.F.);
#7581=ADVANCED_FACE('',(#6860),#7240,.F.);
#7582=ADVANCED_FACE('',(#6861),#7241,.F.);
#7583=ADVANCED_FACE('',(#6862),#7242,.F.);
#7584=ADVANCED_FACE('',(#6863),#7243,.F.);
#7585=ADVANCED_FACE('',(#6864),#7244,.F.);
#7586=ADVANCED_FACE('',(#6865),#7245,.F.);
#7587=ADVANCED_FACE('',(#6866),#7246,.F.);
#7588=ADVANCED_FACE('',(#6867),#7247,.F.);
#7589=ADVANCED_FACE('',(#6868),#7248,.F.);
#7590=ADVANCED_FACE('',(#6869),#7249,.F.);
#7591=ADVANCED_FACE('',(#6870),#7250,.F.);
#7592=ADVANCED_FACE('',(#6871),#7251,.F.);
#7593=ADVANCED_FACE('',(#6872),#7252,.F.);
#7594=ADVANCED_FACE('',(#6873),#7253,.F.);
#7595=ADVANCED_FACE('',(#6874),#7254,.F.);
#7596=ADVANCED_FACE('',(#6875),#7255,.F.);
#7597=ADVANCED_FACE('',(#6876),#7256,.F.);
#7598=ADVANCED_FACE('',(#6877),#7257,.F.);
#7599=ADVANCED_FACE('',(#6878),#7258,.F.);
#7600=ADVANCED_FACE('',(#6879),#7259,.F.);
#7601=ADVANCED_FACE('',(#6880),#7260,.F.);
#7602=ADVANCED_FACE('',(#6881),#7261,.F.);
#7603=ADVANCED_FACE('',(#6882),#7262,.F.);
#7604=ADVANCED_FACE('',(#6883),#7263,.F.);
#7605=ADVANCED_FACE('',(#6884),#7264,.F.);
#7606=ADVANCED_FACE('',(#6885),#7265,.F.);
#7607=ADVANCED_FACE('',(#6886),#7266,.F.);
#7608=ADVANCED_FACE('',(#6887),#7267,.F.);
#7609=ADVANCED_FACE('',(#6888),#7268,.F.);
#7610=ADVANCED_FACE('',(#6889),#7269,.F.);
#7611=ADVANCED_FACE('',(#6890),#7270,.F.);
#7612=ADVANCED_FACE('',(#6891),#7271,.F.);
#7613=ADVANCED_FACE('',(#6892),#7272,.F.);
#7614=ADVANCED_FACE('',(#6893),#7273,.F.);
#7615=ADVANCED_FACE('',(#6894),#7274,.F.);
#7616=ADVANCED_FACE('',(#6895),#7275,.F.);
#7617=ADVANCED_FACE('',(#6896),#7276,.F.);
#7618=ADVANCED_FACE('',(#6897),#7277,.F.);
#7619=ADVANCED_FACE('',(#6898),#7278,.T.);
#7620=ADVANCED_FACE('',(#6899),#7279,.F.);
#7621=ADVANCED_FACE('',(#6900),#7280,.F.);
#7622=ADVANCED_FACE('',(#6901),#7281,.F.);
#7623=ADVANCED_FACE('',(#6902),#7282,.F.);
#7624=ADVANCED_FACE('',(#6903),#7283,.F.);
#7625=ADVANCED_FACE('',(#6904),#7284,.F.);
#7626=ADVANCED_FACE('',(#6905),#7285,.F.);
#7627=ADVANCED_FACE('',(#6906,#6907),#7286,.F.);
#7628=ADVANCED_FACE('',(#6908),#45,.T.);
#7629=ADVANCED_FACE('',(#6909),#7287,.F.);
#7630=ADVANCED_FACE('',(#6910),#7288,.F.);
#7631=ADVANCED_FACE('',(#6911),#7289,.F.);
#7632=ADVANCED_FACE('',(#6912),#7290,.F.);
#7633=ADVANCED_FACE('',(#6913),#7291,.F.);
#7634=ADVANCED_FACE('',(#6914),#7292,.F.);
#7635=ADVANCED_FACE('',(#6915,#6916),#7293,.F.);
#7636=ADVANCED_FACE('',(#6917),#46,.T.);
#7637=ADVANCED_FACE('',(#6918),#7294,.F.);
#7638=ADVANCED_FACE('',(#6919),#7295,.F.);
#7639=ADVANCED_FACE('',(#6920),#47,.F.);
#7640=ADVANCED_FACE('',(#6921),#48,.F.);
#7641=ADVANCED_FACE('',(#6922),#7296,.F.);
#7642=ADVANCED_FACE('',(#6923),#7297,.F.);
#7643=ADVANCED_FACE('',(#6924),#7298,.F.);
#7644=ADVANCED_FACE('',(#6925),#7299,.F.);
#7645=ADVANCED_FACE('',(#6926),#7300,.F.);
#7646=ADVANCED_FACE('',(#6927),#7301,.F.);
#7647=ADVANCED_FACE('',(#6928),#7302,.F.);
#7648=ADVANCED_FACE('',(#6929),#7303,.F.);
#7649=ADVANCED_FACE('',(#6930,#6931),#7304,.F.);
#7650=ADVANCED_FACE('',(#6932,#6933),#7305,.F.);
#7651=ADVANCED_FACE('',(#6934),#7306,.F.);
#7652=ADVANCED_FACE('',(#6935),#7307,.F.);
#7653=ADVANCED_FACE('',(#6936),#7308,.F.);
#7654=ADVANCED_FACE('',(#6937),#7309,.F.);
#7655=ADVANCED_FACE('',(#6938),#7310,.F.);
#7656=ADVANCED_FACE('',(#6939),#7311,.F.);
#7657=ADVANCED_FACE('',(#6940),#7312,.F.);
#7658=ADVANCED_FACE('',(#6941),#7313,.F.);
#7659=ADVANCED_FACE('',(#6942),#7314,.F.);
#7660=ADVANCED_FACE('',(#6943),#7315,.F.);
#7661=ADVANCED_FACE('',(#6944),#7316,.F.);
#7662=ADVANCED_FACE('',(#6945),#7317,.F.);
#7663=ADVANCED_FACE('',(#6946),#7318,.F.);
#7664=ADVANCED_FACE('',(#6947),#7319,.F.);
#7665=ADVANCED_FACE('',(#6948),#7320,.F.);
#7666=ADVANCED_FACE('',(#6949),#7321,.F.);
#7667=ADVANCED_FACE('',(#6950),#7322,.F.);
#7668=ADVANCED_FACE('',(#6951),#49,.F.);
#7669=ADVANCED_FACE('',(#6952),#50,.F.);
#7670=ADVANCED_FACE('',(#6953),#7323,.F.);
#7671=ADVANCED_FACE('',(#6954),#7324,.F.);
#7672=ADVANCED_FACE('',(#6955),#7325,.F.);
#7673=ADVANCED_FACE('',(#6956),#7326,.F.);
#7674=ADVANCED_FACE('',(#6957),#7327,.F.);
#7675=ADVANCED_FACE('',(#6958),#7328,.F.);
#7676=ADVANCED_FACE('',(#6959),#7329,.F.);
#7677=ADVANCED_FACE('',(#6960),#7330,.F.);
#7678=ADVANCED_FACE('',(#6961),#51,.T.);
#7679=ADVANCED_FACE('',(#6962),#7331,.F.);
#7680=ADVANCED_FACE('',(#6963),#52,.T.);
#7681=ADVANCED_FACE('',(#6964),#7332,.F.);
#7682=ADVANCED_FACE('',(#6965),#7333,.F.);
#7683=ADVANCED_FACE('',(#6966),#7334,.F.);
#7684=ADVANCED_FACE('',(#6967),#53,.T.);
#7685=ADVANCED_FACE('',(#6968),#7335,.F.);
#7686=ADVANCED_FACE('',(#6969),#54,.F.);
#7687=ADVANCED_FACE('',(#6970),#7336,.F.);
#7688=ADVANCED_FACE('',(#6971),#55,.T.);
#7689=ADVANCED_FACE('',(#6972),#7337,.F.);
#7690=ADVANCED_FACE('',(#6973),#7338,.F.);
#7691=ADVANCED_FACE('',(#6974),#7339,.F.);
#7692=ADVANCED_FACE('',(#6975),#7340,.F.);
#7693=ADVANCED_FACE('',(#6976),#56,.F.);
#7694=ADVANCED_FACE('',(#6977),#7341,.F.);
#7695=ADVANCED_FACE('',(#6978),#57,.T.);
#7696=ADVANCED_FACE('',(#6979),#7342,.F.);
#7697=ADVANCED_FACE('',(#6980),#58,.F.);
#7698=ADVANCED_FACE('',(#6981),#59,.F.);
#7699=ADVANCED_FACE('',(#6982),#7343,.F.);
#7700=ADVANCED_FACE('',(#6983),#60,.T.);
#7701=ADVANCED_FACE('',(#6984),#7344,.F.);
#7702=ADVANCED_FACE('',(#6985),#61,.F.);
#7703=ADVANCED_FACE('',(#6986),#7345,.F.);
#7704=ADVANCED_FACE('',(#6987),#7346,.F.);
#7705=ADVANCED_FACE('',(#6988),#7347,.F.);
#7706=ADVANCED_FACE('',(#6989),#7348,.F.);
#7707=ADVANCED_FACE('',(#6990),#62,.T.);
#7708=ADVANCED_FACE('',(#6991),#7349,.F.);
#7709=ADVANCED_FACE('',(#6992),#63,.F.);
#7710=ADVANCED_FACE('',(#6993),#7350,.F.);
#7711=ADVANCED_FACE('',(#6994),#64,.T.);
#7712=ADVANCED_FACE('',(#6995),#7351,.F.);
#7713=ADVANCED_FACE('',(#6996),#65,.T.);
#7714=ADVANCED_FACE('',(#6997),#7352,.F.);
#7715=ADVANCED_FACE('',(#6998),#66,.F.);
#7716=ADVANCED_FACE('',(#6999),#7353,.F.);
#7717=ADVANCED_FACE('',(#7000),#67,.T.);
#7718=ADVANCED_FACE('',(#7001),#7354,.F.);
#7719=ADVANCED_FACE('',(#7002),#7355,.F.);
#7720=ADVANCED_FACE('',(#7003),#7356,.F.);
#7721=ADVANCED_FACE('',(#7004),#7357,.F.);
#7722=ADVANCED_FACE('',(#7005),#68,.F.);
#7723=ADVANCED_FACE('',(#7006),#7358,.F.);
#7724=ADVANCED_FACE('',(#7007),#69,.T.);
#7725=ADVANCED_FACE('',(#7008),#7359,.F.);
#7726=ADVANCED_FACE('',(#7009),#70,.F.);
#7727=ADVANCED_FACE('',(#7010),#71,.F.);
#7728=ADVANCED_FACE('',(#7011),#7360,.F.);
#7729=ADVANCED_FACE('',(#7012),#72,.T.);
#7730=ADVANCED_FACE('',(#7013),#7361,.F.);
#7731=ADVANCED_FACE('',(#7014),#73,.F.);
#7732=ADVANCED_FACE('',(#7015),#7362,.F.);
#7733=ADVANCED_FACE('',(#7016),#7363,.F.);
#7734=ADVANCED_FACE('',(#7017),#7364,.F.);
#7735=ADVANCED_FACE('',(#7018),#7365,.F.);
#7736=ADVANCED_FACE('',(#7019),#74,.T.);
#7737=ADVANCED_FACE('',(#7020),#7366,.F.);
#7738=ADVANCED_FACE('',(#7021),#75,.F.);
#7739=ADVANCED_FACE('',(#7022),#7367,.F.);
#7740=ADVANCED_FACE('',(#7023),#76,.T.);
#7741=ADVANCED_FACE('',(#7024),#7368,.F.);
#7742=ADVANCED_FACE('',(#7025),#7369,.F.);
#7743=ADVANCED_FACE('',(#7026),#7370,.F.);
#7744=ADVANCED_FACE('',(#7027),#7371,.F.);
#7745=ADVANCED_FACE('',(#7028),#7372,.F.);
#7746=ADVANCED_FACE('',(#7029),#7373,.F.);
#7747=ADVANCED_FACE('',(#7030),#77,.F.);
#7748=ADVANCED_FACE('',(#7031),#78,.F.);
#7749=ADVANCED_FACE('',(#7032),#79,.F.);
#7750=ADVANCED_FACE('',(#7033),#80,.F.);
#7751=ADVANCED_FACE('',(#7034),#7374,.F.);
#7752=ADVANCED_FACE('',(#7035),#7375,.F.);
#7753=ADVANCED_FACE('',(#7036),#7376,.F.);
#7754=ADVANCED_FACE('',(#7037),#7377,.F.);
#7755=ADVANCED_FACE('',(#7038),#7378,.F.);
#7756=ADVANCED_FACE('',(#7039),#7379,.F.);
#7757=ADVANCED_FACE('',(#7040),#7380,.F.);
#7758=ADVANCED_FACE('',(#7041),#7381,.F.);
#7759=ADVANCED_FACE('',(#7042),#7382,.F.);
#7760=ADVANCED_FACE('',(#7043),#81,.F.);
#7761=ADVANCED_FACE('',(#7044),#7383,.F.);
#7762=ADVANCED_FACE('',(#7045),#7384,.F.);
#7763=ADVANCED_FACE('',(#7046),#7385,.F.);
#7764=ADVANCED_FACE('',(#7047),#7386,.F.);
#7765=ADVANCED_FACE('',(#7048),#7387,.F.);
#7766=ADVANCED_FACE('',(#7049),#7388,.F.);
#7767=ADVANCED_FACE('',(#7050),#7389,.F.);
#7768=ADVANCED_FACE('',(#7051),#7390,.F.);
#7769=ADVANCED_FACE('',(#7052),#7391,.F.);
#7770=ADVANCED_FACE('',(#7053),#7392,.F.);
#7771=ADVANCED_FACE('',(#7054),#82,.F.);
#7772=ADVANCED_FACE('',(#7055),#7393,.F.);
#7773=ADVANCED_FACE('',(#7056),#7394,.F.);
#7774=ADVANCED_FACE('',(#7057),#7395,.F.);
#7775=ADVANCED_FACE('',(#7058),#7396,.F.);
#7776=ADVANCED_FACE('',(#7059),#83,.F.);
#7777=ADVANCED_FACE('',(#7060),#7397,.F.);
#7778=ADVANCED_FACE('',(#7061),#7398,.T.);
#7779=ADVANCED_FACE('',(#7062),#7399,.F.);
#7780=CLOSED_SHELL('',(#7400,#7401,#7402,#7403,#7404,#7405,#7406,#7407,
#7408,#7409,#7410,#7411,#7412,#7413,#7414,#7415,#7416,#7417,#7418,#7419,
#7420,#7421,#7422,#7423,#7424,#7425,#7426,#7427,#7428,#7429,#7430,#7431,
#7432,#7433,#7434,#7435,#7436,#7437,#7438,#7439,#7440,#7441,#7442,#7443,
#7444,#7445,#7446,#7447,#7448,#7449,#7450,#7451,#7452,#7453,#7454,#7455,
#7456,#7457,#7458,#7459,#7460,#7461,#7462,#7463,#7464,#7465,#7466,#7467,
#7468,#7469,#7470,#7471,#7472,#7473,#7474,#7475,#7476,#7477,#7478,#7479,
#7480,#7481,#7482,#7483,#7484,#7485,#7486,#7487,#7488,#7489,#7490,#7491,
#7492,#7493,#7494,#7495,#7496,#7497,#7498,#7499,#7500,#7501,#7502,#7503,
#7504,#7505,#7506,#7507,#7508,#7509,#7510,#7511,#7512,#7513,#7514,#7515,
#7516,#7517,#7518,#7519,#7520,#7521,#7522,#7523,#7524,#7525,#7526,#7527,
#7528));
#7781=CLOSED_SHELL('',(#7529,#7530,#7531,#7532,#7533,#7534,#7535,#7536,
#7537,#7538,#7539,#7540,#7541,#7542,#7543,#7544,#7545,#7546,#7547,#7548,
#7549,#7550,#7551,#7552,#7553,#7554,#7555,#7556,#7557,#7558,#7559,#7560,
#7561,#7562,#7563,#7564,#7565,#7566,#7567,#7568,#7569,#7570,#7571,#7572,
#7573,#7574,#7575,#7576,#7577,#7578,#7579,#7580,#7581,#7582,#7583,#7584,
#7585,#7586,#7587,#7588,#7589,#7590,#7591,#7592,#7593,#7594,#7595,#7596,
#7597,#7598,#7599,#7600,#7601,#7602,#7603,#7604,#7605,#7606,#7607,#7608,
#7609,#7610,#7611,#7612,#7613,#7614,#7615,#7616,#7617,#7618,#7619,#7620,
#7621,#7622,#7623,#7624,#7625,#7626,#7627,#7628,#7629,#7630,#7631,#7632,
#7633,#7634,#7635,#7636,#7637,#7638,#7639,#7640,#7641,#7642,#7643,#7644,
#7645,#7646,#7647,#7648,#7649,#7650,#7651,#7652,#7653,#7654,#7655,#7656,
#7657,#7658,#7659,#7660,#7661,#7662,#7663,#7664,#7665,#7666,#7667,#7668,
#7669,#7670,#7671,#7672,#7673,#7674,#7675,#7676,#7677,#7678,#7679,#7680,
#7681,#7682,#7683,#7684,#7685,#7686,#7687,#7688,#7689,#7690,#7691,#7692,
#7693,#7694,#7695,#7696,#7697,#7698,#7699,#7700,#7701,#7702,#7703,#7704,
#7705,#7706,#7707,#7708,#7709,#7710,#7711,#7712,#7713,#7714,#7715,#7716,
#7717,#7718,#7719,#7720,#7721,#7722,#7723,#7724,#7725,#7726,#7727,#7728,
#7729,#7730,#7731,#7732,#7733,#7734,#7735,#7736,#7737,#7738,#7739,#7740,
#7741,#7742,#7743,#7744,#7745,#7746,#7747,#7748,#7749,#7750));
#7782=CLOSED_SHELL('',(#7751,#7752,#7753,#7754,#7755,#7756,#7757,#7758,
#7759,#7760,#7761,#7762,#7763,#7764,#7765,#7766,#7767,#7768,#7769,#7770,
#7771,#7772,#7773,#7774,#7775,#7776,#7777,#7778,#7779));
#7783=STYLED_ITEM('',(#7786),#7805);
#7784=STYLED_ITEM('',(#7787),#7806);
#7785=STYLED_ITEM('',(#7788),#7807);
#7786=PRESENTATION_STYLE_ASSIGNMENT((#7789));
#7787=PRESENTATION_STYLE_ASSIGNMENT((#7790));
#7788=PRESENTATION_STYLE_ASSIGNMENT((#7791));
#7789=SURFACE_STYLE_USAGE(.BOTH.,#7792);
#7790=SURFACE_STYLE_USAGE(.BOTH.,#7793);
#7791=SURFACE_STYLE_USAGE(.BOTH.,#7794);
#7792=SURFACE_SIDE_STYLE('',(#7795));
#7793=SURFACE_SIDE_STYLE('',(#7796));
#7794=SURFACE_SIDE_STYLE('',(#7797));
#7795=SURFACE_STYLE_FILL_AREA(#7798);
#7796=SURFACE_STYLE_FILL_AREA(#7799);
#7797=SURFACE_STYLE_FILL_AREA(#7800);
#7798=FILL_AREA_STYLE('',(#7801));
#7799=FILL_AREA_STYLE('',(#7802));
#7800=FILL_AREA_STYLE('',(#7803));
#7801=FILL_AREA_STYLE_COLOUR('',#7804);
#7802=FILL_AREA_STYLE_COLOUR('',#18);
#7803=FILL_AREA_STYLE_COLOUR('',#18);
#7804=COLOUR_RGB('',0.5,0.5,0.5);
#7805=MANIFOLD_SOLID_BREP('PET-02-RA-LC_t',#7780);
#7806=MANIFOLD_SOLID_BREP('PET-02-01-RA_p',#7781);
#7807=MANIFOLD_SOLID_BREP('PET-LC_lc',#7782);
#7808=SHAPE_DEFINITION_REPRESENTATION(#12496,#7812);
#7809=SHAPE_DEFINITION_REPRESENTATION(#12497,#7813);
#7810=SHAPE_DEFINITION_REPRESENTATION(#12499,#7814);
#7811=SHAPE_DEFINITION_REPRESENTATION(#12501,#7815);
#7812=SHAPE_REPRESENTATION('PET-02-01-L-RA-LC',(#7816,#7954,#8249,#8285,
#8286),#12485);
#7813=SHAPE_REPRESENTATION('PET-02-RA-LC_t',(#7816),#12486);
#7814=SHAPE_REPRESENTATION('PET-02-01-RA_p',(#7816),#12487);
#7815=SHAPE_REPRESENTATION('PET-LC_lc',(#7816),#12488);
#7816=AXIS2_PLACEMENT_3D('',#10252,#8287,#8288);
#7817=AXIS2_PLACEMENT_3D('',#10253,#8289,#8290);
#7818=AXIS2_PLACEMENT_3D('',#10318,#8323,#8324);
#7819=AXIS2_PLACEMENT_3D('',#10340,#8336,#8337);
#7820=AXIS2_PLACEMENT_3D('',#10362,#8349,#8350);
#7821=AXIS2_PLACEMENT_3D('',#10386,#8364,#8365);
#7822=AXIS2_PLACEMENT_3D('',#10403,#8374,#8375);
#7823=AXIS2_PLACEMENT_3D('',#10420,#8384,#8385);
#7824=AXIS2_PLACEMENT_3D('',#10428,#8390,#8391);
#7825=AXIS2_PLACEMENT_3D('',#10437,#8396,#8397);
#7826=AXIS2_PLACEMENT_3D('',#10457,#8409,#8410);
#7827=AXIS2_PLACEMENT_3D('',#10466,#8415,#8416);
#7828=AXIS2_PLACEMENT_3D('',#10486,#8428,#8429);
#7829=AXIS2_PLACEMENT_3D('',#10494,#8434,#8435);
#7830=AXIS2_PLACEMENT_3D('',#10514,#8447,#8448);
#7831=AXIS2_PLACEMENT_3D('',#10534,#8460,#8461);
#7832=AXIS2_PLACEMENT_3D('',#10540,#8465,#8466);
#7833=AXIS2_PLACEMENT_3D('',#10543,#8469,#8470);
#7834=AXIS2_PLACEMENT_3D('',#10549,#8474,#8475);
#7835=AXIS2_PLACEMENT_3D('',#10552,#8478,#8479);
#7836=AXIS2_PLACEMENT_3D('',#10562,#8485,#8486);
#7837=AXIS2_PLACEMENT_3D('',#10568,#8490,#8491);
#7838=AXIS2_PLACEMENT_3D('',#10574,#8495,#8496);
#7839=AXIS2_PLACEMENT_3D('',#10580,#8500,#8501);
#7840=AXIS2_PLACEMENT_3D('',#10589,#8506,#8507);
#7841=AXIS2_PLACEMENT_3D('',#10596,#8512,#8513);
#7842=AXIS2_PLACEMENT_3D('',#10606,#8519,#8520);
#7843=AXIS2_PLACEMENT_3D('',#10612,#8524,#8525);
#7844=AXIS2_PLACEMENT_3D('',#10619,#8530,#8531);
#7845=AXIS2_PLACEMENT_3D('',#10622,#8534,#8535);
#7846=AXIS2_PLACEMENT_3D('',#10625,#8538,#8539);
#7847=AXIS2_PLACEMENT_3D('',#10636,#8546,#8547);
#7848=AXIS2_PLACEMENT_3D('',#10640,#8550,#8551);
#7849=AXIS2_PLACEMENT_3D('',#10644,#8554,#8555);
#7850=AXIS2_PLACEMENT_3D('',#10646,#8557,#8558);
#7851=AXIS2_PLACEMENT_3D('',#10650,#8561,#8562);
#7852=AXIS2_PLACEMENT_3D('',#10654,#8565,#8566);
#7853=AXIS2_PLACEMENT_3D('',#10656,#8568,#8569);
#7854=AXIS2_PLACEMENT_3D('',#10677,#8582,#8583);
#7855=AXIS2_PLACEMENT_3D('',#10683,#8587,#8588);
#7856=AXIS2_PLACEMENT_3D('',#10686,#8591,#8592);
#7857=AXIS2_PLACEMENT_3D('',#10687,#8593,#8594);
#7858=AXIS2_PLACEMENT_3D('',#10693,#8598,#8599);
#7859=AXIS2_PLACEMENT_3D('',#10696,#8602,#8603);
#7860=AXIS2_PLACEMENT_3D('',#10697,#8604,#8605);
#7861=AXIS2_PLACEMENT_3D('',#10703,#8609,#8610);
#7862=AXIS2_PLACEMENT_3D('',#10706,#8613,#8614);
#7863=AXIS2_PLACEMENT_3D('',#10707,#8615,#8616);
#7864=AXIS2_PLACEMENT_3D('',#10713,#8620,#8621);
#7865=AXIS2_PLACEMENT_3D('',#10715,#8623,#8624);
#7866=AXIS2_PLACEMENT_3D('',#10717,#8626,#8627);
#7867=AXIS2_PLACEMENT_3D('',#10719,#8629,#8630);
#7868=AXIS2_PLACEMENT_3D('',#10720,#8631,#8632);
#7869=AXIS2_PLACEMENT_3D('',#10722,#8634,#8635);
#7870=AXIS2_PLACEMENT_3D('',#10723,#8636,#8637);
#7871=AXIS2_PLACEMENT_3D('',#10727,#8640,#8641);
#7872=AXIS2_PLACEMENT_3D('',#10731,#8644,#8645);
#7873=AXIS2_PLACEMENT_3D('',#10733,#8647,#8648);
#7874=AXIS2_PLACEMENT_3D('',#10734,#8649,#8650);
#7875=AXIS2_PLACEMENT_3D('',#10738,#8653,#8654);
#7876=AXIS2_PLACEMENT_3D('',#10742,#8657,#8658);
#7877=AXIS2_PLACEMENT_3D('',#10744,#8660,#8661);
#7878=AXIS2_PLACEMENT_3D('',#10745,#8662,#8663);
#7879=AXIS2_PLACEMENT_3D('',#10749,#8666,#8667);
#7880=AXIS2_PLACEMENT_3D('',#10753,#8670,#8671);
#7881=AXIS2_PLACEMENT_3D('',#10755,#8673,#8674);
#7882=AXIS2_PLACEMENT_3D('',#10756,#8675,#8676);
#7883=AXIS2_PLACEMENT_3D('',#10760,#8679,#8680);
#7884=AXIS2_PLACEMENT_3D('',#10764,#8683,#8684);
#7885=AXIS2_PLACEMENT_3D('',#10766,#8686,#8687);
#7886=AXIS2_PLACEMENT_3D('',#10767,#8688,#8689);
#7887=AXIS2_PLACEMENT_3D('',#10773,#8692,#8693);
#7888=AXIS2_PLACEMENT_3D('',#10785,#8699,#8700);
#7889=AXIS2_PLACEMENT_3D('',#10803,#8709,#8710);
#7890=AXIS2_PLACEMENT_3D('',#10826,#8723,#8724);
#7891=AXIS2_PLACEMENT_3D('',#10827,#8725,#8726);
#7892=AXIS2_PLACEMENT_3D('',#10838,#8733,#8734);
#7893=AXIS2_PLACEMENT_3D('',#10842,#8737,#8738);
#7894=AXIS2_PLACEMENT_3D('',#10846,#8741,#8742);
#7895=AXIS2_PLACEMENT_3D('',#10849,#8745,#8746);
#7896=AXIS2_PLACEMENT_3D('',#10850,#8747,#8748);
#7897=AXIS2_PLACEMENT_3D('',#10851,#8749,#8750);
#7898=AXIS2_PLACEMENT_3D('',#10855,#8753,#8754);
#7899=AXIS2_PLACEMENT_3D('',#10859,#8757,#8758);
#7900=AXIS2_PLACEMENT_3D('',#10861,#8760,#8761);
#7901=AXIS2_PLACEMENT_3D('',#10863,#8763,#8764);
#7902=AXIS2_PLACEMENT_3D('',#10864,#8765,#8766);
#7903=AXIS2_PLACEMENT_3D('',#10868,#8769,#8770);
#7904=AXIS2_PLACEMENT_3D('',#10872,#8773,#8774);
#7905=AXIS2_PLACEMENT_3D('',#10874,#8776,#8777);
#7906=AXIS2_PLACEMENT_3D('',#10875,#8778,#8779);
#7907=AXIS2_PLACEMENT_3D('',#10881,#8783,#8784);
#7908=AXIS2_PLACEMENT_3D('',#10883,#8786,#8787);
#7909=AXIS2_PLACEMENT_3D('',#10885,#8789,#8790);
#7910=AXIS2_PLACEMENT_3D('',#10886,#8791,#8792);
#7911=AXIS2_PLACEMENT_3D('',#10887,#8793,#8794);
#7912=AXIS2_PLACEMENT_3D('',#10888,#8795,#8796);
#7913=AXIS2_PLACEMENT_3D('',#10894,#8800,#8801);
#7914=AXIS2_PLACEMENT_3D('',#10897,#8803,#8804);
#7915=AXIS2_PLACEMENT_3D('',#10898,#8805,#8806);
#7916=AXIS2_PLACEMENT_3D('',#10902,#8809,#8810);
#7917=AXIS2_PLACEMENT_3D('',#10904,#8812,#8813);
#7918=AXIS2_PLACEMENT_3D('',#10906,#8815,#8816);
#7919=AXIS2_PLACEMENT_3D('',#10907,#8817,#8818);
#7920=AXIS2_PLACEMENT_3D('',#10913,#8822,#8823);
#7921=AXIS2_PLACEMENT_3D('',#10917,#8826,#8827);
#7922=AXIS2_PLACEMENT_3D('',#10921,#8830,#8831);
#7923=AXIS2_PLACEMENT_3D('',#10925,#8834,#8835);
#7924=AXIS2_PLACEMENT_3D('',#10929,#8838,#8839);
#7925=AXIS2_PLACEMENT_3D('',#10930,#8840,#8841);
#7926=AXIS2_PLACEMENT_3D('',#10931,#8842,#8843);
#7927=AXIS2_PLACEMENT_3D('',#10932,#8844,#8845);
#7928=AXIS2_PLACEMENT_3D('',#10938,#8849,#8850);
#7929=AXIS2_PLACEMENT_3D('',#10941,#8852,#8853);
#7930=AXIS2_PLACEMENT_3D('',#10942,#8854,#8855);
#7931=AXIS2_PLACEMENT_3D('',#10946,#8858,#8859);
#7932=AXIS2_PLACEMENT_3D('',#10948,#8861,#8862);
#7933=AXIS2_PLACEMENT_3D('',#10950,#8864,#8865);
#7934=AXIS2_PLACEMENT_3D('',#10951,#8866,#8867);
#7935=AXIS2_PLACEMENT_3D('',#10957,#8871,#8872);
#7936=AXIS2_PLACEMENT_3D('',#10961,#8875,#8876);
#7937=AXIS2_PLACEMENT_3D('',#10965,#8879,#8880);
#7938=AXIS2_PLACEMENT_3D('',#10969,#8883,#8884);
#7939=AXIS2_PLACEMENT_3D('',#10973,#8887,#8888);
#7940=AXIS2_PLACEMENT_3D('',#10974,#8889,#8890);
#7941=AXIS2_PLACEMENT_3D('',#10975,#8891,#8892);
#7942=AXIS2_PLACEMENT_3D('',#10976,#8893,#8894);
#7943=AXIS2_PLACEMENT_3D('',#10985,#8899,#8900);
#7944=AXIS2_PLACEMENT_3D('',#10991,#8904,#8905);
#7945=AXIS2_PLACEMENT_3D('',#10994,#8908,#8909);
#7946=AXIS2_PLACEMENT_3D('',#10997,#8912,#8913);
#7947=AXIS2_PLACEMENT_3D('',#10998,#8914,#8915);
#7948=AXIS2_PLACEMENT_3D('',#10999,#8916,#8917);
#7949=AXIS2_PLACEMENT_3D('',#11005,#8921,#8922);
#7950=AXIS2_PLACEMENT_3D('',#11011,#8926,#8927);
#7951=AXIS2_PLACEMENT_3D('',#11017,#8931,#8932);
#7952=AXIS2_PLACEMENT_3D('',#11020,#8935,#8936);
#7953=AXIS2_PLACEMENT_3D('',#11021,#8937,#8938);
#7954=AXIS2_PLACEMENT_3D('',#11022,#8939,#8940);
#7955=AXIS2_PLACEMENT_3D('',#11023,#8941,#8942);
#7956=AXIS2_PLACEMENT_3D('',#11024,#8943,#8944);
#7957=AXIS2_PLACEMENT_3D('',#11027,#8945,#8946);
#7958=AXIS2_PLACEMENT_3D('',#11038,#8952,#8953);
#7959=AXIS2_PLACEMENT_3D('',#11039,#8954,#8955);
#7960=AXIS2_PLACEMENT_3D('',#11042,#8956,#8957);
#7961=AXIS2_PLACEMENT_3D('',#11053,#8963,#8964);
#7962=AXIS2_PLACEMENT_3D('',#11054,#8965,#8966);
#7963=AXIS2_PLACEMENT_3D('',#11056,#8967,#8968);
#7964=AXIS2_PLACEMENT_3D('',#11064,#8972,#8973);
#7965=AXIS2_PLACEMENT_3D('',#11068,#8975,#8976);
#7966=AXIS2_PLACEMENT_3D('',#11075,#8980,#8981);
#7967=AXIS2_PLACEMENT_3D('',#11078,#8983,#8984);
#7968=AXIS2_PLACEMENT_3D('',#11086,#8988,#8989);
#7969=AXIS2_PLACEMENT_3D('',#11089,#8991,#8992);
#7970=AXIS2_PLACEMENT_3D('',#11094,#8995,#8996);
#7971=AXIS2_PLACEMENT_3D('',#11102,#9000,#9001);
#7972=AXIS2_PLACEMENT_3D('',#11103,#9002,#9003);
#7973=AXIS2_PLACEMENT_3D('',#11104,#9004,#9005);
#7974=AXIS2_PLACEMENT_3D('',#11112,#9009,#9010);
#7975=AXIS2_PLACEMENT_3D('',#11117,#9013,#9014);
#7976=AXIS2_PLACEMENT_3D('',#11122,#9017,#9018);
#7977=AXIS2_PLACEMENT_3D('',#11130,#9022,#9023);
#7978=AXIS2_PLACEMENT_3D('',#11131,#9024,#9025);
#7979=AXIS2_PLACEMENT_3D('',#11134,#9027,#9028);
#7980=AXIS2_PLACEMENT_3D('',#11138,#9030,#9031);
#7981=AXIS2_PLACEMENT_3D('',#11142,#9033,#9034);
#7982=AXIS2_PLACEMENT_3D('',#11152,#9039,#9040);
#7983=AXIS2_PLACEMENT_3D('',#11156,#9042,#9043);
#7984=AXIS2_PLACEMENT_3D('',#11160,#9045,#9046);
#7985=AXIS2_PLACEMENT_3D('',#11163,#9048,#9049);
#7986=AXIS2_PLACEMENT_3D('',#11166,#9051,#9052);
#7987=AXIS2_PLACEMENT_3D('',#11170,#9054,#9055);
#7988=AXIS2_PLACEMENT_3D('',#11174,#9057,#9058);
#7989=AXIS2_PLACEMENT_3D('',#11184,#9063,#9064);
#7990=AXIS2_PLACEMENT_3D('',#11188,#9066,#9067);
#7991=AXIS2_PLACEMENT_3D('',#11192,#9069,#9070);
#7992=AXIS2_PLACEMENT_3D('',#11195,#9072,#9073);
#7993=AXIS2_PLACEMENT_3D('',#11198,#9075,#9076);
#7994=AXIS2_PLACEMENT_3D('',#11202,#9078,#9079);
#7995=AXIS2_PLACEMENT_3D('',#11206,#9081,#9082);
#7996=AXIS2_PLACEMENT_3D('',#11216,#9087,#9088);
#7997=AXIS2_PLACEMENT_3D('',#11220,#9090,#9091);
#7998=AXIS2_PLACEMENT_3D('',#11224,#9093,#9094);
#7999=AXIS2_PLACEMENT_3D('',#11227,#9096,#9097);
#8000=AXIS2_PLACEMENT_3D('',#11228,#9098,#9099);
#8001=AXIS2_PLACEMENT_3D('',#11235,#9103,#9104);
#8002=AXIS2_PLACEMENT_3D('',#11236,#9105,#9106);
#8003=AXIS2_PLACEMENT_3D('',#11237,#9107,#9108);
#8004=AXIS2_PLACEMENT_3D('',#11241,#9111,#9112);
#8005=AXIS2_PLACEMENT_3D('',#11242,#9113,#9114);
#8006=AXIS2_PLACEMENT_3D('',#11243,#9115,#9116);
#8007=AXIS2_PLACEMENT_3D('',#11252,#9120,#9121);
#8008=AXIS2_PLACEMENT_3D('',#11256,#9123,#9124);
#8009=AXIS2_PLACEMENT_3D('',#11260,#9126,#9127);
#8010=AXIS2_PLACEMENT_3D('',#11270,#9132,#9133);
#8011=AXIS2_PLACEMENT_3D('',#11274,#9135,#9136);
#8012=AXIS2_PLACEMENT_3D('',#11277,#9138,#9139);
#8013=AXIS2_PLACEMENT_3D('',#11278,#9140,#9141);
#8014=AXIS2_PLACEMENT_3D('',#11287,#9145,#9146);
#8015=AXIS2_PLACEMENT_3D('',#11291,#9148,#9149);
#8016=AXIS2_PLACEMENT_3D('',#11295,#9151,#9152);
#8017=AXIS2_PLACEMENT_3D('',#11305,#9157,#9158);
#8018=AXIS2_PLACEMENT_3D('',#11309,#9160,#9161);
#8019=AXIS2_PLACEMENT_3D('',#11312,#9163,#9164);
#8020=AXIS2_PLACEMENT_3D('',#11313,#9165,#9166);
#8021=AXIS2_PLACEMENT_3D('',#11322,#9170,#9171);
#8022=AXIS2_PLACEMENT_3D('',#11326,#9173,#9174);
#8023=AXIS2_PLACEMENT_3D('',#11330,#9176,#9177);
#8024=AXIS2_PLACEMENT_3D('',#11340,#9182,#9183);
#8025=AXIS2_PLACEMENT_3D('',#11344,#9185,#9186);
#8026=AXIS2_PLACEMENT_3D('',#11347,#9188,#9189);
#8027=AXIS2_PLACEMENT_3D('',#11360,#9196,#9197);
#8028=AXIS2_PLACEMENT_3D('',#11373,#9204,#9205);
#8029=AXIS2_PLACEMENT_3D('',#11386,#9212,#9213);
#8030=AXIS2_PLACEMENT_3D('',#11392,#9217,#9218);
#8031=AXIS2_PLACEMENT_3D('',#11398,#9222,#9223);
#8032=AXIS2_PLACEMENT_3D('',#11404,#9227,#9228);
#8033=AXIS2_PLACEMENT_3D('',#11414,#9234,#9235);
#8034=AXIS2_PLACEMENT_3D('',#11424,#9241,#9242);
#8035=AXIS2_PLACEMENT_3D('',#11434,#9248,#9249);
#8036=AXIS2_PLACEMENT_3D('',#11440,#9253,#9254);
#8037=AXIS2_PLACEMENT_3D('',#11446,#9258,#9259);
#8038=AXIS2_PLACEMENT_3D('',#11452,#9263,#9264);
#8039=AXIS2_PLACEMENT_3D('',#11462,#9270,#9271);
#8040=AXIS2_PLACEMENT_3D('',#11472,#9277,#9278);
#8041=AXIS2_PLACEMENT_3D('',#11482,#9284,#9285);
#8042=AXIS2_PLACEMENT_3D('',#11488,#9289,#9290);
#8043=AXIS2_PLACEMENT_3D('',#11494,#9294,#9295);
#8044=AXIS2_PLACEMENT_3D('',#11500,#9299,#9300);
#8045=AXIS2_PLACEMENT_3D('',#11510,#9306,#9307);
#8046=AXIS2_PLACEMENT_3D('',#11520,#9313,#9314);
#8047=AXIS2_PLACEMENT_3D('',#11530,#9320,#9321);
#8048=AXIS2_PLACEMENT_3D('',#11536,#9325,#9326);
#8049=AXIS2_PLACEMENT_3D('',#11542,#9330,#9331);
#8050=AXIS2_PLACEMENT_3D('',#11548,#9335,#9336);
#8051=AXIS2_PLACEMENT_3D('',#11558,#9342,#9343);
#8052=AXIS2_PLACEMENT_3D('',#11568,#9349,#9350);
#8053=AXIS2_PLACEMENT_3D('',#11578,#9356,#9357);
#8054=AXIS2_PLACEMENT_3D('',#11584,#9361,#9362);
#8055=AXIS2_PLACEMENT_3D('',#11590,#9366,#9367);
#8056=AXIS2_PLACEMENT_3D('',#11596,#9371,#9372);
#8057=AXIS2_PLACEMENT_3D('',#11606,#9378,#9379);
#8058=AXIS2_PLACEMENT_3D('',#11616,#9385,#9386);
#8059=AXIS2_PLACEMENT_3D('',#11626,#9392,#9393);
#8060=AXIS2_PLACEMENT_3D('',#11632,#9397,#9398);
#8061=AXIS2_PLACEMENT_3D('',#11638,#9402,#9403);
#8062=AXIS2_PLACEMENT_3D('',#11644,#9407,#9408);
#8063=AXIS2_PLACEMENT_3D('',#11654,#9414,#9415);
#8064=AXIS2_PLACEMENT_3D('',#11664,#9421,#9422);
#8065=AXIS2_PLACEMENT_3D('',#11674,#9428,#9429);
#8066=AXIS2_PLACEMENT_3D('',#11680,#9433,#9434);
#8067=AXIS2_PLACEMENT_3D('',#11686,#9438,#9439);
#8068=AXIS2_PLACEMENT_3D('',#11692,#9443,#9444);
#8069=AXIS2_PLACEMENT_3D('',#11702,#9450,#9451);
#8070=AXIS2_PLACEMENT_3D('',#11712,#9457,#9458);
#8071=AXIS2_PLACEMENT_3D('',#11722,#9464,#9465);
#8072=AXIS2_PLACEMENT_3D('',#11725,#9468,#9469);
#8073=AXIS2_PLACEMENT_3D('',#11728,#9472,#9473);
#8074=AXIS2_PLACEMENT_3D('',#11734,#9477,#9478);
#8075=AXIS2_PLACEMENT_3D('',#11740,#9482,#9483);
#8076=AXIS2_PLACEMENT_3D('',#11746,#9487,#9488);
#8077=AXIS2_PLACEMENT_3D('',#11755,#9493,#9494);
#8078=AXIS2_PLACEMENT_3D('',#11758,#9497,#9498);
#8079=AXIS2_PLACEMENT_3D('',#11761,#9501,#9502);
#8080=AXIS2_PLACEMENT_3D('',#11764,#9505,#9506);
#8081=AXIS2_PLACEMENT_3D('',#11777,#9513,#9514);
#8082=AXIS2_PLACEMENT_3D('',#11783,#9518,#9519);
#8083=AXIS2_PLACEMENT_3D('',#11793,#9525,#9526);
#8084=AXIS2_PLACEMENT_3D('',#11799,#9530,#9531);
#8085=AXIS2_PLACEMENT_3D('',#11809,#9537,#9538);
#8086=AXIS2_PLACEMENT_3D('',#11815,#9542,#9543);
#8087=AXIS2_PLACEMENT_3D('',#11825,#9549,#9550);
#8088=AXIS2_PLACEMENT_3D('',#11831,#9554,#9555);
#8089=AXIS2_PLACEMENT_3D('',#11841,#9561,#9562);
#8090=AXIS2_PLACEMENT_3D('',#11847,#9566,#9567);
#8091=AXIS2_PLACEMENT_3D('',#11857,#9573,#9574);
#8092=AXIS2_PLACEMENT_3D('',#11863,#9578,#9579);
#8093=AXIS2_PLACEMENT_3D('',#11873,#9585,#9586);
#8094=AXIS2_PLACEMENT_3D('',#11879,#9590,#9591);
#8095=AXIS2_PLACEMENT_3D('',#11889,#9597,#9598);
#8096=AXIS2_PLACEMENT_3D('',#11895,#9602,#9603);
#8097=AXIS2_PLACEMENT_3D('',#11896,#9604,#9605);
#8098=AXIS2_PLACEMENT_3D('',#11898,#9606,#9607);
#8099=AXIS2_PLACEMENT_3D('',#11903,#9610,#9611);
#8100=AXIS2_PLACEMENT_3D('',#11904,#9612,#9613);
#8101=AXIS2_PLACEMENT_3D('',#11908,#9616,#9617);
#8102=AXIS2_PLACEMENT_3D('',#11909,#9618,#9619);
#8103=AXIS2_PLACEMENT_3D('',#11915,#9622,#9623);
#8104=AXIS2_PLACEMENT_3D('',#11919,#9625,#9626);
#8105=AXIS2_PLACEMENT_3D('',#11923,#9628,#9629);
#8106=AXIS2_PLACEMENT_3D('',#11933,#9634,#9635);
#8107=AXIS2_PLACEMENT_3D('',#11937,#9637,#9638);
#8108=AXIS2_PLACEMENT_3D('',#11940,#9640,#9641);
#8109=AXIS2_PLACEMENT_3D('',#11941,#9642,#9643);
#8110=AXIS2_PLACEMENT_3D('',#11947,#9646,#9647);
#8111=AXIS2_PLACEMENT_3D('',#11951,#9649,#9650);
#8112=AXIS2_PLACEMENT_3D('',#11955,#9652,#9653);
#8113=AXIS2_PLACEMENT_3D('',#11965,#9658,#9659);
#8114=AXIS2_PLACEMENT_3D('',#11969,#9661,#9662);
#8115=AXIS2_PLACEMENT_3D('',#11972,#9664,#9665);
#8116=AXIS2_PLACEMENT_3D('',#11978,#9669,#9670);
#8117=AXIS2_PLACEMENT_3D('',#11981,#9673,#9674);
#8118=AXIS2_PLACEMENT_3D('',#11990,#9679,#9680);
#8119=AXIS2_PLACEMENT_3D('',#11999,#9685,#9686);
#8120=AXIS2_PLACEMENT_3D('',#12005,#9690,#9691);
#8121=AXIS2_PLACEMENT_3D('',#12007,#9693,#9694);
#8122=AXIS2_PLACEMENT_3D('',#12009,#9696,#9697);
#8123=AXIS2_PLACEMENT_3D('',#12011,#9699,#9700);
#8124=AXIS2_PLACEMENT_3D('',#12013,#9702,#9703);
#8125=AXIS2_PLACEMENT_3D('',#12019,#9707,#9708);
#8126=AXIS2_PLACEMENT_3D('',#12024,#9713,#9714);
#8127=AXIS2_PLACEMENT_3D('',#12025,#9715,#9716);
#8128=AXIS2_PLACEMENT_3D('',#12031,#9720,#9721);
#8129=AXIS2_PLACEMENT_3D('',#12033,#9723,#9724);
#8130=AXIS2_PLACEMENT_3D('',#12035,#9726,#9727);
#8131=AXIS2_PLACEMENT_3D('',#12037,#9729,#9730);
#8132=AXIS2_PLACEMENT_3D('',#12039,#9732,#9733);
#8133=AXIS2_PLACEMENT_3D('',#12045,#9737,#9738);
#8134=AXIS2_PLACEMENT_3D('',#12050,#9743,#9744);
#8135=AXIS2_PLACEMENT_3D('',#12051,#9745,#9746);
#8136=AXIS2_PLACEMENT_3D('',#12058,#9753,#9754);
#8137=AXIS2_PLACEMENT_3D('',#12065,#9761,#9762);
#8138=AXIS2_PLACEMENT_3D('',#12066,#9763,#9764);
#8139=AXIS2_PLACEMENT_3D('',#12067,#9765,#9766);
#8140=AXIS2_PLACEMENT_3D('',#12068,#9767,#9768);
#8141=AXIS2_PLACEMENT_3D('',#12069,#9769,#9770);
#8142=AXIS2_PLACEMENT_3D('',#12070,#9771,#9772);
#8143=AXIS2_PLACEMENT_3D('',#12071,#9773,#9774);
#8144=AXIS2_PLACEMENT_3D('',#12072,#9775,#9776);
#8145=AXIS2_PLACEMENT_3D('',#12073,#9777,#9778);
#8146=AXIS2_PLACEMENT_3D('',#12074,#9779,#9780);
#8147=AXIS2_PLACEMENT_3D('',#12075,#9781,#9782);
#8148=AXIS2_PLACEMENT_3D('',#12098,#9797,#9798);
#8149=AXIS2_PLACEMENT_3D('',#12121,#9813,#9814);
#8150=AXIS2_PLACEMENT_3D('',#12124,#9817,#9818);
#8151=AXIS2_PLACEMENT_3D('',#12125,#9819,#9820);
#8152=AXIS2_PLACEMENT_3D('',#12131,#9824,#9825);
#8153=AXIS2_PLACEMENT_3D('',#12137,#9829,#9830);
#8154=AXIS2_PLACEMENT_3D('',#12140,#9833,#9834);
#8155=AXIS2_PLACEMENT_3D('',#12146,#9838,#9839);
#8156=AXIS2_PLACEMENT_3D('',#12152,#9843,#9844);
#8157=AXIS2_PLACEMENT_3D('',#12155,#9847,#9848);
#8158=AXIS2_PLACEMENT_3D('',#12156,#9849,#9850);
#8159=AXIS2_PLACEMENT_3D('',#12157,#9851,#9852);
#8160=AXIS2_PLACEMENT_3D('',#12158,#9853,#9854);
#8161=AXIS2_PLACEMENT_3D('',#12159,#9855,#9856);
#8162=AXIS2_PLACEMENT_3D('',#12160,#9857,#9858);
#8163=AXIS2_PLACEMENT_3D('',#12161,#9859,#9860);
#8164=AXIS2_PLACEMENT_3D('',#12162,#9861,#9862);
#8165=AXIS2_PLACEMENT_3D('',#12169,#9869,#9870);
#8166=AXIS2_PLACEMENT_3D('',#12176,#9877,#9878);
#8167=AXIS2_PLACEMENT_3D('',#12177,#9879,#9880);
#8168=AXIS2_PLACEMENT_3D('',#12178,#9881,#9882);
#8169=AXIS2_PLACEMENT_3D('',#12179,#9883,#9884);
#8170=AXIS2_PLACEMENT_3D('',#12180,#9885,#9886);
#8171=AXIS2_PLACEMENT_3D('',#12181,#9887,#9888);
#8172=AXIS2_PLACEMENT_3D('',#12182,#9889,#9890);
#8173=AXIS2_PLACEMENT_3D('',#12183,#9891,#9892);
#8174=AXIS2_PLACEMENT_3D('',#12184,#9893,#9894);
#8175=AXIS2_PLACEMENT_3D('',#12185,#9895,#9896);
#8176=AXIS2_PLACEMENT_3D('',#12186,#9897,#9898);
#8177=AXIS2_PLACEMENT_3D('',#12188,#9900,#9901);
#8178=AXIS2_PLACEMENT_3D('',#12192,#9905,#9906);
#8179=AXIS2_PLACEMENT_3D('',#12193,#9907,#9908);
#8180=AXIS2_PLACEMENT_3D('',#12194,#9909,#9910);
#8181=AXIS2_PLACEMENT_3D('',#12195,#9911,#9912);
#8182=AXIS2_PLACEMENT_3D('',#12196,#9913,#9914);
#8183=AXIS2_PLACEMENT_3D('',#12198,#9916,#9917);
#8184=AXIS2_PLACEMENT_3D('',#12200,#9919,#9920);
#8185=AXIS2_PLACEMENT_3D('',#12202,#9922,#9923);
#8186=AXIS2_PLACEMENT_3D('',#12204,#9925,#9926);
#8187=AXIS2_PLACEMENT_3D('',#12206,#9928,#9929);
#8188=AXIS2_PLACEMENT_3D('',#12208,#9931,#9932);
#8189=AXIS2_PLACEMENT_3D('',#12210,#9934,#9935);
#8190=AXIS2_PLACEMENT_3D('',#12212,#9937,#9938);
#8191=AXIS2_PLACEMENT_3D('',#12214,#9940,#9941);
#8192=AXIS2_PLACEMENT_3D('',#12216,#9943,#9944);
#8193=AXIS2_PLACEMENT_3D('',#12218,#9946,#9947);
#8194=AXIS2_PLACEMENT_3D('',#12220,#9949,#9950);
#8195=AXIS2_PLACEMENT_3D('',#12222,#9952,#9953);
#8196=AXIS2_PLACEMENT_3D('',#12223,#9954,#9955);
#8197=AXIS2_PLACEMENT_3D('',#12225,#9957,#9958);
#8198=AXIS2_PLACEMENT_3D('',#12227,#9960,#9961);
#8199=AXIS2_PLACEMENT_3D('',#12229,#9963,#9964);
#8200=AXIS2_PLACEMENT_3D('',#12231,#9966,#9967);
#8201=AXIS2_PLACEMENT_3D('',#12233,#9969,#9970);
#8202=AXIS2_PLACEMENT_3D('',#12235,#9972,#9973);
#8203=AXIS2_PLACEMENT_3D('',#12237,#9975,#9976);
#8204=AXIS2_PLACEMENT_3D('',#12239,#9978,#9979);
#8205=AXIS2_PLACEMENT_3D('',#12241,#9981,#9982);
#8206=AXIS2_PLACEMENT_3D('',#12243,#9984,#9985);
#8207=AXIS2_PLACEMENT_3D('',#12245,#9987,#9988);
#8208=AXIS2_PLACEMENT_3D('',#12247,#9990,#9991);
#8209=AXIS2_PLACEMENT_3D('',#12249,#9993,#9994);
#8210=AXIS2_PLACEMENT_3D('',#12250,#9995,#9996);
#8211=AXIS2_PLACEMENT_3D('',#12251,#9997,#9998);
#8212=AXIS2_PLACEMENT_3D('',#12253,#10000,#10001);
#8213=AXIS2_PLACEMENT_3D('',#12255,#10003,#10004);
#8214=AXIS2_PLACEMENT_3D('',#12257,#10006,#10007);
#8215=AXIS2_PLACEMENT_3D('',#12259,#10009,#10010);
#8216=AXIS2_PLACEMENT_3D('',#12261,#10012,#10013);
#8217=AXIS2_PLACEMENT_3D('',#12263,#10015,#10016);
#8218=AXIS2_PLACEMENT_3D('',#12265,#10018,#10019);
#8219=AXIS2_PLACEMENT_3D('',#12267,#10021,#10022);
#8220=AXIS2_PLACEMENT_3D('',#12269,#10024,#10025);
#8221=AXIS2_PLACEMENT_3D('',#12271,#10027,#10028);
#8222=AXIS2_PLACEMENT_3D('',#12273,#10030,#10031);
#8223=AXIS2_PLACEMENT_3D('',#12275,#10033,#10034);
#8224=AXIS2_PLACEMENT_3D('',#12277,#10036,#10037);
#8225=AXIS2_PLACEMENT_3D('',#12278,#10038,#10039);
#8226=AXIS2_PLACEMENT_3D('',#12280,#10041,#10042);
#8227=AXIS2_PLACEMENT_3D('',#12282,#10044,#10045);
#8228=AXIS2_PLACEMENT_3D('',#12284,#10047,#10048);
#8229=AXIS2_PLACEMENT_3D('',#12286,#10050,#10051);
#8230=AXIS2_PLACEMENT_3D('',#12288,#10053,#10054);
#8231=AXIS2_PLACEMENT_3D('',#12290,#10056,#10057);
#8232=AXIS2_PLACEMENT_3D('',#12292,#10059,#10060);
#8233=AXIS2_PLACEMENT_3D('',#12294,#10062,#10063);
#8234=AXIS2_PLACEMENT_3D('',#12296,#10065,#10066);
#8235=AXIS2_PLACEMENT_3D('',#12298,#10068,#10069);
#8236=AXIS2_PLACEMENT_3D('',#12300,#10071,#10072);
#8237=AXIS2_PLACEMENT_3D('',#12302,#10074,#10075);
#8238=AXIS2_PLACEMENT_3D('',#12304,#10077,#10078);
#8239=AXIS2_PLACEMENT_3D('',#12305,#10079,#10080);
#8240=AXIS2_PLACEMENT_3D('',#12306,#10081,#10082);
#8241=AXIS2_PLACEMENT_3D('',#12307,#10083,#10084);
#8242=AXIS2_PLACEMENT_3D('',#12308,#10085,#10086);
#8243=AXIS2_PLACEMENT_3D('',#12309,#10087,#10088);
#8244=AXIS2_PLACEMENT_3D('',#12310,#10089,#10090);
#8245=AXIS2_PLACEMENT_3D('',#12311,#10091,#10092);
#8246=AXIS2_PLACEMENT_3D('',#12313,#10094,#10095);
#8247=AXIS2_PLACEMENT_3D('',#12314,#10096,#10097);
#8248=AXIS2_PLACEMENT_3D('',#12316,#10099,#10100);
#8249=AXIS2_PLACEMENT_3D('',#12317,#10101,#10102);
#8250=AXIS2_PLACEMENT_3D('',#12318,#10103,#10104);
#8251=AXIS2_PLACEMENT_3D('',#12327,#10109,#10110);
#8252=AXIS2_PLACEMENT_3D('',#12333,#10114,#10115);
#8253=AXIS2_PLACEMENT_3D('',#12339,#10119,#10120);
#8254=AXIS2_PLACEMENT_3D('',#12345,#10124,#10125);
#8255=AXIS2_PLACEMENT_3D('',#12351,#10129,#10130);
#8256=AXIS2_PLACEMENT_3D('',#12357,#10134,#10135);
#8257=AXIS2_PLACEMENT_3D('',#12363,#10139,#10140);
#8258=AXIS2_PLACEMENT_3D('',#12369,#10144,#10145);
#8259=AXIS2_PLACEMENT_3D('',#12375,#10149,#10150);
#8260=AXIS2_PLACEMENT_3D('',#12376,#10151,#10152);
#8261=AXIS2_PLACEMENT_3D('',#12380,#10154,#10155);
#8262=AXIS2_PLACEMENT_3D('',#12381,#10156,#10157);
#8263=AXIS2_PLACEMENT_3D('',#12387,#10161,#10162);
#8264=AXIS2_PLACEMENT_3D('',#12393,#10166,#10167);
#8265=AXIS2_PLACEMENT_3D('',#12399,#10171,#10172);
#8266=AXIS2_PLACEMENT_3D('',#12405,#10176,#10177);
#8267=AXIS2_PLACEMENT_3D('',#12411,#10181,#10182);
#8268=AXIS2_PLACEMENT_3D('',#12417,#10186,#10187);
#8269=AXIS2_PLACEMENT_3D('',#12423,#10191,#10192);
#8270=AXIS2_PLACEMENT_3D('',#12429,#10196,#10197);
#8271=AXIS2_PLACEMENT_3D('',#12435,#10201,#10202);
#8272=AXIS2_PLACEMENT_3D('',#12441,#10206,#10207);
#8273=AXIS2_PLACEMENT_3D('',#12442,#10208,#10209);
#8274=AXIS2_PLACEMENT_3D('',#12446,#10211,#10212);
#8275=AXIS2_PLACEMENT_3D('',#12447,#10213,#10214);
#8276=AXIS2_PLACEMENT_3D('',#12453,#10218,#10219);
#8277=AXIS2_PLACEMENT_3D('',#12459,#10223,#10224);
#8278=AXIS2_PLACEMENT_3D('',#12465,#10228,#10229);
#8279=AXIS2_PLACEMENT_3D('',#12471,#10233,#10234);
#8280=AXIS2_PLACEMENT_3D('',#12472,#10235,#10236);
#8281=AXIS2_PLACEMENT_3D('',#12476,#10238,#10239);
#8282=AXIS2_PLACEMENT_3D('',#12477,#10240,#10241);
#8283=AXIS2_PLACEMENT_3D('',#12480,#10244,#10245);
#8284=AXIS2_PLACEMENT_3D('',#12481,#10246,#10247);
#8285=AXIS2_PLACEMENT_3D('',#12482,#10248,#10249);
#8286=AXIS2_PLACEMENT_3D('',#12483,#10250,#10251);
#8287=DIRECTION('',(0.,0.,1.));
#8288=DIRECTION('',(1.,0.,0.));
#8289=DIRECTION('',(0.,1.,0.));
#8290=DIRECTION('',(0.,0.,1.));
#8291=DIRECTION('',(0.,0.,1.));
#8292=DIRECTION('',(1.,0.,0.));
#8293=DIRECTION('',(0.,0.,-1.));
#8294=DIRECTION('',(-1.,0.,0.));
#8295=DIRECTION('',(0.,0.,-1.));
#8296=DIRECTION('',(1.,0.,0.));
#8297=DIRECTION('',(0.,0.,1.));
#8298=DIRECTION('',(-1.,0.,0.));
#8299=DIRECTION('',(0.,0.,-1.));
#8300=DIRECTION('',(1.,0.,0.));
#8301=DIRECTION('',(0.,0.,1.));
#8302=DIRECTION('',(-1.,0.,0.));
#8303=DIRECTION('',(0.,0.,1.));
#8304=DIRECTION('',(1.,0.,0.));
#8305=DIRECTION('',(0.,0.,-1.));
#8306=DIRECTION('',(-1.,0.,0.));
#8307=DIRECTION('',(0.,0.,-1.));
#8308=DIRECTION('',(1.,0.,0.));
#8309=DIRECTION('',(0.,0.,-1.));
#8310=DIRECTION('',(1.,0.,0.));
#8311=DIRECTION('',(0.,0.,1.));
#8312=DIRECTION('',(1.,0.,0.));
#8313=DIRECTION('',(0.,0.,1.));
#8314=DIRECTION('',(-1.,0.,0.));
#8315=DIRECTION('',(0.,0.,-1.));
#8316=DIRECTION('',(1.,0.,0.));
#8317=DIRECTION('',(0.,0.,-1.));
#8318=DIRECTION('',(1.,0.,0.));
#8319=DIRECTION('',(0.,0.,1.));
#8320=DIRECTION('',(1.,0.,0.));
#8321=DIRECTION('',(0.,0.,1.));
#8322=DIRECTION('',(-1.,0.,0.));
#8323=DIRECTION('',(1.,0.,0.));
#8324=DIRECTION('',(0.,0.,-1.));
#8325=DIRECTION('',(0.,0.,-1.));
#8326=DIRECTION('',(0.,1.,0.));
#8327=DIRECTION('',(0.,0.,-1.));
#8328=DIRECTION('',(0.,1.,0.));
#8329=DIRECTION('',(0.,-1.,0.));
#8330=DIRECTION('',(0.,-1.,0.));
#8331=DIRECTION('',(0.,0.,-1.));
#8332=DIRECTION('',(0.,-1.,0.));
#8333=DIRECTION('',(0.,0.,1.));
#8334=DIRECTION('',(0.,-1.,0.));
#8335=DIRECTION('',(0.,0.,1.));
#8336=DIRECTION('',(-1.,0.,0.));
#8337=DIRECTION('',(0.,0.,1.));
#8338=DIRECTION('',(0.,0.,-1.));
#8339=DIRECTION('',(0.,-1.,0.));
#8340=DIRECTION('',(0.,0.,-1.));
#8341=DIRECTION('',(0.,-1.,0.));
#8342=DIRECTION('',(0.,-1.,0.));
#8343=DIRECTION('',(0.,0.,-1.));
#8344=DIRECTION('',(0.,-1.,0.));
#8345=DIRECTION('',(0.,0.,-1.));
#8346=DIRECTION('',(0.,-1.,0.));
#8347=DIRECTION('',(0.,0.,-1.));
#8348=DIRECTION('',(0.,-1.,0.));
#8349=DIRECTION('',(0.,0.,1.));
#8350=DIRECTION('',(1.,0.,0.));
#8351=DIRECTION('',(0.,-1.,0.));
#8352=DIRECTION('',(-1.,0.,0.));
#8353=DIRECTION('',(0.,-1.,0.));
#8354=DIRECTION('',(-5.79399958576088E-17,-1.,0.));
#8355=DIRECTION('',(-1.,0.,0.));
#8356=DIRECTION('',(6.05276858331056E-17,-1.,0.));
#8357=DIRECTION('',(-6.80936465622438E-17,-1.,0.));
#8358=DIRECTION('',(-1.,0.,0.));
#8359=DIRECTION('',(5.79399958576088E-17,-1.,0.));
#8360=DIRECTION('',(0.,-1.,0.));
#8361=DIRECTION('',(-1.,0.,0.));
#8362=DIRECTION('',(0.,-1.,0.));
#8363=DIRECTION('',(-1.,0.,0.));
#8364=DIRECTION('',(1.39897054514259E-16,0.,-1.));
#8365=DIRECTION('',(-1.,0.,-1.39897054514259E-16));
#8366=DIRECTION('',(-1.,0.,0.));
#8367=DIRECTION('',(0.,1.,0.));
#8368=DIRECTION('',(-1.,0.,-1.39897054514259E-16));
#8369=DIRECTION('',(0.,-1.,0.));
#8370=DIRECTION('',(1.,0.,1.39897054514259E-16));
#8371=DIRECTION('',(0.,-1.,0.));
#8372=DIRECTION('',(-1.,0.,-1.39897054514259E-16));
#8373=DIRECTION('',(-1.17552583585878E-16,-1.,-1.64452601942056E-32));
#8374=DIRECTION('',(1.39897054514259E-16,0.,-1.));
#8375=DIRECTION('',(-1.,0.,-1.39897054514259E-16));
#8376=DIRECTION('',(-1.,0.,0.));
#8377=DIRECTION('',(-1.17552583585878E-16,1.,-1.64452601942056E-32));
#8378=DIRECTION('',(-1.,0.,-1.39897054514259E-16));
#8379=DIRECTION('',(0.,-1.,0.));
#8380=DIRECTION('',(1.,0.,1.39897054514259E-16));
#8381=DIRECTION('',(0.,-1.,0.));
#8382=DIRECTION('',(-1.,0.,-1.39897054514259E-16));
#8383=DIRECTION('',(0.,-1.,0.));
#8384=DIRECTION('',(1.,0.,0.));
#8385=DIRECTION('',(0.,0.,-1.));
#8386=DIRECTION('',(0.,-1.,0.));
#8387=DIRECTION('',(0.,0.,1.));
#8388=DIRECTION('',(0.,-1.,0.));
#8389=DIRECTION('',(0.,0.,1.));
#8390=DIRECTION('',(0.,0.,1.));
#8391=DIRECTION('',(1.,0.,0.));
#8392=DIRECTION('',(-1.,0.,0.));
#8393=DIRECTION('',(0.,-1.,0.));
#8394=DIRECTION('',(-1.,0.,0.));
#8395=DIRECTION('',(0.,-1.,0.));
#8396=DIRECTION('',(-1.,0.,0.));
#8397=DIRECTION('',(0.,0.,1.));
#8398=DIRECTION('',(0.,0.,-1.));
#8399=DIRECTION('',(0.,1.,0.));
#8400=DIRECTION('',(0.,0.,-1.));
#8401=DIRECTION('',(0.,0.,-1.));
#8402=DIRECTION('',(0.,1.,0.));
#8403=DIRECTION('',(0.,0.,-1.));
#8404=DIRECTION('',(0.,1.,0.));
#8405=DIRECTION('',(0.,0.,-1.));
#8406=DIRECTION('',(0.,0.,1.));
#8407=DIRECTION('',(0.,1.,0.));
#8408=DIRECTION('',(0.,1.,0.));
#8409=DIRECTION('',(0.,0.,1.));
#8410=DIRECTION('',(1.,0.,0.));
#8411=DIRECTION('',(-1.,0.,0.));
#8412=DIRECTION('',(0.,-1.,0.));
#8413=DIRECTION('',(-1.,0.,0.));
#8414=DIRECTION('',(0.,-1.,0.));
#8415=DIRECTION('',(-1.,0.,0.));
#8416=DIRECTION('',(0.,0.,1.));
#8417=DIRECTION('',(0.,0.,-1.));
#8418=DIRECTION('',(4.40822188447044E-17,1.,0.));
#8419=DIRECTION('',(0.,0.,-1.));
#8420=DIRECTION('',(0.,0.,-1.));
#8421=DIRECTION('',(0.,1.,0.));
#8422=DIRECTION('',(0.,0.,-1.));
#8423=DIRECTION('',(0.,1.,0.));
#8424=DIRECTION('',(0.,0.,-1.));
#8425=DIRECTION('',(0.,0.,1.));
#8426=DIRECTION('',(2.93881458964696E-17,1.,0.));
#8427=DIRECTION('',(0.,1.,0.));
#8428=DIRECTION('',(-1.,0.,0.));
#8429=DIRECTION('',(0.,0.,1.));
#8430=DIRECTION('',(0.,-1.,0.));
#8431=DIRECTION('',(0.,0.,-1.));
#8432=DIRECTION('',(0.,-1.,0.));
#8433=DIRECTION('',(0.,0.,-1.));
#8434=DIRECTION('',(1.,0.,0.));
#8435=DIRECTION('',(0.,0.,-1.));
#8436=DIRECTION('',(0.,0.,1.));
#8437=DIRECTION('',(0.,-1.,0.));
#8438=DIRECTION('',(0.,-1.,0.));
#8439=DIRECTION('',(0.,0.,1.));
#8440=DIRECTION('',(0.,0.,1.));
#8441=DIRECTION('',(0.,-1.,0.));
#8442=DIRECTION('',(0.,0.,1.));
#8443=DIRECTION('',(0.,-1.,0.));
#8444=DIRECTION('',(0.,0.,1.));
#8445=DIRECTION('',(0.,0.,-1.));
#8446=DIRECTION('',(4.40822188447044E-17,-1.,0.));
#8447=DIRECTION('',(1.,0.,0.));
#8448=DIRECTION('',(0.,0.,-1.));
#8449=DIRECTION('',(0.,0.,1.));
#8450=DIRECTION('',(0.,-1.,0.));
#8451=DIRECTION('',(0.,-1.,0.));
#8452=DIRECTION('',(0.,0.,1.));
#8453=DIRECTION('',(0.,0.,1.));
#8454=DIRECTION('',(0.,-1.,0.));
#8455=DIRECTION('',(0.,0.,1.));
#8456=DIRECTION('',(0.,-1.,0.));
#8457=DIRECTION('',(0.,0.,1.));
#8458=DIRECTION('',(0.,0.,-1.));
#8459=DIRECTION('',(0.,-1.,0.));
#8460=DIRECTION('',(0.,0.,1.));
#8461=DIRECTION('',(1.,0.,0.));
#8462=DIRECTION('',(0.,-1.,0.));
#8463=DIRECTION('',(-1.,0.,0.));
#8464=DIRECTION('',(-1.,0.,0.));
#8465=DIRECTION('',(0.,0.,-1.));
#8466=DIRECTION('',(-1.,0.,0.));
#8467=DIRECTION('',(-1.,0.,0.));
#8468=DIRECTION('',(1.,0.,0.));
#8469=DIRECTION('',(0.,0.,1.));
#8470=DIRECTION('',(1.,0.,0.));
#8471=DIRECTION('',(-1.,0.,0.));
#8472=DIRECTION('',(0.,-1.,0.));
#8473=DIRECTION('',(-1.,0.,0.));
#8474=DIRECTION('',(-1.,0.,0.));
#8475=DIRECTION('',(0.,0.,1.));
#8476=DIRECTION('',(0.,0.,-1.));
#8477=DIRECTION('',(0.,0.,-1.));
#8478=DIRECTION('',(0.,0.,1.));
#8479=DIRECTION('',(1.,0.,0.));
#8480=DIRECTION('',(-1.,0.,0.));
#8481=DIRECTION('',(0.,-1.,0.));
#8482=DIRECTION('',(-1.,0.,0.));
#8483=DIRECTION('',(0.,1.,0.));
#8484=DIRECTION('',(-1.,0.,0.));
#8485=DIRECTION('',(-1.,0.,0.));
#8486=DIRECTION('',(0.,0.,1.));
#8487=DIRECTION('',(0.,0.,-1.));
#8488=DIRECTION('',(0.,-1.,0.));
#8489=DIRECTION('',(0.,0.,-1.));
#8490=DIRECTION('',(1.44560289664734E-16,0.,-1.));
#8491=DIRECTION('',(-1.,0.,-1.44560289664734E-16));
#8492=DIRECTION('',(1.,0.,1.44560289664734E-16));
#8493=DIRECTION('',(0.,-1.,0.));
#8494=DIRECTION('',(1.,0.,1.44560289664734E-16));
#8495=DIRECTION('',(-1.,0.,0.));
#8496=DIRECTION('',(0.,0.,1.));
#8497=DIRECTION('',(0.,0.,-1.));
#8498=DIRECTION('',(0.,-1.,0.));
#8499=DIRECTION('',(0.,0.,-1.));
#8500=DIRECTION('',(1.,0.,0.));
#8501=DIRECTION('',(0.,0.,-1.));
#8502=DIRECTION('',(0.,0.,1.));
#8503=DIRECTION('',(0.,-1.,0.));
#8504=DIRECTION('',(0.,0.,1.));
#8505=DIRECTION('',(0.,-1.,0.));
#8506=DIRECTION('',(0.,0.,1.));
#8507=DIRECTION('',(1.,0.,0.));
#8508=DIRECTION('',(-1.,0.,0.));
#8509=DIRECTION('',(-1.,0.,0.));
#8510=DIRECTION('',(0.,1.,0.));
#8511=DIRECTION('',(-1.,0.,0.));
#8512=DIRECTION('',(0.,0.,-1.));
#8513=DIRECTION('',(-1.,0.,0.));
#8514=DIRECTION('',(1.,0.,0.));
#8515=DIRECTION('',(0.,-1.,0.));
#8516=DIRECTION('',(1.,0.,0.));
#8517=DIRECTION('',(0.,1.,0.));
#8518=DIRECTION('',(1.,0.,0.));
#8519=DIRECTION('',(1.,0.,0.));
#8520=DIRECTION('',(0.,0.,-1.));
#8521=DIRECTION('',(0.,0.,1.));
#8522=DIRECTION('',(0.,-1.,0.));
#8523=DIRECTION('',(0.,0.,1.));
#8524=DIRECTION('',(0.,0.,-1.));
#8525=DIRECTION('',(-1.,0.,0.));
#8526=DIRECTION('',(1.,0.,0.));
#8527=DIRECTION('',(1.,0.,0.));
#8528=DIRECTION('',(0.,1.,0.));
#8529=DIRECTION('',(1.,0.,0.));
#8530=DIRECTION('',(1.44560289664734E-16,0.,-1.));
#8531=DIRECTION('',(-1.,0.,-1.44560289664734E-16));
#8532=DIRECTION('',(1.,0.,1.44560289664734E-16));
#8533=DIRECTION('',(1.,0.,1.44560289664734E-16));
#8534=DIRECTION('',(1.,0.,0.));
#8535=DIRECTION('',(0.,0.,-1.));
#8536=DIRECTION('',(0.,0.,1.));
#8537=DIRECTION('',(0.,0.,1.));
#8538=DIRECTION('',(0.,1.,0.));
#8539=DIRECTION('',(0.,0.,1.));
#8540=DIRECTION('',(1.73472347597681E-16,0.,1.));
#8541=DIRECTION('',(0.,0.,1.));
#8542=DIRECTION('',(-1.,0.,0.));
#8543=DIRECTION('',(0.,0.,-1.));
#8544=DIRECTION('',(1.73472347597681E-16,0.,-1.));
#8545=DIRECTION('',(1.,0.,0.));
#8546=DIRECTION('',(-1.,0.,1.73472347597681E-16));
#8547=DIRECTION('',(1.73472347597681E-16,0.,1.));
#8548=DIRECTION('',(0.,1.,0.));
#8549=DIRECTION('',(1.73472347597681E-16,0.,1.));
#8550=DIRECTION('',(0.,0.,1.));
#8551=DIRECTION('',(1.,0.,0.));
#8552=DIRECTION('',(0.,1.,0.));
#8553=DIRECTION('',(1.,0.,0.));
#8554=DIRECTION('',(1.,0.,1.73472347597681E-16));
#8555=DIRECTION('',(1.73472347597681E-16,0.,-1.));
#8556=DIRECTION('',(1.73472347597681E-16,0.,-1.));
#8557=DIRECTION('',(1.,0.,0.));
#8558=DIRECTION('',(0.,0.,-1.));
#8559=DIRECTION('',(0.,1.,0.));
#8560=DIRECTION('',(0.,0.,-1.));
#8561=DIRECTION('',(0.,0.,-1.));
#8562=DIRECTION('',(-1.,0.,0.));
#8563=DIRECTION('',(0.,1.,0.));
#8564=DIRECTION('',(-1.,0.,0.));
#8565=DIRECTION('',(-1.,0.,0.));
#8566=DIRECTION('',(0.,0.,1.));
#8567=DIRECTION('',(0.,0.,1.));
#8568=DIRECTION('',(0.,1.,0.));
#8569=DIRECTION('',(0.,0.,1.));
#8570=DIRECTION('',(1.,0.,0.));
#8571=DIRECTION('',(0.,0.,-1.));
#8572=DIRECTION('',(1.,0.,0.));
#8573=DIRECTION('',(1.,0.,0.));
#8574=DIRECTION('',(0.,0.,1.));
#8575=DIRECTION('',(1.,0.,0.));
#8576=DIRECTION('',(1.,0.,0.));
#8577=DIRECTION('',(0.,0.,-1.));
#8578=DIRECTION('',(1.,0.,0.));
#8579=DIRECTION('',(1.,0.,0.));
#8580=DIRECTION('',(0.,0.,1.));
#8581=DIRECTION('',(1.,0.,0.));
#8582=DIRECTION('',(0.,0.,1.));
#8583=DIRECTION('',(1.,0.,0.));
#8584=DIRECTION('',(-1.,0.,0.));
#8585=DIRECTION('',(-1.17552583585878E-16,-1.,0.));
#8586=DIRECTION('',(-1.,0.,0.));
#8587=DIRECTION('',(1.,-1.17552583585878E-16,0.));
#8588=DIRECTION('',(1.17552583585878E-16,1.,0.));
#8589=DIRECTION('',(0.,0.,1.));
#8590=DIRECTION('',(0.,0.,-1.));
#8591=DIRECTION('',(0.,-1.,0.));
#8592=DIRECTION('',(0.,0.,-1.));
#8593=DIRECTION('',(0.,0.,1.));
#8594=DIRECTION('',(1.,0.,0.));
#8595=DIRECTION('',(0.,1.,0.));
#8596=DIRECTION('',(-1.,0.,0.));
#8597=DIRECTION('',(-1.,0.,0.));
#8598=DIRECTION('',(-1.,0.,0.));
#8599=DIRECTION('',(0.,0.,1.));
#8600=DIRECTION('',(0.,0.,-1.));
#8601=DIRECTION('',(0.,0.,-1.));
#8602=DIRECTION('',(0.,-1.,0.));
#8603=DIRECTION('',(0.,0.,-1.));
#8604=DIRECTION('',(0.,0.,1.));
#8605=DIRECTION('',(1.,0.,0.));
#8606=DIRECTION('',(-1.,0.,0.));
#8607=DIRECTION('',(0.,-1.,0.));
#8608=DIRECTION('',(-1.,0.,0.));
#8609=DIRECTION('',(1.,0.,0.));
#8610=DIRECTION('',(0.,0.,-1.));
#8611=DIRECTION('',(0.,0.,1.));
#8612=DIRECTION('',(0.,0.,-1.));
#8613=DIRECTION('',(0.,-1.,0.));
#8614=DIRECTION('',(0.,0.,-1.));
#8615=DIRECTION('',(0.,0.,1.));
#8616=DIRECTION('',(1.,0.,0.));
#8617=DIRECTION('',(-1.17552583585878E-16,1.,0.));
#8618=DIRECTION('',(-1.,0.,0.));
#8619=DIRECTION('',(-1.,0.,0.));
#8620=DIRECTION('',(0.,-1.,0.));
#8621=DIRECTION('',(0.,0.,-1.));
#8622=DIRECTION('',(0.,0.,-1.));
#8623=DIRECTION('',(-1.,-1.17552583585878E-16,0.));
#8624=DIRECTION('',(1.17552583585878E-16,-1.,0.));
#8625=DIRECTION('',(0.,0.,-1.));
#8626=DIRECTION('',(0.,1.,0.));
#8627=DIRECTION('',(0.,0.,1.));
#8628=DIRECTION('',(-1.,0.,0.));
#8629=DIRECTION('',(0.,0.,1.));
#8630=DIRECTION('',(1.,0.,0.));
#8631=DIRECTION('',(0.,0.,1.));
#8632=DIRECTION('',(1.,0.,0.));
#8633=DIRECTION('',(-1.,0.,0.));
#8634=DIRECTION('',(0.,1.,0.));
#8635=DIRECTION('',(0.,0.,1.));
#8636=DIRECTION('',(0.,0.,1.));
#8637=DIRECTION('',(1.,0.,0.));
#8638=DIRECTION('',(0.,1.,0.));
#8639=DIRECTION('',(1.,0.,0.));
#8640=DIRECTION('',(0.,0.,1.));
#8641=DIRECTION('',(1.,0.,0.));
#8642=DIRECTION('',(1.,0.,0.));
#8643=DIRECTION('',(0.,1.,0.));
#8644=DIRECTION('',(-1.,0.,0.));
#8645=DIRECTION('',(0.,0.,1.));
#8646=DIRECTION('',(0.,0.,-1.));
#8647=DIRECTION('',(0.,1.,0.));
#8648=DIRECTION('',(0.,0.,1.));
#8649=DIRECTION('',(0.,0.,1.));
#8650=DIRECTION('',(1.,0.,0.));
#8651=DIRECTION('',(-2.35991113345052E-17,-1.,0.));
#8652=DIRECTION('',(1.,0.,0.));
#8653=DIRECTION('',(0.,0.,1.));
#8654=DIRECTION('',(1.,0.,0.));
#8655=DIRECTION('',(1.,0.,0.));
#8656=DIRECTION('',(-2.35991113345052E-17,-1.,0.));
#8657=DIRECTION('',(1.,-2.35991113345052E-17,0.));
#8658=DIRECTION('',(2.35991113345052E-17,1.,0.));
#8659=DIRECTION('',(0.,0.,-1.));
#8660=DIRECTION('',(0.,1.,0.));
#8661=DIRECTION('',(0.,0.,1.));
#8662=DIRECTION('',(0.,0.,1.));
#8663=DIRECTION('',(1.,0.,0.));
#8664=DIRECTION('',(0.,1.,0.));
#8665=DIRECTION('',(1.,0.,0.));
#8666=DIRECTION('',(0.,0.,1.));
#8667=DIRECTION('',(1.,0.,0.));
#8668=DIRECTION('',(1.,0.,0.));
#8669=DIRECTION('',(0.,1.,0.));
#8670=DIRECTION('',(-1.,0.,0.));
#8671=DIRECTION('',(0.,0.,1.));
#8672=DIRECTION('',(0.,0.,-1.));
#8673=DIRECTION('',(0.,1.,0.));
#8674=DIRECTION('',(0.,0.,1.));
#8675=DIRECTION('',(0.,0.,1.));
#8676=DIRECTION('',(1.,0.,0.));
#8677=DIRECTION('',(1.,0.,0.));
#8678=DIRECTION('',(-8.95248736118495E-17,-1.,0.));
#8679=DIRECTION('',(0.,0.,1.));
#8680=DIRECTION('',(1.,0.,0.));
#8681=DIRECTION('',(-8.95248736118495E-17,-1.,0.));
#8682=DIRECTION('',(1.,0.,0.));
#8683=DIRECTION('',(1.,-8.95248736118495E-17,0.));
#8684=DIRECTION('',(8.95248736118495E-17,1.,0.));
#8685=DIRECTION('',(0.,0.,-1.));
#8686=DIRECTION('',(0.,1.,0.));
#8687=DIRECTION('',(0.,0.,1.));
#8688=DIRECTION('',(0.,0.,-1.));
#8689=DIRECTION('',(-1.,0.,0.));
#8690=DIRECTION('',(0.,1.,0.));
#8691=DIRECTION('',(1.,0.,0.));
#8692=DIRECTION('',(0.,0.,-1.));
#8693=DIRECTION('',(-1.,0.,0.));
#8694=DIRECTION('',(1.,0.,0.));
#8695=DIRECTION('',(0.,-1.,0.));
#8696=DIRECTION('',(-1.,1.52062015776368E-16,0.));
#8697=DIRECTION('',(0.,1.,0.));
#8698=DIRECTION('',(1.,0.,0.));
#8699=DIRECTION('',(0.,0.,-1.));
#8700=DIRECTION('',(-1.,0.,0.));
#8701=DIRECTION('',(1.,0.,0.));
#8702=DIRECTION('',(0.,-1.,0.));
#8703=DIRECTION('',(-1.,-1.21649612621094E-16,0.));
#8704=DIRECTION('',(-1.,0.,0.));
#8705=DIRECTION('',(0.,1.,0.));
#8706=DIRECTION('',(-1.,0.,0.));
#8707=DIRECTION('',(0.,-1.,0.));
#8708=DIRECTION('',(-1.,0.,0.));
#8709=DIRECTION('',(0.,0.,-1.));
#8710=DIRECTION('',(-1.,0.,0.));
#8711=DIRECTION('',(-1.,0.,0.));
#8712=DIRECTION('',(0.,1.,0.));
#8713=DIRECTION('',(-1.,0.,0.));
#8714=DIRECTION('',(0.,1.,0.));
#8715=DIRECTION('',(1.,0.,0.));
#8716=DIRECTION('',(0.,-1.,0.));
#8717=DIRECTION('',(0.,1.,0.));
#8718=DIRECTION('',(1.,0.,0.));
#8719=DIRECTION('',(0.,-1.,0.));
#8720=DIRECTION('',(-1.,0.,0.));
#8721=DIRECTION('',(0.,-1.,0.));
#8722=DIRECTION('',(-1.,0.,0.));
#8723=DIRECTION('',(0.,0.,-1.));
#8724=DIRECTION('',(-1.,0.,0.));
#8725=DIRECTION('',(0.,1.,0.));
#8726=DIRECTION('',(0.,0.,1.));
#8727=DIRECTION('',(0.,0.,1.));
#8728=DIRECTION('',(-1.,0.,0.));
#8729=DIRECTION('',(0.,0.,1.));
#8730=DIRECTION('',(0.,0.,1.));
#8731=DIRECTION('',(-1.,0.,0.));
#8732=DIRECTION('',(0.,0.,1.));
#8733=DIRECTION('',(1.,0.,0.));
#8734=DIRECTION('',(0.,0.,-1.));
#8735=DIRECTION('',(0.,0.,1.));
#8736=DIRECTION('',(0.,1.,0.));
#8737=DIRECTION('',(-1.,0.,0.));
#8738=DIRECTION('',(0.,0.,1.));
#8739=DIRECTION('',(0.,-1.,0.));
#8740=DIRECTION('',(0.,0.,1.));
#8741=DIRECTION('',(0.,1.,0.));
#8742=DIRECTION('',(0.,0.,1.));
#8743=DIRECTION('',(-1.,0.,0.));
#8744=DIRECTION('',(-1.,0.,0.));
#8745=DIRECTION('',(0.,0.,1.));
#8746=DIRECTION('',(1.,0.,0.));
#8747=DIRECTION('',(0.,0.,1.));
#8748=DIRECTION('',(1.,0.,0.));
#8749=DIRECTION('',(0.,0.,1.));
#8750=DIRECTION('',(1.,0.,0.));
#8751=DIRECTION('',(0.,1.,0.));
#8752=DIRECTION('',(-1.,0.,0.));
#8753=DIRECTION('',(0.,0.,1.));
#8754=DIRECTION('',(1.,0.,0.));
#8755=DIRECTION('',(-1.,0.,0.));
#8756=DIRECTION('',(0.,-1.,0.));
#8757=DIRECTION('',(1.,0.,0.));
#8758=DIRECTION('',(0.,0.,-1.));
#8759=DIRECTION('',(0.,0.,1.));
#8760=DIRECTION('',(0.,1.,0.));
#8761=DIRECTION('',(0.,0.,1.));
#8762=DIRECTION('',(0.,0.,1.));
#8763=DIRECTION('',(-1.,0.,0.));
#8764=DIRECTION('',(0.,0.,1.));
#8765=DIRECTION('',(-1.,6.80936465622438E-17,0.));
#8766=DIRECTION('',(-6.80936465622438E-17,-1.,0.));
#8767=DIRECTION('',(6.80936465622438E-17,1.,0.));
#8768=DIRECTION('',(0.,0.,-1.));
#8769=DIRECTION('',(1.,5.79399958576088E-17,0.));
#8770=DIRECTION('',(-5.79399958576088E-17,1.,0.));
#8771=DIRECTION('',(0.,0.,-1.));
#8772=DIRECTION('',(5.79399958576088E-17,-1.,0.));
#8773=DIRECTION('',(0.,-1.,0.));
#8774=DIRECTION('',(0.,0.,-1.));
#8775=DIRECTION('',(-1.,0.,0.));
#8776=DIRECTION('',(0.,0.,1.));
#8777=DIRECTION('',(1.,0.,0.));
#8778=DIRECTION('',(0.,0.,1.));
#8779=DIRECTION('',(1.,0.,0.));
#8780=DIRECTION('',(6.05276858331056E-17,-1.,0.));
#8781=DIRECTION('',(-1.,0.,0.));
#8782=DIRECTION('',(5.79399958576088E-17,1.,0.));
#8783=DIRECTION('',(-1.,5.79399958576088E-17,0.));
#8784=DIRECTION('',(-5.79399958576088E-17,-1.,0.));
#8785=DIRECTION('',(0.,0.,-1.));
#8786=DIRECTION('',(1.,6.05276858331056E-17,0.));
#8787=DIRECTION('',(-6.05276858331056E-17,1.,0.));
#8788=DIRECTION('',(0.,0.,-1.));
#8789=DIRECTION('',(0.,-1.,0.));
#8790=DIRECTION('',(0.,0.,-1.));
#8791=DIRECTION('',(0.,1.,0.));
#8792=DIRECTION('',(0.,0.,1.));
#8793=DIRECTION('',(0.,1.,0.));
#8794=DIRECTION('',(0.,0.,1.));
#8795=DIRECTION('',(0.,-1.,0.));
#8796=DIRECTION('',(0.,0.,-1.));
#8797=DIRECTION('',(0.,0.,1.));
#8798=DIRECTION('',(1.,0.,0.));
#8799=DIRECTION('',(0.,0.,1.));
#8800=DIRECTION('',(0.,0.,1.));
#8801=DIRECTION('',(1.,0.,0.));
#8802=DIRECTION('',(0.,0.,1.));
#8803=DIRECTION('',(0.,0.,1.));
#8804=DIRECTION('',(1.,0.,0.));
#8805=DIRECTION('',(0.,-1.,0.));
#8806=DIRECTION('',(0.,0.,-1.));
#8807=DIRECTION('',(0.,0.,1.));
#8808=DIRECTION('',(1.,0.,0.));
#8809=DIRECTION('',(-1.,0.,0.));
#8810=DIRECTION('',(0.,0.,1.));
#8811=DIRECTION('',(0.,-1.,0.));
#8812=DIRECTION('',(1.,0.,0.));
#8813=DIRECTION('',(0.,0.,-1.));
#8814=DIRECTION('',(0.,1.,0.));
#8815=DIRECTION('',(0.,0.,1.));
#8816=DIRECTION('',(1.,0.,0.));
#8817=DIRECTION('',(0.,1.,0.));
#8818=DIRECTION('',(0.,0.,1.));
#8819=DIRECTION('',(0.,0.,1.));
#8820=DIRECTION('',(-1.,0.,0.));
#8821=DIRECTION('',(0.,0.,1.));
#8822=DIRECTION('',(-1.,0.,0.));
#8823=DIRECTION('',(0.,0.,1.));
#8824=DIRECTION('',(0.,0.,1.));
#8825=DIRECTION('',(0.,-1.,0.));
#8826=DIRECTION('',(1.21649612621094E-16,-1.,0.));
#8827=DIRECTION('',(1.,1.21649612621094E-16,0.));
#8828=DIRECTION('',(0.,0.,1.));
#8829=DIRECTION('',(1.,1.21649612621094E-16,0.));
#8830=DIRECTION('',(1.,0.,0.));
#8831=DIRECTION('',(0.,0.,-1.));
#8832=DIRECTION('',(0.,0.,1.));
#8833=DIRECTION('',(0.,1.,0.));
#8834=DIRECTION('',(0.,1.,0.));
#8835=DIRECTION('',(0.,0.,1.));
#8836=DIRECTION('',(0.,0.,1.));
#8837=DIRECTION('',(-1.,0.,0.));
#8838=DIRECTION('',(0.,0.,1.));
#8839=DIRECTION('',(1.,0.,0.));
#8840=DIRECTION('',(0.,0.,1.));
#8841=DIRECTION('',(1.,0.,0.));
#8842=DIRECTION('',(0.,0.,1.));
#8843=DIRECTION('',(1.,0.,0.));
#8844=DIRECTION('',(0.,-1.,0.));
#8845=DIRECTION('',(0.,0.,-1.));
#8846=DIRECTION('',(0.,0.,1.));
#8847=DIRECTION('',(1.,0.,0.));
#8848=DIRECTION('',(0.,0.,1.));
#8849=DIRECTION('',(0.,0.,1.));
#8850=DIRECTION('',(1.,0.,0.));
#8851=DIRECTION('',(0.,0.,1.));
#8852=DIRECTION('',(0.,0.,1.));
#8853=DIRECTION('',(1.,0.,0.));
#8854=DIRECTION('',(0.,-1.,0.));
#8855=DIRECTION('',(0.,0.,-1.));
#8856=DIRECTION('',(0.,0.,1.));
#8857=DIRECTION('',(1.,0.,0.));
#8858=DIRECTION('',(-1.,0.,0.));
#8859=DIRECTION('',(0.,0.,1.));
#8860=DIRECTION('',(0.,-1.,0.));
#8861=DIRECTION('',(1.,0.,0.));
#8862=DIRECTION('',(0.,0.,-1.));
#8863=DIRECTION('',(0.,1.,0.));
#8864=DIRECTION('',(0.,0.,1.));
#8865=DIRECTION('',(1.,0.,0.));
#8866=DIRECTION('',(0.,1.,0.));
#8867=DIRECTION('',(0.,0.,1.));
#8868=DIRECTION('',(0.,0.,1.));
#8869=DIRECTION('',(-1.,0.,0.));
#8870=DIRECTION('',(0.,0.,1.));
#8871=DIRECTION('',(-1.,0.,0.));
#8872=DIRECTION('',(0.,0.,1.));
#8873=DIRECTION('',(0.,0.,1.));
#8874=DIRECTION('',(0.,-1.,0.));
#8875=DIRECTION('',(-1.52062015776368E-16,-1.,0.));
#8876=DIRECTION('',(1.,-1.52062015776368E-16,0.));
#8877=DIRECTION('',(0.,0.,1.));
#8878=DIRECTION('',(1.,-1.52062015776368E-16,0.));
#8879=DIRECTION('',(1.,0.,0.));
#8880=DIRECTION('',(0.,0.,-1.));
#8881=DIRECTION('',(0.,0.,1.));
#8882=DIRECTION('',(0.,1.,0.));
#8883=DIRECTION('',(0.,1.,0.));
#8884=DIRECTION('',(0.,0.,1.));
#8885=DIRECTION('',(0.,0.,1.));
#8886=DIRECTION('',(-1.,0.,0.));
#8887=DIRECTION('',(0.,0.,1.));
#8888=DIRECTION('',(1.,0.,0.));
#8889=DIRECTION('',(0.,0.,1.));
#8890=DIRECTION('',(1.,0.,0.));
#8891=DIRECTION('',(0.,0.,1.));
#8892=DIRECTION('',(1.,0.,0.));
#8893=DIRECTION('',(1.,0.,0.));
#8894=DIRECTION('',(0.,0.,-1.));
#8895=DIRECTION('',(0.,-1.,0.));
#8896=DIRECTION('',(0.,0.,-1.));
#8897=DIRECTION('',(0.,-1.,0.));
#8898=DIRECTION('',(0.,0.,-1.));
#8899=DIRECTION('',(-0.500000000000001,0.866025403784438,0.));
#8900=DIRECTION('',(-0.866025403784438,-0.500000000000001,0.));
#8901=DIRECTION('',(0.866025403784438,0.500000000000001,0.));
#8902=DIRECTION('',(0.,0.,-1.));
#8903=DIRECTION('',(0.866025403784438,0.500000000000001,0.));
#8904=DIRECTION('',(0.,1.,0.));
#8905=DIRECTION('',(0.,0.,1.));
#8906=DIRECTION('',(1.,0.,0.));
#8907=DIRECTION('',(1.,0.,0.));
#8908=DIRECTION('',(0.819152044288991,-0.573576436351047,0.));
#8909=DIRECTION('',(0.573576436351047,0.819152044288991,0.));
#8910=DIRECTION('',(-0.573576436351047,-0.819152044288991,0.));
#8911=DIRECTION('',(-0.573576436351047,-0.819152044288991,0.));
#8912=DIRECTION('',(0.,0.,1.));
#8913=DIRECTION('',(1.,0.,0.));
#8914=DIRECTION('',(0.,0.,1.));
#8915=DIRECTION('',(1.,0.,0.));
#8916=DIRECTION('',(0.,1.,0.));
#8917=DIRECTION('',(0.,0.,1.));
#8918=DIRECTION('',(1.,0.,0.));
#8919=DIRECTION('',(0.,0.,-1.));
#8920=DIRECTION('',(1.,0.,0.));
#8921=DIRECTION('',(0.500000000000001,0.866025403784438,0.));
#8922=DIRECTION('',(-0.866025403784438,0.500000000000001,0.));
#8923=DIRECTION('',(0.866025403784438,-0.500000000000001,0.));
#8924=DIRECTION('',(0.,0.,-1.));
#8925=DIRECTION('',(0.866025403784438,-0.500000000000001,0.));
#8926=DIRECTION('',(-1.,0.,0.));
#8927=DIRECTION('',(0.,0.,1.));
#8928=DIRECTION('',(0.,1.,0.));
#8929=DIRECTION('',(0.,0.,-1.));
#8930=DIRECTION('',(0.,1.,0.));
#8931=DIRECTION('',(-0.819152044288991,-0.573576436351047,0.));
#8932=DIRECTION('',(0.573576436351047,-0.819152044288991,0.));
#8933=DIRECTION('',(-0.573576436351047,0.819152044288991,0.));
#8934=DIRECTION('',(-0.573576436351047,0.819152044288991,0.));
#8935=DIRECTION('',(0.,0.,1.));
#8936=DIRECTION('',(1.,0.,0.));
#8937=DIRECTION('',(0.,0.,1.));
#8938=DIRECTION('',(1.,0.,0.));
#8939=DIRECTION('',(0.,0.,1.));
#8940=DIRECTION('',(1.,0.,0.));
#8941=DIRECTION('',(0.,0.,1.));
#8942=DIRECTION('',(1.,0.,0.));
#8943=DIRECTION('',(0.,0.,1.));
#8944=DIRECTION('',(1.,0.,0.));
#8945=DIRECTION('',(0.,0.,1.));
#8946=DIRECTION('',(1.,0.,0.));
#8947=DIRECTION('',(-1.,0.,0.));
#8948=DIRECTION('',(0.,-1.,0.));
#8949=DIRECTION('',(-1.,0.,0.));
#8950=DIRECTION('',(0.,-1.,0.));
#8951=DIRECTION('',(-1.,0.,0.));
#8952=DIRECTION('',(0.,0.,1.));
#8953=DIRECTION('',(1.,0.,0.));
#8954=DIRECTION('',(0.,0.,1.));
#8955=DIRECTION('',(1.,0.,0.));
#8956=DIRECTION('',(0.,0.,1.));
#8957=DIRECTION('',(1.,0.,0.));
#8958=DIRECTION('',(-1.,0.,0.));
#8959=DIRECTION('',(0.,-1.,0.));
#8960=DIRECTION('',(-1.,0.,0.));
#8961=DIRECTION('',(0.,-1.,0.));
#8962=DIRECTION('',(-1.,0.,0.));
#8963=DIRECTION('',(0.,1.,5.42101086242752E-17));
#8964=DIRECTION('',(0.,-5.42101086242752E-17,1.));
#8965=DIRECTION('',(0.,1.,5.42101086242752E-17));
#8966=DIRECTION('',(0.,-5.42101086242752E-17,1.));
#8967=DIRECTION('',(0.,1.,5.42101086242752E-17));
#8968=DIRECTION('',(0.,-5.42101086242752E-17,1.));
#8969=DIRECTION('',(0.,-5.42101086242752E-17,1.));
#8970=DIRECTION('',(-1.,0.,0.));
#8971=DIRECTION('',(0.,5.42101086242752E-17,-1.));
#8972=DIRECTION('',(0.,1.,5.42101086242752E-17));
#8973=DIRECTION('',(0.,-5.42101086242752E-17,1.));
#8974=DIRECTION('',(-1.,0.,0.));
#8975=DIRECTION('',(0.,1.,5.42101086242752E-17));
#8976=DIRECTION('',(0.,-5.42101086242752E-17,1.));
#8977=DIRECTION('',(0.,-5.42101086242752E-17,1.));
#8978=DIRECTION('',(-1.,0.,0.));
#8979=DIRECTION('',(1.5770213417971E-16,5.42101086242752E-17,-1.));
#8980=DIRECTION('',(0.,-1.,0.));
#8981=DIRECTION('',(0.,0.,-1.));
#8982=DIRECTION('',(0.,0.,-1.));
#8983=DIRECTION('',(0.,-1.,0.));
#8984=DIRECTION('',(0.,0.,-1.));
#8985=DIRECTION('',(0.,0.,1.));
#8986=DIRECTION('',(-1.,0.,0.));
#8987=DIRECTION('',(0.,0.,-1.));
#8988=DIRECTION('',(0.,-1.,0.));
#8989=DIRECTION('',(0.,0.,-1.));
#8990=DIRECTION('',(1.,0.,0.));
#8991=DIRECTION('',(0.,-1.,0.));
#8992=DIRECTION('',(0.,0.,-1.));
#8993=DIRECTION('',(0.,0.,-1.));
#8994=DIRECTION('',(1.,0.,0.));
#8995=DIRECTION('',(0.,-1.,0.));
#8996=DIRECTION('',(0.,0.,-1.));
#8997=DIRECTION('',(0.,0.,1.));
#8998=DIRECTION('',(-1.,0.,0.));
#8999=DIRECTION('',(0.,0.,-1.));
#9000=DIRECTION('',(0.,-1.,0.));
#9001=DIRECTION('',(0.,0.,-1.));
#9002=DIRECTION('',(0.,-1.,0.));
#9003=DIRECTION('',(0.,0.,-1.));
#9004=DIRECTION('',(0.,-1.,0.));
#9005=DIRECTION('',(0.,0.,-1.));
#9006=DIRECTION('',(-1.5770213417971E-16,0.,1.));
#9007=DIRECTION('',(-1.,0.,0.));
#9008=DIRECTION('',(0.,0.,-1.));
#9009=DIRECTION('',(0.,-1.,0.));
#9010=DIRECTION('',(0.,0.,-1.));
#9011=DIRECTION('',(1.,0.,0.));
#9012=DIRECTION('',(0.,0.,-1.));
#9013=DIRECTION('',(0.,-1.,0.));
#9014=DIRECTION('',(0.,0.,-1.));
#9015=DIRECTION('',(0.,0.,-1.));
#9016=DIRECTION('',(1.,0.,0.));
#9017=DIRECTION('',(0.,-1.,0.));
#9018=DIRECTION('',(0.,0.,-1.));
#9019=DIRECTION('',(0.,0.,1.));
#9020=DIRECTION('',(-1.,0.,0.));
#9021=DIRECTION('',(0.,0.,-1.));
#9022=DIRECTION('',(0.,-1.,0.));
#9023=DIRECTION('',(0.,0.,-1.));
#9024=DIRECTION('',(0.,1.0837957490796E-16,1.));
#9025=DIRECTION('',(0.,-1.,1.0837957490796E-16));
#9026=DIRECTION('',(0.,1.,-1.0837957490796E-16));
#9027=DIRECTION('',(0.,1.0837957490796E-16,1.));
#9028=DIRECTION('',(0.,-1.,1.0837957490796E-16));
#9029=DIRECTION('',(-0.513554343658557,0.858057070426804,-9.29958605396265E-17));
#9030=DIRECTION('',(0.,1.0837957490796E-16,1.));
#9031=DIRECTION('',(0.,-1.,1.0837957490796E-16));
#9032=DIRECTION('',(0.0665182613748967,0.997785207799585,-1.0813953667077E-16));
#9033=DIRECTION('',(0.,1.0837957490796E-16,1.));
#9034=DIRECTION('',(0.,-1.,1.0837957490796E-16));
#9035=DIRECTION('',(-0.511226045601392,0.859446292852999,-9.31464238756301E-17));
#9036=DIRECTION('',(0.246228898178069,0.969211705305922,-1.05042752616875E-16));
#9037=DIRECTION('',(0.859446292852996,0.511226045601397,-5.54064615041568E-17));
#9038=DIRECTION('',(0.51122604560139,-0.859446292853001,9.31464238756303E-17));
#9039=DIRECTION('',(0.,1.0837957490796E-16,1.));
#9040=DIRECTION('',(0.,-1.,1.0837957490796E-16));
#9041=DIRECTION('',(-0.0665182613748967,-0.997785207799585,1.0813953667077E-16));
#9042=DIRECTION('',(0.,1.0837957490796E-16,1.));
#9043=DIRECTION('',(0.,-1.,1.0837957490796E-16));
#9044=DIRECTION('',(0.513554343658556,-0.858057070426804,9.29958605396265E-17));
#9045=DIRECTION('',(0.,1.0837957490796E-16,1.));
#9046=DIRECTION('',(0.,-1.,1.0837957490796E-16));
#9047=DIRECTION('',(0.,-1.,1.0837957490796E-16));
#9048=DIRECTION('',(0.,1.0837957490796E-16,1.));
#9049=DIRECTION('',(0.,-1.,1.0837957490796E-16));
#9050=DIRECTION('',(1.7091690264475E-32,1.,-1.0837957490796E-16));
#9051=DIRECTION('',(0.,1.0837957490796E-16,1.));
#9052=DIRECTION('',(0.,-1.,1.0837957490796E-16));
#9053=DIRECTION('',(0.513554343658556,0.858057070426804,-9.29958605396265E-17));
#9054=DIRECTION('',(0.,1.0837957490796E-16,1.));
#9055=DIRECTION('',(0.,-1.,1.0837957490796E-16));
#9056=DIRECTION('',(-0.0665182613748967,0.997785207799585,-1.0813953667077E-16));
#9057=DIRECTION('',(0.,1.0837957490796E-16,1.));
#9058=DIRECTION('',(0.,-1.,1.0837957490796E-16));
#9059=DIRECTION('',(0.51122604560139,0.859446292853001,-9.31464238756303E-17));
#9060=DIRECTION('',(0.859446292852996,-0.511226045601397,5.54064615041568E-17));
#9061=DIRECTION('',(0.246228898178069,-0.969211705305922,1.05042752616875E-16));
#9062=DIRECTION('',(-0.511226045601393,-0.859446292852999,9.31464238756301E-17));
#9063=DIRECTION('',(0.,1.0837957490796E-16,1.));
#9064=DIRECTION('',(0.,-1.,1.0837957490796E-16));
#9065=DIRECTION('',(0.0665182613748967,-0.997785207799585,1.0813953667077E-16));
#9066=DIRECTION('',(0.,1.0837957490796E-16,1.));
#9067=DIRECTION('',(0.,-1.,1.0837957490796E-16));
#9068=DIRECTION('',(-0.513554343658557,-0.858057070426804,9.29958605396265E-17));
#9069=DIRECTION('',(0.,1.0837957490796E-16,1.));
#9070=DIRECTION('',(0.,-1.,1.0837957490796E-16));
#9071=DIRECTION('',(0.,-1.,1.0837957490796E-16));
#9072=DIRECTION('',(0.,1.0837957490796E-16,1.));
#9073=DIRECTION('',(0.,-1.,1.0837957490796E-16));
#9074=DIRECTION('',(0.,1.,-1.0837957490796E-16));
#9075=DIRECTION('',(0.,1.0837957490796E-16,1.));
#9076=DIRECTION('',(0.,-1.,1.0837957490796E-16));
#9077=DIRECTION('',(-0.513554343658556,0.858057070426804,-9.29958605396265E-17));
#9078=DIRECTION('',(0.,1.0837957490796E-16,1.));
#9079=DIRECTION('',(0.,-1.,1.0837957490796E-16));
#9080=DIRECTION('',(0.0665182613748967,0.997785207799585,-1.0813953667077E-16));
#9081=DIRECTION('',(0.,1.0837957490796E-16,1.));
#9082=DIRECTION('',(0.,-1.,1.0837957490796E-16));
#9083=DIRECTION('',(-0.511226045601392,0.859446292852999,-9.31464238756301E-17));
#9084=DIRECTION('',(0.246228898178069,0.969211705305922,-1.05042752616875E-16));
#9085=DIRECTION('',(0.859446292852996,0.511226045601397,-5.54064615041568E-17));
#9086=DIRECTION('',(0.51122604560139,-0.859446292853001,9.31464238756303E-17));
#9087=DIRECTION('',(0.,1.0837957490796E-16,1.));
#9088=DIRECTION('',(0.,-1.,1.0837957490796E-16));
#9089=DIRECTION('',(-0.0665182613748967,-0.997785207799585,1.0813953667077E-16));
#9090=DIRECTION('',(0.,1.0837957490796E-16,1.));
#9091=DIRECTION('',(0.,-1.,1.0837957490796E-16));
#9092=DIRECTION('',(0.513554343658555,-0.858057070426805,9.29958605396266E-17));
#9093=DIRECTION('',(0.,1.0837957490796E-16,1.));
#9094=DIRECTION('',(0.,-1.,1.0837957490796E-16));
#9095=DIRECTION('',(0.,-1.,1.0837957490796E-16));
#9096=DIRECTION('',(0.,0.,-1.));
#9097=DIRECTION('',(-1.,0.,0.));
#9098=DIRECTION('',(0.,0.,-1.));
#9099=DIRECTION('',(-1.,0.,0.));
#9100=DIRECTION('',(0.,-1.,0.));
#9101=DIRECTION('',(-1.,0.,0.));
#9102=DIRECTION('',(0.,-1.,0.));
#9103=DIRECTION('',(0.,0.,-1.));
#9104=DIRECTION('',(-1.,0.,0.));
#9105=DIRECTION('',(0.,0.,-1.));
#9106=DIRECTION('',(-1.,0.,0.));
#9107=DIRECTION('',(0.,0.,-1.));
#9108=DIRECTION('',(-1.,0.,0.));
#9109=DIRECTION('',(0.,-1.,0.));
#9110=DIRECTION('',(0.,-1.,0.));
#9111=DIRECTION('',(0.,0.,-1.));
#9112=DIRECTION('',(-1.,0.,0.));
#9113=DIRECTION('',(0.,0.,-1.));
#9114=DIRECTION('',(-1.,0.,0.));
#9115=DIRECTION('',(0.,0.,-1.));
#9116=DIRECTION('',(-1.,0.,0.));
#9117=DIRECTION('',(0.,-1.,0.));
#9118=DIRECTION('',(-1.,0.,0.));
#9119=DIRECTION('',(0.,1.,0.));
#9120=DIRECTION('',(0.,0.,-1.));
#9121=DIRECTION('',(-1.,0.,0.));
#9122=DIRECTION('',(0.513554343658557,0.858057070426804,0.));
#9123=DIRECTION('',(0.,0.,-1.));
#9124=DIRECTION('',(-1.,0.,0.));
#9125=DIRECTION('',(-0.0665182613748967,0.997785207799585,0.));
#9126=DIRECTION('',(0.,0.,-1.));
#9127=DIRECTION('',(-1.,0.,0.));
#9128=DIRECTION('',(0.511226045601393,0.859446292852999,0.));
#9129=DIRECTION('',(-0.246228898178069,0.969211705305922,0.));
#9130=DIRECTION('',(-0.859446292852996,0.511226045601397,0.));
#9131=DIRECTION('',(-0.51122604560139,-0.859446292853001,0.));
#9132=DIRECTION('',(0.,0.,-1.));
#9133=DIRECTION('',(-1.,0.,0.));
#9134=DIRECTION('',(0.0665182613748967,-0.997785207799585,0.));
#9135=DIRECTION('',(0.,0.,-1.));
#9136=DIRECTION('',(-1.,0.,0.));
#9137=DIRECTION('',(-0.513554343658557,-0.858057070426804,0.));
#9138=DIRECTION('',(0.,0.,-1.));
#9139=DIRECTION('',(-1.,0.,0.));
#9140=DIRECTION('',(0.,0.,-1.));
#9141=DIRECTION('',(-1.,0.,0.));
#9142=DIRECTION('',(0.,-1.,0.));
#9143=DIRECTION('',(-1.,0.,0.));
#9144=DIRECTION('',(0.,1.,0.));
#9145=DIRECTION('',(0.,0.,-1.));
#9146=DIRECTION('',(-1.,0.,0.));
#9147=DIRECTION('',(0.513554343658556,0.858057070426804,0.));
#9148=DIRECTION('',(0.,0.,-1.));
#9149=DIRECTION('',(-1.,0.,0.));
#9150=DIRECTION('',(-0.0665182613748967,0.997785207799585,0.));
#9151=DIRECTION('',(0.,0.,-1.));
#9152=DIRECTION('',(-1.,0.,0.));
#9153=DIRECTION('',(0.511226045601393,0.859446292852999,0.));
#9154=DIRECTION('',(-0.246228898178069,0.969211705305922,0.));
#9155=DIRECTION('',(-0.859446292852996,0.511226045601397,0.));
#9156=DIRECTION('',(-0.51122604560139,-0.859446292853001,0.));
#9157=DIRECTION('',(0.,0.,-1.));
#9158=DIRECTION('',(-1.,0.,0.));
#9159=DIRECTION('',(0.0665182613748967,-0.997785207799585,0.));
#9160=DIRECTION('',(0.,0.,-1.));
#9161=DIRECTION('',(-1.,0.,0.));
#9162=DIRECTION('',(-0.513554343658557,-0.858057070426804,0.));
#9163=DIRECTION('',(0.,0.,-1.));
#9164=DIRECTION('',(-1.,0.,0.));
#9165=DIRECTION('',(0.,0.,-1.));
#9166=DIRECTION('',(-1.,0.,0.));
#9167=DIRECTION('',(0.,-1.,0.));
#9168=DIRECTION('',(-1.,0.,0.));
#9169=DIRECTION('',(0.,1.,0.));
#9170=DIRECTION('',(0.,0.,-1.));
#9171=DIRECTION('',(-1.,0.,0.));
#9172=DIRECTION('',(-0.513554343658555,0.858057070426805,0.));
#9173=DIRECTION('',(0.,0.,-1.));
#9174=DIRECTION('',(-1.,0.,0.));
#9175=DIRECTION('',(0.0665182613748967,0.997785207799585,0.));
#9176=DIRECTION('',(0.,0.,-1.));
#9177=DIRECTION('',(-1.,0.,0.));
#9178=DIRECTION('',(-0.51122604560139,0.859446292853001,0.));
#9179=DIRECTION('',(-0.859446292852996,-0.511226045601397,0.));
#9180=DIRECTION('',(-0.246228898178069,-0.969211705305922,0.));
#9181=DIRECTION('',(0.511226045601392,-0.859446292852999,0.));
#9182=DIRECTION('',(0.,0.,-1.));
#9183=DIRECTION('',(-1.,0.,0.));
#9184=DIRECTION('',(-0.0665182613748967,-0.997785207799585,0.));
#9185=DIRECTION('',(0.,0.,-1.));
#9186=DIRECTION('',(-1.,0.,0.));
#9187=DIRECTION('',(0.513554343658556,-0.858057070426804,0.));
#9188=DIRECTION('',(0.,-1.,0.));
#9189=DIRECTION('',(0.,0.,-1.));
#9190=DIRECTION('',(0.242535625036333,0.,-0.970142500145332));
#9191=DIRECTION('',(0.,0.,-1.));
#9192=DIRECTION('',(-1.,0.,0.));
#9193=DIRECTION('',(0.,0.,1.));
#9194=DIRECTION('',(0.242535625036332,0.,0.970142500145332));
#9195=DIRECTION('',(-1.,0.,0.));
#9196=DIRECTION('',(0.,-1.,0.));
#9197=DIRECTION('',(0.,0.,-1.));
#9198=DIRECTION('',(0.242535625036332,0.,-0.970142500145332));
#9199=DIRECTION('',(0.,0.,-1.));
#9200=DIRECTION('',(-1.,0.,0.));
#9201=DIRECTION('',(0.,0.,1.));
#9202=DIRECTION('',(0.242535625036334,0.,0.970142500145332));
#9203=DIRECTION('',(-1.,0.,0.));
#9204=DIRECTION('',(0.,-1.,0.));
#9205=DIRECTION('',(0.,0.,-1.));
#9206=DIRECTION('',(0.242535625036332,0.,-0.970142500145332));
#9207=DIRECTION('',(0.,0.,-1.));
#9208=DIRECTION('',(-1.,0.,0.));
#9209=DIRECTION('',(0.,0.,1.));
#9210=DIRECTION('',(0.242535625036331,0.,0.970142500145333));
#9211=DIRECTION('',(-1.,0.,0.));
#9212=DIRECTION('',(0.,0.,-1.));
#9213=DIRECTION('',(-1.,0.,0.));
#9214=DIRECTION('',(-1.,0.,0.));
#9215=DIRECTION('',(0.,-1.,0.));
#9216=DIRECTION('',(0.,-1.,0.));
#9217=DIRECTION('',(0.,0.,-1.));
#9218=DIRECTION('',(-1.,0.,0.));
#9219=DIRECTION('',(-1.,0.,0.));
#9220=DIRECTION('',(0.,-1.,0.));
#9221=DIRECTION('',(0.,-1.,0.));
#9222=DIRECTION('',(0.,0.,-1.));
#9223=DIRECTION('',(-1.,0.,0.));
#9224=DIRECTION('',(-1.,0.,0.));
#9225=DIRECTION('',(0.,-1.,0.));
#9226=DIRECTION('',(0.,-1.,0.));
#9227=DIRECTION('',(0.,1.,0.));
#9228=DIRECTION('',(0.,0.,1.));
#9229=DIRECTION('',(-1.,0.,0.));
#9230=DIRECTION('',(0.,0.,1.));
#9231=DIRECTION('',(-0.242535625036333,0.,0.970142500145332));
#9232=DIRECTION('',(-0.242535625036332,0.,-0.970142500145332));
#9233=DIRECTION('',(0.,0.,-1.));
#9234=DIRECTION('',(0.,1.,0.));
#9235=DIRECTION('',(0.,0.,1.));
#9236=DIRECTION('',(-1.,0.,0.));
#9237=DIRECTION('',(0.,0.,1.));
#9238=DIRECTION('',(-0.242535625036332,0.,0.970142500145332));
#9239=DIRECTION('',(-0.242535625036334,0.,-0.970142500145332));
#9240=DIRECTION('',(0.,0.,-1.));
#9241=DIRECTION('',(0.,1.,0.));
#9242=DIRECTION('',(0.,0.,1.));
#9243=DIRECTION('',(-1.,0.,0.));
#9244=DIRECTION('',(0.,0.,1.));
#9245=DIRECTION('',(-0.242535625036332,0.,0.970142500145332));
#9246=DIRECTION('',(-0.242535625036331,0.,-0.970142500145333));
#9247=DIRECTION('',(0.,0.,-1.));
#9248=DIRECTION('',(0.,0.,-1.));
#9249=DIRECTION('',(-1.,0.,0.));
#9250=DIRECTION('',(-1.,0.,0.));
#9251=DIRECTION('',(0.,1.,0.));
#9252=DIRECTION('',(0.,-1.,0.));
#9253=DIRECTION('',(0.,0.,-1.));
#9254=DIRECTION('',(-1.,0.,0.));
#9255=DIRECTION('',(-1.,0.,0.));
#9256=DIRECTION('',(0.,1.,0.));
#9257=DIRECTION('',(0.,-1.,0.));
#9258=DIRECTION('',(0.,0.,-1.));
#9259=DIRECTION('',(-1.,0.,0.));
#9260=DIRECTION('',(-1.,0.,0.));
#9261=DIRECTION('',(0.,1.,0.));
#9262=DIRECTION('',(0.,-1.,0.));
#9263=DIRECTION('',(0.,-1.,0.));
#9264=DIRECTION('',(0.,0.,-1.));
#9265=DIRECTION('',(0.242535625036333,0.,-0.970142500145332));
#9266=DIRECTION('',(0.,0.,-1.));
#9267=DIRECTION('',(0.,0.,1.));
#9268=DIRECTION('',(0.242535625036332,0.,0.970142500145332));
#9269=DIRECTION('',(-1.,0.,0.));
#9270=DIRECTION('',(0.,-1.,0.));
#9271=DIRECTION('',(0.,0.,-1.));
#9272=DIRECTION('',(0.242535625036332,0.,-0.970142500145332));
#9273=DIRECTION('',(0.,0.,-1.));
#9274=DIRECTION('',(0.,0.,1.));
#9275=DIRECTION('',(0.242535625036334,0.,0.970142500145332));
#9276=DIRECTION('',(-1.,0.,0.));
#9277=DIRECTION('',(0.,-1.,0.));
#9278=DIRECTION('',(0.,0.,-1.));
#9279=DIRECTION('',(0.242535625036332,0.,-0.970142500145332));
#9280=DIRECTION('',(0.,0.,-1.));
#9281=DIRECTION('',(0.,0.,1.));
#9282=DIRECTION('',(0.242535625036331,0.,0.970142500145333));
#9283=DIRECTION('',(-1.,0.,0.));
#9284=DIRECTION('',(0.,0.,-1.));
#9285=DIRECTION('',(-1.,0.,0.));
#9286=DIRECTION('',(-1.,0.,0.));
#9287=DIRECTION('',(0.,-1.,0.));
#9288=DIRECTION('',(0.,-1.,0.));
#9289=DIRECTION('',(0.,0.,-1.));
#9290=DIRECTION('',(-1.,0.,0.));
#9291=DIRECTION('',(-1.,0.,0.));
#9292=DIRECTION('',(0.,-1.,0.));
#9293=DIRECTION('',(0.,-1.,0.));
#9294=DIRECTION('',(0.,0.,-1.));
#9295=DIRECTION('',(-1.,0.,0.));
#9296=DIRECTION('',(-1.,0.,0.));
#9297=DIRECTION('',(0.,-1.,0.));
#9298=DIRECTION('',(0.,-1.,0.));
#9299=DIRECTION('',(0.,1.,0.));
#9300=DIRECTION('',(0.,0.,1.));
#9301=DIRECTION('',(-1.,0.,0.));
#9302=DIRECTION('',(0.,0.,1.));
#9303=DIRECTION('',(-0.242535625036333,0.,0.970142500145332));
#9304=DIRECTION('',(-0.242535625036332,0.,-0.970142500145332));
#9305=DIRECTION('',(0.,0.,-1.));
#9306=DIRECTION('',(0.,1.,0.));
#9307=DIRECTION('',(0.,0.,1.));
#9308=DIRECTION('',(-1.,0.,0.));
#9309=DIRECTION('',(0.,0.,1.));
#9310=DIRECTION('',(-0.242535625036332,0.,0.970142500145332));
#9311=DIRECTION('',(-0.242535625036334,0.,-0.970142500145332));
#9312=DIRECTION('',(0.,0.,-1.));
#9313=DIRECTION('',(0.,1.,0.));
#9314=DIRECTION('',(0.,0.,1.));
#9315=DIRECTION('',(-1.,0.,0.));
#9316=DIRECTION('',(0.,0.,1.));
#9317=DIRECTION('',(-0.242535625036332,0.,0.970142500145332));
#9318=DIRECTION('',(-0.242535625036331,0.,-0.970142500145333));
#9319=DIRECTION('',(0.,0.,-1.));
#9320=DIRECTION('',(0.,0.,-1.));
#9321=DIRECTION('',(-1.,0.,0.));
#9322=DIRECTION('',(-1.,0.,0.));
#9323=DIRECTION('',(0.,1.,0.));
#9324=DIRECTION('',(0.,-1.,0.));
#9325=DIRECTION('',(0.,0.,-1.));
#9326=DIRECTION('',(-1.,0.,0.));
#9327=DIRECTION('',(-1.,0.,0.));
#9328=DIRECTION('',(0.,1.,0.));
#9329=DIRECTION('',(0.,-1.,0.));
#9330=DIRECTION('',(0.,0.,-1.));
#9331=DIRECTION('',(-1.,0.,0.));
#9332=DIRECTION('',(-1.,0.,0.));
#9333=DIRECTION('',(0.,1.,0.));
#9334=DIRECTION('',(0.,-1.,0.));
#9335=DIRECTION('',(0.,-1.,0.));
#9336=DIRECTION('',(0.,0.,-1.));
#9337=DIRECTION('',(0.242535625036333,0.,-0.970142500145332));
#9338=DIRECTION('',(0.,0.,-1.));
#9339=DIRECTION('',(0.,0.,1.));
#9340=DIRECTION('',(0.242535625036332,0.,0.970142500145332));
#9341=DIRECTION('',(-1.,0.,0.));
#9342=DIRECTION('',(0.,-1.,0.));
#9343=DIRECTION('',(0.,0.,-1.));
#9344=DIRECTION('',(0.242535625036332,0.,-0.970142500145332));
#9345=DIRECTION('',(0.,0.,-1.));
#9346=DIRECTION('',(0.,0.,1.));
#9347=DIRECTION('',(0.242535625036334,0.,0.970142500145332));
#9348=DIRECTION('',(-1.,0.,0.));
#9349=DIRECTION('',(0.,-1.,0.));
#9350=DIRECTION('',(0.,0.,-1.));
#9351=DIRECTION('',(0.242535625036332,0.,-0.970142500145332));
#9352=DIRECTION('',(0.,0.,-1.));
#9353=DIRECTION('',(0.,0.,1.));
#9354=DIRECTION('',(0.242535625036331,0.,0.970142500145333));
#9355=DIRECTION('',(-1.,0.,0.));
#9356=DIRECTION('',(0.,0.,-1.));
#9357=DIRECTION('',(-1.,0.,0.));
#9358=DIRECTION('',(-1.,0.,0.));
#9359=DIRECTION('',(0.,-1.,0.));
#9360=DIRECTION('',(0.,-1.,0.));
#9361=DIRECTION('',(0.,0.,-1.));
#9362=DIRECTION('',(-1.,0.,0.));
#9363=DIRECTION('',(-1.,0.,0.));
#9364=DIRECTION('',(0.,-1.,0.));
#9365=DIRECTION('',(0.,-1.,0.));
#9366=DIRECTION('',(0.,0.,-1.));
#9367=DIRECTION('',(-1.,0.,0.));
#9368=DIRECTION('',(-1.,0.,0.));
#9369=DIRECTION('',(0.,-1.,0.));
#9370=DIRECTION('',(0.,-1.,0.));
#9371=DIRECTION('',(0.,1.,0.));
#9372=DIRECTION('',(0.,0.,1.));
#9373=DIRECTION('',(-1.,0.,0.));
#9374=DIRECTION('',(0.,0.,1.));
#9375=DIRECTION('',(-0.242535625036333,0.,0.970142500145332));
#9376=DIRECTION('',(-0.242535625036332,0.,-0.970142500145332));
#9377=DIRECTION('',(0.,0.,-1.));
#9378=DIRECTION('',(0.,1.,0.));
#9379=DIRECTION('',(0.,0.,1.));
#9380=DIRECTION('',(-1.,0.,0.));
#9381=DIRECTION('',(0.,0.,1.));
#9382=DIRECTION('',(-0.242535625036332,0.,0.970142500145332));
#9383=DIRECTION('',(-0.242535625036334,0.,-0.970142500145332));
#9384=DIRECTION('',(0.,0.,-1.));
#9385=DIRECTION('',(0.,1.,0.));
#9386=DIRECTION('',(0.,0.,1.));
#9387=DIRECTION('',(-1.,0.,0.));
#9388=DIRECTION('',(0.,0.,1.));
#9389=DIRECTION('',(-0.242535625036332,0.,0.970142500145332));
#9390=DIRECTION('',(-0.242535625036331,0.,-0.970142500145333));
#9391=DIRECTION('',(0.,0.,-1.));
#9392=DIRECTION('',(0.,0.,-1.));
#9393=DIRECTION('',(-1.,0.,0.));
#9394=DIRECTION('',(-1.,0.,0.));
#9395=DIRECTION('',(0.,1.,0.));
#9396=DIRECTION('',(0.,-1.,0.));
#9397=DIRECTION('',(0.,0.,-1.));
#9398=DIRECTION('',(-1.,0.,0.));
#9399=DIRECTION('',(-1.,0.,0.));
#9400=DIRECTION('',(0.,1.,0.));
#9401=DIRECTION('',(0.,-1.,0.));
#9402=DIRECTION('',(0.,0.,-1.));
#9403=DIRECTION('',(-1.,0.,0.));
#9404=DIRECTION('',(-1.,0.,0.));
#9405=DIRECTION('',(0.,1.,0.));
#9406=DIRECTION('',(0.,-1.,0.));
#9407=DIRECTION('',(0.,-1.,0.));
#9408=DIRECTION('',(0.,0.,-1.));
#9409=DIRECTION('',(0.242535625036333,0.,-0.970142500145332));
#9410=DIRECTION('',(0.,0.,-1.));
#9411=DIRECTION('',(0.,0.,1.));
#9412=DIRECTION('',(0.242535625036332,0.,0.970142500145332));
#9413=DIRECTION('',(-1.,0.,0.));
#9414=DIRECTION('',(0.,-1.,0.));
#9415=DIRECTION('',(0.,0.,-1.));
#9416=DIRECTION('',(0.242535625036332,0.,-0.970142500145332));
#9417=DIRECTION('',(0.,0.,-1.));
#9418=DIRECTION('',(0.,0.,1.));
#9419=DIRECTION('',(0.242535625036334,0.,0.970142500145332));
#9420=DIRECTION('',(-1.,0.,0.));
#9421=DIRECTION('',(0.,-1.,0.));
#9422=DIRECTION('',(0.,0.,-1.));
#9423=DIRECTION('',(0.242535625036332,0.,-0.970142500145332));
#9424=DIRECTION('',(0.,0.,-1.));
#9425=DIRECTION('',(0.,0.,1.));
#9426=DIRECTION('',(0.242535625036331,0.,0.970142500145333));
#9427=DIRECTION('',(-1.,0.,0.));
#9428=DIRECTION('',(0.,0.,-1.));
#9429=DIRECTION('',(-1.,0.,0.));
#9430=DIRECTION('',(-1.,0.,0.));
#9431=DIRECTION('',(0.,-1.,0.));
#9432=DIRECTION('',(0.,-1.,0.));
#9433=DIRECTION('',(0.,0.,-1.));
#9434=DIRECTION('',(-1.,0.,0.));
#9435=DIRECTION('',(-1.,0.,0.));
#9436=DIRECTION('',(0.,-1.,0.));
#9437=DIRECTION('',(0.,-1.,0.));
#9438=DIRECTION('',(0.,0.,-1.));
#9439=DIRECTION('',(-1.,0.,0.));
#9440=DIRECTION('',(-1.,0.,0.));
#9441=DIRECTION('',(0.,-1.,0.));
#9442=DIRECTION('',(0.,-1.,0.));
#9443=DIRECTION('',(0.,1.,5.11416119096936E-18));
#9444=DIRECTION('',(0.,-5.11416119096936E-18,1.));
#9445=DIRECTION('',(0.,-5.11416119096936E-18,1.));
#9446=DIRECTION('',(-0.242535625036333,-4.96146512395324E-18,0.970142500145332));
#9447=DIRECTION('',(-0.242535625036332,4.96146512395325E-18,-0.970142500145332));
#9448=DIRECTION('',(0.,5.11416119096936E-18,-1.));
#9449=DIRECTION('',(-1.,0.,0.));
#9450=DIRECTION('',(0.,1.,5.11416119096936E-18));
#9451=DIRECTION('',(0.,-5.11416119096936E-18,1.));
#9452=DIRECTION('',(-0.242535625036334,4.96146512395324E-18,-0.970142500145332));
#9453=DIRECTION('',(1.5770213417971E-16,5.11416119096936E-18,-1.));
#9454=DIRECTION('',(-1.,0.,0.));
#9455=DIRECTION('',(0.,-5.11416119096936E-18,1.));
#9456=DIRECTION('',(-0.242535625036332,-4.96146512395324E-18,0.970142500145332));
#9457=DIRECTION('',(0.,1.,5.11416119096936E-18));
#9458=DIRECTION('',(0.,-5.11416119096936E-18,1.));
#9459=DIRECTION('',(0.,-5.11416119096936E-18,1.));
#9460=DIRECTION('',(-0.242535625036332,-4.96146512395325E-18,0.970142500145332));
#9461=DIRECTION('',(-0.242535625036331,4.96146512395325E-18,-0.970142500145333));
#9462=DIRECTION('',(0.,5.11416119096936E-18,-1.));
#9463=DIRECTION('',(-1.,0.,0.));
#9464=DIRECTION('',(0.,4.13029399042097E-15,1.));
#9465=DIRECTION('',(0.,-1.,4.13029399042097E-15));
#9466=DIRECTION('',(0.,-1.,4.13029399042097E-15));
#9467=DIRECTION('',(0.,1.,-4.13029399042097E-15));
#9468=DIRECTION('',(0.,4.13029399042097E-15,1.));
#9469=DIRECTION('',(0.,-1.,4.13029399042097E-15));
#9470=DIRECTION('',(0.,-1.,4.13029399042097E-15));
#9471=DIRECTION('',(6.51356177079017E-31,1.,-4.13029399042097E-15));
#9472=DIRECTION('',(0.,4.13029399042097E-15,1.));
#9473=DIRECTION('',(0.,-1.,4.13029399042097E-15));
#9474=DIRECTION('',(-1.,0.,0.));
#9475=DIRECTION('',(0.,-1.,4.13029399042097E-15));
#9476=DIRECTION('',(0.,1.,-4.13029399042097E-15));
#9477=DIRECTION('',(0.,-1.,0.));
#9478=DIRECTION('',(0.,0.,-1.));
#9479=DIRECTION('',(-1.,0.,0.));
#9480=DIRECTION('',(0.,0.,-1.));
#9481=DIRECTION('',(0.,0.,1.));
#9482=DIRECTION('',(0.,-1.,0.));
#9483=DIRECTION('',(0.,0.,-1.));
#9484=DIRECTION('',(-1.,0.,0.));
#9485=DIRECTION('',(0.,0.,-1.));
#9486=DIRECTION('',(0.,0.,1.));
#9487=DIRECTION('',(0.,-1.,0.));
#9488=DIRECTION('',(0.,0.,-1.));
#9489=DIRECTION('',(-1.,0.,0.));
#9490=DIRECTION('',(0.,0.,-1.));
#9491=DIRECTION('',(-1.,0.,0.));
#9492=DIRECTION('',(0.,0.,1.));
#9493=DIRECTION('',(0.,0.,-1.));
#9494=DIRECTION('',(-1.,0.,0.));
#9495=DIRECTION('',(0.,1.,0.));
#9496=DIRECTION('',(0.,-1.,0.));
#9497=DIRECTION('',(0.,0.,-1.));
#9498=DIRECTION('',(-1.,0.,0.));
#9499=DIRECTION('',(0.,1.,0.));
#9500=DIRECTION('',(0.,-1.,0.));
#9501=DIRECTION('',(0.,0.,-1.));
#9502=DIRECTION('',(-1.,0.,0.));
#9503=DIRECTION('',(0.,1.,0.));
#9504=DIRECTION('',(0.,-1.,0.));
#9505=DIRECTION('',(0.,-1.,0.));
#9506=DIRECTION('',(0.,0.,-1.));
#9507=DIRECTION('',(0.242535625036332,0.,-0.970142500145332));
#9508=DIRECTION('',(0.,0.,-1.));
#9509=DIRECTION('',(-1.,0.,0.));
#9510=DIRECTION('',(0.,0.,1.));
#9511=DIRECTION('',(0.242535625036329,0.,0.970142500145333));
#9512=DIRECTION('',(-1.,0.,0.));
#9513=DIRECTION('',(0.,0.,-1.));
#9514=DIRECTION('',(-1.,0.,0.));
#9515=DIRECTION('',(-1.,0.,0.));
#9516=DIRECTION('',(0.,-1.,0.));
#9517=DIRECTION('',(0.,-1.,0.));
#9518=DIRECTION('',(0.,1.,0.));
#9519=DIRECTION('',(0.,0.,1.));
#9520=DIRECTION('',(-1.,0.,0.));
#9521=DIRECTION('',(0.,0.,1.));
#9522=DIRECTION('',(-0.242535625036332,0.,0.970142500145332));
#9523=DIRECTION('',(-0.242535625036329,0.,-0.970142500145333));
#9524=DIRECTION('',(0.,0.,-1.));
#9525=DIRECTION('',(0.,0.,-1.));
#9526=DIRECTION('',(-1.,0.,0.));
#9527=DIRECTION('',(-1.,0.,0.));
#9528=DIRECTION('',(0.,1.,0.));
#9529=DIRECTION('',(0.,-1.,0.));
#9530=DIRECTION('',(0.,-1.,0.));
#9531=DIRECTION('',(0.,0.,-1.));
#9532=DIRECTION('',(0.242535625036332,0.,-0.970142500145332));
#9533=DIRECTION('',(0.,0.,-1.));
#9534=DIRECTION('',(0.,0.,1.));
#9535=DIRECTION('',(0.242535625036329,0.,0.970142500145333));
#9536=DIRECTION('',(-1.,0.,0.));
#9537=DIRECTION('',(0.,0.,-1.));
#9538=DIRECTION('',(-1.,0.,0.));
#9539=DIRECTION('',(-1.,0.,0.));
#9540=DIRECTION('',(0.,-1.,0.));
#9541=DIRECTION('',(0.,-1.,0.));
#9542=DIRECTION('',(0.,1.,0.));
#9543=DIRECTION('',(0.,0.,1.));
#9544=DIRECTION('',(-1.,0.,0.));
#9545=DIRECTION('',(0.,0.,1.));
#9546=DIRECTION('',(-0.242535625036332,0.,0.970142500145332));
#9547=DIRECTION('',(-0.242535625036329,0.,-0.970142500145333));
#9548=DIRECTION('',(0.,0.,-1.));
#9549=DIRECTION('',(0.,0.,-1.));
#9550=DIRECTION('',(-1.,0.,0.));
#9551=DIRECTION('',(-1.,0.,0.));
#9552=DIRECTION('',(0.,1.,0.));
#9553=DIRECTION('',(0.,-1.,0.));
#9554=DIRECTION('',(0.,-1.,0.));
#9555=DIRECTION('',(0.,0.,-1.));
#9556=DIRECTION('',(0.242535625036332,0.,-0.970142500145332));
#9557=DIRECTION('',(0.,0.,-1.));
#9558=DIRECTION('',(0.,0.,1.));
#9559=DIRECTION('',(0.242535625036329,0.,0.970142500145333));
#9560=DIRECTION('',(-1.,0.,0.));
#9561=DIRECTION('',(0.,0.,-1.));
#9562=DIRECTION('',(-1.,0.,0.));
#9563=DIRECTION('',(-1.,0.,0.));
#9564=DIRECTION('',(0.,-1.,0.));
#9565=DIRECTION('',(0.,-1.,0.));
#9566=DIRECTION('',(0.,1.,0.));
#9567=DIRECTION('',(0.,0.,1.));
#9568=DIRECTION('',(-1.,0.,0.));
#9569=DIRECTION('',(0.,0.,1.));
#9570=DIRECTION('',(-0.242535625036332,0.,0.970142500145332));
#9571=DIRECTION('',(-0.242535625036329,0.,-0.970142500145333));
#9572=DIRECTION('',(0.,0.,-1.));
#9573=DIRECTION('',(0.,0.,-1.));
#9574=DIRECTION('',(-1.,0.,0.));
#9575=DIRECTION('',(-1.,0.,0.));
#9576=DIRECTION('',(0.,1.,0.));
#9577=DIRECTION('',(0.,-1.,0.));
#9578=DIRECTION('',(0.,-1.,0.));
#9579=DIRECTION('',(0.,0.,-1.));
#9580=DIRECTION('',(0.242535625036332,0.,-0.970142500145332));
#9581=DIRECTION('',(0.,0.,-1.));
#9582=DIRECTION('',(0.,0.,1.));
#9583=DIRECTION('',(0.242535625036329,0.,0.970142500145333));
#9584=DIRECTION('',(-1.,0.,0.));
#9585=DIRECTION('',(0.,0.,-1.));
#9586=DIRECTION('',(-1.,0.,0.));
#9587=DIRECTION('',(-1.,0.,0.));
#9588=DIRECTION('',(0.,-1.,0.));
#9589=DIRECTION('',(0.,-1.,0.));
#9590=DIRECTION('',(0.,1.,5.11416119096936E-18));
#9591=DIRECTION('',(0.,-5.11416119096936E-18,1.));
#9592=DIRECTION('',(-0.242535625036329,4.96146512395325E-18,-0.970142500145333));
#9593=DIRECTION('',(0.,5.11416119096936E-18,-1.));
#9594=DIRECTION('',(-1.,0.,0.));
#9595=DIRECTION('',(0.,-5.11416119096936E-18,1.));
#9596=DIRECTION('',(-0.242535625036332,-4.96146512395324E-18,0.970142500145332));
#9597=DIRECTION('',(0.,4.13029399042097E-15,1.));
#9598=DIRECTION('',(0.,-1.,4.13029399042097E-15));
#9599=DIRECTION('',(0.,1.,-4.13029399042097E-15));
#9600=DIRECTION('',(-1.,0.,0.));
#9601=DIRECTION('',(0.,-1.,4.13029399042097E-15));
#9602=DIRECTION('',(0.,1.,5.42101086242752E-17));
#9603=DIRECTION('',(0.,-5.42101086242752E-17,1.));
#9604=DIRECTION('',(0.,1.,5.42101086242752E-17));
#9605=DIRECTION('',(0.,-5.42101086242752E-17,1.));
#9606=DIRECTION('',(0.,1.,5.42101086242752E-17));
#9607=DIRECTION('',(0.,-5.42101086242752E-17,1.));
#9608=DIRECTION('',(0.,-5.42101086242752E-17,1.));
#9609=DIRECTION('',(0.,5.42101086242752E-17,-1.));
#9610=DIRECTION('',(0.,1.,5.42101086242752E-17));
#9611=DIRECTION('',(0.,-5.42101086242752E-17,1.));
#9612=DIRECTION('',(0.,1.,5.42101086242752E-17));
#9613=DIRECTION('',(0.,-5.42101086242752E-17,1.));
#9614=DIRECTION('',(0.,-5.42101086242752E-17,1.));
#9615=DIRECTION('',(0.,5.42101086242752E-17,-1.));
#9616=DIRECTION('',(0.,1.0837957490796E-16,1.));
#9617=DIRECTION('',(0.,-1.,1.0837957490796E-16));
#9618=DIRECTION('',(0.,1.0837957490796E-16,1.));
#9619=DIRECTION('',(0.,-1.,1.0837957490796E-16));
#9620=DIRECTION('',(0.,-1.,1.0837957490796E-16));
#9621=DIRECTION('',(0.,1.,-1.0837957490796E-16));
#9622=DIRECTION('',(0.,1.0837957490796E-16,1.));
#9623=DIRECTION('',(0.,-1.,1.0837957490796E-16));
#9624=DIRECTION('',(0.513554343658557,0.858057070426804,-9.29958605396265E-17));
#9625=DIRECTION('',(0.,1.0837957490796E-16,1.));
#9626=DIRECTION('',(0.,-1.,1.0837957490796E-16));
#9627=DIRECTION('',(-0.0665182613748967,0.997785207799585,-1.0813953667077E-16));
#9628=DIRECTION('',(0.,1.0837957490796E-16,1.));
#9629=DIRECTION('',(0.,-1.,1.0837957490796E-16));
#9630=DIRECTION('',(0.51122604560139,0.859446292853001,-9.31464238756303E-17));
#9631=DIRECTION('',(0.859446292852996,-0.511226045601397,5.54064615041568E-17));
#9632=DIRECTION('',(0.246228898178069,-0.969211705305922,1.05042752616875E-16));
#9633=DIRECTION('',(-0.511226045601393,-0.859446292852999,9.31464238756301E-17));
#9634=DIRECTION('',(0.,1.0837957490796E-16,1.));
#9635=DIRECTION('',(0.,-1.,1.0837957490796E-16));
#9636=DIRECTION('',(0.0665182613748967,-0.997785207799585,1.0813953667077E-16));
#9637=DIRECTION('',(0.,1.0837957490796E-16,1.));
#9638=DIRECTION('',(0.,-1.,1.0837957490796E-16));
#9639=DIRECTION('',(-0.513554343658556,-0.858057070426804,9.29958605396265E-17));
#9640=DIRECTION('',(0.,0.,-1.));
#9641=DIRECTION('',(-1.,0.,0.));
#9642=DIRECTION('',(0.,0.,-1.));
#9643=DIRECTION('',(-1.,0.,0.));
#9644=DIRECTION('',(0.,-1.,0.));
#9645=DIRECTION('',(0.,1.,0.));
#9646=DIRECTION('',(0.,0.,-1.));
#9647=DIRECTION('',(-1.,0.,0.));
#9648=DIRECTION('',(-0.513554343658556,0.858057070426804,0.));
#9649=DIRECTION('',(0.,0.,-1.));
#9650=DIRECTION('',(-1.,0.,0.));
#9651=DIRECTION('',(0.0665182613748967,0.997785207799585,0.));
#9652=DIRECTION('',(0.,0.,-1.));
#9653=DIRECTION('',(-1.,0.,0.));
#9654=DIRECTION('',(-0.51122604560139,0.859446292853001,0.));
#9655=DIRECTION('',(-0.859446292852996,-0.511226045601397,0.));
#9656=DIRECTION('',(-0.246228898178069,-0.969211705305922,0.));
#9657=DIRECTION('',(0.511226045601392,-0.859446292852999,0.));
#9658=DIRECTION('',(0.,0.,-1.));
#9659=DIRECTION('',(-1.,0.,0.));
#9660=DIRECTION('',(-0.0665182613748967,-0.997785207799585,0.));
#9661=DIRECTION('',(0.,0.,-1.));
#9662=DIRECTION('',(-1.,0.,0.));
#9663=DIRECTION('',(0.513554343658557,-0.858057070426804,0.));
#9664=DIRECTION('',(0.,-1.,0.));
#9665=DIRECTION('',(0.,0.,-1.));
#9666=DIRECTION('',(-1.,0.,0.));
#9667=DIRECTION('',(0.,0.,-1.));
#9668=DIRECTION('',(0.,0.,1.));
#9669=DIRECTION('',(0.,0.,-1.));
#9670=DIRECTION('',(-1.,0.,0.));
#9671=DIRECTION('',(0.,1.,0.));
#9672=DIRECTION('',(0.,-1.,0.));
#9673=DIRECTION('',(1.,0.,0.));
#9674=DIRECTION('',(0.,0.,-1.));
#9675=DIRECTION('',(0.,0.,-1.));
#9676=DIRECTION('',(0.,-1.,0.));
#9677=DIRECTION('',(0.,0.,-1.));
#9678=DIRECTION('',(0.,-1.,0.));
#9679=DIRECTION('',(1.,0.,0.));
#9680=DIRECTION('',(0.,0.,-1.));
#9681=DIRECTION('',(0.,-1.,0.));
#9682=DIRECTION('',(0.,0.,-1.));
#9683=DIRECTION('',(0.,-1.,0.));
#9684=DIRECTION('',(0.,0.,-1.));
#9685=DIRECTION('',(0.,0.,-1.));
#9686=DIRECTION('',(-1.,0.,0.));
#9687=DIRECTION('',(0.,-1.,0.));
#9688=DIRECTION('',(-0.452910453651518,-0.891556011125031,0.));
#9689=DIRECTION('',(1.,-6.82961998416066E-15,0.));
#9690=DIRECTION('',(0.970142500145333,0.,-0.242535625036329));
#9691=DIRECTION('',(-0.242535625036329,0.,-0.970142500145333));
#9692=DIRECTION('',(0.,-1.,0.));
#9693=DIRECTION('',(0.970142500145333,0.,-0.242535625036329));
#9694=DIRECTION('',(-0.242535625036329,0.,-0.970142500145333));
#9695=DIRECTION('',(0.,-1.,0.));
#9696=DIRECTION('',(0.970142500145333,0.,-0.242535625036329));
#9697=DIRECTION('',(-0.242535625036329,0.,-0.970142500145333));
#9698=DIRECTION('',(0.,-1.,0.));
#9699=DIRECTION('',(0.970142500145333,0.,-0.242535625036329));
#9700=DIRECTION('',(-0.242535625036329,0.,-0.970142500145333));
#9701=DIRECTION('',(0.,-1.,0.));
#9702=DIRECTION('',(3.41480999208033E-15,0.,1.));
#9703=DIRECTION('',(1.,0.,-3.41480999208033E-15));
#9704=DIRECTION('',(0.452910453651518,0.891556011125031,-1.54660314264684E-15));
#9705=DIRECTION('',(0.,-1.,0.));
#9706=DIRECTION('',(-1.,6.82961998416066E-15,3.41480999208033E-15));
#9707=DIRECTION('',(1.,0.,0.));
#9708=DIRECTION('',(0.,0.,-1.));
#9709=DIRECTION('',(0.,0.,-1.));
#9710=DIRECTION('',(0.,-1.,0.));
#9711=DIRECTION('',(0.,0.,-1.));
#9712=DIRECTION('',(0.,0.,-1.));
#9713=DIRECTION('',(0.,-1.,0.));
#9714=DIRECTION('',(0.,0.,-1.));
#9715=DIRECTION('',(0.,0.,-1.));
#9716=DIRECTION('',(-1.,0.,0.));
#9717=DIRECTION('',(-0.452910453651515,0.891556011125032,0.));
#9718=DIRECTION('',(0.,-1.,0.));
#9719=DIRECTION('',(1.,-6.82961998416066E-15,0.));
#9720=DIRECTION('',(-0.970142500145332,0.,-0.242535625036333));
#9721=DIRECTION('',(-0.242535625036333,0.,0.970142500145332));
#9722=DIRECTION('',(0.,-1.,0.));
#9723=DIRECTION('',(-0.970142500145332,0.,-0.242535625036333));
#9724=DIRECTION('',(-0.242535625036333,0.,0.970142500145332));
#9725=DIRECTION('',(0.,-1.,0.));
#9726=DIRECTION('',(-0.970142500145332,0.,-0.242535625036333));
#9727=DIRECTION('',(-0.242535625036333,0.,0.970142500145332));
#9728=DIRECTION('',(0.,-1.,0.));
#9729=DIRECTION('',(-0.970142500145332,0.,-0.242535625036333));
#9730=DIRECTION('',(-0.242535625036333,0.,0.970142500145332));
#9731=DIRECTION('',(0.,-1.,0.));
#9732=DIRECTION('',(-3.41480999208033E-15,0.,1.));
#9733=DIRECTION('',(1.,0.,3.41480999208033E-15));
#9734=DIRECTION('',(0.,-1.,0.));
#9735=DIRECTION('',(0.452910453651515,-0.891556011125032,1.54660314264683E-15));
#9736=DIRECTION('',(-1.,6.82961998416066E-15,-3.41480999208033E-15));
#9737=DIRECTION('',(-1.,0.,0.));
#9738=DIRECTION('',(0.,0.,1.));
#9739=DIRECTION('',(0.,0.,-1.));
#9740=DIRECTION('',(0.,-1.,0.));
#9741=DIRECTION('',(0.,0.,-1.));
#9742=DIRECTION('',(0.,0.,-1.));
#9743=DIRECTION('',(0.,-1.,0.));
#9744=DIRECTION('',(0.,0.,-1.));
#9745=DIRECTION('',(-1.,0.,0.));
#9746=DIRECTION('',(0.,0.,1.));
#9747=DIRECTION('',(0.,0.,-1.));
#9748=DIRECTION('',(0.,-1.,0.));
#9749=DIRECTION('',(0.,-1.,0.));
#9750=DIRECTION('',(0.,-1.,0.));
#9751=DIRECTION('',(0.,-1.,0.));
#9752=DIRECTION('',(0.,-1.,0.));
#9753=DIRECTION('',(1.,0.,0.));
#9754=DIRECTION('',(0.,0.,-1.));
#9755=DIRECTION('',(0.,0.,-1.));
#9756=DIRECTION('',(0.,-1.,0.));
#9757=DIRECTION('',(0.,-1.,0.));
#9758=DIRECTION('',(0.,-1.,0.));
#9759=DIRECTION('',(0.,-1.,0.));
#9760=DIRECTION('',(0.,-1.,0.));
#9761=DIRECTION('',(0.,-1.,0.));
#9762=DIRECTION('',(0.,0.,-1.));
#9763=DIRECTION('',(0.,-1.,0.));
#9764=DIRECTION('',(0.,0.,-1.));
#9765=DIRECTION('',(-0.970142500145332,0.,-0.242535625036332));
#9766=DIRECTION('',(-0.242535625036332,0.,0.970142500145332));
#9767=DIRECTION('',(0.970142500145333,0.,-0.242535625036331));
#9768=DIRECTION('',(-0.242535625036331,0.,-0.970142500145333));
#9769=DIRECTION('',(-0.970142500145332,0.,-0.242535625036332));
#9770=DIRECTION('',(-0.242535625036332,0.,0.970142500145332));
#9771=DIRECTION('',(0.970142500145333,0.,-0.242535625036331));
#9772=DIRECTION('',(-0.242535625036331,0.,-0.970142500145333));
#9773=DIRECTION('',(-0.970142500145332,0.,-0.242535625036332));
#9774=DIRECTION('',(-0.242535625036332,0.,0.970142500145332));
#9775=DIRECTION('',(0.970142500145333,0.,-0.242535625036331));
#9776=DIRECTION('',(-0.242535625036331,0.,-0.970142500145333));
#9777=DIRECTION('',(-0.970142500145332,0.,-0.242535625036332));
#9778=DIRECTION('',(-0.242535625036332,0.,0.970142500145332));
#9779=DIRECTION('',(0.970142500145333,0.,-0.242535625036331));
#9780=DIRECTION('',(-0.242535625036331,0.,-0.970142500145333));
#9781=DIRECTION('',(-1.,0.,0.));
#9782=DIRECTION('',(0.,0.,1.));
#9783=DIRECTION('',(0.,0.,-1.));
#9784=DIRECTION('',(0.,-1.,0.));
#9785=DIRECTION('',(0.,-1.,0.));
#9786=DIRECTION('',(0.,-1.,0.));
#9787=DIRECTION('',(0.,-1.,0.));
#9788=DIRECTION('',(0.,-1.,0.));
#9789=DIRECTION('',(0.,0.,-1.));
#9790=DIRECTION('',(0.,-1.,0.));
#9791=DIRECTION('',(0.,0.,-1.));
#9792=DIRECTION('',(0.,-1.,0.));
#9793=DIRECTION('',(0.,-1.,0.));
#9794=DIRECTION('',(0.,0.,-1.));
#9795=DIRECTION('',(0.,-1.,0.));
#9796=DIRECTION('',(0.,0.,-1.));
#9797=DIRECTION('',(1.,0.,1.5770213417971E-16));
#9798=DIRECTION('',(1.5770213417971E-16,0.,-1.));
#9799=DIRECTION('',(0.,0.,-1.));
#9800=DIRECTION('',(0.,-1.,0.));
#9801=DIRECTION('',(0.,0.,-1.));
#9802=DIRECTION('',(0.,-1.,0.));
#9803=DIRECTION('',(0.,-1.,0.));
#9804=DIRECTION('',(0.,-1.,0.));
#9805=DIRECTION('',(0.,-1.,0.));
#9806=DIRECTION('',(0.,-1.,0.));
#9807=DIRECTION('',(0.,0.,-1.));
#9808=DIRECTION('',(0.,-1.,0.));
#9809=DIRECTION('',(0.,0.,-1.));
#9810=DIRECTION('',(0.,-1.,0.));
#9811=DIRECTION('',(0.,0.,-1.));
#9812=DIRECTION('',(0.,-1.,0.));
#9813=DIRECTION('',(0.,0.,-1.));
#9814=DIRECTION('',(-1.,0.,0.));
#9815=DIRECTION('',(-1.,0.,0.));
#9816=DIRECTION('',(1.,0.,0.));
#9817=DIRECTION('',(-0.970142500145332,0.,-0.242535625036332));
#9818=DIRECTION('',(-0.242535625036332,0.,0.970142500145332));
#9819=DIRECTION('',(0.,0.,-1.));
#9820=DIRECTION('',(-1.,0.,0.));
#9821=DIRECTION('',(0.,-1.,0.));
#9822=DIRECTION('',(-0.452910453651514,0.891556011125033,0.));
#9823=DIRECTION('',(1.,-6.82961998416067E-15,0.));
#9824=DIRECTION('',(-1.,0.,0.));
#9825=DIRECTION('',(0.,0.,1.));
#9826=DIRECTION('',(0.,-1.,0.));
#9827=DIRECTION('',(0.,0.,-1.));
#9828=DIRECTION('',(0.,0.,-1.));
#9829=DIRECTION('',(3.41480999208033E-15,0.,1.));
#9830=DIRECTION('',(1.,0.,-3.41480999208033E-15));
#9831=DIRECTION('',(0.452910453651514,-0.891556011125033,-1.54660314264683E-15));
#9832=DIRECTION('',(-1.,6.82961998416067E-15,3.41480999208033E-15));
#9833=DIRECTION('',(-1.70740499604017E-15,0.,1.));
#9834=DIRECTION('',(1.,0.,1.70740499604017E-15));
#9835=DIRECTION('',(0.,-1.,0.));
#9836=DIRECTION('',(0.452910453651517,0.891556011125032,7.73301571323418E-16));
#9837=DIRECTION('',(-1.,6.82961998416067E-15,-1.70740499604017E-15));
#9838=DIRECTION('',(1.,0.,0.));
#9839=DIRECTION('',(0.,0.,-1.));
#9840=DIRECTION('',(0.,-1.,0.));
#9841=DIRECTION('',(0.,0.,-1.));
#9842=DIRECTION('',(0.,0.,-1.));
#9843=DIRECTION('',(0.,0.,-1.));
#9844=DIRECTION('',(-1.,0.,0.));
#9845=DIRECTION('',(-0.452910453651517,-0.891556011125032,0.));
#9846=DIRECTION('',(1.,-6.82961998416067E-15,0.));
#9847=DIRECTION('',(0.970142500145332,0.,-0.242535625036334));
#9848=DIRECTION('',(-0.242535625036334,0.,-0.970142500145332));
#9849=DIRECTION('',(-0.970142500145332,0.,-0.242535625036332));
#9850=DIRECTION('',(-0.242535625036332,0.,0.970142500145332));
#9851=DIRECTION('',(0.970142500145332,0.,-0.242535625036334));
#9852=DIRECTION('',(-0.242535625036334,0.,-0.970142500145332));
#9853=DIRECTION('',(-0.970142500145332,0.,-0.242535625036332));
#9854=DIRECTION('',(-0.242535625036332,0.,0.970142500145332));
#9855=DIRECTION('',(0.970142500145332,0.,-0.242535625036334));
#9856=DIRECTION('',(-0.242535625036334,0.,-0.970142500145332));
#9857=DIRECTION('',(-0.970142500145332,0.,-0.242535625036332));
#9858=DIRECTION('',(-0.242535625036332,0.,0.970142500145332));
#9859=DIRECTION('',(0.970142500145332,0.,-0.242535625036334));
#9860=DIRECTION('',(-0.242535625036334,0.,-0.970142500145332));
#9861=DIRECTION('',(-1.,0.,0.));
#9862=DIRECTION('',(0.,0.,1.));
#9863=DIRECTION('',(0.,0.,-1.));
#9864=DIRECTION('',(0.,-1.,0.));
#9865=DIRECTION('',(0.,-1.,0.));
#9866=DIRECTION('',(0.,-1.,0.));
#9867=DIRECTION('',(0.,-1.,0.));
#9868=DIRECTION('',(0.,-1.,0.));
#9869=DIRECTION('',(1.,0.,0.));
#9870=DIRECTION('',(0.,0.,-1.));
#9871=DIRECTION('',(0.,0.,-1.));
#9872=DIRECTION('',(0.,-1.,0.));
#9873=DIRECTION('',(0.,-1.,0.));
#9874=DIRECTION('',(0.,-1.,0.));
#9875=DIRECTION('',(0.,-1.,0.));
#9876=DIRECTION('',(0.,-1.,0.));
#9877=DIRECTION('',(0.,-1.,0.));
#9878=DIRECTION('',(0.,0.,-1.));
#9879=DIRECTION('',(0.,-1.,0.));
#9880=DIRECTION('',(0.,0.,-1.));
#9881=DIRECTION('',(-0.970142500145332,0.,-0.242535625036332));
#9882=DIRECTION('',(-0.242535625036332,0.,0.970142500145332));
#9883=DIRECTION('',(0.970142500145332,0.,-0.242535625036332));
#9884=DIRECTION('',(-0.242535625036332,0.,-0.970142500145332));
#9885=DIRECTION('',(-0.970142500145332,0.,-0.242535625036332));
#9886=DIRECTION('',(-0.242535625036332,0.,0.970142500145332));
#9887=DIRECTION('',(0.970142500145332,0.,-0.242535625036332));
#9888=DIRECTION('',(-0.242535625036332,0.,-0.970142500145332));
#9889=DIRECTION('',(-0.970142500145332,0.,-0.242535625036332));
#9890=DIRECTION('',(-0.242535625036332,0.,0.970142500145332));
#9891=DIRECTION('',(0.970142500145332,0.,-0.242535625036332));
#9892=DIRECTION('',(-0.242535625036332,0.,-0.970142500145332));
#9893=DIRECTION('',(-0.970142500145332,0.,-0.242535625036332));
#9894=DIRECTION('',(-0.242535625036332,0.,0.970142500145332));
#9895=DIRECTION('',(0.970142500145332,0.,-0.242535625036332));
#9896=DIRECTION('',(-0.242535625036332,0.,-0.970142500145332));
#9897=DIRECTION('',(0.,-1.,0.));
#9898=DIRECTION('',(0.,0.,-1.));
#9899=DIRECTION('',(0.,-1.,0.));
#9900=DIRECTION('',(0.,0.,1.));
#9901=DIRECTION('',(1.,0.,0.));
#9902=DIRECTION('',(1.,0.,0.));
#9903=DIRECTION('',(0.,-1.,0.));
#9904=DIRECTION('',(-1.,0.,0.));
#9905=DIRECTION('',(0.,-1.,0.));
#9906=DIRECTION('',(0.,0.,-1.));
#9907=DIRECTION('',(0.891556011125031,-0.452910453651518,0.));
#9908=DIRECTION('',(0.452910453651518,0.891556011125031,0.));
#9909=DIRECTION('',(-0.891556011125033,-0.452910453651514,0.));
#9910=DIRECTION('',(0.452910453651514,-0.891556011125033,0.));
#9911=DIRECTION('',(0.891556011125031,-0.452910453651517,0.));
#9912=DIRECTION('',(0.452910453651517,0.891556011125032,0.));
#9913=DIRECTION('',(0.,0.,-1.));
#9914=DIRECTION('',(-1.,0.,0.));
#9915=DIRECTION('',(0.,0.,-1.));
#9916=DIRECTION('',(-0.858057070426804,-0.513554343658556,0.));
#9917=DIRECTION('',(0.513554343658556,-0.858057070426804,0.));
#9918=DIRECTION('',(0.,0.,-1.));
#9919=DIRECTION('',(0.,0.,-1.));
#9920=DIRECTION('',(-1.,0.,0.));
#9921=DIRECTION('',(0.,0.,-1.));
#9922=DIRECTION('',(-0.997785207799585,0.0665182613748967,0.));
#9923=DIRECTION('',(-0.0665182613748967,-0.997785207799585,0.));
#9924=DIRECTION('',(0.,0.,-1.));
#9925=DIRECTION('',(0.,0.,-1.));
#9926=DIRECTION('',(-1.,0.,0.));
#9927=DIRECTION('',(0.,0.,-1.));
#9928=DIRECTION('',(-0.859446292853,-0.51122604560139,0.));
#9929=DIRECTION('',(0.51122604560139,-0.859446292853001,0.));
#9930=DIRECTION('',(0.,0.,-1.));
#9931=DIRECTION('',(0.511226045601397,-0.859446292852996,0.));
#9932=DIRECTION('',(0.859446292852996,0.511226045601397,0.));
#9933=DIRECTION('',(0.,0.,-1.));
#9934=DIRECTION('',(0.969211705305922,-0.246228898178069,0.));
#9935=DIRECTION('',(0.246228898178069,0.969211705305922,0.));
#9936=DIRECTION('',(0.,0.,-1.));
#9937=DIRECTION('',(0.859446292852999,0.511226045601392,0.));
#9938=DIRECTION('',(-0.511226045601392,0.859446292852999,0.));
#9939=DIRECTION('',(0.,0.,-1.));
#9940=DIRECTION('',(0.,0.,-1.));
#9941=DIRECTION('',(-1.,0.,0.));
#9942=DIRECTION('',(0.,0.,-1.));
#9943=DIRECTION('',(0.997785207799585,-0.0665182613748967,0.));
#9944=DIRECTION('',(0.0665182613748967,0.997785207799585,0.));
#9945=DIRECTION('',(0.,0.,-1.));
#9946=DIRECTION('',(0.,0.,-1.));
#9947=DIRECTION('',(-1.,0.,0.));
#9948=DIRECTION('',(0.,0.,-1.));
#9949=DIRECTION('',(0.858057070426804,0.513554343658557,0.));
#9950=DIRECTION('',(-0.513554343658557,0.858057070426804,0.));
#9951=DIRECTION('',(0.,0.,-1.));
#9952=DIRECTION('',(0.,0.,-1.));
#9953=DIRECTION('',(-1.,0.,0.));
#9954=DIRECTION('',(0.,0.,-1.));
#9955=DIRECTION('',(-1.,0.,0.));
#9956=DIRECTION('',(0.,0.,-1.));
#9957=DIRECTION('',(-0.858057070426804,0.513554343658556,0.));
#9958=DIRECTION('',(-0.513554343658556,-0.858057070426804,0.));
#9959=DIRECTION('',(0.,0.,-1.));
#9960=DIRECTION('',(0.,0.,-1.));
#9961=DIRECTION('',(-1.,0.,0.));
#9962=DIRECTION('',(0.,0.,-1.));
#9963=DIRECTION('',(-0.997785207799585,-0.0665182613748967,0.));
#9964=DIRECTION('',(0.0665182613748967,-0.997785207799585,0.));
#9965=DIRECTION('',(0.,0.,-1.));
#9966=DIRECTION('',(0.,0.,-1.));
#9967=DIRECTION('',(-1.,0.,0.));
#9968=DIRECTION('',(0.,0.,-1.));
#9969=DIRECTION('',(-0.859446292852999,0.511226045601393,0.));
#9970=DIRECTION('',(-0.511226045601393,-0.859446292852999,0.));
#9971=DIRECTION('',(0.,0.,-1.));
#9972=DIRECTION('',(-0.969211705305922,-0.246228898178069,0.));
#9973=DIRECTION('',(0.246228898178069,-0.969211705305922,0.));
#9974=DIRECTION('',(0.,0.,-1.));
#9975=DIRECTION('',(-0.511226045601397,-0.859446292852996,0.));
#9976=DIRECTION('',(0.859446292852996,-0.511226045601397,0.));
#9977=DIRECTION('',(0.,0.,-1.));
#9978=DIRECTION('',(0.859446292853,-0.51122604560139,0.));
#9979=DIRECTION('',(0.51122604560139,0.859446292853001,0.));
#9980=DIRECTION('',(0.,0.,-1.));
#9981=DIRECTION('',(0.,0.,-1.));
#9982=DIRECTION('',(-1.,0.,0.));
#9983=DIRECTION('',(0.,0.,-1.));
#9984=DIRECTION('',(0.997785207799585,0.0665182613748967,0.));
#9985=DIRECTION('',(-0.0665182613748967,0.997785207799585,0.));
#9986=DIRECTION('',(0.,0.,-1.));
#9987=DIRECTION('',(0.,0.,-1.));
#9988=DIRECTION('',(-1.,0.,0.));
#9989=DIRECTION('',(0.,0.,-1.));
#9990=DIRECTION('',(0.858057070426804,-0.513554343658557,0.));
#9991=DIRECTION('',(0.513554343658557,0.858057070426804,0.));
#9992=DIRECTION('',(0.,0.,-1.));
#9993=DIRECTION('',(0.,0.,-1.));
#9994=DIRECTION('',(-1.,0.,0.));
#9995=DIRECTION('',(-0.891556011125032,-0.452910453651515,0.));
#9996=DIRECTION('',(0.452910453651515,-0.891556011125032,0.));
#9997=DIRECTION('',(0.,0.,-1.));
#9998=DIRECTION('',(-1.,0.,0.));
#9999=DIRECTION('',(0.,0.,-1.));
#10000=DIRECTION('',(-0.858057070426805,-0.513554343658555,0.));
#10001=DIRECTION('',(0.513554343658555,-0.858057070426805,0.));
#10002=DIRECTION('',(0.,0.,-1.));
#10003=DIRECTION('',(0.,0.,-1.));
#10004=DIRECTION('',(-1.,0.,0.));
#10005=DIRECTION('',(0.,0.,-1.));
#10006=DIRECTION('',(-0.997785207799585,0.0665182613748967,0.));
#10007=DIRECTION('',(-0.0665182613748967,-0.997785207799585,0.));
#10008=DIRECTION('',(0.,0.,-1.));
#10009=DIRECTION('',(0.,0.,-1.));
#10010=DIRECTION('',(-1.,0.,0.));
#10011=DIRECTION('',(0.,0.,-1.));
#10012=DIRECTION('',(-0.859446292853,-0.51122604560139,0.));
#10013=DIRECTION('',(0.51122604560139,-0.859446292853001,0.));
#10014=DIRECTION('',(0.,0.,-1.));
#10015=DIRECTION('',(0.511226045601397,-0.859446292852996,0.));
#10016=DIRECTION('',(0.859446292852996,0.511226045601397,0.));
#10017=DIRECTION('',(0.,0.,-1.));
#10018=DIRECTION('',(0.969211705305922,-0.246228898178069,0.));
#10019=DIRECTION('',(0.246228898178069,0.969211705305922,0.));
#10020=DIRECTION('',(0.,0.,-1.));
#10021=DIRECTION('',(0.859446292852999,0.511226045601392,0.));
#10022=DIRECTION('',(-0.511226045601392,0.859446292852999,0.));
#10023=DIRECTION('',(0.,0.,-1.));
#10024=DIRECTION('',(0.,0.,-1.));
#10025=DIRECTION('',(-1.,0.,0.));
#10026=DIRECTION('',(0.,0.,-1.));
#10027=DIRECTION('',(0.997785207799585,-0.0665182613748967,0.));
#10028=DIRECTION('',(0.0665182613748967,0.997785207799585,0.));
#10029=DIRECTION('',(0.,0.,-1.));
#10030=DIRECTION('',(0.,0.,-1.));
#10031=DIRECTION('',(-1.,0.,0.));
#10032=DIRECTION('',(0.,0.,-1.));
#10033=DIRECTION('',(0.858057070426804,0.513554343658556,0.));
#10034=DIRECTION('',(-0.513554343658556,0.858057070426804,0.));
#10035=DIRECTION('',(0.,0.,-1.));
#10036=DIRECTION('',(0.,0.,-1.));
#10037=DIRECTION('',(-1.,0.,0.));
#10038=DIRECTION('',(0.,0.,-1.));
#10039=DIRECTION('',(-1.,0.,0.));
#10040=DIRECTION('',(0.,0.,-1.));
#10041=DIRECTION('',(-0.858057070426804,0.513554343658557,0.));
#10042=DIRECTION('',(-0.513554343658557,-0.858057070426804,0.));
#10043=DIRECTION('',(0.,0.,-1.));
#10044=DIRECTION('',(0.,0.,-1.));
#10045=DIRECTION('',(-1.,0.,0.));
#10046=DIRECTION('',(0.,0.,-1.));
#10047=DIRECTION('',(-0.997785207799585,-0.0665182613748967,0.));
#10048=DIRECTION('',(0.0665182613748967,-0.997785207799585,0.));
#10049=DIRECTION('',(0.,0.,-1.));
#10050=DIRECTION('',(0.,0.,-1.));
#10051=DIRECTION('',(-1.,0.,0.));
#10052=DIRECTION('',(0.,0.,-1.));
#10053=DIRECTION('',(-0.859446292852999,0.511226045601393,0.));
#10054=DIRECTION('',(-0.511226045601393,-0.859446292852999,0.));
#10055=DIRECTION('',(0.,0.,-1.));
#10056=DIRECTION('',(-0.969211705305922,-0.246228898178069,0.));
#10057=DIRECTION('',(0.246228898178069,-0.969211705305922,0.));
#10058=DIRECTION('',(0.,0.,-1.));
#10059=DIRECTION('',(-0.511226045601397,-0.859446292852996,0.));
#10060=DIRECTION('',(0.859446292852996,-0.511226045601397,0.));
#10061=DIRECTION('',(0.,0.,-1.));
#10062=DIRECTION('',(0.859446292853,-0.51122604560139,0.));
#10063=DIRECTION('',(0.51122604560139,0.859446292853001,0.));
#10064=DIRECTION('',(0.,0.,-1.));
#10065=DIRECTION('',(0.,0.,-1.));
#10066=DIRECTION('',(-1.,0.,0.));
#10067=DIRECTION('',(0.,0.,-1.));
#10068=DIRECTION('',(0.997785207799585,0.0665182613748967,0.));
#10069=DIRECTION('',(-0.0665182613748967,0.997785207799585,0.));
#10070=DIRECTION('',(0.,0.,-1.));
#10071=DIRECTION('',(0.,0.,-1.));
#10072=DIRECTION('',(-1.,0.,0.));
#10073=DIRECTION('',(0.,0.,-1.));
#10074=DIRECTION('',(0.858057070426804,-0.513554343658557,0.));
#10075=DIRECTION('',(0.513554343658557,0.858057070426804,0.));
#10076=DIRECTION('',(0.,0.,-1.));
#10077=DIRECTION('',(0.,0.,-1.));
#10078=DIRECTION('',(-1.,0.,0.));
#10079=DIRECTION('',(6.82961998416067E-15,1.,0.));
#10080=DIRECTION('',(-1.,6.82961998416067E-15,0.));
#10081=DIRECTION('',(6.82961998416067E-15,1.,0.));
#10082=DIRECTION('',(-1.,6.82961998416067E-15,0.));
#10083=DIRECTION('',(6.82961998416066E-15,1.,0.));
#10084=DIRECTION('',(-1.,6.82961998416066E-15,0.));
#10085=DIRECTION('',(6.82961998416066E-15,1.,0.));
#10086=DIRECTION('',(-1.,6.82961998416066E-15,0.));
#10087=DIRECTION('',(0.,1.,0.));
#10088=DIRECTION('',(0.,0.,1.));
#10089=DIRECTION('',(0.,-1.,0.));
#10090=DIRECTION('',(0.,0.,-1.));
#10091=DIRECTION('',(0.,0.,-1.));
#10092=DIRECTION('',(-1.,0.,0.));
#10093=DIRECTION('',(0.,0.,-1.));
#10094=DIRECTION('',(0.,0.,-1.));
#10095=DIRECTION('',(-1.,0.,0.));
#10096=DIRECTION('',(0.,0.,-1.));
#10097=DIRECTION('',(-1.,0.,0.));
#10098=DIRECTION('',(0.,0.,-1.));
#10099=DIRECTION('',(0.,0.,-1.));
#10100=DIRECTION('',(-1.,0.,0.));
#10101=DIRECTION('',(0.,0.,1.));
#10102=DIRECTION('',(1.,0.,0.));
#10103=DIRECTION('',(0.892993836049163,-0.450068893368783,0.));
#10104=DIRECTION('',(0.450068893368783,0.892993836049163,0.));
#10105=DIRECTION('',(-0.450068893368783,-0.892993836049163,0.));
#10106=DIRECTION('',(0.,0.,-1.));
#10107=DIRECTION('',(-0.450068893368783,-0.892993836049163,0.));
#10108=DIRECTION('',(0.,0.,-1.));
#10109=DIRECTION('',(0.,1.,0.));
#10110=DIRECTION('',(0.,0.,1.));
#10111=DIRECTION('',(1.,0.,0.));
#10112=DIRECTION('',(0.,0.,-1.));
#10113=DIRECTION('',(1.,0.,0.));
#10114=DIRECTION('',(1.,0.,0.));
#10115=DIRECTION('',(0.,0.,-1.));
#10116=DIRECTION('',(0.,-1.,0.));
#10117=DIRECTION('',(0.,0.,-1.));
#10118=DIRECTION('',(0.,-1.,0.));
#10119=DIRECTION('',(-3.46944695195362E-15,-1.,0.));
#10120=DIRECTION('',(1.,-3.46944695195362E-15,0.));
#10121=DIRECTION('',(-1.,3.46944695195362E-15,0.));
#10122=DIRECTION('',(0.,0.,-1.));
#10123=DIRECTION('',(-1.,3.46944695195362E-15,0.));
#10124=DIRECTION('',(0.948683298050514,0.316227766016837,0.));
#10125=DIRECTION('',(-0.316227766016837,0.948683298050514,0.));
#10126=DIRECTION('',(0.316227766016837,-0.948683298050514,0.));
#10127=DIRECTION('',(0.,0.,-1.));
#10128=DIRECTION('',(0.316227766016837,-0.948683298050514,0.));
#10129=DIRECTION('',(1.,0.,0.));
#10130=DIRECTION('',(0.,0.,-1.));
#10131=DIRECTION('',(0.,-1.,0.));
#10132=DIRECTION('',(0.,0.,-1.));
#10133=DIRECTION('',(0.,-1.,0.));
#10134=DIRECTION('',(0.936329177569045,0.351123441588389,0.));
#10135=DIRECTION('',(-0.351123441588389,0.936329177569046,0.));
#10136=DIRECTION('',(0.351123441588389,-0.936329177569046,0.));
#10137=DIRECTION('',(0.,0.,-1.));
#10138=DIRECTION('',(0.351123441588389,-0.936329177569046,0.));
#10139=DIRECTION('',(0.,1.,0.));
#10140=DIRECTION('',(0.,0.,1.));
#10141=DIRECTION('',(1.,0.,0.));
#10142=DIRECTION('',(0.,0.,-1.));
#10143=DIRECTION('',(1.,0.,0.));
#10144=DIRECTION('',(-1.,0.,0.));
#10145=DIRECTION('',(0.,0.,1.));
#10146=DIRECTION('',(0.,1.,0.));
#10147=DIRECTION('',(0.,0.,-1.));
#10148=DIRECTION('',(0.,1.,0.));
#10149=DIRECTION('',(0.,0.,-1.));
#10150=DIRECTION('',(-1.,0.,0.));
#10151=DIRECTION('',(0.,0.,1.));
#10152=DIRECTION('',(1.,0.,0.));
#10153=DIRECTION('',(0.,0.,-1.));
#10154=DIRECTION('',(0.,0.,1.));
#10155=DIRECTION('',(1.,0.,0.));
#10156=DIRECTION('',(1.,0.,0.));
#10157=DIRECTION('',(0.,0.,-1.));
#10158=DIRECTION('',(0.,-1.,0.));
#10159=DIRECTION('',(0.,0.,-1.));
#10160=DIRECTION('',(0.,-1.,0.));
#10161=DIRECTION('',(0.,1.,0.));
#10162=DIRECTION('',(0.,0.,1.));
#10163=DIRECTION('',(1.,0.,0.));
#10164=DIRECTION('',(0.,0.,-1.));
#10165=DIRECTION('',(1.,0.,0.));
#10166=DIRECTION('',(-0.936329177569044,0.351123441588393,0.));
#10167=DIRECTION('',(-0.351123441588393,-0.936329177569044,0.));
#10168=DIRECTION('',(0.351123441588393,0.936329177569044,0.));
#10169=DIRECTION('',(0.,0.,-1.));
#10170=DIRECTION('',(0.351123441588393,0.936329177569044,0.));
#10171=DIRECTION('',(-1.,0.,0.));
#10172=DIRECTION('',(0.,0.,1.));
#10173=DIRECTION('',(0.,1.,0.));
#10174=DIRECTION('',(0.,0.,-1.));
#10175=DIRECTION('',(0.,1.,0.));
#10176=DIRECTION('',(-0.948683298050514,0.316227766016838,0.));
#10177=DIRECTION('',(-0.316227766016838,-0.948683298050514,0.));
#10178=DIRECTION('',(0.316227766016838,0.948683298050514,0.));
#10179=DIRECTION('',(0.,0.,-1.));
#10180=DIRECTION('',(0.316227766016838,0.948683298050514,0.));
#10181=DIRECTION('',(0.,-1.,0.));
#10182=DIRECTION('',(0.,0.,-1.));
#10183=DIRECTION('',(-1.,0.,0.));
#10184=DIRECTION('',(0.,0.,-1.));
#10185=DIRECTION('',(-1.,0.,0.));
#10186=DIRECTION('',(-1.,0.,0.));
#10187=DIRECTION('',(0.,0.,1.));
#10188=DIRECTION('',(0.,1.,0.));
#10189=DIRECTION('',(0.,0.,-1.));
#10190=DIRECTION('',(0.,1.,0.));
#10191=DIRECTION('',(0.,1.,0.));
#10192=DIRECTION('',(0.,0.,1.));
#10193=DIRECTION('',(1.,0.,0.));
#10194=DIRECTION('',(0.,0.,-1.));
#10195=DIRECTION('',(1.,0.,0.));
#10196=DIRECTION('',(-0.892993836049165,-0.450068893368778,0.));
#10197=DIRECTION('',(0.450068893368778,-0.892993836049166,0.));
#10198=DIRECTION('',(-0.450068893368778,0.892993836049165,0.));
#10199=DIRECTION('',(0.,0.,-1.));
#10200=DIRECTION('',(-0.450068893368778,0.892993836049165,0.));
#10201=DIRECTION('',(-1.,0.,0.));
#10202=DIRECTION('',(0.,0.,1.));
#10203=DIRECTION('',(0.,1.,0.));
#10204=DIRECTION('',(0.,0.,-1.));
#10205=DIRECTION('',(0.,1.,0.));
#10206=DIRECTION('',(0.,0.,-1.));
#10207=DIRECTION('',(-1.,0.,0.));
#10208=DIRECTION('',(0.,0.,1.));
#10209=DIRECTION('',(1.,0.,0.));
#10210=DIRECTION('',(0.,0.,-1.));
#10211=DIRECTION('',(0.,0.,1.));
#10212=DIRECTION('',(1.,0.,0.));
#10213=DIRECTION('',(-0.928619574625906,-0.371033267540259,0.));
#10214=DIRECTION('',(0.371033267540259,-0.928619574625906,0.));
#10215=DIRECTION('',(-0.371033267540259,0.928619574625906,0.));
#10216=DIRECTION('',(0.,0.,-1.));
#10217=DIRECTION('',(-0.371033267540259,0.928619574625906,0.));
#10218=DIRECTION('',(0.,-1.,0.));
#10219=DIRECTION('',(0.,0.,-1.));
#10220=DIRECTION('',(-1.,0.,0.));
#10221=DIRECTION('',(0.,0.,-1.));
#10222=DIRECTION('',(-1.,0.,0.));
#10223=DIRECTION('',(0.928597931591914,-0.371087430996012,0.));
#10224=DIRECTION('',(0.371087430996012,0.928597931591914,0.));
#10225=DIRECTION('',(-0.371087430996012,-0.928597931591914,0.));
#10226=DIRECTION('',(0.,0.,-1.));
#10227=DIRECTION('',(-0.371087430996012,-0.928597931591914,0.));
#10228=DIRECTION('',(0.,1.,0.));
#10229=DIRECTION('',(0.,0.,1.));
#10230=DIRECTION('',(1.,0.,0.));
#10231=DIRECTION('',(0.,0.,-1.));
#10232=DIRECTION('',(1.,0.,0.));
#10233=DIRECTION('',(0.,0.,-1.));
#10234=DIRECTION('',(-1.,0.,0.));
#10235=DIRECTION('',(0.,0.,1.));
#10236=DIRECTION('',(1.,0.,0.));
#10237=DIRECTION('',(0.,0.,-1.));
#10238=DIRECTION('',(0.,0.,1.));
#10239=DIRECTION('',(1.,0.,0.));
#10240=DIRECTION('',(1.,0.,0.));
#10241=DIRECTION('',(0.,0.,-1.));
#10242=DIRECTION('',(0.,-1.,0.));
#10243=DIRECTION('',(0.,-1.,0.));
#10244=DIRECTION('',(0.,0.,1.));
#10245=DIRECTION('',(1.,0.,0.));
#10246=DIRECTION('',(0.,0.,1.));
#10247=DIRECTION('',(1.,0.,0.));
#10248=DIRECTION('',(0.,1.,0.));
#10249=DIRECTION('',(1.,0.,0.));
#10250=DIRECTION('',(0.,1.,0.));
#10251=DIRECTION('',(1.,0.,0.));
#10252=CARTESIAN_POINT('',(0.,0.,0.));
#10253=CARTESIAN_POINT('',(0.,0.,0.));
#10254=CARTESIAN_POINT('',(-14.605,0.,-6.25));
#10255=CARTESIAN_POINT('',(-14.605,0.,1.25));
#10256=CARTESIAN_POINT('',(-14.605,0.,5.25));
#10257=CARTESIAN_POINT('',(-10.355,0.,1.25));
#10258=CARTESIAN_POINT('',(-6.605,0.,1.25));
#10259=CARTESIAN_POINT('',(-6.605,0.,1.25));
#10260=CARTESIAN_POINT('',(-6.605,0.,-7.25));
#10261=CARTESIAN_POINT('',(8.605,0.,-7.25));
#10262=CARTESIAN_POINT('',(-5.3975,0.,-7.25));
#10263=CARTESIAN_POINT('',(-5.3975,0.,0.));
#10264=CARTESIAN_POINT('',(-5.3975,0.,-5.853));
#10265=CARTESIAN_POINT('',(0.,0.,-5.853));
#10266=CARTESIAN_POINT('',(-0.952500000000001,0.,-5.853));
#10267=CARTESIAN_POINT('',(-0.952500000000001,0.,0.));
#10268=CARTESIAN_POINT('',(-0.952500000000001,0.,-7.25));
#10269=CARTESIAN_POINT('',(8.605,0.,-7.25));
#10270=CARTESIAN_POINT('',(0.952499999999999,0.,-7.25));
#10271=CARTESIAN_POINT('',(0.952500000000001,0.,0.));
#10272=CARTESIAN_POINT('',(0.952500000000001,0.,-5.853));
#10273=CARTESIAN_POINT('',(0.,0.,-5.853));
#10274=CARTESIAN_POINT('',(5.3975,0.,-5.853));
#10275=CARTESIAN_POINT('',(5.3975,0.,0.));
#10276=CARTESIAN_POINT('',(5.3975,0.,-7.25));
#10277=CARTESIAN_POINT('',(8.605,0.,-7.25));
#10278=CARTESIAN_POINT('',(6.605,0.,-7.25));
#10279=CARTESIAN_POINT('',(6.605,0.,-5.25));
#10280=CARTESIAN_POINT('',(6.605,0.,1.25));
#10281=CARTESIAN_POINT('',(6.605,0.,1.25));
#10282=CARTESIAN_POINT('',(14.605,0.,1.25));
#10283=CARTESIAN_POINT('',(14.605,0.,7.25));
#10284=CARTESIAN_POINT('',(14.605,0.,5.25));
#10285=CARTESIAN_POINT('',(14.605,0.,5.25));
#10286=CARTESIAN_POINT('',(5.475,0.,5.25));
#10287=CARTESIAN_POINT('',(5.475,0.,0.));
#10288=CARTESIAN_POINT('',(5.475,0.,3.725));
#10289=CARTESIAN_POINT('',(0.,0.,3.725));
#10290=CARTESIAN_POINT('',(4.725,0.,3.725));
#10291=CARTESIAN_POINT('',(4.725,0.,3.725));
#10292=CARTESIAN_POINT('',(4.725,0.,-5.125));
#10293=CARTESIAN_POINT('',(0.,0.,-5.125));
#10294=CARTESIAN_POINT('',(1.625,0.,-5.125));
#10295=CARTESIAN_POINT('',(1.625,0.,-4.125));
#10296=CARTESIAN_POINT('',(1.625,0.,3.725));
#10297=CARTESIAN_POINT('',(0.,0.,3.725));
#10298=CARTESIAN_POINT('',(0.875,0.,3.725));
#10299=CARTESIAN_POINT('',(0.875,0.,0.));
#10300=CARTESIAN_POINT('',(0.875000000000001,0.,5.25));
#10301=CARTESIAN_POINT('',(14.605,0.,5.25));
#10302=CARTESIAN_POINT('',(-0.875000000000001,0.,5.25));
#10303=CARTESIAN_POINT('',(-0.875,0.,0.));
#10304=CARTESIAN_POINT('',(-0.875,0.,3.725));
#10305=CARTESIAN_POINT('',(0.,0.,3.725));
#10306=CARTESIAN_POINT('',(-1.625,0.,3.725));
#10307=CARTESIAN_POINT('',(-1.625,0.,3.725));
#10308=CARTESIAN_POINT('',(-1.625,0.,-5.125));
#10309=CARTESIAN_POINT('',(0.,0.,-5.125));
#10310=CARTESIAN_POINT('',(-4.725,0.,-5.125));
#10311=CARTESIAN_POINT('',(-4.725,0.,-4.125));
#10312=CARTESIAN_POINT('',(-4.725,0.,3.725));
#10313=CARTESIAN_POINT('',(0.,0.,3.725));
#10314=CARTESIAN_POINT('',(-5.475,0.,3.725));
#10315=CARTESIAN_POINT('',(-5.475,0.,0.));
#10316=CARTESIAN_POINT('',(-5.475,0.,5.25));
#10317=CARTESIAN_POINT('',(14.605,0.,5.25));
#10318=CARTESIAN_POINT('',(-14.605,23.5,-6.25));
#10319=CARTESIAN_POINT('',(-14.605,20.6,3.));
#10320=CARTESIAN_POINT('',(-14.605,20.6,3.));
#10321=CARTESIAN_POINT('',(-14.605,20.6,-3.));
#10322=CARTESIAN_POINT('',(-14.605,18.773,3.));
#10323=CARTESIAN_POINT('',(-14.605,18.773,3.));
#10324=CARTESIAN_POINT('',(-14.605,18.773,3.));
#10325=CARTESIAN_POINT('',(-14.605,18.773,-3.));
#10326=CARTESIAN_POINT('',(-14.605,18.773,-3.));
#10327=CARTESIAN_POINT('',(-14.605,10.5,1.25));
#10328=CARTESIAN_POINT('',(-14.605,10.5,1.25));
#10329=CARTESIAN_POINT('',(-14.605,13.75,5.25));
#10330=CARTESIAN_POINT('',(-14.605,13.75,5.25));
#10331=CARTESIAN_POINT('',(-14.605,13.75,7.25));
#10332=CARTESIAN_POINT('',(-14.605,13.75,7.25));
#10333=CARTESIAN_POINT('',(-14.605,23.5,7.25));
#10334=CARTESIAN_POINT('',(-14.605,23.5,7.25));
#10335=CARTESIAN_POINT('',(-14.605,23.5,-6.25));
#10336=CARTESIAN_POINT('',(-14.605,23.5,-6.25));
#10337=CARTESIAN_POINT('',(-14.605,23.5,-6.25));
#10338=CARTESIAN_POINT('',(-14.605,10.5,-6.25));
#10339=CARTESIAN_POINT('',(-14.605,10.5,-8.25));
#10340=CARTESIAN_POINT('',(14.605,23.5,7.25));
#10341=CARTESIAN_POINT('',(14.605,18.773,3.));
#10342=CARTESIAN_POINT('',(14.605,18.773,3.));
#10343=CARTESIAN_POINT('',(14.605,18.773,-3.));
#10344=CARTESIAN_POINT('',(14.605,20.6,3.));
#10345=CARTESIAN_POINT('',(14.605,20.6,3.));
#10346=CARTESIAN_POINT('',(14.605,20.6,3.));
#10347=CARTESIAN_POINT('',(14.605,20.6,-3.));
#10348=CARTESIAN_POINT('',(14.605,20.6,-3.));
#10349=CARTESIAN_POINT('',(14.605,10.5,1.25));
#10350=CARTESIAN_POINT('',(14.605,10.5,1.25));
#10351=CARTESIAN_POINT('',(14.605,10.5,1.25));
#10352=CARTESIAN_POINT('',(14.605,10.5,-6.25));
#10353=CARTESIAN_POINT('',(14.605,23.5,-6.25));
#10354=CARTESIAN_POINT('',(14.605,23.5,-6.25));
#10355=CARTESIAN_POINT('',(14.605,23.5,7.25));
#10356=CARTESIAN_POINT('',(14.605,23.5,7.25));
#10357=CARTESIAN_POINT('',(14.605,23.5,7.25));
#10358=CARTESIAN_POINT('',(14.605,13.75,7.25));
#10359=CARTESIAN_POINT('',(14.605,13.75,7.25));
#10360=CARTESIAN_POINT('',(14.605,13.75,5.25));
#10361=CARTESIAN_POINT('',(14.605,13.75,5.25));
#10362=CARTESIAN_POINT('',(8.605,23.5,-7.25));
#10363=CARTESIAN_POINT('',(8.605,23.5,-7.25));
#10364=CARTESIAN_POINT('',(8.605,23.5,-7.25));
#10365=CARTESIAN_POINT('',(8.605,10.5,-7.25));
#10366=CARTESIAN_POINT('',(8.605,10.5,-7.25));
#10367=CARTESIAN_POINT('',(6.605,10.5,-7.25));
#10368=CARTESIAN_POINT('',(6.605,10.5,-7.25));
#10369=CARTESIAN_POINT('',(5.3975,23.5,-7.25));
#10370=CARTESIAN_POINT('',(5.3975,13.97,-7.25));
#10371=CARTESIAN_POINT('',(5.3975,13.97,-7.25));
#10372=CARTESIAN_POINT('',(0.952499999999999,13.97,-7.25));
#10373=CARTESIAN_POINT('',(0.9525,13.97,-7.25));
#10374=CARTESIAN_POINT('',(-0.952499999999998,23.5,-7.25));
#10375=CARTESIAN_POINT('',(-0.952499999999999,13.97,-7.25));
#10376=CARTESIAN_POINT('',(-0.9525,13.97,-7.25));
#10377=CARTESIAN_POINT('',(-5.3975,13.97,-7.25));
#10378=CARTESIAN_POINT('',(-5.3975,13.97,-7.25));
#10379=CARTESIAN_POINT('',(-6.605,10.5,-7.25));
#10380=CARTESIAN_POINT('',(-6.605,10.5,-7.25));
#10381=CARTESIAN_POINT('',(8.605,10.5,-7.25));
#10382=CARTESIAN_POINT('',(-8.605,10.5,-7.25));
#10383=CARTESIAN_POINT('',(-8.605,23.5,-7.25));
#10384=CARTESIAN_POINT('',(-8.605,23.5,-7.25));
#10385=CARTESIAN_POINT('',(8.605,23.5,-7.25));
#10386=CARTESIAN_POINT('',(1.625,23.5,3.725));
#10387=CARTESIAN_POINT('',(5.475,10.,3.725));
#10388=CARTESIAN_POINT('',(4.125,10.,3.725));
#10389=CARTESIAN_POINT('',(2.225,10.,3.725));
#10390=CARTESIAN_POINT('',(2.225,23.5,3.725));
#10391=CARTESIAN_POINT('',(2.225,14.397,3.725));
#10392=CARTESIAN_POINT('',(1.625,14.397,3.725));
#10393=CARTESIAN_POINT('',(1.625,14.397,3.725));
#10394=CARTESIAN_POINT('',(1.625,23.5,3.725));
#10395=CARTESIAN_POINT('',(1.625,15.25,3.725));
#10396=CARTESIAN_POINT('',(1.625,15.25,3.725));
#10397=CARTESIAN_POINT('',(4.725,15.25,3.725));
#10398=CARTESIAN_POINT('',(4.725,23.5,3.725));
#10399=CARTESIAN_POINT('',(4.725,14.397,3.725));
#10400=CARTESIAN_POINT('',(1.625,14.397,3.725));
#10401=CARTESIAN_POINT('',(4.125,14.397,3.725));
#10402=CARTESIAN_POINT('',(4.125,23.5,3.725));
#10403=CARTESIAN_POINT('',(-4.725,23.5,3.725));
#10404=CARTESIAN_POINT('',(-0.875,10.,3.725));
#10405=CARTESIAN_POINT('',(-2.225,10.,3.725));
#10406=CARTESIAN_POINT('',(-4.125,10.,3.725));
#10407=CARTESIAN_POINT('',(-4.125,23.5,3.725));
#10408=CARTESIAN_POINT('',(-4.125,14.397,3.725));
#10409=CARTESIAN_POINT('',(-4.725,14.397,3.725));
#10410=CARTESIAN_POINT('',(-4.725,14.397,3.725));
#10411=CARTESIAN_POINT('',(-4.725,23.5,3.725));
#10412=CARTESIAN_POINT('',(-4.725,15.25,3.725));
#10413=CARTESIAN_POINT('',(-4.725,15.25,3.725));
#10414=CARTESIAN_POINT('',(-1.625,15.25,3.725));
#10415=CARTESIAN_POINT('',(-1.625,23.5,3.725));
#10416=CARTESIAN_POINT('',(-1.625,14.397,3.725));
#10417=CARTESIAN_POINT('',(-4.725,14.397,3.725));
#10418=CARTESIAN_POINT('',(-2.225,14.397,3.725));
#10419=CARTESIAN_POINT('',(-2.225,23.5,3.725));
#10420=CARTESIAN_POINT('',(6.605,23.5,-5.25));
#10421=CARTESIAN_POINT('',(6.605,23.5,1.25));
#10422=CARTESIAN_POINT('',(6.605,15.25,1.25));
#10423=CARTESIAN_POINT('',(6.605,10.5,-7.25));
#10424=CARTESIAN_POINT('',(6.605,10.5,-5.25));
#10425=CARTESIAN_POINT('',(6.605,23.5,-5.25));
#10426=CARTESIAN_POINT('',(6.605,15.25,-5.25));
#10427=CARTESIAN_POINT('',(6.605,15.25,-5.25));
#10428=CARTESIAN_POINT('',(4.725,23.5,-4.125));
#10429=CARTESIAN_POINT('',(4.725,14.397,-4.125));
#10430=CARTESIAN_POINT('',(4.725,14.397,-4.125));
#10431=CARTESIAN_POINT('',(1.625,14.397,-4.125));
#10432=CARTESIAN_POINT('',(4.725,23.5,-4.125));
#10433=CARTESIAN_POINT('',(4.725,15.25,-4.125));
#10434=CARTESIAN_POINT('',(4.725,15.25,-4.125));
#10435=CARTESIAN_POINT('',(1.625,15.25,-4.125));
#10436=CARTESIAN_POINT('',(1.625,23.5,-4.125));
#10437=CARTESIAN_POINT('',(4.725,23.5,3.725));
#10438=CARTESIAN_POINT('',(4.725,10.,3.725));
#10439=CARTESIAN_POINT('',(4.725,10.,4.725));
#10440=CARTESIAN_POINT('',(4.725,10.,3.725));
#10441=CARTESIAN_POINT('',(4.725,-1.,4.725));
#10442=CARTESIAN_POINT('',(4.725,14.397,4.725));
#10443=CARTESIAN_POINT('',(4.725,14.397,4.725));
#10444=CARTESIAN_POINT('',(4.725,15.25,3.725));
#10445=CARTESIAN_POINT('',(4.725,15.25,1.475));
#10446=CARTESIAN_POINT('',(4.725,23.5,1.475));
#10447=CARTESIAN_POINT('',(4.725,4.12300000000001,1.475));
#10448=CARTESIAN_POINT('',(4.725,4.12300000000001,3.725));
#10449=CARTESIAN_POINT('',(4.725,4.12300000000001,-1.275));
#10450=CARTESIAN_POINT('',(4.725,23.5,-1.275));
#10451=CARTESIAN_POINT('',(4.725,15.25,-1.275));
#10452=CARTESIAN_POINT('',(4.725,15.25,3.725));
#10453=CARTESIAN_POINT('',(4.725,14.397,-5.125));
#10454=CARTESIAN_POINT('',(4.725,14.397,-5.125));
#10455=CARTESIAN_POINT('',(4.725,-1.,-5.125));
#10456=CARTESIAN_POINT('',(4.725,23.5,3.725));
#10457=CARTESIAN_POINT('',(-1.625,23.5,-4.125));
#10458=CARTESIAN_POINT('',(-1.625,14.397,-4.125));
#10459=CARTESIAN_POINT('',(-1.625,14.397,-4.125));
#10460=CARTESIAN_POINT('',(-4.725,14.397,-4.125));
#10461=CARTESIAN_POINT('',(-1.625,23.5,-4.125));
#10462=CARTESIAN_POINT('',(-1.625,15.25,-4.125));
#10463=CARTESIAN_POINT('',(-1.625,15.25,-4.125));
#10464=CARTESIAN_POINT('',(-4.725,15.25,-4.125));
#10465=CARTESIAN_POINT('',(-4.725,23.5,-4.125));
#10466=CARTESIAN_POINT('',(-1.625,23.5,3.725));
#10467=CARTESIAN_POINT('',(-1.625,10.,3.725));
#10468=CARTESIAN_POINT('',(-1.625,10.,4.725));
#10469=CARTESIAN_POINT('',(-1.625,10.,3.725));
#10470=CARTESIAN_POINT('',(-1.625,-0.36,4.725));
#10471=CARTESIAN_POINT('',(-1.625,14.397,4.725));
#10472=CARTESIAN_POINT('',(-1.625,14.397,4.725));
#10473=CARTESIAN_POINT('',(-1.625,15.25,3.725));
#10474=CARTESIAN_POINT('',(-1.625,15.25,1.475));
#10475=CARTESIAN_POINT('',(-1.625,23.5,1.475));
#10476=CARTESIAN_POINT('',(-1.625,4.12300000000001,1.475));
#10477=CARTESIAN_POINT('',(-1.625,4.12300000000001,3.725));
#10478=CARTESIAN_POINT('',(-1.625,4.12300000000001,-1.275));
#10479=CARTESIAN_POINT('',(-1.625,23.5,-1.275));
#10480=CARTESIAN_POINT('',(-1.625,15.25,-1.275));
#10481=CARTESIAN_POINT('',(-1.625,15.25,3.725));
#10482=CARTESIAN_POINT('',(-1.625,14.397,-5.125));
#10483=CARTESIAN_POINT('',(-1.625,14.397,-5.125));
#10484=CARTESIAN_POINT('',(-1.625,-0.36,-5.125));
#10485=CARTESIAN_POINT('',(-1.625,23.5,3.725));
#10486=CARTESIAN_POINT('',(-6.605,23.5,1.25));
#10487=CARTESIAN_POINT('',(-6.605,23.5,-5.25));
#10488=CARTESIAN_POINT('',(-6.605,15.25,-5.25));
#10489=CARTESIAN_POINT('',(-6.605,10.5,-5.25));
#10490=CARTESIAN_POINT('',(-6.605,10.5,1.25));
#10491=CARTESIAN_POINT('',(-6.605,23.5,1.25));
#10492=CARTESIAN_POINT('',(-6.605,15.25,1.25));
#10493=CARTESIAN_POINT('',(-6.605,15.25,1.25));
#10494=CARTESIAN_POINT('',(1.625,23.5,-4.125));
#10495=CARTESIAN_POINT('',(1.625,10.,-4.125));
#10496=CARTESIAN_POINT('',(1.625,10.,3.725));
#10497=CARTESIAN_POINT('',(1.625,10.,4.725));
#10498=CARTESIAN_POINT('',(1.625,23.5,3.725));
#10499=CARTESIAN_POINT('',(1.625,14.397,-5.125));
#10500=CARTESIAN_POINT('',(1.625,14.397,-5.125));
#10501=CARTESIAN_POINT('',(1.625,14.397,-5.125));
#10502=CARTESIAN_POINT('',(1.625,15.25,-4.125));
#10503=CARTESIAN_POINT('',(1.625,15.25,-1.275));
#10504=CARTESIAN_POINT('',(1.625,23.5,-1.275));
#10505=CARTESIAN_POINT('',(1.625,4.12300000000001,-1.275));
#10506=CARTESIAN_POINT('',(1.625,4.12300000000001,-4.125));
#10507=CARTESIAN_POINT('',(1.625,4.12300000000001,1.475));
#10508=CARTESIAN_POINT('',(1.625,23.5,1.475));
#10509=CARTESIAN_POINT('',(1.625,15.25,1.475));
#10510=CARTESIAN_POINT('',(1.625,15.25,-4.125));
#10511=CARTESIAN_POINT('',(1.625,14.397,4.725));
#10512=CARTESIAN_POINT('',(1.625,14.397,4.725));
#10513=CARTESIAN_POINT('',(1.625,14.397,4.725));
#10514=CARTESIAN_POINT('',(-4.725,23.5,-4.125));
#10515=CARTESIAN_POINT('',(-4.725,10.,-4.125));
#10516=CARTESIAN_POINT('',(-4.725,10.,3.725));
#10517=CARTESIAN_POINT('',(-4.725,10.,4.725));
#10518=CARTESIAN_POINT('',(-4.725,23.5,3.725));
#10519=CARTESIAN_POINT('',(-4.725,14.397,-5.125));
#10520=CARTESIAN_POINT('',(-4.725,14.397,-5.125));
#10521=CARTESIAN_POINT('',(-4.725,14.397,-5.125));
#10522=CARTESIAN_POINT('',(-4.725,15.25,-4.125));
#10523=CARTESIAN_POINT('',(-4.725,15.25,-1.275));
#10524=CARTESIAN_POINT('',(-4.725,23.5,-1.275));
#10525=CARTESIAN_POINT('',(-4.725,4.12300000000001,-1.275));
#10526=CARTESIAN_POINT('',(-4.725,4.12300000000001,-4.125));
#10527=CARTESIAN_POINT('',(-4.725,4.12300000000001,1.475));
#10528=CARTESIAN_POINT('',(-4.725,23.5,1.475));
#10529=CARTESIAN_POINT('',(-4.725,15.25,1.475));
#10530=CARTESIAN_POINT('',(-4.725,15.25,-4.125));
#10531=CARTESIAN_POINT('',(-4.725,14.397,4.725));
#10532=CARTESIAN_POINT('',(-4.725,14.397,4.725));
#10533=CARTESIAN_POINT('',(-4.725,14.397,4.725));
#10534=CARTESIAN_POINT('',(-8.605,23.5,-6.25));
#10535=CARTESIAN_POINT('',(-8.605,23.5,-6.25));
#10536=CARTESIAN_POINT('',(-8.605,23.5,-6.25));
#10537=CARTESIAN_POINT('',(-8.605,10.5,-6.25));
#10538=CARTESIAN_POINT('',(-8.605,10.5,-6.25));
#10539=CARTESIAN_POINT('',(-8.605,23.5,-6.25));
#10540=CARTESIAN_POINT('',(-14.605,23.5,7.25));
#10541=CARTESIAN_POINT('',(14.605,13.75,7.25));
#10542=CARTESIAN_POINT('',(-14.605,23.5,7.25));
#10543=CARTESIAN_POINT('',(14.605,23.5,-6.25));
#10544=CARTESIAN_POINT('',(14.605,10.5,-6.25));
#10545=CARTESIAN_POINT('',(8.605,10.5,-6.25));
#10546=CARTESIAN_POINT('',(8.605,23.5,-6.25));
#10547=CARTESIAN_POINT('',(8.605,23.5,-6.25));
#10548=CARTESIAN_POINT('',(14.605,23.5,-6.25));
#10549=CARTESIAN_POINT('',(8.605,23.5,-6.25));
#10550=CARTESIAN_POINT('',(8.605,10.5,-6.25));
#10551=CARTESIAN_POINT('',(8.605,23.5,-6.25));
#10552=CARTESIAN_POINT('',(13.355,23.5,-5.25));
#10553=CARTESIAN_POINT('',(13.355,10.5,-5.25));
#10554=CARTESIAN_POINT('',(13.355,10.5,-5.25));
#10555=CARTESIAN_POINT('',(13.355,23.5,-5.25));
#10556=CARTESIAN_POINT('',(13.355,23.5,-5.25));
#10557=CARTESIAN_POINT('',(13.355,23.5,-5.25));
#10558=CARTESIAN_POINT('',(7.605,23.5,-5.25));
#10559=CARTESIAN_POINT('',(7.605,15.25,-5.25));
#10560=CARTESIAN_POINT('',(7.605,15.25,-5.25));
#10561=CARTESIAN_POINT('',(13.355,15.25,-5.25));
#10562=CARTESIAN_POINT('',(13.355,23.5,-1.75));
#10563=CARTESIAN_POINT('',(13.355,10.5,-1.75));
#10564=CARTESIAN_POINT('',(13.355,10.5,-1.75));
#10565=CARTESIAN_POINT('',(13.355,23.5,-1.75));
#10566=CARTESIAN_POINT('',(13.355,23.5,-1.75));
#10567=CARTESIAN_POINT('',(13.355,23.5,-1.75));
#10568=CARTESIAN_POINT('',(10.355,23.5,-1.75));
#10569=CARTESIAN_POINT('',(10.355,10.5,-1.75));
#10570=CARTESIAN_POINT('',(10.355,10.5,-1.75));
#10571=CARTESIAN_POINT('',(10.355,23.5,-1.75));
#10572=CARTESIAN_POINT('',(10.355,23.5,-1.75));
#10573=CARTESIAN_POINT('',(10.355,23.5,-1.75));
#10574=CARTESIAN_POINT('',(10.355,23.5,1.25));
#10575=CARTESIAN_POINT('',(10.355,10.5,1.25));
#10576=CARTESIAN_POINT('',(10.355,10.5,1.25));
#10577=CARTESIAN_POINT('',(10.355,23.5,1.25));
#10578=CARTESIAN_POINT('',(10.355,23.5,1.25));
#10579=CARTESIAN_POINT('',(10.355,23.5,1.25));
#10580=CARTESIAN_POINT('',(-13.355,23.5,-5.25));
#10581=CARTESIAN_POINT('',(-13.355,10.5,-5.25));
#10582=CARTESIAN_POINT('',(-13.355,10.5,-5.25));
#10583=CARTESIAN_POINT('',(-13.355,10.5,-1.75));
#10584=CARTESIAN_POINT('',(-13.355,23.5,-5.25));
#10585=CARTESIAN_POINT('',(-13.355,23.5,-5.25));
#10586=CARTESIAN_POINT('',(-13.355,23.5,-5.25));
#10587=CARTESIAN_POINT('',(-13.355,23.5,-1.75));
#10588=CARTESIAN_POINT('',(-13.355,23.5,-1.75));
#10589=CARTESIAN_POINT('',(-6.605,23.5,-5.25));
#10590=CARTESIAN_POINT('',(-6.605,10.5,-5.25));
#10591=CARTESIAN_POINT('',(-6.605,15.25,-5.25));
#10592=CARTESIAN_POINT('',(-7.605,15.25,-5.25));
#10593=CARTESIAN_POINT('',(-7.605,15.25,-5.25));
#10594=CARTESIAN_POINT('',(-7.605,23.5,-5.25));
#10595=CARTESIAN_POINT('',(-6.605,23.5,-5.25));
#10596=CARTESIAN_POINT('',(-10.355,23.5,1.25));
#10597=CARTESIAN_POINT('',(-14.605,10.5,1.25));
#10598=CARTESIAN_POINT('',(-10.355,10.5,1.25));
#10599=CARTESIAN_POINT('',(-10.355,23.5,1.25));
#10600=CARTESIAN_POINT('',(-10.355,23.5,1.25));
#10601=CARTESIAN_POINT('',(-10.355,23.5,1.25));
#10602=CARTESIAN_POINT('',(-7.605,23.5,1.25));
#10603=CARTESIAN_POINT('',(-7.605,15.25,1.25));
#10604=CARTESIAN_POINT('',(-7.605,15.25,1.25));
#10605=CARTESIAN_POINT('',(-10.355,15.25,1.25));
#10606=CARTESIAN_POINT('',(-10.355,23.5,-1.75));
#10607=CARTESIAN_POINT('',(-10.355,10.5,-1.75));
#10608=CARTESIAN_POINT('',(-10.355,10.5,-1.75));
#10609=CARTESIAN_POINT('',(-10.355,23.5,-1.75));
#10610=CARTESIAN_POINT('',(-10.355,23.5,-1.75));
#10611=CARTESIAN_POINT('',(-10.355,23.5,-1.75));
#10612=CARTESIAN_POINT('',(6.605,23.5,1.25));
#10613=CARTESIAN_POINT('',(6.605,10.5,1.25));
#10614=CARTESIAN_POINT('',(6.605,15.25,1.25));
#10615=CARTESIAN_POINT('',(7.605,15.25,1.25));
#10616=CARTESIAN_POINT('',(7.605,15.25,1.25));
#10617=CARTESIAN_POINT('',(7.605,23.5,1.25));
#10618=CARTESIAN_POINT('',(6.605,23.5,1.25));
#10619=CARTESIAN_POINT('',(-13.355,23.5,-1.75));
#10620=CARTESIAN_POINT('',(-13.355,10.5,-1.75));
#10621=CARTESIAN_POINT('',(-13.355,23.5,-1.75));
#10622=CARTESIAN_POINT('',(-8.605,23.5,-7.25));
#10623=CARTESIAN_POINT('',(-8.605,10.5,-7.25));
#10624=CARTESIAN_POINT('',(-8.605,23.5,-7.25));
#10625=CARTESIAN_POINT('',(0.,23.5,0.));
#10626=CARTESIAN_POINT('',(-7.605,23.5,1.25));
#10627=CARTESIAN_POINT('',(-7.605,23.5,6.25));
#10628=CARTESIAN_POINT('',(-7.605,23.5,-6.25));
#10629=CARTESIAN_POINT('',(-7.605,23.5,-6.25));
#10630=CARTESIAN_POINT('',(7.605,23.5,-6.25));
#10631=CARTESIAN_POINT('',(7.605,23.5,-6.25));
#10632=CARTESIAN_POINT('',(7.605,23.5,-5.25));
#10633=CARTESIAN_POINT('',(7.605,23.5,6.25));
#10634=CARTESIAN_POINT('',(7.605,23.5,6.25));
#10635=CARTESIAN_POINT('',(-7.605,23.5,6.25));
#10636=CARTESIAN_POINT('',(-7.605,15.25,1.25));
#10637=CARTESIAN_POINT('',(-7.605,15.25,6.25));
#10638=CARTESIAN_POINT('',(-7.605,15.25,6.25));
#10639=CARTESIAN_POINT('',(-7.605,15.25,1.25));
#10640=CARTESIAN_POINT('',(-7.605,15.25,6.25));
#10641=CARTESIAN_POINT('',(7.605,15.25,6.25));
#10642=CARTESIAN_POINT('',(7.605,15.25,6.25));
#10643=CARTESIAN_POINT('',(-7.605,15.25,6.25));
#10644=CARTESIAN_POINT('',(7.605,15.25,6.25));
#10645=CARTESIAN_POINT('',(7.605,15.25,6.25));
#10646=CARTESIAN_POINT('',(7.605,15.25,-5.25));
#10647=CARTESIAN_POINT('',(7.605,15.25,-6.25));
#10648=CARTESIAN_POINT('',(7.605,15.25,-6.25));
#10649=CARTESIAN_POINT('',(7.605,15.25,-5.25));
#10650=CARTESIAN_POINT('',(7.605,15.25,-6.25));
#10651=CARTESIAN_POINT('',(-7.605,15.25,-6.25));
#10652=CARTESIAN_POINT('',(-7.605,15.25,-6.25));
#10653=CARTESIAN_POINT('',(7.605,15.25,-6.25));
#10654=CARTESIAN_POINT('',(-7.605,15.25,-6.25));
#10655=CARTESIAN_POINT('',(-7.605,15.25,-6.25));
#10656=CARTESIAN_POINT('',(0.,15.25,0.));
#10657=CARTESIAN_POINT('',(0.,15.25,1.475));
#10658=CARTESIAN_POINT('',(-5.225,15.25,1.475));
#10659=CARTESIAN_POINT('',(-5.225,15.25,0.));
#10660=CARTESIAN_POINT('',(-5.225,15.25,-1.275));
#10661=CARTESIAN_POINT('',(0.,15.25,-1.275));
#10662=CARTESIAN_POINT('',(0.,15.25,-1.275));
#10663=CARTESIAN_POINT('',(-1.125,15.25,-1.275));
#10664=CARTESIAN_POINT('',(-1.125,15.25,0.));
#10665=CARTESIAN_POINT('',(-1.125,15.25,1.475));
#10666=CARTESIAN_POINT('',(0.,15.25,1.475));
#10667=CARTESIAN_POINT('',(0.,15.25,1.475));
#10668=CARTESIAN_POINT('',(1.125,15.25,1.475));
#10669=CARTESIAN_POINT('',(1.125,15.25,0.));
#10670=CARTESIAN_POINT('',(1.125,15.25,-1.275));
#10671=CARTESIAN_POINT('',(0.,15.25,-1.275));
#10672=CARTESIAN_POINT('',(0.,15.25,-1.275));
#10673=CARTESIAN_POINT('',(5.225,15.25,-1.275));
#10674=CARTESIAN_POINT('',(5.225,15.25,0.));
#10675=CARTESIAN_POINT('',(5.225,15.25,1.475));
#10676=CARTESIAN_POINT('',(0.,15.25,1.475));
#10677=CARTESIAN_POINT('',(0.,0.,4.725));
#10678=CARTESIAN_POINT('',(0.,10.,4.725));
#10679=CARTESIAN_POINT('',(4.125,10.,4.725));
#10680=CARTESIAN_POINT('',(4.125,14.397,4.725));
#10681=CARTESIAN_POINT('',(4.125,14.397,4.725));
#10682=CARTESIAN_POINT('',(4.725,14.397,4.725));
#10683=CARTESIAN_POINT('',(4.125,14.397,4.725));
#10684=CARTESIAN_POINT('',(4.125,10.,4.725));
#10685=CARTESIAN_POINT('',(4.125,14.397,4.725));
#10686=CARTESIAN_POINT('',(4.725,14.397,4.725));
#10687=CARTESIAN_POINT('',(0.,0.,4.725));
#10688=CARTESIAN_POINT('',(2.225,-0.359999999999992,4.725));
#10689=CARTESIAN_POINT('',(2.225,10.,4.725));
#10690=CARTESIAN_POINT('',(2.225,14.397,4.725));
#10691=CARTESIAN_POINT('',(0.,10.,4.725));
#10692=CARTESIAN_POINT('',(2.225,14.397,4.725));
#10693=CARTESIAN_POINT('',(2.225,-0.359999999999992,4.725));
#10694=CARTESIAN_POINT('',(2.225,10.,4.725));
#10695=CARTESIAN_POINT('',(2.225,14.397,4.725));
#10696=CARTESIAN_POINT('',(2.225,14.397,4.725));
#10697=CARTESIAN_POINT('',(0.,0.,4.725));
#10698=CARTESIAN_POINT('',(0.,10.,4.725));
#10699=CARTESIAN_POINT('',(-2.225,10.,4.725));
#10700=CARTESIAN_POINT('',(-2.225,14.397,4.725));
#10701=CARTESIAN_POINT('',(-2.225,14.397,4.725));
#10702=CARTESIAN_POINT('',(-1.625,14.397,4.725));
#10703=CARTESIAN_POINT('',(-2.225,14.397,4.725));
#10704=CARTESIAN_POINT('',(-2.225,10.,4.725));
#10705=CARTESIAN_POINT('',(-2.225,14.397,4.725));
#10706=CARTESIAN_POINT('',(-1.625,14.397,4.725));
#10707=CARTESIAN_POINT('',(0.,0.,4.725));
#10708=CARTESIAN_POINT('',(-4.125,-0.36,4.725));
#10709=CARTESIAN_POINT('',(-4.125,10.,4.725));
#10710=CARTESIAN_POINT('',(-4.125,14.397,4.725));
#10711=CARTESIAN_POINT('',(0.,10.,4.725));
#10712=CARTESIAN_POINT('',(-4.125,14.397,4.725));
#10713=CARTESIAN_POINT('',(-4.125,14.397,4.725));
#10714=CARTESIAN_POINT('',(-4.125,14.397,4.725));
#10715=CARTESIAN_POINT('',(-4.125,-0.36,4.725));
#10716=CARTESIAN_POINT('',(-4.125,10.,4.725));
#10717=CARTESIAN_POINT('',(-1.625,14.397,-5.125));
#10718=CARTESIAN_POINT('',(-1.625,14.397,-5.125));
#10719=CARTESIAN_POINT('',(0.,0.,-5.125));
#10720=CARTESIAN_POINT('',(0.,0.,-5.125));
#10721=CARTESIAN_POINT('',(4.725,14.397,-5.125));
#10722=CARTESIAN_POINT('',(4.725,14.397,-5.125));
#10723=CARTESIAN_POINT('',(0.,0.,1.475));
#10724=CARTESIAN_POINT('',(5.225,4.12300000000001,1.475));
#10725=CARTESIAN_POINT('',(5.225,4.12300000000001,1.475));
#10726=CARTESIAN_POINT('',(1.125,4.12300000000001,1.475));
#10727=CARTESIAN_POINT('',(0.,0.,-1.275));
#10728=CARTESIAN_POINT('',(1.125,4.12300000000001,-1.275));
#10729=CARTESIAN_POINT('',(5.225,4.12300000000001,-1.275));
#10730=CARTESIAN_POINT('',(5.225,4.12300000000001,-1.275));
#10731=CARTESIAN_POINT('',(5.225,4.12300000000001,1.475));
#10732=CARTESIAN_POINT('',(5.225,4.12300000000001,1.475));
#10733=CARTESIAN_POINT('',(1.125,4.12300000000001,1.475));
#10734=CARTESIAN_POINT('',(0.,0.,-1.275));
#10735=CARTESIAN_POINT('',(1.125,22.5,-1.275));
#10736=CARTESIAN_POINT('',(1.125,4.12300000000001,-1.275));
#10737=CARTESIAN_POINT('',(1.125,4.12300000000001,-1.275));
#10738=CARTESIAN_POINT('',(0.,0.,1.475));
#10739=CARTESIAN_POINT('',(1.125,4.12300000000001,1.475));
#10740=CARTESIAN_POINT('',(1.125,4.12300000000001,1.475));
#10741=CARTESIAN_POINT('',(1.125,22.5,1.475));
#10742=CARTESIAN_POINT('',(1.125,22.5,1.475));
#10743=CARTESIAN_POINT('',(1.125,4.12300000000001,1.475));
#10744=CARTESIAN_POINT('',(1.125,4.12300000000001,1.475));
#10745=CARTESIAN_POINT('',(0.,0.,1.475));
#10746=CARTESIAN_POINT('',(-1.125,4.12300000000001,1.475));
#10747=CARTESIAN_POINT('',(-1.125,4.12300000000001,1.475));
#10748=CARTESIAN_POINT('',(-5.225,4.12300000000001,1.475));
#10749=CARTESIAN_POINT('',(0.,0.,-1.275));
#10750=CARTESIAN_POINT('',(-5.225,4.12300000000001,-1.275));
#10751=CARTESIAN_POINT('',(-1.125,4.12300000000001,-1.275));
#10752=CARTESIAN_POINT('',(-1.125,4.12300000000001,-1.275));
#10753=CARTESIAN_POINT('',(-1.125,4.12300000000001,1.475));
#10754=CARTESIAN_POINT('',(-1.125,4.12300000000001,1.475));
#10755=CARTESIAN_POINT('',(-5.225,4.12300000000001,1.475));
#10756=CARTESIAN_POINT('',(0.,0.,1.475));
#10757=CARTESIAN_POINT('',(-5.225,4.12300000000001,1.475));
#10758=CARTESIAN_POINT('',(-5.225,4.12300000000001,1.475));
#10759=CARTESIAN_POINT('',(-5.225,23.5,1.475));
#10760=CARTESIAN_POINT('',(0.,0.,-1.275));
#10761=CARTESIAN_POINT('',(-5.225,23.5,-1.275));
#10762=CARTESIAN_POINT('',(-5.225,4.12300000000001,-1.275));
#10763=CARTESIAN_POINT('',(-5.225,4.12300000000001,-1.275));
#10764=CARTESIAN_POINT('',(-5.225,23.5,1.475));
#10765=CARTESIAN_POINT('',(-5.225,4.12300000000001,1.475));
#10766=CARTESIAN_POINT('',(-5.225,4.12300000000001,1.475));
#10767=CARTESIAN_POINT('',(14.605,13.75,5.25));
#10768=CARTESIAN_POINT('',(6.475,13.75,5.25));
#10769=CARTESIAN_POINT('',(6.475,0.999999999999999,5.25));
#10770=CARTESIAN_POINT('',(6.475,5.02,5.25));
#10771=CARTESIAN_POINT('',(14.605,5.02,5.25));
#10772=CARTESIAN_POINT('',(8.19259726406538,5.02,5.25));
#10773=CARTESIAN_POINT('',(10.795,5.52000000000001,5.25));
#10774=CARTESIAN_POINT('',(13.3974027359346,5.02,5.25));
#10775=CARTESIAN_POINT('',(14.605,5.02,5.25));
#10776=CARTESIAN_POINT('',(13.605,5.02,5.25));
#10777=CARTESIAN_POINT('',(13.605,13.75,5.25));
#10778=CARTESIAN_POINT('',(13.605,0.999999999999998,5.25));
#10779=CARTESIAN_POINT('',(14.605,0.999999999999997,5.25));
#10780=CARTESIAN_POINT('',(-13.605,13.75,5.25));
#10781=CARTESIAN_POINT('',(-13.605,0.999999999999998,5.25));
#10782=CARTESIAN_POINT('',(-13.605,5.02,5.25));
#10783=CARTESIAN_POINT('',(14.605,5.02,5.25));
#10784=CARTESIAN_POINT('',(-13.3974027359346,5.02,5.25));
#10785=CARTESIAN_POINT('',(-10.795,5.52,5.25));
#10786=CARTESIAN_POINT('',(-8.19259726406538,5.02,5.25));
#10787=CARTESIAN_POINT('',(14.605,5.02,5.25));
#10788=CARTESIAN_POINT('',(-6.475,5.02,5.25));
#10789=CARTESIAN_POINT('',(-6.475,13.75,5.25));
#10790=CARTESIAN_POINT('',(-6.475,0.999999999999999,5.25));
#10791=CARTESIAN_POINT('',(14.605,1.,5.25));
#10792=CARTESIAN_POINT('',(14.605,6.02,5.25));
#10793=CARTESIAN_POINT('',(8.19259726406538,6.02,5.25));
#10794=CARTESIAN_POINT('',(6.475,6.02,5.25));
#10795=CARTESIAN_POINT('',(6.475,13.75,5.25));
#10796=CARTESIAN_POINT('',(6.475,13.75,5.25));
#10797=CARTESIAN_POINT('',(14.605,13.75,5.25));
#10798=CARTESIAN_POINT('',(-6.475,13.75,5.25));
#10799=CARTESIAN_POINT('',(-6.475,13.75,5.25));
#10800=CARTESIAN_POINT('',(-6.475,6.02,5.25));
#10801=CARTESIAN_POINT('',(14.605,6.02,5.25));
#10802=CARTESIAN_POINT('',(-8.19259726406538,6.02,5.25));
#10803=CARTESIAN_POINT('',(-10.795,5.52,5.25));
#10804=CARTESIAN_POINT('',(-13.3974027359346,6.02,5.25));
#10805=CARTESIAN_POINT('',(14.605,6.02,5.25));
#10806=CARTESIAN_POINT('',(-13.605,6.02,5.25));
#10807=CARTESIAN_POINT('',(-13.605,13.75,5.25));
#10808=CARTESIAN_POINT('',(-13.605,13.75,5.25));
#10809=CARTESIAN_POINT('',(14.605,13.75,5.25));
#10810=CARTESIAN_POINT('',(-5.475,13.75,5.25));
#10811=CARTESIAN_POINT('',(-5.475,10.,5.25));
#10812=CARTESIAN_POINT('',(14.605,10.,5.25));
#10813=CARTESIAN_POINT('',(-0.875,10.,5.25));
#10814=CARTESIAN_POINT('',(-0.875000000000001,13.75,5.25));
#10815=CARTESIAN_POINT('',(0.875000000000001,13.75,5.25));
#10816=CARTESIAN_POINT('',(0.875000000000001,10.,5.25));
#10817=CARTESIAN_POINT('',(14.605,10.,5.25));
#10818=CARTESIAN_POINT('',(5.475,10.,5.25));
#10819=CARTESIAN_POINT('',(5.475,13.75,5.25));
#10820=CARTESIAN_POINT('',(14.605,13.75,5.25));
#10821=CARTESIAN_POINT('',(13.605,13.75,5.25));
#10822=CARTESIAN_POINT('',(13.605,13.75,5.25));
#10823=CARTESIAN_POINT('',(13.605,6.02,5.25));
#10824=CARTESIAN_POINT('',(14.605,6.02,5.25));
#10825=CARTESIAN_POINT('',(13.3974027359346,6.02,5.25));
#10826=CARTESIAN_POINT('',(10.795,5.52,5.25));
#10827=CARTESIAN_POINT('',(14.605,13.75,7.25));
#10828=CARTESIAN_POINT('',(-13.605,13.75,5.15));
#10829=CARTESIAN_POINT('',(-13.605,13.75,5.15));
#10830=CARTESIAN_POINT('',(-6.475,13.75,5.15));
#10831=CARTESIAN_POINT('',(-6.475,13.75,5.15));
#10832=CARTESIAN_POINT('',(-6.475,13.75,5.15));
#10833=CARTESIAN_POINT('',(6.475,13.75,5.15));
#10834=CARTESIAN_POINT('',(6.475,13.75,5.15));
#10835=CARTESIAN_POINT('',(13.605,13.75,5.15));
#10836=CARTESIAN_POINT('',(13.605,13.75,5.15));
#10837=CARTESIAN_POINT('',(13.605,13.75,5.15));
#10838=CARTESIAN_POINT('',(-0.875,-0.36,3.725));
#10839=CARTESIAN_POINT('',(-0.875,10.,3.725));
#10840=CARTESIAN_POINT('',(-0.875,10.,3.725));
#10841=CARTESIAN_POINT('',(-0.875,-0.36,3.725));
#10842=CARTESIAN_POINT('',(-5.475,10.,3.725));
#10843=CARTESIAN_POINT('',(-5.475,10.,3.725));
#10844=CARTESIAN_POINT('',(-5.475,10.,3.725));
#10845=CARTESIAN_POINT('',(-5.475,10.,3.725));
#10846=CARTESIAN_POINT('',(-0.875,10.,3.725));
#10847=CARTESIAN_POINT('',(-0.875,10.,3.725));
#10848=CARTESIAN_POINT('',(-0.875,10.,3.725));
#10849=CARTESIAN_POINT('',(0.,0.,3.725));
#10850=CARTESIAN_POINT('',(0.,0.,3.725));
#10851=CARTESIAN_POINT('',(0.,0.,3.725));
#10852=CARTESIAN_POINT('',(5.475,-1.,3.725));
#10853=CARTESIAN_POINT('',(5.475,10.,3.725));
#10854=CARTESIAN_POINT('',(5.475,10.,3.725));
#10855=CARTESIAN_POINT('',(0.,0.,3.725));
#10856=CARTESIAN_POINT('',(5.475,10.,3.725));
#10857=CARTESIAN_POINT('',(0.875,10.,3.725));
#10858=CARTESIAN_POINT('',(0.875,10.,3.725));
#10859=CARTESIAN_POINT('',(5.475,-1.,3.725));
#10860=CARTESIAN_POINT('',(5.475,10.,3.725));
#10861=CARTESIAN_POINT('',(5.475,10.,3.725));
#10862=CARTESIAN_POINT('',(0.875,10.,3.725));
#10863=CARTESIAN_POINT('',(0.875,10.,3.725));
#10864=CARTESIAN_POINT('',(-0.952500000000001,-0.36,-5.853));
#10865=CARTESIAN_POINT('',(-0.952500000000001,-0.36,-5.853));
#10866=CARTESIAN_POINT('',(-0.9525,13.97,-5.853));
#10867=CARTESIAN_POINT('',(-0.9525,13.97,-5.853));
#10868=CARTESIAN_POINT('',(-5.3975,13.97,-5.853));
#10869=CARTESIAN_POINT('',(-5.3975,13.97,-5.853));
#10870=CARTESIAN_POINT('',(-5.3975,13.97,-5.853));
#10871=CARTESIAN_POINT('',(-5.3975,13.97,-5.853));
#10872=CARTESIAN_POINT('',(-0.9525,13.97,-5.853));
#10873=CARTESIAN_POINT('',(-0.9525,13.97,-5.853));
#10874=CARTESIAN_POINT('',(0.,0.,-5.853));
#10875=CARTESIAN_POINT('',(0.,0.,-5.853));
#10876=CARTESIAN_POINT('',(0.9525,13.97,-5.853));
#10877=CARTESIAN_POINT('',(0.952499999999999,13.97,-5.853));
#10878=CARTESIAN_POINT('',(5.3975,13.97,-5.853));
#10879=CARTESIAN_POINT('',(5.3975,13.97,-5.853));
#10880=CARTESIAN_POINT('',(5.3975,-1.,-5.853));
#10881=CARTESIAN_POINT('',(5.3975,-1.,-5.853));
#10882=CARTESIAN_POINT('',(5.3975,13.97,-5.853));
#10883=CARTESIAN_POINT('',(0.9525,13.97,-5.853));
#10884=CARTESIAN_POINT('',(0.952499999999999,13.97,-5.853));
#10885=CARTESIAN_POINT('',(5.3975,13.97,-5.853));
#10886=CARTESIAN_POINT('',(0.,10.5,0.));
#10887=CARTESIAN_POINT('',(0.,10.5,0.));
#10888=CARTESIAN_POINT('',(-13.605,6.02,5.15));
#10889=CARTESIAN_POINT('',(-13.3974027359346,6.02,5.15));
#10890=CARTESIAN_POINT('',(-13.3974027359346,6.02,5.15));
#10891=CARTESIAN_POINT('',(-13.605,6.02,5.15));
#10892=CARTESIAN_POINT('',(-13.605,6.02,5.15));
#10893=CARTESIAN_POINT('',(-13.605,6.02,5.15));
#10894=CARTESIAN_POINT('',(-10.795,5.52,5.15));
#10895=CARTESIAN_POINT('',(-8.19259726406538,6.02,5.15));
#10896=CARTESIAN_POINT('',(-8.19259726406538,6.02,5.15));
#10897=CARTESIAN_POINT('',(-10.795,5.52,5.15));
#10898=CARTESIAN_POINT('',(-8.19259726406538,6.02,5.15));
#10899=CARTESIAN_POINT('',(-6.475,6.02,5.15));
#10900=CARTESIAN_POINT('',(-6.475,6.02,5.15));
#10901=CARTESIAN_POINT('',(-8.19259726406538,6.02,5.15));
#10902=CARTESIAN_POINT('',(-13.605,13.75,5.15));
#10903=CARTESIAN_POINT('',(-13.605,13.75,5.15));
#10904=CARTESIAN_POINT('',(-6.475,6.02,5.15));
#10905=CARTESIAN_POINT('',(-6.475,6.02,5.15));
#10906=CARTESIAN_POINT('',(-10.795,5.52,5.15));
#10907=CARTESIAN_POINT('',(-13.3974027359346,5.02,5.15));
#10908=CARTESIAN_POINT('',(-13.605,5.02,5.15));
#10909=CARTESIAN_POINT('',(-13.605,5.02,5.15));
#10910=CARTESIAN_POINT('',(-13.3974027359346,5.02,5.15));
#10911=CARTESIAN_POINT('',(-13.3974027359346,5.02,5.15));
#10912=CARTESIAN_POINT('',(-13.3974027359346,5.02,5.15));
#10913=CARTESIAN_POINT('',(-13.605,5.02,5.15));
#10914=CARTESIAN_POINT('',(-13.605,0.999999999999998,5.15));
#10915=CARTESIAN_POINT('',(-13.605,0.999999999999998,5.15));
#10916=CARTESIAN_POINT('',(-13.605,5.02,5.15));
#10917=CARTESIAN_POINT('',(-13.605,0.999999999999998,5.15));
#10918=CARTESIAN_POINT('',(-6.475,0.999999999999999,5.15));
#10919=CARTESIAN_POINT('',(-6.475,0.999999999999999,5.15));
#10920=CARTESIAN_POINT('',(-13.605,0.999999999999998,5.15));
#10921=CARTESIAN_POINT('',(-6.475,0.999999999999999,5.15));
#10922=CARTESIAN_POINT('',(-6.475,5.02,5.15));
#10923=CARTESIAN_POINT('',(-6.475,5.02,5.15));
#10924=CARTESIAN_POINT('',(-6.475,0.999999999999999,5.15));
#10925=CARTESIAN_POINT('',(-6.475,5.02,5.15));
#10926=CARTESIAN_POINT('',(-8.19259726406538,5.02,5.15));
#10927=CARTESIAN_POINT('',(-8.19259726406538,5.02,5.15));
#10928=CARTESIAN_POINT('',(-6.475,5.02,5.15));
#10929=CARTESIAN_POINT('',(-10.795,5.52,5.15));
#10930=CARTESIAN_POINT('',(-10.795,5.52,5.15));
#10931=CARTESIAN_POINT('',(-10.795,5.52,5.15));
#10932=CARTESIAN_POINT('',(6.475,6.02,5.15));
#10933=CARTESIAN_POINT('',(8.19259726406538,6.02,5.15));
#10934=CARTESIAN_POINT('',(8.19259726406538,6.02,5.15));
#10935=CARTESIAN_POINT('',(6.475,6.02,5.15));
#10936=CARTESIAN_POINT('',(6.475,6.02,5.15));
#10937=CARTESIAN_POINT('',(6.475,6.02,5.15));
#10938=CARTESIAN_POINT('',(10.795,5.52,5.15));
#10939=CARTESIAN_POINT('',(13.3974027359346,6.02,5.15));
#10940=CARTESIAN_POINT('',(13.3974027359346,6.02,5.15));
#10941=CARTESIAN_POINT('',(10.795,5.52,5.15));
#10942=CARTESIAN_POINT('',(13.3974027359346,6.02,5.15));
#10943=CARTESIAN_POINT('',(13.605,6.02,5.15));
#10944=CARTESIAN_POINT('',(13.605,6.02,5.15));
#10945=CARTESIAN_POINT('',(13.3974027359346,6.02,5.15));
#10946=CARTESIAN_POINT('',(6.475,13.75,5.15));
#10947=CARTESIAN_POINT('',(6.475,13.75,5.15));
#10948=CARTESIAN_POINT('',(13.605,6.02,5.15));
#10949=CARTESIAN_POINT('',(13.605,6.02,5.15));
#10950=CARTESIAN_POINT('',(10.795,5.52,5.15));
#10951=CARTESIAN_POINT('',(8.19259726406538,5.02,5.15));
#10952=CARTESIAN_POINT('',(6.475,5.02,5.15));
#10953=CARTESIAN_POINT('',(6.475,5.02,5.15));
#10954=CARTESIAN_POINT('',(8.19259726406538,5.02,5.15));
#10955=CARTESIAN_POINT('',(8.19259726406538,5.02,5.15));
#10956=CARTESIAN_POINT('',(8.19259726406538,5.02,5.15));
#10957=CARTESIAN_POINT('',(6.475,5.02,5.15));
#10958=CARTESIAN_POINT('',(6.475,0.999999999999999,5.15));
#10959=CARTESIAN_POINT('',(6.475,0.999999999999999,5.15));
#10960=CARTESIAN_POINT('',(6.475,5.02,5.15));
#10961=CARTESIAN_POINT('',(6.475,0.999999999999999,5.15));
#10962=CARTESIAN_POINT('',(13.605,0.999999999999998,5.15));
#10963=CARTESIAN_POINT('',(13.605,0.999999999999998,5.15));
#10964=CARTESIAN_POINT('',(6.475,0.999999999999999,5.15));
#10965=CARTESIAN_POINT('',(13.605,0.999999999999998,5.15));
#10966=CARTESIAN_POINT('',(13.605,5.02,5.15));
#10967=CARTESIAN_POINT('',(13.605,5.02,5.15));
#10968=CARTESIAN_POINT('',(13.605,0.999999999999998,5.15));
#10969=CARTESIAN_POINT('',(13.605,5.02,5.15));
#10970=CARTESIAN_POINT('',(13.3974027359346,5.02,5.15));
#10971=CARTESIAN_POINT('',(13.3974027359346,5.02,5.15));
#10972=CARTESIAN_POINT('',(13.605,5.02,5.15));
#10973=CARTESIAN_POINT('',(10.795,5.52000000000001,5.15));
#10974=CARTESIAN_POINT('',(10.795,5.52000000000001,5.15));
#10975=CARTESIAN_POINT('',(10.795,5.52000000000001,5.15));
#10976=CARTESIAN_POINT('',(-15.605,19.1718519932579,3.));
#10977=CARTESIAN_POINT('',(-15.605,19.1718519932579,-3.));
#10978=CARTESIAN_POINT('',(-15.605,19.1718519932579,-3.));
#10979=CARTESIAN_POINT('',(-15.605,18.3399872981078,-3.));
#10980=CARTESIAN_POINT('',(-15.605,18.3399872981078,3.));
#10981=CARTESIAN_POINT('',(-15.605,18.3399872981078,3.));
#10982=CARTESIAN_POINT('',(-15.605,19.1718519932579,3.));
#10983=CARTESIAN_POINT('',(-15.605,19.1718519932579,3.));
#10984=CARTESIAN_POINT('',(-15.605,19.1718519932579,3.));
#10985=CARTESIAN_POINT('',(-15.605,18.3399872981078,3.));
#10986=CARTESIAN_POINT('',(-15.605,18.3399872981078,-3.));
#10987=CARTESIAN_POINT('',(-14.855,18.773,-3.));
#10988=CARTESIAN_POINT('',(-14.855,18.773,3.));
#10989=CARTESIAN_POINT('',(-14.855,18.773,3.));
#10990=CARTESIAN_POINT('',(-15.605,18.3399872981078,3.));
#10991=CARTESIAN_POINT('',(-14.855,18.773,3.));
#10992=CARTESIAN_POINT('',(-14.855,18.773,-3.));
#10993=CARTESIAN_POINT('',(-14.855,18.773,3.));
#10994=CARTESIAN_POINT('',(-14.605,20.6,3.));
#10995=CARTESIAN_POINT('',(-14.605,20.6,-3.));
#10996=CARTESIAN_POINT('',(-14.605,20.6,3.));
#10997=CARTESIAN_POINT('',(0.,0.,3.));
#10998=CARTESIAN_POINT('',(0.,0.,-3.));
#10999=CARTESIAN_POINT('',(14.605,18.773,3.));
#11000=CARTESIAN_POINT('',(14.605,18.773,-3.));
#11001=CARTESIAN_POINT('',(14.855,18.773,-3.));
#11002=CARTESIAN_POINT('',(14.855,18.773,3.));
#11003=CARTESIAN_POINT('',(14.855,18.773,3.));
#11004=CARTESIAN_POINT('',(14.605,18.773,3.));
#11005=CARTESIAN_POINT('',(14.855,18.773,3.));
#11006=CARTESIAN_POINT('',(14.855,18.773,-3.));
#11007=CARTESIAN_POINT('',(15.605,18.3399872981078,-3.));
#11008=CARTESIAN_POINT('',(15.605,18.3399872981078,3.));
#11009=CARTESIAN_POINT('',(15.605,18.3399872981078,3.));
#11010=CARTESIAN_POINT('',(14.855,18.773,3.));
#11011=CARTESIAN_POINT('',(15.605,18.3399872981078,3.));
#11012=CARTESIAN_POINT('',(15.605,18.3399872981078,-3.));
#11013=CARTESIAN_POINT('',(15.605,19.1718519932579,-3.));
#11014=CARTESIAN_POINT('',(15.605,19.1718519932579,3.));
#11015=CARTESIAN_POINT('',(15.605,19.1718519932579,3.));
#11016=CARTESIAN_POINT('',(15.605,18.3399872981078,3.));
#11017=CARTESIAN_POINT('',(15.605,19.1718519932579,3.));
#11018=CARTESIAN_POINT('',(15.605,19.1718519932579,-3.));
#11019=CARTESIAN_POINT('',(15.605,19.1718519932579,3.));
#11020=CARTESIAN_POINT('',(0.,0.,3.));
#11021=CARTESIAN_POINT('',(0.,0.,-3.));
#11022=CARTESIAN_POINT('',(0.,0.,0.));
#11023=CARTESIAN_POINT('',(4.949,0.56,-5.));
#11024=CARTESIAN_POINT('',(-3.175,14.33,-5.));
#11025=CARTESIAN_POINT('',(-3.175,13.88,-5.));
#11026=CARTESIAN_POINT('',(-3.62498999988889,14.327,-5.));
#11027=CARTESIAN_POINT('',(-3.175,14.33,-5.));
#11028=CARTESIAN_POINT('',(-2.72501000011111,14.327,-5.));
#11029=CARTESIAN_POINT('',(4.949,14.327,-5.));
#11030=CARTESIAN_POINT('',(-2.655,14.327,-5.));
#11031=CARTESIAN_POINT('',(-2.655,14.4,-5.));
#11032=CARTESIAN_POINT('',(-2.655,0.56,-5.));
#11033=CARTESIAN_POINT('',(4.949,0.56,-5.));
#11034=CARTESIAN_POINT('',(-3.695,0.56,-5.));
#11035=CARTESIAN_POINT('',(-3.695,14.4,-5.));
#11036=CARTESIAN_POINT('',(-3.695,14.327,-5.));
#11037=CARTESIAN_POINT('',(4.949,14.327,-5.));
#11038=CARTESIAN_POINT('',(4.949,0.56,-5.));
#11039=CARTESIAN_POINT('',(3.175,14.33,-5.));
#11040=CARTESIAN_POINT('',(3.175,13.88,-5.));
#11041=CARTESIAN_POINT('',(2.72501000011111,14.327,-5.));
#11042=CARTESIAN_POINT('',(3.175,14.33,-5.));
#11043=CARTESIAN_POINT('',(3.62498999988889,14.327,-5.));
#11044=CARTESIAN_POINT('',(4.949,14.327,-5.));
#11045=CARTESIAN_POINT('',(3.695,14.327,-5.));
#11046=CARTESIAN_POINT('',(3.695,14.4,-5.));
#11047=CARTESIAN_POINT('',(3.695,0.56,-5.));
#11048=CARTESIAN_POINT('',(4.949,0.56,-5.));
#11049=CARTESIAN_POINT('',(2.655,0.56,-5.));
#11050=CARTESIAN_POINT('',(2.655,14.4,-5.));
#11051=CARTESIAN_POINT('',(2.655,14.327,-5.));
#11052=CARTESIAN_POINT('',(4.949,14.327,-5.));
#11053=CARTESIAN_POINT('',(4.949,0.56,-3.));
#11054=CARTESIAN_POINT('',(2.655,0.56,-4.));
#11055=CARTESIAN_POINT('',(1.655,0.56,-4.));
#11056=CARTESIAN_POINT('',(3.695,0.56,-4.));
#11057=CARTESIAN_POINT('',(4.695,0.56,-4.));
#11058=CARTESIAN_POINT('',(4.695,0.56,-3.));
#11059=CARTESIAN_POINT('',(4.695,0.56,-3.));
#11060=CARTESIAN_POINT('',(4.949,0.56,-3.));
#11061=CARTESIAN_POINT('',(4.195,0.56,-3.));
#11062=CARTESIAN_POINT('',(4.195,0.56,-3.));
#11063=CARTESIAN_POINT('',(4.195,0.56,-4.));
#11064=CARTESIAN_POINT('',(3.695,0.56,-4.));
#11065=CARTESIAN_POINT('',(3.695,0.56,-4.5));
#11066=CARTESIAN_POINT('',(4.949,0.56,-4.5));
#11067=CARTESIAN_POINT('',(2.655,0.56,-4.5));
#11068=CARTESIAN_POINT('',(2.655,0.56,-4.));
#11069=CARTESIAN_POINT('',(2.155,0.56,-4.));
#11070=CARTESIAN_POINT('',(2.155,0.56,-3.));
#11071=CARTESIAN_POINT('',(2.155,0.56,-3.));
#11072=CARTESIAN_POINT('',(4.949,0.56,-3.));
#11073=CARTESIAN_POINT('',(1.655,0.56,-3.));
#11074=CARTESIAN_POINT('',(1.655,0.56,-3.));
#11075=CARTESIAN_POINT('',(4.949,14.327,-5.));
#11076=CARTESIAN_POINT('',(-3.62498999988889,14.327,-1.25));
#11077=CARTESIAN_POINT('',(-3.62498999988889,14.327,-4.5));
#11078=CARTESIAN_POINT('',(-3.695,14.327,-4.));
#11079=CARTESIAN_POINT('',(-4.695,14.327,-4.));
#11080=CARTESIAN_POINT('',(-4.695,14.327,-5.));
#11081=CARTESIAN_POINT('',(-4.695,14.327,-3.5));
#11082=CARTESIAN_POINT('',(4.949,14.327,-3.5));
#11083=CARTESIAN_POINT('',(-4.195,14.327,-3.5));
#11084=CARTESIAN_POINT('',(-4.195,14.327,-5.));
#11085=CARTESIAN_POINT('',(-4.195,14.327,-4.));
#11086=CARTESIAN_POINT('',(-3.695,14.327,-4.));
#11087=CARTESIAN_POINT('',(-3.695,14.327,-4.5));
#11088=CARTESIAN_POINT('',(4.949,14.327,-4.5));
#11089=CARTESIAN_POINT('',(4.949,14.327,-5.));
#11090=CARTESIAN_POINT('',(-2.72501000011111,14.327,-1.25));
#11091=CARTESIAN_POINT('',(-2.72501000011111,14.327,-4.5));
#11092=CARTESIAN_POINT('',(4.949,14.327,-4.5));
#11093=CARTESIAN_POINT('',(-2.655,14.327,-4.5));
#11094=CARTESIAN_POINT('',(-2.655,14.327,-4.));
#11095=CARTESIAN_POINT('',(-2.155,14.327,-4.));
#11096=CARTESIAN_POINT('',(-2.155,14.327,-5.));
#11097=CARTESIAN_POINT('',(-2.155,14.327,-3.5));
#11098=CARTESIAN_POINT('',(4.949,14.327,-3.5));
#11099=CARTESIAN_POINT('',(-1.655,14.327,-3.5));
#11100=CARTESIAN_POINT('',(-1.655,14.327,-5.));
#11101=CARTESIAN_POINT('',(-1.655,14.327,-4.));
#11102=CARTESIAN_POINT('',(-2.655,14.327,-4.));
#11103=CARTESIAN_POINT('',(4.949,14.327,-5.));
#11104=CARTESIAN_POINT('',(2.655,14.327,-4.));
#11105=CARTESIAN_POINT('',(1.655,14.327,-4.));
#11106=CARTESIAN_POINT('',(1.655,14.327,-5.));
#11107=CARTESIAN_POINT('',(1.655,14.327,-3.5));
#11108=CARTESIAN_POINT('',(4.949,14.327,-3.5));
#11109=CARTESIAN_POINT('',(2.155,14.327,-3.5));
#11110=CARTESIAN_POINT('',(2.155,14.327,-5.));
#11111=CARTESIAN_POINT('',(2.155,14.327,-4.));
#11112=CARTESIAN_POINT('',(2.655,14.327,-4.));
#11113=CARTESIAN_POINT('',(2.655,14.327,-4.5));
#11114=CARTESIAN_POINT('',(4.949,14.327,-4.5));
#11115=CARTESIAN_POINT('',(2.72501000011111,14.327,-4.5));
#11116=CARTESIAN_POINT('',(2.72501000011111,14.327,-1.25));
#11117=CARTESIAN_POINT('',(4.949,14.327,-5.));
#11118=CARTESIAN_POINT('',(3.62498999988889,14.327,-1.25));
#11119=CARTESIAN_POINT('',(3.62498999988889,14.327,-4.5));
#11120=CARTESIAN_POINT('',(4.949,14.327,-4.5));
#11121=CARTESIAN_POINT('',(3.695,14.327,-4.5));
#11122=CARTESIAN_POINT('',(3.695,14.327,-4.));
#11123=CARTESIAN_POINT('',(4.195,14.327,-4.));
#11124=CARTESIAN_POINT('',(4.195,14.327,-5.));
#11125=CARTESIAN_POINT('',(4.195,14.327,-3.5));
#11126=CARTESIAN_POINT('',(4.949,14.327,-3.5));
#11127=CARTESIAN_POINT('',(4.695,14.327,-3.5));
#11128=CARTESIAN_POINT('',(4.695,14.327,-5.));
#11129=CARTESIAN_POINT('',(4.695,14.327,-4.));
#11130=CARTESIAN_POINT('',(3.695,14.327,-4.));
#11131=CARTESIAN_POINT('',(4.949,14.327,-3.5));
#11132=CARTESIAN_POINT('',(-2.155,14.327,-3.5));
#11133=CARTESIAN_POINT('',(-2.155,14.83,-3.5));
#11134=CARTESIAN_POINT('',(-2.655,14.83,-3.5));
#11135=CARTESIAN_POINT('',(-2.2259714647866,15.0867771718293,-3.5));
#11136=CARTESIAN_POINT('',(0.00114421765648725,11.3656668714766,-3.5));
#11137=CARTESIAN_POINT('',(-2.5130570704268,15.5664456563414,-3.5));
#11138=CARTESIAN_POINT('',(-1.65500000000002,16.08,-3.5));
#11139=CARTESIAN_POINT('',(-2.65278520779958,16.1465182613749,-3.5));
#11140=CARTESIAN_POINT('',(-2.73991288004384,14.8395883934193,-3.5));
#11141=CARTESIAN_POINT('',(-2.32610739610021,21.0467408693126,-3.5));
#11142=CARTESIAN_POINT('',(-2.82499999999999,21.08,-3.5));
#11143=CARTESIAN_POINT('',(-2.3952768535735,21.3356130228007,-3.5));
#11144=CARTESIAN_POINT('',(2.60354872576162,12.9318508323897,-3.5));
#11145=CARTESIAN_POINT('',(-2.73247793730622,21.9024977186287,-3.5));
#11146=CARTESIAN_POINT('',(-4.07463699557778,16.6194611648996,-3.5));
#11147=CARTESIAN_POINT('',(-2.6628338878559,22.1766321863196,-3.5));
#11148=CARTESIAN_POINT('',(-0.489271872188178,23.4695361448096,-3.5));
#11149=CARTESIAN_POINT('',(-2.405,22.33,-3.5));
#11150=CARTESIAN_POINT('',(3.0332718721881,13.1874638551904,-3.5));
#11151=CARTESIAN_POINT('',(-1.965553707147,21.5912260456014,-3.5));
#11152=CARTESIAN_POINT('',(-2.82500000000001,21.08,-3.5));
#11153=CARTESIAN_POINT('',(-1.82721479220041,21.0134817386251,-3.5));
#11154=CARTESIAN_POINT('',(-2.24102027614404,14.8063292627319,-3.5));
#11155=CARTESIAN_POINT('',(-2.15389260389979,16.1132591306874,-3.5));
#11156=CARTESIAN_POINT('',(-1.65499999999996,16.08,-3.5));
#11157=CARTESIAN_POINT('',(-2.0840285352134,15.8232228281707,-3.5));
#11158=CARTESIAN_POINT('',(0.430172752869883,11.6224440433059,-3.5));
#11159=CARTESIAN_POINT('',(-1.79694292957319,15.3435543436586,-3.5));
#11160=CARTESIAN_POINT('',(-2.65499999999999,14.83,-3.5));
#11161=CARTESIAN_POINT('',(-1.655,14.83,-3.5));
#11162=CARTESIAN_POINT('',(-1.655,14.327,-3.5));
#11163=CARTESIAN_POINT('',(4.949,14.327,-3.5));
#11164=CARTESIAN_POINT('',(1.655,14.327,-3.5));
#11165=CARTESIAN_POINT('',(1.655,14.83,-3.5));
#11166=CARTESIAN_POINT('',(2.65499999999999,14.83,-3.5));
#11167=CARTESIAN_POINT('',(1.79694292957319,15.3435543436586,-3.5));
#11168=CARTESIAN_POINT('',(2.18030660351898,15.9840861881184,-3.5));
#11169=CARTESIAN_POINT('',(2.0840285352134,15.8232228281707,-3.5));
#11170=CARTESIAN_POINT('',(1.65499999999996,16.08,-3.5));
#11171=CARTESIAN_POINT('',(2.15389260389979,16.1132591306874,-3.5));
#11172=CARTESIAN_POINT('',(2.28481574983961,14.149389725847,-3.5));
#11173=CARTESIAN_POINT('',(1.82721479220041,21.0134817386251,-3.5));
#11174=CARTESIAN_POINT('',(2.82500000000001,21.08,-3.5));
#11175=CARTESIAN_POINT('',(1.965553707147,21.5912260456014,-3.5));
#11176=CARTESIAN_POINT('',(-0.446409086285276,17.5363612765809,-3.5));
#11177=CARTESIAN_POINT('',(2.405,22.33,-3.5));
#11178=CARTESIAN_POINT('',(7.80040908628529,19.120638723419,-3.5));
#11179=CARTESIAN_POINT('',(2.6628338878559,22.1766321863196,-3.5));
#11180=CARTESIAN_POINT('',(4.67473957418724,14.2573239508025,-3.5));
#11181=CARTESIAN_POINT('',(2.73247793730622,21.9024977186287,-3.5));
#11182=CARTESIAN_POINT('',(-0.0166859398587791,17.2807482537802,-3.5));
#11183=CARTESIAN_POINT('',(2.3952768535735,21.3356130228007,-3.5));
#11184=CARTESIAN_POINT('',(2.82499999999997,21.08,-3.5));
#11185=CARTESIAN_POINT('',(2.32610739610021,21.0467408693126,-3.5));
#11186=CARTESIAN_POINT('',(2.7837083537394,14.1826488565345,-3.5));
#11187=CARTESIAN_POINT('',(2.65278520779958,16.1465182613749,-3.5));
#11188=CARTESIAN_POINT('',(1.65499999999995,16.08,-3.5));
#11189=CARTESIAN_POINT('',(2.5130570704268,15.5664456563414,-3.5));
#11190=CARTESIAN_POINT('',(2.60933513873238,15.7273090162891,-3.5));
#11191=CARTESIAN_POINT('',(2.2259714647866,15.0867771718293,-3.5));
#11192=CARTESIAN_POINT('',(2.655,14.83,-3.5));
#11193=CARTESIAN_POINT('',(2.155,14.83,-3.5));
#11194=CARTESIAN_POINT('',(2.155,14.327,-3.5));
#11195=CARTESIAN_POINT('',(4.949,14.327,-3.5));
#11196=CARTESIAN_POINT('',(4.195,14.327,-3.5));
#11197=CARTESIAN_POINT('',(4.195,14.83,-3.5));
#11198=CARTESIAN_POINT('',(3.69500000000002,14.83,-3.5));
#11199=CARTESIAN_POINT('',(4.1240285352134,15.0867771718293,-3.5));
#11200=CARTESIAN_POINT('',(4.67640751195136,14.163851112693,-3.5));
#11201=CARTESIAN_POINT('',(3.8369429295732,15.5664456563414,-3.5));
#11202=CARTESIAN_POINT('',(4.69499999999999,16.08,-3.5));
#11203=CARTESIAN_POINT('',(3.69721479220042,16.1465182613749,-3.5));
#11204=CARTESIAN_POINT('',(3.58199040769441,14.4181329418919,-3.5));
#11205=CARTESIAN_POINT('',(4.02389260389979,21.0467408693126,-3.5));
#11206=CARTESIAN_POINT('',(3.52500000000001,21.08,-3.5));
#11207=CARTESIAN_POINT('',(3.9547231464265,21.3356130228007,-3.5));
#11208=CARTESIAN_POINT('',(7.29396308315876,15.7218587759975,-3.5));
#11209=CARTESIAN_POINT('',(3.61752206269378,21.9024977186287,-3.5));
#11210=CARTESIAN_POINT('',(1.89037094803001,15.1040468075025,-3.5));
#11211=CARTESIAN_POINT('',(3.6871661121441,22.1766321863196,-3.5));
#11212=CARTESIAN_POINT('',(1.17031377041471,20.6795282012018,-3.5));
#11213=CARTESIAN_POINT('',(3.945,22.33,-3.5));
#11214=CARTESIAN_POINT('',(7.72368622958526,15.9774717987982,-3.5));
#11215=CARTESIAN_POINT('',(4.384446292853,21.5912260456014,-3.5));
#11216=CARTESIAN_POINT('',(3.52500000000002,21.08,-3.5));
#11217=CARTESIAN_POINT('',(4.52278520779959,21.0134817386251,-3.5));
#11218=CARTESIAN_POINT('',(4.0808830115942,14.3848738112044,-3.5));
#11219=CARTESIAN_POINT('',(4.19610739610021,16.1132591306874,-3.5));
#11220=CARTESIAN_POINT('',(4.69500000000004,16.08,-3.5));
#11221=CARTESIAN_POINT('',(4.2659714647866,15.8232228281707,-3.5));
#11222=CARTESIAN_POINT('',(5.10543604716476,14.4206282845222,-3.5));
#11223=CARTESIAN_POINT('',(4.5530570704268,15.3435543436586,-3.5));
#11224=CARTESIAN_POINT('',(3.69499999999998,14.83,-3.5));
#11225=CARTESIAN_POINT('',(4.695,14.83,-3.5));
#11226=CARTESIAN_POINT('',(4.695,14.327,-3.5));
#11227=CARTESIAN_POINT('',(-3.695,14.4,-4.5));
#11228=CARTESIAN_POINT('',(-3.175,14.33,-4.5));
#11229=CARTESIAN_POINT('',(-3.175,13.88,-4.5));
#11230=CARTESIAN_POINT('',(-3.695,14.4,-4.5));
#11231=CARTESIAN_POINT('',(-3.695,0.56,-4.5));
#11232=CARTESIAN_POINT('',(4.949,0.56,-4.5));
#11233=CARTESIAN_POINT('',(-2.655,0.56,-4.5));
#11234=CARTESIAN_POINT('',(-2.655,14.4,-4.5));
#11235=CARTESIAN_POINT('',(-3.175,14.33,-4.5));
#11236=CARTESIAN_POINT('',(2.655,14.4,-4.5));
#11237=CARTESIAN_POINT('',(3.175,14.33,-4.5));
#11238=CARTESIAN_POINT('',(3.175,13.88,-4.5));
#11239=CARTESIAN_POINT('',(2.655,14.4,-4.5));
#11240=CARTESIAN_POINT('',(3.695,14.4,-4.5));
#11241=CARTESIAN_POINT('',(3.175,14.33,-4.5));
#11242=CARTESIAN_POINT('',(4.949,22.33,3.1));
#11243=CARTESIAN_POINT('',(2.65500000000001,14.83,3.1));
#11244=CARTESIAN_POINT('',(1.79694292957319,15.3435543436586,3.1));
#11245=CARTESIAN_POINT('',(1.655,14.83,3.1));
#11246=CARTESIAN_POINT('',(1.655,22.33,3.1));
#11247=CARTESIAN_POINT('',(1.655,14.327,3.1));
#11248=CARTESIAN_POINT('',(4.949,14.327,3.1));
#11249=CARTESIAN_POINT('',(2.155,14.327,3.1));
#11250=CARTESIAN_POINT('',(2.155,22.33,3.1));
#11251=CARTESIAN_POINT('',(2.155,14.83,3.1));
#11252=CARTESIAN_POINT('',(2.655,14.83,3.1));
#11253=CARTESIAN_POINT('',(2.2259714647866,15.0867771718293,3.1));
#11254=CARTESIAN_POINT('',(6.13592860053623,21.6196132909729,3.1));
#11255=CARTESIAN_POINT('',(2.5130570704268,15.5664456563414,3.1));
#11256=CARTESIAN_POINT('',(1.65499999999995,16.08,3.1));
#11257=CARTESIAN_POINT('',(2.65278520779958,16.1465182613749,3.1));
#11258=CARTESIAN_POINT('',(2.25254174294031,22.1502381497265,3.1));
#11259=CARTESIAN_POINT('',(2.32610739610021,21.0467408693126,3.1));
#11260=CARTESIAN_POINT('',(2.82499999999997,21.08,3.1));
#11261=CARTESIAN_POINT('',(2.3952768535735,21.3356130228007,3.1));
#11262=CARTESIAN_POINT('',(3.49960281174645,23.1921476399612,3.1));
#11263=CARTESIAN_POINT('',(2.73247793730622,21.9024977186287,3.1));
#11264=CARTESIAN_POINT('',(2.76484018800623,21.7751127024077,3.1));
#11265=CARTESIAN_POINT('',(2.6628338878559,22.1766321863196,3.1));
#11266=CARTESIAN_POINT('',(4.28412033468004,21.2122393372381,3.1));
#11267=CARTESIAN_POINT('',(2.405,22.33,3.1));
#11268=CARTESIAN_POINT('',(3.06987966531994,23.4477606627619,3.1));
#11269=CARTESIAN_POINT('',(1.965553707147,21.5912260456014,3.1));
#11270=CARTESIAN_POINT('',(2.82500000000001,21.08,3.1));
#11271=CARTESIAN_POINT('',(1.82721479220041,21.0134817386251,3.1));
#11272=CARTESIAN_POINT('',(1.75364913904052,22.116979019039,3.1));
#11273=CARTESIAN_POINT('',(2.15389260389979,16.1132591306874,3.1));
#11274=CARTESIAN_POINT('',(1.65499999999999,16.08,3.1));
#11275=CARTESIAN_POINT('',(2.0840285352134,15.8232228281707,3.1));
#11276=CARTESIAN_POINT('',(5.70690006532283,21.8763904628022,3.1));
#11277=CARTESIAN_POINT('',(4.949,22.33,3.1));
#11278=CARTESIAN_POINT('',(-3.69499999999999,14.83,3.1));
#11279=CARTESIAN_POINT('',(-4.55305707042681,15.3435543436586,3.1));
#11280=CARTESIAN_POINT('',(-4.695,14.83,3.1));
#11281=CARTESIAN_POINT('',(-4.695,22.33,3.1));
#11282=CARTESIAN_POINT('',(-4.695,14.327,3.1));
#11283=CARTESIAN_POINT('',(4.949,14.327,3.1));
#11284=CARTESIAN_POINT('',(-4.195,14.327,3.1));
#11285=CARTESIAN_POINT('',(-4.195,22.33,3.1));
#11286=CARTESIAN_POINT('',(-4.195,14.83,3.1));
#11287=CARTESIAN_POINT('',(-3.69500000000002,14.83,3.1));
#11288=CARTESIAN_POINT('',(-4.1240285352134,15.0867771718293,3.1));
#11289=CARTESIAN_POINT('',(1.46066530624134,24.4177975321892,3.1));
#11290=CARTESIAN_POINT('',(-3.8369429295732,15.5664456563414,3.1));
#11291=CARTESIAN_POINT('',(-4.69500000000005,16.08,3.1));
#11292=CARTESIAN_POINT('',(-3.69721479220042,16.1465182613749,3.1));
#11293=CARTESIAN_POINT('',(-4.06936154479794,21.728782698199,3.1));
#11294=CARTESIAN_POINT('',(-4.02389260389979,21.0467408693126,3.1));
#11295=CARTESIAN_POINT('',(-3.52500000000003,21.08,3.1));
#11296=CARTESIAN_POINT('',(-3.9547231464265,21.3356130228007,3.1));
#11297=CARTESIAN_POINT('',(-1.19081154565069,25.982155583569,3.1));
#11298=CARTESIAN_POINT('',(-3.61752206269378,21.9024977186287,3.1));
#11299=CARTESIAN_POINT('',(-3.20016775560156,20.2596983450105,3.1));
#11300=CARTESIAN_POINT('',(-3.6871661121441,22.1766321863196,3.1));
#11301=CARTESIAN_POINT('',(2.62453469207716,18.4222313936303,3.1));
#11302=CARTESIAN_POINT('',(-3.945,22.33,3.1));
#11303=CARTESIAN_POINT('',(-1.62053469207722,26.2377686063697,3.1));
#11304=CARTESIAN_POINT('',(-4.384446292853,21.5912260456014,3.1));
#11305=CARTESIAN_POINT('',(-3.52499999999999,21.08,3.1));
#11306=CARTESIAN_POINT('',(-4.52278520779959,21.0134817386251,3.1));
#11307=CARTESIAN_POINT('',(-4.56825414869773,21.6955235675116,3.1));
#11308=CARTESIAN_POINT('',(-4.19610739610021,16.1132591306874,3.1));
#11309=CARTESIAN_POINT('',(-4.69500000000001,16.08,3.1));
#11310=CARTESIAN_POINT('',(-4.2659714647866,15.8232228281707,3.1));
#11311=CARTESIAN_POINT('',(1.03163677102795,24.6745747040185,3.1));
#11312=CARTESIAN_POINT('',(4.949,22.33,3.1));
#11313=CARTESIAN_POINT('',(3.69500000000002,14.83,3.1));
#11314=CARTESIAN_POINT('',(4.195,14.83,3.1));
#11315=CARTESIAN_POINT('',(4.1240285352134,15.0867771718293,3.1));
#11316=CARTESIAN_POINT('',(4.195,22.33,3.1));
#11317=CARTESIAN_POINT('',(4.195,14.327,3.1));
#11318=CARTESIAN_POINT('',(4.949,14.327,3.1));
#11319=CARTESIAN_POINT('',(4.695,14.327,3.1));
#11320=CARTESIAN_POINT('',(4.695,22.33,3.1));
#11321=CARTESIAN_POINT('',(4.695,14.83,3.1));
#11322=CARTESIAN_POINT('',(3.69499999999998,14.83,3.1));
#11323=CARTESIAN_POINT('',(4.5530570704268,15.3435543436586,3.1));
#11324=CARTESIAN_POINT('',(1.57884258536093,20.312932559206,3.1));
#11325=CARTESIAN_POINT('',(4.2659714647866,15.8232228281707,3.1));
#11326=CARTESIAN_POINT('',(4.69500000000004,16.08,3.1));
#11327=CARTESIAN_POINT('',(4.19610739610021,16.1132591306874,3.1));
#11328=CARTESIAN_POINT('',(4.61204962239329,22.3524631043964,3.1));
#11329=CARTESIAN_POINT('',(4.52278520779959,21.0134817386251,3.1));
#11330=CARTESIAN_POINT('',(3.52500000000002,21.08,3.1));
#11331=CARTESIAN_POINT('',(4.384446292853,21.5912260456014,3.1));
#11332=CARTESIAN_POINT('',(4.20739747798004,21.8888711849792,3.1));
#11333=CARTESIAN_POINT('',(3.945,22.33,3.1));
#11334=CARTESIAN_POINT('',(4.68660252201995,22.7711288150208,3.1));
#11335=CARTESIAN_POINT('',(3.6871661121441,22.1766321863196,3.1));
#11336=CARTESIAN_POINT('',(3.80027033421102,22.6218355591077,3.1));
#11337=CARTESIAN_POINT('',(3.61752206269378,21.9024977186287,3.1));
#11338=CARTESIAN_POINT('',(3.77767433155354,21.6332581621785,3.1));
#11339=CARTESIAN_POINT('',(3.9547231464265,21.3356130228007,3.1));
#11340=CARTESIAN_POINT('',(3.52500000000001,21.08,3.1));
#11341=CARTESIAN_POINT('',(4.02389260389979,21.0467408693126,3.1));
#11342=CARTESIAN_POINT('',(4.1131570184935,22.3857222350839,3.1));
#11343=CARTESIAN_POINT('',(3.69721479220042,16.1465182613749,3.1));
#11344=CARTESIAN_POINT('',(4.69499999999999,16.08,3.1));
#11345=CARTESIAN_POINT('',(3.8369429295732,15.5664456563414,3.1));
#11346=CARTESIAN_POINT('',(1.14981405014752,20.0561553873767,3.1));
#11347=CARTESIAN_POINT('',(4.949,8.31,4.6));
#11348=CARTESIAN_POINT('',(5.32170588235294,8.31,4.69317647058824));
#11349=CARTESIAN_POINT('',(4.595,8.31,7.6));
#11350=CARTESIAN_POINT('',(4.695,8.31,7.2));
#11351=CARTESIAN_POINT('',(4.695,8.31,4.6));
#11352=CARTESIAN_POINT('',(4.695,8.31,4.6));
#11353=CARTESIAN_POINT('',(4.949,8.31,4.6));
#11354=CARTESIAN_POINT('',(4.195,8.31,4.6));
#11355=CARTESIAN_POINT('',(4.195,8.31,4.6));
#11356=CARTESIAN_POINT('',(4.195,8.31,7.2));
#11357=CARTESIAN_POINT('',(3.62758823529412,8.31,4.93035294117647));
#11358=CARTESIAN_POINT('',(4.295,8.31,7.6));
#11359=CARTESIAN_POINT('',(4.949,8.31,7.6));
#11360=CARTESIAN_POINT('',(4.949,8.31,4.6));
#11361=CARTESIAN_POINT('',(2.93111764705882,8.31,4.09552941176471));
#11362=CARTESIAN_POINT('',(2.055,8.31,7.6));
#11363=CARTESIAN_POINT('',(2.155,8.31,7.2));
#11364=CARTESIAN_POINT('',(2.155,8.31,4.6));
#11365=CARTESIAN_POINT('',(2.155,8.31,4.6));
#11366=CARTESIAN_POINT('',(4.949,8.31,4.6));
#11367=CARTESIAN_POINT('',(1.655,8.31,4.6));
#11368=CARTESIAN_POINT('',(1.655,8.31,4.6));
#11369=CARTESIAN_POINT('',(1.655,8.31,7.2));
#11370=CARTESIAN_POINT('',(1.237,8.31,5.528));
#11371=CARTESIAN_POINT('',(1.755,8.31,7.6));
#11372=CARTESIAN_POINT('',(4.949,8.31,7.6));
#11373=CARTESIAN_POINT('',(4.949,8.31,4.6));
#11374=CARTESIAN_POINT('',(-0.654764705882359,8.31,3.19905882352942));
#11375=CARTESIAN_POINT('',(-1.755,8.31,7.6));
#11376=CARTESIAN_POINT('',(-1.655,8.31,7.2));
#11377=CARTESIAN_POINT('',(-1.655,8.31,4.6));
#11378=CARTESIAN_POINT('',(-1.655,8.31,4.6));
#11379=CARTESIAN_POINT('',(4.949,8.31,4.6));
#11380=CARTESIAN_POINT('',(-2.155,8.31,4.6));
#11381=CARTESIAN_POINT('',(-2.155,8.31,4.6));
#11382=CARTESIAN_POINT('',(-2.155,8.31,7.2));
#11383=CARTESIAN_POINT('',(-2.34888235294118,8.31,6.42447058823528));
#11384=CARTESIAN_POINT('',(-2.055,8.31,7.6));
#11385=CARTESIAN_POINT('',(4.949,8.31,7.6));
#11386=CARTESIAN_POINT('',(4.949,8.31,7.6));
#11387=CARTESIAN_POINT('',(4.949,7.67,7.6));
#11388=CARTESIAN_POINT('',(4.595,7.67,7.6));
#11389=CARTESIAN_POINT('',(4.295,7.67,7.6));
#11390=CARTESIAN_POINT('',(4.595,14.4,7.6));
#11391=CARTESIAN_POINT('',(4.295,14.4,7.6));
#11392=CARTESIAN_POINT('',(4.949,8.31,7.6));
#11393=CARTESIAN_POINT('',(4.949,7.67,7.6));
#11394=CARTESIAN_POINT('',(2.055,7.67,7.6));
#11395=CARTESIAN_POINT('',(1.755,7.67,7.6));
#11396=CARTESIAN_POINT('',(2.055,14.4,7.6));
#11397=CARTESIAN_POINT('',(1.755,14.4,7.6));
#11398=CARTESIAN_POINT('',(4.949,8.31,7.6));
#11399=CARTESIAN_POINT('',(4.949,7.67,7.6));
#11400=CARTESIAN_POINT('',(-1.755,7.67,7.6));
#11401=CARTESIAN_POINT('',(-2.055,7.67,7.6));
#11402=CARTESIAN_POINT('',(-1.755,14.4,7.6));
#11403=CARTESIAN_POINT('',(-2.055,14.4,7.6));
#11404=CARTESIAN_POINT('',(4.949,7.67,7.6));
#11405=CARTESIAN_POINT('',(4.949,7.67,4.6));
#11406=CARTESIAN_POINT('',(4.695,7.67,4.6));
#11407=CARTESIAN_POINT('',(4.195,7.67,4.6));
#11408=CARTESIAN_POINT('',(4.695,7.67,7.6));
#11409=CARTESIAN_POINT('',(4.695,7.67,7.2));
#11410=CARTESIAN_POINT('',(4.61582352941177,7.67,7.51670588235294));
#11411=CARTESIAN_POINT('',(4.33347058823529,7.67,7.75388235294118));
#11412=CARTESIAN_POINT('',(4.195,7.67,7.2));
#11413=CARTESIAN_POINT('',(4.195,7.67,7.6));
#11414=CARTESIAN_POINT('',(4.949,7.67,7.6));
#11415=CARTESIAN_POINT('',(4.949,7.67,4.6));
#11416=CARTESIAN_POINT('',(2.155,7.67,4.6));
#11417=CARTESIAN_POINT('',(1.655,7.67,4.6));
#11418=CARTESIAN_POINT('',(2.155,7.67,7.6));
#11419=CARTESIAN_POINT('',(2.155,7.67,7.2));
#11420=CARTESIAN_POINT('',(2.22523529411765,7.67,6.91905882352941));
#11421=CARTESIAN_POINT('',(1.94288235294118,7.67,8.35152941176471));
#11422=CARTESIAN_POINT('',(1.655,7.67,7.2));
#11423=CARTESIAN_POINT('',(1.655,7.67,7.6));
#11424=CARTESIAN_POINT('',(4.949,7.67,7.6));
#11425=CARTESIAN_POINT('',(4.949,7.67,4.6));
#11426=CARTESIAN_POINT('',(-1.655,7.67,4.6));
#11427=CARTESIAN_POINT('',(-2.155,7.67,4.6));
#11428=CARTESIAN_POINT('',(-1.655,7.67,7.6));
#11429=CARTESIAN_POINT('',(-1.655,7.67,7.2));
#11430=CARTESIAN_POINT('',(-1.36064705882353,7.67,6.02258823529412));
#11431=CARTESIAN_POINT('',(-1.64300000000001,7.67,9.24799999999999));
#11432=CARTESIAN_POINT('',(-2.155,7.67,7.2));
#11433=CARTESIAN_POINT('',(-2.155,7.67,7.6));
#11434=CARTESIAN_POINT('',(4.949,7.67,4.6));
#11435=CARTESIAN_POINT('',(4.949,5.8,4.6));
#11436=CARTESIAN_POINT('',(4.695,5.8,4.6));
#11437=CARTESIAN_POINT('',(4.195,5.8,4.6));
#11438=CARTESIAN_POINT('',(4.695,7.67,4.6));
#11439=CARTESIAN_POINT('',(4.195,7.67,4.6));
#11440=CARTESIAN_POINT('',(4.949,7.67,4.6));
#11441=CARTESIAN_POINT('',(4.949,5.8,4.6));
#11442=CARTESIAN_POINT('',(2.155,5.8,4.6));
#11443=CARTESIAN_POINT('',(1.655,5.8,4.6));
#11444=CARTESIAN_POINT('',(2.155,7.67,4.6));
#11445=CARTESIAN_POINT('',(1.655,7.67,4.6));
#11446=CARTESIAN_POINT('',(4.949,7.67,4.6));
#11447=CARTESIAN_POINT('',(4.949,5.8,4.6));
#11448=CARTESIAN_POINT('',(-1.655,5.8,4.6));
#11449=CARTESIAN_POINT('',(-2.155,5.8,4.6));
#11450=CARTESIAN_POINT('',(-1.655,7.67,4.6));
#11451=CARTESIAN_POINT('',(-2.155,7.67,4.6));
#11452=CARTESIAN_POINT('',(4.949,5.8,4.6));
#11453=CARTESIAN_POINT('',(5.32170588235294,5.8,4.69317647058824));
#11454=CARTESIAN_POINT('',(4.595,5.8,7.6));
#11455=CARTESIAN_POINT('',(4.695,5.8,7.2));
#11456=CARTESIAN_POINT('',(4.695,5.8,4.6));
#11457=CARTESIAN_POINT('',(4.195,5.8,4.6));
#11458=CARTESIAN_POINT('',(4.195,5.8,7.2));
#11459=CARTESIAN_POINT('',(3.62758823529412,5.8,4.93035294117647));
#11460=CARTESIAN_POINT('',(4.295,5.8,7.6));
#11461=CARTESIAN_POINT('',(4.949,5.8,7.6));
#11462=CARTESIAN_POINT('',(4.949,5.8,4.6));
#11463=CARTESIAN_POINT('',(2.93111764705882,5.8,4.09552941176471));
#11464=CARTESIAN_POINT('',(2.055,5.8,7.6));
#11465=CARTESIAN_POINT('',(2.155,5.8,7.2));
#11466=CARTESIAN_POINT('',(2.155,5.8,4.6));
#11467=CARTESIAN_POINT('',(1.655,5.8,4.6));
#11468=CARTESIAN_POINT('',(1.655,5.8,7.2));
#11469=CARTESIAN_POINT('',(1.237,5.8,5.528));
#11470=CARTESIAN_POINT('',(1.755,5.8,7.6));
#11471=CARTESIAN_POINT('',(4.949,5.8,7.6));
#11472=CARTESIAN_POINT('',(4.949,5.8,4.6));
#11473=CARTESIAN_POINT('',(-0.654764705882359,5.8,3.19905882352942));
#11474=CARTESIAN_POINT('',(-1.755,5.8,7.6));
#11475=CARTESIAN_POINT('',(-1.655,5.8,7.2));
#11476=CARTESIAN_POINT('',(-1.655,5.8,4.6));
#11477=CARTESIAN_POINT('',(-2.155,5.8,4.6));
#11478=CARTESIAN_POINT('',(-2.155,5.8,7.2));
#11479=CARTESIAN_POINT('',(-2.34888235294118,5.8,6.42447058823528));
#11480=CARTESIAN_POINT('',(-2.055,5.8,7.6));
#11481=CARTESIAN_POINT('',(4.949,5.8,7.6));
#11482=CARTESIAN_POINT('',(4.949,5.8,7.6));
#11483=CARTESIAN_POINT('',(4.949,5.16,7.6));
#11484=CARTESIAN_POINT('',(4.595,5.16,7.6));
#11485=CARTESIAN_POINT('',(4.295,5.16,7.6));
#11486=CARTESIAN_POINT('',(4.595,14.4,7.6));
#11487=CARTESIAN_POINT('',(4.295,14.4,7.6));
#11488=CARTESIAN_POINT('',(4.949,5.8,7.6));
#11489=CARTESIAN_POINT('',(4.949,5.16,7.6));
#11490=CARTESIAN_POINT('',(2.055,5.16,7.6));
#11491=CARTESIAN_POINT('',(1.755,5.16,7.6));
#11492=CARTESIAN_POINT('',(2.055,14.4,7.6));
#11493=CARTESIAN_POINT('',(1.755,14.4,7.6));
#11494=CARTESIAN_POINT('',(4.949,5.8,7.6));
#11495=CARTESIAN_POINT('',(4.949,5.16,7.6));
#11496=CARTESIAN_POINT('',(-1.755,5.16,7.6));
#11497=CARTESIAN_POINT('',(-2.055,5.16,7.6));
#11498=CARTESIAN_POINT('',(-1.755,14.4,7.6));
#11499=CARTESIAN_POINT('',(-2.055,14.4,7.6));
#11500=CARTESIAN_POINT('',(4.949,5.16,7.6));
#11501=CARTESIAN_POINT('',(4.949,5.16,4.6));
#11502=CARTESIAN_POINT('',(4.695,5.16,4.6));
#11503=CARTESIAN_POINT('',(4.195,5.16,4.6));
#11504=CARTESIAN_POINT('',(4.695,5.16,7.6));
#11505=CARTESIAN_POINT('',(4.695,5.16,7.2));
#11506=CARTESIAN_POINT('',(4.61582352941177,5.16,7.51670588235294));
#11507=CARTESIAN_POINT('',(4.33347058823529,5.16,7.75388235294118));
#11508=CARTESIAN_POINT('',(4.195,5.16,7.2));
#11509=CARTESIAN_POINT('',(4.195,5.16,7.6));
#11510=CARTESIAN_POINT('',(4.949,5.16,7.6));
#11511=CARTESIAN_POINT('',(4.949,5.16,4.6));
#11512=CARTESIAN_POINT('',(2.155,5.16,4.6));
#11513=CARTESIAN_POINT('',(1.655,5.16,4.6));
#11514=CARTESIAN_POINT('',(2.155,5.16,7.6));
#11515=CARTESIAN_POINT('',(2.155,5.16,7.2));
#11516=CARTESIAN_POINT('',(2.22523529411765,5.16,6.91905882352941));
#11517=CARTESIAN_POINT('',(1.94288235294118,5.16,8.35152941176471));
#11518=CARTESIAN_POINT('',(1.655,5.16,7.2));
#11519=CARTESIAN_POINT('',(1.655,5.16,7.6));
#11520=CARTESIAN_POINT('',(4.949,5.16,7.6));
#11521=CARTESIAN_POINT('',(4.949,5.16,4.6));
#11522=CARTESIAN_POINT('',(-1.655,5.16,4.6));
#11523=CARTESIAN_POINT('',(-2.155,5.16,4.6));
#11524=CARTESIAN_POINT('',(-1.655,5.16,7.6));
#11525=CARTESIAN_POINT('',(-1.655,5.16,7.2));
#11526=CARTESIAN_POINT('',(-1.36064705882353,5.16,6.02258823529412));
#11527=CARTESIAN_POINT('',(-1.64300000000001,5.16,9.24799999999999));
#11528=CARTESIAN_POINT('',(-2.155,5.16,7.2));
#11529=CARTESIAN_POINT('',(-2.155,5.16,7.6));
#11530=CARTESIAN_POINT('',(4.949,5.16,4.6));
#11531=CARTESIAN_POINT('',(4.949,3.29,4.6));
#11532=CARTESIAN_POINT('',(4.695,3.29,4.6));
#11533=CARTESIAN_POINT('',(4.195,3.29,4.6));
#11534=CARTESIAN_POINT('',(4.695,5.16,4.6));
#11535=CARTESIAN_POINT('',(4.195,5.16,4.6));
#11536=CARTESIAN_POINT('',(4.949,5.16,4.6));
#11537=CARTESIAN_POINT('',(4.949,3.29,4.6));
#11538=CARTESIAN_POINT('',(2.155,3.29,4.6));
#11539=CARTESIAN_POINT('',(1.655,3.29,4.6));
#11540=CARTESIAN_POINT('',(2.155,5.16,4.6));
#11541=CARTESIAN_POINT('',(1.655,5.16,4.6));
#11542=CARTESIAN_POINT('',(4.949,5.16,4.6));
#11543=CARTESIAN_POINT('',(4.949,3.29,4.6));
#11544=CARTESIAN_POINT('',(-1.655,3.29,4.6));
#11545=CARTESIAN_POINT('',(-2.155,3.29,4.6));
#11546=CARTESIAN_POINT('',(-1.655,5.16,4.6));
#11547=CARTESIAN_POINT('',(-2.155,5.16,4.6));
#11548=CARTESIAN_POINT('',(4.949,3.29,4.6));
#11549=CARTESIAN_POINT('',(5.32170588235294,3.29,4.69317647058824));
#11550=CARTESIAN_POINT('',(4.595,3.29,7.6));
#11551=CARTESIAN_POINT('',(4.695,3.29,7.2));
#11552=CARTESIAN_POINT('',(4.695,3.29,4.6));
#11553=CARTESIAN_POINT('',(4.195,3.29,4.6));
#11554=CARTESIAN_POINT('',(4.195,3.29,7.2));
#11555=CARTESIAN_POINT('',(3.62758823529412,3.29,4.93035294117647));
#11556=CARTESIAN_POINT('',(4.295,3.29,7.6));
#11557=CARTESIAN_POINT('',(4.949,3.29,7.6));
#11558=CARTESIAN_POINT('',(4.949,3.29,4.6));
#11559=CARTESIAN_POINT('',(2.93111764705882,3.29,4.09552941176471));
#11560=CARTESIAN_POINT('',(2.055,3.29,7.6));
#11561=CARTESIAN_POINT('',(2.155,3.29,7.2));
#11562=CARTESIAN_POINT('',(2.155,3.29,4.6));
#11563=CARTESIAN_POINT('',(1.655,3.29,4.6));
#11564=CARTESIAN_POINT('',(1.655,3.29,7.2));
#11565=CARTESIAN_POINT('',(1.237,3.29,5.528));
#11566=CARTESIAN_POINT('',(1.755,3.29,7.6));
#11567=CARTESIAN_POINT('',(4.949,3.29,7.6));
#11568=CARTESIAN_POINT('',(4.949,3.29,4.6));
#11569=CARTESIAN_POINT('',(-0.654764705882359,3.29,3.19905882352942));
#11570=CARTESIAN_POINT('',(-1.755,3.29,7.6));
#11571=CARTESIAN_POINT('',(-1.655,3.29,7.2));
#11572=CARTESIAN_POINT('',(-1.655,3.29,4.6));
#11573=CARTESIAN_POINT('',(-2.155,3.29,4.6));
#11574=CARTESIAN_POINT('',(-2.155,3.29,7.2));
#11575=CARTESIAN_POINT('',(-2.34888235294118,3.29,6.42447058823528));
#11576=CARTESIAN_POINT('',(-2.055,3.29,7.6));
#11577=CARTESIAN_POINT('',(4.949,3.29,7.6));
#11578=CARTESIAN_POINT('',(4.949,3.29,7.6));
#11579=CARTESIAN_POINT('',(4.949,2.65,7.6));
#11580=CARTESIAN_POINT('',(4.595,2.65,7.6));
#11581=CARTESIAN_POINT('',(4.295,2.65,7.6));
#11582=CARTESIAN_POINT('',(4.595,14.4,7.6));
#11583=CARTESIAN_POINT('',(4.295,14.4,7.6));
#11584=CARTESIAN_POINT('',(4.949,3.29,7.6));
#11585=CARTESIAN_POINT('',(4.949,2.65,7.6));
#11586=CARTESIAN_POINT('',(2.055,2.65,7.6));
#11587=CARTESIAN_POINT('',(1.755,2.65,7.6));
#11588=CARTESIAN_POINT('',(2.055,14.4,7.6));
#11589=CARTESIAN_POINT('',(1.755,14.4,7.6));
#11590=CARTESIAN_POINT('',(4.949,3.29,7.6));
#11591=CARTESIAN_POINT('',(4.949,2.65,7.6));
#11592=CARTESIAN_POINT('',(-1.755,2.65,7.6));
#11593=CARTESIAN_POINT('',(-2.055,2.65,7.6));
#11594=CARTESIAN_POINT('',(-1.755,14.4,7.6));
#11595=CARTESIAN_POINT('',(-2.055,14.4,7.6));
#11596=CARTESIAN_POINT('',(4.949,2.65,7.6));
#11597=CARTESIAN_POINT('',(4.949,2.65,4.6));
#11598=CARTESIAN_POINT('',(4.695,2.65,4.6));
#11599=CARTESIAN_POINT('',(4.195,2.65,4.6));
#11600=CARTESIAN_POINT('',(4.695,2.65,7.6));
#11601=CARTESIAN_POINT('',(4.695,2.65,7.2));
#11602=CARTESIAN_POINT('',(4.61582352941177,2.65,7.51670588235294));
#11603=CARTESIAN_POINT('',(4.33347058823529,2.65,7.75388235294118));
#11604=CARTESIAN_POINT('',(4.195,2.65,7.2));
#11605=CARTESIAN_POINT('',(4.195,2.65,7.6));
#11606=CARTESIAN_POINT('',(4.949,2.65,7.6));
#11607=CARTESIAN_POINT('',(4.949,2.65,4.6));
#11608=CARTESIAN_POINT('',(2.155,2.65,4.6));
#11609=CARTESIAN_POINT('',(1.655,2.65,4.6));
#11610=CARTESIAN_POINT('',(2.155,2.65,7.6));
#11611=CARTESIAN_POINT('',(2.155,2.65,7.2));
#11612=CARTESIAN_POINT('',(2.22523529411765,2.65,6.91905882352941));
#11613=CARTESIAN_POINT('',(1.94288235294118,2.65,8.35152941176471));
#11614=CARTESIAN_POINT('',(1.655,2.65,7.2));
#11615=CARTESIAN_POINT('',(1.655,2.65,7.6));
#11616=CARTESIAN_POINT('',(4.949,2.65,7.6));
#11617=CARTESIAN_POINT('',(4.949,2.65,4.6));
#11618=CARTESIAN_POINT('',(-1.655,2.65,4.6));
#11619=CARTESIAN_POINT('',(-2.155,2.65,4.6));
#11620=CARTESIAN_POINT('',(-1.655,2.65,7.6));
#11621=CARTESIAN_POINT('',(-1.655,2.65,7.2));
#11622=CARTESIAN_POINT('',(-1.36064705882353,2.65,6.02258823529412));
#11623=CARTESIAN_POINT('',(-1.64300000000001,2.65,9.24799999999999));
#11624=CARTESIAN_POINT('',(-2.155,2.65,7.2));
#11625=CARTESIAN_POINT('',(-2.155,2.65,7.6));
#11626=CARTESIAN_POINT('',(4.949,2.65,4.6));
#11627=CARTESIAN_POINT('',(4.949,0.780000000000001,4.6));
#11628=CARTESIAN_POINT('',(4.695,0.780000000000001,4.6));
#11629=CARTESIAN_POINT('',(4.195,0.780000000000001,4.6));
#11630=CARTESIAN_POINT('',(4.695,2.65,4.6));
#11631=CARTESIAN_POINT('',(4.195,2.65,4.6));
#11632=CARTESIAN_POINT('',(4.949,2.65,4.6));
#11633=CARTESIAN_POINT('',(4.949,0.780000000000001,4.6));
#11634=CARTESIAN_POINT('',(2.155,0.780000000000001,4.6));
#11635=CARTESIAN_POINT('',(1.655,0.780000000000001,4.6));
#11636=CARTESIAN_POINT('',(2.155,2.65,4.6));
#11637=CARTESIAN_POINT('',(1.655,2.65,4.6));
#11638=CARTESIAN_POINT('',(4.949,2.65,4.6));
#11639=CARTESIAN_POINT('',(4.949,0.780000000000001,4.6));
#11640=CARTESIAN_POINT('',(-1.655,0.780000000000001,4.6));
#11641=CARTESIAN_POINT('',(-2.155,0.780000000000001,4.6));
#11642=CARTESIAN_POINT('',(-1.655,2.65,4.6));
#11643=CARTESIAN_POINT('',(-2.155,2.65,4.6));
#11644=CARTESIAN_POINT('',(4.949,0.780000000000001,4.6));
#11645=CARTESIAN_POINT('',(5.32170588235294,0.780000000000001,4.69317647058824));
#11646=CARTESIAN_POINT('',(4.595,0.780000000000001,7.6));
#11647=CARTESIAN_POINT('',(4.695,0.780000000000001,7.2));
#11648=CARTESIAN_POINT('',(4.695,0.780000000000001,4.6));
#11649=CARTESIAN_POINT('',(4.195,0.780000000000001,4.6));
#11650=CARTESIAN_POINT('',(4.195,0.780000000000001,7.2));
#11651=CARTESIAN_POINT('',(3.62758823529412,0.780000000000001,4.93035294117647));
#11652=CARTESIAN_POINT('',(4.295,0.780000000000001,7.6));
#11653=CARTESIAN_POINT('',(4.949,0.780000000000001,7.6));
#11654=CARTESIAN_POINT('',(4.949,0.780000000000001,4.6));
#11655=CARTESIAN_POINT('',(2.93111764705882,0.780000000000001,4.09552941176471));
#11656=CARTESIAN_POINT('',(2.055,0.780000000000001,7.6));
#11657=CARTESIAN_POINT('',(2.155,0.780000000000001,7.2));
#11658=CARTESIAN_POINT('',(2.155,0.780000000000001,4.6));
#11659=CARTESIAN_POINT('',(1.655,0.780000000000001,4.6));
#11660=CARTESIAN_POINT('',(1.655,0.780000000000001,7.2));
#11661=CARTESIAN_POINT('',(1.237,0.780000000000001,5.528));
#11662=CARTESIAN_POINT('',(1.755,0.780000000000001,7.6));
#11663=CARTESIAN_POINT('',(4.949,0.780000000000001,7.6));
#11664=CARTESIAN_POINT('',(4.949,0.780000000000001,4.6));
#11665=CARTESIAN_POINT('',(-0.654764705882359,0.780000000000001,3.19905882352942));
#11666=CARTESIAN_POINT('',(-1.755,0.780000000000001,7.6));
#11667=CARTESIAN_POINT('',(-1.655,0.780000000000001,7.2));
#11668=CARTESIAN_POINT('',(-1.655,0.780000000000001,4.6));
#11669=CARTESIAN_POINT('',(-2.155,0.780000000000001,4.6));
#11670=CARTESIAN_POINT('',(-2.155,0.780000000000001,7.2));
#11671=CARTESIAN_POINT('',(-2.34888235294118,0.780000000000001,6.42447058823528));
#11672=CARTESIAN_POINT('',(-2.055,0.780000000000001,7.6));
#11673=CARTESIAN_POINT('',(4.949,0.780000000000001,7.6));
#11674=CARTESIAN_POINT('',(4.949,0.780000000000001,7.6));
#11675=CARTESIAN_POINT('',(4.949,0.140000000000001,7.6));
#11676=CARTESIAN_POINT('',(4.595,0.140000000000001,7.6));
#11677=CARTESIAN_POINT('',(4.295,0.140000000000001,7.6));
#11678=CARTESIAN_POINT('',(4.595,14.4,7.6));
#11679=CARTESIAN_POINT('',(4.295,14.4,7.6));
#11680=CARTESIAN_POINT('',(4.949,0.780000000000001,7.6));
#11681=CARTESIAN_POINT('',(4.949,0.140000000000001,7.6));
#11682=CARTESIAN_POINT('',(2.055,0.140000000000001,7.6));
#11683=CARTESIAN_POINT('',(1.755,0.140000000000001,7.6));
#11684=CARTESIAN_POINT('',(2.055,14.4,7.6));
#11685=CARTESIAN_POINT('',(1.755,14.4,7.6));
#11686=CARTESIAN_POINT('',(4.949,0.780000000000001,7.6));
#11687=CARTESIAN_POINT('',(4.949,0.140000000000001,7.6));
#11688=CARTESIAN_POINT('',(-1.755,0.140000000000001,7.6));
#11689=CARTESIAN_POINT('',(-2.055,0.140000000000001,7.6));
#11690=CARTESIAN_POINT('',(-1.755,14.4,7.6));
#11691=CARTESIAN_POINT('',(-2.055,14.4,7.6));
#11692=CARTESIAN_POINT('',(4.949,0.140000000000001,7.6));
#11693=CARTESIAN_POINT('',(4.695,0.140000000000001,7.6));
#11694=CARTESIAN_POINT('',(4.695,0.140000000000001,-3.));
#11695=CARTESIAN_POINT('',(4.695,0.140000000000001,7.2));
#11696=CARTESIAN_POINT('',(4.61582352941177,0.140000000000001,7.51670588235294));
#11697=CARTESIAN_POINT('',(4.33347058823529,0.140000000000001,7.75388235294118));
#11698=CARTESIAN_POINT('',(4.195,0.140000000000001,7.2));
#11699=CARTESIAN_POINT('',(4.195,0.140000000000001,7.6));
#11700=CARTESIAN_POINT('',(4.195,0.140000000000001,-3.));
#11701=CARTESIAN_POINT('',(4.949,0.140000000000001,-3.));
#11702=CARTESIAN_POINT('',(4.949,0.140000000000001,7.6));
#11703=CARTESIAN_POINT('',(1.94288235294118,0.140000000000001,8.35152941176471));
#11704=CARTESIAN_POINT('',(1.655,0.140000000000001,7.2));
#11705=CARTESIAN_POINT('',(1.655,0.140000000000001,7.6));
#11706=CARTESIAN_POINT('',(1.655,0.140000000000001,-3.));
#11707=CARTESIAN_POINT('',(4.949,0.140000000000001,-3.));
#11708=CARTESIAN_POINT('',(2.155,0.140000000000001,-3.));
#11709=CARTESIAN_POINT('',(2.155,0.140000000000001,7.6));
#11710=CARTESIAN_POINT('',(2.155,0.140000000000001,7.2));
#11711=CARTESIAN_POINT('',(2.22523529411765,0.140000000000001,6.91905882352941));
#11712=CARTESIAN_POINT('',(4.949,0.140000000000001,7.6));
#11713=CARTESIAN_POINT('',(-1.655,0.140000000000001,7.6));
#11714=CARTESIAN_POINT('',(-1.655,0.140000000000001,-3.));
#11715=CARTESIAN_POINT('',(-1.655,0.140000000000001,7.2));
#11716=CARTESIAN_POINT('',(-1.36064705882353,0.140000000000001,6.02258823529412));
#11717=CARTESIAN_POINT('',(-1.64300000000001,0.140000000000001,9.24799999999999));
#11718=CARTESIAN_POINT('',(-2.155,0.140000000000001,7.2));
#11719=CARTESIAN_POINT('',(-2.155,0.140000000000001,7.6));
#11720=CARTESIAN_POINT('',(-2.155,0.140000000000001,-3.));
#11721=CARTESIAN_POINT('',(4.949,0.140000000000001,-3.));
#11722=CARTESIAN_POINT('',(4.949,0.140000000000001,-3.));
#11723=CARTESIAN_POINT('',(4.695,0.140000000000001,-3.));
#11724=CARTESIAN_POINT('',(4.195,0.140000000000001,-3.));
#11725=CARTESIAN_POINT('',(4.949,0.140000000000001,-3.));
#11726=CARTESIAN_POINT('',(2.155,0.140000000000001,-3.));
#11727=CARTESIAN_POINT('',(1.655,0.140000000000001,-3.));
#11728=CARTESIAN_POINT('',(4.949,0.140000000000001,-3.));
#11729=CARTESIAN_POINT('',(4.949,0.56,-3.));
#11730=CARTESIAN_POINT('',(-1.655,0.56,-3.));
#11731=CARTESIAN_POINT('',(-2.155,0.56,-3.));
#11732=CARTESIAN_POINT('',(-1.655,0.140000000000001,-3.));
#11733=CARTESIAN_POINT('',(-2.155,0.140000000000001,-3.));
#11734=CARTESIAN_POINT('',(4.949,14.327,3.1));
#11735=CARTESIAN_POINT('',(4.949,14.327,4.6));
#11736=CARTESIAN_POINT('',(4.695,14.327,4.6));
#11737=CARTESIAN_POINT('',(4.195,14.327,4.6));
#11738=CARTESIAN_POINT('',(4.695,14.327,3.1));
#11739=CARTESIAN_POINT('',(4.195,14.327,3.1));
#11740=CARTESIAN_POINT('',(4.949,14.327,3.1));
#11741=CARTESIAN_POINT('',(4.949,14.327,4.6));
#11742=CARTESIAN_POINT('',(2.155,14.327,4.6));
#11743=CARTESIAN_POINT('',(1.655,14.327,4.6));
#11744=CARTESIAN_POINT('',(2.155,14.327,3.1));
#11745=CARTESIAN_POINT('',(1.655,14.327,3.1));
#11746=CARTESIAN_POINT('',(4.949,14.327,3.1));
#11747=CARTESIAN_POINT('',(4.949,14.327,4.6));
#11748=CARTESIAN_POINT('',(-1.655,14.327,4.6));
#11749=CARTESIAN_POINT('',(-2.155,14.327,4.6));
#11750=CARTESIAN_POINT('',(-1.655,14.327,3.1));
#11751=CARTESIAN_POINT('',(-1.655,14.327,3.1));
#11752=CARTESIAN_POINT('',(4.949,14.327,3.1));
#11753=CARTESIAN_POINT('',(-2.155,14.327,3.1));
#11754=CARTESIAN_POINT('',(-2.155,14.327,3.1));
#11755=CARTESIAN_POINT('',(4.949,14.327,4.6));
#11756=CARTESIAN_POINT('',(4.695,14.327,4.6));
#11757=CARTESIAN_POINT('',(4.195,14.327,4.6));
#11758=CARTESIAN_POINT('',(4.949,14.327,4.6));
#11759=CARTESIAN_POINT('',(2.155,14.327,4.6));
#11760=CARTESIAN_POINT('',(1.655,14.327,4.6));
#11761=CARTESIAN_POINT('',(4.949,14.327,4.6));
#11762=CARTESIAN_POINT('',(-1.655,14.327,4.6));
#11763=CARTESIAN_POINT('',(-2.155,14.327,4.6));
#11764=CARTESIAN_POINT('',(4.949,8.31,4.6));
#11765=CARTESIAN_POINT('',(-3.04535294117647,8.31,2.60141176470589));
#11766=CARTESIAN_POINT('',(-4.295,8.31,7.6));
#11767=CARTESIAN_POINT('',(-4.195,8.31,7.2));
#11768=CARTESIAN_POINT('',(-4.195,8.31,4.6));
#11769=CARTESIAN_POINT('',(-4.195,8.31,4.6));
#11770=CARTESIAN_POINT('',(4.949,8.31,4.6));
#11771=CARTESIAN_POINT('',(-4.695,8.31,4.6));
#11772=CARTESIAN_POINT('',(-4.695,8.31,4.6));
#11773=CARTESIAN_POINT('',(-4.695,8.31,7.2));
#11774=CARTESIAN_POINT('',(-4.7394705882353,8.31,7.02211764705879));
#11775=CARTESIAN_POINT('',(-4.595,8.31,7.6));
#11776=CARTESIAN_POINT('',(4.949,8.31,7.6));
#11777=CARTESIAN_POINT('',(4.949,8.31,7.6));
#11778=CARTESIAN_POINT('',(4.949,7.67,7.6));
#11779=CARTESIAN_POINT('',(-4.295,7.67,7.6));
#11780=CARTESIAN_POINT('',(-4.595,7.67,7.6));
#11781=CARTESIAN_POINT('',(-4.295,14.4,7.6));
#11782=CARTESIAN_POINT('',(-4.595,14.4,7.6));
#11783=CARTESIAN_POINT('',(4.949,7.67,7.6));
#11784=CARTESIAN_POINT('',(4.949,7.67,4.6));
#11785=CARTESIAN_POINT('',(-4.195,7.67,4.6));
#11786=CARTESIAN_POINT('',(-4.695,7.67,4.6));
#11787=CARTESIAN_POINT('',(-4.195,7.67,7.6));
#11788=CARTESIAN_POINT('',(-4.195,7.67,7.2));
#11789=CARTESIAN_POINT('',(-3.75123529411765,7.67,5.42494117647059));
#11790=CARTESIAN_POINT('',(-4.03358823529414,7.67,9.8456470588235));
#11791=CARTESIAN_POINT('',(-4.695,7.67,7.2));
#11792=CARTESIAN_POINT('',(-4.695,7.67,7.6));
#11793=CARTESIAN_POINT('',(4.949,7.67,4.6));
#11794=CARTESIAN_POINT('',(4.949,5.8,4.6));
#11795=CARTESIAN_POINT('',(-4.195,5.8,4.6));
#11796=CARTESIAN_POINT('',(-4.695,5.8,4.6));
#11797=CARTESIAN_POINT('',(-4.195,7.67,4.6));
#11798=CARTESIAN_POINT('',(-4.695,7.67,4.6));
#11799=CARTESIAN_POINT('',(4.949,5.8,4.6));
#11800=CARTESIAN_POINT('',(-3.04535294117647,5.8,2.60141176470589));
#11801=CARTESIAN_POINT('',(-4.295,5.8,7.6));
#11802=CARTESIAN_POINT('',(-4.195,5.8,7.2));
#11803=CARTESIAN_POINT('',(-4.195,5.8,4.6));
#11804=CARTESIAN_POINT('',(-4.695,5.8,4.6));
#11805=CARTESIAN_POINT('',(-4.695,5.8,7.2));
#11806=CARTESIAN_POINT('',(-4.7394705882353,5.8,7.02211764705879));
#11807=CARTESIAN_POINT('',(-4.595,5.8,7.6));
#11808=CARTESIAN_POINT('',(4.949,5.8,7.6));
#11809=CARTESIAN_POINT('',(4.949,5.8,7.6));
#11810=CARTESIAN_POINT('',(4.949,5.16,7.6));
#11811=CARTESIAN_POINT('',(-4.295,5.16,7.6));
#11812=CARTESIAN_POINT('',(-4.595,5.16,7.6));
#11813=CARTESIAN_POINT('',(-4.295,14.4,7.6));
#11814=CARTESIAN_POINT('',(-4.595,14.4,7.6));
#11815=CARTESIAN_POINT('',(4.949,5.16,7.6));
#11816=CARTESIAN_POINT('',(4.949,5.16,4.6));
#11817=CARTESIAN_POINT('',(-4.195,5.16,4.6));
#11818=CARTESIAN_POINT('',(-4.695,5.16,4.6));
#11819=CARTESIAN_POINT('',(-4.195,5.16,7.6));
#11820=CARTESIAN_POINT('',(-4.195,5.16,7.2));
#11821=CARTESIAN_POINT('',(-3.75123529411765,5.16,5.42494117647059));
#11822=CARTESIAN_POINT('',(-4.03358823529414,5.16,9.8456470588235));
#11823=CARTESIAN_POINT('',(-4.695,5.16,7.2));
#11824=CARTESIAN_POINT('',(-4.695,5.16,7.6));
#11825=CARTESIAN_POINT('',(4.949,5.16,4.6));
#11826=CARTESIAN_POINT('',(4.949,3.29,4.6));
#11827=CARTESIAN_POINT('',(-4.195,3.29,4.6));
#11828=CARTESIAN_POINT('',(-4.695,3.29,4.6));
#11829=CARTESIAN_POINT('',(-4.195,5.16,4.6));
#11830=CARTESIAN_POINT('',(-4.695,5.16,4.6));
#11831=CARTESIAN_POINT('',(4.949,3.29,4.6));
#11832=CARTESIAN_POINT('',(-3.04535294117647,3.29,2.60141176470589));
#11833=CARTESIAN_POINT('',(-4.295,3.29,7.6));
#11834=CARTESIAN_POINT('',(-4.195,3.29,7.2));
#11835=CARTESIAN_POINT('',(-4.195,3.29,4.6));
#11836=CARTESIAN_POINT('',(-4.695,3.29,4.6));
#11837=CARTESIAN_POINT('',(-4.695,3.29,7.2));
#11838=CARTESIAN_POINT('',(-4.7394705882353,3.29,7.02211764705879));
#11839=CARTESIAN_POINT('',(-4.595,3.29,7.6));
#11840=CARTESIAN_POINT('',(4.949,3.29,7.6));
#11841=CARTESIAN_POINT('',(4.949,3.29,7.6));
#11842=CARTESIAN_POINT('',(4.949,2.65,7.6));
#11843=CARTESIAN_POINT('',(-4.295,2.65,7.6));
#11844=CARTESIAN_POINT('',(-4.595,2.65,7.6));
#11845=CARTESIAN_POINT('',(-4.295,14.4,7.6));
#11846=CARTESIAN_POINT('',(-4.595,14.4,7.6));
#11847=CARTESIAN_POINT('',(4.949,2.65,7.6));
#11848=CARTESIAN_POINT('',(4.949,2.65,4.6));
#11849=CARTESIAN_POINT('',(-4.195,2.65,4.6));
#11850=CARTESIAN_POINT('',(-4.695,2.65,4.6));
#11851=CARTESIAN_POINT('',(-4.195,2.65,7.6));
#11852=CARTESIAN_POINT('',(-4.195,2.65,7.2));
#11853=CARTESIAN_POINT('',(-3.75123529411765,2.65,5.42494117647059));
#11854=CARTESIAN_POINT('',(-4.03358823529414,2.65,9.8456470588235));
#11855=CARTESIAN_POINT('',(-4.695,2.65,7.2));
#11856=CARTESIAN_POINT('',(-4.695,2.65,7.6));
#11857=CARTESIAN_POINT('',(4.949,2.65,4.6));
#11858=CARTESIAN_POINT('',(4.949,0.780000000000001,4.6));
#11859=CARTESIAN_POINT('',(-4.195,0.780000000000001,4.6));
#11860=CARTESIAN_POINT('',(-4.695,0.780000000000001,4.6));
#11861=CARTESIAN_POINT('',(-4.195,2.65,4.6));
#11862=CARTESIAN_POINT('',(-4.695,2.65,4.6));
#11863=CARTESIAN_POINT('',(4.949,0.780000000000001,4.6));
#11864=CARTESIAN_POINT('',(-3.04535294117647,0.780000000000001,2.60141176470589));
#11865=CARTESIAN_POINT('',(-4.295,0.780000000000001,7.6));
#11866=CARTESIAN_POINT('',(-4.195,0.780000000000001,7.2));
#11867=CARTESIAN_POINT('',(-4.195,0.780000000000001,4.6));
#11868=CARTESIAN_POINT('',(-4.695,0.780000000000001,4.6));
#11869=CARTESIAN_POINT('',(-4.695,0.780000000000001,7.2));
#11870=CARTESIAN_POINT('',(-4.7394705882353,0.780000000000001,7.02211764705879));
#11871=CARTESIAN_POINT('',(-4.595,0.780000000000001,7.6));
#11872=CARTESIAN_POINT('',(4.949,0.780000000000001,7.6));
#11873=CARTESIAN_POINT('',(4.949,0.780000000000001,7.6));
#11874=CARTESIAN_POINT('',(4.949,0.140000000000001,7.6));
#11875=CARTESIAN_POINT('',(-4.295,0.140000000000001,7.6));
#11876=CARTESIAN_POINT('',(-4.595,0.140000000000001,7.6));
#11877=CARTESIAN_POINT('',(-4.295,14.4,7.6));
#11878=CARTESIAN_POINT('',(-4.595,14.4,7.6));
#11879=CARTESIAN_POINT('',(4.949,0.140000000000001,7.6));
#11880=CARTESIAN_POINT('',(-4.03358823529414,0.140000000000001,9.8456470588235));
#11881=CARTESIAN_POINT('',(-4.695,0.140000000000001,7.2));
#11882=CARTESIAN_POINT('',(-4.695,0.140000000000001,7.6));
#11883=CARTESIAN_POINT('',(-4.695,0.140000000000001,-3.));
#11884=CARTESIAN_POINT('',(4.949,0.140000000000001,-3.));
#11885=CARTESIAN_POINT('',(-4.195,0.140000000000001,-3.));
#11886=CARTESIAN_POINT('',(-4.195,0.140000000000001,7.6));
#11887=CARTESIAN_POINT('',(-4.195,0.140000000000001,7.2));
#11888=CARTESIAN_POINT('',(-3.75123529411765,0.140000000000001,5.42494117647059));
#11889=CARTESIAN_POINT('',(4.949,0.140000000000001,-3.));
#11890=CARTESIAN_POINT('',(-4.695,0.140000000000001,-3.));
#11891=CARTESIAN_POINT('',(-4.695,0.56,-3.));
#11892=CARTESIAN_POINT('',(4.949,0.56,-3.));
#11893=CARTESIAN_POINT('',(-4.195,0.56,-3.));
#11894=CARTESIAN_POINT('',(-4.195,0.140000000000001,-3.));
#11895=CARTESIAN_POINT('',(4.949,0.56,-3.));
#11896=CARTESIAN_POINT('',(-3.695,0.56,-4.));
#11897=CARTESIAN_POINT('',(-4.695,0.56,-4.));
#11898=CARTESIAN_POINT('',(-2.655,0.56,-4.));
#11899=CARTESIAN_POINT('',(-1.655,0.56,-4.));
#11900=CARTESIAN_POINT('',(-1.655,0.56,-3.));
#11901=CARTESIAN_POINT('',(-2.155,0.56,-3.));
#11902=CARTESIAN_POINT('',(-2.155,0.56,-4.));
#11903=CARTESIAN_POINT('',(-2.655,0.56,-4.));
#11904=CARTESIAN_POINT('',(-3.695,0.56,-4.));
#11905=CARTESIAN_POINT('',(-4.195,0.56,-4.));
#11906=CARTESIAN_POINT('',(-4.195,0.56,-3.));
#11907=CARTESIAN_POINT('',(-4.695,0.56,-3.));
#11908=CARTESIAN_POINT('',(4.949,14.327,-3.5));
#11909=CARTESIAN_POINT('',(-3.69500000000002,14.83,-3.5));
#11910=CARTESIAN_POINT('',(-4.195,14.83,-3.5));
#11911=CARTESIAN_POINT('',(-4.1240285352134,15.0867771718293,-3.5));
#11912=CARTESIAN_POINT('',(-4.195,14.327,-3.5));
#11913=CARTESIAN_POINT('',(-4.695,14.327,-3.5));
#11914=CARTESIAN_POINT('',(-4.695,14.83,-3.5));
#11915=CARTESIAN_POINT('',(-3.69499999999999,14.83,-3.5));
#11916=CARTESIAN_POINT('',(-4.55305707042681,15.3435543436586,-3.5));
#11917=CARTESIAN_POINT('',(-2.49495669077589,18.7822704293347,-3.5));
#11918=CARTESIAN_POINT('',(-4.2659714647866,15.8232228281707,-3.5));
#11919=CARTESIAN_POINT('',(-4.69500000000001,16.08,-3.5));
#11920=CARTESIAN_POINT('',(-4.19610739610021,16.1132591306874,-3.5));
#11921=CARTESIAN_POINT('',(-4.03708753789864,13.7279342743196,-3.5));
#11922=CARTESIAN_POINT('',(-4.52278520779959,21.0134817386251,-3.5));
#11923=CARTESIAN_POINT('',(-3.52499999999999,21.08,-3.5));
#11924=CARTESIAN_POINT('',(-4.384446292853,21.5912260456014,-3.5));
#11925=CARTESIAN_POINT('',(-5.13682344368244,20.3263692201887,-3.5));
#11926=CARTESIAN_POINT('',(-3.945,22.33,-3.5));
#11927=CARTESIAN_POINT('',(6.1408234436824,16.3306307798112,-3.5));
#11928=CARTESIAN_POINT('',(-3.6871661121441,22.1766321863196,-3.5));
#11929=CARTESIAN_POINT('',(-1.29026836942055,12.7419095934053,-3.5));
#11930=CARTESIAN_POINT('',(-3.61752206269378,21.9024977186287,-3.5));
#11931=CARTESIAN_POINT('',(-4.70710029725592,20.070756197388,-3.5));
#11932=CARTESIAN_POINT('',(-3.9547231464265,21.3356130228007,-3.5));
#11933=CARTESIAN_POINT('',(-3.52500000000003,21.08,-3.5));
#11934=CARTESIAN_POINT('',(-4.02389260389979,21.0467408693126,-3.5));
#11935=CARTESIAN_POINT('',(-3.53819493399885,13.761193405007,-3.5));
#11936=CARTESIAN_POINT('',(-3.69721479220042,16.1465182613749,-3.5));
#11937=CARTESIAN_POINT('',(-4.69500000000005,16.08,-3.5));
#11938=CARTESIAN_POINT('',(-3.8369429295732,15.5664456563414,-3.5));
#11939=CARTESIAN_POINT('',(-2.0659281555625,18.5254932575055,-3.5));
#11940=CARTESIAN_POINT('',(4.949,22.33,3.1));
#11941=CARTESIAN_POINT('',(-2.655,14.83,3.1));
#11942=CARTESIAN_POINT('',(-2.155,14.83,3.1));
#11943=CARTESIAN_POINT('',(-2.2259714647866,15.0867771718293,3.1));
#11944=CARTESIAN_POINT('',(-2.155,22.33,3.1));
#11945=CARTESIAN_POINT('',(-1.655,22.33,3.1));
#11946=CARTESIAN_POINT('',(-1.655,14.83,3.1));
#11947=CARTESIAN_POINT('',(-2.65499999999999,14.83,3.1));
#11948=CARTESIAN_POINT('',(-1.79694292957319,15.3435543436586,3.1));
#11949=CARTESIAN_POINT('',(-3.09642070893396,17.5147483179897,3.1));
#11950=CARTESIAN_POINT('',(-2.0840285352134,15.8232228281707,3.1));
#11951=CARTESIAN_POINT('',(-1.65499999999996,16.08,3.1));
#11952=CARTESIAN_POINT('',(-2.15389260389979,16.1132591306874,3.1));
#11953=CARTESIAN_POINT('',(-1.70985366534495,22.7739185559239,3.1));
#11954=CARTESIAN_POINT('',(-1.82721479220041,21.0134817386251,3.1));
#11955=CARTESIAN_POINT('',(-2.82500000000001,21.08,3.1));
#11956=CARTESIAN_POINT('',(-1.965553707147,21.5912260456014,3.1));
#11957=CARTESIAN_POINT('',(-0.48301687941712,19.0988632413714,3.1));
#11958=CARTESIAN_POINT('',(-2.405,22.33,3.1));
#11959=CARTESIAN_POINT('',(3.02701687941707,25.5611367586286,3.1));
#11960=CARTESIAN_POINT('',(-2.6628338878559,22.1766321863196,3.1));
#11961=CARTESIAN_POINT('',(-2.16473760939677,24.1372499165049,3.1));
#11962=CARTESIAN_POINT('',(-2.73247793730622,21.9024977186287,3.1));
#11963=CARTESIAN_POINT('',(-0.912740025843606,18.8432502185707,3.1));
#11964=CARTESIAN_POINT('',(-2.3952768535735,21.3356130228007,3.1));
#11965=CARTESIAN_POINT('',(-2.82499999999999,21.08,3.1));
#11966=CARTESIAN_POINT('',(-2.32610739610021,21.0467408693126,3.1));
#11967=CARTESIAN_POINT('',(-2.20874626924474,22.8071776866113,3.1));
#11968=CARTESIAN_POINT('',(-2.65278520779958,16.1465182613749,3.1));
#11969=CARTESIAN_POINT('',(-1.65500000000002,16.08,3.1));
#11970=CARTESIAN_POINT('',(-2.5130570704268,15.5664456563414,3.1));
#11971=CARTESIAN_POINT('',(-3.52544924414736,17.2579711461604,3.1));
#11972=CARTESIAN_POINT('',(4.949,14.327,3.1));
#11973=CARTESIAN_POINT('',(4.949,14.327,4.6));
#11974=CARTESIAN_POINT('',(-4.195,14.327,4.6));
#11975=CARTESIAN_POINT('',(-4.695,14.327,4.6));
#11976=CARTESIAN_POINT('',(-4.195,14.327,3.1));
#11977=CARTESIAN_POINT('',(-4.695,14.327,3.1));
#11978=CARTESIAN_POINT('',(4.949,14.327,4.6));
#11979=CARTESIAN_POINT('',(-4.195,14.327,4.6));
#11980=CARTESIAN_POINT('',(-4.695,14.327,4.6));
#11981=CARTESIAN_POINT('',(4.949,0.,0.));
#11982=CARTESIAN_POINT('',(4.949,4.807,10.));
#11983=CARTESIAN_POINT('',(4.949,4.807,1.));
#11984=CARTESIAN_POINT('',(4.949,4.807,-0.999999999999999));
#11985=CARTESIAN_POINT('',(4.949,14.4,1.));
#11986=CARTESIAN_POINT('',(4.949,4.307,1.));
#11987=CARTESIAN_POINT('',(4.949,4.307,10.));
#11988=CARTESIAN_POINT('',(4.949,4.307,-0.999999999999999));
#11989=CARTESIAN_POINT('',(4.949,14.4,-0.999999999999998));
#11990=CARTESIAN_POINT('',(-4.949,0.,0.));
#11991=CARTESIAN_POINT('',(-4.949,14.4,1.));
#11992=CARTESIAN_POINT('',(-4.949,4.807,0.999999999999999));
#11993=CARTESIAN_POINT('',(-4.949,4.307,0.999999999999999));
#11994=CARTESIAN_POINT('',(-4.949,4.807,10.));
#11995=CARTESIAN_POINT('',(-4.949,4.807,-1.));
#11996=CARTESIAN_POINT('',(-4.949,14.4,-1.));
#11997=CARTESIAN_POINT('',(-4.949,4.307,-1.));
#11998=CARTESIAN_POINT('',(-4.949,4.307,10.));
#11999=CARTESIAN_POINT('',(-4.949,14.4,1.));
#12000=CARTESIAN_POINT('',(-4.695,14.4,1.));
#12001=CARTESIAN_POINT('',(-4.695,5.307,0.999999999999999));
#12002=CARTESIAN_POINT('',(-4.695,4.307,0.999999999999999));
#12003=CARTESIAN_POINT('',(-1.07539420570018,12.4322082564957,1.));
#12004=CARTESIAN_POINT('',(-4.94900000000007,4.307,1.));
#12005=CARTESIAN_POINT('',(-4.695,14.4,7.2));
#12006=CARTESIAN_POINT('',(-4.695,14.4,7.2));
#12007=CARTESIAN_POINT('',(-4.695,14.4,7.2));
#12008=CARTESIAN_POINT('',(-4.695,14.4,7.2));
#12009=CARTESIAN_POINT('',(-4.695,14.4,7.2));
#12010=CARTESIAN_POINT('',(-4.695,14.4,7.2));
#12011=CARTESIAN_POINT('',(-4.695,14.4,7.2));
#12012=CARTESIAN_POINT('',(-4.695,14.4,7.2));
#12013=CARTESIAN_POINT('',(-4.695,14.4,-1.));
#12014=CARTESIAN_POINT('',(-1.02329172442736,12.5347721960091,-1.00000000000001));
#12015=CARTESIAN_POINT('',(-4.695,5.307,-1.));
#12016=CARTESIAN_POINT('',(-4.695,14.4,-1.));
#12017=CARTESIAN_POINT('',(-4.695,4.307,-1.));
#12018=CARTESIAN_POINT('',(-4.69500000000007,4.307,-1.));
#12019=CARTESIAN_POINT('',(-4.695,14.4,-4.));
#12020=CARTESIAN_POINT('',(-4.695,14.83,10.));
#12021=CARTESIAN_POINT('',(-4.695,14.4,-4.));
#12022=CARTESIAN_POINT('',(-4.695,5.307,10.));
#12023=CARTESIAN_POINT('',(-4.695,4.307,10.));
#12024=CARTESIAN_POINT('',(-3.695,14.4,-4.));
#12025=CARTESIAN_POINT('',(4.695,14.4,1.));
#12026=CARTESIAN_POINT('',(1.02329172442738,12.5347721960091,1.));
#12027=CARTESIAN_POINT('',(4.695,5.307,1.));
#12028=CARTESIAN_POINT('',(4.695,14.4,1.));
#12029=CARTESIAN_POINT('',(4.695,4.307,1.));
#12030=CARTESIAN_POINT('',(4.69499999999993,4.307,1.));
#12031=CARTESIAN_POINT('',(4.595,14.4,7.6));
#12032=CARTESIAN_POINT('',(4.695,14.4,7.2));
#12033=CARTESIAN_POINT('',(4.595,14.4,7.6));
#12034=CARTESIAN_POINT('',(4.695,14.4,7.2));
#12035=CARTESIAN_POINT('',(4.595,14.4,7.6));
#12036=CARTESIAN_POINT('',(4.695,14.4,7.2));
#12037=CARTESIAN_POINT('',(4.595,14.4,7.6));
#12038=CARTESIAN_POINT('',(4.695,14.4,7.2));
#12039=CARTESIAN_POINT('',(4.949,14.4,-0.999999999999998));
#12040=CARTESIAN_POINT('',(4.695,14.4,-0.999999999999999));
#12041=CARTESIAN_POINT('',(4.695,5.307,-0.999999999999999));
#12042=CARTESIAN_POINT('',(4.695,4.307,-0.999999999999999));
#12043=CARTESIAN_POINT('',(1.07539420570019,12.4322082564957,-1.00000000000001));
#12044=CARTESIAN_POINT('',(4.94899999999993,4.307,-0.999999999999998));
#12045=CARTESIAN_POINT('',(4.695,14.4,-0.999999999999999));
#12046=CARTESIAN_POINT('',(4.695,14.83,10.));
#12047=CARTESIAN_POINT('',(4.695,14.4,-4.));
#12048=CARTESIAN_POINT('',(4.695,5.307,10.));
#12049=CARTESIAN_POINT('',(4.695,4.307,10.));
#12050=CARTESIAN_POINT('',(3.695,14.4,-4.));
#12051=CARTESIAN_POINT('',(-4.195,14.4,7.2));
#12052=CARTESIAN_POINT('',(-4.195,14.83,10.));
#12053=CARTESIAN_POINT('',(-4.195,14.4,7.2));
#12054=CARTESIAN_POINT('',(-4.195,14.4,7.2));
#12055=CARTESIAN_POINT('',(-4.195,14.4,7.2));
#12056=CARTESIAN_POINT('',(-4.195,14.4,7.2));
#12057=CARTESIAN_POINT('',(-4.195,14.4,-4.));
#12058=CARTESIAN_POINT('',(-2.155,14.4,-4.));
#12059=CARTESIAN_POINT('',(-2.155,14.83,10.));
#12060=CARTESIAN_POINT('',(-2.155,14.4,-4.));
#12061=CARTESIAN_POINT('',(-2.155,14.4,7.2));
#12062=CARTESIAN_POINT('',(-2.155,14.4,7.2));
#12063=CARTESIAN_POINT('',(-2.155,14.4,7.2));
#12064=CARTESIAN_POINT('',(-2.155,14.4,7.2));
#12065=CARTESIAN_POINT('',(-3.695,14.4,-4.));
#12066=CARTESIAN_POINT('',(-2.655,14.4,-4.));
#12067=CARTESIAN_POINT('',(-4.295,14.4,7.6));
#12068=CARTESIAN_POINT('',(-2.155,14.4,7.2));
#12069=CARTESIAN_POINT('',(-4.295,14.4,7.6));
#12070=CARTESIAN_POINT('',(-2.155,14.4,7.2));
#12071=CARTESIAN_POINT('',(-4.295,14.4,7.6));
#12072=CARTESIAN_POINT('',(-2.155,14.4,7.2));
#12073=CARTESIAN_POINT('',(-4.295,14.4,7.6));
#12074=CARTESIAN_POINT('',(-2.155,14.4,7.2));
#12075=CARTESIAN_POINT('',(-1.655,14.4,-1.));
#12076=CARTESIAN_POINT('',(-1.655,14.83,10.));
#12077=CARTESIAN_POINT('',(-1.655,14.4,7.2));
#12078=CARTESIAN_POINT('',(-1.655,14.4,7.2));
#12079=CARTESIAN_POINT('',(-1.655,14.4,7.2));
#12080=CARTESIAN_POINT('',(-1.655,14.4,7.2));
#12081=CARTESIAN_POINT('',(-1.655,14.4,-4.));
#12082=CARTESIAN_POINT('',(-1.655,11.25,-4.));
#12083=CARTESIAN_POINT('',(-1.655,11.25,-1.25));
#12084=CARTESIAN_POINT('',(-1.655,11.25,-3.75));
#12085=CARTESIAN_POINT('',(-1.655,14.4,-3.75));
#12086=CARTESIAN_POINT('',(-1.655,11.5,-3.75));
#12087=CARTESIAN_POINT('',(-1.655,11.5,-1.25));
#12088=CARTESIAN_POINT('',(-1.655,11.5,-4.));
#12089=CARTESIAN_POINT('',(-1.655,14.4,-4.));
#12090=CARTESIAN_POINT('',(-1.655,14.4,1.));
#12091=CARTESIAN_POINT('',(-1.655,5.307,0.999999999999999));
#12092=CARTESIAN_POINT('',(-1.655,4.307,0.999999999999999));
#12093=CARTESIAN_POINT('',(-1.655,5.307,10.));
#12094=CARTESIAN_POINT('',(-1.655,5.307,-1.));
#12095=CARTESIAN_POINT('',(-1.655,14.4,-1.));
#12096=CARTESIAN_POINT('',(-1.655,4.307,-1.));
#12097=CARTESIAN_POINT('',(-1.655,4.307,10.));
#12098=CARTESIAN_POINT('',(1.655,14.4,-3.75));
#12099=CARTESIAN_POINT('',(1.655,11.5,-1.25));
#12100=CARTESIAN_POINT('',(1.655,11.5,-3.75));
#12101=CARTESIAN_POINT('',(1.655,11.5,-4.));
#12102=CARTESIAN_POINT('',(1.655,14.4,-3.75));
#12103=CARTESIAN_POINT('',(1.655,11.25,-3.75));
#12104=CARTESIAN_POINT('',(1.655,11.25,-1.25));
#12105=CARTESIAN_POINT('',(1.655,11.25,-4.));
#12106=CARTESIAN_POINT('',(1.655,14.4,-4.));
#12107=CARTESIAN_POINT('',(1.655,14.4,7.2));
#12108=CARTESIAN_POINT('',(1.655,14.4,7.2));
#12109=CARTESIAN_POINT('',(1.655,14.4,7.2));
#12110=CARTESIAN_POINT('',(1.655,14.4,7.2));
#12111=CARTESIAN_POINT('',(1.655,14.83,10.));
#12112=CARTESIAN_POINT('',(1.655,14.4,-4.));
#12113=CARTESIAN_POINT('',(1.655,5.307,10.));
#12114=CARTESIAN_POINT('',(1.655,5.307,1.));
#12115=CARTESIAN_POINT('',(1.655,5.307,-0.999999999999999));
#12116=CARTESIAN_POINT('',(1.655,14.4,1.));
#12117=CARTESIAN_POINT('',(1.655,4.307,1.));
#12118=CARTESIAN_POINT('',(1.655,4.307,10.));
#12119=CARTESIAN_POINT('',(1.655,4.307,-0.999999999999999));
#12120=CARTESIAN_POINT('',(1.655,14.4,-1.));
#12121=CARTESIAN_POINT('',(-1.655,14.4,-3.75));
#12122=CARTESIAN_POINT('',(-1.655,11.5,-3.75));
#12123=CARTESIAN_POINT('',(-1.655,11.25,-3.75));
#12124=CARTESIAN_POINT('',(-1.755,14.4,7.6));
#12125=CARTESIAN_POINT('',(-1.655,14.4,1.));
#12126=CARTESIAN_POINT('',(-1.401,14.4,1.));
#12127=CARTESIAN_POINT('',(-1.401,4.807,0.999999999999999));
#12128=CARTESIAN_POINT('',(-1.401,4.307,0.999999999999999));
#12129=CARTESIAN_POINT('',(-5.32670827557262,12.5347721960091,1.));
#12130=CARTESIAN_POINT('',(-1.65500000000007,4.307,1.));
#12131=CARTESIAN_POINT('',(-1.401,14.4,1.));
#12132=CARTESIAN_POINT('',(-1.401,14.4,-1.));
#12133=CARTESIAN_POINT('',(-1.401,4.807,-1.));
#12134=CARTESIAN_POINT('',(-1.401,4.307,-1.));
#12135=CARTESIAN_POINT('',(-1.401,4.807,10.));
#12136=CARTESIAN_POINT('',(-1.401,4.307,10.));
#12137=CARTESIAN_POINT('',(-1.401,14.4,-1.));
#12138=CARTESIAN_POINT('',(-5.2746057942998,12.4322082564957,-0.999999999999989));
#12139=CARTESIAN_POINT('',(-1.40100000000007,4.307,-1.));
#12140=CARTESIAN_POINT('',(1.655,14.4,-1.));
#12141=CARTESIAN_POINT('',(1.401,14.4,-1.));
#12142=CARTESIAN_POINT('',(1.401,4.807,-0.999999999999999));
#12143=CARTESIAN_POINT('',(1.401,4.307,-0.999999999999999));
#12144=CARTESIAN_POINT('',(5.32670827557263,12.5347721960091,-0.999999999999993));
#12145=CARTESIAN_POINT('',(1.65499999999993,4.307,-1.));
#12146=CARTESIAN_POINT('',(1.401,14.4,-1.));
#12147=CARTESIAN_POINT('',(1.401,14.4,1.));
#12148=CARTESIAN_POINT('',(1.401,4.807,1.));
#12149=CARTESIAN_POINT('',(1.401,4.307,1.));
#12150=CARTESIAN_POINT('',(1.401,4.807,10.));
#12151=CARTESIAN_POINT('',(1.401,4.307,10.));
#12152=CARTESIAN_POINT('',(1.401,14.4,1.));
#12153=CARTESIAN_POINT('',(5.27460579429982,12.4322082564957,1.));
#12154=CARTESIAN_POINT('',(1.40099999999993,4.307,1.));
#12155=CARTESIAN_POINT('',(1.655,14.4,7.2));
#12156=CARTESIAN_POINT('',(-1.755,14.4,7.6));
#12157=CARTESIAN_POINT('',(1.655,14.4,7.2));
#12158=CARTESIAN_POINT('',(-1.755,14.4,7.6));
#12159=CARTESIAN_POINT('',(1.655,14.4,7.2));
#12160=CARTESIAN_POINT('',(-1.755,14.4,7.6));
#12161=CARTESIAN_POINT('',(1.655,14.4,7.2));
#12162=CARTESIAN_POINT('',(2.155,14.4,7.2));
#12163=CARTESIAN_POINT('',(2.155,14.83,10.));
#12164=CARTESIAN_POINT('',(2.155,14.4,7.2));
#12165=CARTESIAN_POINT('',(2.155,14.4,7.2));
#12166=CARTESIAN_POINT('',(2.155,14.4,7.2));
#12167=CARTESIAN_POINT('',(2.155,14.4,7.2));
#12168=CARTESIAN_POINT('',(2.155,14.4,-4.));
#12169=CARTESIAN_POINT('',(4.195,14.4,-4.));
#12170=CARTESIAN_POINT('',(4.195,14.83,10.));
#12171=CARTESIAN_POINT('',(4.195,14.4,-4.));
#12172=CARTESIAN_POINT('',(4.195,14.4,7.2));
#12173=CARTESIAN_POINT('',(4.195,14.4,7.2));
#12174=CARTESIAN_POINT('',(4.195,14.4,7.2));
#12175=CARTESIAN_POINT('',(4.195,14.4,7.2));
#12176=CARTESIAN_POINT('',(2.655,14.4,-4.));
#12177=CARTESIAN_POINT('',(3.695,14.4,-4.));
#12178=CARTESIAN_POINT('',(2.055,14.4,7.6));
#12179=CARTESIAN_POINT('',(4.195,14.4,7.2));
#12180=CARTESIAN_POINT('',(2.055,14.4,7.6));
#12181=CARTESIAN_POINT('',(4.195,14.4,7.2));
#12182=CARTESIAN_POINT('',(2.055,14.4,7.6));
#12183=CARTESIAN_POINT('',(4.195,14.4,7.2));
#12184=CARTESIAN_POINT('',(2.055,14.4,7.6));
#12185=CARTESIAN_POINT('',(4.195,14.4,7.2));
#12186=CARTESIAN_POINT('',(-2.655,14.4,-4.));
#12187=CARTESIAN_POINT('',(-1.655,14.4,-4.));
#12188=CARTESIAN_POINT('',(1.655,14.4,-4.));
#12189=CARTESIAN_POINT('',(1.655,11.5,-4.));
#12190=CARTESIAN_POINT('',(1.655,14.4,-4.));
#12191=CARTESIAN_POINT('',(1.655,11.25,-4.));
#12192=CARTESIAN_POINT('',(2.655,14.4,-4.));
#12193=CARTESIAN_POINT('',(-4.695,5.307,10.));
#12194=CARTESIAN_POINT('',(-1.401,4.807,10.));
#12195=CARTESIAN_POINT('',(1.655,5.307,10.));
#12196=CARTESIAN_POINT('',(-2.65499999999999,14.83,10.));
#12197=CARTESIAN_POINT('',(-1.79694292957319,15.3435543436586,10.));
#12198=CARTESIAN_POINT('',(-1.79694292957319,15.3435543436586,10.));
#12199=CARTESIAN_POINT('',(-2.0840285352134,15.8232228281707,10.));
#12200=CARTESIAN_POINT('',(-1.65499999999996,16.08,10.));
#12201=CARTESIAN_POINT('',(-2.15389260389979,16.1132591306874,10.));
#12202=CARTESIAN_POINT('',(-2.15389260389979,16.1132591306874,10.));
#12203=CARTESIAN_POINT('',(-1.82721479220041,21.0134817386251,10.));
#12204=CARTESIAN_POINT('',(-2.82500000000001,21.08,10.));
#12205=CARTESIAN_POINT('',(-1.965553707147,21.5912260456014,10.));
#12206=CARTESIAN_POINT('',(-1.965553707147,21.5912260456014,10.));
#12207=CARTESIAN_POINT('',(-2.405,22.33,10.));
#12208=CARTESIAN_POINT('',(-2.405,22.33,10.));
#12209=CARTESIAN_POINT('',(-2.6628338878559,22.1766321863196,10.));
#12210=CARTESIAN_POINT('',(-2.6628338878559,22.1766321863196,10.));
#12211=CARTESIAN_POINT('',(-2.73247793730622,21.9024977186287,10.));
#12212=CARTESIAN_POINT('',(-2.73247793730622,21.9024977186287,10.));
#12213=CARTESIAN_POINT('',(-2.3952768535735,21.3356130228007,10.));
#12214=CARTESIAN_POINT('',(-2.82499999999999,21.08,10.));
#12215=CARTESIAN_POINT('',(-2.32610739610021,21.0467408693126,10.));
#12216=CARTESIAN_POINT('',(-2.32610739610021,21.0467408693126,10.));
#12217=CARTESIAN_POINT('',(-2.65278520779958,16.1465182613749,10.));
#12218=CARTESIAN_POINT('',(-1.65500000000002,16.08,10.));
#12219=CARTESIAN_POINT('',(-2.5130570704268,15.5664456563414,10.));
#12220=CARTESIAN_POINT('',(-2.5130570704268,15.5664456563414,10.));
#12221=CARTESIAN_POINT('',(-2.2259714647866,15.0867771718293,10.));
#12222=CARTESIAN_POINT('',(-2.655,14.83,10.));
#12223=CARTESIAN_POINT('',(-3.69500000000002,14.83,10.));
#12224=CARTESIAN_POINT('',(-4.1240285352134,15.0867771718293,10.));
#12225=CARTESIAN_POINT('',(-4.1240285352134,15.0867771718293,10.));
#12226=CARTESIAN_POINT('',(-3.8369429295732,15.5664456563414,10.));
#12227=CARTESIAN_POINT('',(-4.69500000000005,16.08,10.));
#12228=CARTESIAN_POINT('',(-3.69721479220042,16.1465182613749,10.));
#12229=CARTESIAN_POINT('',(-3.69721479220042,16.1465182613749,10.));
#12230=CARTESIAN_POINT('',(-4.02389260389979,21.0467408693126,10.));
#12231=CARTESIAN_POINT('',(-3.52500000000003,21.08,10.));
#12232=CARTESIAN_POINT('',(-3.9547231464265,21.3356130228007,10.));
#12233=CARTESIAN_POINT('',(-3.9547231464265,21.3356130228007,10.));
#12234=CARTESIAN_POINT('',(-3.61752206269378,21.9024977186287,10.));
#12235=CARTESIAN_POINT('',(-3.61752206269378,21.9024977186287,10.));
#12236=CARTESIAN_POINT('',(-3.6871661121441,22.1766321863196,10.));
#12237=CARTESIAN_POINT('',(-3.6871661121441,22.1766321863196,10.));
#12238=CARTESIAN_POINT('',(-3.945,22.33,10.));
#12239=CARTESIAN_POINT('',(-3.945,22.33,10.));
#12240=CARTESIAN_POINT('',(-4.384446292853,21.5912260456014,10.));
#12241=CARTESIAN_POINT('',(-3.52499999999999,21.08,10.));
#12242=CARTESIAN_POINT('',(-4.52278520779959,21.0134817386251,10.));
#12243=CARTESIAN_POINT('',(-4.52278520779959,21.0134817386251,10.));
#12244=CARTESIAN_POINT('',(-4.19610739610021,16.1132591306874,10.));
#12245=CARTESIAN_POINT('',(-4.69500000000001,16.08,10.));
#12246=CARTESIAN_POINT('',(-4.2659714647866,15.8232228281707,10.));
#12247=CARTESIAN_POINT('',(-4.2659714647866,15.8232228281707,10.));
#12248=CARTESIAN_POINT('',(-4.55305707042681,15.3435543436586,10.));
#12249=CARTESIAN_POINT('',(-3.69499999999999,14.83,10.));
#12250=CARTESIAN_POINT('',(4.949,4.807,10.));
#12251=CARTESIAN_POINT('',(3.69499999999998,14.83,10.));
#12252=CARTESIAN_POINT('',(4.5530570704268,15.3435543436586,10.));
#12253=CARTESIAN_POINT('',(4.55305707042681,15.3435543436586,10.));
#12254=CARTESIAN_POINT('',(4.2659714647866,15.8232228281707,10.));
#12255=CARTESIAN_POINT('',(4.69500000000004,16.08,10.));
#12256=CARTESIAN_POINT('',(4.19610739610021,16.1132591306874,10.));
#12257=CARTESIAN_POINT('',(4.19610739610021,16.1132591306874,10.));
#12258=CARTESIAN_POINT('',(4.52278520779959,21.0134817386251,10.));
#12259=CARTESIAN_POINT('',(3.52500000000002,21.08,10.));
#12260=CARTESIAN_POINT('',(4.384446292853,21.5912260456014,10.));
#12261=CARTESIAN_POINT('',(4.384446292853,21.5912260456014,10.));
#12262=CARTESIAN_POINT('',(3.945,22.33,10.));
#12263=CARTESIAN_POINT('',(3.945,22.33,10.));
#12264=CARTESIAN_POINT('',(3.6871661121441,22.1766321863196,10.));
#12265=CARTESIAN_POINT('',(3.6871661121441,22.1766321863196,10.));
#12266=CARTESIAN_POINT('',(3.61752206269378,21.9024977186287,10.));
#12267=CARTESIAN_POINT('',(3.61752206269378,21.9024977186287,10.));
#12268=CARTESIAN_POINT('',(3.9547231464265,21.3356130228007,10.));
#12269=CARTESIAN_POINT('',(3.52500000000001,21.08,10.));
#12270=CARTESIAN_POINT('',(4.02389260389979,21.0467408693126,10.));
#12271=CARTESIAN_POINT('',(4.02389260389979,21.0467408693126,10.));
#12272=CARTESIAN_POINT('',(3.69721479220042,16.1465182613749,10.));
#12273=CARTESIAN_POINT('',(4.69499999999999,16.08,10.));
#12274=CARTESIAN_POINT('',(3.8369429295732,15.5664456563414,10.));
#12275=CARTESIAN_POINT('',(3.8369429295732,15.5664456563414,10.));
#12276=CARTESIAN_POINT('',(4.1240285352134,15.0867771718293,10.));
#12277=CARTESIAN_POINT('',(3.69500000000002,14.83,10.));
#12278=CARTESIAN_POINT('',(2.655,14.83,10.));
#12279=CARTESIAN_POINT('',(2.2259714647866,15.0867771718293,10.));
#12280=CARTESIAN_POINT('',(2.2259714647866,15.0867771718293,10.));
#12281=CARTESIAN_POINT('',(2.5130570704268,15.5664456563414,10.));
#12282=CARTESIAN_POINT('',(1.65499999999995,16.08,10.));
#12283=CARTESIAN_POINT('',(2.65278520779958,16.1465182613749,10.));
#12284=CARTESIAN_POINT('',(2.65278520779958,16.1465182613749,10.));
#12285=CARTESIAN_POINT('',(2.32610739610021,21.0467408693126,10.));
#12286=CARTESIAN_POINT('',(2.82499999999997,21.08,10.));
#12287=CARTESIAN_POINT('',(2.3952768535735,21.3356130228007,10.));
#12288=CARTESIAN_POINT('',(2.3952768535735,21.3356130228007,10.));
#12289=CARTESIAN_POINT('',(2.73247793730622,21.9024977186287,10.));
#12290=CARTESIAN_POINT('',(2.73247793730622,21.9024977186287,10.));
#12291=CARTESIAN_POINT('',(2.6628338878559,22.1766321863196,10.));
#12292=CARTESIAN_POINT('',(2.6628338878559,22.1766321863196,10.));
#12293=CARTESIAN_POINT('',(2.405,22.33,10.));
#12294=CARTESIAN_POINT('',(2.405,22.33,10.));
#12295=CARTESIAN_POINT('',(1.965553707147,21.5912260456014,10.));
#12296=CARTESIAN_POINT('',(2.82500000000001,21.08,10.));
#12297=CARTESIAN_POINT('',(1.82721479220041,21.0134817386251,10.));
#12298=CARTESIAN_POINT('',(1.82721479220041,21.0134817386251,10.));
#12299=CARTESIAN_POINT('',(2.15389260389979,16.1132591306874,10.));
#12300=CARTESIAN_POINT('',(1.65499999999999,16.08,10.));
#12301=CARTESIAN_POINT('',(2.0840285352134,15.8232228281707,10.));
#12302=CARTESIAN_POINT('',(2.0840285352134,15.8232228281707,10.));
#12303=CARTESIAN_POINT('',(1.79694292957319,15.3435543436586,10.));
#12304=CARTESIAN_POINT('',(2.65500000000001,14.83,10.));
#12305=CARTESIAN_POINT('',(1.401,4.307,10.));
#12306=CARTESIAN_POINT('',(-1.655,4.307,10.));
#12307=CARTESIAN_POINT('',(4.695,4.307,10.));
#12308=CARTESIAN_POINT('',(-4.949,4.307,10.));
#12309=CARTESIAN_POINT('',(-1.655,11.25,-1.25));
#12310=CARTESIAN_POINT('',(1.655,11.5,-1.25));
#12311=CARTESIAN_POINT('',(3.175,14.33,-1.25));
#12312=CARTESIAN_POINT('',(3.175,13.88,-1.25));
#12313=CARTESIAN_POINT('',(3.175,14.33,-1.25));
#12314=CARTESIAN_POINT('',(-3.175,14.33,-1.25));
#12315=CARTESIAN_POINT('',(-3.175,13.88,-1.25));
#12316=CARTESIAN_POINT('',(-3.175,14.33,-1.25));
#12317=CARTESIAN_POINT('',(0.,0.,0.));
#12318=CARTESIAN_POINT('',(-1.125,1.4,0.32));
#12319=CARTESIAN_POINT('',(-1.125,1.4,-0.32));
#12320=CARTESIAN_POINT('',(-1.125,1.4,-0.32));
#12321=CARTESIAN_POINT('',(-1.377,0.9,-0.32));
#12322=CARTESIAN_POINT('',(-1.377,0.9,0.32));
#12323=CARTESIAN_POINT('',(-1.377,0.9,0.32));
#12324=CARTESIAN_POINT('',(-1.125,1.4,0.32));
#12325=CARTESIAN_POINT('',(-1.125,1.4,0.32));
#12326=CARTESIAN_POINT('',(-1.125,1.4,0.32));
#12327=CARTESIAN_POINT('',(-1.377,0.9,0.32));
#12328=CARTESIAN_POINT('',(-1.377,0.9,-0.32));
#12329=CARTESIAN_POINT('',(-1.125,0.9,-0.32));
#12330=CARTESIAN_POINT('',(-1.125,0.9,0.32));
#12331=CARTESIAN_POINT('',(-1.125,0.9,0.32));
#12332=CARTESIAN_POINT('',(-1.377,0.9,0.32));
#12333=CARTESIAN_POINT('',(-1.125,0.9,0.32));
#12334=CARTESIAN_POINT('',(-1.125,0.9,-0.32));
#12335=CARTESIAN_POINT('',(-1.125,-1.1,-0.32));
#12336=CARTESIAN_POINT('',(-1.125,-1.1,0.32));
#12337=CARTESIAN_POINT('',(-1.125,-1.1,0.32));
#12338=CARTESIAN_POINT('',(-1.125,0.9,0.32));
#12339=CARTESIAN_POINT('',(-1.125,-1.1,0.32));
#12340=CARTESIAN_POINT('',(-1.125,-1.1,-0.32));
#12341=CARTESIAN_POINT('',(-1.375,-1.1,-0.32));
#12342=CARTESIAN_POINT('',(-1.375,-1.1,0.32));
#12343=CARTESIAN_POINT('',(-1.375,-1.1,0.32));
#12344=CARTESIAN_POINT('',(-1.125,-1.1,0.32));
#12345=CARTESIAN_POINT('',(-1.375,-1.1,0.32));
#12346=CARTESIAN_POINT('',(-1.375,-1.1,-0.32));
#12347=CARTESIAN_POINT('',(-1.125,-1.85,-0.32));
#12348=CARTESIAN_POINT('',(-1.125,-1.85,0.32));
#12349=CARTESIAN_POINT('',(-1.125,-1.85,0.32));
#12350=CARTESIAN_POINT('',(-1.375,-1.1,0.32));
#12351=CARTESIAN_POINT('',(-1.125,-1.85,0.32));
#12352=CARTESIAN_POINT('',(-1.125,-1.85,-0.32));
#12353=CARTESIAN_POINT('',(-1.125,-2.8,-0.32));
#12354=CARTESIAN_POINT('',(-1.125,-2.8,0.32));
#12355=CARTESIAN_POINT('',(-1.125,-2.8,0.32));
#12356=CARTESIAN_POINT('',(-1.125,-1.85,0.32));
#12357=CARTESIAN_POINT('',(-1.125,-2.8,0.32));
#12358=CARTESIAN_POINT('',(-1.125,-2.8,-0.32));
#12359=CARTESIAN_POINT('',(-0.825000000000003,-3.6,-0.32));
#12360=CARTESIAN_POINT('',(-0.825000000000003,-3.6,0.32));
#12361=CARTESIAN_POINT('',(-0.825000000000003,-3.6,0.32));
#12362=CARTESIAN_POINT('',(-1.125,-2.8,0.32));
#12363=CARTESIAN_POINT('',(-0.825000000000003,-3.6,0.32));
#12364=CARTESIAN_POINT('',(-0.825000000000003,-3.6,-0.32));
#12365=CARTESIAN_POINT('',(-0.5,-3.6,-0.32));
#12366=CARTESIAN_POINT('',(-0.5,-3.6,0.32));
#12367=CARTESIAN_POINT('',(-0.5,-3.6,0.32));
#12368=CARTESIAN_POINT('',(-0.825000000000003,-3.6,0.32));
#12369=CARTESIAN_POINT('',(-0.5,-3.6,0.32));
#12370=CARTESIAN_POINT('',(-0.5,-3.6,-0.32));
#12371=CARTESIAN_POINT('',(-0.5,0.4,-0.32));
#12372=CARTESIAN_POINT('',(-0.5,0.4,0.32));
#12373=CARTESIAN_POINT('',(-0.5,0.4,0.32));
#12374=CARTESIAN_POINT('',(-0.5,-3.6,0.32));
#12375=CARTESIAN_POINT('',(5.42101086242752E-17,0.4,0.32));
#12376=CARTESIAN_POINT('',(5.42101086242752E-17,0.4,-0.32));
#12377=CARTESIAN_POINT('',(0.5,0.4,-0.32));
#12378=CARTESIAN_POINT('',(0.5,0.4,0.32));
#12379=CARTESIAN_POINT('',(0.5,0.4,0.32));
#12380=CARTESIAN_POINT('',(5.42101086242752E-17,0.4,0.32));
#12381=CARTESIAN_POINT('',(0.5,0.4,0.32));
#12382=CARTESIAN_POINT('',(0.5,0.4,-0.32));
#12383=CARTESIAN_POINT('',(0.5,-3.6,-0.32));
#12384=CARTESIAN_POINT('',(0.5,-3.6,0.32));
#12385=CARTESIAN_POINT('',(0.5,-3.6,0.32));
#12386=CARTESIAN_POINT('',(0.5,0.4,0.32));
#12387=CARTESIAN_POINT('',(0.5,-3.6,0.32));
#12388=CARTESIAN_POINT('',(0.5,-3.6,-0.32));
#12389=CARTESIAN_POINT('',(0.824999999999999,-3.6,-0.32));
#12390=CARTESIAN_POINT('',(0.824999999999999,-3.6,0.32));
#12391=CARTESIAN_POINT('',(0.824999999999999,-3.6,0.32));
#12392=CARTESIAN_POINT('',(0.5,-3.6,0.32));
#12393=CARTESIAN_POINT('',(0.824999999999999,-3.6,0.32));
#12394=CARTESIAN_POINT('',(0.824999999999999,-3.6,-0.32));
#12395=CARTESIAN_POINT('',(1.125,-2.8,-0.32));
#12396=CARTESIAN_POINT('',(1.125,-2.8,0.32));
#12397=CARTESIAN_POINT('',(1.125,-2.8,0.32));
#12398=CARTESIAN_POINT('',(0.824999999999999,-3.6,0.32));
#12399=CARTESIAN_POINT('',(1.125,-2.8,0.32));
#12400=CARTESIAN_POINT('',(1.125,-2.8,-0.32));
#12401=CARTESIAN_POINT('',(1.125,-1.85,-0.32));
#12402=CARTESIAN_POINT('',(1.125,-1.85,0.32));
#12403=CARTESIAN_POINT('',(1.125,-1.85,0.32));
#12404=CARTESIAN_POINT('',(1.125,-2.8,0.32));
#12405=CARTESIAN_POINT('',(1.125,-1.85,0.32));
#12406=CARTESIAN_POINT('',(1.125,-1.85,-0.32));
#12407=CARTESIAN_POINT('',(1.375,-1.1,-0.32));
#12408=CARTESIAN_POINT('',(1.375,-1.1,0.32));
#12409=CARTESIAN_POINT('',(1.375,-1.1,0.32));
#12410=CARTESIAN_POINT('',(1.125,-1.85,0.32));
#12411=CARTESIAN_POINT('',(1.375,-1.1,0.32));
#12412=CARTESIAN_POINT('',(1.375,-1.1,-0.32));
#12413=CARTESIAN_POINT('',(1.125,-1.1,-0.32));
#12414=CARTESIAN_POINT('',(1.125,-1.1,0.32));
#12415=CARTESIAN_POINT('',(1.125,-1.1,0.32));
#12416=CARTESIAN_POINT('',(1.375,-1.1,0.32));
#12417=CARTESIAN_POINT('',(1.125,-1.1,0.32));
#12418=CARTESIAN_POINT('',(1.125,-1.1,-0.32));
#12419=CARTESIAN_POINT('',(1.125,0.9,-0.32));
#12420=CARTESIAN_POINT('',(1.125,0.9,0.32));
#12421=CARTESIAN_POINT('',(1.125,0.9,0.32));
#12422=CARTESIAN_POINT('',(1.125,-1.1,0.32));
#12423=CARTESIAN_POINT('',(1.125,0.9,0.32));
#12424=CARTESIAN_POINT('',(1.125,0.9,-0.32));
#12425=CARTESIAN_POINT('',(1.377,0.9,-0.32));
#12426=CARTESIAN_POINT('',(1.377,0.9,0.32));
#12427=CARTESIAN_POINT('',(1.377,0.9,0.32));
#12428=CARTESIAN_POINT('',(1.125,0.9,0.32));
#12429=CARTESIAN_POINT('',(1.377,0.9,0.32));
#12430=CARTESIAN_POINT('',(1.377,0.9,-0.32));
#12431=CARTESIAN_POINT('',(1.125,1.4,-0.32));
#12432=CARTESIAN_POINT('',(1.125,1.4,0.32));
#12433=CARTESIAN_POINT('',(1.125,1.4,0.32));
#12434=CARTESIAN_POINT('',(1.377,0.9,0.32));
#12435=CARTESIAN_POINT('',(1.125,1.4,0.32));
#12436=CARTESIAN_POINT('',(1.125,1.4,-0.32));
#12437=CARTESIAN_POINT('',(1.125,1.52299999999986,-0.32));
#12438=CARTESIAN_POINT('',(1.125,1.52299999999986,0.32));
#12439=CARTESIAN_POINT('',(1.125,1.52299999999986,0.32));
#12440=CARTESIAN_POINT('',(1.125,1.4,0.32));
#12441=CARTESIAN_POINT('',(1.3118357591022,1.51516424089781,0.32));
#12442=CARTESIAN_POINT('',(1.3118357591022,1.51516424089781,-0.32));
#12443=CARTESIAN_POINT('',(1.304,1.702,-0.32));
#12444=CARTESIAN_POINT('',(1.304,1.702,0.32));
#12445=CARTESIAN_POINT('',(1.304,1.702,0.32));
#12446=CARTESIAN_POINT('',(1.3118357591022,1.51516424089781,0.32));
#12447=CARTESIAN_POINT('',(1.304,1.702,0.32));
#12448=CARTESIAN_POINT('',(1.304,1.702,-0.32));
#12449=CARTESIAN_POINT('',(0.825334821428574,2.9,-0.32));
#12450=CARTESIAN_POINT('',(0.825334821428574,2.9,0.32));
#12451=CARTESIAN_POINT('',(0.825334821428574,2.9,0.32));
#12452=CARTESIAN_POINT('',(1.304,1.702,0.32));
#12453=CARTESIAN_POINT('',(0.825334821428574,2.9,0.32));
#12454=CARTESIAN_POINT('',(0.825334821428574,2.9,-0.32));
#12455=CARTESIAN_POINT('',(-0.825473484848487,2.9,-0.32));
#12456=CARTESIAN_POINT('',(-0.825473484848487,2.9,0.32));
#12457=CARTESIAN_POINT('',(-0.825473484848487,2.9,0.32));
#12458=CARTESIAN_POINT('',(0.825334821428574,2.9,0.32));
#12459=CARTESIAN_POINT('',(-0.825473484848487,2.9,0.32));
#12460=CARTESIAN_POINT('',(-0.825473484848487,2.9,-0.32));
#12461=CARTESIAN_POINT('',(-1.325,1.65,-0.32));
#12462=CARTESIAN_POINT('',(-1.325,1.65,0.32));
#12463=CARTESIAN_POINT('',(-1.325,1.65,0.32));
#12464=CARTESIAN_POINT('',(-0.825473484848487,2.9,0.32));
#12465=CARTESIAN_POINT('',(-1.325,1.65,0.32));
#12466=CARTESIAN_POINT('',(-1.325,1.65,-0.32));
#12467=CARTESIAN_POINT('',(-1.252,1.65,-0.32));
#12468=CARTESIAN_POINT('',(-1.252,1.65,0.32));
#12469=CARTESIAN_POINT('',(-1.252,1.65,0.32));
#12470=CARTESIAN_POINT('',(-1.325,1.65,0.32));
#12471=CARTESIAN_POINT('',(-1.252,1.523,0.32));
#12472=CARTESIAN_POINT('',(-1.252,1.523,-0.32));
#12473=CARTESIAN_POINT('',(-1.125,1.523,-0.32));
#12474=CARTESIAN_POINT('',(-1.125,1.523,0.32));
#12475=CARTESIAN_POINT('',(-1.125,1.523,0.32));
#12476=CARTESIAN_POINT('',(-1.252,1.523,0.32));
#12477=CARTESIAN_POINT('',(-1.125,1.523,0.32));
#12478=CARTESIAN_POINT('',(-1.125,1.523,-0.32));
#12479=CARTESIAN_POINT('',(-1.125,1.523,0.32));
#12480=CARTESIAN_POINT('',(5.42101086242752E-17,0.4,0.32));
#12481=CARTESIAN_POINT('',(5.42101086242752E-17,0.4,-0.32));
#12482=CARTESIAN_POINT('',(-10.795,5.52,5.25));
#12483=CARTESIAN_POINT('',(10.795,5.52,5.25));
#12484=MECHANICAL_DESIGN_GEOMETRIC_PRESENTATION_REPRESENTATION('',(#7783,
#7784,#7785),#12485);
#12485=(
GEOMETRIC_REPRESENTATION_CONTEXT(3)
GLOBAL_UNCERTAINTY_ASSIGNED_CONTEXT((#12489))
GLOBAL_UNIT_ASSIGNED_CONTEXT((#12495,#12494,#12493))
REPRESENTATION_CONTEXT('PET-02-01-L-RA-LC','TOP_LEVEL_ASSEMBLY_PART')
);
#12486=(
GEOMETRIC_REPRESENTATION_CONTEXT(3)
GLOBAL_UNCERTAINTY_ASSIGNED_CONTEXT((#12490))
GLOBAL_UNIT_ASSIGNED_CONTEXT((#12495,#12494,#12493))
REPRESENTATION_CONTEXT('PET-02-RA-LC_t','COMPONENT_PART')
);
#12487=(
GEOMETRIC_REPRESENTATION_CONTEXT(3)
GLOBAL_UNCERTAINTY_ASSIGNED_CONTEXT((#12491))
GLOBAL_UNIT_ASSIGNED_CONTEXT((#12495,#12494,#12493))
REPRESENTATION_CONTEXT('PET-02-01-RA_p','COMPONENT_PART')
);
#12488=(
GEOMETRIC_REPRESENTATION_CONTEXT(3)
GLOBAL_UNCERTAINTY_ASSIGNED_CONTEXT((#12492))
GLOBAL_UNIT_ASSIGNED_CONTEXT((#12495,#12494,#12493))
REPRESENTATION_CONTEXT('PET-LC_lc','COMPONENT_PART')
);
#12489=UNCERTAINTY_MEASURE_WITH_UNIT(LENGTH_MEASURE(1.E-5),#12495,
'DISTANCE_ACCURACY_VALUE','Maximum Tolerance applied to model');
#12490=UNCERTAINTY_MEASURE_WITH_UNIT(LENGTH_MEASURE(1.E-5),#12495,
'DISTANCE_ACCURACY_VALUE','Maximum Tolerance applied to model');
#12491=UNCERTAINTY_MEASURE_WITH_UNIT(LENGTH_MEASURE(1.E-5),#12495,
'DISTANCE_ACCURACY_VALUE','Maximum Tolerance applied to model');
#12492=UNCERTAINTY_MEASURE_WITH_UNIT(LENGTH_MEASURE(1.E-5),#12495,
'DISTANCE_ACCURACY_VALUE','Maximum Tolerance applied to model');
#12493=(
NAMED_UNIT(*)
SI_UNIT($,.STERADIAN.)
SOLID_ANGLE_UNIT()
);
#12494=(
NAMED_UNIT(*)
PLANE_ANGLE_UNIT()
SI_UNIT($,.RADIAN.)
);
#12495=(
LENGTH_UNIT()
NAMED_UNIT(*)
SI_UNIT(.MILLI.,.METRE.)
);
#12496=PRODUCT_DEFINITION_SHAPE('','',#12504);
#12497=PRODUCT_DEFINITION_SHAPE('','',#12505);
#12498=PRODUCT_DEFINITION_SHAPE(' ','NAUO PRDDFN',#23);
#12499=PRODUCT_DEFINITION_SHAPE('','',#12506);
#12500=PRODUCT_DEFINITION_SHAPE(' ','NAUO PRDDFN',#24);
#12501=PRODUCT_DEFINITION_SHAPE('','',#12507);
#12502=PRODUCT_DEFINITION_SHAPE(' ','NAUO PRDDFN',#25);
#12503=PRODUCT_DEFINITION_SHAPE(' ','NAUO PRDDFN',#26);
#12504=PRODUCT_DEFINITION('','',#12512,#12508);
#12505=PRODUCT_DEFINITION('','',#12513,#12509);
#12506=PRODUCT_DEFINITION('','',#12514,#12510);
#12507=PRODUCT_DEFINITION('','',#12515,#12511);
#12508=PRODUCT_DEFINITION_CONTEXT('',#12533,'design');
#12509=PRODUCT_DEFINITION_CONTEXT('',#12533,'design');
#12510=PRODUCT_DEFINITION_CONTEXT('',#12533,'design');
#12511=PRODUCT_DEFINITION_CONTEXT('',#12533,'design');
#12512=PRODUCT_DEFINITION_FORMATION_WITH_SPECIFIED_SOURCE('','',#12520,
 .NOT_KNOWN.);
#12513=PRODUCT_DEFINITION_FORMATION_WITH_SPECIFIED_SOURCE('','',#12521,
 .NOT_KNOWN.);
#12514=PRODUCT_DEFINITION_FORMATION_WITH_SPECIFIED_SOURCE('','',#12522,
 .NOT_KNOWN.);
#12515=PRODUCT_DEFINITION_FORMATION_WITH_SPECIFIED_SOURCE('','',#12523,
 .NOT_KNOWN.);
#12516=PRODUCT_RELATED_PRODUCT_CATEGORY('','',(#12520));
#12517=PRODUCT_RELATED_PRODUCT_CATEGORY('','',(#12521));
#12518=PRODUCT_RELATED_PRODUCT_CATEGORY('','',(#12522));
#12519=PRODUCT_RELATED_PRODUCT_CATEGORY('','',(#12523));
#12520=PRODUCT('PET-02-01-L-RA-LC','PET-02-01-L-RA-LC',
'PET-02-01-L-RA-LC',(#12528));
#12521=PRODUCT('PET-02-RA-LC_t','PET-02-RA-LC_t','PET-02-RA-LC_t',(#12529));
#12522=PRODUCT('PET-02-01-RA_p','PET-02-01-RA_p','PET-02-01-RA_p',(#12530));
#12523=PRODUCT('PET-LC_lc','PET-LC_lc','PET-LC_lc',(#12531));
#12524=PRODUCT_CATEGORY('','');
#12525=PRODUCT_CATEGORY('','');
#12526=PRODUCT_CATEGORY('','');
#12527=PRODUCT_CATEGORY('','');
#12528=PRODUCT_CONTEXT('',#12533,'mechanical');
#12529=PRODUCT_CONTEXT('',#12533,'mechanical');
#12530=PRODUCT_CONTEXT('',#12533,'mechanical');
#12531=PRODUCT_CONTEXT('',#12533,'mechanical');
#12532=APPLICATION_PROTOCOL_DEFINITION('international standard',
'automotive_design',2010,#12533);
#12533=APPLICATION_CONTEXT(
'core data for automotive mechanical design processes');
ENDSEC;
END-ISO-10303-21;
