ISO-10303-21;
HEADER;
FILE_DESCRIPTION(('KiCad electronic assembly'),'2;1');
FILE_NAME('Ready_to_Move_Lights_2.step','2026-04-02T18:45:31',('Pcbnew')
  ,('Kicad'),'Open CASCADE STEP processor 7.9','KiCad to STEP converter'
  ,'Unknown');
FILE_SCHEMA(('AUTOMOTIVE_DESIGN { 1 0 10303 214 1 1 1 1 }'));
ENDSEC;
DATA;
#1 = APPLICATION_PROTOCOL_DEFINITION('international standard',
  'automotive_design',2000,#2);
#2 = APPLICATION_CONTEXT(
  'core data for automotive mechanical design processes');
#3 = SHAPE_DEFINITION_REPRESENTATION(#4,#10);
#4 = PRODUCT_DEFINITION_SHAPE('','',#5);
#5 = PRODUCT_DEFINITION('design','',#6,#9);
#6 = PRODUCT_DEFINITION_FORMATION('','',#7);
#7 = PRODUCT('Ready_to_Move_Lights_2 1','Ready_to_Move_Lights_2 1','',(
    #8));
#8 = PRODUCT_CONTEXT('',#2,'mechanical');
#9 = PRODUCT_DEFINITION_CONTEXT('part definition',#2,'design');
#10 = SHAPE_REPRESENTATION('',(#11,#15,#19,#23,#27,#31,#35,#39,#43,#47,
    #51,#55,#59,#63,#67,#71,#75,#79,#83,#87,#91,#95,#99,#103),#107);
#11 = AXIS2_PLACEMENT_3D('',#12,#13,#14);
#12 = CARTESIAN_POINT('',(0.,0.,0.));
#13 = DIRECTION('',(0.,0.,1.));
#14 = DIRECTION('',(1.,0.,-0.));
#15 = AXIS2_PLACEMENT_3D('',#16,#17,#18);
#16 = CARTESIAN_POINT('',(141.465,-63.47,1.595));
#17 = DIRECTION('',(0.,0.,1.));
#18 = DIRECTION('',(1.,0.,0.));
#19 = AXIS2_PLACEMENT_3D('',#20,#21,#22);
#20 = CARTESIAN_POINT('',(128.27,-58.42,1.595));
#21 = DIRECTION('',(-0.,0.,1.));
#22 = DIRECTION('',(1.110223024625E-16,-1.,0.));
#23 = AXIS2_PLACEMENT_3D('',#24,#25,#26);
#24 = CARTESIAN_POINT('',(161.29,-91.44,1.595));
#25 = DIRECTION('',(0.,-0.,1.));
#26 = DIRECTION('',(1.110223024625E-16,1.,0.));
#27 = AXIS2_PLACEMENT_3D('',#28,#29,#30);
#28 = CARTESIAN_POINT('',(164.275,-57.15,1.595));
#29 = DIRECTION('',(0.,0.,1.));
#30 = DIRECTION('',(-1.,1.224646799147E-16,0.));
#31 = AXIS2_PLACEMENT_3D('',#32,#33,#34);
#32 = CARTESIAN_POINT('',(168.91,-76.2,1.595));
#33 = DIRECTION('',(0.,0.,1.));
#34 = DIRECTION('',(-1.,1.224646799147E-16,0.));
#35 = AXIS2_PLACEMENT_3D('',#36,#37,#38);
#36 = CARTESIAN_POINT('',(158.75,-108.1425,1.595));
#37 = DIRECTION('',(0.,-0.,1.));
#38 = DIRECTION('',(1.110223024625E-16,1.,0.));
#39 = AXIS2_PLACEMENT_3D('',#40,#41,#42);
#40 = CARTESIAN_POINT('',(148.82,-108.1425,1.595));
#41 = DIRECTION('',(0.,-0.,1.));
#42 = DIRECTION('',(1.110223024625E-16,1.,0.));
#43 = AXIS2_PLACEMENT_3D('',#44,#45,#46);
#44 = CARTESIAN_POINT('',(165.1,-87.1475,1.595));
#45 = DIRECTION('',(-0.,0.,1.));
#46 = DIRECTION('',(1.110223024625E-16,-1.,0.));
#47 = AXIS2_PLACEMENT_3D('',#48,#49,#50);
#48 = CARTESIAN_POINT('',(164.275,-59.69,1.595));
#49 = DIRECTION('',(0.,0.,1.));
#50 = DIRECTION('',(-1.,1.224646799147E-16,0.));
#51 = AXIS2_PLACEMENT_3D('',#52,#53,#54);
#52 = CARTESIAN_POINT('',(142.24,-116.05,1.595));
#53 = DIRECTION('',(0.,-0.,1.));
#54 = DIRECTION('',(1.110223024625E-16,1.,0.));
#55 = AXIS2_PLACEMENT_3D('',#56,#57,#58);
#56 = CARTESIAN_POINT('',(155.44,-108.1425,1.595));
#57 = DIRECTION('',(0.,-0.,1.));
#58 = DIRECTION('',(1.110223024625E-16,1.,0.));
#59 = AXIS2_PLACEMENT_3D('',#60,#61,#62);
#60 = CARTESIAN_POINT('',(141.465,-58.42,1.595));
#61 = DIRECTION('',(0.,0.,1.));
#62 = DIRECTION('',(-1.,1.224646799147E-16,0.));
#63 = AXIS2_PLACEMENT_3D('',#64,#65,#66);
#64 = CARTESIAN_POINT('',(160.085,-67.31,1.595));
#65 = DIRECTION('',(0.,0.,1.));
#66 = DIRECTION('',(1.,0.,0.));
#67 = AXIS2_PLACEMENT_3D('',#68,#69,#70);
#68 = CARTESIAN_POINT('',(153.67,-59.69,1.595));
#69 = DIRECTION('',(0.,-0.,1.));
#70 = DIRECTION('',(1.110223024625E-16,1.,0.));
#71 = AXIS2_PLACEMENT_3D('',#72,#73,#74);
#72 = CARTESIAN_POINT('',(141.465,-66.4,1.595));
#73 = DIRECTION('',(0.,0.,1.));
#74 = DIRECTION('',(1.,0.,0.));
#75 = AXIS2_PLACEMENT_3D('',#76,#77,#78);
#76 = CARTESIAN_POINT('',(133.35,-116.05,1.595));
#77 = DIRECTION('',(0.,-0.,1.));
#78 = DIRECTION('',(1.110223024625E-16,1.,0.));
#79 = AXIS2_PLACEMENT_3D('',#80,#81,#82);
#80 = CARTESIAN_POINT('',(152.13,-108.1425,1.595));
#81 = DIRECTION('',(0.,-0.,1.));
#82 = DIRECTION('',(1.110223024625E-16,1.,0.));
#83 = AXIS2_PLACEMENT_3D('',#84,#85,#86);
#84 = CARTESIAN_POINT('',(122.745,-55.88,1.595));
#85 = DIRECTION('',(0.,0.,1.));
#86 = DIRECTION('',(-1.,1.224646799147E-16,0.));
#87 = AXIS2_PLACEMENT_3D('',#88,#89,#90);
#88 = CARTESIAN_POINT('',(165.1,-92.265,1.595));
#89 = DIRECTION('',(-0.,0.,1.));
#90 = DIRECTION('',(1.110223024625E-16,-1.,0.));
#91 = AXIS2_PLACEMENT_3D('',#92,#93,#94);
#92 = CARTESIAN_POINT('',(141.465,-60.96,1.595));
#93 = DIRECTION('',(0.,0.,1.));
#94 = DIRECTION('',(-1.,1.224646799147E-16,0.));
#95 = AXIS2_PLACEMENT_3D('',#96,#97,#98);
#96 = CARTESIAN_POINT('',(151.175,-59.69,1.595));
#97 = DIRECTION('',(0.,-0.,1.));
#98 = DIRECTION('',(1.110223024625E-16,1.,0.));
#99 = AXIS2_PLACEMENT_3D('',#100,#101,#102);
#100 = CARTESIAN_POINT('',(122.745,-53.34,1.595));
#101 = DIRECTION('',(0.,0.,1.));
#102 = DIRECTION('',(-1.,1.224646799147E-16,0.));
#103 = AXIS2_PLACEMENT_3D('',#104,#105,#106);
#104 = CARTESIAN_POINT('',(0.,0.,0.));
#105 = DIRECTION('',(0.,0.,1.));
#106 = DIRECTION('',(1.,0.,-0.));
#107 = ( GEOMETRIC_REPRESENTATION_CONTEXT(3) 
GLOBAL_UNCERTAINTY_ASSIGNED_CONTEXT((#111)) GLOBAL_UNIT_ASSIGNED_CONTEXT
((#108,#109,#110)) REPRESENTATION_CONTEXT('Context #1',
  '3D Context with UNIT and UNCERTAINTY') );
#108 = ( LENGTH_UNIT() NAMED_UNIT(*) SI_UNIT(.MILLI.,.METRE.) );
#109 = ( NAMED_UNIT(*) PLANE_ANGLE_UNIT() SI_UNIT($,.RADIAN.) );
#110 = ( NAMED_UNIT(*) SI_UNIT($,.STERADIAN.) SOLID_ANGLE_UNIT() );
#111 = UNCERTAINTY_MEASURE_WITH_UNIT(LENGTH_MEASURE(1.E-07),#108,
  'distance_accuracy_value','confusion accuracy');
#112 = PRODUCT_RELATED_PRODUCT_CATEGORY('part',$,(#7));
#113 = SHAPE_DEFINITION_REPRESENTATION(#114,#120);
#114 = PRODUCT_DEFINITION_SHAPE('','',#115);
#115 = PRODUCT_DEFINITION('design','',#116,#119);
#116 = PRODUCT_DEFINITION_FORMATION('','',#117);
#117 = PRODUCT('C_0603_1608Metric','C_0603_1608Metric','',(#118));
#118 = PRODUCT_CONTEXT('',#2,'mechanical');
#119 = PRODUCT_DEFINITION_CONTEXT('part definition',#2,'design');
#120 = ADVANCED_BREP_SHAPE_REPRESENTATION('',(#11,#121),#975);
#121 = MANIFOLD_SOLID_BREP('',#122);
#122 = CLOSED_SHELL('',(#123,#199,#230,#255,#280,#304,#328,#353,#378,
    #395,#481,#513,#537,#562,#586,#611,#635,#660,#677,#763,#794,#819,
    #844,#868,#892,#917,#942,#959));
#123 = ADVANCED_FACE('',(#124),#194,.F.);
#124 = FACE_BOUND('',#125,.F.);
#125 = EDGE_LOOP('',(#126,#136,#145,#153,#162,#170,#179,#187));
#126 = ORIENTED_EDGE('',*,*,#127,.F.);
#127 = EDGE_CURVE('',#128,#130,#132,.T.);
#128 = VERTEX_POINT('',#129);
#129 = CARTESIAN_POINT('',(-0.8,-0.4,3.E-02));
#130 = VERTEX_POINT('',#131);
#131 = CARTESIAN_POINT('',(-0.8,-0.4,0.77));
#132 = LINE('',#133,#134);
#133 = CARTESIAN_POINT('',(-0.8,-0.4,0.));
#134 = VECTOR('',#135,1.);
#135 = DIRECTION('',(0.,0.,1.));
#136 = ORIENTED_EDGE('',*,*,#137,.T.);
#137 = EDGE_CURVE('',#128,#138,#140,.T.);
#138 = VERTEX_POINT('',#139);
#139 = CARTESIAN_POINT('',(-0.8,-0.37,0.));
#140 = CIRCLE('',#141,3.E-02);
#141 = AXIS2_PLACEMENT_3D('',#142,#143,#144);
#142 = CARTESIAN_POINT('',(-0.8,-0.37,3.E-02));
#143 = DIRECTION('',(1.,0.,-0.));
#144 = DIRECTION('',(0.,0.,1.));
#145 = ORIENTED_EDGE('',*,*,#146,.T.);
#146 = EDGE_CURVE('',#138,#147,#149,.T.);
#147 = VERTEX_POINT('',#148);
#148 = CARTESIAN_POINT('',(-0.8,0.37,0.));
#149 = LINE('',#150,#151);
#150 = CARTESIAN_POINT('',(-0.8,-0.4,0.));
#151 = VECTOR('',#152,1.);
#152 = DIRECTION('',(0.,1.,0.));
#153 = ORIENTED_EDGE('',*,*,#154,.F.);
#154 = EDGE_CURVE('',#155,#147,#157,.T.);
#155 = VERTEX_POINT('',#156);
#156 = CARTESIAN_POINT('',(-0.8,0.4,3.E-02));
#157 = CIRCLE('',#158,3.E-02);
#158 = AXIS2_PLACEMENT_3D('',#159,#160,#161);
#159 = CARTESIAN_POINT('',(-0.8,0.37,3.E-02));
#160 = DIRECTION('',(-1.,0.,0.));
#161 = DIRECTION('',(0.,0.,1.));
#162 = ORIENTED_EDGE('',*,*,#163,.T.);
#163 = EDGE_CURVE('',#155,#164,#166,.T.);
#164 = VERTEX_POINT('',#165);
#165 = CARTESIAN_POINT('',(-0.8,0.4,0.77));
#166 = LINE('',#167,#168);
#167 = CARTESIAN_POINT('',(-0.8,0.4,0.));
#168 = VECTOR('',#169,1.);
#169 = DIRECTION('',(0.,0.,1.));
#170 = ORIENTED_EDGE('',*,*,#171,.T.);
#171 = EDGE_CURVE('',#164,#172,#174,.T.);
#172 = VERTEX_POINT('',#173);
#173 = CARTESIAN_POINT('',(-0.8,0.37,0.8));
#174 = CIRCLE('',#175,3.E-02);
#175 = AXIS2_PLACEMENT_3D('',#176,#177,#178);
#176 = CARTESIAN_POINT('',(-0.8,0.37,0.77));
#177 = DIRECTION('',(1.,0.,-0.));
#178 = DIRECTION('',(0.,0.,1.));
#179 = ORIENTED_EDGE('',*,*,#180,.F.);
#180 = EDGE_CURVE('',#181,#172,#183,.T.);
#181 = VERTEX_POINT('',#182);
#182 = CARTESIAN_POINT('',(-0.8,-0.37,0.8));
#183 = LINE('',#184,#185);
#184 = CARTESIAN_POINT('',(-0.8,-0.4,0.8));
#185 = VECTOR('',#186,1.);
#186 = DIRECTION('',(0.,1.,0.));
#187 = ORIENTED_EDGE('',*,*,#188,.F.);
#188 = EDGE_CURVE('',#130,#181,#189,.T.);
#189 = CIRCLE('',#190,3.E-02);
#190 = AXIS2_PLACEMENT_3D('',#191,#192,#193);
#191 = CARTESIAN_POINT('',(-0.8,-0.37,0.77));
#192 = DIRECTION('',(-1.,0.,0.));
#193 = DIRECTION('',(0.,0.,1.));
#194 = PLANE('',#195);
#195 = AXIS2_PLACEMENT_3D('',#196,#197,#198);
#196 = CARTESIAN_POINT('',(-0.8,-0.4,0.));
#197 = DIRECTION('',(1.,0.,0.));
#198 = DIRECTION('',(0.,0.,1.));
#199 = ADVANCED_FACE('',(#200),#225,.F.);
#200 = FACE_BOUND('',#201,.F.);
#201 = EDGE_LOOP('',(#202,#212,#218,#219));
#202 = ORIENTED_EDGE('',*,*,#203,.F.);
#203 = EDGE_CURVE('',#204,#206,#208,.T.);
#204 = VERTEX_POINT('',#205);
#205 = CARTESIAN_POINT('',(-0.5,-0.4,3.E-02));
#206 = VERTEX_POINT('',#207);
#207 = CARTESIAN_POINT('',(-0.5,-0.4,0.77));
#208 = LINE('',#209,#210);
#209 = CARTESIAN_POINT('',(-0.5,-0.4,0.));
#210 = VECTOR('',#211,1.);
#211 = DIRECTION('',(0.,0.,1.));
#212 = ORIENTED_EDGE('',*,*,#213,.F.);
#213 = EDGE_CURVE('',#128,#204,#214,.T.);
#214 = LINE('',#215,#216);
#215 = CARTESIAN_POINT('',(-0.8,-0.4,3.E-02));
#216 = VECTOR('',#217,1.);
#217 = DIRECTION('',(1.,0.,0.));
#218 = ORIENTED_EDGE('',*,*,#127,.T.);
#219 = ORIENTED_EDGE('',*,*,#220,.T.);
#220 = EDGE_CURVE('',#130,#206,#221,.T.);
#221 = LINE('',#222,#223);
#222 = CARTESIAN_POINT('',(-0.8,-0.4,0.77));
#223 = VECTOR('',#224,1.);
#224 = DIRECTION('',(1.,0.,0.));
#225 = PLANE('',#226);
#226 = AXIS2_PLACEMENT_3D('',#227,#228,#229);
#227 = CARTESIAN_POINT('',(-0.8,-0.4,0.));
#228 = DIRECTION('',(0.,1.,0.));
#229 = DIRECTION('',(0.,-0.,1.));
#230 = ADVANCED_FACE('',(#231),#250,.T.);
#231 = FACE_BOUND('',#232,.T.);
#232 = EDGE_LOOP('',(#233,#234,#242,#249));
#233 = ORIENTED_EDGE('',*,*,#137,.T.);
#234 = ORIENTED_EDGE('',*,*,#235,.T.);
#235 = EDGE_CURVE('',#138,#236,#238,.T.);
#236 = VERTEX_POINT('',#237);
#237 = CARTESIAN_POINT('',(-0.5,-0.37,0.));
#238 = LINE('',#239,#240);
#239 = CARTESIAN_POINT('',(-0.8,-0.37,0.));
#240 = VECTOR('',#241,1.);
#241 = DIRECTION('',(1.,0.,0.));
#242 = ORIENTED_EDGE('',*,*,#243,.F.);
#243 = EDGE_CURVE('',#204,#236,#244,.T.);
#244 = CIRCLE('',#245,3.E-02);
#245 = AXIS2_PLACEMENT_3D('',#246,#247,#248);
#246 = CARTESIAN_POINT('',(-0.5,-0.37,3.E-02));
#247 = DIRECTION('',(1.,0.,-0.));
#248 = DIRECTION('',(0.,0.,1.));
#249 = ORIENTED_EDGE('',*,*,#213,.F.);
#250 = CYLINDRICAL_SURFACE('',#251,3.E-02);
#251 = AXIS2_PLACEMENT_3D('',#252,#253,#254);
#252 = CARTESIAN_POINT('',(-0.8,-0.37,3.E-02));
#253 = DIRECTION('',(1.,0.,0.));
#254 = DIRECTION('',(0.,-1.,0.));
#255 = ADVANCED_FACE('',(#256),#275,.T.);
#256 = FACE_BOUND('',#257,.T.);
#257 = EDGE_LOOP('',(#258,#259,#268,#274));
#258 = ORIENTED_EDGE('',*,*,#220,.T.);
#259 = ORIENTED_EDGE('',*,*,#260,.T.);
#260 = EDGE_CURVE('',#206,#261,#263,.T.);
#261 = VERTEX_POINT('',#262);
#262 = CARTESIAN_POINT('',(-0.5,-0.37,0.8));
#263 = CIRCLE('',#264,3.E-02);
#264 = AXIS2_PLACEMENT_3D('',#265,#266,#267);
#265 = CARTESIAN_POINT('',(-0.5,-0.37,0.77));
#266 = DIRECTION('',(-1.,0.,0.));
#267 = DIRECTION('',(0.,0.,1.));
#268 = ORIENTED_EDGE('',*,*,#269,.F.);
#269 = EDGE_CURVE('',#181,#261,#270,.T.);
#270 = LINE('',#271,#272);
#271 = CARTESIAN_POINT('',(-0.8,-0.37,0.8));
#272 = VECTOR('',#273,1.);
#273 = DIRECTION('',(1.,0.,0.));
#274 = ORIENTED_EDGE('',*,*,#188,.F.);
#275 = CYLINDRICAL_SURFACE('',#276,3.E-02);
#276 = AXIS2_PLACEMENT_3D('',#277,#278,#279);
#277 = CARTESIAN_POINT('',(-0.8,-0.37,0.77));
#278 = DIRECTION('',(1.,0.,0.));
#279 = DIRECTION('',(0.,-1.,0.));
#280 = ADVANCED_FACE('',(#281),#299,.F.);
#281 = FACE_BOUND('',#282,.F.);
#282 = EDGE_LOOP('',(#283,#284,#285,#293));
#283 = ORIENTED_EDGE('',*,*,#146,.F.);
#284 = ORIENTED_EDGE('',*,*,#235,.T.);
#285 = ORIENTED_EDGE('',*,*,#286,.T.);
#286 = EDGE_CURVE('',#236,#287,#289,.T.);
#287 = VERTEX_POINT('',#288);
#288 = CARTESIAN_POINT('',(-0.5,0.37,0.));
#289 = LINE('',#290,#291);
#290 = CARTESIAN_POINT('',(-0.5,-0.4,0.));
#291 = VECTOR('',#292,1.);
#292 = DIRECTION('',(0.,1.,0.));
#293 = ORIENTED_EDGE('',*,*,#294,.F.);
#294 = EDGE_CURVE('',#147,#287,#295,.T.);
#295 = LINE('',#296,#297);
#296 = CARTESIAN_POINT('',(-0.8,0.37,0.));
#297 = VECTOR('',#298,1.);
#298 = DIRECTION('',(1.,0.,0.));
#299 = PLANE('',#300);
#300 = AXIS2_PLACEMENT_3D('',#301,#302,#303);
#301 = CARTESIAN_POINT('',(-0.8,-0.4,0.));
#302 = DIRECTION('',(0.,0.,1.));
#303 = DIRECTION('',(1.,0.,-0.));
#304 = ADVANCED_FACE('',(#305),#323,.T.);
#305 = FACE_BOUND('',#306,.T.);
#306 = EDGE_LOOP('',(#307,#308,#309,#317));
#307 = ORIENTED_EDGE('',*,*,#180,.F.);
#308 = ORIENTED_EDGE('',*,*,#269,.T.);
#309 = ORIENTED_EDGE('',*,*,#310,.T.);
#310 = EDGE_CURVE('',#261,#311,#313,.T.);
#311 = VERTEX_POINT('',#312);
#312 = CARTESIAN_POINT('',(-0.5,0.37,0.8));
#313 = LINE('',#314,#315);
#314 = CARTESIAN_POINT('',(-0.5,-0.4,0.8));
#315 = VECTOR('',#316,1.);
#316 = DIRECTION('',(0.,1.,0.));
#317 = ORIENTED_EDGE('',*,*,#318,.F.);
#318 = EDGE_CURVE('',#172,#311,#319,.T.);
#319 = LINE('',#320,#321);
#320 = CARTESIAN_POINT('',(-0.8,0.37,0.8));
#321 = VECTOR('',#322,1.);
#322 = DIRECTION('',(1.,0.,0.));
#323 = PLANE('',#324);
#324 = AXIS2_PLACEMENT_3D('',#325,#326,#327);
#325 = CARTESIAN_POINT('',(-0.8,-0.4,0.8));
#326 = DIRECTION('',(0.,0.,1.));
#327 = DIRECTION('',(1.,0.,-0.));
#328 = ADVANCED_FACE('',(#329),#348,.T.);
#329 = FACE_BOUND('',#330,.T.);
#330 = EDGE_LOOP('',(#331,#339,#346,#347));
#331 = ORIENTED_EDGE('',*,*,#332,.T.);
#332 = EDGE_CURVE('',#155,#333,#335,.T.);
#333 = VERTEX_POINT('',#334);
#334 = CARTESIAN_POINT('',(-0.5,0.4,3.E-02));
#335 = LINE('',#336,#337);
#336 = CARTESIAN_POINT('',(-0.8,0.4,3.E-02));
#337 = VECTOR('',#338,1.);
#338 = DIRECTION('',(1.,0.,0.));
#339 = ORIENTED_EDGE('',*,*,#340,.T.);
#340 = EDGE_CURVE('',#333,#287,#341,.T.);
#341 = CIRCLE('',#342,3.E-02);
#342 = AXIS2_PLACEMENT_3D('',#343,#344,#345);
#343 = CARTESIAN_POINT('',(-0.5,0.37,3.E-02));
#344 = DIRECTION('',(-1.,0.,0.));
#345 = DIRECTION('',(0.,0.,1.));
#346 = ORIENTED_EDGE('',*,*,#294,.F.);
#347 = ORIENTED_EDGE('',*,*,#154,.F.);
#348 = CYLINDRICAL_SURFACE('',#349,3.E-02);
#349 = AXIS2_PLACEMENT_3D('',#350,#351,#352);
#350 = CARTESIAN_POINT('',(-0.8,0.37,3.E-02));
#351 = DIRECTION('',(1.,0.,0.));
#352 = DIRECTION('',(-0.,1.,0.));
#353 = ADVANCED_FACE('',(#354),#373,.T.);
#354 = FACE_BOUND('',#355,.T.);
#355 = EDGE_LOOP('',(#356,#357,#358,#367));
#356 = ORIENTED_EDGE('',*,*,#171,.T.);
#357 = ORIENTED_EDGE('',*,*,#318,.T.);
#358 = ORIENTED_EDGE('',*,*,#359,.F.);
#359 = EDGE_CURVE('',#360,#311,#362,.T.);
#360 = VERTEX_POINT('',#361);
#361 = CARTESIAN_POINT('',(-0.5,0.4,0.77));
#362 = CIRCLE('',#363,3.E-02);
#363 = AXIS2_PLACEMENT_3D('',#364,#365,#366);
#364 = CARTESIAN_POINT('',(-0.5,0.37,0.77));
#365 = DIRECTION('',(1.,0.,-0.));
#366 = DIRECTION('',(0.,0.,1.));
#367 = ORIENTED_EDGE('',*,*,#368,.F.);
#368 = EDGE_CURVE('',#164,#360,#369,.T.);
#369 = LINE('',#370,#371);
#370 = CARTESIAN_POINT('',(-0.8,0.4,0.77));
#371 = VECTOR('',#372,1.);
#372 = DIRECTION('',(1.,0.,0.));
#373 = CYLINDRICAL_SURFACE('',#374,3.E-02);
#374 = AXIS2_PLACEMENT_3D('',#375,#376,#377);
#375 = CARTESIAN_POINT('',(-0.8,0.37,0.77));
#376 = DIRECTION('',(1.,0.,0.));
#377 = DIRECTION('',(-0.,1.,0.));
#378 = ADVANCED_FACE('',(#379),#390,.T.);
#379 = FACE_BOUND('',#380,.T.);
#380 = EDGE_LOOP('',(#381,#387,#388,#389));
#381 = ORIENTED_EDGE('',*,*,#382,.F.);
#382 = EDGE_CURVE('',#333,#360,#383,.T.);
#383 = LINE('',#384,#385);
#384 = CARTESIAN_POINT('',(-0.5,0.4,0.));
#385 = VECTOR('',#386,1.);
#386 = DIRECTION('',(0.,0.,1.));
#387 = ORIENTED_EDGE('',*,*,#332,.F.);
#388 = ORIENTED_EDGE('',*,*,#163,.T.);
#389 = ORIENTED_EDGE('',*,*,#368,.T.);
#390 = PLANE('',#391);
#391 = AXIS2_PLACEMENT_3D('',#392,#393,#394);
#392 = CARTESIAN_POINT('',(-0.8,0.4,0.));
#393 = DIRECTION('',(0.,1.,0.));
#394 = DIRECTION('',(0.,-0.,1.));
#395 = ADVANCED_FACE('',(#396,#406),#476,.T.);
#396 = FACE_BOUND('',#397,.T.);
#397 = EDGE_LOOP('',(#398,#399,#400,#401,#402,#403,#404,#405));
#398 = ORIENTED_EDGE('',*,*,#203,.F.);
#399 = ORIENTED_EDGE('',*,*,#243,.T.);
#400 = ORIENTED_EDGE('',*,*,#286,.T.);
#401 = ORIENTED_EDGE('',*,*,#340,.F.);
#402 = ORIENTED_EDGE('',*,*,#382,.T.);
#403 = ORIENTED_EDGE('',*,*,#359,.T.);
#404 = ORIENTED_EDGE('',*,*,#310,.F.);
#405 = ORIENTED_EDGE('',*,*,#260,.F.);
#406 = FACE_BOUND('',#407,.T.);
#407 = EDGE_LOOP('',(#408,#419,#427,#436,#444,#453,#461,#470));
#408 = ORIENTED_EDGE('',*,*,#409,.F.);
#409 = EDGE_CURVE('',#410,#412,#414,.T.);
#410 = VERTEX_POINT('',#411);
#411 = CARTESIAN_POINT('',(-0.5,-0.37,6.E-02));
#412 = VERTEX_POINT('',#413);
#413 = CARTESIAN_POINT('',(-0.5,-0.34,3.E-02));
#414 = CIRCLE('',#415,3.E-02);
#415 = AXIS2_PLACEMENT_3D('',#416,#417,#418);
#416 = CARTESIAN_POINT('',(-0.5,-0.34,6.E-02));
#417 = DIRECTION('',(1.,0.,-0.));
#418 = DIRECTION('',(0.,0.,1.));
#419 = ORIENTED_EDGE('',*,*,#420,.T.);
#420 = EDGE_CURVE('',#410,#421,#423,.T.);
#421 = VERTEX_POINT('',#422);
#422 = CARTESIAN_POINT('',(-0.5,-0.37,0.74));
#423 = LINE('',#424,#425);
#424 = CARTESIAN_POINT('',(-0.5,-0.37,3.E-02));
#425 = VECTOR('',#426,1.);
#426 = DIRECTION('',(0.,0.,1.));
#427 = ORIENTED_EDGE('',*,*,#428,.T.);
#428 = EDGE_CURVE('',#421,#429,#431,.T.);
#429 = VERTEX_POINT('',#430);
#430 = CARTESIAN_POINT('',(-0.5,-0.34,0.77));
#431 = CIRCLE('',#432,3.E-02);
#432 = AXIS2_PLACEMENT_3D('',#433,#434,#435);
#433 = CARTESIAN_POINT('',(-0.5,-0.34,0.74));
#434 = DIRECTION('',(-1.,0.,0.));
#435 = DIRECTION('',(0.,0.,1.));
#436 = ORIENTED_EDGE('',*,*,#437,.T.);
#437 = EDGE_CURVE('',#429,#438,#440,.T.);
#438 = VERTEX_POINT('',#439);
#439 = CARTESIAN_POINT('',(-0.5,0.34,0.77));
#440 = LINE('',#441,#442);
#441 = CARTESIAN_POINT('',(-0.5,-0.37,0.77));
#442 = VECTOR('',#443,1.);
#443 = DIRECTION('',(0.,1.,0.));
#444 = ORIENTED_EDGE('',*,*,#445,.F.);
#445 = EDGE_CURVE('',#446,#438,#448,.T.);
#446 = VERTEX_POINT('',#447);
#447 = CARTESIAN_POINT('',(-0.5,0.37,0.74));
#448 = CIRCLE('',#449,3.E-02);
#449 = AXIS2_PLACEMENT_3D('',#450,#451,#452);
#450 = CARTESIAN_POINT('',(-0.5,0.34,0.74));
#451 = DIRECTION('',(1.,0.,-0.));
#452 = DIRECTION('',(0.,0.,1.));
#453 = ORIENTED_EDGE('',*,*,#454,.F.);
#454 = EDGE_CURVE('',#455,#446,#457,.T.);
#455 = VERTEX_POINT('',#456);
#456 = CARTESIAN_POINT('',(-0.5,0.37,6.E-02));
#457 = LINE('',#458,#459);
#458 = CARTESIAN_POINT('',(-0.5,0.37,3.E-02));
#459 = VECTOR('',#460,1.);
#460 = DIRECTION('',(0.,0.,1.));
#461 = ORIENTED_EDGE('',*,*,#462,.T.);
#462 = EDGE_CURVE('',#455,#463,#465,.T.);
#463 = VERTEX_POINT('',#464);
#464 = CARTESIAN_POINT('',(-0.5,0.34,3.E-02));
#465 = CIRCLE('',#466,3.E-02);
#466 = AXIS2_PLACEMENT_3D('',#467,#468,#469);
#467 = CARTESIAN_POINT('',(-0.5,0.34,6.E-02));
#468 = DIRECTION('',(-1.,0.,0.));
#469 = DIRECTION('',(0.,0.,1.));
#470 = ORIENTED_EDGE('',*,*,#471,.F.);
#471 = EDGE_CURVE('',#412,#463,#472,.T.);
#472 = LINE('',#473,#474);
#473 = CARTESIAN_POINT('',(-0.5,-0.37,3.E-02));
#474 = VECTOR('',#475,1.);
#475 = DIRECTION('',(0.,1.,0.));
#476 = PLANE('',#477);
#477 = AXIS2_PLACEMENT_3D('',#478,#479,#480);
#478 = CARTESIAN_POINT('',(-0.5,-0.4,0.));
#479 = DIRECTION('',(1.,0.,0.));
#480 = DIRECTION('',(0.,0.,1.));
#481 = ADVANCED_FACE('',(#482),#508,.T.);
#482 = FACE_BOUND('',#483,.T.);
#483 = EDGE_LOOP('',(#484,#485,#493,#502));
#484 = ORIENTED_EDGE('',*,*,#409,.T.);
#485 = ORIENTED_EDGE('',*,*,#486,.T.);
#486 = EDGE_CURVE('',#412,#487,#489,.T.);
#487 = VERTEX_POINT('',#488);
#488 = CARTESIAN_POINT('',(0.5,-0.34,3.E-02));
#489 = LINE('',#490,#491);
#490 = CARTESIAN_POINT('',(-0.5,-0.34,3.E-02));
#491 = VECTOR('',#492,1.);
#492 = DIRECTION('',(1.,0.,0.));
#493 = ORIENTED_EDGE('',*,*,#494,.F.);
#494 = EDGE_CURVE('',#495,#487,#497,.T.);
#495 = VERTEX_POINT('',#496);
#496 = CARTESIAN_POINT('',(0.5,-0.37,6.E-02));
#497 = CIRCLE('',#498,3.E-02);
#498 = AXIS2_PLACEMENT_3D('',#499,#500,#501);
#499 = CARTESIAN_POINT('',(0.5,-0.34,6.E-02));
#500 = DIRECTION('',(1.,0.,-0.));
#501 = DIRECTION('',(0.,0.,1.));
#502 = ORIENTED_EDGE('',*,*,#503,.F.);
#503 = EDGE_CURVE('',#410,#495,#504,.T.);
#504 = LINE('',#505,#506);
#505 = CARTESIAN_POINT('',(-0.5,-0.37,6.E-02));
#506 = VECTOR('',#507,1.);
#507 = DIRECTION('',(1.,0.,0.));
#508 = CYLINDRICAL_SURFACE('',#509,3.E-02);
#509 = AXIS2_PLACEMENT_3D('',#510,#511,#512);
#510 = CARTESIAN_POINT('',(-0.5,-0.34,6.E-02));
#511 = DIRECTION('',(1.,0.,0.));
#512 = DIRECTION('',(0.,-1.,0.));
#513 = ADVANCED_FACE('',(#514),#532,.F.);
#514 = FACE_BOUND('',#515,.F.);
#515 = EDGE_LOOP('',(#516,#517,#518,#526));
#516 = ORIENTED_EDGE('',*,*,#471,.F.);
#517 = ORIENTED_EDGE('',*,*,#486,.T.);
#518 = ORIENTED_EDGE('',*,*,#519,.T.);
#519 = EDGE_CURVE('',#487,#520,#522,.T.);
#520 = VERTEX_POINT('',#521);
#521 = CARTESIAN_POINT('',(0.5,0.34,3.E-02));
#522 = LINE('',#523,#524);
#523 = CARTESIAN_POINT('',(0.5,-0.37,3.E-02));
#524 = VECTOR('',#525,1.);
#525 = DIRECTION('',(0.,1.,0.));
#526 = ORIENTED_EDGE('',*,*,#527,.F.);
#527 = EDGE_CURVE('',#463,#520,#528,.T.);
#528 = LINE('',#529,#530);
#529 = CARTESIAN_POINT('',(-0.5,0.34,3.E-02));
#530 = VECTOR('',#531,1.);
#531 = DIRECTION('',(1.,0.,0.));
#532 = PLANE('',#533);
#533 = AXIS2_PLACEMENT_3D('',#534,#535,#536);
#534 = CARTESIAN_POINT('',(-0.5,-0.37,3.E-02));
#535 = DIRECTION('',(0.,0.,1.));
#536 = DIRECTION('',(1.,0.,-0.));
#537 = ADVANCED_FACE('',(#538),#557,.T.);
#538 = FACE_BOUND('',#539,.T.);
#539 = EDGE_LOOP('',(#540,#548,#555,#556));
#540 = ORIENTED_EDGE('',*,*,#541,.T.);
#541 = EDGE_CURVE('',#455,#542,#544,.T.);
#542 = VERTEX_POINT('',#543);
#543 = CARTESIAN_POINT('',(0.5,0.37,6.E-02));
#544 = LINE('',#545,#546);
#545 = CARTESIAN_POINT('',(-0.5,0.37,6.E-02));
#546 = VECTOR('',#547,1.);
#547 = DIRECTION('',(1.,0.,0.));
#548 = ORIENTED_EDGE('',*,*,#549,.T.);
#549 = EDGE_CURVE('',#542,#520,#550,.T.);
#550 = CIRCLE('',#551,3.E-02);
#551 = AXIS2_PLACEMENT_3D('',#552,#553,#554);
#552 = CARTESIAN_POINT('',(0.5,0.34,6.E-02));
#553 = DIRECTION('',(-1.,0.,0.));
#554 = DIRECTION('',(0.,0.,1.));
#555 = ORIENTED_EDGE('',*,*,#527,.F.);
#556 = ORIENTED_EDGE('',*,*,#462,.F.);
#557 = CYLINDRICAL_SURFACE('',#558,3.E-02);
#558 = AXIS2_PLACEMENT_3D('',#559,#560,#561);
#559 = CARTESIAN_POINT('',(-0.5,0.34,6.E-02));
#560 = DIRECTION('',(1.,0.,0.));
#561 = DIRECTION('',(-0.,1.,0.));
#562 = ADVANCED_FACE('',(#563),#581,.T.);
#563 = FACE_BOUND('',#564,.T.);
#564 = EDGE_LOOP('',(#565,#573,#574,#575));
#565 = ORIENTED_EDGE('',*,*,#566,.F.);
#566 = EDGE_CURVE('',#542,#567,#569,.T.);
#567 = VERTEX_POINT('',#568);
#568 = CARTESIAN_POINT('',(0.5,0.37,0.74));
#569 = LINE('',#570,#571);
#570 = CARTESIAN_POINT('',(0.5,0.37,3.E-02));
#571 = VECTOR('',#572,1.);
#572 = DIRECTION('',(0.,0.,1.));
#573 = ORIENTED_EDGE('',*,*,#541,.F.);
#574 = ORIENTED_EDGE('',*,*,#454,.T.);
#575 = ORIENTED_EDGE('',*,*,#576,.T.);
#576 = EDGE_CURVE('',#446,#567,#577,.T.);
#577 = LINE('',#578,#579);
#578 = CARTESIAN_POINT('',(-0.5,0.37,0.74));
#579 = VECTOR('',#580,1.);
#580 = DIRECTION('',(1.,0.,0.));
#581 = PLANE('',#582);
#582 = AXIS2_PLACEMENT_3D('',#583,#584,#585);
#583 = CARTESIAN_POINT('',(-0.5,0.37,3.E-02));
#584 = DIRECTION('',(0.,1.,0.));
#585 = DIRECTION('',(0.,-0.,1.));
#586 = ADVANCED_FACE('',(#587),#606,.T.);
#587 = FACE_BOUND('',#588,.T.);
#588 = EDGE_LOOP('',(#589,#590,#598,#605));
#589 = ORIENTED_EDGE('',*,*,#445,.T.);
#590 = ORIENTED_EDGE('',*,*,#591,.T.);
#591 = EDGE_CURVE('',#438,#592,#594,.T.);
#592 = VERTEX_POINT('',#593);
#593 = CARTESIAN_POINT('',(0.5,0.34,0.77));
#594 = LINE('',#595,#596);
#595 = CARTESIAN_POINT('',(-0.5,0.34,0.77));
#596 = VECTOR('',#597,1.);
#597 = DIRECTION('',(1.,0.,0.));
#598 = ORIENTED_EDGE('',*,*,#599,.F.);
#599 = EDGE_CURVE('',#567,#592,#600,.T.);
#600 = CIRCLE('',#601,3.E-02);
#601 = AXIS2_PLACEMENT_3D('',#602,#603,#604);
#602 = CARTESIAN_POINT('',(0.5,0.34,0.74));
#603 = DIRECTION('',(1.,0.,-0.));
#604 = DIRECTION('',(0.,0.,1.));
#605 = ORIENTED_EDGE('',*,*,#576,.F.);
#606 = CYLINDRICAL_SURFACE('',#607,3.E-02);
#607 = AXIS2_PLACEMENT_3D('',#608,#609,#610);
#608 = CARTESIAN_POINT('',(-0.5,0.34,0.74));
#609 = DIRECTION('',(1.,0.,0.));
#610 = DIRECTION('',(-0.,1.,0.));
#611 = ADVANCED_FACE('',(#612),#630,.T.);
#612 = FACE_BOUND('',#613,.T.);
#613 = EDGE_LOOP('',(#614,#615,#623,#629));
#614 = ORIENTED_EDGE('',*,*,#437,.F.);
#615 = ORIENTED_EDGE('',*,*,#616,.T.);
#616 = EDGE_CURVE('',#429,#617,#619,.T.);
#617 = VERTEX_POINT('',#618);
#618 = CARTESIAN_POINT('',(0.5,-0.34,0.77));
#619 = LINE('',#620,#621);
#620 = CARTESIAN_POINT('',(-0.5,-0.34,0.77));
#621 = VECTOR('',#622,1.);
#622 = DIRECTION('',(1.,0.,0.));
#623 = ORIENTED_EDGE('',*,*,#624,.T.);
#624 = EDGE_CURVE('',#617,#592,#625,.T.);
#625 = LINE('',#626,#627);
#626 = CARTESIAN_POINT('',(0.5,-0.37,0.77));
#627 = VECTOR('',#628,1.);
#628 = DIRECTION('',(0.,1.,0.));
#629 = ORIENTED_EDGE('',*,*,#591,.F.);
#630 = PLANE('',#631);
#631 = AXIS2_PLACEMENT_3D('',#632,#633,#634);
#632 = CARTESIAN_POINT('',(-0.5,-0.37,0.77));
#633 = DIRECTION('',(0.,0.,1.));
#634 = DIRECTION('',(1.,0.,-0.));
#635 = ADVANCED_FACE('',(#636),#655,.T.);
#636 = FACE_BOUND('',#637,.T.);
#637 = EDGE_LOOP('',(#638,#646,#653,#654));
#638 = ORIENTED_EDGE('',*,*,#639,.T.);
#639 = EDGE_CURVE('',#421,#640,#642,.T.);
#640 = VERTEX_POINT('',#641);
#641 = CARTESIAN_POINT('',(0.5,-0.37,0.74));
#642 = LINE('',#643,#644);
#643 = CARTESIAN_POINT('',(-0.5,-0.37,0.74));
#644 = VECTOR('',#645,1.);
#645 = DIRECTION('',(1.,0.,0.));
#646 = ORIENTED_EDGE('',*,*,#647,.T.);
#647 = EDGE_CURVE('',#640,#617,#648,.T.);
#648 = CIRCLE('',#649,3.E-02);
#649 = AXIS2_PLACEMENT_3D('',#650,#651,#652);
#650 = CARTESIAN_POINT('',(0.5,-0.34,0.74));
#651 = DIRECTION('',(-1.,0.,0.));
#652 = DIRECTION('',(0.,0.,1.));
#653 = ORIENTED_EDGE('',*,*,#616,.F.);
#654 = ORIENTED_EDGE('',*,*,#428,.F.);
#655 = CYLINDRICAL_SURFACE('',#656,3.E-02);
#656 = AXIS2_PLACEMENT_3D('',#657,#658,#659);
#657 = CARTESIAN_POINT('',(-0.5,-0.34,0.74));
#658 = DIRECTION('',(1.,0.,0.));
#659 = DIRECTION('',(0.,-1.,0.));
#660 = ADVANCED_FACE('',(#661),#672,.F.);
#661 = FACE_BOUND('',#662,.F.);
#662 = EDGE_LOOP('',(#663,#669,#670,#671));
#663 = ORIENTED_EDGE('',*,*,#664,.F.);
#664 = EDGE_CURVE('',#495,#640,#665,.T.);
#665 = LINE('',#666,#667);
#666 = CARTESIAN_POINT('',(0.5,-0.37,3.E-02));
#667 = VECTOR('',#668,1.);
#668 = DIRECTION('',(0.,0.,1.));
#669 = ORIENTED_EDGE('',*,*,#503,.F.);
#670 = ORIENTED_EDGE('',*,*,#420,.T.);
#671 = ORIENTED_EDGE('',*,*,#639,.T.);
#672 = PLANE('',#673);
#673 = AXIS2_PLACEMENT_3D('',#674,#675,#676);
#674 = CARTESIAN_POINT('',(-0.5,-0.37,3.E-02));
#675 = DIRECTION('',(0.,1.,0.));
#676 = DIRECTION('',(0.,-0.,1.));
#677 = ADVANCED_FACE('',(#678,#748),#758,.F.);
#678 = FACE_BOUND('',#679,.F.);
#679 = EDGE_LOOP('',(#680,#690,#699,#707,#716,#724,#733,#741));
#680 = ORIENTED_EDGE('',*,*,#681,.F.);
#681 = EDGE_CURVE('',#682,#684,#686,.T.);
#682 = VERTEX_POINT('',#683);
#683 = CARTESIAN_POINT('',(0.5,-0.4,3.E-02));
#684 = VERTEX_POINT('',#685);
#685 = CARTESIAN_POINT('',(0.5,-0.4,0.77));
#686 = LINE('',#687,#688);
#687 = CARTESIAN_POINT('',(0.5,-0.4,0.));
#688 = VECTOR('',#689,1.);
#689 = DIRECTION('',(0.,0.,1.));
#690 = ORIENTED_EDGE('',*,*,#691,.T.);
#691 = EDGE_CURVE('',#682,#692,#694,.T.);
#692 = VERTEX_POINT('',#693);
#693 = CARTESIAN_POINT('',(0.5,-0.37,0.));
#694 = CIRCLE('',#695,3.E-02);
#695 = AXIS2_PLACEMENT_3D('',#696,#697,#698);
#696 = CARTESIAN_POINT('',(0.5,-0.37,3.E-02));
#697 = DIRECTION('',(1.,0.,-0.));
#698 = DIRECTION('',(0.,0.,1.));
#699 = ORIENTED_EDGE('',*,*,#700,.T.);
#700 = EDGE_CURVE('',#692,#701,#703,.T.);
#701 = VERTEX_POINT('',#702);
#702 = CARTESIAN_POINT('',(0.5,0.37,0.));
#703 = LINE('',#704,#705);
#704 = CARTESIAN_POINT('',(0.5,-0.4,0.));
#705 = VECTOR('',#706,1.);
#706 = DIRECTION('',(0.,1.,0.));
#707 = ORIENTED_EDGE('',*,*,#708,.F.);
#708 = EDGE_CURVE('',#709,#701,#711,.T.);
#709 = VERTEX_POINT('',#710);
#710 = CARTESIAN_POINT('',(0.5,0.4,3.E-02));
#711 = CIRCLE('',#712,3.E-02);
#712 = AXIS2_PLACEMENT_3D('',#713,#714,#715);
#713 = CARTESIAN_POINT('',(0.5,0.37,3.E-02));
#714 = DIRECTION('',(-1.,0.,0.));
#715 = DIRECTION('',(0.,0.,1.));
#716 = ORIENTED_EDGE('',*,*,#717,.T.);
#717 = EDGE_CURVE('',#709,#718,#720,.T.);
#718 = VERTEX_POINT('',#719);
#719 = CARTESIAN_POINT('',(0.5,0.4,0.77));
#720 = LINE('',#721,#722);
#721 = CARTESIAN_POINT('',(0.5,0.4,0.));
#722 = VECTOR('',#723,1.);
#723 = DIRECTION('',(0.,0.,1.));
#724 = ORIENTED_EDGE('',*,*,#725,.T.);
#725 = EDGE_CURVE('',#718,#726,#728,.T.);
#726 = VERTEX_POINT('',#727);
#727 = CARTESIAN_POINT('',(0.5,0.37,0.8));
#728 = CIRCLE('',#729,3.E-02);
#729 = AXIS2_PLACEMENT_3D('',#730,#731,#732);
#730 = CARTESIAN_POINT('',(0.5,0.37,0.77));
#731 = DIRECTION('',(1.,0.,-0.));
#732 = DIRECTION('',(0.,0.,1.));
#733 = ORIENTED_EDGE('',*,*,#734,.F.);
#734 = EDGE_CURVE('',#735,#726,#737,.T.);
#735 = VERTEX_POINT('',#736);
#736 = CARTESIAN_POINT('',(0.5,-0.37,0.8));
#737 = LINE('',#738,#739);
#738 = CARTESIAN_POINT('',(0.5,-0.4,0.8));
#739 = VECTOR('',#740,1.);
#740 = DIRECTION('',(0.,1.,0.));
#741 = ORIENTED_EDGE('',*,*,#742,.F.);
#742 = EDGE_CURVE('',#684,#735,#743,.T.);
#743 = CIRCLE('',#744,3.E-02);
#744 = AXIS2_PLACEMENT_3D('',#745,#746,#747);
#745 = CARTESIAN_POINT('',(0.5,-0.37,0.77));
#746 = DIRECTION('',(-1.,0.,0.));
#747 = DIRECTION('',(0.,0.,1.));
#748 = FACE_BOUND('',#749,.F.);
#749 = EDGE_LOOP('',(#750,#751,#752,#753,#754,#755,#756,#757));
#750 = ORIENTED_EDGE('',*,*,#494,.F.);
#751 = ORIENTED_EDGE('',*,*,#664,.T.);
#752 = ORIENTED_EDGE('',*,*,#647,.T.);
#753 = ORIENTED_EDGE('',*,*,#624,.T.);
#754 = ORIENTED_EDGE('',*,*,#599,.F.);
#755 = ORIENTED_EDGE('',*,*,#566,.F.);
#756 = ORIENTED_EDGE('',*,*,#549,.T.);
#757 = ORIENTED_EDGE('',*,*,#519,.F.);
#758 = PLANE('',#759);
#759 = AXIS2_PLACEMENT_3D('',#760,#761,#762);
#760 = CARTESIAN_POINT('',(0.5,-0.4,0.));
#761 = DIRECTION('',(1.,0.,0.));
#762 = DIRECTION('',(0.,0.,1.));
#763 = ADVANCED_FACE('',(#764),#789,.F.);
#764 = FACE_BOUND('',#765,.F.);
#765 = EDGE_LOOP('',(#766,#776,#782,#783));
#766 = ORIENTED_EDGE('',*,*,#767,.F.);
#767 = EDGE_CURVE('',#768,#770,#772,.T.);
#768 = VERTEX_POINT('',#769);
#769 = CARTESIAN_POINT('',(0.8,-0.4,3.E-02));
#770 = VERTEX_POINT('',#771);
#771 = CARTESIAN_POINT('',(0.8,-0.4,0.77));
#772 = LINE('',#773,#774);
#773 = CARTESIAN_POINT('',(0.8,-0.4,0.));
#774 = VECTOR('',#775,1.);
#775 = DIRECTION('',(0.,0.,1.));
#776 = ORIENTED_EDGE('',*,*,#777,.F.);
#777 = EDGE_CURVE('',#682,#768,#778,.T.);
#778 = LINE('',#779,#780);
#779 = CARTESIAN_POINT('',(0.5,-0.4,3.E-02));
#780 = VECTOR('',#781,1.);
#781 = DIRECTION('',(1.,0.,0.));
#782 = ORIENTED_EDGE('',*,*,#681,.T.);
#783 = ORIENTED_EDGE('',*,*,#784,.T.);
#784 = EDGE_CURVE('',#684,#770,#785,.T.);
#785 = LINE('',#786,#787);
#786 = CARTESIAN_POINT('',(0.5,-0.4,0.77));
#787 = VECTOR('',#788,1.);
#788 = DIRECTION('',(1.,0.,0.));
#789 = PLANE('',#790);
#790 = AXIS2_PLACEMENT_3D('',#791,#792,#793);
#791 = CARTESIAN_POINT('',(0.5,-0.4,0.));
#792 = DIRECTION('',(0.,1.,0.));
#793 = DIRECTION('',(0.,-0.,1.));
#794 = ADVANCED_FACE('',(#795),#814,.T.);
#795 = FACE_BOUND('',#796,.T.);
#796 = EDGE_LOOP('',(#797,#798,#806,#813));
#797 = ORIENTED_EDGE('',*,*,#691,.T.);
#798 = ORIENTED_EDGE('',*,*,#799,.T.);
#799 = EDGE_CURVE('',#692,#800,#802,.T.);
#800 = VERTEX_POINT('',#801);
#801 = CARTESIAN_POINT('',(0.8,-0.37,0.));
#802 = LINE('',#803,#804);
#803 = CARTESIAN_POINT('',(0.5,-0.37,0.));
#804 = VECTOR('',#805,1.);
#805 = DIRECTION('',(1.,0.,0.));
#806 = ORIENTED_EDGE('',*,*,#807,.F.);
#807 = EDGE_CURVE('',#768,#800,#808,.T.);
#808 = CIRCLE('',#809,3.E-02);
#809 = AXIS2_PLACEMENT_3D('',#810,#811,#812);
#810 = CARTESIAN_POINT('',(0.8,-0.37,3.E-02));
#811 = DIRECTION('',(1.,0.,-0.));
#812 = DIRECTION('',(0.,0.,1.));
#813 = ORIENTED_EDGE('',*,*,#777,.F.);
#814 = CYLINDRICAL_SURFACE('',#815,3.E-02);
#815 = AXIS2_PLACEMENT_3D('',#816,#817,#818);
#816 = CARTESIAN_POINT('',(0.5,-0.37,3.E-02));
#817 = DIRECTION('',(1.,0.,0.));
#818 = DIRECTION('',(0.,-1.,0.));
#819 = ADVANCED_FACE('',(#820),#839,.T.);
#820 = FACE_BOUND('',#821,.T.);
#821 = EDGE_LOOP('',(#822,#823,#832,#838));
#822 = ORIENTED_EDGE('',*,*,#784,.T.);
#823 = ORIENTED_EDGE('',*,*,#824,.T.);
#824 = EDGE_CURVE('',#770,#825,#827,.T.);
#825 = VERTEX_POINT('',#826);
#826 = CARTESIAN_POINT('',(0.8,-0.37,0.8));
#827 = CIRCLE('',#828,3.E-02);
#828 = AXIS2_PLACEMENT_3D('',#829,#830,#831);
#829 = CARTESIAN_POINT('',(0.8,-0.37,0.77));
#830 = DIRECTION('',(-1.,0.,0.));
#831 = DIRECTION('',(0.,0.,1.));
#832 = ORIENTED_EDGE('',*,*,#833,.F.);
#833 = EDGE_CURVE('',#735,#825,#834,.T.);
#834 = LINE('',#835,#836);
#835 = CARTESIAN_POINT('',(0.5,-0.37,0.8));
#836 = VECTOR('',#837,1.);
#837 = DIRECTION('',(1.,0.,0.));
#838 = ORIENTED_EDGE('',*,*,#742,.F.);
#839 = CYLINDRICAL_SURFACE('',#840,3.E-02);
#840 = AXIS2_PLACEMENT_3D('',#841,#842,#843);
#841 = CARTESIAN_POINT('',(0.5,-0.37,0.77));
#842 = DIRECTION('',(1.,0.,0.));
#843 = DIRECTION('',(0.,-1.,0.));
#844 = ADVANCED_FACE('',(#845),#863,.F.);
#845 = FACE_BOUND('',#846,.F.);
#846 = EDGE_LOOP('',(#847,#848,#849,#857));
#847 = ORIENTED_EDGE('',*,*,#700,.F.);
#848 = ORIENTED_EDGE('',*,*,#799,.T.);
#849 = ORIENTED_EDGE('',*,*,#850,.T.);
#850 = EDGE_CURVE('',#800,#851,#853,.T.);
#851 = VERTEX_POINT('',#852);
#852 = CARTESIAN_POINT('',(0.8,0.37,0.));
#853 = LINE('',#854,#855);
#854 = CARTESIAN_POINT('',(0.8,-0.4,0.));
#855 = VECTOR('',#856,1.);
#856 = DIRECTION('',(0.,1.,0.));
#857 = ORIENTED_EDGE('',*,*,#858,.F.);
#858 = EDGE_CURVE('',#701,#851,#859,.T.);
#859 = LINE('',#860,#861);
#860 = CARTESIAN_POINT('',(0.5,0.37,0.));
#861 = VECTOR('',#862,1.);
#862 = DIRECTION('',(1.,0.,0.));
#863 = PLANE('',#864);
#864 = AXIS2_PLACEMENT_3D('',#865,#866,#867);
#865 = CARTESIAN_POINT('',(0.5,-0.4,0.));
#866 = DIRECTION('',(0.,0.,1.));
#867 = DIRECTION('',(1.,0.,-0.));
#868 = ADVANCED_FACE('',(#869),#887,.T.);
#869 = FACE_BOUND('',#870,.T.);
#870 = EDGE_LOOP('',(#871,#872,#873,#881));
#871 = ORIENTED_EDGE('',*,*,#734,.F.);
#872 = ORIENTED_EDGE('',*,*,#833,.T.);
#873 = ORIENTED_EDGE('',*,*,#874,.T.);
#874 = EDGE_CURVE('',#825,#875,#877,.T.);
#875 = VERTEX_POINT('',#876);
#876 = CARTESIAN_POINT('',(0.8,0.37,0.8));
#877 = LINE('',#878,#879);
#878 = CARTESIAN_POINT('',(0.8,-0.4,0.8));
#879 = VECTOR('',#880,1.);
#880 = DIRECTION('',(0.,1.,0.));
#881 = ORIENTED_EDGE('',*,*,#882,.F.);
#882 = EDGE_CURVE('',#726,#875,#883,.T.);
#883 = LINE('',#884,#885);
#884 = CARTESIAN_POINT('',(0.5,0.37,0.8));
#885 = VECTOR('',#886,1.);
#886 = DIRECTION('',(1.,0.,0.));
#887 = PLANE('',#888);
#888 = AXIS2_PLACEMENT_3D('',#889,#890,#891);
#889 = CARTESIAN_POINT('',(0.5,-0.4,0.8));
#890 = DIRECTION('',(0.,0.,1.));
#891 = DIRECTION('',(1.,0.,-0.));
#892 = ADVANCED_FACE('',(#893),#912,.T.);
#893 = FACE_BOUND('',#894,.T.);
#894 = EDGE_LOOP('',(#895,#903,#910,#911));
#895 = ORIENTED_EDGE('',*,*,#896,.T.);
#896 = EDGE_CURVE('',#709,#897,#899,.T.);
#897 = VERTEX_POINT('',#898);
#898 = CARTESIAN_POINT('',(0.8,0.4,3.E-02));
#899 = LINE('',#900,#901);
#900 = CARTESIAN_POINT('',(0.5,0.4,3.E-02));
#901 = VECTOR('',#902,1.);
#902 = DIRECTION('',(1.,0.,0.));
#903 = ORIENTED_EDGE('',*,*,#904,.T.);
#904 = EDGE_CURVE('',#897,#851,#905,.T.);
#905 = CIRCLE('',#906,3.E-02);
#906 = AXIS2_PLACEMENT_3D('',#907,#908,#909);
#907 = CARTESIAN_POINT('',(0.8,0.37,3.E-02));
#908 = DIRECTION('',(-1.,0.,0.));
#909 = DIRECTION('',(0.,0.,1.));
#910 = ORIENTED_EDGE('',*,*,#858,.F.);
#911 = ORIENTED_EDGE('',*,*,#708,.F.);
#912 = CYLINDRICAL_SURFACE('',#913,3.E-02);
#913 = AXIS2_PLACEMENT_3D('',#914,#915,#916);
#914 = CARTESIAN_POINT('',(0.5,0.37,3.E-02));
#915 = DIRECTION('',(1.,0.,0.));
#916 = DIRECTION('',(-0.,1.,0.));
#917 = ADVANCED_FACE('',(#918),#937,.T.);
#918 = FACE_BOUND('',#919,.T.);
#919 = EDGE_LOOP('',(#920,#921,#922,#931));
#920 = ORIENTED_EDGE('',*,*,#725,.T.);
#921 = ORIENTED_EDGE('',*,*,#882,.T.);
#922 = ORIENTED_EDGE('',*,*,#923,.F.);
#923 = EDGE_CURVE('',#924,#875,#926,.T.);
#924 = VERTEX_POINT('',#925);
#925 = CARTESIAN_POINT('',(0.8,0.4,0.77));
#926 = CIRCLE('',#927,3.E-02);
#927 = AXIS2_PLACEMENT_3D('',#928,#929,#930);
#928 = CARTESIAN_POINT('',(0.8,0.37,0.77));
#929 = DIRECTION('',(1.,0.,-0.));
#930 = DIRECTION('',(0.,0.,1.));
#931 = ORIENTED_EDGE('',*,*,#932,.F.);
#932 = EDGE_CURVE('',#718,#924,#933,.T.);
#933 = LINE('',#934,#935);
#934 = CARTESIAN_POINT('',(0.5,0.4,0.77));
#935 = VECTOR('',#936,1.);
#936 = DIRECTION('',(1.,0.,0.));
#937 = CYLINDRICAL_SURFACE('',#938,3.E-02);
#938 = AXIS2_PLACEMENT_3D('',#939,#940,#941);
#939 = CARTESIAN_POINT('',(0.5,0.37,0.77));
#940 = DIRECTION('',(1.,0.,0.));
#941 = DIRECTION('',(-0.,1.,0.));
#942 = ADVANCED_FACE('',(#943),#954,.T.);
#943 = FACE_BOUND('',#944,.T.);
#944 = EDGE_LOOP('',(#945,#951,#952,#953));
#945 = ORIENTED_EDGE('',*,*,#946,.F.);
#946 = EDGE_CURVE('',#897,#924,#947,.T.);
#947 = LINE('',#948,#949);
#948 = CARTESIAN_POINT('',(0.8,0.4,0.));
#949 = VECTOR('',#950,1.);
#950 = DIRECTION('',(0.,0.,1.));
#951 = ORIENTED_EDGE('',*,*,#896,.F.);
#952 = ORIENTED_EDGE('',*,*,#717,.T.);
#953 = ORIENTED_EDGE('',*,*,#932,.T.);
#954 = PLANE('',#955);
#955 = AXIS2_PLACEMENT_3D('',#956,#957,#958);
#956 = CARTESIAN_POINT('',(0.5,0.4,0.));
#957 = DIRECTION('',(0.,1.,0.));
#958 = DIRECTION('',(0.,-0.,1.));
#959 = ADVANCED_FACE('',(#960),#970,.T.);
#960 = FACE_BOUND('',#961,.T.);
#961 = EDGE_LOOP('',(#962,#963,#964,#965,#966,#967,#968,#969));
#962 = ORIENTED_EDGE('',*,*,#767,.F.);
#963 = ORIENTED_EDGE('',*,*,#807,.T.);
#964 = ORIENTED_EDGE('',*,*,#850,.T.);
#965 = ORIENTED_EDGE('',*,*,#904,.F.);
#966 = ORIENTED_EDGE('',*,*,#946,.T.);
#967 = ORIENTED_EDGE('',*,*,#923,.T.);
#968 = ORIENTED_EDGE('',*,*,#874,.F.);
#969 = ORIENTED_EDGE('',*,*,#824,.F.);
#970 = PLANE('',#971);
#971 = AXIS2_PLACEMENT_3D('',#972,#973,#974);
#972 = CARTESIAN_POINT('',(0.8,-0.4,0.));
#973 = DIRECTION('',(1.,0.,0.));
#974 = DIRECTION('',(0.,0.,1.));
#975 = ( GEOMETRIC_REPRESENTATION_CONTEXT(3) 
GLOBAL_UNCERTAINTY_ASSIGNED_CONTEXT((#979)) GLOBAL_UNIT_ASSIGNED_CONTEXT
((#976,#977,#978)) REPRESENTATION_CONTEXT('Context #1',
  '3D Context with UNIT and UNCERTAINTY') );
#976 = ( LENGTH_UNIT() NAMED_UNIT(*) SI_UNIT(.MILLI.,.METRE.) );
#977 = ( NAMED_UNIT(*) PLANE_ANGLE_UNIT() SI_UNIT($,.RADIAN.) );
#978 = ( NAMED_UNIT(*) SI_UNIT($,.STERADIAN.) SOLID_ANGLE_UNIT() );
#979 = UNCERTAINTY_MEASURE_WITH_UNIT(LENGTH_MEASURE(1.E-07),#976,
  'distance_accuracy_value','confusion accuracy');
#980 = CONTEXT_DEPENDENT_SHAPE_REPRESENTATION(#981,#983);
#981 = ( REPRESENTATION_RELATIONSHIP('','',#120,#10) 
REPRESENTATION_RELATIONSHIP_WITH_TRANSFORMATION(#982) 
SHAPE_REPRESENTATION_RELATIONSHIP() );
#982 = ITEM_DEFINED_TRANSFORMATION('','',#11,#15);
#983 = PRODUCT_DEFINITION_SHAPE('Placement','Placement of an item',#984
  );
#984 = NEXT_ASSEMBLY_USAGE_OCCURRENCE('1','C3','',#5,#115,$);
#985 = PRODUCT_RELATED_PRODUCT_CATEGORY('part',$,(#117));
#986 = SHAPE_DEFINITION_REPRESENTATION(#987,#993);
#987 = PRODUCT_DEFINITION_SHAPE('','',#988);
#988 = PRODUCT_DEFINITION('design','',#989,#992);
#989 = PRODUCT_DEFINITION_FORMATION('','',#990);
#990 = PRODUCT('TO-18-3','TO-18-3','',(#991));
#991 = PRODUCT_CONTEXT('',#2,'mechanical');
#992 = PRODUCT_DEFINITION_CONTEXT('part definition',#2,'design');
#993 = ADVANCED_BREP_SHAPE_REPRESENTATION('',(#11,#994),#1491);
#994 = MANIFOLD_SOLID_BREP('',#995);
#995 = CLOSED_SHELL('',(#996,#1013,#1038,#1113,#1145,#1170,#1188,#1213,
    #1238,#1271,#1302,#1333,#1350,#1359,#1368,#1398,#1415,#1427,#1452,
    #1482));
#996 = ADVANCED_FACE('',(#997),#1008,.T.);
#997 = FACE_BOUND('',#998,.F.);
#998 = EDGE_LOOP('',(#999));
#999 = ORIENTED_EDGE('',*,*,#1000,.T.);
#1000 = EDGE_CURVE('',#1001,#1001,#1003,.T.);
#1001 = VERTEX_POINT('',#1002);
#1002 = CARTESIAN_POINT('',(1.51,-1.27,-5.));
#1003 = CIRCLE('',#1004,0.24);
#1004 = AXIS2_PLACEMENT_3D('',#1005,#1006,#1007);
#1005 = CARTESIAN_POINT('',(1.27,-1.27,-5.));
#1006 = DIRECTION('',(0.,0.,1.));
#1007 = DIRECTION('',(1.,0.,-0.));
#1008 = PLANE('',#1009);
#1009 = AXIS2_PLACEMENT_3D('',#1010,#1011,#1012);
#1010 = CARTESIAN_POINT('',(1.51,-1.27,-5.));
#1011 = DIRECTION('',(0.,0.,-1.));
#1012 = DIRECTION('',(-1.,0.,0.));
#1013 = ADVANCED_FACE('',(#1014),#1033,.T.);
#1014 = FACE_BOUND('',#1015,.T.);
#1015 = EDGE_LOOP('',(#1016,#1025,#1031,#1032));
#1016 = ORIENTED_EDGE('',*,*,#1017,.F.);
#1017 = EDGE_CURVE('',#1018,#1018,#1020,.T.);
#1018 = VERTEX_POINT('',#1019);
#1019 = CARTESIAN_POINT('',(1.51,-1.27,5.));
#1020 = CIRCLE('',#1021,0.24);
#1021 = AXIS2_PLACEMENT_3D('',#1022,#1023,#1024);
#1022 = CARTESIAN_POINT('',(1.27,-1.27,5.));
#1023 = DIRECTION('',(0.,0.,1.));
#1024 = DIRECTION('',(1.,0.,-0.));
#1025 = ORIENTED_EDGE('',*,*,#1026,.T.);
#1026 = EDGE_CURVE('',#1018,#1001,#1027,.T.);
#1027 = LINE('',#1028,#1029);
#1028 = CARTESIAN_POINT('',(1.51,-1.27,5.));
#1029 = VECTOR('',#1030,1.);
#1030 = DIRECTION('',(-0.,-0.,-1.));
#1031 = ORIENTED_EDGE('',*,*,#1000,.T.);
#1032 = ORIENTED_EDGE('',*,*,#1026,.F.);
#1033 = CYLINDRICAL_SURFACE('',#1034,0.24);
#1034 = AXIS2_PLACEMENT_3D('',#1035,#1036,#1037);
#1035 = CARTESIAN_POINT('',(1.27,-1.27,5.));
#1036 = DIRECTION('',(0.,0.,1.));
#1037 = DIRECTION('',(1.,0.,-0.));
#1038 = ADVANCED_FACE('',(#1039,#1083,#1086,#1097),#1108,.F.);
#1039 = FACE_BOUND('',#1040,.T.);
#1040 = EDGE_LOOP('',(#1041,#1052,#1061,#1069,#1077));
#1041 = ORIENTED_EDGE('',*,*,#1042,.F.);
#1042 = EDGE_CURVE('',#1043,#1045,#1047,.T.);
#1043 = VERTEX_POINT('',#1044);
#1044 = CARTESIAN_POINT('',(-1.65,1.665334536938E-15,5.));
#1045 = VERTEX_POINT('',#1046);
#1046 = CARTESIAN_POINT('',(-0.472244288731,2.343285052738,5.));
#1047 = CIRCLE('',#1048,2.92);
#1048 = AXIS2_PLACEMENT_3D('',#1049,#1050,#1051);
#1049 = CARTESIAN_POINT('',(1.27,1.665334536938E-15,5.));
#1050 = DIRECTION('',(0.,3.330669073875E-16,1.));
#1051 = DIRECTION('',(-1.,0.,0.));
#1052 = ORIENTED_EDGE('',*,*,#1053,.F.);
#1053 = EDGE_CURVE('',#1054,#1043,#1056,.T.);
#1054 = VERTEX_POINT('',#1055);
#1055 = CARTESIAN_POINT('',(-1.073285052739,1.742244288729,5.));
#1056 = CIRCLE('',#1057,2.92);
#1057 = AXIS2_PLACEMENT_3D('',#1058,#1059,#1060);
#1058 = CARTESIAN_POINT('',(1.27,1.665334536938E-15,5.));
#1059 = DIRECTION('',(0.,3.330669073875E-16,1.));
#1060 = DIRECTION('',(-1.,0.,0.));
#1061 = ORIENTED_EDGE('',*,*,#1062,.F.);
#1062 = EDGE_CURVE('',#1063,#1054,#1065,.T.);
#1063 = VERTEX_POINT('',#1064);
#1064 = CARTESIAN_POINT('',(0.969479617996,-0.300520382004,5.));
#1065 = LINE('',#1066,#1067);
#1066 = CARTESIAN_POINT('',(0.969479617996,-0.300520382004,5.));
#1067 = VECTOR('',#1068,1.);
#1068 = DIRECTION('',(-0.707106781187,0.707106781186,0.));
#1069 = ORIENTED_EDGE('',*,*,#1070,.T.);
#1070 = EDGE_CURVE('',#1063,#1071,#1073,.T.);
#1071 = VERTEX_POINT('',#1072);
#1072 = CARTESIAN_POINT('',(1.570520382004,0.300520382004,5.));
#1073 = LINE('',#1074,#1075);
#1074 = CARTESIAN_POINT('',(0.969479617996,-0.300520382004,5.));
#1075 = VECTOR('',#1076,1.);
#1076 = DIRECTION('',(0.707106781186,0.707106781187,0.));
#1077 = ORIENTED_EDGE('',*,*,#1078,.T.);
#1078 = EDGE_CURVE('',#1071,#1045,#1079,.T.);
#1079 = LINE('',#1080,#1081);
#1080 = CARTESIAN_POINT('',(1.570520382004,0.300520382004,5.));
#1081 = VECTOR('',#1082,1.);
#1082 = DIRECTION('',(-0.707106781187,0.707106781186,0.));
#1083 = FACE_BOUND('',#1084,.T.);
#1084 = EDGE_LOOP('',(#1085));
#1085 = ORIENTED_EDGE('',*,*,#1017,.T.);
#1086 = FACE_BOUND('',#1087,.T.);
#1087 = EDGE_LOOP('',(#1088));
#1088 = ORIENTED_EDGE('',*,*,#1089,.T.);
#1089 = EDGE_CURVE('',#1090,#1090,#1092,.T.);
#1090 = VERTEX_POINT('',#1091);
#1091 = CARTESIAN_POINT('',(2.78,0.,5.));
#1092 = CIRCLE('',#1093,0.24);
#1093 = AXIS2_PLACEMENT_3D('',#1094,#1095,#1096);
#1094 = CARTESIAN_POINT('',(2.54,0.,5.));
#1095 = DIRECTION('',(0.,0.,1.));
#1096 = DIRECTION('',(1.,0.,-0.));
#1097 = FACE_BOUND('',#1098,.T.);
#1098 = EDGE_LOOP('',(#1099));
#1099 = ORIENTED_EDGE('',*,*,#1100,.T.);
#1100 = EDGE_CURVE('',#1101,#1101,#1103,.T.);
#1101 = VERTEX_POINT('',#1102);
#1102 = CARTESIAN_POINT('',(0.24,0.,5.));
#1103 = CIRCLE('',#1104,0.24);
#1104 = AXIS2_PLACEMENT_3D('',#1105,#1106,#1107);
#1105 = CARTESIAN_POINT('',(0.,0.,5.));
#1106 = DIRECTION('',(0.,0.,1.));
#1107 = DIRECTION('',(1.,0.,-0.));
#1108 = PLANE('',#1109);
#1109 = AXIS2_PLACEMENT_3D('',#1110,#1111,#1112);
#1110 = CARTESIAN_POINT('',(1.27,1.665334536938E-15,5.));
#1111 = DIRECTION('',(0.,3.330669073875E-16,1.));
#1112 = DIRECTION('',(-1.,0.,0.));
#1113 = ADVANCED_FACE('',(#1114),#1140,.T.);
#1114 = FACE_BOUND('',#1115,.T.);
#1115 = EDGE_LOOP('',(#1116,#1124,#1125,#1133));
#1116 = ORIENTED_EDGE('',*,*,#1117,.F.);
#1117 = EDGE_CURVE('',#1043,#1118,#1120,.T.);
#1118 = VERTEX_POINT('',#1119);
#1119 = CARTESIAN_POINT('',(-1.65,1.831867990632E-15,5.5));
#1120 = LINE('',#1121,#1122);
#1121 = CARTESIAN_POINT('',(-1.65,1.665334536938E-15,5.));
#1122 = VECTOR('',#1123,1.);
#1123 = DIRECTION('',(0.,3.330669073875E-16,1.));
#1124 = ORIENTED_EDGE('',*,*,#1042,.T.);
#1125 = ORIENTED_EDGE('',*,*,#1126,.T.);
#1126 = EDGE_CURVE('',#1045,#1127,#1129,.T.);
#1127 = VERTEX_POINT('',#1128);
#1128 = CARTESIAN_POINT('',(-0.472244288731,2.343285052738,5.5));
#1129 = LINE('',#1130,#1131);
#1130 = CARTESIAN_POINT('',(-0.472244288731,2.343285052738,5.));
#1131 = VECTOR('',#1132,1.);
#1132 = DIRECTION('',(0.,3.330669073875E-16,1.));
#1133 = ORIENTED_EDGE('',*,*,#1134,.F.);
#1134 = EDGE_CURVE('',#1118,#1127,#1135,.T.);
#1135 = CIRCLE('',#1136,2.92);
#1136 = AXIS2_PLACEMENT_3D('',#1137,#1138,#1139);
#1137 = CARTESIAN_POINT('',(1.27,1.831867990632E-15,5.5));
#1138 = DIRECTION('',(0.,3.330669073875E-16,1.));
#1139 = DIRECTION('',(-1.,0.,0.));
#1140 = CYLINDRICAL_SURFACE('',#1141,2.92);
#1141 = AXIS2_PLACEMENT_3D('',#1142,#1143,#1144);
#1142 = CARTESIAN_POINT('',(1.27,1.665334536938E-15,5.));
#1143 = DIRECTION('',(0.,3.330669073875E-16,1.));
#1144 = DIRECTION('',(-1.,0.,0.));
#1145 = ADVANCED_FACE('',(#1146),#1165,.T.);
#1146 = FACE_BOUND('',#1147,.T.);
#1147 = EDGE_LOOP('',(#1148,#1149,#1150,#1159));
#1148 = ORIENTED_EDGE('',*,*,#1053,.T.);
#1149 = ORIENTED_EDGE('',*,*,#1117,.T.);
#1150 = ORIENTED_EDGE('',*,*,#1151,.F.);
#1151 = EDGE_CURVE('',#1152,#1118,#1154,.T.);
#1152 = VERTEX_POINT('',#1153);
#1153 = CARTESIAN_POINT('',(-1.073285052739,1.742244288729,5.5));
#1154 = CIRCLE('',#1155,2.92);
#1155 = AXIS2_PLACEMENT_3D('',#1156,#1157,#1158);
#1156 = CARTESIAN_POINT('',(1.27,1.831867990632E-15,5.5));
#1157 = DIRECTION('',(0.,3.330669073875E-16,1.));
#1158 = DIRECTION('',(-1.,0.,0.));
#1159 = ORIENTED_EDGE('',*,*,#1160,.F.);
#1160 = EDGE_CURVE('',#1054,#1152,#1161,.T.);
#1161 = LINE('',#1162,#1163);
#1162 = CARTESIAN_POINT('',(-1.073285052739,1.742244288729,5.));
#1163 = VECTOR('',#1164,1.);
#1164 = DIRECTION('',(0.,3.330669073875E-16,1.));
#1165 = CYLINDRICAL_SURFACE('',#1166,2.92);
#1166 = AXIS2_PLACEMENT_3D('',#1167,#1168,#1169);
#1167 = CARTESIAN_POINT('',(1.27,1.665334536938E-15,5.));
#1168 = DIRECTION('',(0.,3.330669073875E-16,1.));
#1169 = DIRECTION('',(-1.,0.,0.));
#1170 = ADVANCED_FACE('',(#1171),#1183,.F.);
#1171 = FACE_BOUND('',#1172,.T.);
#1172 = EDGE_LOOP('',(#1173,#1180,#1181,#1182));
#1173 = ORIENTED_EDGE('',*,*,#1174,.F.);
#1174 = EDGE_CURVE('',#1045,#1054,#1175,.T.);
#1175 = CIRCLE('',#1176,2.92);
#1176 = AXIS2_PLACEMENT_3D('',#1177,#1178,#1179);
#1177 = CARTESIAN_POINT('',(1.27,1.665334536938E-15,5.));
#1178 = DIRECTION('',(0.,3.330669073875E-16,1.));
#1179 = DIRECTION('',(-1.,0.,0.));
#1180 = ORIENTED_EDGE('',*,*,#1078,.F.);
#1181 = ORIENTED_EDGE('',*,*,#1070,.F.);
#1182 = ORIENTED_EDGE('',*,*,#1062,.T.);
#1183 = PLANE('',#1184);
#1184 = AXIS2_PLACEMENT_3D('',#1185,#1186,#1187);
#1185 = CARTESIAN_POINT('',(1.27,1.665334536938E-15,5.));
#1186 = DIRECTION('',(0.,3.330669073875E-16,1.));
#1187 = DIRECTION('',(-1.,0.,0.));
#1188 = ADVANCED_FACE('',(#1189),#1208,.T.);
#1189 = FACE_BOUND('',#1190,.T.);
#1190 = EDGE_LOOP('',(#1191,#1192,#1200,#1207));
#1191 = ORIENTED_EDGE('',*,*,#1089,.F.);
#1192 = ORIENTED_EDGE('',*,*,#1193,.T.);
#1193 = EDGE_CURVE('',#1090,#1194,#1196,.T.);
#1194 = VERTEX_POINT('',#1195);
#1195 = CARTESIAN_POINT('',(2.78,0.,-5.));
#1196 = LINE('',#1197,#1198);
#1197 = CARTESIAN_POINT('',(2.78,0.,5.));
#1198 = VECTOR('',#1199,1.);
#1199 = DIRECTION('',(-0.,-0.,-1.));
#1200 = ORIENTED_EDGE('',*,*,#1201,.T.);
#1201 = EDGE_CURVE('',#1194,#1194,#1202,.T.);
#1202 = CIRCLE('',#1203,0.24);
#1203 = AXIS2_PLACEMENT_3D('',#1204,#1205,#1206);
#1204 = CARTESIAN_POINT('',(2.54,0.,-5.));
#1205 = DIRECTION('',(0.,0.,1.));
#1206 = DIRECTION('',(1.,0.,-0.));
#1207 = ORIENTED_EDGE('',*,*,#1193,.F.);
#1208 = CYLINDRICAL_SURFACE('',#1209,0.24);
#1209 = AXIS2_PLACEMENT_3D('',#1210,#1211,#1212);
#1210 = CARTESIAN_POINT('',(2.54,0.,5.));
#1211 = DIRECTION('',(0.,0.,1.));
#1212 = DIRECTION('',(1.,0.,-0.));
#1213 = ADVANCED_FACE('',(#1214),#1233,.T.);
#1214 = FACE_BOUND('',#1215,.T.);
#1215 = EDGE_LOOP('',(#1216,#1217,#1225,#1232));
#1216 = ORIENTED_EDGE('',*,*,#1100,.F.);
#1217 = ORIENTED_EDGE('',*,*,#1218,.T.);
#1218 = EDGE_CURVE('',#1101,#1219,#1221,.T.);
#1219 = VERTEX_POINT('',#1220);
#1220 = CARTESIAN_POINT('',(0.24,0.,-5.));
#1221 = LINE('',#1222,#1223);
#1222 = CARTESIAN_POINT('',(0.24,0.,5.));
#1223 = VECTOR('',#1224,1.);
#1224 = DIRECTION('',(-0.,-0.,-1.));
#1225 = ORIENTED_EDGE('',*,*,#1226,.T.);
#1226 = EDGE_CURVE('',#1219,#1219,#1227,.T.);
#1227 = CIRCLE('',#1228,0.24);
#1228 = AXIS2_PLACEMENT_3D('',#1229,#1230,#1231);
#1229 = CARTESIAN_POINT('',(0.,0.,-5.));
#1230 = DIRECTION('',(0.,0.,1.));
#1231 = DIRECTION('',(1.,0.,-0.));
#1232 = ORIENTED_EDGE('',*,*,#1218,.F.);
#1233 = CYLINDRICAL_SURFACE('',#1234,0.24);
#1234 = AXIS2_PLACEMENT_3D('',#1235,#1236,#1237);
#1235 = CARTESIAN_POINT('',(0.,0.,5.));
#1236 = DIRECTION('',(0.,0.,1.));
#1237 = DIRECTION('',(1.,0.,-0.));
#1238 = ADVANCED_FACE('',(#1239),#1266,.T.);
#1239 = FACE_BOUND('',#1240,.T.);
#1240 = EDGE_LOOP('',(#1241,#1249,#1250,#1257,#1258,#1259));
#1241 = ORIENTED_EDGE('',*,*,#1242,.F.);
#1242 = EDGE_CURVE('',#1118,#1243,#1245,.T.);
#1243 = VERTEX_POINT('',#1244);
#1244 = CARTESIAN_POINT('',(-1.311932044094,1.832794432884E-15,
    5.502781549988));
#1245 = LINE('',#1246,#1247);
#1246 = CARTESIAN_POINT('',(-1.65,1.831867990632E-15,5.5));
#1247 = VECTOR('',#1248,1.);
#1248 = DIRECTION('',(0.999966153507,2.74030969004E-18,
    8.227505132628E-03));
#1249 = ORIENTED_EDGE('',*,*,#1134,.T.);
#1250 = ORIENTED_EDGE('',*,*,#1251,.T.);
#1251 = EDGE_CURVE('',#1127,#1152,#1252,.T.);
#1252 = CIRCLE('',#1253,2.92);
#1253 = AXIS2_PLACEMENT_3D('',#1254,#1255,#1256);
#1254 = CARTESIAN_POINT('',(1.27,1.831867990632E-15,5.5));
#1255 = DIRECTION('',(0.,3.330669073875E-16,1.));
#1256 = DIRECTION('',(-1.,0.,0.));
#1257 = ORIENTED_EDGE('',*,*,#1151,.T.);
#1258 = ORIENTED_EDGE('',*,*,#1242,.T.);
#1259 = ORIENTED_EDGE('',*,*,#1260,.F.);
#1260 = EDGE_CURVE('',#1243,#1243,#1261,.T.);
#1261 = CIRCLE('',#1262,2.581932044094);
#1262 = AXIS2_PLACEMENT_3D('',#1263,#1264,#1265);
#1263 = CARTESIAN_POINT('',(1.27,1.832794432884E-15,5.502781549988));
#1264 = DIRECTION('',(0.,3.330669073875E-16,1.));
#1265 = DIRECTION('',(-1.,0.,0.));
#1266 = CONICAL_SURFACE('',#1267,2.92,1.562568728837);
#1267 = AXIS2_PLACEMENT_3D('',#1268,#1269,#1270);
#1268 = CARTESIAN_POINT('',(1.27,1.831867990632E-15,5.5));
#1269 = DIRECTION('',(0.,-3.330669073875E-16,-1.));
#1270 = DIRECTION('',(-1.,-0.,0.));
#1271 = ADVANCED_FACE('',(#1272),#1297,.F.);
#1272 = FACE_BOUND('',#1273,.F.);
#1273 = EDGE_LOOP('',(#1274,#1282,#1283,#1291));
#1274 = ORIENTED_EDGE('',*,*,#1275,.F.);
#1275 = EDGE_CURVE('',#1045,#1276,#1278,.T.);
#1276 = VERTEX_POINT('',#1277);
#1277 = CARTESIAN_POINT('',(-1.356901692109,3.227942456116,5.));
#1278 = LINE('',#1279,#1280);
#1279 = CARTESIAN_POINT('',(1.570520382004,0.300520382004,5.));
#1280 = VECTOR('',#1281,1.);
#1281 = DIRECTION('',(-0.707106781187,0.707106781186,0.));
#1282 = ORIENTED_EDGE('',*,*,#1126,.T.);
#1283 = ORIENTED_EDGE('',*,*,#1284,.T.);
#1284 = EDGE_CURVE('',#1127,#1285,#1287,.T.);
#1285 = VERTEX_POINT('',#1286);
#1286 = CARTESIAN_POINT('',(-1.356901692109,3.227942456116,5.5));
#1287 = LINE('',#1288,#1289);
#1288 = CARTESIAN_POINT('',(1.570520382004,0.300520382004,5.5));
#1289 = VECTOR('',#1290,1.);
#1290 = DIRECTION('',(-0.707106781187,0.707106781186,0.));
#1291 = ORIENTED_EDGE('',*,*,#1292,.F.);
#1292 = EDGE_CURVE('',#1276,#1285,#1293,.T.);
#1293 = LINE('',#1294,#1295);
#1294 = CARTESIAN_POINT('',(-1.356901692109,3.227942456116,5.));
#1295 = VECTOR('',#1296,1.);
#1296 = DIRECTION('',(0.,0.,1.));
#1297 = PLANE('',#1298);
#1298 = AXIS2_PLACEMENT_3D('',#1299,#1300,#1301);
#1299 = CARTESIAN_POINT('',(1.570520382004,0.300520382004,5.));
#1300 = DIRECTION('',(-0.707106781186,-0.707106781187,0.));
#1301 = DIRECTION('',(-0.707106781187,0.707106781186,0.));
#1302 = ADVANCED_FACE('',(#1303),#1328,.T.);
#1303 = FACE_BOUND('',#1304,.T.);
#1304 = EDGE_LOOP('',(#1305,#1313,#1314,#1322));
#1305 = ORIENTED_EDGE('',*,*,#1306,.F.);
#1306 = EDGE_CURVE('',#1054,#1307,#1309,.T.);
#1307 = VERTEX_POINT('',#1308);
#1308 = CARTESIAN_POINT('',(-1.957942456118,2.626901692107,5.));
#1309 = LINE('',#1310,#1311);
#1310 = CARTESIAN_POINT('',(0.969479617996,-0.300520382004,5.));
#1311 = VECTOR('',#1312,1.);
#1312 = DIRECTION('',(-0.707106781187,0.707106781186,0.));
#1313 = ORIENTED_EDGE('',*,*,#1160,.T.);
#1314 = ORIENTED_EDGE('',*,*,#1315,.T.);
#1315 = EDGE_CURVE('',#1152,#1316,#1318,.T.);
#1316 = VERTEX_POINT('',#1317);
#1317 = CARTESIAN_POINT('',(-1.957942456118,2.626901692107,5.5));
#1318 = LINE('',#1319,#1320);
#1319 = CARTESIAN_POINT('',(0.969479617996,-0.300520382004,5.5));
#1320 = VECTOR('',#1321,1.);
#1321 = DIRECTION('',(-0.707106781187,0.707106781186,0.));
#1322 = ORIENTED_EDGE('',*,*,#1323,.F.);
#1323 = EDGE_CURVE('',#1307,#1316,#1324,.T.);
#1324 = LINE('',#1325,#1326);
#1325 = CARTESIAN_POINT('',(-1.957942456117,2.626901692107,5.));
#1326 = VECTOR('',#1327,1.);
#1327 = DIRECTION('',(0.,0.,1.));
#1328 = PLANE('',#1329);
#1329 = AXIS2_PLACEMENT_3D('',#1330,#1331,#1332);
#1330 = CARTESIAN_POINT('',(0.969479617996,-0.300520382004,5.));
#1331 = DIRECTION('',(-0.707106781186,-0.707106781187,0.));
#1332 = DIRECTION('',(-0.707106781187,0.707106781186,0.));
#1333 = ADVANCED_FACE('',(#1334),#1345,.T.);
#1334 = FACE_BOUND('',#1335,.T.);
#1335 = EDGE_LOOP('',(#1336,#1337,#1338,#1344));
#1336 = ORIENTED_EDGE('',*,*,#1174,.T.);
#1337 = ORIENTED_EDGE('',*,*,#1306,.T.);
#1338 = ORIENTED_EDGE('',*,*,#1339,.T.);
#1339 = EDGE_CURVE('',#1307,#1276,#1340,.T.);
#1340 = LINE('',#1341,#1342);
#1341 = CARTESIAN_POINT('',(-1.957942456117,2.626901692107,5.));
#1342 = VECTOR('',#1343,1.);
#1343 = DIRECTION('',(0.707106781186,0.707106781187,0.));
#1344 = ORIENTED_EDGE('',*,*,#1275,.F.);
#1345 = PLANE('',#1346);
#1346 = AXIS2_PLACEMENT_3D('',#1347,#1348,#1349);
#1347 = CARTESIAN_POINT('',(0.969479617996,-0.300520382004,5.));
#1348 = DIRECTION('',(0.,0.,-1.));
#1349 = DIRECTION('',(-1.,0.,0.));
#1350 = ADVANCED_FACE('',(#1351),#1354,.T.);
#1351 = FACE_BOUND('',#1352,.F.);
#1352 = EDGE_LOOP('',(#1353));
#1353 = ORIENTED_EDGE('',*,*,#1201,.T.);
#1354 = PLANE('',#1355);
#1355 = AXIS2_PLACEMENT_3D('',#1356,#1357,#1358);
#1356 = CARTESIAN_POINT('',(2.78,0.,-5.));
#1357 = DIRECTION('',(0.,0.,-1.));
#1358 = DIRECTION('',(-1.,0.,0.));
#1359 = ADVANCED_FACE('',(#1360),#1363,.T.);
#1360 = FACE_BOUND('',#1361,.F.);
#1361 = EDGE_LOOP('',(#1362));
#1362 = ORIENTED_EDGE('',*,*,#1226,.T.);
#1363 = PLANE('',#1364);
#1364 = AXIS2_PLACEMENT_3D('',#1365,#1366,#1367);
#1365 = CARTESIAN_POINT('',(0.24,0.,-5.));
#1366 = DIRECTION('',(0.,0.,-1.));
#1367 = DIRECTION('',(-1.,0.,0.));
#1368 = ADVANCED_FACE('',(#1369),#1389,.T.);
#1369 = FACE_BOUND('',#1370,.T.);
#1370 = EDGE_LOOP('',(#1371,#1372,#1381,#1388));
#1371 = ORIENTED_EDGE('',*,*,#1260,.T.);
#1372 = ORIENTED_EDGE('',*,*,#1373,.T.);
#1373 = EDGE_CURVE('',#1243,#1374,#1376,.T.);
#1374 = VERTEX_POINT('',#1375);
#1375 = CARTESIAN_POINT('',(-1.205,1.868704200447E-15,5.610597027199));
#1376 = CIRCLE('',#1377,0.107819126511);
#1377 = AXIS2_PLACEMENT_3D('',#1378,#1379,#1380);
#1378 = CARTESIAN_POINT('',(-1.312819126511,1.868704200447E-15,
    5.610597027199));
#1379 = DIRECTION('',(0.,-1.,3.330669073875E-16));
#1380 = DIRECTION('',(1.,0.,0.));
#1381 = ORIENTED_EDGE('',*,*,#1382,.F.);
#1382 = EDGE_CURVE('',#1374,#1374,#1383,.T.);
#1383 = CIRCLE('',#1384,2.475);
#1384 = AXIS2_PLACEMENT_3D('',#1385,#1386,#1387);
#1385 = CARTESIAN_POINT('',(1.27,1.868704200447E-15,5.610597027199));
#1386 = DIRECTION('',(0.,3.330669073875E-16,1.));
#1387 = DIRECTION('',(-1.,0.,0.));
#1388 = ORIENTED_EDGE('',*,*,#1373,.F.);
#1389 = SURFACE_OF_REVOLUTION('',#1390,#1395);
#1390 = CIRCLE('',#1391,0.107819126511);
#1391 = AXIS2_PLACEMENT_3D('',#1392,#1393,#1394);
#1392 = CARTESIAN_POINT('',(-1.312819126511,1.868704200447E-15,
    5.610597027199));
#1393 = DIRECTION('',(0.,-1.,3.330669073875E-16));
#1394 = DIRECTION('',(1.,0.,0.));
#1395 = AXIS1_PLACEMENT('',#1396,#1397);
#1396 = CARTESIAN_POINT('',(1.27,8.495431025324E-16,2.550668));
#1397 = DIRECTION('',(0.,3.330669073875E-16,1.));
#1398 = ADVANCED_FACE('',(#1399),#1410,.F.);
#1399 = FACE_BOUND('',#1400,.F.);
#1400 = EDGE_LOOP('',(#1401,#1402,#1403,#1409));
#1401 = ORIENTED_EDGE('',*,*,#1251,.T.);
#1402 = ORIENTED_EDGE('',*,*,#1315,.T.);
#1403 = ORIENTED_EDGE('',*,*,#1404,.T.);
#1404 = EDGE_CURVE('',#1316,#1285,#1405,.T.);
#1405 = LINE('',#1406,#1407);
#1406 = CARTESIAN_POINT('',(-1.957942456117,2.626901692107,5.5));
#1407 = VECTOR('',#1408,1.);
#1408 = DIRECTION('',(0.707106781186,0.707106781187,0.));
#1409 = ORIENTED_EDGE('',*,*,#1284,.F.);
#1410 = PLANE('',#1411);
#1411 = AXIS2_PLACEMENT_3D('',#1412,#1413,#1414);
#1412 = CARTESIAN_POINT('',(0.969479617996,-0.300520382004,5.5));
#1413 = DIRECTION('',(0.,0.,-1.));
#1414 = DIRECTION('',(-1.,0.,0.));
#1415 = ADVANCED_FACE('',(#1416),#1422,.T.);
#1416 = FACE_BOUND('',#1417,.T.);
#1417 = EDGE_LOOP('',(#1418,#1419,#1420,#1421));
#1418 = ORIENTED_EDGE('',*,*,#1323,.T.);
#1419 = ORIENTED_EDGE('',*,*,#1404,.T.);
#1420 = ORIENTED_EDGE('',*,*,#1292,.F.);
#1421 = ORIENTED_EDGE('',*,*,#1339,.F.);
#1422 = PLANE('',#1423);
#1423 = AXIS2_PLACEMENT_3D('',#1424,#1425,#1426);
#1424 = CARTESIAN_POINT('',(-1.957942456117,2.626901692107,5.));
#1425 = DIRECTION('',(-0.707106781187,0.707106781186,0.));
#1426 = DIRECTION('',(0.707106781186,0.707106781187,0.));
#1427 = ADVANCED_FACE('',(#1428),#1447,.T.);
#1428 = FACE_BOUND('',#1429,.T.);
#1429 = EDGE_LOOP('',(#1430,#1431,#1439,#1446));
#1430 = ORIENTED_EDGE('',*,*,#1382,.T.);
#1431 = ORIENTED_EDGE('',*,*,#1432,.T.);
#1432 = EDGE_CURVE('',#1374,#1433,#1435,.T.);
#1433 = VERTEX_POINT('',#1434);
#1434 = CARTESIAN_POINT('',(-1.205,3.374744841367E-15,10.132333073367));
#1435 = LINE('',#1436,#1437);
#1436 = CARTESIAN_POINT('',(-1.205,1.868704200447E-15,5.610597027199));
#1437 = VECTOR('',#1438,1.);
#1438 = DIRECTION('',(0.,3.330669073875E-16,1.));
#1439 = ORIENTED_EDGE('',*,*,#1440,.F.);
#1440 = EDGE_CURVE('',#1433,#1433,#1441,.T.);
#1441 = CIRCLE('',#1442,2.475);
#1442 = AXIS2_PLACEMENT_3D('',#1443,#1444,#1445);
#1443 = CARTESIAN_POINT('',(1.27,3.374744841367E-15,10.132333073367));
#1444 = DIRECTION('',(0.,3.330669073875E-16,1.));
#1445 = DIRECTION('',(-1.,0.,0.));
#1446 = ORIENTED_EDGE('',*,*,#1432,.F.);
#1447 = CYLINDRICAL_SURFACE('',#1448,2.475);
#1448 = AXIS2_PLACEMENT_3D('',#1449,#1450,#1451);
#1449 = CARTESIAN_POINT('',(1.27,1.868704200447E-15,5.610597027199));
#1450 = DIRECTION('',(0.,3.330669073875E-16,1.));
#1451 = DIRECTION('',(-1.,0.,0.));
#1452 = ADVANCED_FACE('',(#1453),#1473,.F.);
#1453 = FACE_BOUND('',#1454,.F.);
#1454 = EDGE_LOOP('',(#1455,#1464,#1471,#1472));
#1455 = ORIENTED_EDGE('',*,*,#1456,.T.);
#1456 = EDGE_CURVE('',#1457,#1457,#1459,.T.);
#1457 = VERTEX_POINT('',#1458);
#1458 = CARTESIAN_POINT('',(-1.007333073367,3.440581153313E-15,10.33));
#1459 = CIRCLE('',#1460,2.277333073367);
#1460 = AXIS2_PLACEMENT_3D('',#1461,#1462,#1463);
#1461 = CARTESIAN_POINT('',(1.27,3.440581153313E-15,10.33));
#1462 = DIRECTION('',(0.,3.330669073875E-16,1.));
#1463 = DIRECTION('',(-1.,0.,0.));
#1464 = ORIENTED_EDGE('',*,*,#1465,.T.);
#1465 = EDGE_CURVE('',#1457,#1433,#1466,.T.);
#1466 = CIRCLE('',#1467,0.197666926633);
#1467 = AXIS2_PLACEMENT_3D('',#1468,#1469,#1470);
#1468 = CARTESIAN_POINT('',(-1.007333073367,3.374744841367E-15,
    10.132333073367));
#1469 = DIRECTION('',(0.,-1.,3.330669073875E-16));
#1470 = DIRECTION('',(1.,0.,0.));
#1471 = ORIENTED_EDGE('',*,*,#1440,.F.);
#1472 = ORIENTED_EDGE('',*,*,#1465,.F.);
#1473 = SURFACE_OF_REVOLUTION('',#1474,#1479);
#1474 = CIRCLE('',#1475,0.197666926633);
#1475 = AXIS2_PLACEMENT_3D('',#1476,#1477,#1478);
#1476 = CARTESIAN_POINT('',(-1.007333073367,3.374744841367E-15,
    10.132333073367));
#1477 = DIRECTION('',(0.,-1.,3.330669073875E-16));
#1478 = DIRECTION('',(1.,0.,0.));
#1479 = AXIS1_PLACEMENT('',#1480,#1481);
#1480 = CARTESIAN_POINT('',(1.27,8.495431025324E-16,2.550668));
#1481 = DIRECTION('',(0.,3.330669073875E-16,1.));
#1482 = ADVANCED_FACE('',(#1483),#1486,.T.);
#1483 = FACE_BOUND('',#1484,.T.);
#1484 = EDGE_LOOP('',(#1485));
#1485 = ORIENTED_EDGE('',*,*,#1456,.T.);
#1486 = PLANE('',#1487);
#1487 = AXIS2_PLACEMENT_3D('',#1488,#1489,#1490);
#1488 = CARTESIAN_POINT('',(1.27,3.440581153313E-15,10.33));
#1489 = DIRECTION('',(0.,3.330669073875E-16,1.));
#1490 = DIRECTION('',(-1.,0.,0.));
#1491 = ( GEOMETRIC_REPRESENTATION_CONTEXT(3) 
GLOBAL_UNCERTAINTY_ASSIGNED_CONTEXT((#1495)) 
GLOBAL_UNIT_ASSIGNED_CONTEXT((#1492,#1493,#1494)) REPRESENTATION_CONTEXT
('Context #1','3D Context with UNIT and UNCERTAINTY') );
#1492 = ( LENGTH_UNIT() NAMED_UNIT(*) SI_UNIT(.MILLI.,.METRE.) );
#1493 = ( NAMED_UNIT(*) PLANE_ANGLE_UNIT() SI_UNIT($,.RADIAN.) );
#1494 = ( NAMED_UNIT(*) SI_UNIT($,.STERADIAN.) SOLID_ANGLE_UNIT() );
#1495 = UNCERTAINTY_MEASURE_WITH_UNIT(LENGTH_MEASURE(1.E-07),#1492,
  'distance_accuracy_value','confusion accuracy');
#1496 = CONTEXT_DEPENDENT_SHAPE_REPRESENTATION(#1497,#1499);
#1497 = ( REPRESENTATION_RELATIONSHIP('','',#993,#10) 
REPRESENTATION_RELATIONSHIP_WITH_TRANSFORMATION(#1498) 
SHAPE_REPRESENTATION_RELATIONSHIP() );
#1498 = ITEM_DEFINED_TRANSFORMATION('','',#11,#19);
#1499 = PRODUCT_DEFINITION_SHAPE('Placement','Placement of an item',
  #1500);
#1500 = NEXT_ASSEMBLY_USAGE_OCCURRENCE('2','Q1','',#5,#988,$);
#1501 = PRODUCT_RELATED_PRODUCT_CATEGORY('part',$,(#990));
#1502 = SHAPE_DEFINITION_REPRESENTATION(#1503,#1509);
#1503 = PRODUCT_DEFINITION_SHAPE('','',#1504);
#1504 = PRODUCT_DEFINITION('design','',#1505,#1508);
#1505 = PRODUCT_DEFINITION_FORMATION('','',#1506);
#1506 = PRODUCT('R_0201_0603Metric','R_0201_0603Metric','',(#1507));
#1507 = PRODUCT_CONTEXT('',#2,'mechanical');
#1508 = PRODUCT_DEFINITION_CONTEXT('part definition',#2,'design');
#1509 = ADVANCED_BREP_SHAPE_REPRESENTATION('',(#11,#1510),#2300);
#1510 = MANIFOLD_SOLID_BREP('',#1511);
#1511 = CLOSED_SHELL('',(#1512,#1552,#1635,#1660,#1685,#1752,#1769,#1786
    ,#1835,#1852,#1869,#1918,#1935,#2004,#2035,#2059,#2128,#2152,#2169,
    #2186,#2203,#2220,#2237,#2254,#2271,#2288));
#1512 = ADVANCED_FACE('',(#1513),#1547,.F.);
#1513 = FACE_BOUND('',#1514,.F.);
#1514 = EDGE_LOOP('',(#1515,#1525,#1533,#1541));
#1515 = ORIENTED_EDGE('',*,*,#1516,.F.);
#1516 = EDGE_CURVE('',#1517,#1519,#1521,.T.);
#1517 = VERTEX_POINT('',#1518);
#1518 = CARTESIAN_POINT('',(-0.3,-0.15,2.3E-02));
#1519 = VERTEX_POINT('',#1520);
#1520 = CARTESIAN_POINT('',(-0.3,-0.15,0.207));
#1521 = LINE('',#1522,#1523);
#1522 = CARTESIAN_POINT('',(-0.3,-0.15,0.));
#1523 = VECTOR('',#1524,1.);
#1524 = DIRECTION('',(0.,0.,1.));
#1525 = ORIENTED_EDGE('',*,*,#1526,.T.);
#1526 = EDGE_CURVE('',#1517,#1527,#1529,.T.);
#1527 = VERTEX_POINT('',#1528);
#1528 = CARTESIAN_POINT('',(-0.3,0.15,2.3E-02));
#1529 = LINE('',#1530,#1531);
#1530 = CARTESIAN_POINT('',(-0.3,-0.15,2.3E-02));
#1531 = VECTOR('',#1532,1.);
#1532 = DIRECTION('',(0.,1.,0.));
#1533 = ORIENTED_EDGE('',*,*,#1534,.T.);
#1534 = EDGE_CURVE('',#1527,#1535,#1537,.T.);
#1535 = VERTEX_POINT('',#1536);
#1536 = CARTESIAN_POINT('',(-0.3,0.15,0.207));
#1537 = LINE('',#1538,#1539);
#1538 = CARTESIAN_POINT('',(-0.3,0.15,0.));
#1539 = VECTOR('',#1540,1.);
#1540 = DIRECTION('',(0.,0.,1.));
#1541 = ORIENTED_EDGE('',*,*,#1542,.F.);
#1542 = EDGE_CURVE('',#1519,#1535,#1543,.T.);
#1543 = LINE('',#1544,#1545);
#1544 = CARTESIAN_POINT('',(-0.3,-0.15,0.207));
#1545 = VECTOR('',#1546,1.);
#1546 = DIRECTION('',(0.,1.,0.));
#1547 = PLANE('',#1548);
#1548 = AXIS2_PLACEMENT_3D('',#1549,#1550,#1551);
#1549 = CARTESIAN_POINT('',(-0.3,-0.15,0.));
#1550 = DIRECTION('',(1.,0.,0.));
#1551 = DIRECTION('',(0.,0.,1.));
#1552 = ADVANCED_FACE('',(#1553),#1630,.F.);
#1553 = FACE_BOUND('',#1554,.F.);
#1554 = EDGE_LOOP('',(#1555,#1565,#1572,#1573,#1582,#1590,#1599,#1607,
    #1615,#1623));
#1555 = ORIENTED_EDGE('',*,*,#1556,.F.);
#1556 = EDGE_CURVE('',#1557,#1559,#1561,.T.);
#1557 = VERTEX_POINT('',#1558);
#1558 = CARTESIAN_POINT('',(-0.277,-0.15,-1.387778780781E-17));
#1559 = VERTEX_POINT('',#1560);
#1560 = CARTESIAN_POINT('',(-0.223,-0.15,-1.387778780781E-17));
#1561 = LINE('',#1562,#1563);
#1562 = CARTESIAN_POINT('',(-0.3,-0.15,0.));
#1563 = VECTOR('',#1564,1.);
#1564 = DIRECTION('',(1.,0.,0.));
#1565 = ORIENTED_EDGE('',*,*,#1566,.F.);
#1566 = EDGE_CURVE('',#1517,#1557,#1567,.T.);
#1567 = CIRCLE('',#1568,2.3E-02);
#1568 = AXIS2_PLACEMENT_3D('',#1569,#1570,#1571);
#1569 = CARTESIAN_POINT('',(-0.277,-0.15,2.3E-02));
#1570 = DIRECTION('',(0.,-1.,0.));
#1571 = DIRECTION('',(0.,0.,1.));
#1572 = ORIENTED_EDGE('',*,*,#1516,.T.);
#1573 = ORIENTED_EDGE('',*,*,#1574,.T.);
#1574 = EDGE_CURVE('',#1519,#1575,#1577,.T.);
#1575 = VERTEX_POINT('',#1576);
#1576 = CARTESIAN_POINT('',(-0.277,-0.15,0.23));
#1577 = CIRCLE('',#1578,2.3E-02);
#1578 = AXIS2_PLACEMENT_3D('',#1579,#1580,#1581);
#1579 = CARTESIAN_POINT('',(-0.277,-0.15,0.207));
#1580 = DIRECTION('',(0.,1.,0.));
#1581 = DIRECTION('',(0.,-0.,1.));
#1582 = ORIENTED_EDGE('',*,*,#1583,.T.);
#1583 = EDGE_CURVE('',#1575,#1584,#1586,.T.);
#1584 = VERTEX_POINT('',#1585);
#1585 = CARTESIAN_POINT('',(-0.223,-0.15,0.23));
#1586 = LINE('',#1587,#1588);
#1587 = CARTESIAN_POINT('',(-0.3,-0.15,0.23));
#1588 = VECTOR('',#1589,1.);
#1589 = DIRECTION('',(1.,0.,0.));
#1590 = ORIENTED_EDGE('',*,*,#1591,.F.);
#1591 = EDGE_CURVE('',#1592,#1584,#1594,.T.);
#1592 = VERTEX_POINT('',#1593);
#1593 = CARTESIAN_POINT('',(-0.2,-0.15,0.207));
#1594 = CIRCLE('',#1595,2.3E-02);
#1595 = AXIS2_PLACEMENT_3D('',#1596,#1597,#1598);
#1596 = CARTESIAN_POINT('',(-0.223,-0.15,0.207));
#1597 = DIRECTION('',(0.,-1.,0.));
#1598 = DIRECTION('',(0.,0.,1.));
#1599 = ORIENTED_EDGE('',*,*,#1600,.F.);
#1600 = EDGE_CURVE('',#1601,#1592,#1603,.T.);
#1601 = VERTEX_POINT('',#1602);
#1602 = CARTESIAN_POINT('',(-0.277,-0.15,0.207));
#1603 = LINE('',#1604,#1605);
#1604 = CARTESIAN_POINT('',(-0.277,-0.15,0.207));
#1605 = VECTOR('',#1606,1.);
#1606 = DIRECTION('',(1.,0.,0.));
#1607 = ORIENTED_EDGE('',*,*,#1608,.F.);
#1608 = EDGE_CURVE('',#1609,#1601,#1611,.T.);
#1609 = VERTEX_POINT('',#1610);
#1610 = CARTESIAN_POINT('',(-0.277,-0.15,2.3E-02));
#1611 = LINE('',#1612,#1613);
#1612 = CARTESIAN_POINT('',(-0.277,-0.15,2.3E-02));
#1613 = VECTOR('',#1614,1.);
#1614 = DIRECTION('',(0.,0.,1.));
#1615 = ORIENTED_EDGE('',*,*,#1616,.T.);
#1616 = EDGE_CURVE('',#1609,#1617,#1619,.T.);
#1617 = VERTEX_POINT('',#1618);
#1618 = CARTESIAN_POINT('',(-0.2,-0.15,2.3E-02));
#1619 = LINE('',#1620,#1621);
#1620 = CARTESIAN_POINT('',(-0.277,-0.15,2.3E-02));
#1621 = VECTOR('',#1622,1.);
#1622 = DIRECTION('',(1.,0.,0.));
#1623 = ORIENTED_EDGE('',*,*,#1624,.T.);
#1624 = EDGE_CURVE('',#1617,#1559,#1625,.T.);
#1625 = CIRCLE('',#1626,2.3E-02);
#1626 = AXIS2_PLACEMENT_3D('',#1627,#1628,#1629);
#1627 = CARTESIAN_POINT('',(-0.223,-0.15,2.3E-02));
#1628 = DIRECTION('',(0.,1.,0.));
#1629 = DIRECTION('',(0.,-0.,1.));
#1630 = PLANE('',#1631);
#1631 = AXIS2_PLACEMENT_3D('',#1632,#1633,#1634);
#1632 = CARTESIAN_POINT('',(-0.3,-0.15,0.));
#1633 = DIRECTION('',(0.,1.,0.));
#1634 = DIRECTION('',(0.,-0.,1.));
#1635 = ADVANCED_FACE('',(#1636),#1655,.T.);
#1636 = FACE_BOUND('',#1637,.T.);
#1637 = EDGE_LOOP('',(#1638,#1639,#1648,#1654));
#1638 = ORIENTED_EDGE('',*,*,#1526,.T.);
#1639 = ORIENTED_EDGE('',*,*,#1640,.T.);
#1640 = EDGE_CURVE('',#1527,#1641,#1643,.T.);
#1641 = VERTEX_POINT('',#1642);
#1642 = CARTESIAN_POINT('',(-0.277,0.15,-1.387778780781E-17));
#1643 = CIRCLE('',#1644,2.3E-02);
#1644 = AXIS2_PLACEMENT_3D('',#1645,#1646,#1647);
#1645 = CARTESIAN_POINT('',(-0.277,0.15,2.3E-02));
#1646 = DIRECTION('',(0.,-1.,0.));
#1647 = DIRECTION('',(0.,0.,1.));
#1648 = ORIENTED_EDGE('',*,*,#1649,.F.);
#1649 = EDGE_CURVE('',#1557,#1641,#1650,.T.);
#1650 = LINE('',#1651,#1652);
#1651 = CARTESIAN_POINT('',(-0.277,-0.15,-1.387778780781E-17));
#1652 = VECTOR('',#1653,1.);
#1653 = DIRECTION('',(0.,1.,0.));
#1654 = ORIENTED_EDGE('',*,*,#1566,.F.);
#1655 = CYLINDRICAL_SURFACE('',#1656,2.3E-02);
#1656 = AXIS2_PLACEMENT_3D('',#1657,#1658,#1659);
#1657 = CARTESIAN_POINT('',(-0.277,-0.15,2.3E-02));
#1658 = DIRECTION('',(0.,1.,0.));
#1659 = DIRECTION('',(-1.,0.,0.));
#1660 = ADVANCED_FACE('',(#1661),#1680,.T.);
#1661 = FACE_BOUND('',#1662,.T.);
#1662 = EDGE_LOOP('',(#1663,#1664,#1672,#1679));
#1663 = ORIENTED_EDGE('',*,*,#1574,.T.);
#1664 = ORIENTED_EDGE('',*,*,#1665,.T.);
#1665 = EDGE_CURVE('',#1575,#1666,#1668,.T.);
#1666 = VERTEX_POINT('',#1667);
#1667 = CARTESIAN_POINT('',(-0.277,0.15,0.23));
#1668 = LINE('',#1669,#1670);
#1669 = CARTESIAN_POINT('',(-0.277,-0.15,0.23));
#1670 = VECTOR('',#1671,1.);
#1671 = DIRECTION('',(0.,1.,0.));
#1672 = ORIENTED_EDGE('',*,*,#1673,.F.);
#1673 = EDGE_CURVE('',#1535,#1666,#1674,.T.);
#1674 = CIRCLE('',#1675,2.3E-02);
#1675 = AXIS2_PLACEMENT_3D('',#1676,#1677,#1678);
#1676 = CARTESIAN_POINT('',(-0.277,0.15,0.207));
#1677 = DIRECTION('',(0.,1.,0.));
#1678 = DIRECTION('',(0.,-0.,1.));
#1679 = ORIENTED_EDGE('',*,*,#1542,.F.);
#1680 = CYLINDRICAL_SURFACE('',#1681,2.3E-02);
#1681 = AXIS2_PLACEMENT_3D('',#1682,#1683,#1684);
#1682 = CARTESIAN_POINT('',(-0.277,-0.15,0.207));
#1683 = DIRECTION('',(0.,1.,0.));
#1684 = DIRECTION('',(-1.,0.,0.));
#1685 = ADVANCED_FACE('',(#1686),#1747,.T.);
#1686 = FACE_BOUND('',#1687,.T.);
#1687 = EDGE_LOOP('',(#1688,#1696,#1697,#1698,#1699,#1707,#1716,#1724,
    #1732,#1740));
#1688 = ORIENTED_EDGE('',*,*,#1689,.F.);
#1689 = EDGE_CURVE('',#1641,#1690,#1692,.T.);
#1690 = VERTEX_POINT('',#1691);
#1691 = CARTESIAN_POINT('',(-0.223,0.15,-1.387778780781E-17));
#1692 = LINE('',#1693,#1694);
#1693 = CARTESIAN_POINT('',(-0.3,0.15,0.));
#1694 = VECTOR('',#1695,1.);
#1695 = DIRECTION('',(1.,0.,0.));
#1696 = ORIENTED_EDGE('',*,*,#1640,.F.);
#1697 = ORIENTED_EDGE('',*,*,#1534,.T.);
#1698 = ORIENTED_EDGE('',*,*,#1673,.T.);
#1699 = ORIENTED_EDGE('',*,*,#1700,.T.);
#1700 = EDGE_CURVE('',#1666,#1701,#1703,.T.);
#1701 = VERTEX_POINT('',#1702);
#1702 = CARTESIAN_POINT('',(-0.223,0.15,0.23));
#1703 = LINE('',#1704,#1705);
#1704 = CARTESIAN_POINT('',(-0.3,0.15,0.23));
#1705 = VECTOR('',#1706,1.);
#1706 = DIRECTION('',(1.,0.,0.));
#1707 = ORIENTED_EDGE('',*,*,#1708,.F.);
#1708 = EDGE_CURVE('',#1709,#1701,#1711,.T.);
#1709 = VERTEX_POINT('',#1710);
#1710 = CARTESIAN_POINT('',(-0.2,0.15,0.207));
#1711 = CIRCLE('',#1712,2.3E-02);
#1712 = AXIS2_PLACEMENT_3D('',#1713,#1714,#1715);
#1713 = CARTESIAN_POINT('',(-0.223,0.15,0.207));
#1714 = DIRECTION('',(0.,-1.,0.));
#1715 = DIRECTION('',(0.,0.,1.));
#1716 = ORIENTED_EDGE('',*,*,#1717,.F.);
#1717 = EDGE_CURVE('',#1718,#1709,#1720,.T.);
#1718 = VERTEX_POINT('',#1719);
#1719 = CARTESIAN_POINT('',(-0.277,0.15,0.207));
#1720 = LINE('',#1721,#1722);
#1721 = CARTESIAN_POINT('',(-0.277,0.15,0.207));
#1722 = VECTOR('',#1723,1.);
#1723 = DIRECTION('',(1.,0.,0.));
#1724 = ORIENTED_EDGE('',*,*,#1725,.F.);
#1725 = EDGE_CURVE('',#1726,#1718,#1728,.T.);
#1726 = VERTEX_POINT('',#1727);
#1727 = CARTESIAN_POINT('',(-0.277,0.15,2.3E-02));
#1728 = LINE('',#1729,#1730);
#1729 = CARTESIAN_POINT('',(-0.277,0.15,2.3E-02));
#1730 = VECTOR('',#1731,1.);
#1731 = DIRECTION('',(0.,0.,1.));
#1732 = ORIENTED_EDGE('',*,*,#1733,.T.);
#1733 = EDGE_CURVE('',#1726,#1734,#1736,.T.);
#1734 = VERTEX_POINT('',#1735);
#1735 = CARTESIAN_POINT('',(-0.2,0.15,2.3E-02));
#1736 = LINE('',#1737,#1738);
#1737 = CARTESIAN_POINT('',(-0.277,0.15,2.3E-02));
#1738 = VECTOR('',#1739,1.);
#1739 = DIRECTION('',(1.,0.,0.));
#1740 = ORIENTED_EDGE('',*,*,#1741,.T.);
#1741 = EDGE_CURVE('',#1734,#1690,#1742,.T.);
#1742 = CIRCLE('',#1743,2.3E-02);
#1743 = AXIS2_PLACEMENT_3D('',#1744,#1745,#1746);
#1744 = CARTESIAN_POINT('',(-0.223,0.15,2.3E-02));
#1745 = DIRECTION('',(0.,1.,0.));
#1746 = DIRECTION('',(0.,-0.,1.));
#1747 = PLANE('',#1748);
#1748 = AXIS2_PLACEMENT_3D('',#1749,#1750,#1751);
#1749 = CARTESIAN_POINT('',(-0.3,0.15,0.));
#1750 = DIRECTION('',(0.,1.,0.));
#1751 = DIRECTION('',(0.,-0.,1.));
#1752 = ADVANCED_FACE('',(#1753),#1764,.F.);
#1753 = FACE_BOUND('',#1754,.F.);
#1754 = EDGE_LOOP('',(#1755,#1756,#1757,#1758));
#1755 = ORIENTED_EDGE('',*,*,#1689,.F.);
#1756 = ORIENTED_EDGE('',*,*,#1649,.F.);
#1757 = ORIENTED_EDGE('',*,*,#1556,.T.);
#1758 = ORIENTED_EDGE('',*,*,#1759,.T.);
#1759 = EDGE_CURVE('',#1559,#1690,#1760,.T.);
#1760 = LINE('',#1761,#1762);
#1761 = CARTESIAN_POINT('',(-0.223,-0.15,-1.387778780781E-17));
#1762 = VECTOR('',#1763,1.);
#1763 = DIRECTION('',(0.,1.,0.));
#1764 = PLANE('',#1765);
#1765 = AXIS2_PLACEMENT_3D('',#1766,#1767,#1768);
#1766 = CARTESIAN_POINT('',(-0.3,-0.15,0.));
#1767 = DIRECTION('',(0.,0.,1.));
#1768 = DIRECTION('',(1.,0.,-0.));
#1769 = ADVANCED_FACE('',(#1770),#1781,.T.);
#1770 = FACE_BOUND('',#1771,.T.);
#1771 = EDGE_LOOP('',(#1772,#1773,#1774,#1775));
#1772 = ORIENTED_EDGE('',*,*,#1624,.T.);
#1773 = ORIENTED_EDGE('',*,*,#1759,.T.);
#1774 = ORIENTED_EDGE('',*,*,#1741,.F.);
#1775 = ORIENTED_EDGE('',*,*,#1776,.F.);
#1776 = EDGE_CURVE('',#1617,#1734,#1777,.T.);
#1777 = LINE('',#1778,#1779);
#1778 = CARTESIAN_POINT('',(-0.2,-0.15,2.3E-02));
#1779 = VECTOR('',#1780,1.);
#1780 = DIRECTION('',(0.,1.,0.));
#1781 = CYLINDRICAL_SURFACE('',#1782,2.3E-02);
#1782 = AXIS2_PLACEMENT_3D('',#1783,#1784,#1785);
#1783 = CARTESIAN_POINT('',(-0.223,-0.15,2.3E-02));
#1784 = DIRECTION('',(0.,1.,0.));
#1785 = DIRECTION('',(1.,0.,0.));
#1786 = ADVANCED_FACE('',(#1787),#1830,.F.);
#1787 = FACE_BOUND('',#1788,.F.);
#1788 = EDGE_LOOP('',(#1789,#1790,#1791,#1792,#1800,#1808,#1816,#1824));
#1789 = ORIENTED_EDGE('',*,*,#1616,.F.);
#1790 = ORIENTED_EDGE('',*,*,#1608,.T.);
#1791 = ORIENTED_EDGE('',*,*,#1600,.T.);
#1792 = ORIENTED_EDGE('',*,*,#1793,.T.);
#1793 = EDGE_CURVE('',#1592,#1794,#1796,.T.);
#1794 = VERTEX_POINT('',#1795);
#1795 = CARTESIAN_POINT('',(0.2,-0.15,0.207));
#1796 = LINE('',#1797,#1798);
#1797 = CARTESIAN_POINT('',(-0.2,-0.15,0.207));
#1798 = VECTOR('',#1799,1.);
#1799 = DIRECTION('',(1.,0.,0.));
#1800 = ORIENTED_EDGE('',*,*,#1801,.T.);
#1801 = EDGE_CURVE('',#1794,#1802,#1804,.T.);
#1802 = VERTEX_POINT('',#1803);
#1803 = CARTESIAN_POINT('',(0.277,-0.15,0.207));
#1804 = LINE('',#1805,#1806);
#1805 = CARTESIAN_POINT('',(-0.277,-0.15,0.207));
#1806 = VECTOR('',#1807,1.);
#1807 = DIRECTION('',(1.,0.,0.));
#1808 = ORIENTED_EDGE('',*,*,#1809,.F.);
#1809 = EDGE_CURVE('',#1810,#1802,#1812,.T.);
#1810 = VERTEX_POINT('',#1811);
#1811 = CARTESIAN_POINT('',(0.277,-0.15,2.3E-02));
#1812 = LINE('',#1813,#1814);
#1813 = CARTESIAN_POINT('',(0.277,-0.15,2.3E-02));
#1814 = VECTOR('',#1815,1.);
#1815 = DIRECTION('',(0.,0.,1.));
#1816 = ORIENTED_EDGE('',*,*,#1817,.F.);
#1817 = EDGE_CURVE('',#1818,#1810,#1820,.T.);
#1818 = VERTEX_POINT('',#1819);
#1819 = CARTESIAN_POINT('',(0.2,-0.15,2.3E-02));
#1820 = LINE('',#1821,#1822);
#1821 = CARTESIAN_POINT('',(-0.277,-0.15,2.3E-02));
#1822 = VECTOR('',#1823,1.);
#1823 = DIRECTION('',(1.,0.,0.));
#1824 = ORIENTED_EDGE('',*,*,#1825,.F.);
#1825 = EDGE_CURVE('',#1617,#1818,#1826,.T.);
#1826 = LINE('',#1827,#1828);
#1827 = CARTESIAN_POINT('',(-0.277,-0.15,2.3E-02));
#1828 = VECTOR('',#1829,1.);
#1829 = DIRECTION('',(1.,0.,0.));
#1830 = PLANE('',#1831);
#1831 = AXIS2_PLACEMENT_3D('',#1832,#1833,#1834);
#1832 = CARTESIAN_POINT('',(-0.277,-0.15,2.3E-02));
#1833 = DIRECTION('',(0.,1.,0.));
#1834 = DIRECTION('',(0.,-0.,1.));
#1835 = ADVANCED_FACE('',(#1836),#1847,.T.);
#1836 = FACE_BOUND('',#1837,.T.);
#1837 = EDGE_LOOP('',(#1838,#1839,#1840,#1841));
#1838 = ORIENTED_EDGE('',*,*,#1700,.F.);
#1839 = ORIENTED_EDGE('',*,*,#1665,.F.);
#1840 = ORIENTED_EDGE('',*,*,#1583,.T.);
#1841 = ORIENTED_EDGE('',*,*,#1842,.T.);
#1842 = EDGE_CURVE('',#1584,#1701,#1843,.T.);
#1843 = LINE('',#1844,#1845);
#1844 = CARTESIAN_POINT('',(-0.223,-0.15,0.23));
#1845 = VECTOR('',#1846,1.);
#1846 = DIRECTION('',(0.,1.,0.));
#1847 = PLANE('',#1848);
#1848 = AXIS2_PLACEMENT_3D('',#1849,#1850,#1851);
#1849 = CARTESIAN_POINT('',(-0.3,-0.15,0.23));
#1850 = DIRECTION('',(0.,0.,1.));
#1851 = DIRECTION('',(1.,0.,-0.));
#1852 = ADVANCED_FACE('',(#1853),#1864,.T.);
#1853 = FACE_BOUND('',#1854,.T.);
#1854 = EDGE_LOOP('',(#1855,#1861,#1862,#1863));
#1855 = ORIENTED_EDGE('',*,*,#1856,.T.);
#1856 = EDGE_CURVE('',#1592,#1709,#1857,.T.);
#1857 = LINE('',#1858,#1859);
#1858 = CARTESIAN_POINT('',(-0.2,-0.15,0.207));
#1859 = VECTOR('',#1860,1.);
#1860 = DIRECTION('',(0.,1.,0.));
#1861 = ORIENTED_EDGE('',*,*,#1708,.T.);
#1862 = ORIENTED_EDGE('',*,*,#1842,.F.);
#1863 = ORIENTED_EDGE('',*,*,#1591,.F.);
#1864 = CYLINDRICAL_SURFACE('',#1865,2.3E-02);
#1865 = AXIS2_PLACEMENT_3D('',#1866,#1867,#1868);
#1866 = CARTESIAN_POINT('',(-0.223,-0.15,0.207));
#1867 = DIRECTION('',(0.,1.,0.));
#1868 = DIRECTION('',(1.,0.,0.));
#1869 = ADVANCED_FACE('',(#1870),#1913,.T.);
#1870 = FACE_BOUND('',#1871,.T.);
#1871 = EDGE_LOOP('',(#1872,#1873,#1874,#1875,#1883,#1891,#1899,#1907));
#1872 = ORIENTED_EDGE('',*,*,#1733,.F.);
#1873 = ORIENTED_EDGE('',*,*,#1725,.T.);
#1874 = ORIENTED_EDGE('',*,*,#1717,.T.);
#1875 = ORIENTED_EDGE('',*,*,#1876,.T.);
#1876 = EDGE_CURVE('',#1709,#1877,#1879,.T.);
#1877 = VERTEX_POINT('',#1878);
#1878 = CARTESIAN_POINT('',(0.2,0.15,0.207));
#1879 = LINE('',#1880,#1881);
#1880 = CARTESIAN_POINT('',(-0.2,0.15,0.207));
#1881 = VECTOR('',#1882,1.);
#1882 = DIRECTION('',(1.,0.,0.));
#1883 = ORIENTED_EDGE('',*,*,#1884,.T.);
#1884 = EDGE_CURVE('',#1877,#1885,#1887,.T.);
#1885 = VERTEX_POINT('',#1886);
#1886 = CARTESIAN_POINT('',(0.277,0.15,0.207));
#1887 = LINE('',#1888,#1889);
#1888 = CARTESIAN_POINT('',(-0.277,0.15,0.207));
#1889 = VECTOR('',#1890,1.);
#1890 = DIRECTION('',(1.,0.,0.));
#1891 = ORIENTED_EDGE('',*,*,#1892,.F.);
#1892 = EDGE_CURVE('',#1893,#1885,#1895,.T.);
#1893 = VERTEX_POINT('',#1894);
#1894 = CARTESIAN_POINT('',(0.277,0.15,2.3E-02));
#1895 = LINE('',#1896,#1897);
#1896 = CARTESIAN_POINT('',(0.277,0.15,2.3E-02));
#1897 = VECTOR('',#1898,1.);
#1898 = DIRECTION('',(0.,0.,1.));
#1899 = ORIENTED_EDGE('',*,*,#1900,.F.);
#1900 = EDGE_CURVE('',#1901,#1893,#1903,.T.);
#1901 = VERTEX_POINT('',#1902);
#1902 = CARTESIAN_POINT('',(0.2,0.15,2.3E-02));
#1903 = LINE('',#1904,#1905);
#1904 = CARTESIAN_POINT('',(-0.277,0.15,2.3E-02));
#1905 = VECTOR('',#1906,1.);
#1906 = DIRECTION('',(1.,0.,0.));
#1907 = ORIENTED_EDGE('',*,*,#1908,.F.);
#1908 = EDGE_CURVE('',#1734,#1901,#1909,.T.);
#1909 = LINE('',#1910,#1911);
#1910 = CARTESIAN_POINT('',(-0.277,0.15,2.3E-02));
#1911 = VECTOR('',#1912,1.);
#1912 = DIRECTION('',(1.,0.,0.));
#1913 = PLANE('',#1914);
#1914 = AXIS2_PLACEMENT_3D('',#1915,#1916,#1917);
#1915 = CARTESIAN_POINT('',(-0.277,0.15,2.3E-02));
#1916 = DIRECTION('',(0.,1.,0.));
#1917 = DIRECTION('',(0.,-0.,1.));
#1918 = ADVANCED_FACE('',(#1919),#1930,.F.);
#1919 = FACE_BOUND('',#1920,.F.);
#1920 = EDGE_LOOP('',(#1921,#1922,#1923,#1929));
#1921 = ORIENTED_EDGE('',*,*,#1776,.F.);
#1922 = ORIENTED_EDGE('',*,*,#1825,.T.);
#1923 = ORIENTED_EDGE('',*,*,#1924,.T.);
#1924 = EDGE_CURVE('',#1818,#1901,#1925,.T.);
#1925 = LINE('',#1926,#1927);
#1926 = CARTESIAN_POINT('',(0.2,-0.15,2.3E-02));
#1927 = VECTOR('',#1928,1.);
#1928 = DIRECTION('',(0.,1.,0.));
#1929 = ORIENTED_EDGE('',*,*,#1908,.F.);
#1930 = PLANE('',#1931);
#1931 = AXIS2_PLACEMENT_3D('',#1932,#1933,#1934);
#1932 = CARTESIAN_POINT('',(-0.277,-0.15,2.3E-02));
#1933 = DIRECTION('',(0.,0.,1.));
#1934 = DIRECTION('',(1.,0.,-0.));
#1935 = ADVANCED_FACE('',(#1936),#1999,.F.);
#1936 = FACE_BOUND('',#1937,.F.);
#1937 = EDGE_LOOP('',(#1938,#1948,#1955,#1956,#1957,#1958,#1967,#1975,
    #1984,#1992));
#1938 = ORIENTED_EDGE('',*,*,#1939,.F.);
#1939 = EDGE_CURVE('',#1940,#1942,#1944,.T.);
#1940 = VERTEX_POINT('',#1941);
#1941 = CARTESIAN_POINT('',(0.223,-0.15,-1.387778780781E-17));
#1942 = VERTEX_POINT('',#1943);
#1943 = CARTESIAN_POINT('',(0.277,-0.15,-1.387778780781E-17));
#1944 = LINE('',#1945,#1946);
#1945 = CARTESIAN_POINT('',(0.2,-0.15,0.));
#1946 = VECTOR('',#1947,1.);
#1947 = DIRECTION('',(1.,0.,0.));
#1948 = ORIENTED_EDGE('',*,*,#1949,.F.);
#1949 = EDGE_CURVE('',#1818,#1940,#1950,.T.);
#1950 = CIRCLE('',#1951,2.3E-02);
#1951 = AXIS2_PLACEMENT_3D('',#1952,#1953,#1954);
#1952 = CARTESIAN_POINT('',(0.223,-0.15,2.3E-02));
#1953 = DIRECTION('',(0.,-1.,0.));
#1954 = DIRECTION('',(0.,0.,1.));
#1955 = ORIENTED_EDGE('',*,*,#1817,.T.);
#1956 = ORIENTED_EDGE('',*,*,#1809,.T.);
#1957 = ORIENTED_EDGE('',*,*,#1801,.F.);
#1958 = ORIENTED_EDGE('',*,*,#1959,.T.);
#1959 = EDGE_CURVE('',#1794,#1960,#1962,.T.);
#1960 = VERTEX_POINT('',#1961);
#1961 = CARTESIAN_POINT('',(0.223,-0.15,0.23));
#1962 = CIRCLE('',#1963,2.3E-02);
#1963 = AXIS2_PLACEMENT_3D('',#1964,#1965,#1966);
#1964 = CARTESIAN_POINT('',(0.223,-0.15,0.207));
#1965 = DIRECTION('',(0.,1.,0.));
#1966 = DIRECTION('',(0.,-0.,1.));
#1967 = ORIENTED_EDGE('',*,*,#1968,.T.);
#1968 = EDGE_CURVE('',#1960,#1969,#1971,.T.);
#1969 = VERTEX_POINT('',#1970);
#1970 = CARTESIAN_POINT('',(0.277,-0.15,0.23));
#1971 = LINE('',#1972,#1973);
#1972 = CARTESIAN_POINT('',(0.2,-0.15,0.23));
#1973 = VECTOR('',#1974,1.);
#1974 = DIRECTION('',(1.,0.,0.));
#1975 = ORIENTED_EDGE('',*,*,#1976,.F.);
#1976 = EDGE_CURVE('',#1977,#1969,#1979,.T.);
#1977 = VERTEX_POINT('',#1978);
#1978 = CARTESIAN_POINT('',(0.3,-0.15,0.207));
#1979 = CIRCLE('',#1980,2.3E-02);
#1980 = AXIS2_PLACEMENT_3D('',#1981,#1982,#1983);
#1981 = CARTESIAN_POINT('',(0.277,-0.15,0.207));
#1982 = DIRECTION('',(0.,-1.,0.));
#1983 = DIRECTION('',(0.,0.,1.));
#1984 = ORIENTED_EDGE('',*,*,#1985,.F.);
#1985 = EDGE_CURVE('',#1986,#1977,#1988,.T.);
#1986 = VERTEX_POINT('',#1987);
#1987 = CARTESIAN_POINT('',(0.3,-0.15,2.3E-02));
#1988 = LINE('',#1989,#1990);
#1989 = CARTESIAN_POINT('',(0.3,-0.15,0.));
#1990 = VECTOR('',#1991,1.);
#1991 = DIRECTION('',(0.,0.,1.));
#1992 = ORIENTED_EDGE('',*,*,#1993,.T.);
#1993 = EDGE_CURVE('',#1986,#1942,#1994,.T.);
#1994 = CIRCLE('',#1995,2.3E-02);
#1995 = AXIS2_PLACEMENT_3D('',#1996,#1997,#1998);
#1996 = CARTESIAN_POINT('',(0.277,-0.15,2.3E-02));
#1997 = DIRECTION('',(0.,1.,0.));
#1998 = DIRECTION('',(0.,-0.,1.));
#1999 = PLANE('',#2000);
#2000 = AXIS2_PLACEMENT_3D('',#2001,#2002,#2003);
#2001 = CARTESIAN_POINT('',(0.2,-0.15,0.));
#2002 = DIRECTION('',(0.,1.,0.));
#2003 = DIRECTION('',(0.,-0.,1.));
#2004 = ADVANCED_FACE('',(#2005),#2030,.F.);
#2005 = FACE_BOUND('',#2006,.F.);
#2006 = EDGE_LOOP('',(#2007,#2008,#2016,#2024));
#2007 = ORIENTED_EDGE('',*,*,#1793,.F.);
#2008 = ORIENTED_EDGE('',*,*,#2009,.T.);
#2009 = EDGE_CURVE('',#1592,#2010,#2012,.T.);
#2010 = VERTEX_POINT('',#2011);
#2011 = CARTESIAN_POINT('',(-0.2,-0.15,0.23));
#2012 = LINE('',#2013,#2014);
#2013 = CARTESIAN_POINT('',(-0.2,-0.15,0.207));
#2014 = VECTOR('',#2015,1.);
#2015 = DIRECTION('',(0.,0.,1.));
#2016 = ORIENTED_EDGE('',*,*,#2017,.T.);
#2017 = EDGE_CURVE('',#2010,#2018,#2020,.T.);
#2018 = VERTEX_POINT('',#2019);
#2019 = CARTESIAN_POINT('',(0.2,-0.15,0.23));
#2020 = LINE('',#2021,#2022);
#2021 = CARTESIAN_POINT('',(-0.2,-0.15,0.23));
#2022 = VECTOR('',#2023,1.);
#2023 = DIRECTION('',(1.,0.,0.));
#2024 = ORIENTED_EDGE('',*,*,#2025,.F.);
#2025 = EDGE_CURVE('',#1794,#2018,#2026,.T.);
#2026 = LINE('',#2027,#2028);
#2027 = CARTESIAN_POINT('',(0.2,-0.15,0.207));
#2028 = VECTOR('',#2029,1.);
#2029 = DIRECTION('',(0.,0.,1.));
#2030 = PLANE('',#2031);
#2031 = AXIS2_PLACEMENT_3D('',#2032,#2033,#2034);
#2032 = CARTESIAN_POINT('',(-0.2,-0.15,0.207));
#2033 = DIRECTION('',(0.,1.,0.));
#2034 = DIRECTION('',(0.,-0.,1.));
#2035 = ADVANCED_FACE('',(#2036),#2054,.F.);
#2036 = FACE_BOUND('',#2037,.F.);
#2037 = EDGE_LOOP('',(#2038,#2039,#2040,#2048));
#2038 = ORIENTED_EDGE('',*,*,#2009,.F.);
#2039 = ORIENTED_EDGE('',*,*,#1856,.T.);
#2040 = ORIENTED_EDGE('',*,*,#2041,.T.);
#2041 = EDGE_CURVE('',#1709,#2042,#2044,.T.);
#2042 = VERTEX_POINT('',#2043);
#2043 = CARTESIAN_POINT('',(-0.2,0.15,0.23));
#2044 = LINE('',#2045,#2046);
#2045 = CARTESIAN_POINT('',(-0.2,0.15,0.207));
#2046 = VECTOR('',#2047,1.);
#2047 = DIRECTION('',(0.,0.,1.));
#2048 = ORIENTED_EDGE('',*,*,#2049,.F.);
#2049 = EDGE_CURVE('',#2010,#2042,#2050,.T.);
#2050 = LINE('',#2051,#2052);
#2051 = CARTESIAN_POINT('',(-0.2,-0.15,0.23));
#2052 = VECTOR('',#2053,1.);
#2053 = DIRECTION('',(0.,1.,0.));
#2054 = PLANE('',#2055);
#2055 = AXIS2_PLACEMENT_3D('',#2056,#2057,#2058);
#2056 = CARTESIAN_POINT('',(-0.2,-0.15,0.207));
#2057 = DIRECTION('',(1.,0.,0.));
#2058 = DIRECTION('',(0.,0.,1.));
#2059 = ADVANCED_FACE('',(#2060),#2123,.T.);
#2060 = FACE_BOUND('',#2061,.T.);
#2061 = EDGE_LOOP('',(#2062,#2072,#2079,#2080,#2081,#2082,#2091,#2099,
    #2108,#2116));
#2062 = ORIENTED_EDGE('',*,*,#2063,.F.);
#2063 = EDGE_CURVE('',#2064,#2066,#2068,.T.);
#2064 = VERTEX_POINT('',#2065);
#2065 = CARTESIAN_POINT('',(0.223,0.15,-1.387778780781E-17));
#2066 = VERTEX_POINT('',#2067);
#2067 = CARTESIAN_POINT('',(0.277,0.15,-1.387778780781E-17));
#2068 = LINE('',#2069,#2070);
#2069 = CARTESIAN_POINT('',(0.2,0.15,0.));
#2070 = VECTOR('',#2071,1.);
#2071 = DIRECTION('',(1.,0.,0.));
#2072 = ORIENTED_EDGE('',*,*,#2073,.F.);
#2073 = EDGE_CURVE('',#1901,#2064,#2074,.T.);
#2074 = CIRCLE('',#2075,2.3E-02);
#2075 = AXIS2_PLACEMENT_3D('',#2076,#2077,#2078);
#2076 = CARTESIAN_POINT('',(0.223,0.15,2.3E-02));
#2077 = DIRECTION('',(0.,-1.,0.));
#2078 = DIRECTION('',(0.,0.,1.));
#2079 = ORIENTED_EDGE('',*,*,#1900,.T.);
#2080 = ORIENTED_EDGE('',*,*,#1892,.T.);
#2081 = ORIENTED_EDGE('',*,*,#1884,.F.);
#2082 = ORIENTED_EDGE('',*,*,#2083,.T.);
#2083 = EDGE_CURVE('',#1877,#2084,#2086,.T.);
#2084 = VERTEX_POINT('',#2085);
#2085 = CARTESIAN_POINT('',(0.223,0.15,0.23));
#2086 = CIRCLE('',#2087,2.3E-02);
#2087 = AXIS2_PLACEMENT_3D('',#2088,#2089,#2090);
#2088 = CARTESIAN_POINT('',(0.223,0.15,0.207));
#2089 = DIRECTION('',(0.,1.,0.));
#2090 = DIRECTION('',(0.,-0.,1.));
#2091 = ORIENTED_EDGE('',*,*,#2092,.T.);
#2092 = EDGE_CURVE('',#2084,#2093,#2095,.T.);
#2093 = VERTEX_POINT('',#2094);
#2094 = CARTESIAN_POINT('',(0.277,0.15,0.23));
#2095 = LINE('',#2096,#2097);
#2096 = CARTESIAN_POINT('',(0.2,0.15,0.23));
#2097 = VECTOR('',#2098,1.);
#2098 = DIRECTION('',(1.,0.,0.));
#2099 = ORIENTED_EDGE('',*,*,#2100,.F.);
#2100 = EDGE_CURVE('',#2101,#2093,#2103,.T.);
#2101 = VERTEX_POINT('',#2102);
#2102 = CARTESIAN_POINT('',(0.3,0.15,0.207));
#2103 = CIRCLE('',#2104,2.3E-02);
#2104 = AXIS2_PLACEMENT_3D('',#2105,#2106,#2107);
#2105 = CARTESIAN_POINT('',(0.277,0.15,0.207));
#2106 = DIRECTION('',(0.,-1.,0.));
#2107 = DIRECTION('',(0.,0.,1.));
#2108 = ORIENTED_EDGE('',*,*,#2109,.F.);
#2109 = EDGE_CURVE('',#2110,#2101,#2112,.T.);
#2110 = VERTEX_POINT('',#2111);
#2111 = CARTESIAN_POINT('',(0.3,0.15,2.3E-02));
#2112 = LINE('',#2113,#2114);
#2113 = CARTESIAN_POINT('',(0.3,0.15,0.));
#2114 = VECTOR('',#2115,1.);
#2115 = DIRECTION('',(0.,0.,1.));
#2116 = ORIENTED_EDGE('',*,*,#2117,.T.);
#2117 = EDGE_CURVE('',#2110,#2066,#2118,.T.);
#2118 = CIRCLE('',#2119,2.3E-02);
#2119 = AXIS2_PLACEMENT_3D('',#2120,#2121,#2122);
#2120 = CARTESIAN_POINT('',(0.277,0.15,2.3E-02));
#2121 = DIRECTION('',(0.,1.,0.));
#2122 = DIRECTION('',(0.,-0.,1.));
#2123 = PLANE('',#2124);
#2124 = AXIS2_PLACEMENT_3D('',#2125,#2126,#2127);
#2125 = CARTESIAN_POINT('',(0.2,0.15,0.));
#2126 = DIRECTION('',(0.,1.,0.));
#2127 = DIRECTION('',(0.,-0.,1.));
#2128 = ADVANCED_FACE('',(#2129),#2147,.T.);
#2129 = FACE_BOUND('',#2130,.T.);
#2130 = EDGE_LOOP('',(#2131,#2132,#2133,#2141));
#2131 = ORIENTED_EDGE('',*,*,#1876,.F.);
#2132 = ORIENTED_EDGE('',*,*,#2041,.T.);
#2133 = ORIENTED_EDGE('',*,*,#2134,.T.);
#2134 = EDGE_CURVE('',#2042,#2135,#2137,.T.);
#2135 = VERTEX_POINT('',#2136);
#2136 = CARTESIAN_POINT('',(0.2,0.15,0.23));
#2137 = LINE('',#2138,#2139);
#2138 = CARTESIAN_POINT('',(-0.2,0.15,0.23));
#2139 = VECTOR('',#2140,1.);
#2140 = DIRECTION('',(1.,0.,0.));
#2141 = ORIENTED_EDGE('',*,*,#2142,.F.);
#2142 = EDGE_CURVE('',#1877,#2135,#2143,.T.);
#2143 = LINE('',#2144,#2145);
#2144 = CARTESIAN_POINT('',(0.2,0.15,0.207));
#2145 = VECTOR('',#2146,1.);
#2146 = DIRECTION('',(0.,0.,1.));
#2147 = PLANE('',#2148);
#2148 = AXIS2_PLACEMENT_3D('',#2149,#2150,#2151);
#2149 = CARTESIAN_POINT('',(-0.2,0.15,0.207));
#2150 = DIRECTION('',(0.,1.,0.));
#2151 = DIRECTION('',(0.,-0.,1.));
#2152 = ADVANCED_FACE('',(#2153),#2164,.T.);
#2153 = FACE_BOUND('',#2154,.T.);
#2154 = EDGE_LOOP('',(#2155,#2156,#2157,#2163));
#2155 = ORIENTED_EDGE('',*,*,#1924,.T.);
#2156 = ORIENTED_EDGE('',*,*,#2073,.T.);
#2157 = ORIENTED_EDGE('',*,*,#2158,.F.);
#2158 = EDGE_CURVE('',#1940,#2064,#2159,.T.);
#2159 = LINE('',#2160,#2161);
#2160 = CARTESIAN_POINT('',(0.223,-0.15,-1.387778780781E-17));
#2161 = VECTOR('',#2162,1.);
#2162 = DIRECTION('',(0.,1.,0.));
#2163 = ORIENTED_EDGE('',*,*,#1949,.F.);
#2164 = CYLINDRICAL_SURFACE('',#2165,2.3E-02);
#2165 = AXIS2_PLACEMENT_3D('',#2166,#2167,#2168);
#2166 = CARTESIAN_POINT('',(0.223,-0.15,2.3E-02));
#2167 = DIRECTION('',(0.,1.,0.));
#2168 = DIRECTION('',(-1.,0.,0.));
#2169 = ADVANCED_FACE('',(#2170),#2181,.F.);
#2170 = FACE_BOUND('',#2171,.F.);
#2171 = EDGE_LOOP('',(#2172,#2173,#2174,#2175));
#2172 = ORIENTED_EDGE('',*,*,#2063,.F.);
#2173 = ORIENTED_EDGE('',*,*,#2158,.F.);
#2174 = ORIENTED_EDGE('',*,*,#1939,.T.);
#2175 = ORIENTED_EDGE('',*,*,#2176,.T.);
#2176 = EDGE_CURVE('',#1942,#2066,#2177,.T.);
#2177 = LINE('',#2178,#2179);
#2178 = CARTESIAN_POINT('',(0.277,-0.15,-1.387778780781E-17));
#2179 = VECTOR('',#2180,1.);
#2180 = DIRECTION('',(0.,1.,0.));
#2181 = PLANE('',#2182);
#2182 = AXIS2_PLACEMENT_3D('',#2183,#2184,#2185);
#2183 = CARTESIAN_POINT('',(0.2,-0.15,0.));
#2184 = DIRECTION('',(0.,0.,1.));
#2185 = DIRECTION('',(1.,0.,-0.));
#2186 = ADVANCED_FACE('',(#2187),#2198,.T.);
#2187 = FACE_BOUND('',#2188,.T.);
#2188 = EDGE_LOOP('',(#2189,#2190,#2191,#2192));
#2189 = ORIENTED_EDGE('',*,*,#1993,.T.);
#2190 = ORIENTED_EDGE('',*,*,#2176,.T.);
#2191 = ORIENTED_EDGE('',*,*,#2117,.F.);
#2192 = ORIENTED_EDGE('',*,*,#2193,.F.);
#2193 = EDGE_CURVE('',#1986,#2110,#2194,.T.);
#2194 = LINE('',#2195,#2196);
#2195 = CARTESIAN_POINT('',(0.3,-0.15,2.3E-02));
#2196 = VECTOR('',#2197,1.);
#2197 = DIRECTION('',(0.,1.,0.));
#2198 = CYLINDRICAL_SURFACE('',#2199,2.3E-02);
#2199 = AXIS2_PLACEMENT_3D('',#2200,#2201,#2202);
#2200 = CARTESIAN_POINT('',(0.277,-0.15,2.3E-02));
#2201 = DIRECTION('',(0.,1.,0.));
#2202 = DIRECTION('',(1.,0.,0.));
#2203 = ADVANCED_FACE('',(#2204),#2215,.T.);
#2204 = FACE_BOUND('',#2205,.T.);
#2205 = EDGE_LOOP('',(#2206,#2207,#2208,#2209));
#2206 = ORIENTED_EDGE('',*,*,#1985,.F.);
#2207 = ORIENTED_EDGE('',*,*,#2193,.T.);
#2208 = ORIENTED_EDGE('',*,*,#2109,.T.);
#2209 = ORIENTED_EDGE('',*,*,#2210,.F.);
#2210 = EDGE_CURVE('',#1977,#2101,#2211,.T.);
#2211 = LINE('',#2212,#2213);
#2212 = CARTESIAN_POINT('',(0.3,-0.15,0.207));
#2213 = VECTOR('',#2214,1.);
#2214 = DIRECTION('',(0.,1.,0.));
#2215 = PLANE('',#2216);
#2216 = AXIS2_PLACEMENT_3D('',#2217,#2218,#2219);
#2217 = CARTESIAN_POINT('',(0.3,-0.15,0.));
#2218 = DIRECTION('',(1.,0.,0.));
#2219 = DIRECTION('',(0.,0.,1.));
#2220 = ADVANCED_FACE('',(#2221),#2232,.T.);
#2221 = FACE_BOUND('',#2222,.T.);
#2222 = EDGE_LOOP('',(#2223,#2224,#2225,#2231));
#2223 = ORIENTED_EDGE('',*,*,#2210,.T.);
#2224 = ORIENTED_EDGE('',*,*,#2100,.T.);
#2225 = ORIENTED_EDGE('',*,*,#2226,.F.);
#2226 = EDGE_CURVE('',#1969,#2093,#2227,.T.);
#2227 = LINE('',#2228,#2229);
#2228 = CARTESIAN_POINT('',(0.277,-0.15,0.23));
#2229 = VECTOR('',#2230,1.);
#2230 = DIRECTION('',(0.,1.,0.));
#2231 = ORIENTED_EDGE('',*,*,#1976,.F.);
#2232 = CYLINDRICAL_SURFACE('',#2233,2.3E-02);
#2233 = AXIS2_PLACEMENT_3D('',#2234,#2235,#2236);
#2234 = CARTESIAN_POINT('',(0.277,-0.15,0.207));
#2235 = DIRECTION('',(0.,1.,0.));
#2236 = DIRECTION('',(1.,0.,0.));
#2237 = ADVANCED_FACE('',(#2238),#2249,.T.);
#2238 = FACE_BOUND('',#2239,.T.);
#2239 = EDGE_LOOP('',(#2240,#2241,#2247,#2248));
#2240 = ORIENTED_EDGE('',*,*,#2092,.F.);
#2241 = ORIENTED_EDGE('',*,*,#2242,.F.);
#2242 = EDGE_CURVE('',#1960,#2084,#2243,.T.);
#2243 = LINE('',#2244,#2245);
#2244 = CARTESIAN_POINT('',(0.223,-0.15,0.23));
#2245 = VECTOR('',#2246,1.);
#2246 = DIRECTION('',(0.,1.,0.));
#2247 = ORIENTED_EDGE('',*,*,#1968,.T.);
#2248 = ORIENTED_EDGE('',*,*,#2226,.T.);
#2249 = PLANE('',#2250);
#2250 = AXIS2_PLACEMENT_3D('',#2251,#2252,#2253);
#2251 = CARTESIAN_POINT('',(0.2,-0.15,0.23));
#2252 = DIRECTION('',(0.,0.,1.));
#2253 = DIRECTION('',(1.,0.,-0.));
#2254 = ADVANCED_FACE('',(#2255),#2266,.T.);
#2255 = FACE_BOUND('',#2256,.T.);
#2256 = EDGE_LOOP('',(#2257,#2258,#2259,#2260));
#2257 = ORIENTED_EDGE('',*,*,#1959,.T.);
#2258 = ORIENTED_EDGE('',*,*,#2242,.T.);
#2259 = ORIENTED_EDGE('',*,*,#2083,.F.);
#2260 = ORIENTED_EDGE('',*,*,#2261,.F.);
#2261 = EDGE_CURVE('',#1794,#1877,#2262,.T.);
#2262 = LINE('',#2263,#2264);
#2263 = CARTESIAN_POINT('',(0.2,-0.15,0.207));
#2264 = VECTOR('',#2265,1.);
#2265 = DIRECTION('',(0.,1.,0.));
#2266 = CYLINDRICAL_SURFACE('',#2267,2.3E-02);
#2267 = AXIS2_PLACEMENT_3D('',#2268,#2269,#2270);
#2268 = CARTESIAN_POINT('',(0.223,-0.15,0.207));
#2269 = DIRECTION('',(0.,1.,0.));
#2270 = DIRECTION('',(-1.,0.,0.));
#2271 = ADVANCED_FACE('',(#2272),#2283,.T.);
#2272 = FACE_BOUND('',#2273,.T.);
#2273 = EDGE_LOOP('',(#2274,#2275,#2276,#2277));
#2274 = ORIENTED_EDGE('',*,*,#2025,.F.);
#2275 = ORIENTED_EDGE('',*,*,#2261,.T.);
#2276 = ORIENTED_EDGE('',*,*,#2142,.T.);
#2277 = ORIENTED_EDGE('',*,*,#2278,.F.);
#2278 = EDGE_CURVE('',#2018,#2135,#2279,.T.);
#2279 = LINE('',#2280,#2281);
#2280 = CARTESIAN_POINT('',(0.2,-0.15,0.23));
#2281 = VECTOR('',#2282,1.);
#2282 = DIRECTION('',(0.,1.,0.));
#2283 = PLANE('',#2284);
#2284 = AXIS2_PLACEMENT_3D('',#2285,#2286,#2287);
#2285 = CARTESIAN_POINT('',(0.2,-0.15,0.207));
#2286 = DIRECTION('',(1.,0.,0.));
#2287 = DIRECTION('',(0.,0.,1.));
#2288 = ADVANCED_FACE('',(#2289),#2295,.T.);
#2289 = FACE_BOUND('',#2290,.T.);
#2290 = EDGE_LOOP('',(#2291,#2292,#2293,#2294));
#2291 = ORIENTED_EDGE('',*,*,#2049,.F.);
#2292 = ORIENTED_EDGE('',*,*,#2017,.T.);
#2293 = ORIENTED_EDGE('',*,*,#2278,.T.);
#2294 = ORIENTED_EDGE('',*,*,#2134,.F.);
#2295 = PLANE('',#2296);
#2296 = AXIS2_PLACEMENT_3D('',#2297,#2298,#2299);
#2297 = CARTESIAN_POINT('',(-0.2,-0.15,0.23));
#2298 = DIRECTION('',(0.,0.,1.));
#2299 = DIRECTION('',(1.,0.,-0.));
#2300 = ( GEOMETRIC_REPRESENTATION_CONTEXT(3) 
GLOBAL_UNCERTAINTY_ASSIGNED_CONTEXT((#2304)) 
GLOBAL_UNIT_ASSIGNED_CONTEXT((#2301,#2302,#2303)) REPRESENTATION_CONTEXT
('Context #1','3D Context with UNIT and UNCERTAINTY') );
#2301 = ( LENGTH_UNIT() NAMED_UNIT(*) SI_UNIT(.MILLI.,.METRE.) );
#2302 = ( NAMED_UNIT(*) PLANE_ANGLE_UNIT() SI_UNIT($,.RADIAN.) );
#2303 = ( NAMED_UNIT(*) SI_UNIT($,.STERADIAN.) SOLID_ANGLE_UNIT() );
#2304 = UNCERTAINTY_MEASURE_WITH_UNIT(LENGTH_MEASURE(1.E-07),#2301,
  'distance_accuracy_value','confusion accuracy');
#2305 = CONTEXT_DEPENDENT_SHAPE_REPRESENTATION(#2306,#2308);
#2306 = ( REPRESENTATION_RELATIONSHIP('','',#1509,#10) 
REPRESENTATION_RELATIONSHIP_WITH_TRANSFORMATION(#2307) 
SHAPE_REPRESENTATION_RELATIONSHIP() );
#2307 = ITEM_DEFINED_TRANSFORMATION('','',#11,#23);
#2308 = PRODUCT_DEFINITION_SHAPE('Placement','Placement of an item',
  #2309);
#2309 = NEXT_ASSEMBLY_USAGE_OCCURRENCE('3','R7','',#5,#1504,$);
#2310 = PRODUCT_RELATED_PRODUCT_CATEGORY('part',$,(#1506));
#2311 = SHAPE_DEFINITION_REPRESENTATION(#2312,#2318);
#2312 = PRODUCT_DEFINITION_SHAPE('','',#2313);
#2313 = PRODUCT_DEFINITION('design','',#2314,#2317);
#2314 = PRODUCT_DEFINITION_FORMATION('','',#2315);
#2315 = PRODUCT('R_0603_1608Metric','R_0603_1608Metric','',(#2316));
#2316 = PRODUCT_CONTEXT('',#2,'mechanical');
#2317 = PRODUCT_DEFINITION_CONTEXT('part definition',#2,'design');
#2318 = ADVANCED_BREP_SHAPE_REPRESENTATION('',(#11,#2319),#3109);
#2319 = MANIFOLD_SOLID_BREP('',#2320);
#2320 = CLOSED_SHELL('',(#2321,#2361,#2444,#2469,#2494,#2561,#2578,#2595
    ,#2644,#2661,#2678,#2727,#2744,#2813,#2844,#2868,#2937,#2961,#2978,
    #2995,#3012,#3029,#3046,#3063,#3080,#3097));
#2321 = ADVANCED_FACE('',(#2322),#2356,.F.);
#2322 = FACE_BOUND('',#2323,.F.);
#2323 = EDGE_LOOP('',(#2324,#2334,#2342,#2350));
#2324 = ORIENTED_EDGE('',*,*,#2325,.F.);
#2325 = EDGE_CURVE('',#2326,#2328,#2330,.T.);
#2326 = VERTEX_POINT('',#2327);
#2327 = CARTESIAN_POINT('',(-0.8,-0.4,4.5E-02));
#2328 = VERTEX_POINT('',#2329);
#2329 = CARTESIAN_POINT('',(-0.8,-0.4,0.405));
#2330 = LINE('',#2331,#2332);
#2331 = CARTESIAN_POINT('',(-0.8,-0.4,0.));
#2332 = VECTOR('',#2333,1.);
#2333 = DIRECTION('',(0.,0.,1.));
#2334 = ORIENTED_EDGE('',*,*,#2335,.T.);
#2335 = EDGE_CURVE('',#2326,#2336,#2338,.T.);
#2336 = VERTEX_POINT('',#2337);
#2337 = CARTESIAN_POINT('',(-0.8,0.4,4.5E-02));
#2338 = LINE('',#2339,#2340);
#2339 = CARTESIAN_POINT('',(-0.8,-0.4,4.5E-02));
#2340 = VECTOR('',#2341,1.);
#2341 = DIRECTION('',(0.,1.,0.));
#2342 = ORIENTED_EDGE('',*,*,#2343,.T.);
#2343 = EDGE_CURVE('',#2336,#2344,#2346,.T.);
#2344 = VERTEX_POINT('',#2345);
#2345 = CARTESIAN_POINT('',(-0.8,0.4,0.405));
#2346 = LINE('',#2347,#2348);
#2347 = CARTESIAN_POINT('',(-0.8,0.4,0.));
#2348 = VECTOR('',#2349,1.);
#2349 = DIRECTION('',(0.,0.,1.));
#2350 = ORIENTED_EDGE('',*,*,#2351,.F.);
#2351 = EDGE_CURVE('',#2328,#2344,#2352,.T.);
#2352 = LINE('',#2353,#2354);
#2353 = CARTESIAN_POINT('',(-0.8,-0.4,0.405));
#2354 = VECTOR('',#2355,1.);
#2355 = DIRECTION('',(0.,1.,0.));
#2356 = PLANE('',#2357);
#2357 = AXIS2_PLACEMENT_3D('',#2358,#2359,#2360);
#2358 = CARTESIAN_POINT('',(-0.8,-0.4,0.));
#2359 = DIRECTION('',(1.,0.,0.));
#2360 = DIRECTION('',(0.,0.,1.));
#2361 = ADVANCED_FACE('',(#2362),#2439,.F.);
#2362 = FACE_BOUND('',#2363,.F.);
#2363 = EDGE_LOOP('',(#2364,#2374,#2381,#2382,#2391,#2399,#2408,#2416,
    #2424,#2432));
#2364 = ORIENTED_EDGE('',*,*,#2365,.F.);
#2365 = EDGE_CURVE('',#2366,#2368,#2370,.T.);
#2366 = VERTEX_POINT('',#2367);
#2367 = CARTESIAN_POINT('',(-0.755,-0.4,-2.775557561563E-17));
#2368 = VERTEX_POINT('',#2369);
#2369 = CARTESIAN_POINT('',(-0.545,-0.4,-2.775557561563E-17));
#2370 = LINE('',#2371,#2372);
#2371 = CARTESIAN_POINT('',(-0.8,-0.4,0.));
#2372 = VECTOR('',#2373,1.);
#2373 = DIRECTION('',(1.,0.,0.));
#2374 = ORIENTED_EDGE('',*,*,#2375,.F.);
#2375 = EDGE_CURVE('',#2326,#2366,#2376,.T.);
#2376 = CIRCLE('',#2377,4.5E-02);
#2377 = AXIS2_PLACEMENT_3D('',#2378,#2379,#2380);
#2378 = CARTESIAN_POINT('',(-0.755,-0.4,4.5E-02));
#2379 = DIRECTION('',(0.,-1.,0.));
#2380 = DIRECTION('',(0.,0.,1.));
#2381 = ORIENTED_EDGE('',*,*,#2325,.T.);
#2382 = ORIENTED_EDGE('',*,*,#2383,.T.);
#2383 = EDGE_CURVE('',#2328,#2384,#2386,.T.);
#2384 = VERTEX_POINT('',#2385);
#2385 = CARTESIAN_POINT('',(-0.755,-0.4,0.45));
#2386 = CIRCLE('',#2387,4.5E-02);
#2387 = AXIS2_PLACEMENT_3D('',#2388,#2389,#2390);
#2388 = CARTESIAN_POINT('',(-0.755,-0.4,0.405));
#2389 = DIRECTION('',(0.,1.,0.));
#2390 = DIRECTION('',(0.,-0.,1.));
#2391 = ORIENTED_EDGE('',*,*,#2392,.T.);
#2392 = EDGE_CURVE('',#2384,#2393,#2395,.T.);
#2393 = VERTEX_POINT('',#2394);
#2394 = CARTESIAN_POINT('',(-0.545,-0.4,0.45));
#2395 = LINE('',#2396,#2397);
#2396 = CARTESIAN_POINT('',(-0.8,-0.4,0.45));
#2397 = VECTOR('',#2398,1.);
#2398 = DIRECTION('',(1.,0.,0.));
#2399 = ORIENTED_EDGE('',*,*,#2400,.F.);
#2400 = EDGE_CURVE('',#2401,#2393,#2403,.T.);
#2401 = VERTEX_POINT('',#2402);
#2402 = CARTESIAN_POINT('',(-0.5,-0.4,0.405));
#2403 = CIRCLE('',#2404,4.5E-02);
#2404 = AXIS2_PLACEMENT_3D('',#2405,#2406,#2407);
#2405 = CARTESIAN_POINT('',(-0.545,-0.4,0.405));
#2406 = DIRECTION('',(0.,-1.,0.));
#2407 = DIRECTION('',(0.,0.,1.));
#2408 = ORIENTED_EDGE('',*,*,#2409,.F.);
#2409 = EDGE_CURVE('',#2410,#2401,#2412,.T.);
#2410 = VERTEX_POINT('',#2411);
#2411 = CARTESIAN_POINT('',(-0.755,-0.4,0.405));
#2412 = LINE('',#2413,#2414);
#2413 = CARTESIAN_POINT('',(-0.755,-0.4,0.405));
#2414 = VECTOR('',#2415,1.);
#2415 = DIRECTION('',(1.,0.,0.));
#2416 = ORIENTED_EDGE('',*,*,#2417,.F.);
#2417 = EDGE_CURVE('',#2418,#2410,#2420,.T.);
#2418 = VERTEX_POINT('',#2419);
#2419 = CARTESIAN_POINT('',(-0.755,-0.4,4.5E-02));
#2420 = LINE('',#2421,#2422);
#2421 = CARTESIAN_POINT('',(-0.755,-0.4,4.5E-02));
#2422 = VECTOR('',#2423,1.);
#2423 = DIRECTION('',(0.,0.,1.));
#2424 = ORIENTED_EDGE('',*,*,#2425,.T.);
#2425 = EDGE_CURVE('',#2418,#2426,#2428,.T.);
#2426 = VERTEX_POINT('',#2427);
#2427 = CARTESIAN_POINT('',(-0.5,-0.4,4.5E-02));
#2428 = LINE('',#2429,#2430);
#2429 = CARTESIAN_POINT('',(-0.755,-0.4,4.5E-02));
#2430 = VECTOR('',#2431,1.);
#2431 = DIRECTION('',(1.,0.,0.));
#2432 = ORIENTED_EDGE('',*,*,#2433,.T.);
#2433 = EDGE_CURVE('',#2426,#2368,#2434,.T.);
#2434 = CIRCLE('',#2435,4.5E-02);
#2435 = AXIS2_PLACEMENT_3D('',#2436,#2437,#2438);
#2436 = CARTESIAN_POINT('',(-0.545,-0.4,4.5E-02));
#2437 = DIRECTION('',(0.,1.,0.));
#2438 = DIRECTION('',(0.,-0.,1.));
#2439 = PLANE('',#2440);
#2440 = AXIS2_PLACEMENT_3D('',#2441,#2442,#2443);
#2441 = CARTESIAN_POINT('',(-0.8,-0.4,0.));
#2442 = DIRECTION('',(0.,1.,0.));
#2443 = DIRECTION('',(0.,-0.,1.));
#2444 = ADVANCED_FACE('',(#2445),#2464,.T.);
#2445 = FACE_BOUND('',#2446,.T.);
#2446 = EDGE_LOOP('',(#2447,#2448,#2457,#2463));
#2447 = ORIENTED_EDGE('',*,*,#2335,.T.);
#2448 = ORIENTED_EDGE('',*,*,#2449,.T.);
#2449 = EDGE_CURVE('',#2336,#2450,#2452,.T.);
#2450 = VERTEX_POINT('',#2451);
#2451 = CARTESIAN_POINT('',(-0.755,0.4,-2.775557561563E-17));
#2452 = CIRCLE('',#2453,4.5E-02);
#2453 = AXIS2_PLACEMENT_3D('',#2454,#2455,#2456);
#2454 = CARTESIAN_POINT('',(-0.755,0.4,4.5E-02));
#2455 = DIRECTION('',(0.,-1.,0.));
#2456 = DIRECTION('',(0.,0.,1.));
#2457 = ORIENTED_EDGE('',*,*,#2458,.F.);
#2458 = EDGE_CURVE('',#2366,#2450,#2459,.T.);
#2459 = LINE('',#2460,#2461);
#2460 = CARTESIAN_POINT('',(-0.755,-0.4,-2.775557561563E-17));
#2461 = VECTOR('',#2462,1.);
#2462 = DIRECTION('',(0.,1.,0.));
#2463 = ORIENTED_EDGE('',*,*,#2375,.F.);
#2464 = CYLINDRICAL_SURFACE('',#2465,4.5E-02);
#2465 = AXIS2_PLACEMENT_3D('',#2466,#2467,#2468);
#2466 = CARTESIAN_POINT('',(-0.755,-0.4,4.5E-02));
#2467 = DIRECTION('',(0.,1.,0.));
#2468 = DIRECTION('',(-1.,0.,0.));
#2469 = ADVANCED_FACE('',(#2470),#2489,.T.);
#2470 = FACE_BOUND('',#2471,.T.);
#2471 = EDGE_LOOP('',(#2472,#2473,#2481,#2488));
#2472 = ORIENTED_EDGE('',*,*,#2383,.T.);
#2473 = ORIENTED_EDGE('',*,*,#2474,.T.);
#2474 = EDGE_CURVE('',#2384,#2475,#2477,.T.);
#2475 = VERTEX_POINT('',#2476);
#2476 = CARTESIAN_POINT('',(-0.755,0.4,0.45));
#2477 = LINE('',#2478,#2479);
#2478 = CARTESIAN_POINT('',(-0.755,-0.4,0.45));
#2479 = VECTOR('',#2480,1.);
#2480 = DIRECTION('',(0.,1.,0.));
#2481 = ORIENTED_EDGE('',*,*,#2482,.F.);
#2482 = EDGE_CURVE('',#2344,#2475,#2483,.T.);
#2483 = CIRCLE('',#2484,4.5E-02);
#2484 = AXIS2_PLACEMENT_3D('',#2485,#2486,#2487);
#2485 = CARTESIAN_POINT('',(-0.755,0.4,0.405));
#2486 = DIRECTION('',(0.,1.,0.));
#2487 = DIRECTION('',(0.,-0.,1.));
#2488 = ORIENTED_EDGE('',*,*,#2351,.F.);
#2489 = CYLINDRICAL_SURFACE('',#2490,4.5E-02);
#2490 = AXIS2_PLACEMENT_3D('',#2491,#2492,#2493);
#2491 = CARTESIAN_POINT('',(-0.755,-0.4,0.405));
#2492 = DIRECTION('',(0.,1.,0.));
#2493 = DIRECTION('',(-1.,0.,0.));
#2494 = ADVANCED_FACE('',(#2495),#2556,.T.);
#2495 = FACE_BOUND('',#2496,.T.);
#2496 = EDGE_LOOP('',(#2497,#2505,#2506,#2507,#2508,#2516,#2525,#2533,
    #2541,#2549));
#2497 = ORIENTED_EDGE('',*,*,#2498,.F.);
#2498 = EDGE_CURVE('',#2450,#2499,#2501,.T.);
#2499 = VERTEX_POINT('',#2500);
#2500 = CARTESIAN_POINT('',(-0.545,0.4,-2.775557561563E-17));
#2501 = LINE('',#2502,#2503);
#2502 = CARTESIAN_POINT('',(-0.8,0.4,0.));
#2503 = VECTOR('',#2504,1.);
#2504 = DIRECTION('',(1.,0.,0.));
#2505 = ORIENTED_EDGE('',*,*,#2449,.F.);
#2506 = ORIENTED_EDGE('',*,*,#2343,.T.);
#2507 = ORIENTED_EDGE('',*,*,#2482,.T.);
#2508 = ORIENTED_EDGE('',*,*,#2509,.T.);
#2509 = EDGE_CURVE('',#2475,#2510,#2512,.T.);
#2510 = VERTEX_POINT('',#2511);
#2511 = CARTESIAN_POINT('',(-0.545,0.4,0.45));
#2512 = LINE('',#2513,#2514);
#2513 = CARTESIAN_POINT('',(-0.8,0.4,0.45));
#2514 = VECTOR('',#2515,1.);
#2515 = DIRECTION('',(1.,0.,0.));
#2516 = ORIENTED_EDGE('',*,*,#2517,.F.);
#2517 = EDGE_CURVE('',#2518,#2510,#2520,.T.);
#2518 = VERTEX_POINT('',#2519);
#2519 = CARTESIAN_POINT('',(-0.5,0.4,0.405));
#2520 = CIRCLE('',#2521,4.5E-02);
#2521 = AXIS2_PLACEMENT_3D('',#2522,#2523,#2524);
#2522 = CARTESIAN_POINT('',(-0.545,0.4,0.405));
#2523 = DIRECTION('',(0.,-1.,0.));
#2524 = DIRECTION('',(0.,0.,1.));
#2525 = ORIENTED_EDGE('',*,*,#2526,.F.);
#2526 = EDGE_CURVE('',#2527,#2518,#2529,.T.);
#2527 = VERTEX_POINT('',#2528);
#2528 = CARTESIAN_POINT('',(-0.755,0.4,0.405));
#2529 = LINE('',#2530,#2531);
#2530 = CARTESIAN_POINT('',(-0.755,0.4,0.405));
#2531 = VECTOR('',#2532,1.);
#2532 = DIRECTION('',(1.,0.,0.));
#2533 = ORIENTED_EDGE('',*,*,#2534,.F.);
#2534 = EDGE_CURVE('',#2535,#2527,#2537,.T.);
#2535 = VERTEX_POINT('',#2536);
#2536 = CARTESIAN_POINT('',(-0.755,0.4,4.5E-02));
#2537 = LINE('',#2538,#2539);
#2538 = CARTESIAN_POINT('',(-0.755,0.4,4.5E-02));
#2539 = VECTOR('',#2540,1.);
#2540 = DIRECTION('',(0.,0.,1.));
#2541 = ORIENTED_EDGE('',*,*,#2542,.T.);
#2542 = EDGE_CURVE('',#2535,#2543,#2545,.T.);
#2543 = VERTEX_POINT('',#2544);
#2544 = CARTESIAN_POINT('',(-0.5,0.4,4.5E-02));
#2545 = LINE('',#2546,#2547);
#2546 = CARTESIAN_POINT('',(-0.755,0.4,4.5E-02));
#2547 = VECTOR('',#2548,1.);
#2548 = DIRECTION('',(1.,0.,0.));
#2549 = ORIENTED_EDGE('',*,*,#2550,.T.);
#2550 = EDGE_CURVE('',#2543,#2499,#2551,.T.);
#2551 = CIRCLE('',#2552,4.5E-02);
#2552 = AXIS2_PLACEMENT_3D('',#2553,#2554,#2555);
#2553 = CARTESIAN_POINT('',(-0.545,0.4,4.5E-02));
#2554 = DIRECTION('',(0.,1.,0.));
#2555 = DIRECTION('',(0.,-0.,1.));
#2556 = PLANE('',#2557);
#2557 = AXIS2_PLACEMENT_3D('',#2558,#2559,#2560);
#2558 = CARTESIAN_POINT('',(-0.8,0.4,0.));
#2559 = DIRECTION('',(0.,1.,0.));
#2560 = DIRECTION('',(0.,-0.,1.));
#2561 = ADVANCED_FACE('',(#2562),#2573,.F.);
#2562 = FACE_BOUND('',#2563,.F.);
#2563 = EDGE_LOOP('',(#2564,#2565,#2566,#2567));
#2564 = ORIENTED_EDGE('',*,*,#2498,.F.);
#2565 = ORIENTED_EDGE('',*,*,#2458,.F.);
#2566 = ORIENTED_EDGE('',*,*,#2365,.T.);
#2567 = ORIENTED_EDGE('',*,*,#2568,.T.);
#2568 = EDGE_CURVE('',#2368,#2499,#2569,.T.);
#2569 = LINE('',#2570,#2571);
#2570 = CARTESIAN_POINT('',(-0.545,-0.4,-2.775557561563E-17));
#2571 = VECTOR('',#2572,1.);
#2572 = DIRECTION('',(0.,1.,0.));
#2573 = PLANE('',#2574);
#2574 = AXIS2_PLACEMENT_3D('',#2575,#2576,#2577);
#2575 = CARTESIAN_POINT('',(-0.8,-0.4,0.));
#2576 = DIRECTION('',(0.,0.,1.));
#2577 = DIRECTION('',(1.,0.,-0.));
#2578 = ADVANCED_FACE('',(#2579),#2590,.T.);
#2579 = FACE_BOUND('',#2580,.T.);
#2580 = EDGE_LOOP('',(#2581,#2582,#2583,#2584));
#2581 = ORIENTED_EDGE('',*,*,#2433,.T.);
#2582 = ORIENTED_EDGE('',*,*,#2568,.T.);
#2583 = ORIENTED_EDGE('',*,*,#2550,.F.);
#2584 = ORIENTED_EDGE('',*,*,#2585,.F.);
#2585 = EDGE_CURVE('',#2426,#2543,#2586,.T.);
#2586 = LINE('',#2587,#2588);
#2587 = CARTESIAN_POINT('',(-0.5,-0.4,4.5E-02));
#2588 = VECTOR('',#2589,1.);
#2589 = DIRECTION('',(0.,1.,0.));
#2590 = CYLINDRICAL_SURFACE('',#2591,4.5E-02);
#2591 = AXIS2_PLACEMENT_3D('',#2592,#2593,#2594);
#2592 = CARTESIAN_POINT('',(-0.545,-0.4,4.5E-02));
#2593 = DIRECTION('',(0.,1.,0.));
#2594 = DIRECTION('',(1.,0.,0.));
#2595 = ADVANCED_FACE('',(#2596),#2639,.F.);
#2596 = FACE_BOUND('',#2597,.F.);
#2597 = EDGE_LOOP('',(#2598,#2599,#2600,#2601,#2609,#2617,#2625,#2633));
#2598 = ORIENTED_EDGE('',*,*,#2425,.F.);
#2599 = ORIENTED_EDGE('',*,*,#2417,.T.);
#2600 = ORIENTED_EDGE('',*,*,#2409,.T.);
#2601 = ORIENTED_EDGE('',*,*,#2602,.T.);
#2602 = EDGE_CURVE('',#2401,#2603,#2605,.T.);
#2603 = VERTEX_POINT('',#2604);
#2604 = CARTESIAN_POINT('',(0.5,-0.4,0.405));
#2605 = LINE('',#2606,#2607);
#2606 = CARTESIAN_POINT('',(-0.5,-0.4,0.405));
#2607 = VECTOR('',#2608,1.);
#2608 = DIRECTION('',(1.,0.,0.));
#2609 = ORIENTED_EDGE('',*,*,#2610,.T.);
#2610 = EDGE_CURVE('',#2603,#2611,#2613,.T.);
#2611 = VERTEX_POINT('',#2612);
#2612 = CARTESIAN_POINT('',(0.755,-0.4,0.405));
#2613 = LINE('',#2614,#2615);
#2614 = CARTESIAN_POINT('',(-0.755,-0.4,0.405));
#2615 = VECTOR('',#2616,1.);
#2616 = DIRECTION('',(1.,0.,0.));
#2617 = ORIENTED_EDGE('',*,*,#2618,.F.);
#2618 = EDGE_CURVE('',#2619,#2611,#2621,.T.);
#2619 = VERTEX_POINT('',#2620);
#2620 = CARTESIAN_POINT('',(0.755,-0.4,4.5E-02));
#2621 = LINE('',#2622,#2623);
#2622 = CARTESIAN_POINT('',(0.755,-0.4,4.5E-02));
#2623 = VECTOR('',#2624,1.);
#2624 = DIRECTION('',(0.,0.,1.));
#2625 = ORIENTED_EDGE('',*,*,#2626,.F.);
#2626 = EDGE_CURVE('',#2627,#2619,#2629,.T.);
#2627 = VERTEX_POINT('',#2628);
#2628 = CARTESIAN_POINT('',(0.5,-0.4,4.5E-02));
#2629 = LINE('',#2630,#2631);
#2630 = CARTESIAN_POINT('',(-0.755,-0.4,4.5E-02));
#2631 = VECTOR('',#2632,1.);
#2632 = DIRECTION('',(1.,0.,0.));
#2633 = ORIENTED_EDGE('',*,*,#2634,.F.);
#2634 = EDGE_CURVE('',#2426,#2627,#2635,.T.);
#2635 = LINE('',#2636,#2637);
#2636 = CARTESIAN_POINT('',(-0.755,-0.4,4.5E-02));
#2637 = VECTOR('',#2638,1.);
#2638 = DIRECTION('',(1.,0.,0.));
#2639 = PLANE('',#2640);
#2640 = AXIS2_PLACEMENT_3D('',#2641,#2642,#2643);
#2641 = CARTESIAN_POINT('',(-0.755,-0.4,4.5E-02));
#2642 = DIRECTION('',(0.,1.,0.));
#2643 = DIRECTION('',(0.,-0.,1.));
#2644 = ADVANCED_FACE('',(#2645),#2656,.T.);
#2645 = FACE_BOUND('',#2646,.T.);
#2646 = EDGE_LOOP('',(#2647,#2648,#2649,#2650));
#2647 = ORIENTED_EDGE('',*,*,#2509,.F.);
#2648 = ORIENTED_EDGE('',*,*,#2474,.F.);
#2649 = ORIENTED_EDGE('',*,*,#2392,.T.);
#2650 = ORIENTED_EDGE('',*,*,#2651,.T.);
#2651 = EDGE_CURVE('',#2393,#2510,#2652,.T.);
#2652 = LINE('',#2653,#2654);
#2653 = CARTESIAN_POINT('',(-0.545,-0.4,0.45));
#2654 = VECTOR('',#2655,1.);
#2655 = DIRECTION('',(0.,1.,0.));
#2656 = PLANE('',#2657);
#2657 = AXIS2_PLACEMENT_3D('',#2658,#2659,#2660);
#2658 = CARTESIAN_POINT('',(-0.8,-0.4,0.45));
#2659 = DIRECTION('',(0.,0.,1.));
#2660 = DIRECTION('',(1.,0.,-0.));
#2661 = ADVANCED_FACE('',(#2662),#2673,.T.);
#2662 = FACE_BOUND('',#2663,.T.);
#2663 = EDGE_LOOP('',(#2664,#2670,#2671,#2672));
#2664 = ORIENTED_EDGE('',*,*,#2665,.T.);
#2665 = EDGE_CURVE('',#2401,#2518,#2666,.T.);
#2666 = LINE('',#2667,#2668);
#2667 = CARTESIAN_POINT('',(-0.5,-0.4,0.405));
#2668 = VECTOR('',#2669,1.);
#2669 = DIRECTION('',(0.,1.,0.));
#2670 = ORIENTED_EDGE('',*,*,#2517,.T.);
#2671 = ORIENTED_EDGE('',*,*,#2651,.F.);
#2672 = ORIENTED_EDGE('',*,*,#2400,.F.);
#2673 = CYLINDRICAL_SURFACE('',#2674,4.5E-02);
#2674 = AXIS2_PLACEMENT_3D('',#2675,#2676,#2677);
#2675 = CARTESIAN_POINT('',(-0.545,-0.4,0.405));
#2676 = DIRECTION('',(0.,1.,0.));
#2677 = DIRECTION('',(1.,0.,0.));
#2678 = ADVANCED_FACE('',(#2679),#2722,.T.);
#2679 = FACE_BOUND('',#2680,.T.);
#2680 = EDGE_LOOP('',(#2681,#2682,#2683,#2684,#2692,#2700,#2708,#2716));
#2681 = ORIENTED_EDGE('',*,*,#2542,.F.);
#2682 = ORIENTED_EDGE('',*,*,#2534,.T.);
#2683 = ORIENTED_EDGE('',*,*,#2526,.T.);
#2684 = ORIENTED_EDGE('',*,*,#2685,.T.);
#2685 = EDGE_CURVE('',#2518,#2686,#2688,.T.);
#2686 = VERTEX_POINT('',#2687);
#2687 = CARTESIAN_POINT('',(0.5,0.4,0.405));
#2688 = LINE('',#2689,#2690);
#2689 = CARTESIAN_POINT('',(-0.5,0.4,0.405));
#2690 = VECTOR('',#2691,1.);
#2691 = DIRECTION('',(1.,0.,0.));
#2692 = ORIENTED_EDGE('',*,*,#2693,.T.);
#2693 = EDGE_CURVE('',#2686,#2694,#2696,.T.);
#2694 = VERTEX_POINT('',#2695);
#2695 = CARTESIAN_POINT('',(0.755,0.4,0.405));
#2696 = LINE('',#2697,#2698);
#2697 = CARTESIAN_POINT('',(-0.755,0.4,0.405));
#2698 = VECTOR('',#2699,1.);
#2699 = DIRECTION('',(1.,0.,0.));
#2700 = ORIENTED_EDGE('',*,*,#2701,.F.);
#2701 = EDGE_CURVE('',#2702,#2694,#2704,.T.);
#2702 = VERTEX_POINT('',#2703);
#2703 = CARTESIAN_POINT('',(0.755,0.4,4.5E-02));
#2704 = LINE('',#2705,#2706);
#2705 = CARTESIAN_POINT('',(0.755,0.4,4.5E-02));
#2706 = VECTOR('',#2707,1.);
#2707 = DIRECTION('',(0.,0.,1.));
#2708 = ORIENTED_EDGE('',*,*,#2709,.F.);
#2709 = EDGE_CURVE('',#2710,#2702,#2712,.T.);
#2710 = VERTEX_POINT('',#2711);
#2711 = CARTESIAN_POINT('',(0.5,0.4,4.5E-02));
#2712 = LINE('',#2713,#2714);
#2713 = CARTESIAN_POINT('',(-0.755,0.4,4.5E-02));
#2714 = VECTOR('',#2715,1.);
#2715 = DIRECTION('',(1.,0.,0.));
#2716 = ORIENTED_EDGE('',*,*,#2717,.F.);
#2717 = EDGE_CURVE('',#2543,#2710,#2718,.T.);
#2718 = LINE('',#2719,#2720);
#2719 = CARTESIAN_POINT('',(-0.755,0.4,4.5E-02));
#2720 = VECTOR('',#2721,1.);
#2721 = DIRECTION('',(1.,0.,0.));
#2722 = PLANE('',#2723);
#2723 = AXIS2_PLACEMENT_3D('',#2724,#2725,#2726);
#2724 = CARTESIAN_POINT('',(-0.755,0.4,4.5E-02));
#2725 = DIRECTION('',(0.,1.,0.));
#2726 = DIRECTION('',(0.,-0.,1.));
#2727 = ADVANCED_FACE('',(#2728),#2739,.F.);
#2728 = FACE_BOUND('',#2729,.F.);
#2729 = EDGE_LOOP('',(#2730,#2731,#2732,#2738));
#2730 = ORIENTED_EDGE('',*,*,#2585,.F.);
#2731 = ORIENTED_EDGE('',*,*,#2634,.T.);
#2732 = ORIENTED_EDGE('',*,*,#2733,.T.);
#2733 = EDGE_CURVE('',#2627,#2710,#2734,.T.);
#2734 = LINE('',#2735,#2736);
#2735 = CARTESIAN_POINT('',(0.5,-0.4,4.5E-02));
#2736 = VECTOR('',#2737,1.);
#2737 = DIRECTION('',(0.,1.,0.));
#2738 = ORIENTED_EDGE('',*,*,#2717,.F.);
#2739 = PLANE('',#2740);
#2740 = AXIS2_PLACEMENT_3D('',#2741,#2742,#2743);
#2741 = CARTESIAN_POINT('',(-0.755,-0.4,4.5E-02));
#2742 = DIRECTION('',(0.,0.,1.));
#2743 = DIRECTION('',(1.,0.,-0.));
#2744 = ADVANCED_FACE('',(#2745),#2808,.F.);
#2745 = FACE_BOUND('',#2746,.F.);
#2746 = EDGE_LOOP('',(#2747,#2757,#2764,#2765,#2766,#2767,#2776,#2784,
    #2793,#2801));
#2747 = ORIENTED_EDGE('',*,*,#2748,.F.);
#2748 = EDGE_CURVE('',#2749,#2751,#2753,.T.);
#2749 = VERTEX_POINT('',#2750);
#2750 = CARTESIAN_POINT('',(0.545,-0.4,-2.775557561563E-17));
#2751 = VERTEX_POINT('',#2752);
#2752 = CARTESIAN_POINT('',(0.755,-0.4,-2.775557561563E-17));
#2753 = LINE('',#2754,#2755);
#2754 = CARTESIAN_POINT('',(0.5,-0.4,0.));
#2755 = VECTOR('',#2756,1.);
#2756 = DIRECTION('',(1.,0.,0.));
#2757 = ORIENTED_EDGE('',*,*,#2758,.F.);
#2758 = EDGE_CURVE('',#2627,#2749,#2759,.T.);
#2759 = CIRCLE('',#2760,4.5E-02);
#2760 = AXIS2_PLACEMENT_3D('',#2761,#2762,#2763);
#2761 = CARTESIAN_POINT('',(0.545,-0.4,4.5E-02));
#2762 = DIRECTION('',(0.,-1.,0.));
#2763 = DIRECTION('',(0.,0.,1.));
#2764 = ORIENTED_EDGE('',*,*,#2626,.T.);
#2765 = ORIENTED_EDGE('',*,*,#2618,.T.);
#2766 = ORIENTED_EDGE('',*,*,#2610,.F.);
#2767 = ORIENTED_EDGE('',*,*,#2768,.T.);
#2768 = EDGE_CURVE('',#2603,#2769,#2771,.T.);
#2769 = VERTEX_POINT('',#2770);
#2770 = CARTESIAN_POINT('',(0.545,-0.4,0.45));
#2771 = CIRCLE('',#2772,4.5E-02);
#2772 = AXIS2_PLACEMENT_3D('',#2773,#2774,#2775);
#2773 = CARTESIAN_POINT('',(0.545,-0.4,0.405));
#2774 = DIRECTION('',(0.,1.,0.));
#2775 = DIRECTION('',(0.,-0.,1.));
#2776 = ORIENTED_EDGE('',*,*,#2777,.T.);
#2777 = EDGE_CURVE('',#2769,#2778,#2780,.T.);
#2778 = VERTEX_POINT('',#2779);
#2779 = CARTESIAN_POINT('',(0.755,-0.4,0.45));
#2780 = LINE('',#2781,#2782);
#2781 = CARTESIAN_POINT('',(0.5,-0.4,0.45));
#2782 = VECTOR('',#2783,1.);
#2783 = DIRECTION('',(1.,0.,0.));
#2784 = ORIENTED_EDGE('',*,*,#2785,.F.);
#2785 = EDGE_CURVE('',#2786,#2778,#2788,.T.);
#2786 = VERTEX_POINT('',#2787);
#2787 = CARTESIAN_POINT('',(0.8,-0.4,0.405));
#2788 = CIRCLE('',#2789,4.5E-02);
#2789 = AXIS2_PLACEMENT_3D('',#2790,#2791,#2792);
#2790 = CARTESIAN_POINT('',(0.755,-0.4,0.405));
#2791 = DIRECTION('',(0.,-1.,0.));
#2792 = DIRECTION('',(0.,0.,1.));
#2793 = ORIENTED_EDGE('',*,*,#2794,.F.);
#2794 = EDGE_CURVE('',#2795,#2786,#2797,.T.);
#2795 = VERTEX_POINT('',#2796);
#2796 = CARTESIAN_POINT('',(0.8,-0.4,4.5E-02));
#2797 = LINE('',#2798,#2799);
#2798 = CARTESIAN_POINT('',(0.8,-0.4,0.));
#2799 = VECTOR('',#2800,1.);
#2800 = DIRECTION('',(0.,0.,1.));
#2801 = ORIENTED_EDGE('',*,*,#2802,.T.);
#2802 = EDGE_CURVE('',#2795,#2751,#2803,.T.);
#2803 = CIRCLE('',#2804,4.5E-02);
#2804 = AXIS2_PLACEMENT_3D('',#2805,#2806,#2807);
#2805 = CARTESIAN_POINT('',(0.755,-0.4,4.5E-02));
#2806 = DIRECTION('',(0.,1.,0.));
#2807 = DIRECTION('',(0.,-0.,1.));
#2808 = PLANE('',#2809);
#2809 = AXIS2_PLACEMENT_3D('',#2810,#2811,#2812);
#2810 = CARTESIAN_POINT('',(0.5,-0.4,0.));
#2811 = DIRECTION('',(0.,1.,0.));
#2812 = DIRECTION('',(0.,-0.,1.));
#2813 = ADVANCED_FACE('',(#2814),#2839,.F.);
#2814 = FACE_BOUND('',#2815,.F.);
#2815 = EDGE_LOOP('',(#2816,#2817,#2825,#2833));
#2816 = ORIENTED_EDGE('',*,*,#2602,.F.);
#2817 = ORIENTED_EDGE('',*,*,#2818,.T.);
#2818 = EDGE_CURVE('',#2401,#2819,#2821,.T.);
#2819 = VERTEX_POINT('',#2820);
#2820 = CARTESIAN_POINT('',(-0.5,-0.4,0.45));
#2821 = LINE('',#2822,#2823);
#2822 = CARTESIAN_POINT('',(-0.5,-0.4,0.405));
#2823 = VECTOR('',#2824,1.);
#2824 = DIRECTION('',(0.,0.,1.));
#2825 = ORIENTED_EDGE('',*,*,#2826,.T.);
#2826 = EDGE_CURVE('',#2819,#2827,#2829,.T.);
#2827 = VERTEX_POINT('',#2828);
#2828 = CARTESIAN_POINT('',(0.5,-0.4,0.45));
#2829 = LINE('',#2830,#2831);
#2830 = CARTESIAN_POINT('',(-0.5,-0.4,0.45));
#2831 = VECTOR('',#2832,1.);
#2832 = DIRECTION('',(1.,0.,0.));
#2833 = ORIENTED_EDGE('',*,*,#2834,.F.);
#2834 = EDGE_CURVE('',#2603,#2827,#2835,.T.);
#2835 = LINE('',#2836,#2837);
#2836 = CARTESIAN_POINT('',(0.5,-0.4,0.405));
#2837 = VECTOR('',#2838,1.);
#2838 = DIRECTION('',(0.,0.,1.));
#2839 = PLANE('',#2840);
#2840 = AXIS2_PLACEMENT_3D('',#2841,#2842,#2843);
#2841 = CARTESIAN_POINT('',(-0.5,-0.4,0.405));
#2842 = DIRECTION('',(0.,1.,0.));
#2843 = DIRECTION('',(0.,-0.,1.));
#2844 = ADVANCED_FACE('',(#2845),#2863,.F.);
#2845 = FACE_BOUND('',#2846,.F.);
#2846 = EDGE_LOOP('',(#2847,#2848,#2849,#2857));
#2847 = ORIENTED_EDGE('',*,*,#2818,.F.);
#2848 = ORIENTED_EDGE('',*,*,#2665,.T.);
#2849 = ORIENTED_EDGE('',*,*,#2850,.T.);
#2850 = EDGE_CURVE('',#2518,#2851,#2853,.T.);
#2851 = VERTEX_POINT('',#2852);
#2852 = CARTESIAN_POINT('',(-0.5,0.4,0.45));
#2853 = LINE('',#2854,#2855);
#2854 = CARTESIAN_POINT('',(-0.5,0.4,0.405));
#2855 = VECTOR('',#2856,1.);
#2856 = DIRECTION('',(0.,0.,1.));
#2857 = ORIENTED_EDGE('',*,*,#2858,.F.);
#2858 = EDGE_CURVE('',#2819,#2851,#2859,.T.);
#2859 = LINE('',#2860,#2861);
#2860 = CARTESIAN_POINT('',(-0.5,-0.4,0.45));
#2861 = VECTOR('',#2862,1.);
#2862 = DIRECTION('',(0.,1.,0.));
#2863 = PLANE('',#2864);
#2864 = AXIS2_PLACEMENT_3D('',#2865,#2866,#2867);
#2865 = CARTESIAN_POINT('',(-0.5,-0.4,0.405));
#2866 = DIRECTION('',(1.,0.,0.));
#2867 = DIRECTION('',(0.,0.,1.));
#2868 = ADVANCED_FACE('',(#2869),#2932,.T.);
#2869 = FACE_BOUND('',#2870,.T.);
#2870 = EDGE_LOOP('',(#2871,#2881,#2888,#2889,#2890,#2891,#2900,#2908,
    #2917,#2925));
#2871 = ORIENTED_EDGE('',*,*,#2872,.F.);
#2872 = EDGE_CURVE('',#2873,#2875,#2877,.T.);
#2873 = VERTEX_POINT('',#2874);
#2874 = CARTESIAN_POINT('',(0.545,0.4,-2.775557561563E-17));
#2875 = VERTEX_POINT('',#2876);
#2876 = CARTESIAN_POINT('',(0.755,0.4,-2.775557561563E-17));
#2877 = LINE('',#2878,#2879);
#2878 = CARTESIAN_POINT('',(0.5,0.4,0.));
#2879 = VECTOR('',#2880,1.);
#2880 = DIRECTION('',(1.,0.,0.));
#2881 = ORIENTED_EDGE('',*,*,#2882,.F.);
#2882 = EDGE_CURVE('',#2710,#2873,#2883,.T.);
#2883 = CIRCLE('',#2884,4.5E-02);
#2884 = AXIS2_PLACEMENT_3D('',#2885,#2886,#2887);
#2885 = CARTESIAN_POINT('',(0.545,0.4,4.5E-02));
#2886 = DIRECTION('',(0.,-1.,0.));
#2887 = DIRECTION('',(0.,0.,1.));
#2888 = ORIENTED_EDGE('',*,*,#2709,.T.);
#2889 = ORIENTED_EDGE('',*,*,#2701,.T.);
#2890 = ORIENTED_EDGE('',*,*,#2693,.F.);
#2891 = ORIENTED_EDGE('',*,*,#2892,.T.);
#2892 = EDGE_CURVE('',#2686,#2893,#2895,.T.);
#2893 = VERTEX_POINT('',#2894);
#2894 = CARTESIAN_POINT('',(0.545,0.4,0.45));
#2895 = CIRCLE('',#2896,4.5E-02);
#2896 = AXIS2_PLACEMENT_3D('',#2897,#2898,#2899);
#2897 = CARTESIAN_POINT('',(0.545,0.4,0.405));
#2898 = DIRECTION('',(0.,1.,0.));
#2899 = DIRECTION('',(0.,-0.,1.));
#2900 = ORIENTED_EDGE('',*,*,#2901,.T.);
#2901 = EDGE_CURVE('',#2893,#2902,#2904,.T.);
#2902 = VERTEX_POINT('',#2903);
#2903 = CARTESIAN_POINT('',(0.755,0.4,0.45));
#2904 = LINE('',#2905,#2906);
#2905 = CARTESIAN_POINT('',(0.5,0.4,0.45));
#2906 = VECTOR('',#2907,1.);
#2907 = DIRECTION('',(1.,0.,0.));
#2908 = ORIENTED_EDGE('',*,*,#2909,.F.);
#2909 = EDGE_CURVE('',#2910,#2902,#2912,.T.);
#2910 = VERTEX_POINT('',#2911);
#2911 = CARTESIAN_POINT('',(0.8,0.4,0.405));
#2912 = CIRCLE('',#2913,4.5E-02);
#2913 = AXIS2_PLACEMENT_3D('',#2914,#2915,#2916);
#2914 = CARTESIAN_POINT('',(0.755,0.4,0.405));
#2915 = DIRECTION('',(0.,-1.,0.));
#2916 = DIRECTION('',(0.,0.,1.));
#2917 = ORIENTED_EDGE('',*,*,#2918,.F.);
#2918 = EDGE_CURVE('',#2919,#2910,#2921,.T.);
#2919 = VERTEX_POINT('',#2920);
#2920 = CARTESIAN_POINT('',(0.8,0.4,4.5E-02));
#2921 = LINE('',#2922,#2923);
#2922 = CARTESIAN_POINT('',(0.8,0.4,0.));
#2923 = VECTOR('',#2924,1.);
#2924 = DIRECTION('',(0.,0.,1.));
#2925 = ORIENTED_EDGE('',*,*,#2926,.T.);
#2926 = EDGE_CURVE('',#2919,#2875,#2927,.T.);
#2927 = CIRCLE('',#2928,4.5E-02);
#2928 = AXIS2_PLACEMENT_3D('',#2929,#2930,#2931);
#2929 = CARTESIAN_POINT('',(0.755,0.4,4.5E-02));
#2930 = DIRECTION('',(0.,1.,0.));
#2931 = DIRECTION('',(0.,-0.,1.));
#2932 = PLANE('',#2933);
#2933 = AXIS2_PLACEMENT_3D('',#2934,#2935,#2936);
#2934 = CARTESIAN_POINT('',(0.5,0.4,0.));
#2935 = DIRECTION('',(0.,1.,0.));
#2936 = DIRECTION('',(0.,-0.,1.));
#2937 = ADVANCED_FACE('',(#2938),#2956,.T.);
#2938 = FACE_BOUND('',#2939,.T.);
#2939 = EDGE_LOOP('',(#2940,#2941,#2942,#2950));
#2940 = ORIENTED_EDGE('',*,*,#2685,.F.);
#2941 = ORIENTED_EDGE('',*,*,#2850,.T.);
#2942 = ORIENTED_EDGE('',*,*,#2943,.T.);
#2943 = EDGE_CURVE('',#2851,#2944,#2946,.T.);
#2944 = VERTEX_POINT('',#2945);
#2945 = CARTESIAN_POINT('',(0.5,0.4,0.45));
#2946 = LINE('',#2947,#2948);
#2947 = CARTESIAN_POINT('',(-0.5,0.4,0.45));
#2948 = VECTOR('',#2949,1.);
#2949 = DIRECTION('',(1.,0.,0.));
#2950 = ORIENTED_EDGE('',*,*,#2951,.F.);
#2951 = EDGE_CURVE('',#2686,#2944,#2952,.T.);
#2952 = LINE('',#2953,#2954);
#2953 = CARTESIAN_POINT('',(0.5,0.4,0.405));
#2954 = VECTOR('',#2955,1.);
#2955 = DIRECTION('',(0.,0.,1.));
#2956 = PLANE('',#2957);
#2957 = AXIS2_PLACEMENT_3D('',#2958,#2959,#2960);
#2958 = CARTESIAN_POINT('',(-0.5,0.4,0.405));
#2959 = DIRECTION('',(0.,1.,0.));
#2960 = DIRECTION('',(0.,-0.,1.));
#2961 = ADVANCED_FACE('',(#2962),#2973,.T.);
#2962 = FACE_BOUND('',#2963,.T.);
#2963 = EDGE_LOOP('',(#2964,#2965,#2966,#2972));
#2964 = ORIENTED_EDGE('',*,*,#2733,.T.);
#2965 = ORIENTED_EDGE('',*,*,#2882,.T.);
#2966 = ORIENTED_EDGE('',*,*,#2967,.F.);
#2967 = EDGE_CURVE('',#2749,#2873,#2968,.T.);
#2968 = LINE('',#2969,#2970);
#2969 = CARTESIAN_POINT('',(0.545,-0.4,-2.775557561563E-17));
#2970 = VECTOR('',#2971,1.);
#2971 = DIRECTION('',(0.,1.,0.));
#2972 = ORIENTED_EDGE('',*,*,#2758,.F.);
#2973 = CYLINDRICAL_SURFACE('',#2974,4.5E-02);
#2974 = AXIS2_PLACEMENT_3D('',#2975,#2976,#2977);
#2975 = CARTESIAN_POINT('',(0.545,-0.4,4.5E-02));
#2976 = DIRECTION('',(0.,1.,0.));
#2977 = DIRECTION('',(-1.,0.,0.));
#2978 = ADVANCED_FACE('',(#2979),#2990,.F.);
#2979 = FACE_BOUND('',#2980,.F.);
#2980 = EDGE_LOOP('',(#2981,#2982,#2983,#2984));
#2981 = ORIENTED_EDGE('',*,*,#2872,.F.);
#2982 = ORIENTED_EDGE('',*,*,#2967,.F.);
#2983 = ORIENTED_EDGE('',*,*,#2748,.T.);
#2984 = ORIENTED_EDGE('',*,*,#2985,.T.);
#2985 = EDGE_CURVE('',#2751,#2875,#2986,.T.);
#2986 = LINE('',#2987,#2988);
#2987 = CARTESIAN_POINT('',(0.755,-0.4,-2.775557561563E-17));
#2988 = VECTOR('',#2989,1.);
#2989 = DIRECTION('',(0.,1.,0.));
#2990 = PLANE('',#2991);
#2991 = AXIS2_PLACEMENT_3D('',#2992,#2993,#2994);
#2992 = CARTESIAN_POINT('',(0.5,-0.4,0.));
#2993 = DIRECTION('',(0.,0.,1.));
#2994 = DIRECTION('',(1.,0.,-0.));
#2995 = ADVANCED_FACE('',(#2996),#3007,.T.);
#2996 = FACE_BOUND('',#2997,.T.);
#2997 = EDGE_LOOP('',(#2998,#2999,#3000,#3001));
#2998 = ORIENTED_EDGE('',*,*,#2802,.T.);
#2999 = ORIENTED_EDGE('',*,*,#2985,.T.);
#3000 = ORIENTED_EDGE('',*,*,#2926,.F.);
#3001 = ORIENTED_EDGE('',*,*,#3002,.F.);
#3002 = EDGE_CURVE('',#2795,#2919,#3003,.T.);
#3003 = LINE('',#3004,#3005);
#3004 = CARTESIAN_POINT('',(0.8,-0.4,4.5E-02));
#3005 = VECTOR('',#3006,1.);
#3006 = DIRECTION('',(0.,1.,0.));
#3007 = CYLINDRICAL_SURFACE('',#3008,4.5E-02);
#3008 = AXIS2_PLACEMENT_3D('',#3009,#3010,#3011);
#3009 = CARTESIAN_POINT('',(0.755,-0.4,4.5E-02));
#3010 = DIRECTION('',(0.,1.,0.));
#3011 = DIRECTION('',(1.,0.,0.));
#3012 = ADVANCED_FACE('',(#3013),#3024,.T.);
#3013 = FACE_BOUND('',#3014,.T.);
#3014 = EDGE_LOOP('',(#3015,#3016,#3017,#3018));
#3015 = ORIENTED_EDGE('',*,*,#2794,.F.);
#3016 = ORIENTED_EDGE('',*,*,#3002,.T.);
#3017 = ORIENTED_EDGE('',*,*,#2918,.T.);
#3018 = ORIENTED_EDGE('',*,*,#3019,.F.);
#3019 = EDGE_CURVE('',#2786,#2910,#3020,.T.);
#3020 = LINE('',#3021,#3022);
#3021 = CARTESIAN_POINT('',(0.8,-0.4,0.405));
#3022 = VECTOR('',#3023,1.);
#3023 = DIRECTION('',(0.,1.,0.));
#3024 = PLANE('',#3025);
#3025 = AXIS2_PLACEMENT_3D('',#3026,#3027,#3028);
#3026 = CARTESIAN_POINT('',(0.8,-0.4,0.));
#3027 = DIRECTION('',(1.,0.,0.));
#3028 = DIRECTION('',(0.,0.,1.));
#3029 = ADVANCED_FACE('',(#3030),#3041,.T.);
#3030 = FACE_BOUND('',#3031,.T.);
#3031 = EDGE_LOOP('',(#3032,#3033,#3034,#3040));
#3032 = ORIENTED_EDGE('',*,*,#3019,.T.);
#3033 = ORIENTED_EDGE('',*,*,#2909,.T.);
#3034 = ORIENTED_EDGE('',*,*,#3035,.F.);
#3035 = EDGE_CURVE('',#2778,#2902,#3036,.T.);
#3036 = LINE('',#3037,#3038);
#3037 = CARTESIAN_POINT('',(0.755,-0.4,0.45));
#3038 = VECTOR('',#3039,1.);
#3039 = DIRECTION('',(0.,1.,0.));
#3040 = ORIENTED_EDGE('',*,*,#2785,.F.);
#3041 = CYLINDRICAL_SURFACE('',#3042,4.5E-02);
#3042 = AXIS2_PLACEMENT_3D('',#3043,#3044,#3045);
#3043 = CARTESIAN_POINT('',(0.755,-0.4,0.405));
#3044 = DIRECTION('',(0.,1.,0.));
#3045 = DIRECTION('',(1.,0.,0.));
#3046 = ADVANCED_FACE('',(#3047),#3058,.T.);
#3047 = FACE_BOUND('',#3048,.T.);
#3048 = EDGE_LOOP('',(#3049,#3050,#3056,#3057));
#3049 = ORIENTED_EDGE('',*,*,#2901,.F.);
#3050 = ORIENTED_EDGE('',*,*,#3051,.F.);
#3051 = EDGE_CURVE('',#2769,#2893,#3052,.T.);
#3052 = LINE('',#3053,#3054);
#3053 = CARTESIAN_POINT('',(0.545,-0.4,0.45));
#3054 = VECTOR('',#3055,1.);
#3055 = DIRECTION('',(0.,1.,0.));
#3056 = ORIENTED_EDGE('',*,*,#2777,.T.);
#3057 = ORIENTED_EDGE('',*,*,#3035,.T.);
#3058 = PLANE('',#3059);
#3059 = AXIS2_PLACEMENT_3D('',#3060,#3061,#3062);
#3060 = CARTESIAN_POINT('',(0.5,-0.4,0.45));
#3061 = DIRECTION('',(0.,0.,1.));
#3062 = DIRECTION('',(1.,0.,-0.));
#3063 = ADVANCED_FACE('',(#3064),#3075,.T.);
#3064 = FACE_BOUND('',#3065,.T.);
#3065 = EDGE_LOOP('',(#3066,#3067,#3068,#3069));
#3066 = ORIENTED_EDGE('',*,*,#2768,.T.);
#3067 = ORIENTED_EDGE('',*,*,#3051,.T.);
#3068 = ORIENTED_EDGE('',*,*,#2892,.F.);
#3069 = ORIENTED_EDGE('',*,*,#3070,.F.);
#3070 = EDGE_CURVE('',#2603,#2686,#3071,.T.);
#3071 = LINE('',#3072,#3073);
#3072 = CARTESIAN_POINT('',(0.5,-0.4,0.405));
#3073 = VECTOR('',#3074,1.);
#3074 = DIRECTION('',(0.,1.,0.));
#3075 = CYLINDRICAL_SURFACE('',#3076,4.5E-02);
#3076 = AXIS2_PLACEMENT_3D('',#3077,#3078,#3079);
#3077 = CARTESIAN_POINT('',(0.545,-0.4,0.405));
#3078 = DIRECTION('',(0.,1.,0.));
#3079 = DIRECTION('',(-1.,0.,0.));
#3080 = ADVANCED_FACE('',(#3081),#3092,.T.);
#3081 = FACE_BOUND('',#3082,.T.);
#3082 = EDGE_LOOP('',(#3083,#3084,#3085,#3086));
#3083 = ORIENTED_EDGE('',*,*,#2834,.F.);
#3084 = ORIENTED_EDGE('',*,*,#3070,.T.);
#3085 = ORIENTED_EDGE('',*,*,#2951,.T.);
#3086 = ORIENTED_EDGE('',*,*,#3087,.F.);
#3087 = EDGE_CURVE('',#2827,#2944,#3088,.T.);
#3088 = LINE('',#3089,#3090);
#3089 = CARTESIAN_POINT('',(0.5,-0.4,0.45));
#3090 = VECTOR('',#3091,1.);
#3091 = DIRECTION('',(0.,1.,0.));
#3092 = PLANE('',#3093);
#3093 = AXIS2_PLACEMENT_3D('',#3094,#3095,#3096);
#3094 = CARTESIAN_POINT('',(0.5,-0.4,0.405));
#3095 = DIRECTION('',(1.,0.,0.));
#3096 = DIRECTION('',(0.,0.,1.));
#3097 = ADVANCED_FACE('',(#3098),#3104,.T.);
#3098 = FACE_BOUND('',#3099,.T.);
#3099 = EDGE_LOOP('',(#3100,#3101,#3102,#3103));
#3100 = ORIENTED_EDGE('',*,*,#2858,.F.);
#3101 = ORIENTED_EDGE('',*,*,#2826,.T.);
#3102 = ORIENTED_EDGE('',*,*,#3087,.T.);
#3103 = ORIENTED_EDGE('',*,*,#2943,.F.);
#3104 = PLANE('',#3105);
#3105 = AXIS2_PLACEMENT_3D('',#3106,#3107,#3108);
#3106 = CARTESIAN_POINT('',(-0.5,-0.4,0.45));
#3107 = DIRECTION('',(0.,0.,1.));
#3108 = DIRECTION('',(1.,0.,-0.));
#3109 = ( GEOMETRIC_REPRESENTATION_CONTEXT(3) 
GLOBAL_UNCERTAINTY_ASSIGNED_CONTEXT((#3113)) 
GLOBAL_UNIT_ASSIGNED_CONTEXT((#3110,#3111,#3112)) REPRESENTATION_CONTEXT
('Context #1','3D Context with UNIT and UNCERTAINTY') );
#3110 = ( LENGTH_UNIT() NAMED_UNIT(*) SI_UNIT(.MILLI.,.METRE.) );
#3111 = ( NAMED_UNIT(*) PLANE_ANGLE_UNIT() SI_UNIT($,.RADIAN.) );
#3112 = ( NAMED_UNIT(*) SI_UNIT($,.STERADIAN.) SOLID_ANGLE_UNIT() );
#3113 = UNCERTAINTY_MEASURE_WITH_UNIT(LENGTH_MEASURE(1.E-07),#3110,
  'distance_accuracy_value','confusion accuracy');
#3114 = CONTEXT_DEPENDENT_SHAPE_REPRESENTATION(#3115,#3117);
#3115 = ( REPRESENTATION_RELATIONSHIP('','',#2318,#10) 
REPRESENTATION_RELATIONSHIP_WITH_TRANSFORMATION(#3116) 
SHAPE_REPRESENTATION_RELATIONSHIP() );
#3116 = ITEM_DEFINED_TRANSFORMATION('','',#11,#27);
#3117 = PRODUCT_DEFINITION_SHAPE('Placement','Placement of an item',
  #3118);
#3118 = NEXT_ASSEMBLY_USAGE_OCCURRENCE('4','R11','',#5,#2313,$);
#3119 = PRODUCT_RELATED_PRODUCT_CATEGORY('part',$,(#2315));
#3120 = SHAPE_DEFINITION_REPRESENTATION(#3121,#3127);
#3121 = PRODUCT_DEFINITION_SHAPE('','',#3122);
#3122 = PRODUCT_DEFINITION('design','',#3123,#3126);
#3123 = PRODUCT_DEFINITION_FORMATION('','',#3124);
#3124 = PRODUCT('D_DO-41_SOD81_P10.16mm_Horizontal',
  'D_DO-41_SOD81_P10.16mm_Horizontal','',(#3125));
#3125 = PRODUCT_CONTEXT('',#2,'mechanical');
#3126 = PRODUCT_DEFINITION_CONTEXT('part definition',#2,'design');
#3127 = ADVANCED_BREP_SHAPE_REPRESENTATION('',(#11,#3128),#3463);
#3128 = MANIFOLD_SOLID_BREP('',#3129);
#3129 = CLOSED_SHELL('',(#3130,#3163,#3183,#3203,#3228,#3253,#3273,#3293
    ,#3318,#3343,#3369,#3395,#3420,#3445,#3454));
#3130 = ADVANCED_FACE('',(#3131),#3158,.T.);
#3131 = FACE_BOUND('',#3132,.T.);
#3132 = EDGE_LOOP('',(#3133,#3142,#3150,#3157));
#3133 = ORIENTED_EDGE('',*,*,#3134,.T.);
#3134 = EDGE_CURVE('',#3135,#3135,#3137,.T.);
#3135 = VERTEX_POINT('',#3136);
#3136 = CARTESIAN_POINT('',(3.26,2.138289545428E-15,3.21));
#3137 = CIRCLE('',#3138,1.36);
#3138 = AXIS2_PLACEMENT_3D('',#3139,#3140,#3141);
#3139 = CARTESIAN_POINT('',(3.26,8.215650382226E-16,1.85));
#3140 = DIRECTION('',(1.,0.,-0.));
#3141 = DIRECTION('',(0.,9.681797847099E-16,1.));
#3142 = ORIENTED_EDGE('',*,*,#3143,.T.);
#3143 = EDGE_CURVE('',#3135,#3144,#3146,.T.);
#3144 = VERTEX_POINT('',#3145);
#3145 = CARTESIAN_POINT('',(4.56,2.138289545428E-15,3.21));
#3146 = LINE('',#3147,#3148);
#3147 = CARTESIAN_POINT('',(3.26,2.138289545428E-15,3.21));
#3148 = VECTOR('',#3149,1.);
#3149 = DIRECTION('',(1.,0.,0.));
#3150 = ORIENTED_EDGE('',*,*,#3151,.F.);
#3151 = EDGE_CURVE('',#3144,#3144,#3152,.T.);
#3152 = CIRCLE('',#3153,1.36);
#3153 = AXIS2_PLACEMENT_3D('',#3154,#3155,#3156);
#3154 = CARTESIAN_POINT('',(4.56,8.215650382226E-16,1.85));
#3155 = DIRECTION('',(1.,0.,-0.));
#3156 = DIRECTION('',(0.,9.681797847099E-16,1.));
#3157 = ORIENTED_EDGE('',*,*,#3143,.F.);
#3158 = CYLINDRICAL_SURFACE('',#3159,1.36);
#3159 = AXIS2_PLACEMENT_3D('',#3160,#3161,#3162);
#3160 = CARTESIAN_POINT('',(3.26,8.215650382226E-16,1.85));
#3161 = DIRECTION('',(1.,0.,0.));
#3162 = DIRECTION('',(-0.,9.681797847099E-16,1.));
#3163 = ADVANCED_FACE('',(#3164,#3167),#3178,.F.);
#3164 = FACE_BOUND('',#3165,.T.);
#3165 = EDGE_LOOP('',(#3166));
#3166 = ORIENTED_EDGE('',*,*,#3134,.F.);
#3167 = FACE_BOUND('',#3168,.T.);
#3168 = EDGE_LOOP('',(#3169));
#3169 = ORIENTED_EDGE('',*,*,#3170,.T.);
#3170 = EDGE_CURVE('',#3171,#3171,#3173,.T.);
#3171 = VERTEX_POINT('',#3172);
#3172 = CARTESIAN_POINT('',(3.26,2.13162820728E-15,3.2));
#3173 = CIRCLE('',#3174,1.35);
#3174 = AXIS2_PLACEMENT_3D('',#3175,#3176,#3177);
#3175 = CARTESIAN_POINT('',(3.26,8.215650382226E-16,1.85));
#3176 = DIRECTION('',(1.,0.,-0.));
#3177 = DIRECTION('',(0.,9.70417162265E-16,1.));
#3178 = PLANE('',#3179);
#3179 = AXIS2_PLACEMENT_3D('',#3180,#3181,#3182);
#3180 = CARTESIAN_POINT('',(3.26,8.215650382226E-16,1.85));
#3181 = DIRECTION('',(1.,0.,0.));
#3182 = DIRECTION('',(-0.,9.726879335149E-16,1.));
#3183 = ADVANCED_FACE('',(#3184,#3187),#3198,.T.);
#3184 = FACE_BOUND('',#3185,.T.);
#3185 = EDGE_LOOP('',(#3186));
#3186 = ORIENTED_EDGE('',*,*,#3151,.T.);
#3187 = FACE_BOUND('',#3188,.T.);
#3188 = EDGE_LOOP('',(#3189));
#3189 = ORIENTED_EDGE('',*,*,#3190,.F.);
#3190 = EDGE_CURVE('',#3191,#3191,#3193,.T.);
#3191 = VERTEX_POINT('',#3192);
#3192 = CARTESIAN_POINT('',(4.56,2.13162820728E-15,3.2));
#3193 = CIRCLE('',#3194,1.35);
#3194 = AXIS2_PLACEMENT_3D('',#3195,#3196,#3197);
#3195 = CARTESIAN_POINT('',(4.56,8.215650382226E-16,1.85));
#3196 = DIRECTION('',(1.,0.,-0.));
#3197 = DIRECTION('',(0.,9.70417162265E-16,1.));
#3198 = PLANE('',#3199);
#3199 = AXIS2_PLACEMENT_3D('',#3200,#3201,#3202);
#3200 = CARTESIAN_POINT('',(4.56,8.215650382226E-16,1.85));
#3201 = DIRECTION('',(1.,0.,0.));
#3202 = DIRECTION('',(-0.,9.681797847099E-16,1.));
#3203 = ADVANCED_FACE('',(#3204),#3223,.T.);
#3204 = FACE_BOUND('',#3205,.T.);
#3205 = EDGE_LOOP('',(#3206,#3214,#3221,#3222));
#3206 = ORIENTED_EDGE('',*,*,#3207,.F.);
#3207 = EDGE_CURVE('',#3208,#3171,#3210,.T.);
#3208 = VERTEX_POINT('',#3209);
#3209 = CARTESIAN_POINT('',(2.48,2.13162820728E-15,3.2));
#3210 = LINE('',#3211,#3212);
#3211 = CARTESIAN_POINT('',(2.48,2.13162820728E-15,3.2));
#3212 = VECTOR('',#3213,1.);
#3213 = DIRECTION('',(1.,0.,0.));
#3214 = ORIENTED_EDGE('',*,*,#3215,.T.);
#3215 = EDGE_CURVE('',#3208,#3208,#3216,.T.);
#3216 = CIRCLE('',#3217,1.35);
#3217 = AXIS2_PLACEMENT_3D('',#3218,#3219,#3220);
#3218 = CARTESIAN_POINT('',(2.48,8.215650382226E-16,1.85));
#3219 = DIRECTION('',(1.,0.,-0.));
#3220 = DIRECTION('',(0.,9.70417162265E-16,1.));
#3221 = ORIENTED_EDGE('',*,*,#3207,.T.);
#3222 = ORIENTED_EDGE('',*,*,#3170,.F.);
#3223 = CYLINDRICAL_SURFACE('',#3224,1.35);
#3224 = AXIS2_PLACEMENT_3D('',#3225,#3226,#3227);
#3225 = CARTESIAN_POINT('',(2.48,8.215650382226E-16,1.85));
#3226 = DIRECTION('',(1.,0.,0.));
#3227 = DIRECTION('',(-0.,9.70417162265E-16,1.));
#3228 = ADVANCED_FACE('',(#3229),#3248,.T.);
#3229 = FACE_BOUND('',#3230,.T.);
#3230 = EDGE_LOOP('',(#3231,#3232,#3240,#3247));
#3231 = ORIENTED_EDGE('',*,*,#3190,.T.);
#3232 = ORIENTED_EDGE('',*,*,#3233,.T.);
#3233 = EDGE_CURVE('',#3191,#3234,#3236,.T.);
#3234 = VERTEX_POINT('',#3235);
#3235 = CARTESIAN_POINT('',(7.68,2.13162820728E-15,3.2));
#3236 = LINE('',#3237,#3238);
#3237 = CARTESIAN_POINT('',(2.48,2.13162820728E-15,3.2));
#3238 = VECTOR('',#3239,1.);
#3239 = DIRECTION('',(1.,0.,0.));
#3240 = ORIENTED_EDGE('',*,*,#3241,.F.);
#3241 = EDGE_CURVE('',#3234,#3234,#3242,.T.);
#3242 = CIRCLE('',#3243,1.35);
#3243 = AXIS2_PLACEMENT_3D('',#3244,#3245,#3246);
#3244 = CARTESIAN_POINT('',(7.68,8.215650382226E-16,1.85));
#3245 = DIRECTION('',(1.,0.,-0.));
#3246 = DIRECTION('',(0.,9.70417162265E-16,1.));
#3247 = ORIENTED_EDGE('',*,*,#3233,.F.);
#3248 = CYLINDRICAL_SURFACE('',#3249,1.35);
#3249 = AXIS2_PLACEMENT_3D('',#3250,#3251,#3252);
#3250 = CARTESIAN_POINT('',(2.48,8.215650382226E-16,1.85));
#3251 = DIRECTION('',(1.,0.,0.));
#3252 = DIRECTION('',(-0.,9.70417162265E-16,1.));
#3253 = ADVANCED_FACE('',(#3254,#3257),#3268,.F.);
#3254 = FACE_BOUND('',#3255,.T.);
#3255 = EDGE_LOOP('',(#3256));
#3256 = ORIENTED_EDGE('',*,*,#3215,.F.);
#3257 = FACE_BOUND('',#3258,.T.);
#3258 = EDGE_LOOP('',(#3259));
#3259 = ORIENTED_EDGE('',*,*,#3260,.T.);
#3260 = EDGE_CURVE('',#3261,#3261,#3263,.T.);
#3261 = VERTEX_POINT('',#3262);
#3262 = CARTESIAN_POINT('',(2.48,7.660538869914E-16,1.45));
#3263 = CIRCLE('',#3264,0.4);
#3264 = AXIS2_PLACEMENT_3D('',#3265,#3266,#3267);
#3265 = CARTESIAN_POINT('',(2.48,8.548717289614E-16,1.85));
#3266 = DIRECTION('',(1.,0.,0.));
#3267 = DIRECTION('',(0.,-2.22044604925E-16,-1.));
#3268 = PLANE('',#3269);
#3269 = AXIS2_PLACEMENT_3D('',#3270,#3271,#3272);
#3270 = CARTESIAN_POINT('',(2.48,8.215650382226E-16,1.85));
#3271 = DIRECTION('',(1.,0.,0.));
#3272 = DIRECTION('',(-0.,9.70417162265E-16,1.));
#3273 = ADVANCED_FACE('',(#3274,#3277),#3288,.T.);
#3274 = FACE_BOUND('',#3275,.F.);
#3275 = EDGE_LOOP('',(#3276));
#3276 = ORIENTED_EDGE('',*,*,#3241,.F.);
#3277 = FACE_BOUND('',#3278,.F.);
#3278 = EDGE_LOOP('',(#3279));
#3279 = ORIENTED_EDGE('',*,*,#3280,.T.);
#3280 = EDGE_CURVE('',#3281,#3281,#3283,.T.);
#3281 = VERTEX_POINT('',#3282);
#3282 = CARTESIAN_POINT('',(7.68,7.660538869914E-16,1.45));
#3283 = CIRCLE('',#3284,0.4);
#3284 = AXIS2_PLACEMENT_3D('',#3285,#3286,#3287);
#3285 = CARTESIAN_POINT('',(7.68,8.548717289614E-16,1.85));
#3286 = DIRECTION('',(1.,0.,0.));
#3287 = DIRECTION('',(0.,-2.22044604925E-16,-1.));
#3288 = PLANE('',#3289);
#3289 = AXIS2_PLACEMENT_3D('',#3290,#3291,#3292);
#3290 = CARTESIAN_POINT('',(7.68,8.215650382226E-16,1.85));
#3291 = DIRECTION('',(1.,0.,0.));
#3292 = DIRECTION('',(-0.,9.70417162265E-16,1.));
#3293 = ADVANCED_FACE('',(#3294),#3313,.T.);
#3294 = FACE_BOUND('',#3295,.T.);
#3295 = EDGE_LOOP('',(#3296,#3305,#3311,#3312));
#3296 = ORIENTED_EDGE('',*,*,#3297,.F.);
#3297 = EDGE_CURVE('',#3298,#3298,#3300,.T.);
#3298 = VERTEX_POINT('',#3299);
#3299 = CARTESIAN_POINT('',(0.8,7.660538869914E-16,1.45));
#3300 = CIRCLE('',#3301,0.4);
#3301 = AXIS2_PLACEMENT_3D('',#3302,#3303,#3304);
#3302 = CARTESIAN_POINT('',(0.8,8.548717289614E-16,1.85));
#3303 = DIRECTION('',(-1.,-4.078893220341E-32,-1.836970198721E-16));
#3304 = DIRECTION('',(-1.836970198721E-16,2.22044604925E-16,1.));
#3305 = ORIENTED_EDGE('',*,*,#3306,.T.);
#3306 = EDGE_CURVE('',#3298,#3261,#3307,.T.);
#3307 = LINE('',#3308,#3309);
#3308 = CARTESIAN_POINT('',(0.8,7.660538869914E-16,1.45));
#3309 = VECTOR('',#3310,1.);
#3310 = DIRECTION('',(1.,0.,0.));
#3311 = ORIENTED_EDGE('',*,*,#3260,.F.);
#3312 = ORIENTED_EDGE('',*,*,#3306,.F.);
#3313 = CYLINDRICAL_SURFACE('',#3314,0.4);
#3314 = AXIS2_PLACEMENT_3D('',#3315,#3316,#3317);
#3315 = CARTESIAN_POINT('',(0.8,8.548717289614E-16,1.85));
#3316 = DIRECTION('',(1.,0.,0.));
#3317 = DIRECTION('',(0.,-2.22044604925E-16,-1.));
#3318 = ADVANCED_FACE('',(#3319),#3338,.T.);
#3319 = FACE_BOUND('',#3320,.T.);
#3320 = EDGE_LOOP('',(#3321,#3322,#3330,#3337));
#3321 = ORIENTED_EDGE('',*,*,#3280,.T.);
#3322 = ORIENTED_EDGE('',*,*,#3323,.T.);
#3323 = EDGE_CURVE('',#3281,#3324,#3326,.T.);
#3324 = VERTEX_POINT('',#3325);
#3325 = CARTESIAN_POINT('',(9.36,7.660538869914E-16,1.45));
#3326 = LINE('',#3327,#3328);
#3327 = CARTESIAN_POINT('',(0.8,7.660538869914E-16,1.45));
#3328 = VECTOR('',#3329,1.);
#3329 = DIRECTION('',(1.,0.,0.));
#3330 = ORIENTED_EDGE('',*,*,#3331,.F.);
#3331 = EDGE_CURVE('',#3324,#3324,#3332,.T.);
#3332 = CIRCLE('',#3333,0.4);
#3333 = AXIS2_PLACEMENT_3D('',#3334,#3335,#3336);
#3334 = CARTESIAN_POINT('',(9.36,8.548717289614E-16,1.85));
#3335 = DIRECTION('',(1.,0.,0.));
#3336 = DIRECTION('',(0.,-2.22044604925E-16,-1.));
#3337 = ORIENTED_EDGE('',*,*,#3323,.F.);
#3338 = CYLINDRICAL_SURFACE('',#3339,0.4);
#3339 = AXIS2_PLACEMENT_3D('',#3340,#3341,#3342);
#3340 = CARTESIAN_POINT('',(0.8,8.548717289614E-16,1.85));
#3341 = DIRECTION('',(1.,0.,0.));
#3342 = DIRECTION('',(0.,-2.22044604925E-16,-1.));
#3343 = ADVANCED_FACE('',(#3344),#3364,.T.);
#3344 = FACE_BOUND('',#3345,.T.);
#3345 = EDGE_LOOP('',(#3346,#3355,#3356,#3357));
#3346 = ORIENTED_EDGE('',*,*,#3347,.T.);
#3347 = EDGE_CURVE('',#3348,#3298,#3350,.T.);
#3348 = VERTEX_POINT('',#3349);
#3349 = CARTESIAN_POINT('',(0.4,6.772360450213E-16,1.05));
#3350 = CIRCLE('',#3351,0.4);
#3351 = AXIS2_PLACEMENT_3D('',#3352,#3353,#3354);
#3352 = CARTESIAN_POINT('',(0.8,8.24193660919E-16,1.05));
#3353 = DIRECTION('',(0.,1.,-2.22044604925E-16));
#3354 = DIRECTION('',(1.,0.,0.));
#3355 = ORIENTED_EDGE('',*,*,#3297,.T.);
#3356 = ORIENTED_EDGE('',*,*,#3347,.F.);
#3357 = ORIENTED_EDGE('',*,*,#3358,.T.);
#3358 = EDGE_CURVE('',#3348,#3348,#3359,.T.);
#3359 = CIRCLE('',#3360,0.4);
#3360 = AXIS2_PLACEMENT_3D('',#3361,#3362,#3363);
#3361 = CARTESIAN_POINT('',(0.,6.772360450213E-16,1.05));
#3362 = DIRECTION('',(-0.,2.22044604925E-16,1.));
#3363 = DIRECTION('',(1.,0.,0.));
#3364 = TOROIDAL_SURFACE('',#3365,0.8,0.4);
#3365 = AXIS2_PLACEMENT_3D('',#3366,#3367,#3368);
#3366 = CARTESIAN_POINT('',(0.8,6.772360450213E-16,1.05));
#3367 = DIRECTION('',(0.,1.,-2.22044604925E-16));
#3368 = DIRECTION('',(1.,0.,0.));
#3369 = ADVANCED_FACE('',(#3370),#3390,.T.);
#3370 = FACE_BOUND('',#3371,.T.);
#3371 = EDGE_LOOP('',(#3372,#3381,#3388,#3389));
#3372 = ORIENTED_EDGE('',*,*,#3373,.T.);
#3373 = EDGE_CURVE('',#3324,#3374,#3376,.T.);
#3374 = VERTEX_POINT('',#3375);
#3375 = CARTESIAN_POINT('',(9.76,6.772360450213E-16,1.05));
#3376 = CIRCLE('',#3377,0.4);
#3377 = AXIS2_PLACEMENT_3D('',#3378,#3379,#3380);
#3378 = CARTESIAN_POINT('',(9.36,8.24193660919E-16,1.05));
#3379 = DIRECTION('',(0.,1.,-2.22044604925E-16));
#3380 = DIRECTION('',(1.,0.,0.));
#3381 = ORIENTED_EDGE('',*,*,#3382,.T.);
#3382 = EDGE_CURVE('',#3374,#3374,#3383,.T.);
#3383 = CIRCLE('',#3384,0.4);
#3384 = AXIS2_PLACEMENT_3D('',#3385,#3386,#3387);
#3385 = CARTESIAN_POINT('',(10.16,6.772360450213E-16,1.05));
#3386 = DIRECTION('',(-2.449293598295E-16,2.22044604925E-16,1.));
#3387 = DIRECTION('',(1.,5.438524293788E-32,2.449293598295E-16));
#3388 = ORIENTED_EDGE('',*,*,#3373,.F.);
#3389 = ORIENTED_EDGE('',*,*,#3331,.T.);
#3390 = TOROIDAL_SURFACE('',#3391,0.8,0.4);
#3391 = AXIS2_PLACEMENT_3D('',#3392,#3393,#3394);
#3392 = CARTESIAN_POINT('',(9.36,6.772360450213E-16,1.05));
#3393 = DIRECTION('',(0.,1.,-2.22044604925E-16));
#3394 = DIRECTION('',(1.,0.,0.));
#3395 = ADVANCED_FACE('',(#3396),#3415,.T.);
#3396 = FACE_BOUND('',#3397,.T.);
#3397 = EDGE_LOOP('',(#3398,#3406,#3407,#3408));
#3398 = ORIENTED_EDGE('',*,*,#3399,.T.);
#3399 = EDGE_CURVE('',#3400,#3348,#3402,.T.);
#3400 = VERTEX_POINT('',#3401);
#3401 = CARTESIAN_POINT('',(0.4,-2.089940463943E-16,-2.5));
#3402 = LINE('',#3403,#3404);
#3403 = CARTESIAN_POINT('',(0.4,6.772360450213E-16,1.05));
#3404 = VECTOR('',#3405,1.);
#3405 = DIRECTION('',(0.,2.22044604925E-16,1.));
#3406 = ORIENTED_EDGE('',*,*,#3358,.F.);
#3407 = ORIENTED_EDGE('',*,*,#3399,.F.);
#3408 = ORIENTED_EDGE('',*,*,#3409,.T.);
#3409 = EDGE_CURVE('',#3400,#3400,#3410,.T.);
#3410 = CIRCLE('',#3411,0.4);
#3411 = AXIS2_PLACEMENT_3D('',#3412,#3413,#3414);
#3412 = CARTESIAN_POINT('',(0.,-1.110223024625E-16,-2.5));
#3413 = DIRECTION('',(-0.,2.22044604925E-16,1.));
#3414 = DIRECTION('',(1.,0.,0.));
#3415 = CYLINDRICAL_SURFACE('',#3416,0.4);
#3416 = AXIS2_PLACEMENT_3D('',#3417,#3418,#3419);
#3417 = CARTESIAN_POINT('',(0.,6.772360450213E-16,1.05));
#3418 = DIRECTION('',(0.,2.22044604925E-16,1.));
#3419 = DIRECTION('',(1.,0.,-0.));
#3420 = ADVANCED_FACE('',(#3421),#3440,.T.);
#3421 = FACE_BOUND('',#3422,.T.);
#3422 = EDGE_LOOP('',(#3423,#3431,#3438,#3439));
#3423 = ORIENTED_EDGE('',*,*,#3424,.T.);
#3424 = EDGE_CURVE('',#3374,#3425,#3427,.T.);
#3425 = VERTEX_POINT('',#3426);
#3426 = CARTESIAN_POINT('',(9.76,-2.089940463943E-16,-2.5));
#3427 = LINE('',#3428,#3429);
#3428 = CARTESIAN_POINT('',(9.76,6.772360450213E-16,1.05));
#3429 = VECTOR('',#3430,1.);
#3430 = DIRECTION('',(0.,-2.22044604925E-16,-1.));
#3431 = ORIENTED_EDGE('',*,*,#3432,.F.);
#3432 = EDGE_CURVE('',#3425,#3425,#3433,.T.);
#3433 = CIRCLE('',#3434,0.4);
#3434 = AXIS2_PLACEMENT_3D('',#3435,#3436,#3437);
#3435 = CARTESIAN_POINT('',(10.16,-1.110223024625E-16,-2.5));
#3436 = DIRECTION('',(-0.,-2.22044604925E-16,-1.));
#3437 = DIRECTION('',(-1.,0.,0.));
#3438 = ORIENTED_EDGE('',*,*,#3424,.F.);
#3439 = ORIENTED_EDGE('',*,*,#3382,.F.);
#3440 = CYLINDRICAL_SURFACE('',#3441,0.4);
#3441 = AXIS2_PLACEMENT_3D('',#3442,#3443,#3444);
#3442 = CARTESIAN_POINT('',(10.16,6.772360450213E-16,1.05));
#3443 = DIRECTION('',(0.,-2.22044604925E-16,-1.));
#3444 = DIRECTION('',(-1.,-0.,0.));
#3445 = ADVANCED_FACE('',(#3446),#3449,.T.);
#3446 = FACE_BOUND('',#3447,.F.);
#3447 = EDGE_LOOP('',(#3448));
#3448 = ORIENTED_EDGE('',*,*,#3409,.T.);
#3449 = PLANE('',#3450);
#3450 = AXIS2_PLACEMENT_3D('',#3451,#3452,#3453);
#3451 = CARTESIAN_POINT('',(0.4,-1.110223024625E-16,-2.5));
#3452 = DIRECTION('',(0.,0.,-1.));
#3453 = DIRECTION('',(-1.,0.,0.));
#3454 = ADVANCED_FACE('',(#3455),#3458,.F.);
#3455 = FACE_BOUND('',#3456,.T.);
#3456 = EDGE_LOOP('',(#3457));
#3457 = ORIENTED_EDGE('',*,*,#3432,.T.);
#3458 = PLANE('',#3459);
#3459 = AXIS2_PLACEMENT_3D('',#3460,#3461,#3462);
#3460 = CARTESIAN_POINT('',(9.76,-1.110223024625E-16,-2.5));
#3461 = DIRECTION('',(0.,0.,1.));
#3462 = DIRECTION('',(1.,0.,-0.));
#3463 = ( GEOMETRIC_REPRESENTATION_CONTEXT(3) 
GLOBAL_UNCERTAINTY_ASSIGNED_CONTEXT((#3467)) 
GLOBAL_UNIT_ASSIGNED_CONTEXT((#3464,#3465,#3466)) REPRESENTATION_CONTEXT
('Context #1','3D Context with UNIT and UNCERTAINTY') );
#3464 = ( LENGTH_UNIT() NAMED_UNIT(*) SI_UNIT(.MILLI.,.METRE.) );
#3465 = ( NAMED_UNIT(*) PLANE_ANGLE_UNIT() SI_UNIT($,.RADIAN.) );
#3466 = ( NAMED_UNIT(*) SI_UNIT($,.STERADIAN.) SOLID_ANGLE_UNIT() );
#3467 = UNCERTAINTY_MEASURE_WITH_UNIT(LENGTH_MEASURE(1.E-07),#3464,
  'distance_accuracy_value','confusion accuracy');
#3468 = CONTEXT_DEPENDENT_SHAPE_REPRESENTATION(#3469,#3471);
#3469 = ( REPRESENTATION_RELATIONSHIP('','',#3127,#10) 
REPRESENTATION_RELATIONSHIP_WITH_TRANSFORMATION(#3470) 
SHAPE_REPRESENTATION_RELATIONSHIP() );
#3470 = ITEM_DEFINED_TRANSFORMATION('','',#11,#31);
#3471 = PRODUCT_DEFINITION_SHAPE('Placement','Placement of an item',
  #3472);
#3472 = NEXT_ASSEMBLY_USAGE_OCCURRENCE('5','D2','',#5,#3122,$);
#3473 = PRODUCT_RELATED_PRODUCT_CATEGORY('part',$,(#3124));
#3474 = SHAPE_DEFINITION_REPRESENTATION(#3475,#3481);
#3475 = PRODUCT_DEFINITION_SHAPE('','',#3476);
#3476 = PRODUCT_DEFINITION('design','',#3477,#3480);
#3477 = PRODUCT_DEFINITION_FORMATION('','',#3478);
#3478 = PRODUCT('R_1206_3216Metric','R_1206_3216Metric','',(#3479));
#3479 = PRODUCT_CONTEXT('',#2,'mechanical');
#3480 = PRODUCT_DEFINITION_CONTEXT('part definition',#2,'design');
#3481 = ADVANCED_BREP_SHAPE_REPRESENTATION('',(#11,#3482),#4272);
#3482 = MANIFOLD_SOLID_BREP('',#3483);
#3483 = CLOSED_SHELL('',(#3484,#3524,#3607,#3632,#3657,#3724,#3741,#3758
    ,#3807,#3824,#3841,#3890,#3907,#3976,#4007,#4031,#4100,#4124,#4141,
    #4158,#4175,#4192,#4209,#4226,#4243,#4260));
#3484 = ADVANCED_FACE('',(#3485),#3519,.F.);
#3485 = FACE_BOUND('',#3486,.F.);
#3486 = EDGE_LOOP('',(#3487,#3497,#3505,#3513));
#3487 = ORIENTED_EDGE('',*,*,#3488,.F.);
#3488 = EDGE_CURVE('',#3489,#3491,#3493,.T.);
#3489 = VERTEX_POINT('',#3490);
#3490 = CARTESIAN_POINT('',(-1.6,-0.8,5.5E-02));
#3491 = VERTEX_POINT('',#3492);
#3492 = CARTESIAN_POINT('',(-1.6,-0.8,0.495));
#3493 = LINE('',#3494,#3495);
#3494 = CARTESIAN_POINT('',(-1.6,-0.8,0.));
#3495 = VECTOR('',#3496,1.);
#3496 = DIRECTION('',(0.,0.,1.));
#3497 = ORIENTED_EDGE('',*,*,#3498,.T.);
#3498 = EDGE_CURVE('',#3489,#3499,#3501,.T.);
#3499 = VERTEX_POINT('',#3500);
#3500 = CARTESIAN_POINT('',(-1.6,0.8,5.5E-02));
#3501 = LINE('',#3502,#3503);
#3502 = CARTESIAN_POINT('',(-1.6,-0.8,5.5E-02));
#3503 = VECTOR('',#3504,1.);
#3504 = DIRECTION('',(0.,1.,0.));
#3505 = ORIENTED_EDGE('',*,*,#3506,.T.);
#3506 = EDGE_CURVE('',#3499,#3507,#3509,.T.);
#3507 = VERTEX_POINT('',#3508);
#3508 = CARTESIAN_POINT('',(-1.6,0.8,0.495));
#3509 = LINE('',#3510,#3511);
#3510 = CARTESIAN_POINT('',(-1.6,0.8,0.));
#3511 = VECTOR('',#3512,1.);
#3512 = DIRECTION('',(0.,0.,1.));
#3513 = ORIENTED_EDGE('',*,*,#3514,.F.);
#3514 = EDGE_CURVE('',#3491,#3507,#3515,.T.);
#3515 = LINE('',#3516,#3517);
#3516 = CARTESIAN_POINT('',(-1.6,-0.8,0.495));
#3517 = VECTOR('',#3518,1.);
#3518 = DIRECTION('',(0.,1.,0.));
#3519 = PLANE('',#3520);
#3520 = AXIS2_PLACEMENT_3D('',#3521,#3522,#3523);
#3521 = CARTESIAN_POINT('',(-1.6,-0.8,0.));
#3522 = DIRECTION('',(1.,0.,0.));
#3523 = DIRECTION('',(0.,0.,1.));
#3524 = ADVANCED_FACE('',(#3525),#3602,.F.);
#3525 = FACE_BOUND('',#3526,.F.);
#3526 = EDGE_LOOP('',(#3527,#3537,#3544,#3545,#3554,#3562,#3571,#3579,
    #3587,#3595));
#3527 = ORIENTED_EDGE('',*,*,#3528,.F.);
#3528 = EDGE_CURVE('',#3529,#3531,#3533,.T.);
#3529 = VERTEX_POINT('',#3530);
#3530 = CARTESIAN_POINT('',(-1.545,-0.8,0.));
#3531 = VERTEX_POINT('',#3532);
#3532 = CARTESIAN_POINT('',(-1.255,-0.8,0.));
#3533 = LINE('',#3534,#3535);
#3534 = CARTESIAN_POINT('',(-1.6,-0.8,0.));
#3535 = VECTOR('',#3536,1.);
#3536 = DIRECTION('',(1.,0.,0.));
#3537 = ORIENTED_EDGE('',*,*,#3538,.F.);
#3538 = EDGE_CURVE('',#3489,#3529,#3539,.T.);
#3539 = CIRCLE('',#3540,5.5E-02);
#3540 = AXIS2_PLACEMENT_3D('',#3541,#3542,#3543);
#3541 = CARTESIAN_POINT('',(-1.545,-0.8,5.5E-02));
#3542 = DIRECTION('',(0.,-1.,0.));
#3543 = DIRECTION('',(0.,0.,1.));
#3544 = ORIENTED_EDGE('',*,*,#3488,.T.);
#3545 = ORIENTED_EDGE('',*,*,#3546,.T.);
#3546 = EDGE_CURVE('',#3491,#3547,#3549,.T.);
#3547 = VERTEX_POINT('',#3548);
#3548 = CARTESIAN_POINT('',(-1.545,-0.8,0.55));
#3549 = CIRCLE('',#3550,5.5E-02);
#3550 = AXIS2_PLACEMENT_3D('',#3551,#3552,#3553);
#3551 = CARTESIAN_POINT('',(-1.545,-0.8,0.495));
#3552 = DIRECTION('',(0.,1.,0.));
#3553 = DIRECTION('',(0.,-0.,1.));
#3554 = ORIENTED_EDGE('',*,*,#3555,.T.);
#3555 = EDGE_CURVE('',#3547,#3556,#3558,.T.);
#3556 = VERTEX_POINT('',#3557);
#3557 = CARTESIAN_POINT('',(-1.255,-0.8,0.55));
#3558 = LINE('',#3559,#3560);
#3559 = CARTESIAN_POINT('',(-1.6,-0.8,0.55));
#3560 = VECTOR('',#3561,1.);
#3561 = DIRECTION('',(1.,0.,0.));
#3562 = ORIENTED_EDGE('',*,*,#3563,.F.);
#3563 = EDGE_CURVE('',#3564,#3556,#3566,.T.);
#3564 = VERTEX_POINT('',#3565);
#3565 = CARTESIAN_POINT('',(-1.2,-0.8,0.495));
#3566 = CIRCLE('',#3567,5.5E-02);
#3567 = AXIS2_PLACEMENT_3D('',#3568,#3569,#3570);
#3568 = CARTESIAN_POINT('',(-1.255,-0.8,0.495));
#3569 = DIRECTION('',(0.,-1.,0.));
#3570 = DIRECTION('',(0.,0.,1.));
#3571 = ORIENTED_EDGE('',*,*,#3572,.F.);
#3572 = EDGE_CURVE('',#3573,#3564,#3575,.T.);
#3573 = VERTEX_POINT('',#3574);
#3574 = CARTESIAN_POINT('',(-1.545,-0.8,0.495));
#3575 = LINE('',#3576,#3577);
#3576 = CARTESIAN_POINT('',(-1.545,-0.8,0.495));
#3577 = VECTOR('',#3578,1.);
#3578 = DIRECTION('',(1.,0.,0.));
#3579 = ORIENTED_EDGE('',*,*,#3580,.F.);
#3580 = EDGE_CURVE('',#3581,#3573,#3583,.T.);
#3581 = VERTEX_POINT('',#3582);
#3582 = CARTESIAN_POINT('',(-1.545,-0.8,5.5E-02));
#3583 = LINE('',#3584,#3585);
#3584 = CARTESIAN_POINT('',(-1.545,-0.8,5.5E-02));
#3585 = VECTOR('',#3586,1.);
#3586 = DIRECTION('',(0.,0.,1.));
#3587 = ORIENTED_EDGE('',*,*,#3588,.T.);
#3588 = EDGE_CURVE('',#3581,#3589,#3591,.T.);
#3589 = VERTEX_POINT('',#3590);
#3590 = CARTESIAN_POINT('',(-1.2,-0.8,5.5E-02));
#3591 = LINE('',#3592,#3593);
#3592 = CARTESIAN_POINT('',(-1.545,-0.8,5.5E-02));
#3593 = VECTOR('',#3594,1.);
#3594 = DIRECTION('',(1.,0.,0.));
#3595 = ORIENTED_EDGE('',*,*,#3596,.T.);
#3596 = EDGE_CURVE('',#3589,#3531,#3597,.T.);
#3597 = CIRCLE('',#3598,5.5E-02);
#3598 = AXIS2_PLACEMENT_3D('',#3599,#3600,#3601);
#3599 = CARTESIAN_POINT('',(-1.255,-0.8,5.5E-02));
#3600 = DIRECTION('',(0.,1.,0.));
#3601 = DIRECTION('',(0.,-0.,1.));
#3602 = PLANE('',#3603);
#3603 = AXIS2_PLACEMENT_3D('',#3604,#3605,#3606);
#3604 = CARTESIAN_POINT('',(-1.6,-0.8,0.));
#3605 = DIRECTION('',(0.,1.,0.));
#3606 = DIRECTION('',(0.,-0.,1.));
#3607 = ADVANCED_FACE('',(#3608),#3627,.T.);
#3608 = FACE_BOUND('',#3609,.T.);
#3609 = EDGE_LOOP('',(#3610,#3611,#3620,#3626));
#3610 = ORIENTED_EDGE('',*,*,#3498,.T.);
#3611 = ORIENTED_EDGE('',*,*,#3612,.T.);
#3612 = EDGE_CURVE('',#3499,#3613,#3615,.T.);
#3613 = VERTEX_POINT('',#3614);
#3614 = CARTESIAN_POINT('',(-1.545,0.8,0.));
#3615 = CIRCLE('',#3616,5.5E-02);
#3616 = AXIS2_PLACEMENT_3D('',#3617,#3618,#3619);
#3617 = CARTESIAN_POINT('',(-1.545,0.8,5.5E-02));
#3618 = DIRECTION('',(0.,-1.,0.));
#3619 = DIRECTION('',(0.,0.,1.));
#3620 = ORIENTED_EDGE('',*,*,#3621,.F.);
#3621 = EDGE_CURVE('',#3529,#3613,#3622,.T.);
#3622 = LINE('',#3623,#3624);
#3623 = CARTESIAN_POINT('',(-1.545,-0.8,0.));
#3624 = VECTOR('',#3625,1.);
#3625 = DIRECTION('',(0.,1.,0.));
#3626 = ORIENTED_EDGE('',*,*,#3538,.F.);
#3627 = CYLINDRICAL_SURFACE('',#3628,5.5E-02);
#3628 = AXIS2_PLACEMENT_3D('',#3629,#3630,#3631);
#3629 = CARTESIAN_POINT('',(-1.545,-0.8,5.5E-02));
#3630 = DIRECTION('',(0.,1.,0.));
#3631 = DIRECTION('',(-1.,0.,0.));
#3632 = ADVANCED_FACE('',(#3633),#3652,.T.);
#3633 = FACE_BOUND('',#3634,.T.);
#3634 = EDGE_LOOP('',(#3635,#3636,#3644,#3651));
#3635 = ORIENTED_EDGE('',*,*,#3546,.T.);
#3636 = ORIENTED_EDGE('',*,*,#3637,.T.);
#3637 = EDGE_CURVE('',#3547,#3638,#3640,.T.);
#3638 = VERTEX_POINT('',#3639);
#3639 = CARTESIAN_POINT('',(-1.545,0.8,0.55));
#3640 = LINE('',#3641,#3642);
#3641 = CARTESIAN_POINT('',(-1.545,-0.8,0.55));
#3642 = VECTOR('',#3643,1.);
#3643 = DIRECTION('',(0.,1.,0.));
#3644 = ORIENTED_EDGE('',*,*,#3645,.F.);
#3645 = EDGE_CURVE('',#3507,#3638,#3646,.T.);
#3646 = CIRCLE('',#3647,5.5E-02);
#3647 = AXIS2_PLACEMENT_3D('',#3648,#3649,#3650);
#3648 = CARTESIAN_POINT('',(-1.545,0.8,0.495));
#3649 = DIRECTION('',(0.,1.,0.));
#3650 = DIRECTION('',(0.,-0.,1.));
#3651 = ORIENTED_EDGE('',*,*,#3514,.F.);
#3652 = CYLINDRICAL_SURFACE('',#3653,5.5E-02);
#3653 = AXIS2_PLACEMENT_3D('',#3654,#3655,#3656);
#3654 = CARTESIAN_POINT('',(-1.545,-0.8,0.495));
#3655 = DIRECTION('',(0.,1.,0.));
#3656 = DIRECTION('',(-1.,0.,0.));
#3657 = ADVANCED_FACE('',(#3658),#3719,.T.);
#3658 = FACE_BOUND('',#3659,.T.);
#3659 = EDGE_LOOP('',(#3660,#3668,#3669,#3670,#3671,#3679,#3688,#3696,
    #3704,#3712));
#3660 = ORIENTED_EDGE('',*,*,#3661,.F.);
#3661 = EDGE_CURVE('',#3613,#3662,#3664,.T.);
#3662 = VERTEX_POINT('',#3663);
#3663 = CARTESIAN_POINT('',(-1.255,0.8,0.));
#3664 = LINE('',#3665,#3666);
#3665 = CARTESIAN_POINT('',(-1.6,0.8,0.));
#3666 = VECTOR('',#3667,1.);
#3667 = DIRECTION('',(1.,0.,0.));
#3668 = ORIENTED_EDGE('',*,*,#3612,.F.);
#3669 = ORIENTED_EDGE('',*,*,#3506,.T.);
#3670 = ORIENTED_EDGE('',*,*,#3645,.T.);
#3671 = ORIENTED_EDGE('',*,*,#3672,.T.);
#3672 = EDGE_CURVE('',#3638,#3673,#3675,.T.);
#3673 = VERTEX_POINT('',#3674);
#3674 = CARTESIAN_POINT('',(-1.255,0.8,0.55));
#3675 = LINE('',#3676,#3677);
#3676 = CARTESIAN_POINT('',(-1.6,0.8,0.55));
#3677 = VECTOR('',#3678,1.);
#3678 = DIRECTION('',(1.,0.,0.));
#3679 = ORIENTED_EDGE('',*,*,#3680,.F.);
#3680 = EDGE_CURVE('',#3681,#3673,#3683,.T.);
#3681 = VERTEX_POINT('',#3682);
#3682 = CARTESIAN_POINT('',(-1.2,0.8,0.495));
#3683 = CIRCLE('',#3684,5.5E-02);
#3684 = AXIS2_PLACEMENT_3D('',#3685,#3686,#3687);
#3685 = CARTESIAN_POINT('',(-1.255,0.8,0.495));
#3686 = DIRECTION('',(0.,-1.,0.));
#3687 = DIRECTION('',(0.,0.,1.));
#3688 = ORIENTED_EDGE('',*,*,#3689,.F.);
#3689 = EDGE_CURVE('',#3690,#3681,#3692,.T.);
#3690 = VERTEX_POINT('',#3691);
#3691 = CARTESIAN_POINT('',(-1.545,0.8,0.495));
#3692 = LINE('',#3693,#3694);
#3693 = CARTESIAN_POINT('',(-1.545,0.8,0.495));
#3694 = VECTOR('',#3695,1.);
#3695 = DIRECTION('',(1.,0.,0.));
#3696 = ORIENTED_EDGE('',*,*,#3697,.F.);
#3697 = EDGE_CURVE('',#3698,#3690,#3700,.T.);
#3698 = VERTEX_POINT('',#3699);
#3699 = CARTESIAN_POINT('',(-1.545,0.8,5.5E-02));
#3700 = LINE('',#3701,#3702);
#3701 = CARTESIAN_POINT('',(-1.545,0.8,5.5E-02));
#3702 = VECTOR('',#3703,1.);
#3703 = DIRECTION('',(0.,0.,1.));
#3704 = ORIENTED_EDGE('',*,*,#3705,.T.);
#3705 = EDGE_CURVE('',#3698,#3706,#3708,.T.);
#3706 = VERTEX_POINT('',#3707);
#3707 = CARTESIAN_POINT('',(-1.2,0.8,5.5E-02));
#3708 = LINE('',#3709,#3710);
#3709 = CARTESIAN_POINT('',(-1.545,0.8,5.5E-02));
#3710 = VECTOR('',#3711,1.);
#3711 = DIRECTION('',(1.,0.,0.));
#3712 = ORIENTED_EDGE('',*,*,#3713,.T.);
#3713 = EDGE_CURVE('',#3706,#3662,#3714,.T.);
#3714 = CIRCLE('',#3715,5.5E-02);
#3715 = AXIS2_PLACEMENT_3D('',#3716,#3717,#3718);
#3716 = CARTESIAN_POINT('',(-1.255,0.8,5.5E-02));
#3717 = DIRECTION('',(0.,1.,0.));
#3718 = DIRECTION('',(0.,-0.,1.));
#3719 = PLANE('',#3720);
#3720 = AXIS2_PLACEMENT_3D('',#3721,#3722,#3723);
#3721 = CARTESIAN_POINT('',(-1.6,0.8,0.));
#3722 = DIRECTION('',(0.,1.,0.));
#3723 = DIRECTION('',(0.,-0.,1.));
#3724 = ADVANCED_FACE('',(#3725),#3736,.F.);
#3725 = FACE_BOUND('',#3726,.F.);
#3726 = EDGE_LOOP('',(#3727,#3728,#3729,#3730));
#3727 = ORIENTED_EDGE('',*,*,#3661,.F.);
#3728 = ORIENTED_EDGE('',*,*,#3621,.F.);
#3729 = ORIENTED_EDGE('',*,*,#3528,.T.);
#3730 = ORIENTED_EDGE('',*,*,#3731,.T.);
#3731 = EDGE_CURVE('',#3531,#3662,#3732,.T.);
#3732 = LINE('',#3733,#3734);
#3733 = CARTESIAN_POINT('',(-1.255,-0.8,0.));
#3734 = VECTOR('',#3735,1.);
#3735 = DIRECTION('',(0.,1.,0.));
#3736 = PLANE('',#3737);
#3737 = AXIS2_PLACEMENT_3D('',#3738,#3739,#3740);
#3738 = CARTESIAN_POINT('',(-1.6,-0.8,0.));
#3739 = DIRECTION('',(0.,0.,1.));
#3740 = DIRECTION('',(1.,0.,-0.));
#3741 = ADVANCED_FACE('',(#3742),#3753,.T.);
#3742 = FACE_BOUND('',#3743,.T.);
#3743 = EDGE_LOOP('',(#3744,#3745,#3746,#3747));
#3744 = ORIENTED_EDGE('',*,*,#3596,.T.);
#3745 = ORIENTED_EDGE('',*,*,#3731,.T.);
#3746 = ORIENTED_EDGE('',*,*,#3713,.F.);
#3747 = ORIENTED_EDGE('',*,*,#3748,.F.);
#3748 = EDGE_CURVE('',#3589,#3706,#3749,.T.);
#3749 = LINE('',#3750,#3751);
#3750 = CARTESIAN_POINT('',(-1.2,-0.8,5.5E-02));
#3751 = VECTOR('',#3752,1.);
#3752 = DIRECTION('',(0.,1.,0.));
#3753 = CYLINDRICAL_SURFACE('',#3754,5.5E-02);
#3754 = AXIS2_PLACEMENT_3D('',#3755,#3756,#3757);
#3755 = CARTESIAN_POINT('',(-1.255,-0.8,5.5E-02));
#3756 = DIRECTION('',(0.,1.,0.));
#3757 = DIRECTION('',(1.,0.,0.));
#3758 = ADVANCED_FACE('',(#3759),#3802,.F.);
#3759 = FACE_BOUND('',#3760,.F.);
#3760 = EDGE_LOOP('',(#3761,#3762,#3763,#3764,#3772,#3780,#3788,#3796));
#3761 = ORIENTED_EDGE('',*,*,#3588,.F.);
#3762 = ORIENTED_EDGE('',*,*,#3580,.T.);
#3763 = ORIENTED_EDGE('',*,*,#3572,.T.);
#3764 = ORIENTED_EDGE('',*,*,#3765,.T.);
#3765 = EDGE_CURVE('',#3564,#3766,#3768,.T.);
#3766 = VERTEX_POINT('',#3767);
#3767 = CARTESIAN_POINT('',(1.2,-0.8,0.495));
#3768 = LINE('',#3769,#3770);
#3769 = CARTESIAN_POINT('',(-1.2,-0.8,0.495));
#3770 = VECTOR('',#3771,1.);
#3771 = DIRECTION('',(1.,0.,0.));
#3772 = ORIENTED_EDGE('',*,*,#3773,.T.);
#3773 = EDGE_CURVE('',#3766,#3774,#3776,.T.);
#3774 = VERTEX_POINT('',#3775);
#3775 = CARTESIAN_POINT('',(1.545,-0.8,0.495));
#3776 = LINE('',#3777,#3778);
#3777 = CARTESIAN_POINT('',(-1.545,-0.8,0.495));
#3778 = VECTOR('',#3779,1.);
#3779 = DIRECTION('',(1.,0.,0.));
#3780 = ORIENTED_EDGE('',*,*,#3781,.F.);
#3781 = EDGE_CURVE('',#3782,#3774,#3784,.T.);
#3782 = VERTEX_POINT('',#3783);
#3783 = CARTESIAN_POINT('',(1.545,-0.8,5.5E-02));
#3784 = LINE('',#3785,#3786);
#3785 = CARTESIAN_POINT('',(1.545,-0.8,5.5E-02));
#3786 = VECTOR('',#3787,1.);
#3787 = DIRECTION('',(0.,0.,1.));
#3788 = ORIENTED_EDGE('',*,*,#3789,.F.);
#3789 = EDGE_CURVE('',#3790,#3782,#3792,.T.);
#3790 = VERTEX_POINT('',#3791);
#3791 = CARTESIAN_POINT('',(1.2,-0.8,5.5E-02));
#3792 = LINE('',#3793,#3794);
#3793 = CARTESIAN_POINT('',(-1.545,-0.8,5.5E-02));
#3794 = VECTOR('',#3795,1.);
#3795 = DIRECTION('',(1.,0.,0.));
#3796 = ORIENTED_EDGE('',*,*,#3797,.F.);
#3797 = EDGE_CURVE('',#3589,#3790,#3798,.T.);
#3798 = LINE('',#3799,#3800);
#3799 = CARTESIAN_POINT('',(-1.545,-0.8,5.5E-02));
#3800 = VECTOR('',#3801,1.);
#3801 = DIRECTION('',(1.,0.,0.));
#3802 = PLANE('',#3803);
#3803 = AXIS2_PLACEMENT_3D('',#3804,#3805,#3806);
#3804 = CARTESIAN_POINT('',(-1.545,-0.8,5.5E-02));
#3805 = DIRECTION('',(0.,1.,0.));
#3806 = DIRECTION('',(0.,-0.,1.));
#3807 = ADVANCED_FACE('',(#3808),#3819,.T.);
#3808 = FACE_BOUND('',#3809,.T.);
#3809 = EDGE_LOOP('',(#3810,#3811,#3812,#3813));
#3810 = ORIENTED_EDGE('',*,*,#3672,.F.);
#3811 = ORIENTED_EDGE('',*,*,#3637,.F.);
#3812 = ORIENTED_EDGE('',*,*,#3555,.T.);
#3813 = ORIENTED_EDGE('',*,*,#3814,.T.);
#3814 = EDGE_CURVE('',#3556,#3673,#3815,.T.);
#3815 = LINE('',#3816,#3817);
#3816 = CARTESIAN_POINT('',(-1.255,-0.8,0.55));
#3817 = VECTOR('',#3818,1.);
#3818 = DIRECTION('',(0.,1.,0.));
#3819 = PLANE('',#3820);
#3820 = AXIS2_PLACEMENT_3D('',#3821,#3822,#3823);
#3821 = CARTESIAN_POINT('',(-1.6,-0.8,0.55));
#3822 = DIRECTION('',(0.,0.,1.));
#3823 = DIRECTION('',(1.,0.,-0.));
#3824 = ADVANCED_FACE('',(#3825),#3836,.T.);
#3825 = FACE_BOUND('',#3826,.T.);
#3826 = EDGE_LOOP('',(#3827,#3833,#3834,#3835));
#3827 = ORIENTED_EDGE('',*,*,#3828,.T.);
#3828 = EDGE_CURVE('',#3564,#3681,#3829,.T.);
#3829 = LINE('',#3830,#3831);
#3830 = CARTESIAN_POINT('',(-1.2,-0.8,0.495));
#3831 = VECTOR('',#3832,1.);
#3832 = DIRECTION('',(0.,1.,0.));
#3833 = ORIENTED_EDGE('',*,*,#3680,.T.);
#3834 = ORIENTED_EDGE('',*,*,#3814,.F.);
#3835 = ORIENTED_EDGE('',*,*,#3563,.F.);
#3836 = CYLINDRICAL_SURFACE('',#3837,5.5E-02);
#3837 = AXIS2_PLACEMENT_3D('',#3838,#3839,#3840);
#3838 = CARTESIAN_POINT('',(-1.255,-0.8,0.495));
#3839 = DIRECTION('',(0.,1.,0.));
#3840 = DIRECTION('',(1.,0.,0.));
#3841 = ADVANCED_FACE('',(#3842),#3885,.T.);
#3842 = FACE_BOUND('',#3843,.T.);
#3843 = EDGE_LOOP('',(#3844,#3845,#3846,#3847,#3855,#3863,#3871,#3879));
#3844 = ORIENTED_EDGE('',*,*,#3705,.F.);
#3845 = ORIENTED_EDGE('',*,*,#3697,.T.);
#3846 = ORIENTED_EDGE('',*,*,#3689,.T.);
#3847 = ORIENTED_EDGE('',*,*,#3848,.T.);
#3848 = EDGE_CURVE('',#3681,#3849,#3851,.T.);
#3849 = VERTEX_POINT('',#3850);
#3850 = CARTESIAN_POINT('',(1.2,0.8,0.495));
#3851 = LINE('',#3852,#3853);
#3852 = CARTESIAN_POINT('',(-1.2,0.8,0.495));
#3853 = VECTOR('',#3854,1.);
#3854 = DIRECTION('',(1.,0.,0.));
#3855 = ORIENTED_EDGE('',*,*,#3856,.T.);
#3856 = EDGE_CURVE('',#3849,#3857,#3859,.T.);
#3857 = VERTEX_POINT('',#3858);
#3858 = CARTESIAN_POINT('',(1.545,0.8,0.495));
#3859 = LINE('',#3860,#3861);
#3860 = CARTESIAN_POINT('',(-1.545,0.8,0.495));
#3861 = VECTOR('',#3862,1.);
#3862 = DIRECTION('',(1.,0.,0.));
#3863 = ORIENTED_EDGE('',*,*,#3864,.F.);
#3864 = EDGE_CURVE('',#3865,#3857,#3867,.T.);
#3865 = VERTEX_POINT('',#3866);
#3866 = CARTESIAN_POINT('',(1.545,0.8,5.5E-02));
#3867 = LINE('',#3868,#3869);
#3868 = CARTESIAN_POINT('',(1.545,0.8,5.5E-02));
#3869 = VECTOR('',#3870,1.);
#3870 = DIRECTION('',(0.,0.,1.));
#3871 = ORIENTED_EDGE('',*,*,#3872,.F.);
#3872 = EDGE_CURVE('',#3873,#3865,#3875,.T.);
#3873 = VERTEX_POINT('',#3874);
#3874 = CARTESIAN_POINT('',(1.2,0.8,5.5E-02));
#3875 = LINE('',#3876,#3877);
#3876 = CARTESIAN_POINT('',(-1.545,0.8,5.5E-02));
#3877 = VECTOR('',#3878,1.);
#3878 = DIRECTION('',(1.,0.,0.));
#3879 = ORIENTED_EDGE('',*,*,#3880,.F.);
#3880 = EDGE_CURVE('',#3706,#3873,#3881,.T.);
#3881 = LINE('',#3882,#3883);
#3882 = CARTESIAN_POINT('',(-1.545,0.8,5.5E-02));
#3883 = VECTOR('',#3884,1.);
#3884 = DIRECTION('',(1.,0.,0.));
#3885 = PLANE('',#3886);
#3886 = AXIS2_PLACEMENT_3D('',#3887,#3888,#3889);
#3887 = CARTESIAN_POINT('',(-1.545,0.8,5.5E-02));
#3888 = DIRECTION('',(0.,1.,0.));
#3889 = DIRECTION('',(0.,-0.,1.));
#3890 = ADVANCED_FACE('',(#3891),#3902,.F.);
#3891 = FACE_BOUND('',#3892,.F.);
#3892 = EDGE_LOOP('',(#3893,#3894,#3895,#3901));
#3893 = ORIENTED_EDGE('',*,*,#3748,.F.);
#3894 = ORIENTED_EDGE('',*,*,#3797,.T.);
#3895 = ORIENTED_EDGE('',*,*,#3896,.T.);
#3896 = EDGE_CURVE('',#3790,#3873,#3897,.T.);
#3897 = LINE('',#3898,#3899);
#3898 = CARTESIAN_POINT('',(1.2,-0.8,5.5E-02));
#3899 = VECTOR('',#3900,1.);
#3900 = DIRECTION('',(0.,1.,0.));
#3901 = ORIENTED_EDGE('',*,*,#3880,.F.);
#3902 = PLANE('',#3903);
#3903 = AXIS2_PLACEMENT_3D('',#3904,#3905,#3906);
#3904 = CARTESIAN_POINT('',(-1.545,-0.8,5.5E-02));
#3905 = DIRECTION('',(0.,0.,1.));
#3906 = DIRECTION('',(1.,0.,-0.));
#3907 = ADVANCED_FACE('',(#3908),#3971,.F.);
#3908 = FACE_BOUND('',#3909,.F.);
#3909 = EDGE_LOOP('',(#3910,#3920,#3927,#3928,#3929,#3930,#3939,#3947,
    #3956,#3964));
#3910 = ORIENTED_EDGE('',*,*,#3911,.F.);
#3911 = EDGE_CURVE('',#3912,#3914,#3916,.T.);
#3912 = VERTEX_POINT('',#3913);
#3913 = CARTESIAN_POINT('',(1.255,-0.8,0.));
#3914 = VERTEX_POINT('',#3915);
#3915 = CARTESIAN_POINT('',(1.545,-0.8,0.));
#3916 = LINE('',#3917,#3918);
#3917 = CARTESIAN_POINT('',(1.2,-0.8,0.));
#3918 = VECTOR('',#3919,1.);
#3919 = DIRECTION('',(1.,0.,0.));
#3920 = ORIENTED_EDGE('',*,*,#3921,.F.);
#3921 = EDGE_CURVE('',#3790,#3912,#3922,.T.);
#3922 = CIRCLE('',#3923,5.5E-02);
#3923 = AXIS2_PLACEMENT_3D('',#3924,#3925,#3926);
#3924 = CARTESIAN_POINT('',(1.255,-0.8,5.5E-02));
#3925 = DIRECTION('',(0.,-1.,0.));
#3926 = DIRECTION('',(0.,0.,1.));
#3927 = ORIENTED_EDGE('',*,*,#3789,.T.);
#3928 = ORIENTED_EDGE('',*,*,#3781,.T.);
#3929 = ORIENTED_EDGE('',*,*,#3773,.F.);
#3930 = ORIENTED_EDGE('',*,*,#3931,.T.);
#3931 = EDGE_CURVE('',#3766,#3932,#3934,.T.);
#3932 = VERTEX_POINT('',#3933);
#3933 = CARTESIAN_POINT('',(1.255,-0.8,0.55));
#3934 = CIRCLE('',#3935,5.5E-02);
#3935 = AXIS2_PLACEMENT_3D('',#3936,#3937,#3938);
#3936 = CARTESIAN_POINT('',(1.255,-0.8,0.495));
#3937 = DIRECTION('',(0.,1.,0.));
#3938 = DIRECTION('',(0.,-0.,1.));
#3939 = ORIENTED_EDGE('',*,*,#3940,.T.);
#3940 = EDGE_CURVE('',#3932,#3941,#3943,.T.);
#3941 = VERTEX_POINT('',#3942);
#3942 = CARTESIAN_POINT('',(1.545,-0.8,0.55));
#3943 = LINE('',#3944,#3945);
#3944 = CARTESIAN_POINT('',(1.2,-0.8,0.55));
#3945 = VECTOR('',#3946,1.);
#3946 = DIRECTION('',(1.,0.,0.));
#3947 = ORIENTED_EDGE('',*,*,#3948,.F.);
#3948 = EDGE_CURVE('',#3949,#3941,#3951,.T.);
#3949 = VERTEX_POINT('',#3950);
#3950 = CARTESIAN_POINT('',(1.6,-0.8,0.495));
#3951 = CIRCLE('',#3952,5.5E-02);
#3952 = AXIS2_PLACEMENT_3D('',#3953,#3954,#3955);
#3953 = CARTESIAN_POINT('',(1.545,-0.8,0.495));
#3954 = DIRECTION('',(0.,-1.,0.));
#3955 = DIRECTION('',(0.,0.,1.));
#3956 = ORIENTED_EDGE('',*,*,#3957,.F.);
#3957 = EDGE_CURVE('',#3958,#3949,#3960,.T.);
#3958 = VERTEX_POINT('',#3959);
#3959 = CARTESIAN_POINT('',(1.6,-0.8,5.5E-02));
#3960 = LINE('',#3961,#3962);
#3961 = CARTESIAN_POINT('',(1.6,-0.8,0.));
#3962 = VECTOR('',#3963,1.);
#3963 = DIRECTION('',(0.,0.,1.));
#3964 = ORIENTED_EDGE('',*,*,#3965,.T.);
#3965 = EDGE_CURVE('',#3958,#3914,#3966,.T.);
#3966 = CIRCLE('',#3967,5.5E-02);
#3967 = AXIS2_PLACEMENT_3D('',#3968,#3969,#3970);
#3968 = CARTESIAN_POINT('',(1.545,-0.8,5.5E-02));
#3969 = DIRECTION('',(0.,1.,0.));
#3970 = DIRECTION('',(0.,-0.,1.));
#3971 = PLANE('',#3972);
#3972 = AXIS2_PLACEMENT_3D('',#3973,#3974,#3975);
#3973 = CARTESIAN_POINT('',(1.2,-0.8,0.));
#3974 = DIRECTION('',(0.,1.,0.));
#3975 = DIRECTION('',(0.,-0.,1.));
#3976 = ADVANCED_FACE('',(#3977),#4002,.F.);
#3977 = FACE_BOUND('',#3978,.F.);
#3978 = EDGE_LOOP('',(#3979,#3980,#3988,#3996));
#3979 = ORIENTED_EDGE('',*,*,#3765,.F.);
#3980 = ORIENTED_EDGE('',*,*,#3981,.T.);
#3981 = EDGE_CURVE('',#3564,#3982,#3984,.T.);
#3982 = VERTEX_POINT('',#3983);
#3983 = CARTESIAN_POINT('',(-1.2,-0.8,0.55));
#3984 = LINE('',#3985,#3986);
#3985 = CARTESIAN_POINT('',(-1.2,-0.8,0.495));
#3986 = VECTOR('',#3987,1.);
#3987 = DIRECTION('',(0.,0.,1.));
#3988 = ORIENTED_EDGE('',*,*,#3989,.T.);
#3989 = EDGE_CURVE('',#3982,#3990,#3992,.T.);
#3990 = VERTEX_POINT('',#3991);
#3991 = CARTESIAN_POINT('',(1.2,-0.8,0.55));
#3992 = LINE('',#3993,#3994);
#3993 = CARTESIAN_POINT('',(-1.2,-0.8,0.55));
#3994 = VECTOR('',#3995,1.);
#3995 = DIRECTION('',(1.,0.,0.));
#3996 = ORIENTED_EDGE('',*,*,#3997,.F.);
#3997 = EDGE_CURVE('',#3766,#3990,#3998,.T.);
#3998 = LINE('',#3999,#4000);
#3999 = CARTESIAN_POINT('',(1.2,-0.8,0.495));
#4000 = VECTOR('',#4001,1.);
#4001 = DIRECTION('',(0.,0.,1.));
#4002 = PLANE('',#4003);
#4003 = AXIS2_PLACEMENT_3D('',#4004,#4005,#4006);
#4004 = CARTESIAN_POINT('',(-1.2,-0.8,0.495));
#4005 = DIRECTION('',(0.,1.,0.));
#4006 = DIRECTION('',(0.,-0.,1.));
#4007 = ADVANCED_FACE('',(#4008),#4026,.F.);
#4008 = FACE_BOUND('',#4009,.F.);
#4009 = EDGE_LOOP('',(#4010,#4011,#4012,#4020));
#4010 = ORIENTED_EDGE('',*,*,#3981,.F.);
#4011 = ORIENTED_EDGE('',*,*,#3828,.T.);
#4012 = ORIENTED_EDGE('',*,*,#4013,.T.);
#4013 = EDGE_CURVE('',#3681,#4014,#4016,.T.);
#4014 = VERTEX_POINT('',#4015);
#4015 = CARTESIAN_POINT('',(-1.2,0.8,0.55));
#4016 = LINE('',#4017,#4018);
#4017 = CARTESIAN_POINT('',(-1.2,0.8,0.495));
#4018 = VECTOR('',#4019,1.);
#4019 = DIRECTION('',(0.,0.,1.));
#4020 = ORIENTED_EDGE('',*,*,#4021,.F.);
#4021 = EDGE_CURVE('',#3982,#4014,#4022,.T.);
#4022 = LINE('',#4023,#4024);
#4023 = CARTESIAN_POINT('',(-1.2,-0.8,0.55));
#4024 = VECTOR('',#4025,1.);
#4025 = DIRECTION('',(0.,1.,0.));
#4026 = PLANE('',#4027);
#4027 = AXIS2_PLACEMENT_3D('',#4028,#4029,#4030);
#4028 = CARTESIAN_POINT('',(-1.2,-0.8,0.495));
#4029 = DIRECTION('',(1.,0.,0.));
#4030 = DIRECTION('',(0.,0.,1.));
#4031 = ADVANCED_FACE('',(#4032),#4095,.T.);
#4032 = FACE_BOUND('',#4033,.T.);
#4033 = EDGE_LOOP('',(#4034,#4044,#4051,#4052,#4053,#4054,#4063,#4071,
    #4080,#4088));
#4034 = ORIENTED_EDGE('',*,*,#4035,.F.);
#4035 = EDGE_CURVE('',#4036,#4038,#4040,.T.);
#4036 = VERTEX_POINT('',#4037);
#4037 = CARTESIAN_POINT('',(1.255,0.8,0.));
#4038 = VERTEX_POINT('',#4039);
#4039 = CARTESIAN_POINT('',(1.545,0.8,0.));
#4040 = LINE('',#4041,#4042);
#4041 = CARTESIAN_POINT('',(1.2,0.8,0.));
#4042 = VECTOR('',#4043,1.);
#4043 = DIRECTION('',(1.,0.,0.));
#4044 = ORIENTED_EDGE('',*,*,#4045,.F.);
#4045 = EDGE_CURVE('',#3873,#4036,#4046,.T.);
#4046 = CIRCLE('',#4047,5.5E-02);
#4047 = AXIS2_PLACEMENT_3D('',#4048,#4049,#4050);
#4048 = CARTESIAN_POINT('',(1.255,0.8,5.5E-02));
#4049 = DIRECTION('',(0.,-1.,0.));
#4050 = DIRECTION('',(0.,0.,1.));
#4051 = ORIENTED_EDGE('',*,*,#3872,.T.);
#4052 = ORIENTED_EDGE('',*,*,#3864,.T.);
#4053 = ORIENTED_EDGE('',*,*,#3856,.F.);
#4054 = ORIENTED_EDGE('',*,*,#4055,.T.);
#4055 = EDGE_CURVE('',#3849,#4056,#4058,.T.);
#4056 = VERTEX_POINT('',#4057);
#4057 = CARTESIAN_POINT('',(1.255,0.8,0.55));
#4058 = CIRCLE('',#4059,5.5E-02);
#4059 = AXIS2_PLACEMENT_3D('',#4060,#4061,#4062);
#4060 = CARTESIAN_POINT('',(1.255,0.8,0.495));
#4061 = DIRECTION('',(0.,1.,0.));
#4062 = DIRECTION('',(0.,-0.,1.));
#4063 = ORIENTED_EDGE('',*,*,#4064,.T.);
#4064 = EDGE_CURVE('',#4056,#4065,#4067,.T.);
#4065 = VERTEX_POINT('',#4066);
#4066 = CARTESIAN_POINT('',(1.545,0.8,0.55));
#4067 = LINE('',#4068,#4069);
#4068 = CARTESIAN_POINT('',(1.2,0.8,0.55));
#4069 = VECTOR('',#4070,1.);
#4070 = DIRECTION('',(1.,0.,0.));
#4071 = ORIENTED_EDGE('',*,*,#4072,.F.);
#4072 = EDGE_CURVE('',#4073,#4065,#4075,.T.);
#4073 = VERTEX_POINT('',#4074);
#4074 = CARTESIAN_POINT('',(1.6,0.8,0.495));
#4075 = CIRCLE('',#4076,5.5E-02);
#4076 = AXIS2_PLACEMENT_3D('',#4077,#4078,#4079);
#4077 = CARTESIAN_POINT('',(1.545,0.8,0.495));
#4078 = DIRECTION('',(0.,-1.,0.));
#4079 = DIRECTION('',(0.,0.,1.));
#4080 = ORIENTED_EDGE('',*,*,#4081,.F.);
#4081 = EDGE_CURVE('',#4082,#4073,#4084,.T.);
#4082 = VERTEX_POINT('',#4083);
#4083 = CARTESIAN_POINT('',(1.6,0.8,5.5E-02));
#4084 = LINE('',#4085,#4086);
#4085 = CARTESIAN_POINT('',(1.6,0.8,0.));
#4086 = VECTOR('',#4087,1.);
#4087 = DIRECTION('',(0.,0.,1.));
#4088 = ORIENTED_EDGE('',*,*,#4089,.T.);
#4089 = EDGE_CURVE('',#4082,#4038,#4090,.T.);
#4090 = CIRCLE('',#4091,5.5E-02);
#4091 = AXIS2_PLACEMENT_3D('',#4092,#4093,#4094);
#4092 = CARTESIAN_POINT('',(1.545,0.8,5.5E-02));
#4093 = DIRECTION('',(0.,1.,0.));
#4094 = DIRECTION('',(0.,-0.,1.));
#4095 = PLANE('',#4096);
#4096 = AXIS2_PLACEMENT_3D('',#4097,#4098,#4099);
#4097 = CARTESIAN_POINT('',(1.2,0.8,0.));
#4098 = DIRECTION('',(0.,1.,0.));
#4099 = DIRECTION('',(0.,-0.,1.));
#4100 = ADVANCED_FACE('',(#4101),#4119,.T.);
#4101 = FACE_BOUND('',#4102,.T.);
#4102 = EDGE_LOOP('',(#4103,#4104,#4105,#4113));
#4103 = ORIENTED_EDGE('',*,*,#3848,.F.);
#4104 = ORIENTED_EDGE('',*,*,#4013,.T.);
#4105 = ORIENTED_EDGE('',*,*,#4106,.T.);
#4106 = EDGE_CURVE('',#4014,#4107,#4109,.T.);
#4107 = VERTEX_POINT('',#4108);
#4108 = CARTESIAN_POINT('',(1.2,0.8,0.55));
#4109 = LINE('',#4110,#4111);
#4110 = CARTESIAN_POINT('',(-1.2,0.8,0.55));
#4111 = VECTOR('',#4112,1.);
#4112 = DIRECTION('',(1.,0.,0.));
#4113 = ORIENTED_EDGE('',*,*,#4114,.F.);
#4114 = EDGE_CURVE('',#3849,#4107,#4115,.T.);
#4115 = LINE('',#4116,#4117);
#4116 = CARTESIAN_POINT('',(1.2,0.8,0.495));
#4117 = VECTOR('',#4118,1.);
#4118 = DIRECTION('',(0.,0.,1.));
#4119 = PLANE('',#4120);
#4120 = AXIS2_PLACEMENT_3D('',#4121,#4122,#4123);
#4121 = CARTESIAN_POINT('',(-1.2,0.8,0.495));
#4122 = DIRECTION('',(0.,1.,0.));
#4123 = DIRECTION('',(0.,-0.,1.));
#4124 = ADVANCED_FACE('',(#4125),#4136,.T.);
#4125 = FACE_BOUND('',#4126,.T.);
#4126 = EDGE_LOOP('',(#4127,#4128,#4129,#4135));
#4127 = ORIENTED_EDGE('',*,*,#3896,.T.);
#4128 = ORIENTED_EDGE('',*,*,#4045,.T.);
#4129 = ORIENTED_EDGE('',*,*,#4130,.F.);
#4130 = EDGE_CURVE('',#3912,#4036,#4131,.T.);
#4131 = LINE('',#4132,#4133);
#4132 = CARTESIAN_POINT('',(1.255,-0.8,0.));
#4133 = VECTOR('',#4134,1.);
#4134 = DIRECTION('',(0.,1.,0.));
#4135 = ORIENTED_EDGE('',*,*,#3921,.F.);
#4136 = CYLINDRICAL_SURFACE('',#4137,5.5E-02);
#4137 = AXIS2_PLACEMENT_3D('',#4138,#4139,#4140);
#4138 = CARTESIAN_POINT('',(1.255,-0.8,5.5E-02));
#4139 = DIRECTION('',(0.,1.,0.));
#4140 = DIRECTION('',(-1.,0.,0.));
#4141 = ADVANCED_FACE('',(#4142),#4153,.F.);
#4142 = FACE_BOUND('',#4143,.F.);
#4143 = EDGE_LOOP('',(#4144,#4145,#4146,#4147));
#4144 = ORIENTED_EDGE('',*,*,#4035,.F.);
#4145 = ORIENTED_EDGE('',*,*,#4130,.F.);
#4146 = ORIENTED_EDGE('',*,*,#3911,.T.);
#4147 = ORIENTED_EDGE('',*,*,#4148,.T.);
#4148 = EDGE_CURVE('',#3914,#4038,#4149,.T.);
#4149 = LINE('',#4150,#4151);
#4150 = CARTESIAN_POINT('',(1.545,-0.8,0.));
#4151 = VECTOR('',#4152,1.);
#4152 = DIRECTION('',(0.,1.,0.));
#4153 = PLANE('',#4154);
#4154 = AXIS2_PLACEMENT_3D('',#4155,#4156,#4157);
#4155 = CARTESIAN_POINT('',(1.2,-0.8,0.));
#4156 = DIRECTION('',(0.,0.,1.));
#4157 = DIRECTION('',(1.,0.,-0.));
#4158 = ADVANCED_FACE('',(#4159),#4170,.T.);
#4159 = FACE_BOUND('',#4160,.T.);
#4160 = EDGE_LOOP('',(#4161,#4162,#4163,#4164));
#4161 = ORIENTED_EDGE('',*,*,#3965,.T.);
#4162 = ORIENTED_EDGE('',*,*,#4148,.T.);
#4163 = ORIENTED_EDGE('',*,*,#4089,.F.);
#4164 = ORIENTED_EDGE('',*,*,#4165,.F.);
#4165 = EDGE_CURVE('',#3958,#4082,#4166,.T.);
#4166 = LINE('',#4167,#4168);
#4167 = CARTESIAN_POINT('',(1.6,-0.8,5.5E-02));
#4168 = VECTOR('',#4169,1.);
#4169 = DIRECTION('',(0.,1.,0.));
#4170 = CYLINDRICAL_SURFACE('',#4171,5.5E-02);
#4171 = AXIS2_PLACEMENT_3D('',#4172,#4173,#4174);
#4172 = CARTESIAN_POINT('',(1.545,-0.8,5.5E-02));
#4173 = DIRECTION('',(0.,1.,0.));
#4174 = DIRECTION('',(1.,0.,0.));
#4175 = ADVANCED_FACE('',(#4176),#4187,.T.);
#4176 = FACE_BOUND('',#4177,.T.);
#4177 = EDGE_LOOP('',(#4178,#4179,#4180,#4181));
#4178 = ORIENTED_EDGE('',*,*,#3957,.F.);
#4179 = ORIENTED_EDGE('',*,*,#4165,.T.);
#4180 = ORIENTED_EDGE('',*,*,#4081,.T.);
#4181 = ORIENTED_EDGE('',*,*,#4182,.F.);
#4182 = EDGE_CURVE('',#3949,#4073,#4183,.T.);
#4183 = LINE('',#4184,#4185);
#4184 = CARTESIAN_POINT('',(1.6,-0.8,0.495));
#4185 = VECTOR('',#4186,1.);
#4186 = DIRECTION('',(0.,1.,0.));
#4187 = PLANE('',#4188);
#4188 = AXIS2_PLACEMENT_3D('',#4189,#4190,#4191);
#4189 = CARTESIAN_POINT('',(1.6,-0.8,0.));
#4190 = DIRECTION('',(1.,0.,0.));
#4191 = DIRECTION('',(0.,0.,1.));
#4192 = ADVANCED_FACE('',(#4193),#4204,.T.);
#4193 = FACE_BOUND('',#4194,.T.);
#4194 = EDGE_LOOP('',(#4195,#4196,#4197,#4203));
#4195 = ORIENTED_EDGE('',*,*,#4182,.T.);
#4196 = ORIENTED_EDGE('',*,*,#4072,.T.);
#4197 = ORIENTED_EDGE('',*,*,#4198,.F.);
#4198 = EDGE_CURVE('',#3941,#4065,#4199,.T.);
#4199 = LINE('',#4200,#4201);
#4200 = CARTESIAN_POINT('',(1.545,-0.8,0.55));
#4201 = VECTOR('',#4202,1.);
#4202 = DIRECTION('',(0.,1.,0.));
#4203 = ORIENTED_EDGE('',*,*,#3948,.F.);
#4204 = CYLINDRICAL_SURFACE('',#4205,5.5E-02);
#4205 = AXIS2_PLACEMENT_3D('',#4206,#4207,#4208);
#4206 = CARTESIAN_POINT('',(1.545,-0.8,0.495));
#4207 = DIRECTION('',(0.,1.,0.));
#4208 = DIRECTION('',(1.,0.,0.));
#4209 = ADVANCED_FACE('',(#4210),#4221,.T.);
#4210 = FACE_BOUND('',#4211,.T.);
#4211 = EDGE_LOOP('',(#4212,#4213,#4219,#4220));
#4212 = ORIENTED_EDGE('',*,*,#4064,.F.);
#4213 = ORIENTED_EDGE('',*,*,#4214,.F.);
#4214 = EDGE_CURVE('',#3932,#4056,#4215,.T.);
#4215 = LINE('',#4216,#4217);
#4216 = CARTESIAN_POINT('',(1.255,-0.8,0.55));
#4217 = VECTOR('',#4218,1.);
#4218 = DIRECTION('',(0.,1.,0.));
#4219 = ORIENTED_EDGE('',*,*,#3940,.T.);
#4220 = ORIENTED_EDGE('',*,*,#4198,.T.);
#4221 = PLANE('',#4222);
#4222 = AXIS2_PLACEMENT_3D('',#4223,#4224,#4225);
#4223 = CARTESIAN_POINT('',(1.2,-0.8,0.55));
#4224 = DIRECTION('',(0.,0.,1.));
#4225 = DIRECTION('',(1.,0.,-0.));
#4226 = ADVANCED_FACE('',(#4227),#4238,.T.);
#4227 = FACE_BOUND('',#4228,.T.);
#4228 = EDGE_LOOP('',(#4229,#4230,#4231,#4232));
#4229 = ORIENTED_EDGE('',*,*,#3931,.T.);
#4230 = ORIENTED_EDGE('',*,*,#4214,.T.);
#4231 = ORIENTED_EDGE('',*,*,#4055,.F.);
#4232 = ORIENTED_EDGE('',*,*,#4233,.F.);
#4233 = EDGE_CURVE('',#3766,#3849,#4234,.T.);
#4234 = LINE('',#4235,#4236);
#4235 = CARTESIAN_POINT('',(1.2,-0.8,0.495));
#4236 = VECTOR('',#4237,1.);
#4237 = DIRECTION('',(0.,1.,0.));
#4238 = CYLINDRICAL_SURFACE('',#4239,5.5E-02);
#4239 = AXIS2_PLACEMENT_3D('',#4240,#4241,#4242);
#4240 = CARTESIAN_POINT('',(1.255,-0.8,0.495));
#4241 = DIRECTION('',(0.,1.,0.));
#4242 = DIRECTION('',(-1.,0.,0.));
#4243 = ADVANCED_FACE('',(#4244),#4255,.T.);
#4244 = FACE_BOUND('',#4245,.T.);
#4245 = EDGE_LOOP('',(#4246,#4247,#4248,#4249));
#4246 = ORIENTED_EDGE('',*,*,#3997,.F.);
#4247 = ORIENTED_EDGE('',*,*,#4233,.T.);
#4248 = ORIENTED_EDGE('',*,*,#4114,.T.);
#4249 = ORIENTED_EDGE('',*,*,#4250,.F.);
#4250 = EDGE_CURVE('',#3990,#4107,#4251,.T.);
#4251 = LINE('',#4252,#4253);
#4252 = CARTESIAN_POINT('',(1.2,-0.8,0.55));
#4253 = VECTOR('',#4254,1.);
#4254 = DIRECTION('',(0.,1.,0.));
#4255 = PLANE('',#4256);
#4256 = AXIS2_PLACEMENT_3D('',#4257,#4258,#4259);
#4257 = CARTESIAN_POINT('',(1.2,-0.8,0.495));
#4258 = DIRECTION('',(1.,0.,0.));
#4259 = DIRECTION('',(0.,0.,1.));
#4260 = ADVANCED_FACE('',(#4261),#4267,.T.);
#4261 = FACE_BOUND('',#4262,.T.);
#4262 = EDGE_LOOP('',(#4263,#4264,#4265,#4266));
#4263 = ORIENTED_EDGE('',*,*,#4021,.F.);
#4264 = ORIENTED_EDGE('',*,*,#3989,.T.);
#4265 = ORIENTED_EDGE('',*,*,#4250,.T.);
#4266 = ORIENTED_EDGE('',*,*,#4106,.F.);
#4267 = PLANE('',#4268);
#4268 = AXIS2_PLACEMENT_3D('',#4269,#4270,#4271);
#4269 = CARTESIAN_POINT('',(-1.2,-0.8,0.55));
#4270 = DIRECTION('',(0.,0.,1.));
#4271 = DIRECTION('',(1.,0.,-0.));
#4272 = ( GEOMETRIC_REPRESENTATION_CONTEXT(3) 
GLOBAL_UNCERTAINTY_ASSIGNED_CONTEXT((#4276)) 
GLOBAL_UNIT_ASSIGNED_CONTEXT((#4273,#4274,#4275)) REPRESENTATION_CONTEXT
('Context #1','3D Context with UNIT and UNCERTAINTY') );
#4273 = ( LENGTH_UNIT() NAMED_UNIT(*) SI_UNIT(.MILLI.,.METRE.) );
#4274 = ( NAMED_UNIT(*) PLANE_ANGLE_UNIT() SI_UNIT($,.RADIAN.) );
#4275 = ( NAMED_UNIT(*) SI_UNIT($,.STERADIAN.) SOLID_ANGLE_UNIT() );
#4276 = UNCERTAINTY_MEASURE_WITH_UNIT(LENGTH_MEASURE(1.E-07),#4273,
  'distance_accuracy_value','confusion accuracy');
#4277 = CONTEXT_DEPENDENT_SHAPE_REPRESENTATION(#4278,#4280);
#4278 = ( REPRESENTATION_RELATIONSHIP('','',#3481,#10) 
REPRESENTATION_RELATIONSHIP_WITH_TRANSFORMATION(#4279) 
SHAPE_REPRESENTATION_RELATIONSHIP() );
#4279 = ITEM_DEFINED_TRANSFORMATION('','',#11,#35);
#4280 = PRODUCT_DEFINITION_SHAPE('Placement','Placement of an item',
  #4281);
#4281 = NEXT_ASSEMBLY_USAGE_OCCURRENCE('6','R5','',#5,#3476,$);
#4282 = PRODUCT_RELATED_PRODUCT_CATEGORY('part',$,(#3478));
#4283 = CONTEXT_DEPENDENT_SHAPE_REPRESENTATION(#4284,#4286);
#4284 = ( REPRESENTATION_RELATIONSHIP('','',#3481,#10) 
REPRESENTATION_RELATIONSHIP_WITH_TRANSFORMATION(#4285) 
SHAPE_REPRESENTATION_RELATIONSHIP() );
#4285 = ITEM_DEFINED_TRANSFORMATION('','',#11,#39);
#4286 = PRODUCT_DEFINITION_SHAPE('Placement','Placement of an item',
  #4287);
#4287 = NEXT_ASSEMBLY_USAGE_OCCURRENCE('7','R1','',#5,#3476,$);
#4288 = SHAPE_DEFINITION_REPRESENTATION(#4289,#4295);
#4289 = PRODUCT_DEFINITION_SHAPE('','',#4290);
#4290 = PRODUCT_DEFINITION('design','',#4291,#4294);
#4291 = PRODUCT_DEFINITION_FORMATION('','',#4292);
#4292 = PRODUCT('LED_0603_1608Metric','LED_0603_1608Metric','',(#4293));
#4293 = PRODUCT_CONTEXT('',#2,'mechanical');
#4294 = PRODUCT_DEFINITION_CONTEXT('part definition',#2,'design');
#4295 = ADVANCED_BREP_SHAPE_REPRESENTATION('',(#11,#4296),#5819);
#4296 = MANIFOLD_SOLID_BREP('',#4297);
#4297 = CLOSED_SHELL('',(#4298,#4338,#4385,#4464,#4488,#4528,#4559,#4576
    ,#4609,#4633,#4700,#4821,#4888,#4912,#4943,#4976,#5032,#5056,#5080,
    #5104,#5137,#5149,#5212,#5237,#5254,#5278,#5296,#5314,#5332,#5349,
    #5366,#5397,#5422,#5447,#5471,#5488,#5519,#5543,#5560,#5588,#5613,
    #5637,#5662,#5709,#5726,#5738,#5760,#5772,#5790,#5808));
#4298 = ADVANCED_FACE('',(#4299),#4333,.F.);
#4299 = FACE_BOUND('',#4300,.F.);
#4300 = EDGE_LOOP('',(#4301,#4311,#4319,#4327));
#4301 = ORIENTED_EDGE('',*,*,#4302,.T.);
#4302 = EDGE_CURVE('',#4303,#4305,#4307,.T.);
#4303 = VERTEX_POINT('',#4304);
#4304 = CARTESIAN_POINT('',(-0.5,-0.4,0.47));
#4305 = VERTEX_POINT('',#4306);
#4306 = CARTESIAN_POINT('',(-0.45,-0.4,1.1));
#4307 = LINE('',#4308,#4309);
#4308 = CARTESIAN_POINT('',(-0.5,-0.4,0.47));
#4309 = VECTOR('',#4310,1.);
#4310 = DIRECTION('',(7.911630099815E-02,0.,0.996865392576));
#4311 = ORIENTED_EDGE('',*,*,#4312,.T.);
#4312 = EDGE_CURVE('',#4305,#4313,#4315,.T.);
#4313 = VERTEX_POINT('',#4314);
#4314 = CARTESIAN_POINT('',(0.45,-0.4,1.1));
#4315 = LINE('',#4316,#4317);
#4316 = CARTESIAN_POINT('',(-0.45,-0.4,1.1));
#4317 = VECTOR('',#4318,1.);
#4318 = DIRECTION('',(1.,0.,0.));
#4319 = ORIENTED_EDGE('',*,*,#4320,.T.);
#4320 = EDGE_CURVE('',#4313,#4321,#4323,.T.);
#4321 = VERTEX_POINT('',#4322);
#4322 = CARTESIAN_POINT('',(0.5,-0.4,0.47));
#4323 = LINE('',#4324,#4325);
#4324 = CARTESIAN_POINT('',(0.45,-0.4,1.1));
#4325 = VECTOR('',#4326,1.);
#4326 = DIRECTION('',(7.911630099815E-02,0.,-0.996865392576));
#4327 = ORIENTED_EDGE('',*,*,#4328,.T.);
#4328 = EDGE_CURVE('',#4321,#4303,#4329,.T.);
#4329 = LINE('',#4330,#4331);
#4330 = CARTESIAN_POINT('',(0.5,-0.4,0.47));
#4331 = VECTOR('',#4332,1.);
#4332 = DIRECTION('',(-1.,0.,0.));
#4333 = PLANE('',#4334);
#4334 = AXIS2_PLACEMENT_3D('',#4335,#4336,#4337);
#4335 = CARTESIAN_POINT('',(-8.772411109409E-18,-0.4,0.775044128294));
#4336 = DIRECTION('',(0.,1.,0.));
#4337 = DIRECTION('',(0.,-0.,1.));
#4338 = ADVANCED_FACE('',(#4339),#4380,.T.);
#4339 = FACE_BOUND('',#4340,.T.);
#4340 = EDGE_LOOP('',(#4341,#4351,#4359,#4365,#4366,#4374));
#4341 = ORIENTED_EDGE('',*,*,#4342,.T.);
#4342 = EDGE_CURVE('',#4343,#4345,#4347,.T.);
#4343 = VERTEX_POINT('',#4344);
#4344 = CARTESIAN_POINT('',(-0.5,0.4,0.47));
#4345 = VERTEX_POINT('',#4346);
#4346 = CARTESIAN_POINT('',(-0.5,0.3,0.47));
#4347 = LINE('',#4348,#4349);
#4348 = CARTESIAN_POINT('',(-0.5,0.4,0.47));
#4349 = VECTOR('',#4350,1.);
#4350 = DIRECTION('',(0.,-1.,0.));
#4351 = ORIENTED_EDGE('',*,*,#4352,.F.);
#4352 = EDGE_CURVE('',#4353,#4345,#4355,.T.);
#4353 = VERTEX_POINT('',#4354);
#4354 = CARTESIAN_POINT('',(-0.5,-0.3,0.47));
#4355 = LINE('',#4356,#4357);
#4356 = CARTESIAN_POINT('',(-0.5,-0.4,0.47));
#4357 = VECTOR('',#4358,1.);
#4358 = DIRECTION('',(0.,1.,0.));
#4359 = ORIENTED_EDGE('',*,*,#4360,.T.);
#4360 = EDGE_CURVE('',#4353,#4303,#4361,.T.);
#4361 = LINE('',#4362,#4363);
#4362 = CARTESIAN_POINT('',(-0.5,0.4,0.47));
#4363 = VECTOR('',#4364,1.);
#4364 = DIRECTION('',(0.,-1.,0.));
#4365 = ORIENTED_EDGE('',*,*,#4302,.T.);
#4366 = ORIENTED_EDGE('',*,*,#4367,.F.);
#4367 = EDGE_CURVE('',#4368,#4305,#4370,.T.);
#4368 = VERTEX_POINT('',#4369);
#4369 = CARTESIAN_POINT('',(-0.45,0.4,1.1));
#4370 = LINE('',#4371,#4372);
#4371 = CARTESIAN_POINT('',(-0.45,0.4,1.1));
#4372 = VECTOR('',#4373,1.);
#4373 = DIRECTION('',(0.,-1.,0.));
#4374 = ORIENTED_EDGE('',*,*,#4375,.F.);
#4375 = EDGE_CURVE('',#4343,#4368,#4376,.T.);
#4376 = LINE('',#4377,#4378);
#4377 = CARTESIAN_POINT('',(-0.5,0.4,0.47));
#4378 = VECTOR('',#4379,1.);
#4379 = DIRECTION('',(7.911630099815E-02,0.,0.996865392576));
#4380 = PLANE('',#4381);
#4381 = AXIS2_PLACEMENT_3D('',#4382,#4383,#4384);
#4382 = CARTESIAN_POINT('',(-0.5,0.4,0.47));
#4383 = DIRECTION('',(-0.996865392576,0.,7.911630099815E-02));
#4384 = DIRECTION('',(7.911630099815E-02,0.,0.996865392576));
#4385 = ADVANCED_FACE('',(#4386),#4459,.F.);
#4386 = FACE_BOUND('',#4387,.F.);
#4387 = EDGE_LOOP('',(#4388,#4398,#4406,#4414,#4420,#4421,#4429,#4437,
    #4445,#4453));
#4388 = ORIENTED_EDGE('',*,*,#4389,.F.);
#4389 = EDGE_CURVE('',#4390,#4392,#4394,.T.);
#4390 = VERTEX_POINT('',#4391);
#4391 = CARTESIAN_POINT('',(-0.77,-0.4,3.E-02));
#4392 = VERTEX_POINT('',#4393);
#4393 = CARTESIAN_POINT('',(-0.725,-0.4,3.E-02));
#4394 = LINE('',#4395,#4396);
#4395 = CARTESIAN_POINT('',(-0.77,-0.4,3.E-02));
#4396 = VECTOR('',#4397,1.);
#4397 = DIRECTION('',(1.,0.,0.));
#4398 = ORIENTED_EDGE('',*,*,#4399,.T.);
#4399 = EDGE_CURVE('',#4390,#4400,#4402,.T.);
#4400 = VERTEX_POINT('',#4401);
#4401 = CARTESIAN_POINT('',(-0.77,-0.4,0.47));
#4402 = LINE('',#4403,#4404);
#4403 = CARTESIAN_POINT('',(-0.77,-0.4,3.E-02));
#4404 = VECTOR('',#4405,1.);
#4405 = DIRECTION('',(0.,0.,1.));
#4406 = ORIENTED_EDGE('',*,*,#4407,.T.);
#4407 = EDGE_CURVE('',#4400,#4408,#4410,.T.);
#4408 = VERTEX_POINT('',#4409);
#4409 = CARTESIAN_POINT('',(-0.725,-0.4,0.47));
#4410 = LINE('',#4411,#4412);
#4411 = CARTESIAN_POINT('',(-0.77,-0.4,0.47));
#4412 = VECTOR('',#4413,1.);
#4413 = DIRECTION('',(1.,0.,0.));
#4414 = ORIENTED_EDGE('',*,*,#4415,.T.);
#4415 = EDGE_CURVE('',#4408,#4303,#4416,.T.);
#4416 = LINE('',#4417,#4418);
#4417 = CARTESIAN_POINT('',(-0.77,-0.4,0.47));
#4418 = VECTOR('',#4419,1.);
#4419 = DIRECTION('',(1.,0.,0.));
#4420 = ORIENTED_EDGE('',*,*,#4328,.F.);
#4421 = ORIENTED_EDGE('',*,*,#4422,.T.);
#4422 = EDGE_CURVE('',#4321,#4423,#4425,.T.);
#4423 = VERTEX_POINT('',#4424);
#4424 = CARTESIAN_POINT('',(0.725,-0.4,0.47));
#4425 = LINE('',#4426,#4427);
#4426 = CARTESIAN_POINT('',(-0.77,-0.4,0.47));
#4427 = VECTOR('',#4428,1.);
#4428 = DIRECTION('',(1.,0.,0.));
#4429 = ORIENTED_EDGE('',*,*,#4430,.T.);
#4430 = EDGE_CURVE('',#4423,#4431,#4433,.T.);
#4431 = VERTEX_POINT('',#4432);
#4432 = CARTESIAN_POINT('',(0.77,-0.4,0.47));
#4433 = LINE('',#4434,#4435);
#4434 = CARTESIAN_POINT('',(-0.77,-0.4,0.47));
#4435 = VECTOR('',#4436,1.);
#4436 = DIRECTION('',(1.,0.,0.));
#4437 = ORIENTED_EDGE('',*,*,#4438,.F.);
#4438 = EDGE_CURVE('',#4439,#4431,#4441,.T.);
#4439 = VERTEX_POINT('',#4440);
#4440 = CARTESIAN_POINT('',(0.77,-0.4,3.E-02));
#4441 = LINE('',#4442,#4443);
#4442 = CARTESIAN_POINT('',(0.77,-0.4,3.E-02));
#4443 = VECTOR('',#4444,1.);
#4444 = DIRECTION('',(0.,0.,1.));
#4445 = ORIENTED_EDGE('',*,*,#4446,.F.);
#4446 = EDGE_CURVE('',#4447,#4439,#4449,.T.);
#4447 = VERTEX_POINT('',#4448);
#4448 = CARTESIAN_POINT('',(0.725,-0.4,3.E-02));
#4449 = LINE('',#4450,#4451);
#4450 = CARTESIAN_POINT('',(-0.77,-0.4,3.E-02));
#4451 = VECTOR('',#4452,1.);
#4452 = DIRECTION('',(1.,0.,0.));
#4453 = ORIENTED_EDGE('',*,*,#4454,.F.);
#4454 = EDGE_CURVE('',#4392,#4447,#4455,.T.);
#4455 = LINE('',#4456,#4457);
#4456 = CARTESIAN_POINT('',(-0.77,-0.4,3.E-02));
#4457 = VECTOR('',#4458,1.);
#4458 = DIRECTION('',(1.,0.,0.));
#4459 = PLANE('',#4460);
#4460 = AXIS2_PLACEMENT_3D('',#4461,#4462,#4463);
#4461 = CARTESIAN_POINT('',(-0.77,-0.4,3.E-02));
#4462 = DIRECTION('',(0.,1.,0.));
#4463 = DIRECTION('',(0.,-0.,1.));
#4464 = ADVANCED_FACE('',(#4465),#4483,.T.);
#4465 = FACE_BOUND('',#4466,.T.);
#4466 = EDGE_LOOP('',(#4467,#4468,#4469,#4477));
#4467 = ORIENTED_EDGE('',*,*,#4367,.T.);
#4468 = ORIENTED_EDGE('',*,*,#4312,.T.);
#4469 = ORIENTED_EDGE('',*,*,#4470,.F.);
#4470 = EDGE_CURVE('',#4471,#4313,#4473,.T.);
#4471 = VERTEX_POINT('',#4472);
#4472 = CARTESIAN_POINT('',(0.45,0.4,1.1));
#4473 = LINE('',#4474,#4475);
#4474 = CARTESIAN_POINT('',(0.45,0.4,1.1));
#4475 = VECTOR('',#4476,1.);
#4476 = DIRECTION('',(0.,-1.,0.));
#4477 = ORIENTED_EDGE('',*,*,#4478,.F.);
#4478 = EDGE_CURVE('',#4368,#4471,#4479,.T.);
#4479 = LINE('',#4480,#4481);
#4480 = CARTESIAN_POINT('',(-0.45,0.4,1.1));
#4481 = VECTOR('',#4482,1.);
#4482 = DIRECTION('',(1.,0.,0.));
#4483 = PLANE('',#4484);
#4484 = AXIS2_PLACEMENT_3D('',#4485,#4486,#4487);
#4485 = CARTESIAN_POINT('',(-0.45,0.4,1.1));
#4486 = DIRECTION('',(0.,0.,1.));
#4487 = DIRECTION('',(1.,0.,-0.));
#4488 = ADVANCED_FACE('',(#4489),#4523,.T.);
#4489 = FACE_BOUND('',#4490,.T.);
#4490 = EDGE_LOOP('',(#4491,#4492,#4493,#4501,#4509,#4517));
#4491 = ORIENTED_EDGE('',*,*,#4470,.T.);
#4492 = ORIENTED_EDGE('',*,*,#4320,.T.);
#4493 = ORIENTED_EDGE('',*,*,#4494,.F.);
#4494 = EDGE_CURVE('',#4495,#4321,#4497,.T.);
#4495 = VERTEX_POINT('',#4496);
#4496 = CARTESIAN_POINT('',(0.5,-0.3,0.47));
#4497 = LINE('',#4498,#4499);
#4498 = CARTESIAN_POINT('',(0.5,0.4,0.47));
#4499 = VECTOR('',#4500,1.);
#4500 = DIRECTION('',(0.,-1.,0.));
#4501 = ORIENTED_EDGE('',*,*,#4502,.T.);
#4502 = EDGE_CURVE('',#4495,#4503,#4505,.T.);
#4503 = VERTEX_POINT('',#4504);
#4504 = CARTESIAN_POINT('',(0.5,0.3,0.47));
#4505 = LINE('',#4506,#4507);
#4506 = CARTESIAN_POINT('',(0.5,-0.4,0.47));
#4507 = VECTOR('',#4508,1.);
#4508 = DIRECTION('',(0.,1.,0.));
#4509 = ORIENTED_EDGE('',*,*,#4510,.F.);
#4510 = EDGE_CURVE('',#4511,#4503,#4513,.T.);
#4511 = VERTEX_POINT('',#4512);
#4512 = CARTESIAN_POINT('',(0.5,0.4,0.47));
#4513 = LINE('',#4514,#4515);
#4514 = CARTESIAN_POINT('',(0.5,0.4,0.47));
#4515 = VECTOR('',#4516,1.);
#4516 = DIRECTION('',(0.,-1.,0.));
#4517 = ORIENTED_EDGE('',*,*,#4518,.F.);
#4518 = EDGE_CURVE('',#4471,#4511,#4519,.T.);
#4519 = LINE('',#4520,#4521);
#4520 = CARTESIAN_POINT('',(0.45,0.4,1.1));
#4521 = VECTOR('',#4522,1.);
#4522 = DIRECTION('',(7.911630099815E-02,0.,-0.996865392576));
#4523 = PLANE('',#4524);
#4524 = AXIS2_PLACEMENT_3D('',#4525,#4526,#4527);
#4525 = CARTESIAN_POINT('',(0.45,0.4,1.1));
#4526 = DIRECTION('',(0.996865392576,0.,7.911630099815E-02));
#4527 = DIRECTION('',(7.911630099815E-02,0.,-0.996865392576));
#4528 = ADVANCED_FACE('',(#4529),#4554,.T.);
#4529 = FACE_BOUND('',#4530,.T.);
#4530 = EDGE_LOOP('',(#4531,#4539,#4547,#4553));
#4531 = ORIENTED_EDGE('',*,*,#4532,.F.);
#4532 = EDGE_CURVE('',#4533,#4343,#4535,.T.);
#4533 = VERTEX_POINT('',#4534);
#4534 = CARTESIAN_POINT('',(-0.725,0.4,0.47));
#4535 = LINE('',#4536,#4537);
#4536 = CARTESIAN_POINT('',(-0.77,0.4,0.47));
#4537 = VECTOR('',#4538,1.);
#4538 = DIRECTION('',(1.,0.,0.));
#4539 = ORIENTED_EDGE('',*,*,#4540,.F.);
#4540 = EDGE_CURVE('',#4541,#4533,#4543,.T.);
#4541 = VERTEX_POINT('',#4542);
#4542 = CARTESIAN_POINT('',(-0.725,0.3,0.47));
#4543 = LINE('',#4544,#4545);
#4544 = CARTESIAN_POINT('',(-0.725,5.E-02,0.47));
#4545 = VECTOR('',#4546,1.);
#4546 = DIRECTION('',(0.,1.,0.));
#4547 = ORIENTED_EDGE('',*,*,#4548,.F.);
#4548 = EDGE_CURVE('',#4345,#4541,#4549,.T.);
#4549 = LINE('',#4550,#4551);
#4550 = CARTESIAN_POINT('',(-0.7475,0.3,0.47));
#4551 = VECTOR('',#4552,1.);
#4552 = DIRECTION('',(-1.,0.,0.));
#4553 = ORIENTED_EDGE('',*,*,#4342,.F.);
#4554 = PLANE('',#4555);
#4555 = AXIS2_PLACEMENT_3D('',#4556,#4557,#4558);
#4556 = CARTESIAN_POINT('',(-0.77,-0.4,0.47));
#4557 = DIRECTION('',(0.,0.,1.));
#4558 = DIRECTION('',(1.,0.,-0.));
#4559 = ADVANCED_FACE('',(#4560),#4571,.T.);
#4560 = FACE_BOUND('',#4561,.T.);
#4561 = EDGE_LOOP('',(#4562,#4563,#4564,#4565));
#4562 = ORIENTED_EDGE('',*,*,#4375,.T.);
#4563 = ORIENTED_EDGE('',*,*,#4478,.T.);
#4564 = ORIENTED_EDGE('',*,*,#4518,.T.);
#4565 = ORIENTED_EDGE('',*,*,#4566,.T.);
#4566 = EDGE_CURVE('',#4511,#4343,#4567,.T.);
#4567 = LINE('',#4568,#4569);
#4568 = CARTESIAN_POINT('',(0.5,0.4,0.47));
#4569 = VECTOR('',#4570,1.);
#4570 = DIRECTION('',(-1.,0.,0.));
#4571 = PLANE('',#4572);
#4572 = AXIS2_PLACEMENT_3D('',#4573,#4574,#4575);
#4573 = CARTESIAN_POINT('',(-8.772411109409E-18,0.4,0.775044128294));
#4574 = DIRECTION('',(0.,1.,0.));
#4575 = DIRECTION('',(0.,-0.,1.));
#4576 = ADVANCED_FACE('',(#4577),#4604,.T.);
#4577 = FACE_BOUND('',#4578,.T.);
#4578 = EDGE_LOOP('',(#4579,#4588,#4596,#4603));
#4579 = ORIENTED_EDGE('',*,*,#4580,.F.);
#4580 = EDGE_CURVE('',#4581,#4345,#4583,.T.);
#4581 = VERTEX_POINT('',#4582);
#4582 = CARTESIAN_POINT('',(-0.53,0.3,0.5));
#4583 = CIRCLE('',#4584,3.E-02);
#4584 = AXIS2_PLACEMENT_3D('',#4585,#4586,#4587);
#4585 = CARTESIAN_POINT('',(-0.53,0.3,0.47));
#4586 = DIRECTION('',(-0.,1.,0.));
#4587 = DIRECTION('',(1.,0.,0.));
#4588 = ORIENTED_EDGE('',*,*,#4589,.F.);
#4589 = EDGE_CURVE('',#4590,#4581,#4592,.T.);
#4590 = VERTEX_POINT('',#4591);
#4591 = CARTESIAN_POINT('',(-0.53,-0.3,0.5));
#4592 = LINE('',#4593,#4594);
#4593 = CARTESIAN_POINT('',(-0.53,-0.4,0.5));
#4594 = VECTOR('',#4595,1.);
#4595 = DIRECTION('',(0.,1.,0.));
#4596 = ORIENTED_EDGE('',*,*,#4597,.T.);
#4597 = EDGE_CURVE('',#4590,#4353,#4598,.T.);
#4598 = CIRCLE('',#4599,3.E-02);
#4599 = AXIS2_PLACEMENT_3D('',#4600,#4601,#4602);
#4600 = CARTESIAN_POINT('',(-0.53,-0.3,0.47));
#4601 = DIRECTION('',(-0.,1.,0.));
#4602 = DIRECTION('',(1.,0.,0.));
#4603 = ORIENTED_EDGE('',*,*,#4352,.T.);
#4604 = CYLINDRICAL_SURFACE('',#4605,3.E-02);
#4605 = AXIS2_PLACEMENT_3D('',#4606,#4607,#4608);
#4606 = CARTESIAN_POINT('',(-0.53,-0.4,0.47));
#4607 = DIRECTION('',(0.,1.,0.));
#4608 = DIRECTION('',(1.,0.,0.));
#4609 = ADVANCED_FACE('',(#4610),#4628,.T.);
#4610 = FACE_BOUND('',#4611,.T.);
#4611 = EDGE_LOOP('',(#4612,#4620,#4621,#4622));
#4612 = ORIENTED_EDGE('',*,*,#4613,.F.);
#4613 = EDGE_CURVE('',#4408,#4614,#4616,.T.);
#4614 = VERTEX_POINT('',#4615);
#4615 = CARTESIAN_POINT('',(-0.725,-0.3,0.47));
#4616 = LINE('',#4617,#4618);
#4617 = CARTESIAN_POINT('',(-0.725,-0.35,0.47));
#4618 = VECTOR('',#4619,1.);
#4619 = DIRECTION('',(0.,1.,0.));
#4620 = ORIENTED_EDGE('',*,*,#4415,.T.);
#4621 = ORIENTED_EDGE('',*,*,#4360,.F.);
#4622 = ORIENTED_EDGE('',*,*,#4623,.F.);
#4623 = EDGE_CURVE('',#4614,#4353,#4624,.T.);
#4624 = LINE('',#4625,#4626);
#4625 = CARTESIAN_POINT('',(-2.25E-02,-0.3,0.47));
#4626 = VECTOR('',#4627,1.);
#4627 = DIRECTION('',(1.,0.,0.));
#4628 = PLANE('',#4629);
#4629 = AXIS2_PLACEMENT_3D('',#4630,#4631,#4632);
#4630 = CARTESIAN_POINT('',(-0.77,-0.4,0.47));
#4631 = DIRECTION('',(0.,0.,1.));
#4632 = DIRECTION('',(1.,0.,-0.));
#4633 = ADVANCED_FACE('',(#4634),#4695,.F.);
#4634 = FACE_BOUND('',#4635,.F.);
#4635 = EDGE_LOOP('',(#4636,#4646,#4655,#4663,#4672,#4680,#4686,#4687,
    #4688,#4689));
#4636 = ORIENTED_EDGE('',*,*,#4637,.F.);
#4637 = EDGE_CURVE('',#4638,#4640,#4642,.T.);
#4638 = VERTEX_POINT('',#4639);
#4639 = CARTESIAN_POINT('',(-0.77,-0.4,-3.469446951954E-18));
#4640 = VERTEX_POINT('',#4641);
#4641 = CARTESIAN_POINT('',(-0.725,-0.4,0.));
#4642 = LINE('',#4643,#4644);
#4643 = CARTESIAN_POINT('',(-0.8,-0.4,0.));
#4644 = VECTOR('',#4645,1.);
#4645 = DIRECTION('',(1.,0.,0.));
#4646 = ORIENTED_EDGE('',*,*,#4647,.F.);
#4647 = EDGE_CURVE('',#4648,#4638,#4650,.T.);
#4648 = VERTEX_POINT('',#4649);
#4649 = CARTESIAN_POINT('',(-0.8,-0.4,3.E-02));
#4650 = CIRCLE('',#4651,3.E-02);
#4651 = AXIS2_PLACEMENT_3D('',#4652,#4653,#4654);
#4652 = CARTESIAN_POINT('',(-0.77,-0.4,3.E-02));
#4653 = DIRECTION('',(0.,-1.,0.));
#4654 = DIRECTION('',(0.,0.,1.));
#4655 = ORIENTED_EDGE('',*,*,#4656,.T.);
#4656 = EDGE_CURVE('',#4648,#4657,#4659,.T.);
#4657 = VERTEX_POINT('',#4658);
#4658 = CARTESIAN_POINT('',(-0.8,-0.4,0.47));
#4659 = LINE('',#4660,#4661);
#4660 = CARTESIAN_POINT('',(-0.8,-0.4,0.));
#4661 = VECTOR('',#4662,1.);
#4662 = DIRECTION('',(0.,0.,1.));
#4663 = ORIENTED_EDGE('',*,*,#4664,.T.);
#4664 = EDGE_CURVE('',#4657,#4665,#4667,.T.);
#4665 = VERTEX_POINT('',#4666);
#4666 = CARTESIAN_POINT('',(-0.77,-0.4,0.5));
#4667 = CIRCLE('',#4668,3.E-02);
#4668 = AXIS2_PLACEMENT_3D('',#4669,#4670,#4671);
#4669 = CARTESIAN_POINT('',(-0.77,-0.4,0.47));
#4670 = DIRECTION('',(0.,1.,0.));
#4671 = DIRECTION('',(0.,-0.,1.));
#4672 = ORIENTED_EDGE('',*,*,#4673,.T.);
#4673 = EDGE_CURVE('',#4665,#4674,#4676,.T.);
#4674 = VERTEX_POINT('',#4675);
#4675 = CARTESIAN_POINT('',(-0.725,-0.4,0.5));
#4676 = LINE('',#4677,#4678);
#4677 = CARTESIAN_POINT('',(-0.8,-0.4,0.5));
#4678 = VECTOR('',#4679,1.);
#4679 = DIRECTION('',(1.,0.,0.));
#4680 = ORIENTED_EDGE('',*,*,#4681,.F.);
#4681 = EDGE_CURVE('',#4408,#4674,#4682,.T.);
#4682 = LINE('',#4683,#4684);
#4683 = CARTESIAN_POINT('',(-0.725,-0.4,0.375));
#4684 = VECTOR('',#4685,1.);
#4685 = DIRECTION('',(0.,0.,1.));
#4686 = ORIENTED_EDGE('',*,*,#4407,.F.);
#4687 = ORIENTED_EDGE('',*,*,#4399,.F.);
#4688 = ORIENTED_EDGE('',*,*,#4389,.T.);
#4689 = ORIENTED_EDGE('',*,*,#4690,.F.);
#4690 = EDGE_CURVE('',#4640,#4392,#4691,.T.);
#4691 = LINE('',#4692,#4693);
#4692 = CARTESIAN_POINT('',(-0.725,-0.4,0.375));
#4693 = VECTOR('',#4694,1.);
#4694 = DIRECTION('',(0.,0.,1.));
#4695 = PLANE('',#4696);
#4696 = AXIS2_PLACEMENT_3D('',#4697,#4698,#4699);
#4697 = CARTESIAN_POINT('',(-0.8,-0.4,0.));
#4698 = DIRECTION('',(0.,1.,0.));
#4699 = DIRECTION('',(0.,-0.,1.));
#4700 = ADVANCED_FACE('',(#4701,#4790),#4816,.F.);
#4701 = FACE_BOUND('',#4702,.F.);
#4702 = EDGE_LOOP('',(#4703,#4711,#4712,#4720,#4728,#4736,#4744,#4752,
    #4760,#4768,#4776,#4784));
#4703 = ORIENTED_EDGE('',*,*,#4704,.F.);
#4704 = EDGE_CURVE('',#4392,#4705,#4707,.T.);
#4705 = VERTEX_POINT('',#4706);
#4706 = CARTESIAN_POINT('',(-0.725,-0.3,3.E-02));
#4707 = LINE('',#4708,#4709);
#4708 = CARTESIAN_POINT('',(-0.725,-0.35,3.E-02));
#4709 = VECTOR('',#4710,1.);
#4710 = DIRECTION('',(0.,1.,0.));
#4711 = ORIENTED_EDGE('',*,*,#4454,.T.);
#4712 = ORIENTED_EDGE('',*,*,#4713,.F.);
#4713 = EDGE_CURVE('',#4714,#4447,#4716,.T.);
#4714 = VERTEX_POINT('',#4715);
#4715 = CARTESIAN_POINT('',(0.725,-0.3,3.E-02));
#4716 = LINE('',#4717,#4718);
#4717 = CARTESIAN_POINT('',(0.725,-0.45,3.E-02));
#4718 = VECTOR('',#4719,1.);
#4719 = DIRECTION('',(0.,-1.,0.));
#4720 = ORIENTED_EDGE('',*,*,#4721,.F.);
#4721 = EDGE_CURVE('',#4722,#4714,#4724,.T.);
#4722 = VERTEX_POINT('',#4723);
#4723 = CARTESIAN_POINT('',(0.5,-0.3,3.E-02));
#4724 = LINE('',#4725,#4726);
#4725 = CARTESIAN_POINT('',(-2.25E-02,-0.3,3.E-02));
#4726 = VECTOR('',#4727,1.);
#4727 = DIRECTION('',(1.,0.,0.));
#4728 = ORIENTED_EDGE('',*,*,#4729,.T.);
#4729 = EDGE_CURVE('',#4722,#4730,#4732,.T.);
#4730 = VERTEX_POINT('',#4731);
#4731 = CARTESIAN_POINT('',(0.5,0.3,3.E-02));
#4732 = LINE('',#4733,#4734);
#4733 = CARTESIAN_POINT('',(0.5,-0.4,3.E-02));
#4734 = VECTOR('',#4735,1.);
#4735 = DIRECTION('',(0.,1.,0.));
#4736 = ORIENTED_EDGE('',*,*,#4737,.F.);
#4737 = EDGE_CURVE('',#4738,#4730,#4740,.T.);
#4738 = VERTEX_POINT('',#4739);
#4739 = CARTESIAN_POINT('',(0.725,0.3,3.E-02));
#4740 = LINE('',#4741,#4742);
#4741 = CARTESIAN_POINT('',(-0.7475,0.3,3.E-02));
#4742 = VECTOR('',#4743,1.);
#4743 = DIRECTION('',(-1.,0.,0.));
#4744 = ORIENTED_EDGE('',*,*,#4745,.F.);
#4745 = EDGE_CURVE('',#4746,#4738,#4748,.T.);
#4746 = VERTEX_POINT('',#4747);
#4747 = CARTESIAN_POINT('',(0.725,0.4,3.E-02));
#4748 = LINE('',#4749,#4750);
#4749 = CARTESIAN_POINT('',(0.725,-5.E-02,3.E-02));
#4750 = VECTOR('',#4751,1.);
#4751 = DIRECTION('',(0.,-1.,0.));
#4752 = ORIENTED_EDGE('',*,*,#4753,.F.);
#4753 = EDGE_CURVE('',#4754,#4746,#4756,.T.);
#4754 = VERTEX_POINT('',#4755);
#4755 = CARTESIAN_POINT('',(-0.725,0.4,3.E-02));
#4756 = LINE('',#4757,#4758);
#4757 = CARTESIAN_POINT('',(-0.77,0.4,3.E-02));
#4758 = VECTOR('',#4759,1.);
#4759 = DIRECTION('',(1.,0.,0.));
#4760 = ORIENTED_EDGE('',*,*,#4761,.F.);
#4761 = EDGE_CURVE('',#4762,#4754,#4764,.T.);
#4762 = VERTEX_POINT('',#4763);
#4763 = CARTESIAN_POINT('',(-0.725,0.3,3.E-02));
#4764 = LINE('',#4765,#4766);
#4765 = CARTESIAN_POINT('',(-0.725,5.E-02,3.E-02));
#4766 = VECTOR('',#4767,1.);
#4767 = DIRECTION('',(0.,1.,0.));
#4768 = ORIENTED_EDGE('',*,*,#4769,.F.);
#4769 = EDGE_CURVE('',#4770,#4762,#4772,.T.);
#4770 = VERTEX_POINT('',#4771);
#4771 = CARTESIAN_POINT('',(-0.5,0.3,3.E-02));
#4772 = LINE('',#4773,#4774);
#4773 = CARTESIAN_POINT('',(-0.7475,0.3,3.E-02));
#4774 = VECTOR('',#4775,1.);
#4775 = DIRECTION('',(-1.,0.,0.));
#4776 = ORIENTED_EDGE('',*,*,#4777,.F.);
#4777 = EDGE_CURVE('',#4778,#4770,#4780,.T.);
#4778 = VERTEX_POINT('',#4779);
#4779 = CARTESIAN_POINT('',(-0.5,-0.3,3.E-02));
#4780 = LINE('',#4781,#4782);
#4781 = CARTESIAN_POINT('',(-0.5,-0.4,3.E-02));
#4782 = VECTOR('',#4783,1.);
#4783 = DIRECTION('',(0.,1.,0.));
#4784 = ORIENTED_EDGE('',*,*,#4785,.F.);
#4785 = EDGE_CURVE('',#4705,#4778,#4786,.T.);
#4786 = LINE('',#4787,#4788);
#4787 = CARTESIAN_POINT('',(-2.25E-02,-0.3,3.E-02));
#4788 = VECTOR('',#4789,1.);
#4789 = DIRECTION('',(1.,0.,0.));
#4790 = FACE_BOUND('',#4791,.F.);
#4791 = EDGE_LOOP('',(#4792,#4802,#4810));
#4792 = ORIENTED_EDGE('',*,*,#4793,.T.);
#4793 = EDGE_CURVE('',#4794,#4796,#4798,.T.);
#4794 = VERTEX_POINT('',#4795);
#4795 = CARTESIAN_POINT('',(0.277128129211,0.32,3.E-02));
#4796 = VERTEX_POINT('',#4797);
#4797 = CARTESIAN_POINT('',(0.277128129211,-0.32,3.E-02));
#4798 = LINE('',#4799,#4800);
#4799 = CARTESIAN_POINT('',(0.277128129211,0.32,3.E-02));
#4800 = VECTOR('',#4801,1.);
#4801 = DIRECTION('',(0.,-1.,0.));
#4802 = ORIENTED_EDGE('',*,*,#4803,.T.);
#4803 = EDGE_CURVE('',#4796,#4804,#4806,.T.);
#4804 = VERTEX_POINT('',#4805);
#4805 = CARTESIAN_POINT('',(-0.277128129211,0.,3.E-02));
#4806 = LINE('',#4807,#4808);
#4807 = CARTESIAN_POINT('',(0.277128129211,-0.32,3.E-02));
#4808 = VECTOR('',#4809,1.);
#4809 = DIRECTION('',(-0.866025403784,0.5,0.));
#4810 = ORIENTED_EDGE('',*,*,#4811,.T.);
#4811 = EDGE_CURVE('',#4804,#4794,#4812,.T.);
#4812 = LINE('',#4813,#4814);
#4813 = CARTESIAN_POINT('',(-0.277128129211,0.,3.E-02));
#4814 = VECTOR('',#4815,1.);
#4815 = DIRECTION('',(0.866025403784,0.5,0.));
#4816 = PLANE('',#4817);
#4817 = AXIS2_PLACEMENT_3D('',#4818,#4819,#4820);
#4818 = CARTESIAN_POINT('',(-0.77,-0.4,3.E-02));
#4819 = DIRECTION('',(0.,0.,1.));
#4820 = DIRECTION('',(1.,0.,-0.));
#4821 = ADVANCED_FACE('',(#4822),#4883,.F.);
#4822 = FACE_BOUND('',#4823,.F.);
#4823 = EDGE_LOOP('',(#4824,#4834,#4840,#4841,#4842,#4843,#4851,#4859,
    #4868,#4876));
#4824 = ORIENTED_EDGE('',*,*,#4825,.F.);
#4825 = EDGE_CURVE('',#4826,#4828,#4830,.T.);
#4826 = VERTEX_POINT('',#4827);
#4827 = CARTESIAN_POINT('',(0.725,-0.4,0.));
#4828 = VERTEX_POINT('',#4829);
#4829 = CARTESIAN_POINT('',(0.77,-0.4,-3.469446951954E-18));
#4830 = LINE('',#4831,#4832);
#4831 = CARTESIAN_POINT('',(0.5,-0.4,0.));
#4832 = VECTOR('',#4833,1.);
#4833 = DIRECTION('',(1.,0.,0.));
#4834 = ORIENTED_EDGE('',*,*,#4835,.F.);
#4835 = EDGE_CURVE('',#4447,#4826,#4836,.T.);
#4836 = LINE('',#4837,#4838);
#4837 = CARTESIAN_POINT('',(0.725,-0.4,0.375));
#4838 = VECTOR('',#4839,1.);
#4839 = DIRECTION('',(0.,0.,-1.));
#4840 = ORIENTED_EDGE('',*,*,#4446,.T.);
#4841 = ORIENTED_EDGE('',*,*,#4438,.T.);
#4842 = ORIENTED_EDGE('',*,*,#4430,.F.);
#4843 = ORIENTED_EDGE('',*,*,#4844,.F.);
#4844 = EDGE_CURVE('',#4845,#4423,#4847,.T.);
#4845 = VERTEX_POINT('',#4846);
#4846 = CARTESIAN_POINT('',(0.725,-0.4,0.5));
#4847 = LINE('',#4848,#4849);
#4848 = CARTESIAN_POINT('',(0.725,-0.4,0.375));
#4849 = VECTOR('',#4850,1.);
#4850 = DIRECTION('',(0.,0.,-1.));
#4851 = ORIENTED_EDGE('',*,*,#4852,.T.);
#4852 = EDGE_CURVE('',#4845,#4853,#4855,.T.);
#4853 = VERTEX_POINT('',#4854);
#4854 = CARTESIAN_POINT('',(0.77,-0.4,0.5));
#4855 = LINE('',#4856,#4857);
#4856 = CARTESIAN_POINT('',(0.5,-0.4,0.5));
#4857 = VECTOR('',#4858,1.);
#4858 = DIRECTION('',(1.,0.,0.));
#4859 = ORIENTED_EDGE('',*,*,#4860,.F.);
#4860 = EDGE_CURVE('',#4861,#4853,#4863,.T.);
#4861 = VERTEX_POINT('',#4862);
#4862 = CARTESIAN_POINT('',(0.8,-0.4,0.47));
#4863 = CIRCLE('',#4864,3.E-02);
#4864 = AXIS2_PLACEMENT_3D('',#4865,#4866,#4867);
#4865 = CARTESIAN_POINT('',(0.77,-0.4,0.47));
#4866 = DIRECTION('',(0.,-1.,0.));
#4867 = DIRECTION('',(0.,0.,1.));
#4868 = ORIENTED_EDGE('',*,*,#4869,.F.);
#4869 = EDGE_CURVE('',#4870,#4861,#4872,.T.);
#4870 = VERTEX_POINT('',#4871);
#4871 = CARTESIAN_POINT('',(0.8,-0.4,3.E-02));
#4872 = LINE('',#4873,#4874);
#4873 = CARTESIAN_POINT('',(0.8,-0.4,0.));
#4874 = VECTOR('',#4875,1.);
#4875 = DIRECTION('',(0.,0.,1.));
#4876 = ORIENTED_EDGE('',*,*,#4877,.T.);
#4877 = EDGE_CURVE('',#4870,#4828,#4878,.T.);
#4878 = CIRCLE('',#4879,3.E-02);
#4879 = AXIS2_PLACEMENT_3D('',#4880,#4881,#4882);
#4880 = CARTESIAN_POINT('',(0.77,-0.4,3.E-02));
#4881 = DIRECTION('',(0.,1.,0.));
#4882 = DIRECTION('',(0.,-0.,1.));
#4883 = PLANE('',#4884);
#4884 = AXIS2_PLACEMENT_3D('',#4885,#4886,#4887);
#4885 = CARTESIAN_POINT('',(0.5,-0.4,0.));
#4886 = DIRECTION('',(0.,1.,0.));
#4887 = DIRECTION('',(0.,-0.,1.));
#4888 = ADVANCED_FACE('',(#4889),#4907,.T.);
#4889 = FACE_BOUND('',#4890,.T.);
#4890 = EDGE_LOOP('',(#4891,#4899,#4900,#4901));
#4891 = ORIENTED_EDGE('',*,*,#4892,.F.);
#4892 = EDGE_CURVE('',#4495,#4893,#4895,.T.);
#4893 = VERTEX_POINT('',#4894);
#4894 = CARTESIAN_POINT('',(0.725,-0.3,0.47));
#4895 = LINE('',#4896,#4897);
#4896 = CARTESIAN_POINT('',(-2.25E-02,-0.3,0.47));
#4897 = VECTOR('',#4898,1.);
#4898 = DIRECTION('',(1.,0.,0.));
#4899 = ORIENTED_EDGE('',*,*,#4494,.T.);
#4900 = ORIENTED_EDGE('',*,*,#4422,.T.);
#4901 = ORIENTED_EDGE('',*,*,#4902,.F.);
#4902 = EDGE_CURVE('',#4893,#4423,#4903,.T.);
#4903 = LINE('',#4904,#4905);
#4904 = CARTESIAN_POINT('',(0.725,-0.45,0.47));
#4905 = VECTOR('',#4906,1.);
#4906 = DIRECTION('',(0.,-1.,0.));
#4907 = PLANE('',#4908);
#4908 = AXIS2_PLACEMENT_3D('',#4909,#4910,#4911);
#4909 = CARTESIAN_POINT('',(-0.77,-0.4,0.47));
#4910 = DIRECTION('',(0.,0.,1.));
#4911 = DIRECTION('',(1.,0.,-0.));
#4912 = ADVANCED_FACE('',(#4913),#4938,.T.);
#4913 = FACE_BOUND('',#4914,.T.);
#4914 = EDGE_LOOP('',(#4915,#4923,#4924,#4932));
#4915 = ORIENTED_EDGE('',*,*,#4916,.F.);
#4916 = EDGE_CURVE('',#4511,#4917,#4919,.T.);
#4917 = VERTEX_POINT('',#4918);
#4918 = CARTESIAN_POINT('',(0.725,0.4,0.47));
#4919 = LINE('',#4920,#4921);
#4920 = CARTESIAN_POINT('',(-0.77,0.4,0.47));
#4921 = VECTOR('',#4922,1.);
#4922 = DIRECTION('',(1.,0.,0.));
#4923 = ORIENTED_EDGE('',*,*,#4510,.T.);
#4924 = ORIENTED_EDGE('',*,*,#4925,.F.);
#4925 = EDGE_CURVE('',#4926,#4503,#4928,.T.);
#4926 = VERTEX_POINT('',#4927);
#4927 = CARTESIAN_POINT('',(0.725,0.3,0.47));
#4928 = LINE('',#4929,#4930);
#4929 = CARTESIAN_POINT('',(-0.7475,0.3,0.47));
#4930 = VECTOR('',#4931,1.);
#4931 = DIRECTION('',(-1.,0.,0.));
#4932 = ORIENTED_EDGE('',*,*,#4933,.F.);
#4933 = EDGE_CURVE('',#4917,#4926,#4934,.T.);
#4934 = LINE('',#4935,#4936);
#4935 = CARTESIAN_POINT('',(0.725,-5.E-02,0.47));
#4936 = VECTOR('',#4937,1.);
#4937 = DIRECTION('',(0.,-1.,0.));
#4938 = PLANE('',#4939);
#4939 = AXIS2_PLACEMENT_3D('',#4940,#4941,#4942);
#4940 = CARTESIAN_POINT('',(-0.77,-0.4,0.47));
#4941 = DIRECTION('',(0.,0.,1.));
#4942 = DIRECTION('',(1.,0.,-0.));
#4943 = ADVANCED_FACE('',(#4944),#4971,.T.);
#4944 = FACE_BOUND('',#4945,.T.);
#4945 = EDGE_LOOP('',(#4946,#4947,#4956,#4964));
#4946 = ORIENTED_EDGE('',*,*,#4502,.F.);
#4947 = ORIENTED_EDGE('',*,*,#4948,.T.);
#4948 = EDGE_CURVE('',#4495,#4949,#4951,.T.);
#4949 = VERTEX_POINT('',#4950);
#4950 = CARTESIAN_POINT('',(0.53,-0.3,0.5));
#4951 = CIRCLE('',#4952,3.E-02);
#4952 = AXIS2_PLACEMENT_3D('',#4953,#4954,#4955);
#4953 = CARTESIAN_POINT('',(0.53,-0.3,0.47));
#4954 = DIRECTION('',(0.,1.,-0.));
#4955 = DIRECTION('',(-1.,0.,0.));
#4956 = ORIENTED_EDGE('',*,*,#4957,.T.);
#4957 = EDGE_CURVE('',#4949,#4958,#4960,.T.);
#4958 = VERTEX_POINT('',#4959);
#4959 = CARTESIAN_POINT('',(0.53,0.3,0.5));
#4960 = LINE('',#4961,#4962);
#4961 = CARTESIAN_POINT('',(0.53,-0.4,0.5));
#4962 = VECTOR('',#4963,1.);
#4963 = DIRECTION('',(0.,1.,0.));
#4964 = ORIENTED_EDGE('',*,*,#4965,.F.);
#4965 = EDGE_CURVE('',#4503,#4958,#4966,.T.);
#4966 = CIRCLE('',#4967,3.E-02);
#4967 = AXIS2_PLACEMENT_3D('',#4968,#4969,#4970);
#4968 = CARTESIAN_POINT('',(0.53,0.3,0.47));
#4969 = DIRECTION('',(0.,1.,-0.));
#4970 = DIRECTION('',(-1.,0.,0.));
#4971 = CYLINDRICAL_SURFACE('',#4972,3.E-02);
#4972 = AXIS2_PLACEMENT_3D('',#4973,#4974,#4975);
#4973 = CARTESIAN_POINT('',(0.53,-0.4,0.47));
#4974 = DIRECTION('',(0.,1.,0.));
#4975 = DIRECTION('',(-1.,0.,0.));
#4976 = ADVANCED_FACE('',(#4977),#5027,.T.);
#4977 = FACE_BOUND('',#4978,.T.);
#4978 = EDGE_LOOP('',(#4979,#4987,#4995,#5001,#5002,#5003,#5004,#5012,
    #5020,#5026));
#4979 = ORIENTED_EDGE('',*,*,#4980,.F.);
#4980 = EDGE_CURVE('',#4981,#4754,#4983,.T.);
#4981 = VERTEX_POINT('',#4982);
#4982 = CARTESIAN_POINT('',(-0.77,0.4,3.E-02));
#4983 = LINE('',#4984,#4985);
#4984 = CARTESIAN_POINT('',(-0.77,0.4,3.E-02));
#4985 = VECTOR('',#4986,1.);
#4986 = DIRECTION('',(1.,0.,0.));
#4987 = ORIENTED_EDGE('',*,*,#4988,.T.);
#4988 = EDGE_CURVE('',#4981,#4989,#4991,.T.);
#4989 = VERTEX_POINT('',#4990);
#4990 = CARTESIAN_POINT('',(-0.77,0.4,0.47));
#4991 = LINE('',#4992,#4993);
#4992 = CARTESIAN_POINT('',(-0.77,0.4,3.E-02));
#4993 = VECTOR('',#4994,1.);
#4994 = DIRECTION('',(0.,0.,1.));
#4995 = ORIENTED_EDGE('',*,*,#4996,.T.);
#4996 = EDGE_CURVE('',#4989,#4533,#4997,.T.);
#4997 = LINE('',#4998,#4999);
#4998 = CARTESIAN_POINT('',(-0.77,0.4,0.47));
#4999 = VECTOR('',#5000,1.);
#5000 = DIRECTION('',(1.,0.,0.));
#5001 = ORIENTED_EDGE('',*,*,#4532,.T.);
#5002 = ORIENTED_EDGE('',*,*,#4566,.F.);
#5003 = ORIENTED_EDGE('',*,*,#4916,.T.);
#5004 = ORIENTED_EDGE('',*,*,#5005,.T.);
#5005 = EDGE_CURVE('',#4917,#5006,#5008,.T.);
#5006 = VERTEX_POINT('',#5007);
#5007 = CARTESIAN_POINT('',(0.77,0.4,0.47));
#5008 = LINE('',#5009,#5010);
#5009 = CARTESIAN_POINT('',(-0.77,0.4,0.47));
#5010 = VECTOR('',#5011,1.);
#5011 = DIRECTION('',(1.,0.,0.));
#5012 = ORIENTED_EDGE('',*,*,#5013,.F.);
#5013 = EDGE_CURVE('',#5014,#5006,#5016,.T.);
#5014 = VERTEX_POINT('',#5015);
#5015 = CARTESIAN_POINT('',(0.77,0.4,3.E-02));
#5016 = LINE('',#5017,#5018);
#5017 = CARTESIAN_POINT('',(0.77,0.4,3.E-02));
#5018 = VECTOR('',#5019,1.);
#5019 = DIRECTION('',(0.,0.,1.));
#5020 = ORIENTED_EDGE('',*,*,#5021,.F.);
#5021 = EDGE_CURVE('',#4746,#5014,#5022,.T.);
#5022 = LINE('',#5023,#5024);
#5023 = CARTESIAN_POINT('',(-0.77,0.4,3.E-02));
#5024 = VECTOR('',#5025,1.);
#5025 = DIRECTION('',(1.,0.,0.));
#5026 = ORIENTED_EDGE('',*,*,#4753,.F.);
#5027 = PLANE('',#5028);
#5028 = AXIS2_PLACEMENT_3D('',#5029,#5030,#5031);
#5029 = CARTESIAN_POINT('',(-0.77,0.4,3.E-02));
#5030 = DIRECTION('',(0.,1.,0.));
#5031 = DIRECTION('',(0.,-0.,1.));
#5032 = ADVANCED_FACE('',(#5033),#5051,.F.);
#5033 = FACE_BOUND('',#5034,.F.);
#5034 = EDGE_LOOP('',(#5035,#5043,#5049,#5050));
#5035 = ORIENTED_EDGE('',*,*,#5036,.F.);
#5036 = EDGE_CURVE('',#5037,#4581,#5039,.T.);
#5037 = VERTEX_POINT('',#5038);
#5038 = CARTESIAN_POINT('',(-0.725,0.3,0.5));
#5039 = LINE('',#5040,#5041);
#5040 = CARTESIAN_POINT('',(-0.7625,0.3,0.5));
#5041 = VECTOR('',#5042,1.);
#5042 = DIRECTION('',(1.,0.,0.));
#5043 = ORIENTED_EDGE('',*,*,#5044,.T.);
#5044 = EDGE_CURVE('',#5037,#4541,#5045,.T.);
#5045 = LINE('',#5046,#5047);
#5046 = CARTESIAN_POINT('',(-0.725,0.3,0.75));
#5047 = VECTOR('',#5048,1.);
#5048 = DIRECTION('',(-0.,-0.,-1.));
#5049 = ORIENTED_EDGE('',*,*,#4548,.F.);
#5050 = ORIENTED_EDGE('',*,*,#4580,.F.);
#5051 = PLANE('',#5052);
#5052 = AXIS2_PLACEMENT_3D('',#5053,#5054,#5055);
#5053 = CARTESIAN_POINT('',(-0.725,0.3,0.75));
#5054 = DIRECTION('',(0.,-1.,0.));
#5055 = DIRECTION('',(1.,0.,0.));
#5056 = ADVANCED_FACE('',(#5057),#5075,.F.);
#5057 = FACE_BOUND('',#5058,.F.);
#5058 = EDGE_LOOP('',(#5059,#5060,#5068,#5074));
#5059 = ORIENTED_EDGE('',*,*,#5044,.F.);
#5060 = ORIENTED_EDGE('',*,*,#5061,.F.);
#5061 = EDGE_CURVE('',#5062,#5037,#5064,.T.);
#5062 = VERTEX_POINT('',#5063);
#5063 = CARTESIAN_POINT('',(-0.725,0.4,0.5));
#5064 = LINE('',#5065,#5066);
#5065 = CARTESIAN_POINT('',(-0.725,5.E-02,0.5));
#5066 = VECTOR('',#5067,1.);
#5067 = DIRECTION('',(0.,-1.,0.));
#5068 = ORIENTED_EDGE('',*,*,#5069,.F.);
#5069 = EDGE_CURVE('',#4533,#5062,#5070,.T.);
#5070 = LINE('',#5071,#5072);
#5071 = CARTESIAN_POINT('',(-0.725,0.4,0.375));
#5072 = VECTOR('',#5073,1.);
#5073 = DIRECTION('',(0.,0.,1.));
#5074 = ORIENTED_EDGE('',*,*,#4540,.F.);
#5075 = PLANE('',#5076);
#5076 = AXIS2_PLACEMENT_3D('',#5077,#5078,#5079);
#5077 = CARTESIAN_POINT('',(-0.725,0.5,0.75));
#5078 = DIRECTION('',(-1.,0.,0.));
#5079 = DIRECTION('',(0.,-1.,0.));
#5080 = ADVANCED_FACE('',(#5081),#5099,.F.);
#5081 = FACE_BOUND('',#5082,.F.);
#5082 = EDGE_LOOP('',(#5083,#5091,#5097,#5098));
#5083 = ORIENTED_EDGE('',*,*,#5084,.F.);
#5084 = EDGE_CURVE('',#5085,#4614,#5087,.T.);
#5085 = VERTEX_POINT('',#5086);
#5086 = CARTESIAN_POINT('',(-0.725,-0.3,0.5));
#5087 = LINE('',#5088,#5089);
#5088 = CARTESIAN_POINT('',(-0.725,-0.3,0.75));
#5089 = VECTOR('',#5090,1.);
#5090 = DIRECTION('',(-0.,-0.,-1.));
#5091 = ORIENTED_EDGE('',*,*,#5092,.F.);
#5092 = EDGE_CURVE('',#4590,#5085,#5093,.T.);
#5093 = LINE('',#5094,#5095);
#5094 = CARTESIAN_POINT('',(-3.75E-02,-0.3,0.5));
#5095 = VECTOR('',#5096,1.);
#5096 = DIRECTION('',(-1.,0.,0.));
#5097 = ORIENTED_EDGE('',*,*,#4597,.T.);
#5098 = ORIENTED_EDGE('',*,*,#4623,.F.);
#5099 = PLANE('',#5100);
#5100 = AXIS2_PLACEMENT_3D('',#5101,#5102,#5103);
#5101 = CARTESIAN_POINT('',(0.725,-0.3,0.75));
#5102 = DIRECTION('',(0.,1.,0.));
#5103 = DIRECTION('',(-1.,0.,0.));
#5104 = ADVANCED_FACE('',(#5105),#5132,.T.);
#5105 = FACE_BOUND('',#5106,.T.);
#5106 = EDGE_LOOP('',(#5107,#5115,#5121,#5122,#5128,#5129,#5130,#5131));
#5107 = ORIENTED_EDGE('',*,*,#5108,.F.);
#5108 = EDGE_CURVE('',#5109,#5062,#5111,.T.);
#5109 = VERTEX_POINT('',#5110);
#5110 = CARTESIAN_POINT('',(-0.77,0.4,0.5));
#5111 = LINE('',#5112,#5113);
#5112 = CARTESIAN_POINT('',(-0.8,0.4,0.5));
#5113 = VECTOR('',#5114,1.);
#5114 = DIRECTION('',(1.,0.,0.));
#5115 = ORIENTED_EDGE('',*,*,#5116,.F.);
#5116 = EDGE_CURVE('',#4665,#5109,#5117,.T.);
#5117 = LINE('',#5118,#5119);
#5118 = CARTESIAN_POINT('',(-0.77,-0.4,0.5));
#5119 = VECTOR('',#5120,1.);
#5120 = DIRECTION('',(0.,1.,0.));
#5121 = ORIENTED_EDGE('',*,*,#4673,.T.);
#5122 = ORIENTED_EDGE('',*,*,#5123,.F.);
#5123 = EDGE_CURVE('',#5085,#4674,#5124,.T.);
#5124 = LINE('',#5125,#5126);
#5125 = CARTESIAN_POINT('',(-0.725,-0.35,0.5));
#5126 = VECTOR('',#5127,1.);
#5127 = DIRECTION('',(0.,-1.,0.));
#5128 = ORIENTED_EDGE('',*,*,#5092,.F.);
#5129 = ORIENTED_EDGE('',*,*,#4589,.T.);
#5130 = ORIENTED_EDGE('',*,*,#5036,.F.);
#5131 = ORIENTED_EDGE('',*,*,#5061,.F.);
#5132 = PLANE('',#5133);
#5133 = AXIS2_PLACEMENT_3D('',#5134,#5135,#5136);
#5134 = CARTESIAN_POINT('',(-0.8,-0.4,0.5));
#5135 = DIRECTION('',(0.,0.,1.));
#5136 = DIRECTION('',(1.,0.,-0.));
#5137 = ADVANCED_FACE('',(#5138),#5144,.F.);
#5138 = FACE_BOUND('',#5139,.F.);
#5139 = EDGE_LOOP('',(#5140,#5141,#5142,#5143));
#5140 = ORIENTED_EDGE('',*,*,#5123,.F.);
#5141 = ORIENTED_EDGE('',*,*,#5084,.T.);
#5142 = ORIENTED_EDGE('',*,*,#4613,.F.);
#5143 = ORIENTED_EDGE('',*,*,#4681,.T.);
#5144 = PLANE('',#5145);
#5145 = AXIS2_PLACEMENT_3D('',#5146,#5147,#5148);
#5146 = CARTESIAN_POINT('',(-0.725,-0.3,0.75));
#5147 = DIRECTION('',(-1.,0.,0.));
#5148 = DIRECTION('',(0.,-1.,0.));
#5149 = ADVANCED_FACE('',(#5150),#5207,.F.);
#5150 = FACE_BOUND('',#5151,.F.);
#5151 = EDGE_LOOP('',(#5152,#5162,#5168,#5169,#5177,#5185,#5193,#5201));
#5152 = ORIENTED_EDGE('',*,*,#5153,.F.);
#5153 = EDGE_CURVE('',#5154,#5156,#5158,.T.);
#5154 = VERTEX_POINT('',#5155);
#5155 = CARTESIAN_POINT('',(-0.77,0.4,-3.469446951954E-18));
#5156 = VERTEX_POINT('',#5157);
#5157 = CARTESIAN_POINT('',(-0.725,0.4,0.));
#5158 = LINE('',#5159,#5160);
#5159 = CARTESIAN_POINT('',(-0.8,0.4,0.));
#5160 = VECTOR('',#5161,1.);
#5161 = DIRECTION('',(1.,0.,0.));
#5162 = ORIENTED_EDGE('',*,*,#5163,.F.);
#5163 = EDGE_CURVE('',#4638,#5154,#5164,.T.);
#5164 = LINE('',#5165,#5166);
#5165 = CARTESIAN_POINT('',(-0.77,-0.4,-3.469446951954E-18));
#5166 = VECTOR('',#5167,1.);
#5167 = DIRECTION('',(0.,1.,0.));
#5168 = ORIENTED_EDGE('',*,*,#4637,.T.);
#5169 = ORIENTED_EDGE('',*,*,#5170,.F.);
#5170 = EDGE_CURVE('',#5171,#4640,#5173,.T.);
#5171 = VERTEX_POINT('',#5172);
#5172 = CARTESIAN_POINT('',(-0.725,-0.3,0.));
#5173 = LINE('',#5174,#5175);
#5174 = CARTESIAN_POINT('',(-0.725,-0.35,0.));
#5175 = VECTOR('',#5176,1.);
#5176 = DIRECTION('',(0.,-1.,0.));
#5177 = ORIENTED_EDGE('',*,*,#5178,.F.);
#5178 = EDGE_CURVE('',#5179,#5171,#5181,.T.);
#5179 = VERTEX_POINT('',#5180);
#5180 = CARTESIAN_POINT('',(-0.53,-0.3,-3.469446951954E-18));
#5181 = LINE('',#5182,#5183);
#5182 = CARTESIAN_POINT('',(-3.75E-02,-0.3,0.));
#5183 = VECTOR('',#5184,1.);
#5184 = DIRECTION('',(-1.,0.,0.));
#5185 = ORIENTED_EDGE('',*,*,#5186,.T.);
#5186 = EDGE_CURVE('',#5179,#5187,#5189,.T.);
#5187 = VERTEX_POINT('',#5188);
#5188 = CARTESIAN_POINT('',(-0.53,0.3,-3.469446951954E-18));
#5189 = LINE('',#5190,#5191);
#5190 = CARTESIAN_POINT('',(-0.53,-0.4,-3.469446951954E-18));
#5191 = VECTOR('',#5192,1.);
#5192 = DIRECTION('',(0.,1.,0.));
#5193 = ORIENTED_EDGE('',*,*,#5194,.F.);
#5194 = EDGE_CURVE('',#5195,#5187,#5197,.T.);
#5195 = VERTEX_POINT('',#5196);
#5196 = CARTESIAN_POINT('',(-0.725,0.3,0.));
#5197 = LINE('',#5198,#5199);
#5198 = CARTESIAN_POINT('',(-0.7625,0.3,0.));
#5199 = VECTOR('',#5200,1.);
#5200 = DIRECTION('',(1.,0.,0.));
#5201 = ORIENTED_EDGE('',*,*,#5202,.F.);
#5202 = EDGE_CURVE('',#5156,#5195,#5203,.T.);
#5203 = LINE('',#5204,#5205);
#5204 = CARTESIAN_POINT('',(-0.725,5.E-02,0.));
#5205 = VECTOR('',#5206,1.);
#5206 = DIRECTION('',(0.,-1.,0.));
#5207 = PLANE('',#5208);
#5208 = AXIS2_PLACEMENT_3D('',#5209,#5210,#5211);
#5209 = CARTESIAN_POINT('',(-0.8,-0.4,0.));
#5210 = DIRECTION('',(0.,0.,1.));
#5211 = DIRECTION('',(1.,0.,-0.));
#5212 = ADVANCED_FACE('',(#5213),#5232,.T.);
#5213 = FACE_BOUND('',#5214,.T.);
#5214 = EDGE_LOOP('',(#5215,#5223,#5230,#5231));
#5215 = ORIENTED_EDGE('',*,*,#5216,.T.);
#5216 = EDGE_CURVE('',#4648,#5217,#5219,.T.);
#5217 = VERTEX_POINT('',#5218);
#5218 = CARTESIAN_POINT('',(-0.8,0.4,3.E-02));
#5219 = LINE('',#5220,#5221);
#5220 = CARTESIAN_POINT('',(-0.8,-0.4,3.E-02));
#5221 = VECTOR('',#5222,1.);
#5222 = DIRECTION('',(0.,1.,0.));
#5223 = ORIENTED_EDGE('',*,*,#5224,.T.);
#5224 = EDGE_CURVE('',#5217,#5154,#5225,.T.);
#5225 = CIRCLE('',#5226,3.E-02);
#5226 = AXIS2_PLACEMENT_3D('',#5227,#5228,#5229);
#5227 = CARTESIAN_POINT('',(-0.77,0.4,3.E-02));
#5228 = DIRECTION('',(0.,-1.,0.));
#5229 = DIRECTION('',(0.,0.,1.));
#5230 = ORIENTED_EDGE('',*,*,#5163,.F.);
#5231 = ORIENTED_EDGE('',*,*,#4647,.F.);
#5232 = CYLINDRICAL_SURFACE('',#5233,3.E-02);
#5233 = AXIS2_PLACEMENT_3D('',#5234,#5235,#5236);
#5234 = CARTESIAN_POINT('',(-0.77,-0.4,3.E-02));
#5235 = DIRECTION('',(0.,1.,0.));
#5236 = DIRECTION('',(-1.,0.,0.));
#5237 = ADVANCED_FACE('',(#5238),#5249,.F.);
#5238 = FACE_BOUND('',#5239,.F.);
#5239 = EDGE_LOOP('',(#5240,#5241,#5247,#5248));
#5240 = ORIENTED_EDGE('',*,*,#4704,.T.);
#5241 = ORIENTED_EDGE('',*,*,#5242,.T.);
#5242 = EDGE_CURVE('',#4705,#5171,#5243,.T.);
#5243 = LINE('',#5244,#5245);
#5244 = CARTESIAN_POINT('',(-0.725,-0.3,0.75));
#5245 = VECTOR('',#5246,1.);
#5246 = DIRECTION('',(-0.,-0.,-1.));
#5247 = ORIENTED_EDGE('',*,*,#5170,.T.);
#5248 = ORIENTED_EDGE('',*,*,#4690,.T.);
#5249 = PLANE('',#5250);
#5250 = AXIS2_PLACEMENT_3D('',#5251,#5252,#5253);
#5251 = CARTESIAN_POINT('',(-0.725,-0.3,0.75));
#5252 = DIRECTION('',(-1.,0.,0.));
#5253 = DIRECTION('',(0.,-1.,0.));
#5254 = ADVANCED_FACE('',(#5255),#5273,.F.);
#5255 = FACE_BOUND('',#5256,.F.);
#5256 = EDGE_LOOP('',(#5257,#5258,#5259,#5267));
#5257 = ORIENTED_EDGE('',*,*,#4656,.F.);
#5258 = ORIENTED_EDGE('',*,*,#5216,.T.);
#5259 = ORIENTED_EDGE('',*,*,#5260,.T.);
#5260 = EDGE_CURVE('',#5217,#5261,#5263,.T.);
#5261 = VERTEX_POINT('',#5262);
#5262 = CARTESIAN_POINT('',(-0.8,0.4,0.47));
#5263 = LINE('',#5264,#5265);
#5264 = CARTESIAN_POINT('',(-0.8,0.4,0.));
#5265 = VECTOR('',#5266,1.);
#5266 = DIRECTION('',(0.,0.,1.));
#5267 = ORIENTED_EDGE('',*,*,#5268,.F.);
#5268 = EDGE_CURVE('',#4657,#5261,#5269,.T.);
#5269 = LINE('',#5270,#5271);
#5270 = CARTESIAN_POINT('',(-0.8,-0.4,0.47));
#5271 = VECTOR('',#5272,1.);
#5272 = DIRECTION('',(0.,1.,0.));
#5273 = PLANE('',#5274);
#5274 = AXIS2_PLACEMENT_3D('',#5275,#5276,#5277);
#5275 = CARTESIAN_POINT('',(-0.8,-0.4,0.));
#5276 = DIRECTION('',(1.,0.,0.));
#5277 = DIRECTION('',(0.,0.,1.));
#5278 = ADVANCED_FACE('',(#5279),#5291,.T.);
#5279 = FACE_BOUND('',#5280,.T.);
#5280 = EDGE_LOOP('',(#5281,#5282,#5283,#5290));
#5281 = ORIENTED_EDGE('',*,*,#4664,.T.);
#5282 = ORIENTED_EDGE('',*,*,#5116,.T.);
#5283 = ORIENTED_EDGE('',*,*,#5284,.F.);
#5284 = EDGE_CURVE('',#5261,#5109,#5285,.T.);
#5285 = CIRCLE('',#5286,3.E-02);
#5286 = AXIS2_PLACEMENT_3D('',#5287,#5288,#5289);
#5287 = CARTESIAN_POINT('',(-0.77,0.4,0.47));
#5288 = DIRECTION('',(0.,1.,0.));
#5289 = DIRECTION('',(0.,-0.,1.));
#5290 = ORIENTED_EDGE('',*,*,#5268,.F.);
#5291 = CYLINDRICAL_SURFACE('',#5292,3.E-02);
#5292 = AXIS2_PLACEMENT_3D('',#5293,#5294,#5295);
#5293 = CARTESIAN_POINT('',(-0.77,-0.4,0.47));
#5294 = DIRECTION('',(0.,1.,0.));
#5295 = DIRECTION('',(-1.,0.,0.));
#5296 = ADVANCED_FACE('',(#5297),#5309,.F.);
#5297 = FACE_BOUND('',#5298,.F.);
#5298 = EDGE_LOOP('',(#5299,#5300,#5301,#5308));
#5299 = ORIENTED_EDGE('',*,*,#5242,.F.);
#5300 = ORIENTED_EDGE('',*,*,#4785,.T.);
#5301 = ORIENTED_EDGE('',*,*,#5302,.T.);
#5302 = EDGE_CURVE('',#4778,#5179,#5303,.T.);
#5303 = CIRCLE('',#5304,3.E-02);
#5304 = AXIS2_PLACEMENT_3D('',#5305,#5306,#5307);
#5305 = CARTESIAN_POINT('',(-0.53,-0.3,3.E-02));
#5306 = DIRECTION('',(-0.,1.,0.));
#5307 = DIRECTION('',(1.,0.,0.));
#5308 = ORIENTED_EDGE('',*,*,#5178,.T.);
#5309 = PLANE('',#5310);
#5310 = AXIS2_PLACEMENT_3D('',#5311,#5312,#5313);
#5311 = CARTESIAN_POINT('',(0.725,-0.3,0.75));
#5312 = DIRECTION('',(0.,1.,0.));
#5313 = DIRECTION('',(-1.,0.,0.));
#5314 = ADVANCED_FACE('',(#5315),#5327,.T.);
#5315 = FACE_BOUND('',#5316,.T.);
#5316 = EDGE_LOOP('',(#5317,#5318,#5319,#5320));
#5317 = ORIENTED_EDGE('',*,*,#4777,.F.);
#5318 = ORIENTED_EDGE('',*,*,#5302,.T.);
#5319 = ORIENTED_EDGE('',*,*,#5186,.T.);
#5320 = ORIENTED_EDGE('',*,*,#5321,.F.);
#5321 = EDGE_CURVE('',#4770,#5187,#5322,.T.);
#5322 = CIRCLE('',#5323,3.E-02);
#5323 = AXIS2_PLACEMENT_3D('',#5324,#5325,#5326);
#5324 = CARTESIAN_POINT('',(-0.53,0.3,3.E-02));
#5325 = DIRECTION('',(-0.,1.,0.));
#5326 = DIRECTION('',(1.,0.,0.));
#5327 = CYLINDRICAL_SURFACE('',#5328,3.E-02);
#5328 = AXIS2_PLACEMENT_3D('',#5329,#5330,#5331);
#5329 = CARTESIAN_POINT('',(-0.53,-0.4,3.E-02));
#5330 = DIRECTION('',(0.,1.,0.));
#5331 = DIRECTION('',(1.,0.,0.));
#5332 = ADVANCED_FACE('',(#5333),#5344,.F.);
#5333 = FACE_BOUND('',#5334,.F.);
#5334 = EDGE_LOOP('',(#5335,#5336,#5342,#5343));
#5335 = ORIENTED_EDGE('',*,*,#4769,.T.);
#5336 = ORIENTED_EDGE('',*,*,#5337,.T.);
#5337 = EDGE_CURVE('',#4762,#5195,#5338,.T.);
#5338 = LINE('',#5339,#5340);
#5339 = CARTESIAN_POINT('',(-0.725,0.3,0.75));
#5340 = VECTOR('',#5341,1.);
#5341 = DIRECTION('',(-0.,-0.,-1.));
#5342 = ORIENTED_EDGE('',*,*,#5194,.T.);
#5343 = ORIENTED_EDGE('',*,*,#5321,.F.);
#5344 = PLANE('',#5345);
#5345 = AXIS2_PLACEMENT_3D('',#5346,#5347,#5348);
#5346 = CARTESIAN_POINT('',(-0.725,0.3,0.75));
#5347 = DIRECTION('',(0.,-1.,0.));
#5348 = DIRECTION('',(1.,0.,0.));
#5349 = ADVANCED_FACE('',(#5350),#5361,.F.);
#5350 = FACE_BOUND('',#5351,.F.);
#5351 = EDGE_LOOP('',(#5352,#5353,#5354,#5360));
#5352 = ORIENTED_EDGE('',*,*,#5337,.F.);
#5353 = ORIENTED_EDGE('',*,*,#4761,.T.);
#5354 = ORIENTED_EDGE('',*,*,#5355,.F.);
#5355 = EDGE_CURVE('',#5156,#4754,#5356,.T.);
#5356 = LINE('',#5357,#5358);
#5357 = CARTESIAN_POINT('',(-0.725,0.4,0.375));
#5358 = VECTOR('',#5359,1.);
#5359 = DIRECTION('',(0.,0.,1.));
#5360 = ORIENTED_EDGE('',*,*,#5202,.T.);
#5361 = PLANE('',#5362);
#5362 = AXIS2_PLACEMENT_3D('',#5363,#5364,#5365);
#5363 = CARTESIAN_POINT('',(-0.725,0.5,0.75));
#5364 = DIRECTION('',(-1.,0.,0.));
#5365 = DIRECTION('',(0.,-1.,0.));
#5366 = ADVANCED_FACE('',(#5367),#5392,.F.);
#5367 = FACE_BOUND('',#5368,.F.);
#5368 = EDGE_LOOP('',(#5369,#5370,#5378,#5386));
#5369 = ORIENTED_EDGE('',*,*,#4745,.T.);
#5370 = ORIENTED_EDGE('',*,*,#5371,.T.);
#5371 = EDGE_CURVE('',#4738,#5372,#5374,.T.);
#5372 = VERTEX_POINT('',#5373);
#5373 = CARTESIAN_POINT('',(0.725,0.3,0.));
#5374 = LINE('',#5375,#5376);
#5375 = CARTESIAN_POINT('',(0.725,0.3,0.75));
#5376 = VECTOR('',#5377,1.);
#5377 = DIRECTION('',(-0.,-0.,-1.));
#5378 = ORIENTED_EDGE('',*,*,#5379,.T.);
#5379 = EDGE_CURVE('',#5372,#5380,#5382,.T.);
#5380 = VERTEX_POINT('',#5381);
#5381 = CARTESIAN_POINT('',(0.725,0.4,0.));
#5382 = LINE('',#5383,#5384);
#5383 = CARTESIAN_POINT('',(0.725,-5.E-02,0.));
#5384 = VECTOR('',#5385,1.);
#5385 = DIRECTION('',(0.,1.,0.));
#5386 = ORIENTED_EDGE('',*,*,#5387,.F.);
#5387 = EDGE_CURVE('',#4746,#5380,#5388,.T.);
#5388 = LINE('',#5389,#5390);
#5389 = CARTESIAN_POINT('',(0.725,0.4,0.375));
#5390 = VECTOR('',#5391,1.);
#5391 = DIRECTION('',(0.,0.,-1.));
#5392 = PLANE('',#5393);
#5393 = AXIS2_PLACEMENT_3D('',#5394,#5395,#5396);
#5394 = CARTESIAN_POINT('',(0.725,0.3,0.75));
#5395 = DIRECTION('',(1.,0.,0.));
#5396 = DIRECTION('',(-0.,1.,0.));
#5397 = ADVANCED_FACE('',(#5398),#5417,.F.);
#5398 = FACE_BOUND('',#5399,.F.);
#5399 = EDGE_LOOP('',(#5400,#5401,#5402,#5411));
#5400 = ORIENTED_EDGE('',*,*,#5371,.F.);
#5401 = ORIENTED_EDGE('',*,*,#4737,.T.);
#5402 = ORIENTED_EDGE('',*,*,#5403,.F.);
#5403 = EDGE_CURVE('',#5404,#4730,#5406,.T.);
#5404 = VERTEX_POINT('',#5405);
#5405 = CARTESIAN_POINT('',(0.53,0.3,-3.469446951954E-18));
#5406 = CIRCLE('',#5407,3.E-02);
#5407 = AXIS2_PLACEMENT_3D('',#5408,#5409,#5410);
#5408 = CARTESIAN_POINT('',(0.53,0.3,3.E-02));
#5409 = DIRECTION('',(0.,1.,-0.));
#5410 = DIRECTION('',(-1.,0.,0.));
#5411 = ORIENTED_EDGE('',*,*,#5412,.T.);
#5412 = EDGE_CURVE('',#5404,#5372,#5413,.T.);
#5413 = LINE('',#5414,#5415);
#5414 = CARTESIAN_POINT('',(-0.1125,0.3,0.));
#5415 = VECTOR('',#5416,1.);
#5416 = DIRECTION('',(1.,0.,0.));
#5417 = PLANE('',#5418);
#5418 = AXIS2_PLACEMENT_3D('',#5419,#5420,#5421);
#5419 = CARTESIAN_POINT('',(-0.725,0.3,0.75));
#5420 = DIRECTION('',(0.,-1.,0.));
#5421 = DIRECTION('',(1.,0.,0.));
#5422 = ADVANCED_FACE('',(#5423),#5442,.T.);
#5423 = FACE_BOUND('',#5424,.T.);
#5424 = EDGE_LOOP('',(#5425,#5426,#5434,#5441));
#5425 = ORIENTED_EDGE('',*,*,#5403,.F.);
#5426 = ORIENTED_EDGE('',*,*,#5427,.F.);
#5427 = EDGE_CURVE('',#5428,#5404,#5430,.T.);
#5428 = VERTEX_POINT('',#5429);
#5429 = CARTESIAN_POINT('',(0.53,-0.3,-3.469446951954E-18));
#5430 = LINE('',#5431,#5432);
#5431 = CARTESIAN_POINT('',(0.53,-0.4,-3.469446951954E-18));
#5432 = VECTOR('',#5433,1.);
#5433 = DIRECTION('',(0.,1.,0.));
#5434 = ORIENTED_EDGE('',*,*,#5435,.T.);
#5435 = EDGE_CURVE('',#5428,#4722,#5436,.T.);
#5436 = CIRCLE('',#5437,3.E-02);
#5437 = AXIS2_PLACEMENT_3D('',#5438,#5439,#5440);
#5438 = CARTESIAN_POINT('',(0.53,-0.3,3.E-02));
#5439 = DIRECTION('',(0.,1.,-0.));
#5440 = DIRECTION('',(-1.,0.,0.));
#5441 = ORIENTED_EDGE('',*,*,#4729,.T.);
#5442 = CYLINDRICAL_SURFACE('',#5443,3.E-02);
#5443 = AXIS2_PLACEMENT_3D('',#5444,#5445,#5446);
#5444 = CARTESIAN_POINT('',(0.53,-0.4,3.E-02));
#5445 = DIRECTION('',(0.,1.,0.));
#5446 = DIRECTION('',(-1.,0.,0.));
#5447 = ADVANCED_FACE('',(#5448),#5466,.F.);
#5448 = FACE_BOUND('',#5449,.F.);
#5449 = EDGE_LOOP('',(#5450,#5451,#5459,#5465));
#5450 = ORIENTED_EDGE('',*,*,#4721,.T.);
#5451 = ORIENTED_EDGE('',*,*,#5452,.T.);
#5452 = EDGE_CURVE('',#4714,#5453,#5455,.T.);
#5453 = VERTEX_POINT('',#5454);
#5454 = CARTESIAN_POINT('',(0.725,-0.3,0.));
#5455 = LINE('',#5456,#5457);
#5456 = CARTESIAN_POINT('',(0.725,-0.3,0.75));
#5457 = VECTOR('',#5458,1.);
#5458 = DIRECTION('',(-0.,-0.,-1.));
#5459 = ORIENTED_EDGE('',*,*,#5460,.T.);
#5460 = EDGE_CURVE('',#5453,#5428,#5461,.T.);
#5461 = LINE('',#5462,#5463);
#5462 = CARTESIAN_POINT('',(0.6125,-0.3,0.));
#5463 = VECTOR('',#5464,1.);
#5464 = DIRECTION('',(-1.,0.,0.));
#5465 = ORIENTED_EDGE('',*,*,#5435,.T.);
#5466 = PLANE('',#5467);
#5467 = AXIS2_PLACEMENT_3D('',#5468,#5469,#5470);
#5468 = CARTESIAN_POINT('',(0.725,-0.3,0.75));
#5469 = DIRECTION('',(0.,1.,0.));
#5470 = DIRECTION('',(-1.,0.,0.));
#5471 = ADVANCED_FACE('',(#5472),#5483,.F.);
#5472 = FACE_BOUND('',#5473,.F.);
#5473 = EDGE_LOOP('',(#5474,#5475,#5476,#5477));
#5474 = ORIENTED_EDGE('',*,*,#5452,.F.);
#5475 = ORIENTED_EDGE('',*,*,#4713,.T.);
#5476 = ORIENTED_EDGE('',*,*,#4835,.T.);
#5477 = ORIENTED_EDGE('',*,*,#5478,.T.);
#5478 = EDGE_CURVE('',#4826,#5453,#5479,.T.);
#5479 = LINE('',#5480,#5481);
#5480 = CARTESIAN_POINT('',(0.725,-0.45,0.));
#5481 = VECTOR('',#5482,1.);
#5482 = DIRECTION('',(0.,1.,0.));
#5483 = PLANE('',#5484);
#5484 = AXIS2_PLACEMENT_3D('',#5485,#5486,#5487);
#5485 = CARTESIAN_POINT('',(0.725,-0.5,0.75));
#5486 = DIRECTION('',(1.,0.,0.));
#5487 = DIRECTION('',(-0.,1.,0.));
#5488 = ADVANCED_FACE('',(#5489),#5514,.T.);
#5489 = FACE_BOUND('',#5490,.T.);
#5490 = EDGE_LOOP('',(#5491,#5499,#5500,#5508));
#5491 = ORIENTED_EDGE('',*,*,#5492,.T.);
#5492 = EDGE_CURVE('',#5493,#4794,#5495,.T.);
#5493 = VERTEX_POINT('',#5494);
#5494 = CARTESIAN_POINT('',(0.277128129211,0.32,1.5E-02));
#5495 = LINE('',#5496,#5497);
#5496 = CARTESIAN_POINT('',(0.277128129211,0.32,1.5E-02));
#5497 = VECTOR('',#5498,1.);
#5498 = DIRECTION('',(0.,0.,1.));
#5499 = ORIENTED_EDGE('',*,*,#4793,.T.);
#5500 = ORIENTED_EDGE('',*,*,#5501,.F.);
#5501 = EDGE_CURVE('',#5502,#4796,#5504,.T.);
#5502 = VERTEX_POINT('',#5503);
#5503 = CARTESIAN_POINT('',(0.277128129211,-0.32,1.5E-02));
#5504 = LINE('',#5505,#5506);
#5505 = CARTESIAN_POINT('',(0.277128129211,-0.32,1.5E-02));
#5506 = VECTOR('',#5507,1.);
#5507 = DIRECTION('',(0.,0.,1.));
#5508 = ORIENTED_EDGE('',*,*,#5509,.F.);
#5509 = EDGE_CURVE('',#5493,#5502,#5510,.T.);
#5510 = LINE('',#5511,#5512);
#5511 = CARTESIAN_POINT('',(0.277128129211,0.32,1.5E-02));
#5512 = VECTOR('',#5513,1.);
#5513 = DIRECTION('',(0.,-1.,0.));
#5514 = PLANE('',#5515);
#5515 = AXIS2_PLACEMENT_3D('',#5516,#5517,#5518);
#5516 = CARTESIAN_POINT('',(0.277128129211,0.32,1.5E-02));
#5517 = DIRECTION('',(1.,0.,0.));
#5518 = DIRECTION('',(0.,-1.,0.));
#5519 = ADVANCED_FACE('',(#5520),#5538,.T.);
#5520 = FACE_BOUND('',#5521,.T.);
#5521 = EDGE_LOOP('',(#5522,#5530,#5531,#5532));
#5522 = ORIENTED_EDGE('',*,*,#5523,.T.);
#5523 = EDGE_CURVE('',#5524,#4804,#5526,.T.);
#5524 = VERTEX_POINT('',#5525);
#5525 = CARTESIAN_POINT('',(-0.277128129211,0.,1.5E-02));
#5526 = LINE('',#5527,#5528);
#5527 = CARTESIAN_POINT('',(-0.277128129211,0.,1.5E-02));
#5528 = VECTOR('',#5529,1.);
#5529 = DIRECTION('',(0.,0.,1.));
#5530 = ORIENTED_EDGE('',*,*,#4811,.T.);
#5531 = ORIENTED_EDGE('',*,*,#5492,.F.);
#5532 = ORIENTED_EDGE('',*,*,#5533,.F.);
#5533 = EDGE_CURVE('',#5524,#5493,#5534,.T.);
#5534 = LINE('',#5535,#5536);
#5535 = CARTESIAN_POINT('',(-0.277128129211,0.,1.5E-02));
#5536 = VECTOR('',#5537,1.);
#5537 = DIRECTION('',(0.866025403784,0.5,0.));
#5538 = PLANE('',#5539);
#5539 = AXIS2_PLACEMENT_3D('',#5540,#5541,#5542);
#5540 = CARTESIAN_POINT('',(-0.277128129211,0.,1.5E-02));
#5541 = DIRECTION('',(-0.5,0.866025403784,0.));
#5542 = DIRECTION('',(0.866025403784,0.5,0.));
#5543 = ADVANCED_FACE('',(#5544),#5555,.T.);
#5544 = FACE_BOUND('',#5545,.T.);
#5545 = EDGE_LOOP('',(#5546,#5547,#5548,#5549));
#5546 = ORIENTED_EDGE('',*,*,#5501,.T.);
#5547 = ORIENTED_EDGE('',*,*,#4803,.T.);
#5548 = ORIENTED_EDGE('',*,*,#5523,.F.);
#5549 = ORIENTED_EDGE('',*,*,#5550,.F.);
#5550 = EDGE_CURVE('',#5502,#5524,#5551,.T.);
#5551 = LINE('',#5552,#5553);
#5552 = CARTESIAN_POINT('',(0.277128129211,-0.32,1.5E-02));
#5553 = VECTOR('',#5554,1.);
#5554 = DIRECTION('',(-0.866025403784,0.5,0.));
#5555 = PLANE('',#5556);
#5556 = AXIS2_PLACEMENT_3D('',#5557,#5558,#5559);
#5557 = CARTESIAN_POINT('',(0.277128129211,-0.32,1.5E-02));
#5558 = DIRECTION('',(-0.5,-0.866025403784,0.));
#5559 = DIRECTION('',(-0.866025403784,0.5,0.));
#5560 = ADVANCED_FACE('',(#5561),#5583,.F.);
#5561 = FACE_BOUND('',#5562,.F.);
#5562 = EDGE_LOOP('',(#5563,#5571,#5572,#5573,#5574,#5575,#5576,#5577));
#5563 = ORIENTED_EDGE('',*,*,#5564,.F.);
#5564 = EDGE_CURVE('',#5380,#5565,#5567,.T.);
#5565 = VERTEX_POINT('',#5566);
#5566 = CARTESIAN_POINT('',(0.77,0.4,-3.469446951954E-18));
#5567 = LINE('',#5568,#5569);
#5568 = CARTESIAN_POINT('',(0.5,0.4,0.));
#5569 = VECTOR('',#5570,1.);
#5570 = DIRECTION('',(1.,0.,0.));
#5571 = ORIENTED_EDGE('',*,*,#5379,.F.);
#5572 = ORIENTED_EDGE('',*,*,#5412,.F.);
#5573 = ORIENTED_EDGE('',*,*,#5427,.F.);
#5574 = ORIENTED_EDGE('',*,*,#5460,.F.);
#5575 = ORIENTED_EDGE('',*,*,#5478,.F.);
#5576 = ORIENTED_EDGE('',*,*,#4825,.T.);
#5577 = ORIENTED_EDGE('',*,*,#5578,.T.);
#5578 = EDGE_CURVE('',#4828,#5565,#5579,.T.);
#5579 = LINE('',#5580,#5581);
#5580 = CARTESIAN_POINT('',(0.77,-0.4,-3.469446951954E-18));
#5581 = VECTOR('',#5582,1.);
#5582 = DIRECTION('',(0.,1.,0.));
#5583 = PLANE('',#5584);
#5584 = AXIS2_PLACEMENT_3D('',#5585,#5586,#5587);
#5585 = CARTESIAN_POINT('',(0.5,-0.4,0.));
#5586 = DIRECTION('',(0.,0.,1.));
#5587 = DIRECTION('',(1.,0.,-0.));
#5588 = ADVANCED_FACE('',(#5589),#5608,.T.);
#5589 = FACE_BOUND('',#5590,.T.);
#5590 = EDGE_LOOP('',(#5591,#5592,#5593,#5602));
#5591 = ORIENTED_EDGE('',*,*,#4877,.T.);
#5592 = ORIENTED_EDGE('',*,*,#5578,.T.);
#5593 = ORIENTED_EDGE('',*,*,#5594,.F.);
#5594 = EDGE_CURVE('',#5595,#5565,#5597,.T.);
#5595 = VERTEX_POINT('',#5596);
#5596 = CARTESIAN_POINT('',(0.8,0.4,3.E-02));
#5597 = CIRCLE('',#5598,3.E-02);
#5598 = AXIS2_PLACEMENT_3D('',#5599,#5600,#5601);
#5599 = CARTESIAN_POINT('',(0.77,0.4,3.E-02));
#5600 = DIRECTION('',(0.,1.,0.));
#5601 = DIRECTION('',(0.,-0.,1.));
#5602 = ORIENTED_EDGE('',*,*,#5603,.F.);
#5603 = EDGE_CURVE('',#4870,#5595,#5604,.T.);
#5604 = LINE('',#5605,#5606);
#5605 = CARTESIAN_POINT('',(0.8,-0.4,3.E-02));
#5606 = VECTOR('',#5607,1.);
#5607 = DIRECTION('',(0.,1.,0.));
#5608 = CYLINDRICAL_SURFACE('',#5609,3.E-02);
#5609 = AXIS2_PLACEMENT_3D('',#5610,#5611,#5612);
#5610 = CARTESIAN_POINT('',(0.77,-0.4,3.E-02));
#5611 = DIRECTION('',(0.,1.,0.));
#5612 = DIRECTION('',(1.,0.,0.));
#5613 = ADVANCED_FACE('',(#5614),#5632,.T.);
#5614 = FACE_BOUND('',#5615,.T.);
#5615 = EDGE_LOOP('',(#5616,#5617,#5618,#5626));
#5616 = ORIENTED_EDGE('',*,*,#4869,.F.);
#5617 = ORIENTED_EDGE('',*,*,#5603,.T.);
#5618 = ORIENTED_EDGE('',*,*,#5619,.T.);
#5619 = EDGE_CURVE('',#5595,#5620,#5622,.T.);
#5620 = VERTEX_POINT('',#5621);
#5621 = CARTESIAN_POINT('',(0.8,0.4,0.47));
#5622 = LINE('',#5623,#5624);
#5623 = CARTESIAN_POINT('',(0.8,0.4,0.));
#5624 = VECTOR('',#5625,1.);
#5625 = DIRECTION('',(0.,0.,1.));
#5626 = ORIENTED_EDGE('',*,*,#5627,.F.);
#5627 = EDGE_CURVE('',#4861,#5620,#5628,.T.);
#5628 = LINE('',#5629,#5630);
#5629 = CARTESIAN_POINT('',(0.8,-0.4,0.47));
#5630 = VECTOR('',#5631,1.);
#5631 = DIRECTION('',(0.,1.,0.));
#5632 = PLANE('',#5633);
#5633 = AXIS2_PLACEMENT_3D('',#5634,#5635,#5636);
#5634 = CARTESIAN_POINT('',(0.8,-0.4,0.));
#5635 = DIRECTION('',(1.,0.,0.));
#5636 = DIRECTION('',(0.,0.,1.));
#5637 = ADVANCED_FACE('',(#5638),#5657,.T.);
#5638 = FACE_BOUND('',#5639,.T.);
#5639 = EDGE_LOOP('',(#5640,#5641,#5650,#5656));
#5640 = ORIENTED_EDGE('',*,*,#5627,.T.);
#5641 = ORIENTED_EDGE('',*,*,#5642,.T.);
#5642 = EDGE_CURVE('',#5620,#5643,#5645,.T.);
#5643 = VERTEX_POINT('',#5644);
#5644 = CARTESIAN_POINT('',(0.77,0.4,0.5));
#5645 = CIRCLE('',#5646,3.E-02);
#5646 = AXIS2_PLACEMENT_3D('',#5647,#5648,#5649);
#5647 = CARTESIAN_POINT('',(0.77,0.4,0.47));
#5648 = DIRECTION('',(0.,-1.,0.));
#5649 = DIRECTION('',(0.,0.,1.));
#5650 = ORIENTED_EDGE('',*,*,#5651,.F.);
#5651 = EDGE_CURVE('',#4853,#5643,#5652,.T.);
#5652 = LINE('',#5653,#5654);
#5653 = CARTESIAN_POINT('',(0.77,-0.4,0.5));
#5654 = VECTOR('',#5655,1.);
#5655 = DIRECTION('',(0.,1.,0.));
#5656 = ORIENTED_EDGE('',*,*,#4860,.F.);
#5657 = CYLINDRICAL_SURFACE('',#5658,3.E-02);
#5658 = AXIS2_PLACEMENT_3D('',#5659,#5660,#5661);
#5659 = CARTESIAN_POINT('',(0.77,-0.4,0.47));
#5660 = DIRECTION('',(0.,1.,0.));
#5661 = DIRECTION('',(1.,0.,0.));
#5662 = ADVANCED_FACE('',(#5663),#5704,.T.);
#5663 = FACE_BOUND('',#5664,.T.);
#5664 = EDGE_LOOP('',(#5665,#5673,#5681,#5687,#5688,#5696,#5702,#5703));
#5665 = ORIENTED_EDGE('',*,*,#5666,.F.);
#5666 = EDGE_CURVE('',#5667,#5643,#5669,.T.);
#5667 = VERTEX_POINT('',#5668);
#5668 = CARTESIAN_POINT('',(0.725,0.4,0.5));
#5669 = LINE('',#5670,#5671);
#5670 = CARTESIAN_POINT('',(0.5,0.4,0.5));
#5671 = VECTOR('',#5672,1.);
#5672 = DIRECTION('',(1.,0.,0.));
#5673 = ORIENTED_EDGE('',*,*,#5674,.F.);
#5674 = EDGE_CURVE('',#5675,#5667,#5677,.T.);
#5675 = VERTEX_POINT('',#5676);
#5676 = CARTESIAN_POINT('',(0.725,0.3,0.5));
#5677 = LINE('',#5678,#5679);
#5678 = CARTESIAN_POINT('',(0.725,-5.E-02,0.5));
#5679 = VECTOR('',#5680,1.);
#5680 = DIRECTION('',(0.,1.,0.));
#5681 = ORIENTED_EDGE('',*,*,#5682,.F.);
#5682 = EDGE_CURVE('',#4958,#5675,#5683,.T.);
#5683 = LINE('',#5684,#5685);
#5684 = CARTESIAN_POINT('',(-0.1125,0.3,0.5));
#5685 = VECTOR('',#5686,1.);
#5686 = DIRECTION('',(1.,0.,0.));
#5687 = ORIENTED_EDGE('',*,*,#4957,.F.);
#5688 = ORIENTED_EDGE('',*,*,#5689,.F.);
#5689 = EDGE_CURVE('',#5690,#4949,#5692,.T.);
#5690 = VERTEX_POINT('',#5691);
#5691 = CARTESIAN_POINT('',(0.725,-0.3,0.5));
#5692 = LINE('',#5693,#5694);
#5693 = CARTESIAN_POINT('',(0.6125,-0.3,0.5));
#5694 = VECTOR('',#5695,1.);
#5695 = DIRECTION('',(-1.,0.,0.));
#5696 = ORIENTED_EDGE('',*,*,#5697,.F.);
#5697 = EDGE_CURVE('',#4845,#5690,#5698,.T.);
#5698 = LINE('',#5699,#5700);
#5699 = CARTESIAN_POINT('',(0.725,-0.45,0.5));
#5700 = VECTOR('',#5701,1.);
#5701 = DIRECTION('',(0.,1.,0.));
#5702 = ORIENTED_EDGE('',*,*,#4852,.T.);
#5703 = ORIENTED_EDGE('',*,*,#5651,.T.);
#5704 = PLANE('',#5705);
#5705 = AXIS2_PLACEMENT_3D('',#5706,#5707,#5708);
#5706 = CARTESIAN_POINT('',(0.5,-0.4,0.5));
#5707 = DIRECTION('',(0.,0.,1.));
#5708 = DIRECTION('',(1.,0.,-0.));
#5709 = ADVANCED_FACE('',(#5710),#5721,.F.);
#5710 = FACE_BOUND('',#5711,.F.);
#5711 = EDGE_LOOP('',(#5712,#5718,#5719,#5720));
#5712 = ORIENTED_EDGE('',*,*,#5713,.F.);
#5713 = EDGE_CURVE('',#5690,#4893,#5714,.T.);
#5714 = LINE('',#5715,#5716);
#5715 = CARTESIAN_POINT('',(0.725,-0.3,0.75));
#5716 = VECTOR('',#5717,1.);
#5717 = DIRECTION('',(-0.,-0.,-1.));
#5718 = ORIENTED_EDGE('',*,*,#5697,.F.);
#5719 = ORIENTED_EDGE('',*,*,#4844,.T.);
#5720 = ORIENTED_EDGE('',*,*,#4902,.F.);
#5721 = PLANE('',#5722);
#5722 = AXIS2_PLACEMENT_3D('',#5723,#5724,#5725);
#5723 = CARTESIAN_POINT('',(0.725,-0.5,0.75));
#5724 = DIRECTION('',(1.,0.,0.));
#5725 = DIRECTION('',(-0.,1.,0.));
#5726 = ADVANCED_FACE('',(#5727),#5733,.F.);
#5727 = FACE_BOUND('',#5728,.F.);
#5728 = EDGE_LOOP('',(#5729,#5730,#5731,#5732));
#5729 = ORIENTED_EDGE('',*,*,#5689,.F.);
#5730 = ORIENTED_EDGE('',*,*,#5713,.T.);
#5731 = ORIENTED_EDGE('',*,*,#4892,.F.);
#5732 = ORIENTED_EDGE('',*,*,#4948,.T.);
#5733 = PLANE('',#5734);
#5734 = AXIS2_PLACEMENT_3D('',#5735,#5736,#5737);
#5735 = CARTESIAN_POINT('',(0.725,-0.3,0.75));
#5736 = DIRECTION('',(0.,1.,0.));
#5737 = DIRECTION('',(-1.,0.,0.));
#5738 = ADVANCED_FACE('',(#5739),#5755,.F.);
#5739 = FACE_BOUND('',#5740,.F.);
#5740 = EDGE_LOOP('',(#5741,#5742,#5748,#5749));
#5741 = ORIENTED_EDGE('',*,*,#5674,.F.);
#5742 = ORIENTED_EDGE('',*,*,#5743,.T.);
#5743 = EDGE_CURVE('',#5675,#4926,#5744,.T.);
#5744 = LINE('',#5745,#5746);
#5745 = CARTESIAN_POINT('',(0.725,0.3,0.75));
#5746 = VECTOR('',#5747,1.);
#5747 = DIRECTION('',(-0.,-0.,-1.));
#5748 = ORIENTED_EDGE('',*,*,#4933,.F.);
#5749 = ORIENTED_EDGE('',*,*,#5750,.F.);
#5750 = EDGE_CURVE('',#5667,#4917,#5751,.T.);
#5751 = LINE('',#5752,#5753);
#5752 = CARTESIAN_POINT('',(0.725,0.4,0.375));
#5753 = VECTOR('',#5754,1.);
#5754 = DIRECTION('',(0.,0.,-1.));
#5755 = PLANE('',#5756);
#5756 = AXIS2_PLACEMENT_3D('',#5757,#5758,#5759);
#5757 = CARTESIAN_POINT('',(0.725,0.3,0.75));
#5758 = DIRECTION('',(1.,0.,0.));
#5759 = DIRECTION('',(-0.,1.,0.));
#5760 = ADVANCED_FACE('',(#5761),#5767,.F.);
#5761 = FACE_BOUND('',#5762,.F.);
#5762 = EDGE_LOOP('',(#5763,#5764,#5765,#5766));
#5763 = ORIENTED_EDGE('',*,*,#5743,.F.);
#5764 = ORIENTED_EDGE('',*,*,#5682,.F.);
#5765 = ORIENTED_EDGE('',*,*,#4965,.F.);
#5766 = ORIENTED_EDGE('',*,*,#4925,.F.);
#5767 = PLANE('',#5768);
#5768 = AXIS2_PLACEMENT_3D('',#5769,#5770,#5771);
#5769 = CARTESIAN_POINT('',(-0.725,0.3,0.75));
#5770 = DIRECTION('',(0.,-1.,0.));
#5771 = DIRECTION('',(1.,0.,0.));
#5772 = ADVANCED_FACE('',(#5773),#5785,.T.);
#5773 = FACE_BOUND('',#5774,.T.);
#5774 = EDGE_LOOP('',(#5775,#5776,#5777,#5778,#5779,#5780,#5781,#5782,
    #5783,#5784));
#5775 = ORIENTED_EDGE('',*,*,#5153,.F.);
#5776 = ORIENTED_EDGE('',*,*,#5224,.F.);
#5777 = ORIENTED_EDGE('',*,*,#5260,.T.);
#5778 = ORIENTED_EDGE('',*,*,#5284,.T.);
#5779 = ORIENTED_EDGE('',*,*,#5108,.T.);
#5780 = ORIENTED_EDGE('',*,*,#5069,.F.);
#5781 = ORIENTED_EDGE('',*,*,#4996,.F.);
#5782 = ORIENTED_EDGE('',*,*,#4988,.F.);
#5783 = ORIENTED_EDGE('',*,*,#4980,.T.);
#5784 = ORIENTED_EDGE('',*,*,#5355,.F.);
#5785 = PLANE('',#5786);
#5786 = AXIS2_PLACEMENT_3D('',#5787,#5788,#5789);
#5787 = CARTESIAN_POINT('',(-0.8,0.4,0.));
#5788 = DIRECTION('',(0.,1.,0.));
#5789 = DIRECTION('',(0.,-0.,1.));
#5790 = ADVANCED_FACE('',(#5791),#5803,.T.);
#5791 = FACE_BOUND('',#5792,.T.);
#5792 = EDGE_LOOP('',(#5793,#5794,#5795,#5796,#5797,#5798,#5799,#5800,
    #5801,#5802));
#5793 = ORIENTED_EDGE('',*,*,#5564,.F.);
#5794 = ORIENTED_EDGE('',*,*,#5387,.F.);
#5795 = ORIENTED_EDGE('',*,*,#5021,.T.);
#5796 = ORIENTED_EDGE('',*,*,#5013,.T.);
#5797 = ORIENTED_EDGE('',*,*,#5005,.F.);
#5798 = ORIENTED_EDGE('',*,*,#5750,.F.);
#5799 = ORIENTED_EDGE('',*,*,#5666,.T.);
#5800 = ORIENTED_EDGE('',*,*,#5642,.F.);
#5801 = ORIENTED_EDGE('',*,*,#5619,.F.);
#5802 = ORIENTED_EDGE('',*,*,#5594,.T.);
#5803 = PLANE('',#5804);
#5804 = AXIS2_PLACEMENT_3D('',#5805,#5806,#5807);
#5805 = CARTESIAN_POINT('',(0.5,0.4,0.));
#5806 = DIRECTION('',(0.,1.,0.));
#5807 = DIRECTION('',(0.,-0.,1.));
#5808 = ADVANCED_FACE('',(#5809),#5814,.T.);
#5809 = FACE_BOUND('',#5810,.T.);
#5810 = EDGE_LOOP('',(#5811,#5812,#5813));
#5811 = ORIENTED_EDGE('',*,*,#5533,.T.);
#5812 = ORIENTED_EDGE('',*,*,#5509,.T.);
#5813 = ORIENTED_EDGE('',*,*,#5550,.T.);
#5814 = PLANE('',#5815);
#5815 = AXIS2_PLACEMENT_3D('',#5816,#5817,#5818);
#5816 = CARTESIAN_POINT('',(9.237604307034E-02,0.,1.5E-02));
#5817 = DIRECTION('',(-0.,-0.,-1.));
#5818 = DIRECTION('',(-1.,0.,0.));
#5819 = ( GEOMETRIC_REPRESENTATION_CONTEXT(3) 
GLOBAL_UNCERTAINTY_ASSIGNED_CONTEXT((#5823)) 
GLOBAL_UNIT_ASSIGNED_CONTEXT((#5820,#5821,#5822)) REPRESENTATION_CONTEXT
('Context #1','3D Context with UNIT and UNCERTAINTY') );
#5820 = ( LENGTH_UNIT() NAMED_UNIT(*) SI_UNIT(.MILLI.,.METRE.) );
#5821 = ( NAMED_UNIT(*) PLANE_ANGLE_UNIT() SI_UNIT($,.RADIAN.) );
#5822 = ( NAMED_UNIT(*) SI_UNIT($,.STERADIAN.) SOLID_ANGLE_UNIT() );
#5823 = UNCERTAINTY_MEASURE_WITH_UNIT(LENGTH_MEASURE(1.E-07),#5820,
  'distance_accuracy_value','confusion accuracy');
#5824 = CONTEXT_DEPENDENT_SHAPE_REPRESENTATION(#5825,#5827);
#5825 = ( REPRESENTATION_RELATIONSHIP('','',#4295,#10) 
REPRESENTATION_RELATIONSHIP_WITH_TRANSFORMATION(#5826) 
SHAPE_REPRESENTATION_RELATIONSHIP() );
#5826 = ITEM_DEFINED_TRANSFORMATION('','',#11,#43);
#5827 = PRODUCT_DEFINITION_SHAPE('Placement','Placement of an item',
  #5828);
#5828 = NEXT_ASSEMBLY_USAGE_OCCURRENCE('8','D1','',#5,#4290,$);
#5829 = PRODUCT_RELATED_PRODUCT_CATEGORY('part',$,(#4292));
#5830 = CONTEXT_DEPENDENT_SHAPE_REPRESENTATION(#5831,#5833);
#5831 = ( REPRESENTATION_RELATIONSHIP('','',#2318,#10) 
REPRESENTATION_RELATIONSHIP_WITH_TRANSFORMATION(#5832) 
SHAPE_REPRESENTATION_RELATIONSHIP() );
#5832 = ITEM_DEFINED_TRANSFORMATION('','',#11,#47);
#5833 = PRODUCT_DEFINITION_SHAPE('Placement','Placement of an item',
  #5834);
#5834 = NEXT_ASSEMBLY_USAGE_OCCURRENCE('9','R10','',#5,#2313,$);
#5835 = SHAPE_DEFINITION_REPRESENTATION(#5836,#5842);
#5836 = PRODUCT_DEFINITION_SHAPE('','',#5837);
#5837 = PRODUCT_DEFINITION('design','',#5838,#5841);
#5838 = PRODUCT_DEFINITION_FORMATION('','',#5839);
#5839 = PRODUCT('C_0402_1005Metric','C_0402_1005Metric','',(#5840));
#5840 = PRODUCT_CONTEXT('',#2,'mechanical');
#5841 = PRODUCT_DEFINITION_CONTEXT('part definition',#2,'design');
#5842 = ADVANCED_BREP_SHAPE_REPRESENTATION('',(#11,#5843),#6697);
#5843 = MANIFOLD_SOLID_BREP('',#5844);
#5844 = CLOSED_SHELL('',(#5845,#5921,#5952,#5977,#6002,#6026,#6050,#6075
    ,#6100,#6117,#6203,#6235,#6259,#6284,#6308,#6333,#6357,#6382,#6399,
    #6485,#6516,#6541,#6566,#6590,#6614,#6639,#6664,#6681));
#5845 = ADVANCED_FACE('',(#5846),#5916,.F.);
#5846 = FACE_BOUND('',#5847,.F.);
#5847 = EDGE_LOOP('',(#5848,#5858,#5867,#5875,#5884,#5892,#5901,#5909));
#5848 = ORIENTED_EDGE('',*,*,#5849,.F.);
#5849 = EDGE_CURVE('',#5850,#5852,#5854,.T.);
#5850 = VERTEX_POINT('',#5851);
#5851 = CARTESIAN_POINT('',(-0.5,-0.25,2.E-02));
#5852 = VERTEX_POINT('',#5853);
#5853 = CARTESIAN_POINT('',(-0.5,-0.25,0.48));
#5854 = LINE('',#5855,#5856);
#5855 = CARTESIAN_POINT('',(-0.5,-0.25,0.));
#5856 = VECTOR('',#5857,1.);
#5857 = DIRECTION('',(0.,0.,1.));
#5858 = ORIENTED_EDGE('',*,*,#5859,.T.);
#5859 = EDGE_CURVE('',#5850,#5860,#5862,.T.);
#5860 = VERTEX_POINT('',#5861);
#5861 = CARTESIAN_POINT('',(-0.5,-0.23,0.));
#5862 = CIRCLE('',#5863,2.E-02);
#5863 = AXIS2_PLACEMENT_3D('',#5864,#5865,#5866);
#5864 = CARTESIAN_POINT('',(-0.5,-0.23,2.E-02));
#5865 = DIRECTION('',(1.,0.,-0.));
#5866 = DIRECTION('',(0.,0.,1.));
#5867 = ORIENTED_EDGE('',*,*,#5868,.T.);
#5868 = EDGE_CURVE('',#5860,#5869,#5871,.T.);
#5869 = VERTEX_POINT('',#5870);
#5870 = CARTESIAN_POINT('',(-0.5,0.23,0.));
#5871 = LINE('',#5872,#5873);
#5872 = CARTESIAN_POINT('',(-0.5,-0.25,0.));
#5873 = VECTOR('',#5874,1.);
#5874 = DIRECTION('',(0.,1.,0.));
#5875 = ORIENTED_EDGE('',*,*,#5876,.F.);
#5876 = EDGE_CURVE('',#5877,#5869,#5879,.T.);
#5877 = VERTEX_POINT('',#5878);
#5878 = CARTESIAN_POINT('',(-0.5,0.25,2.E-02));
#5879 = CIRCLE('',#5880,2.E-02);
#5880 = AXIS2_PLACEMENT_3D('',#5881,#5882,#5883);
#5881 = CARTESIAN_POINT('',(-0.5,0.23,2.E-02));
#5882 = DIRECTION('',(-1.,0.,0.));
#5883 = DIRECTION('',(0.,0.,1.));
#5884 = ORIENTED_EDGE('',*,*,#5885,.T.);
#5885 = EDGE_CURVE('',#5877,#5886,#5888,.T.);
#5886 = VERTEX_POINT('',#5887);
#5887 = CARTESIAN_POINT('',(-0.5,0.25,0.48));
#5888 = LINE('',#5889,#5890);
#5889 = CARTESIAN_POINT('',(-0.5,0.25,0.));
#5890 = VECTOR('',#5891,1.);
#5891 = DIRECTION('',(0.,0.,1.));
#5892 = ORIENTED_EDGE('',*,*,#5893,.T.);
#5893 = EDGE_CURVE('',#5886,#5894,#5896,.T.);
#5894 = VERTEX_POINT('',#5895);
#5895 = CARTESIAN_POINT('',(-0.5,0.23,0.5));
#5896 = CIRCLE('',#5897,2.E-02);
#5897 = AXIS2_PLACEMENT_3D('',#5898,#5899,#5900);
#5898 = CARTESIAN_POINT('',(-0.5,0.23,0.48));
#5899 = DIRECTION('',(1.,0.,-0.));
#5900 = DIRECTION('',(0.,0.,1.));
#5901 = ORIENTED_EDGE('',*,*,#5902,.F.);
#5902 = EDGE_CURVE('',#5903,#5894,#5905,.T.);
#5903 = VERTEX_POINT('',#5904);
#5904 = CARTESIAN_POINT('',(-0.5,-0.23,0.5));
#5905 = LINE('',#5906,#5907);
#5906 = CARTESIAN_POINT('',(-0.5,-0.25,0.5));
#5907 = VECTOR('',#5908,1.);
#5908 = DIRECTION('',(0.,1.,0.));
#5909 = ORIENTED_EDGE('',*,*,#5910,.F.);
#5910 = EDGE_CURVE('',#5852,#5903,#5911,.T.);
#5911 = CIRCLE('',#5912,2.E-02);
#5912 = AXIS2_PLACEMENT_3D('',#5913,#5914,#5915);
#5913 = CARTESIAN_POINT('',(-0.5,-0.23,0.48));
#5914 = DIRECTION('',(-1.,0.,0.));
#5915 = DIRECTION('',(0.,0.,1.));
#5916 = PLANE('',#5917);
#5917 = AXIS2_PLACEMENT_3D('',#5918,#5919,#5920);
#5918 = CARTESIAN_POINT('',(-0.5,-0.25,0.));
#5919 = DIRECTION('',(1.,0.,0.));
#5920 = DIRECTION('',(0.,0.,1.));
#5921 = ADVANCED_FACE('',(#5922),#5947,.F.);
#5922 = FACE_BOUND('',#5923,.F.);
#5923 = EDGE_LOOP('',(#5924,#5934,#5940,#5941));
#5924 = ORIENTED_EDGE('',*,*,#5925,.F.);
#5925 = EDGE_CURVE('',#5926,#5928,#5930,.T.);
#5926 = VERTEX_POINT('',#5927);
#5927 = CARTESIAN_POINT('',(-0.3,-0.25,2.E-02));
#5928 = VERTEX_POINT('',#5929);
#5929 = CARTESIAN_POINT('',(-0.3,-0.25,0.48));
#5930 = LINE('',#5931,#5932);
#5931 = CARTESIAN_POINT('',(-0.3,-0.25,0.));
#5932 = VECTOR('',#5933,1.);
#5933 = DIRECTION('',(0.,0.,1.));
#5934 = ORIENTED_EDGE('',*,*,#5935,.F.);
#5935 = EDGE_CURVE('',#5850,#5926,#5936,.T.);
#5936 = LINE('',#5937,#5938);
#5937 = CARTESIAN_POINT('',(-0.5,-0.25,2.E-02));
#5938 = VECTOR('',#5939,1.);
#5939 = DIRECTION('',(1.,0.,0.));
#5940 = ORIENTED_EDGE('',*,*,#5849,.T.);
#5941 = ORIENTED_EDGE('',*,*,#5942,.T.);
#5942 = EDGE_CURVE('',#5852,#5928,#5943,.T.);
#5943 = LINE('',#5944,#5945);
#5944 = CARTESIAN_POINT('',(-0.5,-0.25,0.48));
#5945 = VECTOR('',#5946,1.);
#5946 = DIRECTION('',(1.,0.,0.));
#5947 = PLANE('',#5948);
#5948 = AXIS2_PLACEMENT_3D('',#5949,#5950,#5951);
#5949 = CARTESIAN_POINT('',(-0.5,-0.25,0.));
#5950 = DIRECTION('',(0.,1.,0.));
#5951 = DIRECTION('',(0.,-0.,1.));
#5952 = ADVANCED_FACE('',(#5953),#5972,.T.);
#5953 = FACE_BOUND('',#5954,.T.);
#5954 = EDGE_LOOP('',(#5955,#5956,#5964,#5971));
#5955 = ORIENTED_EDGE('',*,*,#5859,.T.);
#5956 = ORIENTED_EDGE('',*,*,#5957,.T.);
#5957 = EDGE_CURVE('',#5860,#5958,#5960,.T.);
#5958 = VERTEX_POINT('',#5959);
#5959 = CARTESIAN_POINT('',(-0.3,-0.23,0.));
#5960 = LINE('',#5961,#5962);
#5961 = CARTESIAN_POINT('',(-0.5,-0.23,0.));
#5962 = VECTOR('',#5963,1.);
#5963 = DIRECTION('',(1.,0.,0.));
#5964 = ORIENTED_EDGE('',*,*,#5965,.F.);
#5965 = EDGE_CURVE('',#5926,#5958,#5966,.T.);
#5966 = CIRCLE('',#5967,2.E-02);
#5967 = AXIS2_PLACEMENT_3D('',#5968,#5969,#5970);
#5968 = CARTESIAN_POINT('',(-0.3,-0.23,2.E-02));
#5969 = DIRECTION('',(1.,0.,-0.));
#5970 = DIRECTION('',(0.,0.,1.));
#5971 = ORIENTED_EDGE('',*,*,#5935,.F.);
#5972 = CYLINDRICAL_SURFACE('',#5973,2.E-02);
#5973 = AXIS2_PLACEMENT_3D('',#5974,#5975,#5976);
#5974 = CARTESIAN_POINT('',(-0.5,-0.23,2.E-02));
#5975 = DIRECTION('',(1.,0.,0.));
#5976 = DIRECTION('',(0.,-1.,0.));
#5977 = ADVANCED_FACE('',(#5978),#5997,.T.);
#5978 = FACE_BOUND('',#5979,.T.);
#5979 = EDGE_LOOP('',(#5980,#5981,#5990,#5996));
#5980 = ORIENTED_EDGE('',*,*,#5942,.T.);
#5981 = ORIENTED_EDGE('',*,*,#5982,.T.);
#5982 = EDGE_CURVE('',#5928,#5983,#5985,.T.);
#5983 = VERTEX_POINT('',#5984);
#5984 = CARTESIAN_POINT('',(-0.3,-0.23,0.5));
#5985 = CIRCLE('',#5986,2.E-02);
#5986 = AXIS2_PLACEMENT_3D('',#5987,#5988,#5989);
#5987 = CARTESIAN_POINT('',(-0.3,-0.23,0.48));
#5988 = DIRECTION('',(-1.,0.,0.));
#5989 = DIRECTION('',(0.,0.,1.));
#5990 = ORIENTED_EDGE('',*,*,#5991,.F.);
#5991 = EDGE_CURVE('',#5903,#5983,#5992,.T.);
#5992 = LINE('',#5993,#5994);
#5993 = CARTESIAN_POINT('',(-0.5,-0.23,0.5));
#5994 = VECTOR('',#5995,1.);
#5995 = DIRECTION('',(1.,0.,0.));
#5996 = ORIENTED_EDGE('',*,*,#5910,.F.);
#5997 = CYLINDRICAL_SURFACE('',#5998,2.E-02);
#5998 = AXIS2_PLACEMENT_3D('',#5999,#6000,#6001);
#5999 = CARTESIAN_POINT('',(-0.5,-0.23,0.48));
#6000 = DIRECTION('',(1.,0.,0.));
#6001 = DIRECTION('',(0.,-1.,0.));
#6002 = ADVANCED_FACE('',(#6003),#6021,.F.);
#6003 = FACE_BOUND('',#6004,.F.);
#6004 = EDGE_LOOP('',(#6005,#6006,#6007,#6015));
#6005 = ORIENTED_EDGE('',*,*,#5868,.F.);
#6006 = ORIENTED_EDGE('',*,*,#5957,.T.);
#6007 = ORIENTED_EDGE('',*,*,#6008,.T.);
#6008 = EDGE_CURVE('',#5958,#6009,#6011,.T.);
#6009 = VERTEX_POINT('',#6010);
#6010 = CARTESIAN_POINT('',(-0.3,0.23,0.));
#6011 = LINE('',#6012,#6013);
#6012 = CARTESIAN_POINT('',(-0.3,-0.25,0.));
#6013 = VECTOR('',#6014,1.);
#6014 = DIRECTION('',(0.,1.,0.));
#6015 = ORIENTED_EDGE('',*,*,#6016,.F.);
#6016 = EDGE_CURVE('',#5869,#6009,#6017,.T.);
#6017 = LINE('',#6018,#6019);
#6018 = CARTESIAN_POINT('',(-0.5,0.23,0.));
#6019 = VECTOR('',#6020,1.);
#6020 = DIRECTION('',(1.,0.,0.));
#6021 = PLANE('',#6022);
#6022 = AXIS2_PLACEMENT_3D('',#6023,#6024,#6025);
#6023 = CARTESIAN_POINT('',(-0.5,-0.25,0.));
#6024 = DIRECTION('',(0.,0.,1.));
#6025 = DIRECTION('',(1.,0.,-0.));
#6026 = ADVANCED_FACE('',(#6027),#6045,.T.);
#6027 = FACE_BOUND('',#6028,.T.);
#6028 = EDGE_LOOP('',(#6029,#6030,#6031,#6039));
#6029 = ORIENTED_EDGE('',*,*,#5902,.F.);
#6030 = ORIENTED_EDGE('',*,*,#5991,.T.);
#6031 = ORIENTED_EDGE('',*,*,#6032,.T.);
#6032 = EDGE_CURVE('',#5983,#6033,#6035,.T.);
#6033 = VERTEX_POINT('',#6034);
#6034 = CARTESIAN_POINT('',(-0.3,0.23,0.5));
#6035 = LINE('',#6036,#6037);
#6036 = CARTESIAN_POINT('',(-0.3,-0.25,0.5));
#6037 = VECTOR('',#6038,1.);
#6038 = DIRECTION('',(0.,1.,0.));
#6039 = ORIENTED_EDGE('',*,*,#6040,.F.);
#6040 = EDGE_CURVE('',#5894,#6033,#6041,.T.);
#6041 = LINE('',#6042,#6043);
#6042 = CARTESIAN_POINT('',(-0.5,0.23,0.5));
#6043 = VECTOR('',#6044,1.);
#6044 = DIRECTION('',(1.,0.,0.));
#6045 = PLANE('',#6046);
#6046 = AXIS2_PLACEMENT_3D('',#6047,#6048,#6049);
#6047 = CARTESIAN_POINT('',(-0.5,-0.25,0.5));
#6048 = DIRECTION('',(0.,0.,1.));
#6049 = DIRECTION('',(1.,0.,-0.));
#6050 = ADVANCED_FACE('',(#6051),#6070,.T.);
#6051 = FACE_BOUND('',#6052,.T.);
#6052 = EDGE_LOOP('',(#6053,#6061,#6068,#6069));
#6053 = ORIENTED_EDGE('',*,*,#6054,.T.);
#6054 = EDGE_CURVE('',#5877,#6055,#6057,.T.);
#6055 = VERTEX_POINT('',#6056);
#6056 = CARTESIAN_POINT('',(-0.3,0.25,2.E-02));
#6057 = LINE('',#6058,#6059);
#6058 = CARTESIAN_POINT('',(-0.5,0.25,2.E-02));
#6059 = VECTOR('',#6060,1.);
#6060 = DIRECTION('',(1.,0.,0.));
#6061 = ORIENTED_EDGE('',*,*,#6062,.T.);
#6062 = EDGE_CURVE('',#6055,#6009,#6063,.T.);
#6063 = CIRCLE('',#6064,2.E-02);
#6064 = AXIS2_PLACEMENT_3D('',#6065,#6066,#6067);
#6065 = CARTESIAN_POINT('',(-0.3,0.23,2.E-02));
#6066 = DIRECTION('',(-1.,0.,0.));
#6067 = DIRECTION('',(0.,0.,1.));
#6068 = ORIENTED_EDGE('',*,*,#6016,.F.);
#6069 = ORIENTED_EDGE('',*,*,#5876,.F.);
#6070 = CYLINDRICAL_SURFACE('',#6071,2.E-02);
#6071 = AXIS2_PLACEMENT_3D('',#6072,#6073,#6074);
#6072 = CARTESIAN_POINT('',(-0.5,0.23,2.E-02));
#6073 = DIRECTION('',(1.,0.,0.));
#6074 = DIRECTION('',(-0.,1.,0.));
#6075 = ADVANCED_FACE('',(#6076),#6095,.T.);
#6076 = FACE_BOUND('',#6077,.T.);
#6077 = EDGE_LOOP('',(#6078,#6079,#6080,#6089));
#6078 = ORIENTED_EDGE('',*,*,#5893,.T.);
#6079 = ORIENTED_EDGE('',*,*,#6040,.T.);
#6080 = ORIENTED_EDGE('',*,*,#6081,.F.);
#6081 = EDGE_CURVE('',#6082,#6033,#6084,.T.);
#6082 = VERTEX_POINT('',#6083);
#6083 = CARTESIAN_POINT('',(-0.3,0.25,0.48));
#6084 = CIRCLE('',#6085,2.E-02);
#6085 = AXIS2_PLACEMENT_3D('',#6086,#6087,#6088);
#6086 = CARTESIAN_POINT('',(-0.3,0.23,0.48));
#6087 = DIRECTION('',(1.,0.,-0.));
#6088 = DIRECTION('',(0.,0.,1.));
#6089 = ORIENTED_EDGE('',*,*,#6090,.F.);
#6090 = EDGE_CURVE('',#5886,#6082,#6091,.T.);
#6091 = LINE('',#6092,#6093);
#6092 = CARTESIAN_POINT('',(-0.5,0.25,0.48));
#6093 = VECTOR('',#6094,1.);
#6094 = DIRECTION('',(1.,0.,0.));
#6095 = CYLINDRICAL_SURFACE('',#6096,2.E-02);
#6096 = AXIS2_PLACEMENT_3D('',#6097,#6098,#6099);
#6097 = CARTESIAN_POINT('',(-0.5,0.23,0.48));
#6098 = DIRECTION('',(1.,0.,0.));
#6099 = DIRECTION('',(-0.,1.,0.));
#6100 = ADVANCED_FACE('',(#6101),#6112,.T.);
#6101 = FACE_BOUND('',#6102,.T.);
#6102 = EDGE_LOOP('',(#6103,#6109,#6110,#6111));
#6103 = ORIENTED_EDGE('',*,*,#6104,.F.);
#6104 = EDGE_CURVE('',#6055,#6082,#6105,.T.);
#6105 = LINE('',#6106,#6107);
#6106 = CARTESIAN_POINT('',(-0.3,0.25,0.));
#6107 = VECTOR('',#6108,1.);
#6108 = DIRECTION('',(0.,0.,1.));
#6109 = ORIENTED_EDGE('',*,*,#6054,.F.);
#6110 = ORIENTED_EDGE('',*,*,#5885,.T.);
#6111 = ORIENTED_EDGE('',*,*,#6090,.T.);
#6112 = PLANE('',#6113);
#6113 = AXIS2_PLACEMENT_3D('',#6114,#6115,#6116);
#6114 = CARTESIAN_POINT('',(-0.5,0.25,0.));
#6115 = DIRECTION('',(0.,1.,0.));
#6116 = DIRECTION('',(0.,-0.,1.));
#6117 = ADVANCED_FACE('',(#6118,#6128),#6198,.T.);
#6118 = FACE_BOUND('',#6119,.T.);
#6119 = EDGE_LOOP('',(#6120,#6121,#6122,#6123,#6124,#6125,#6126,#6127));
#6120 = ORIENTED_EDGE('',*,*,#5925,.F.);
#6121 = ORIENTED_EDGE('',*,*,#5965,.T.);
#6122 = ORIENTED_EDGE('',*,*,#6008,.T.);
#6123 = ORIENTED_EDGE('',*,*,#6062,.F.);
#6124 = ORIENTED_EDGE('',*,*,#6104,.T.);
#6125 = ORIENTED_EDGE('',*,*,#6081,.T.);
#6126 = ORIENTED_EDGE('',*,*,#6032,.F.);
#6127 = ORIENTED_EDGE('',*,*,#5982,.F.);
#6128 = FACE_BOUND('',#6129,.T.);
#6129 = EDGE_LOOP('',(#6130,#6141,#6149,#6158,#6166,#6175,#6183,#6192));
#6130 = ORIENTED_EDGE('',*,*,#6131,.F.);
#6131 = EDGE_CURVE('',#6132,#6134,#6136,.T.);
#6132 = VERTEX_POINT('',#6133);
#6133 = CARTESIAN_POINT('',(-0.3,-0.23,4.E-02));
#6134 = VERTEX_POINT('',#6135);
#6135 = CARTESIAN_POINT('',(-0.3,-0.21,2.E-02));
#6136 = CIRCLE('',#6137,2.E-02);
#6137 = AXIS2_PLACEMENT_3D('',#6138,#6139,#6140);
#6138 = CARTESIAN_POINT('',(-0.3,-0.21,4.E-02));
#6139 = DIRECTION('',(1.,0.,-0.));
#6140 = DIRECTION('',(0.,0.,1.));
#6141 = ORIENTED_EDGE('',*,*,#6142,.T.);
#6142 = EDGE_CURVE('',#6132,#6143,#6145,.T.);
#6143 = VERTEX_POINT('',#6144);
#6144 = CARTESIAN_POINT('',(-0.3,-0.23,0.46));
#6145 = LINE('',#6146,#6147);
#6146 = CARTESIAN_POINT('',(-0.3,-0.23,2.E-02));
#6147 = VECTOR('',#6148,1.);
#6148 = DIRECTION('',(0.,0.,1.));
#6149 = ORIENTED_EDGE('',*,*,#6150,.T.);
#6150 = EDGE_CURVE('',#6143,#6151,#6153,.T.);
#6151 = VERTEX_POINT('',#6152);
#6152 = CARTESIAN_POINT('',(-0.3,-0.21,0.48));
#6153 = CIRCLE('',#6154,2.E-02);
#6154 = AXIS2_PLACEMENT_3D('',#6155,#6156,#6157);
#6155 = CARTESIAN_POINT('',(-0.3,-0.21,0.46));
#6156 = DIRECTION('',(-1.,0.,0.));
#6157 = DIRECTION('',(0.,0.,1.));
#6158 = ORIENTED_EDGE('',*,*,#6159,.T.);
#6159 = EDGE_CURVE('',#6151,#6160,#6162,.T.);
#6160 = VERTEX_POINT('',#6161);
#6161 = CARTESIAN_POINT('',(-0.3,0.21,0.48));
#6162 = LINE('',#6163,#6164);
#6163 = CARTESIAN_POINT('',(-0.3,-0.23,0.48));
#6164 = VECTOR('',#6165,1.);
#6165 = DIRECTION('',(0.,1.,0.));
#6166 = ORIENTED_EDGE('',*,*,#6167,.F.);
#6167 = EDGE_CURVE('',#6168,#6160,#6170,.T.);
#6168 = VERTEX_POINT('',#6169);
#6169 = CARTESIAN_POINT('',(-0.3,0.23,0.46));
#6170 = CIRCLE('',#6171,2.E-02);
#6171 = AXIS2_PLACEMENT_3D('',#6172,#6173,#6174);
#6172 = CARTESIAN_POINT('',(-0.3,0.21,0.46));
#6173 = DIRECTION('',(1.,0.,-0.));
#6174 = DIRECTION('',(0.,0.,1.));
#6175 = ORIENTED_EDGE('',*,*,#6176,.F.);
#6176 = EDGE_CURVE('',#6177,#6168,#6179,.T.);
#6177 = VERTEX_POINT('',#6178);
#6178 = CARTESIAN_POINT('',(-0.3,0.23,4.E-02));
#6179 = LINE('',#6180,#6181);
#6180 = CARTESIAN_POINT('',(-0.3,0.23,2.E-02));
#6181 = VECTOR('',#6182,1.);
#6182 = DIRECTION('',(0.,0.,1.));
#6183 = ORIENTED_EDGE('',*,*,#6184,.T.);
#6184 = EDGE_CURVE('',#6177,#6185,#6187,.T.);
#6185 = VERTEX_POINT('',#6186);
#6186 = CARTESIAN_POINT('',(-0.3,0.21,2.E-02));
#6187 = CIRCLE('',#6188,2.E-02);
#6188 = AXIS2_PLACEMENT_3D('',#6189,#6190,#6191);
#6189 = CARTESIAN_POINT('',(-0.3,0.21,4.E-02));
#6190 = DIRECTION('',(-1.,0.,0.));
#6191 = DIRECTION('',(0.,0.,1.));
#6192 = ORIENTED_EDGE('',*,*,#6193,.F.);
#6193 = EDGE_CURVE('',#6134,#6185,#6194,.T.);
#6194 = LINE('',#6195,#6196);
#6195 = CARTESIAN_POINT('',(-0.3,-0.23,2.E-02));
#6196 = VECTOR('',#6197,1.);
#6197 = DIRECTION('',(0.,1.,0.));
#6198 = PLANE('',#6199);
#6199 = AXIS2_PLACEMENT_3D('',#6200,#6201,#6202);
#6200 = CARTESIAN_POINT('',(-0.3,-0.25,0.));
#6201 = DIRECTION('',(1.,0.,0.));
#6202 = DIRECTION('',(0.,0.,1.));
#6203 = ADVANCED_FACE('',(#6204),#6230,.T.);
#6204 = FACE_BOUND('',#6205,.T.);
#6205 = EDGE_LOOP('',(#6206,#6207,#6215,#6224));
#6206 = ORIENTED_EDGE('',*,*,#6131,.T.);
#6207 = ORIENTED_EDGE('',*,*,#6208,.T.);
#6208 = EDGE_CURVE('',#6134,#6209,#6211,.T.);
#6209 = VERTEX_POINT('',#6210);
#6210 = CARTESIAN_POINT('',(0.3,-0.21,2.E-02));
#6211 = LINE('',#6212,#6213);
#6212 = CARTESIAN_POINT('',(-0.3,-0.21,2.E-02));
#6213 = VECTOR('',#6214,1.);
#6214 = DIRECTION('',(1.,0.,0.));
#6215 = ORIENTED_EDGE('',*,*,#6216,.F.);
#6216 = EDGE_CURVE('',#6217,#6209,#6219,.T.);
#6217 = VERTEX_POINT('',#6218);
#6218 = CARTESIAN_POINT('',(0.3,-0.23,4.E-02));
#6219 = CIRCLE('',#6220,2.E-02);
#6220 = AXIS2_PLACEMENT_3D('',#6221,#6222,#6223);
#6221 = CARTESIAN_POINT('',(0.3,-0.21,4.E-02));
#6222 = DIRECTION('',(1.,0.,-0.));
#6223 = DIRECTION('',(0.,0.,1.));
#6224 = ORIENTED_EDGE('',*,*,#6225,.F.);
#6225 = EDGE_CURVE('',#6132,#6217,#6226,.T.);
#6226 = LINE('',#6227,#6228);
#6227 = CARTESIAN_POINT('',(-0.3,-0.23,4.E-02));
#6228 = VECTOR('',#6229,1.);
#6229 = DIRECTION('',(1.,0.,0.));
#6230 = CYLINDRICAL_SURFACE('',#6231,2.E-02);
#6231 = AXIS2_PLACEMENT_3D('',#6232,#6233,#6234);
#6232 = CARTESIAN_POINT('',(-0.3,-0.21,4.E-02));
#6233 = DIRECTION('',(1.,0.,0.));
#6234 = DIRECTION('',(0.,-1.,0.));
#6235 = ADVANCED_FACE('',(#6236),#6254,.F.);
#6236 = FACE_BOUND('',#6237,.F.);
#6237 = EDGE_LOOP('',(#6238,#6239,#6240,#6248));
#6238 = ORIENTED_EDGE('',*,*,#6193,.F.);
#6239 = ORIENTED_EDGE('',*,*,#6208,.T.);
#6240 = ORIENTED_EDGE('',*,*,#6241,.T.);
#6241 = EDGE_CURVE('',#6209,#6242,#6244,.T.);
#6242 = VERTEX_POINT('',#6243);
#6243 = CARTESIAN_POINT('',(0.3,0.21,2.E-02));
#6244 = LINE('',#6245,#6246);
#6245 = CARTESIAN_POINT('',(0.3,-0.23,2.E-02));
#6246 = VECTOR('',#6247,1.);
#6247 = DIRECTION('',(0.,1.,0.));
#6248 = ORIENTED_EDGE('',*,*,#6249,.F.);
#6249 = EDGE_CURVE('',#6185,#6242,#6250,.T.);
#6250 = LINE('',#6251,#6252);
#6251 = CARTESIAN_POINT('',(-0.3,0.21,2.E-02));
#6252 = VECTOR('',#6253,1.);
#6253 = DIRECTION('',(1.,0.,0.));
#6254 = PLANE('',#6255);
#6255 = AXIS2_PLACEMENT_3D('',#6256,#6257,#6258);
#6256 = CARTESIAN_POINT('',(-0.3,-0.23,2.E-02));
#6257 = DIRECTION('',(0.,0.,1.));
#6258 = DIRECTION('',(1.,0.,-0.));
#6259 = ADVANCED_FACE('',(#6260),#6279,.T.);
#6260 = FACE_BOUND('',#6261,.T.);
#6261 = EDGE_LOOP('',(#6262,#6270,#6277,#6278));
#6262 = ORIENTED_EDGE('',*,*,#6263,.T.);
#6263 = EDGE_CURVE('',#6177,#6264,#6266,.T.);
#6264 = VERTEX_POINT('',#6265);
#6265 = CARTESIAN_POINT('',(0.3,0.23,4.E-02));
#6266 = LINE('',#6267,#6268);
#6267 = CARTESIAN_POINT('',(-0.3,0.23,4.E-02));
#6268 = VECTOR('',#6269,1.);
#6269 = DIRECTION('',(1.,0.,0.));
#6270 = ORIENTED_EDGE('',*,*,#6271,.T.);
#6271 = EDGE_CURVE('',#6264,#6242,#6272,.T.);
#6272 = CIRCLE('',#6273,2.E-02);
#6273 = AXIS2_PLACEMENT_3D('',#6274,#6275,#6276);
#6274 = CARTESIAN_POINT('',(0.3,0.21,4.E-02));
#6275 = DIRECTION('',(-1.,0.,0.));
#6276 = DIRECTION('',(0.,0.,1.));
#6277 = ORIENTED_EDGE('',*,*,#6249,.F.);
#6278 = ORIENTED_EDGE('',*,*,#6184,.F.);
#6279 = CYLINDRICAL_SURFACE('',#6280,2.E-02);
#6280 = AXIS2_PLACEMENT_3D('',#6281,#6282,#6283);
#6281 = CARTESIAN_POINT('',(-0.3,0.21,4.E-02));
#6282 = DIRECTION('',(1.,0.,0.));
#6283 = DIRECTION('',(-0.,1.,0.));
#6284 = ADVANCED_FACE('',(#6285),#6303,.T.);
#6285 = FACE_BOUND('',#6286,.T.);
#6286 = EDGE_LOOP('',(#6287,#6295,#6296,#6297));
#6287 = ORIENTED_EDGE('',*,*,#6288,.F.);
#6288 = EDGE_CURVE('',#6264,#6289,#6291,.T.);
#6289 = VERTEX_POINT('',#6290);
#6290 = CARTESIAN_POINT('',(0.3,0.23,0.46));
#6291 = LINE('',#6292,#6293);
#6292 = CARTESIAN_POINT('',(0.3,0.23,2.E-02));
#6293 = VECTOR('',#6294,1.);
#6294 = DIRECTION('',(0.,0.,1.));
#6295 = ORIENTED_EDGE('',*,*,#6263,.F.);
#6296 = ORIENTED_EDGE('',*,*,#6176,.T.);
#6297 = ORIENTED_EDGE('',*,*,#6298,.T.);
#6298 = EDGE_CURVE('',#6168,#6289,#6299,.T.);
#6299 = LINE('',#6300,#6301);
#6300 = CARTESIAN_POINT('',(-0.3,0.23,0.46));
#6301 = VECTOR('',#6302,1.);
#6302 = DIRECTION('',(1.,0.,0.));
#6303 = PLANE('',#6304);
#6304 = AXIS2_PLACEMENT_3D('',#6305,#6306,#6307);
#6305 = CARTESIAN_POINT('',(-0.3,0.23,2.E-02));
#6306 = DIRECTION('',(0.,1.,0.));
#6307 = DIRECTION('',(0.,-0.,1.));
#6308 = ADVANCED_FACE('',(#6309),#6328,.T.);
#6309 = FACE_BOUND('',#6310,.T.);
#6310 = EDGE_LOOP('',(#6311,#6312,#6320,#6327));
#6311 = ORIENTED_EDGE('',*,*,#6167,.T.);
#6312 = ORIENTED_EDGE('',*,*,#6313,.T.);
#6313 = EDGE_CURVE('',#6160,#6314,#6316,.T.);
#6314 = VERTEX_POINT('',#6315);
#6315 = CARTESIAN_POINT('',(0.3,0.21,0.48));
#6316 = LINE('',#6317,#6318);
#6317 = CARTESIAN_POINT('',(-0.3,0.21,0.48));
#6318 = VECTOR('',#6319,1.);
#6319 = DIRECTION('',(1.,0.,0.));
#6320 = ORIENTED_EDGE('',*,*,#6321,.F.);
#6321 = EDGE_CURVE('',#6289,#6314,#6322,.T.);
#6322 = CIRCLE('',#6323,2.E-02);
#6323 = AXIS2_PLACEMENT_3D('',#6324,#6325,#6326);
#6324 = CARTESIAN_POINT('',(0.3,0.21,0.46));
#6325 = DIRECTION('',(1.,0.,-0.));
#6326 = DIRECTION('',(0.,0.,1.));
#6327 = ORIENTED_EDGE('',*,*,#6298,.F.);
#6328 = CYLINDRICAL_SURFACE('',#6329,2.E-02);
#6329 = AXIS2_PLACEMENT_3D('',#6330,#6331,#6332);
#6330 = CARTESIAN_POINT('',(-0.3,0.21,0.46));
#6331 = DIRECTION('',(1.,0.,0.));
#6332 = DIRECTION('',(-0.,1.,0.));
#6333 = ADVANCED_FACE('',(#6334),#6352,.T.);
#6334 = FACE_BOUND('',#6335,.T.);
#6335 = EDGE_LOOP('',(#6336,#6337,#6345,#6351));
#6336 = ORIENTED_EDGE('',*,*,#6159,.F.);
#6337 = ORIENTED_EDGE('',*,*,#6338,.T.);
#6338 = EDGE_CURVE('',#6151,#6339,#6341,.T.);
#6339 = VERTEX_POINT('',#6340);
#6340 = CARTESIAN_POINT('',(0.3,-0.21,0.48));
#6341 = LINE('',#6342,#6343);
#6342 = CARTESIAN_POINT('',(-0.3,-0.21,0.48));
#6343 = VECTOR('',#6344,1.);
#6344 = DIRECTION('',(1.,0.,0.));
#6345 = ORIENTED_EDGE('',*,*,#6346,.T.);
#6346 = EDGE_CURVE('',#6339,#6314,#6347,.T.);
#6347 = LINE('',#6348,#6349);
#6348 = CARTESIAN_POINT('',(0.3,-0.23,0.48));
#6349 = VECTOR('',#6350,1.);
#6350 = DIRECTION('',(0.,1.,0.));
#6351 = ORIENTED_EDGE('',*,*,#6313,.F.);
#6352 = PLANE('',#6353);
#6353 = AXIS2_PLACEMENT_3D('',#6354,#6355,#6356);
#6354 = CARTESIAN_POINT('',(-0.3,-0.23,0.48));
#6355 = DIRECTION('',(0.,0.,1.));
#6356 = DIRECTION('',(1.,0.,-0.));
#6357 = ADVANCED_FACE('',(#6358),#6377,.T.);
#6358 = FACE_BOUND('',#6359,.T.);
#6359 = EDGE_LOOP('',(#6360,#6368,#6375,#6376));
#6360 = ORIENTED_EDGE('',*,*,#6361,.T.);
#6361 = EDGE_CURVE('',#6143,#6362,#6364,.T.);
#6362 = VERTEX_POINT('',#6363);
#6363 = CARTESIAN_POINT('',(0.3,-0.23,0.46));
#6364 = LINE('',#6365,#6366);
#6365 = CARTESIAN_POINT('',(-0.3,-0.23,0.46));
#6366 = VECTOR('',#6367,1.);
#6367 = DIRECTION('',(1.,0.,0.));
#6368 = ORIENTED_EDGE('',*,*,#6369,.T.);
#6369 = EDGE_CURVE('',#6362,#6339,#6370,.T.);
#6370 = CIRCLE('',#6371,2.E-02);
#6371 = AXIS2_PLACEMENT_3D('',#6372,#6373,#6374);
#6372 = CARTESIAN_POINT('',(0.3,-0.21,0.46));
#6373 = DIRECTION('',(-1.,0.,0.));
#6374 = DIRECTION('',(0.,0.,1.));
#6375 = ORIENTED_EDGE('',*,*,#6338,.F.);
#6376 = ORIENTED_EDGE('',*,*,#6150,.F.);
#6377 = CYLINDRICAL_SURFACE('',#6378,2.E-02);
#6378 = AXIS2_PLACEMENT_3D('',#6379,#6380,#6381);
#6379 = CARTESIAN_POINT('',(-0.3,-0.21,0.46));
#6380 = DIRECTION('',(1.,0.,0.));
#6381 = DIRECTION('',(0.,-1.,0.));
#6382 = ADVANCED_FACE('',(#6383),#6394,.F.);
#6383 = FACE_BOUND('',#6384,.F.);
#6384 = EDGE_LOOP('',(#6385,#6391,#6392,#6393));
#6385 = ORIENTED_EDGE('',*,*,#6386,.F.);
#6386 = EDGE_CURVE('',#6217,#6362,#6387,.T.);
#6387 = LINE('',#6388,#6389);
#6388 = CARTESIAN_POINT('',(0.3,-0.23,2.E-02));
#6389 = VECTOR('',#6390,1.);
#6390 = DIRECTION('',(0.,0.,1.));
#6391 = ORIENTED_EDGE('',*,*,#6225,.F.);
#6392 = ORIENTED_EDGE('',*,*,#6142,.T.);
#6393 = ORIENTED_EDGE('',*,*,#6361,.T.);
#6394 = PLANE('',#6395);
#6395 = AXIS2_PLACEMENT_3D('',#6396,#6397,#6398);
#6396 = CARTESIAN_POINT('',(-0.3,-0.23,2.E-02));
#6397 = DIRECTION('',(0.,1.,0.));
#6398 = DIRECTION('',(0.,-0.,1.));
#6399 = ADVANCED_FACE('',(#6400,#6470),#6480,.F.);
#6400 = FACE_BOUND('',#6401,.F.);
#6401 = EDGE_LOOP('',(#6402,#6412,#6421,#6429,#6438,#6446,#6455,#6463));
#6402 = ORIENTED_EDGE('',*,*,#6403,.F.);
#6403 = EDGE_CURVE('',#6404,#6406,#6408,.T.);
#6404 = VERTEX_POINT('',#6405);
#6405 = CARTESIAN_POINT('',(0.3,-0.25,2.E-02));
#6406 = VERTEX_POINT('',#6407);
#6407 = CARTESIAN_POINT('',(0.3,-0.25,0.48));
#6408 = LINE('',#6409,#6410);
#6409 = CARTESIAN_POINT('',(0.3,-0.25,0.));
#6410 = VECTOR('',#6411,1.);
#6411 = DIRECTION('',(0.,0.,1.));
#6412 = ORIENTED_EDGE('',*,*,#6413,.T.);
#6413 = EDGE_CURVE('',#6404,#6414,#6416,.T.);
#6414 = VERTEX_POINT('',#6415);
#6415 = CARTESIAN_POINT('',(0.3,-0.23,0.));
#6416 = CIRCLE('',#6417,2.E-02);
#6417 = AXIS2_PLACEMENT_3D('',#6418,#6419,#6420);
#6418 = CARTESIAN_POINT('',(0.3,-0.23,2.E-02));
#6419 = DIRECTION('',(1.,0.,-0.));
#6420 = DIRECTION('',(0.,0.,1.));
#6421 = ORIENTED_EDGE('',*,*,#6422,.T.);
#6422 = EDGE_CURVE('',#6414,#6423,#6425,.T.);
#6423 = VERTEX_POINT('',#6424);
#6424 = CARTESIAN_POINT('',(0.3,0.23,0.));
#6425 = LINE('',#6426,#6427);
#6426 = CARTESIAN_POINT('',(0.3,-0.25,0.));
#6427 = VECTOR('',#6428,1.);
#6428 = DIRECTION('',(0.,1.,0.));
#6429 = ORIENTED_EDGE('',*,*,#6430,.F.);
#6430 = EDGE_CURVE('',#6431,#6423,#6433,.T.);
#6431 = VERTEX_POINT('',#6432);
#6432 = CARTESIAN_POINT('',(0.3,0.25,2.E-02));
#6433 = CIRCLE('',#6434,2.E-02);
#6434 = AXIS2_PLACEMENT_3D('',#6435,#6436,#6437);
#6435 = CARTESIAN_POINT('',(0.3,0.23,2.E-02));
#6436 = DIRECTION('',(-1.,0.,0.));
#6437 = DIRECTION('',(0.,0.,1.));
#6438 = ORIENTED_EDGE('',*,*,#6439,.T.);
#6439 = EDGE_CURVE('',#6431,#6440,#6442,.T.);
#6440 = VERTEX_POINT('',#6441);
#6441 = CARTESIAN_POINT('',(0.3,0.25,0.48));
#6442 = LINE('',#6443,#6444);
#6443 = CARTESIAN_POINT('',(0.3,0.25,0.));
#6444 = VECTOR('',#6445,1.);
#6445 = DIRECTION('',(0.,0.,1.));
#6446 = ORIENTED_EDGE('',*,*,#6447,.T.);
#6447 = EDGE_CURVE('',#6440,#6448,#6450,.T.);
#6448 = VERTEX_POINT('',#6449);
#6449 = CARTESIAN_POINT('',(0.3,0.23,0.5));
#6450 = CIRCLE('',#6451,2.E-02);
#6451 = AXIS2_PLACEMENT_3D('',#6452,#6453,#6454);
#6452 = CARTESIAN_POINT('',(0.3,0.23,0.48));
#6453 = DIRECTION('',(1.,0.,-0.));
#6454 = DIRECTION('',(0.,0.,1.));
#6455 = ORIENTED_EDGE('',*,*,#6456,.F.);
#6456 = EDGE_CURVE('',#6457,#6448,#6459,.T.);
#6457 = VERTEX_POINT('',#6458);
#6458 = CARTESIAN_POINT('',(0.3,-0.23,0.5));
#6459 = LINE('',#6460,#6461);
#6460 = CARTESIAN_POINT('',(0.3,-0.25,0.5));
#6461 = VECTOR('',#6462,1.);
#6462 = DIRECTION('',(0.,1.,0.));
#6463 = ORIENTED_EDGE('',*,*,#6464,.F.);
#6464 = EDGE_CURVE('',#6406,#6457,#6465,.T.);
#6465 = CIRCLE('',#6466,2.E-02);
#6466 = AXIS2_PLACEMENT_3D('',#6467,#6468,#6469);
#6467 = CARTESIAN_POINT('',(0.3,-0.23,0.48));
#6468 = DIRECTION('',(-1.,0.,0.));
#6469 = DIRECTION('',(0.,0.,1.));
#6470 = FACE_BOUND('',#6471,.F.);
#6471 = EDGE_LOOP('',(#6472,#6473,#6474,#6475,#6476,#6477,#6478,#6479));
#6472 = ORIENTED_EDGE('',*,*,#6216,.F.);
#6473 = ORIENTED_EDGE('',*,*,#6386,.T.);
#6474 = ORIENTED_EDGE('',*,*,#6369,.T.);
#6475 = ORIENTED_EDGE('',*,*,#6346,.T.);
#6476 = ORIENTED_EDGE('',*,*,#6321,.F.);
#6477 = ORIENTED_EDGE('',*,*,#6288,.F.);
#6478 = ORIENTED_EDGE('',*,*,#6271,.T.);
#6479 = ORIENTED_EDGE('',*,*,#6241,.F.);
#6480 = PLANE('',#6481);
#6481 = AXIS2_PLACEMENT_3D('',#6482,#6483,#6484);
#6482 = CARTESIAN_POINT('',(0.3,-0.25,0.));
#6483 = DIRECTION('',(1.,0.,0.));
#6484 = DIRECTION('',(0.,0.,1.));
#6485 = ADVANCED_FACE('',(#6486),#6511,.F.);
#6486 = FACE_BOUND('',#6487,.F.);
#6487 = EDGE_LOOP('',(#6488,#6498,#6504,#6505));
#6488 = ORIENTED_EDGE('',*,*,#6489,.F.);
#6489 = EDGE_CURVE('',#6490,#6492,#6494,.T.);
#6490 = VERTEX_POINT('',#6491);
#6491 = CARTESIAN_POINT('',(0.5,-0.25,2.E-02));
#6492 = VERTEX_POINT('',#6493);
#6493 = CARTESIAN_POINT('',(0.5,-0.25,0.48));
#6494 = LINE('',#6495,#6496);
#6495 = CARTESIAN_POINT('',(0.5,-0.25,0.));
#6496 = VECTOR('',#6497,1.);
#6497 = DIRECTION('',(0.,0.,1.));
#6498 = ORIENTED_EDGE('',*,*,#6499,.F.);
#6499 = EDGE_CURVE('',#6404,#6490,#6500,.T.);
#6500 = LINE('',#6501,#6502);
#6501 = CARTESIAN_POINT('',(0.3,-0.25,2.E-02));
#6502 = VECTOR('',#6503,1.);
#6503 = DIRECTION('',(1.,0.,0.));
#6504 = ORIENTED_EDGE('',*,*,#6403,.T.);
#6505 = ORIENTED_EDGE('',*,*,#6506,.T.);
#6506 = EDGE_CURVE('',#6406,#6492,#6507,.T.);
#6507 = LINE('',#6508,#6509);
#6508 = CARTESIAN_POINT('',(0.3,-0.25,0.48));
#6509 = VECTOR('',#6510,1.);
#6510 = DIRECTION('',(1.,0.,0.));
#6511 = PLANE('',#6512);
#6512 = AXIS2_PLACEMENT_3D('',#6513,#6514,#6515);
#6513 = CARTESIAN_POINT('',(0.3,-0.25,0.));
#6514 = DIRECTION('',(0.,1.,0.));
#6515 = DIRECTION('',(0.,-0.,1.));
#6516 = ADVANCED_FACE('',(#6517),#6536,.T.);
#6517 = FACE_BOUND('',#6518,.T.);
#6518 = EDGE_LOOP('',(#6519,#6520,#6528,#6535));
#6519 = ORIENTED_EDGE('',*,*,#6413,.T.);
#6520 = ORIENTED_EDGE('',*,*,#6521,.T.);
#6521 = EDGE_CURVE('',#6414,#6522,#6524,.T.);
#6522 = VERTEX_POINT('',#6523);
#6523 = CARTESIAN_POINT('',(0.5,-0.23,0.));
#6524 = LINE('',#6525,#6526);
#6525 = CARTESIAN_POINT('',(0.3,-0.23,0.));
#6526 = VECTOR('',#6527,1.);
#6527 = DIRECTION('',(1.,0.,0.));
#6528 = ORIENTED_EDGE('',*,*,#6529,.F.);
#6529 = EDGE_CURVE('',#6490,#6522,#6530,.T.);
#6530 = CIRCLE('',#6531,2.E-02);
#6531 = AXIS2_PLACEMENT_3D('',#6532,#6533,#6534);
#6532 = CARTESIAN_POINT('',(0.5,-0.23,2.E-02));
#6533 = DIRECTION('',(1.,0.,-0.));
#6534 = DIRECTION('',(0.,0.,1.));
#6535 = ORIENTED_EDGE('',*,*,#6499,.F.);
#6536 = CYLINDRICAL_SURFACE('',#6537,2.E-02);
#6537 = AXIS2_PLACEMENT_3D('',#6538,#6539,#6540);
#6538 = CARTESIAN_POINT('',(0.3,-0.23,2.E-02));
#6539 = DIRECTION('',(1.,0.,0.));
#6540 = DIRECTION('',(0.,-1.,0.));
#6541 = ADVANCED_FACE('',(#6542),#6561,.T.);
#6542 = FACE_BOUND('',#6543,.T.);
#6543 = EDGE_LOOP('',(#6544,#6545,#6554,#6560));
#6544 = ORIENTED_EDGE('',*,*,#6506,.T.);
#6545 = ORIENTED_EDGE('',*,*,#6546,.T.);
#6546 = EDGE_CURVE('',#6492,#6547,#6549,.T.);
#6547 = VERTEX_POINT('',#6548);
#6548 = CARTESIAN_POINT('',(0.5,-0.23,0.5));
#6549 = CIRCLE('',#6550,2.E-02);
#6550 = AXIS2_PLACEMENT_3D('',#6551,#6552,#6553);
#6551 = CARTESIAN_POINT('',(0.5,-0.23,0.48));
#6552 = DIRECTION('',(-1.,0.,0.));
#6553 = DIRECTION('',(0.,0.,1.));
#6554 = ORIENTED_EDGE('',*,*,#6555,.F.);
#6555 = EDGE_CURVE('',#6457,#6547,#6556,.T.);
#6556 = LINE('',#6557,#6558);
#6557 = CARTESIAN_POINT('',(0.3,-0.23,0.5));
#6558 = VECTOR('',#6559,1.);
#6559 = DIRECTION('',(1.,0.,0.));
#6560 = ORIENTED_EDGE('',*,*,#6464,.F.);
#6561 = CYLINDRICAL_SURFACE('',#6562,2.E-02);
#6562 = AXIS2_PLACEMENT_3D('',#6563,#6564,#6565);
#6563 = CARTESIAN_POINT('',(0.3,-0.23,0.48));
#6564 = DIRECTION('',(1.,0.,0.));
#6565 = DIRECTION('',(0.,-1.,0.));
#6566 = ADVANCED_FACE('',(#6567),#6585,.F.);
#6567 = FACE_BOUND('',#6568,.F.);
#6568 = EDGE_LOOP('',(#6569,#6570,#6571,#6579));
#6569 = ORIENTED_EDGE('',*,*,#6422,.F.);
#6570 = ORIENTED_EDGE('',*,*,#6521,.T.);
#6571 = ORIENTED_EDGE('',*,*,#6572,.T.);
#6572 = EDGE_CURVE('',#6522,#6573,#6575,.T.);
#6573 = VERTEX_POINT('',#6574);
#6574 = CARTESIAN_POINT('',(0.5,0.23,0.));
#6575 = LINE('',#6576,#6577);
#6576 = CARTESIAN_POINT('',(0.5,-0.25,0.));
#6577 = VECTOR('',#6578,1.);
#6578 = DIRECTION('',(0.,1.,0.));
#6579 = ORIENTED_EDGE('',*,*,#6580,.F.);
#6580 = EDGE_CURVE('',#6423,#6573,#6581,.T.);
#6581 = LINE('',#6582,#6583);
#6582 = CARTESIAN_POINT('',(0.3,0.23,0.));
#6583 = VECTOR('',#6584,1.);
#6584 = DIRECTION('',(1.,0.,0.));
#6585 = PLANE('',#6586);
#6586 = AXIS2_PLACEMENT_3D('',#6587,#6588,#6589);
#6587 = CARTESIAN_POINT('',(0.3,-0.25,0.));
#6588 = DIRECTION('',(0.,0.,1.));
#6589 = DIRECTION('',(1.,0.,-0.));
#6590 = ADVANCED_FACE('',(#6591),#6609,.T.);
#6591 = FACE_BOUND('',#6592,.T.);
#6592 = EDGE_LOOP('',(#6593,#6594,#6595,#6603));
#6593 = ORIENTED_EDGE('',*,*,#6456,.F.);
#6594 = ORIENTED_EDGE('',*,*,#6555,.T.);
#6595 = ORIENTED_EDGE('',*,*,#6596,.T.);
#6596 = EDGE_CURVE('',#6547,#6597,#6599,.T.);
#6597 = VERTEX_POINT('',#6598);
#6598 = CARTESIAN_POINT('',(0.5,0.23,0.5));
#6599 = LINE('',#6600,#6601);
#6600 = CARTESIAN_POINT('',(0.5,-0.25,0.5));
#6601 = VECTOR('',#6602,1.);
#6602 = DIRECTION('',(0.,1.,0.));
#6603 = ORIENTED_EDGE('',*,*,#6604,.F.);
#6604 = EDGE_CURVE('',#6448,#6597,#6605,.T.);
#6605 = LINE('',#6606,#6607);
#6606 = CARTESIAN_POINT('',(0.3,0.23,0.5));
#6607 = VECTOR('',#6608,1.);
#6608 = DIRECTION('',(1.,0.,0.));
#6609 = PLANE('',#6610);
#6610 = AXIS2_PLACEMENT_3D('',#6611,#6612,#6613);
#6611 = CARTESIAN_POINT('',(0.3,-0.25,0.5));
#6612 = DIRECTION('',(0.,0.,1.));
#6613 = DIRECTION('',(1.,0.,-0.));
#6614 = ADVANCED_FACE('',(#6615),#6634,.T.);
#6615 = FACE_BOUND('',#6616,.T.);
#6616 = EDGE_LOOP('',(#6617,#6625,#6632,#6633));
#6617 = ORIENTED_EDGE('',*,*,#6618,.T.);
#6618 = EDGE_CURVE('',#6431,#6619,#6621,.T.);
#6619 = VERTEX_POINT('',#6620);
#6620 = CARTESIAN_POINT('',(0.5,0.25,2.E-02));
#6621 = LINE('',#6622,#6623);
#6622 = CARTESIAN_POINT('',(0.3,0.25,2.E-02));
#6623 = VECTOR('',#6624,1.);
#6624 = DIRECTION('',(1.,0.,0.));
#6625 = ORIENTED_EDGE('',*,*,#6626,.T.);
#6626 = EDGE_CURVE('',#6619,#6573,#6627,.T.);
#6627 = CIRCLE('',#6628,2.E-02);
#6628 = AXIS2_PLACEMENT_3D('',#6629,#6630,#6631);
#6629 = CARTESIAN_POINT('',(0.5,0.23,2.E-02));
#6630 = DIRECTION('',(-1.,0.,0.));
#6631 = DIRECTION('',(0.,0.,1.));
#6632 = ORIENTED_EDGE('',*,*,#6580,.F.);
#6633 = ORIENTED_EDGE('',*,*,#6430,.F.);
#6634 = CYLINDRICAL_SURFACE('',#6635,2.E-02);
#6635 = AXIS2_PLACEMENT_3D('',#6636,#6637,#6638);
#6636 = CARTESIAN_POINT('',(0.3,0.23,2.E-02));
#6637 = DIRECTION('',(1.,0.,0.));
#6638 = DIRECTION('',(-0.,1.,0.));
#6639 = ADVANCED_FACE('',(#6640),#6659,.T.);
#6640 = FACE_BOUND('',#6641,.T.);
#6641 = EDGE_LOOP('',(#6642,#6643,#6644,#6653));
#6642 = ORIENTED_EDGE('',*,*,#6447,.T.);
#6643 = ORIENTED_EDGE('',*,*,#6604,.T.);
#6644 = ORIENTED_EDGE('',*,*,#6645,.F.);
#6645 = EDGE_CURVE('',#6646,#6597,#6648,.T.);
#6646 = VERTEX_POINT('',#6647);
#6647 = CARTESIAN_POINT('',(0.5,0.25,0.48));
#6648 = CIRCLE('',#6649,2.E-02);
#6649 = AXIS2_PLACEMENT_3D('',#6650,#6651,#6652);
#6650 = CARTESIAN_POINT('',(0.5,0.23,0.48));
#6651 = DIRECTION('',(1.,0.,-0.));
#6652 = DIRECTION('',(0.,0.,1.));
#6653 = ORIENTED_EDGE('',*,*,#6654,.F.);
#6654 = EDGE_CURVE('',#6440,#6646,#6655,.T.);
#6655 = LINE('',#6656,#6657);
#6656 = CARTESIAN_POINT('',(0.3,0.25,0.48));
#6657 = VECTOR('',#6658,1.);
#6658 = DIRECTION('',(1.,0.,0.));
#6659 = CYLINDRICAL_SURFACE('',#6660,2.E-02);
#6660 = AXIS2_PLACEMENT_3D('',#6661,#6662,#6663);
#6661 = CARTESIAN_POINT('',(0.3,0.23,0.48));
#6662 = DIRECTION('',(1.,0.,0.));
#6663 = DIRECTION('',(-0.,1.,0.));
#6664 = ADVANCED_FACE('',(#6665),#6676,.T.);
#6665 = FACE_BOUND('',#6666,.T.);
#6666 = EDGE_LOOP('',(#6667,#6673,#6674,#6675));
#6667 = ORIENTED_EDGE('',*,*,#6668,.F.);
#6668 = EDGE_CURVE('',#6619,#6646,#6669,.T.);
#6669 = LINE('',#6670,#6671);
#6670 = CARTESIAN_POINT('',(0.5,0.25,0.));
#6671 = VECTOR('',#6672,1.);
#6672 = DIRECTION('',(0.,0.,1.));
#6673 = ORIENTED_EDGE('',*,*,#6618,.F.);
#6674 = ORIENTED_EDGE('',*,*,#6439,.T.);
#6675 = ORIENTED_EDGE('',*,*,#6654,.T.);
#6676 = PLANE('',#6677);
#6677 = AXIS2_PLACEMENT_3D('',#6678,#6679,#6680);
#6678 = CARTESIAN_POINT('',(0.3,0.25,0.));
#6679 = DIRECTION('',(0.,1.,0.));
#6680 = DIRECTION('',(0.,-0.,1.));
#6681 = ADVANCED_FACE('',(#6682),#6692,.T.);
#6682 = FACE_BOUND('',#6683,.T.);
#6683 = EDGE_LOOP('',(#6684,#6685,#6686,#6687,#6688,#6689,#6690,#6691));
#6684 = ORIENTED_EDGE('',*,*,#6489,.F.);
#6685 = ORIENTED_EDGE('',*,*,#6529,.T.);
#6686 = ORIENTED_EDGE('',*,*,#6572,.T.);
#6687 = ORIENTED_EDGE('',*,*,#6626,.F.);
#6688 = ORIENTED_EDGE('',*,*,#6668,.T.);
#6689 = ORIENTED_EDGE('',*,*,#6645,.T.);
#6690 = ORIENTED_EDGE('',*,*,#6596,.F.);
#6691 = ORIENTED_EDGE('',*,*,#6546,.F.);
#6692 = PLANE('',#6693);
#6693 = AXIS2_PLACEMENT_3D('',#6694,#6695,#6696);
#6694 = CARTESIAN_POINT('',(0.5,-0.25,0.));
#6695 = DIRECTION('',(1.,0.,0.));
#6696 = DIRECTION('',(0.,0.,1.));
#6697 = ( GEOMETRIC_REPRESENTATION_CONTEXT(3) 
GLOBAL_UNCERTAINTY_ASSIGNED_CONTEXT((#6701)) 
GLOBAL_UNIT_ASSIGNED_CONTEXT((#6698,#6699,#6700)) REPRESENTATION_CONTEXT
('Context #1','3D Context with UNIT and UNCERTAINTY') );
#6698 = ( LENGTH_UNIT() NAMED_UNIT(*) SI_UNIT(.MILLI.,.METRE.) );
#6699 = ( NAMED_UNIT(*) PLANE_ANGLE_UNIT() SI_UNIT($,.RADIAN.) );
#6700 = ( NAMED_UNIT(*) SI_UNIT($,.STERADIAN.) SOLID_ANGLE_UNIT() );
#6701 = UNCERTAINTY_MEASURE_WITH_UNIT(LENGTH_MEASURE(1.E-07),#6698,
  'distance_accuracy_value','confusion accuracy');
#6702 = CONTEXT_DEPENDENT_SHAPE_REPRESENTATION(#6703,#6705);
#6703 = ( REPRESENTATION_RELATIONSHIP('','',#5842,#10) 
REPRESENTATION_RELATIONSHIP_WITH_TRANSFORMATION(#6704) 
SHAPE_REPRESENTATION_RELATIONSHIP() );
#6704 = ITEM_DEFINED_TRANSFORMATION('','',#11,#51);
#6705 = PRODUCT_DEFINITION_SHAPE('Placement','Placement of an item',
  #6706);
#6706 = NEXT_ASSEMBLY_USAGE_OCCURRENCE('10','R2','',#5,#5837,$);
#6707 = PRODUCT_RELATED_PRODUCT_CATEGORY('part',$,(#5839));
#6708 = CONTEXT_DEPENDENT_SHAPE_REPRESENTATION(#6709,#6711);
#6709 = ( REPRESENTATION_RELATIONSHIP('','',#3481,#10) 
REPRESENTATION_RELATIONSHIP_WITH_TRANSFORMATION(#6710) 
SHAPE_REPRESENTATION_RELATIONSHIP() );
#6710 = ITEM_DEFINED_TRANSFORMATION('','',#11,#55);
#6711 = PRODUCT_DEFINITION_SHAPE('Placement','Placement of an item',
  #6712);
#6712 = NEXT_ASSEMBLY_USAGE_OCCURRENCE('11','R4','',#5,#3476,$);
#6713 = CONTEXT_DEPENDENT_SHAPE_REPRESENTATION(#6714,#6716);
#6714 = ( REPRESENTATION_RELATIONSHIP('','',#120,#10) 
REPRESENTATION_RELATIONSHIP_WITH_TRANSFORMATION(#6715) 
SHAPE_REPRESENTATION_RELATIONSHIP() );
#6715 = ITEM_DEFINED_TRANSFORMATION('','',#11,#59);
#6716 = PRODUCT_DEFINITION_SHAPE('Placement','Placement of an item',
  #6717);
#6717 = NEXT_ASSEMBLY_USAGE_OCCURRENCE('12','C2','',#5,#115,$);
#6718 = SHAPE_DEFINITION_REPRESENTATION(#6719,#6725);
#6719 = PRODUCT_DEFINITION_SHAPE('','',#6720);
#6720 = PRODUCT_DEFINITION('design','',#6721,#6724);
#6721 = PRODUCT_DEFINITION_FORMATION('','',#6722);
#6722 = PRODUCT('SOIC-8_3.9x4.9mm_P1.27mm','SOIC-8_3.9x4.9mm_P1.27mm',''
  ,(#6723));
#6723 = PRODUCT_CONTEXT('',#2,'mechanical');
#6724 = PRODUCT_DEFINITION_CONTEXT('part definition',#2,'design');
#6725 = ADVANCED_BREP_SHAPE_REPRESENTATION('',(#11,#6726),#11194);
#6726 = MANIFOLD_SOLID_BREP('',#6727);
#6727 = CLOSED_SHELL('',(#6728,#6766,#6829,#6852,#6881,#6904,#6991,#7078
    ,#7101,#7124,#7141,#7164,#7252,#7268,#7298,#7329,#7360,#7391,#7422,
    #7453,#7484,#7515,#7532,#7549,#7580,#7611,#7642,#7673,#7704,#7735,
    #7766,#7796,#7819,#7842,#7859,#7904,#7990,#8013,#8036,#8059,#8146,
    #8184,#8233,#8325,#8350,#8434,#8456,#8548,#8573,#8657,#8679,#8771,
    #8796,#8880,#8897,#8982,#9007,#9084,#9169,#9194,#9271,#9288,#9380,
    #9405,#9489,#9511,#9603,#9628,#9712,#9734,#9826,#9851,#9935,#9952,
    #9971,#9990,#10009,#10055,#10071,#10090,#10109,#10128,#10144,#10161,
    #10173,#10190,#10207,#10224,#10241,#10258,#10275,#10292,#10304,
    #10321,#10338,#10355,#10372,#10389,#10406,#10423,#10435,#10452,
    #10469,#10486,#10503,#10520,#10537,#10554,#10566,#10583,#10600,
    #10617,#10634,#10651,#10668,#10680,#10697,#10714,#10731,#10748,
    #10765,#10782,#10794,#10811,#10828,#10845,#10862,#10879,#10896,
    #10913,#10925,#10942,#10959,#10976,#10993,#11010,#11027,#11044,
    #11056,#11073,#11090,#11107,#11124,#11141,#11158,#11175,#11187));
#6728 = ADVANCED_FACE('',(#6729),#6761,.F.);
#6729 = FACE_BOUND('',#6730,.F.);
#6730 = EDGE_LOOP('',(#6731,#6741,#6748,#6756));
#6731 = ORIENTED_EDGE('',*,*,#6732,.T.);
#6732 = EDGE_CURVE('',#6733,#6735,#6737,.T.);
#6733 = VERTEX_POINT('',#6734);
#6734 = CARTESIAN_POINT('',(-1.717585640382,2.335171280765,0.1));
#6735 = VERTEX_POINT('',#6736);
#6736 = CARTESIAN_POINT('',(1.717585640382,2.335171280765,0.1));
#6737 = LINE('',#6738,#6739);
#6738 = CARTESIAN_POINT('',(-1.717585640382,2.335171280765,0.1));
#6739 = VECTOR('',#6740,1.);
#6740 = DIRECTION('',(1.,1.110223024625E-16,0.));
#6741 = ORIENTED_EDGE('',*,*,#6742,.T.);
#6742 = EDGE_CURVE('',#6735,#6743,#6745,.T.);
#6743 = VERTEX_POINT('',#6744);
#6744 = CARTESIAN_POINT('',(1.775,2.45,0.825));
#6745 = B_SPLINE_CURVE_WITH_KNOTS('',1,(#6746,#6747),.UNSPECIFIED.,.F.,
  .F.,(2,2),(0.,1.),.PIECEWISE_BEZIER_KNOTS.);
#6746 = CARTESIAN_POINT('',(1.717585640382,2.335171280765,0.1));
#6747 = CARTESIAN_POINT('',(1.775,2.45,0.825));
#6748 = ORIENTED_EDGE('',*,*,#6749,.F.);
#6749 = EDGE_CURVE('',#6750,#6743,#6752,.T.);
#6750 = VERTEX_POINT('',#6751);
#6751 = CARTESIAN_POINT('',(-1.775,2.45,0.825));
#6752 = LINE('',#6753,#6754);
#6753 = CARTESIAN_POINT('',(-1.775,2.45,0.825));
#6754 = VECTOR('',#6755,1.);
#6755 = DIRECTION('',(1.,1.110223024625E-16,0.));
#6756 = ORIENTED_EDGE('',*,*,#6757,.F.);
#6757 = EDGE_CURVE('',#6733,#6750,#6758,.T.);
#6758 = B_SPLINE_CURVE_WITH_KNOTS('',1,(#6759,#6760),.UNSPECIFIED.,.F.,
  .F.,(2,2),(0.,1.),.PIECEWISE_BEZIER_KNOTS.);
#6759 = CARTESIAN_POINT('',(-1.717585640382,2.335171280765,0.1));
#6760 = CARTESIAN_POINT('',(-1.775,2.45,0.825));
#6761 = B_SPLINE_SURFACE_WITH_KNOTS('',1,1,(
    (#6762,#6763)
    ,(#6764,#6765
    )),.UNSPECIFIED.,.F.,.F.,.F.,(2,2),(2,2),(0.,3.55),(0.,1.),
  .PIECEWISE_BEZIER_KNOTS.);
#6762 = CARTESIAN_POINT('',(-1.717585640382,2.335171280765,0.1));
#6763 = CARTESIAN_POINT('',(-1.775,2.45,0.825));
#6764 = CARTESIAN_POINT('',(1.717585640382,2.335171280765,0.1));
#6765 = CARTESIAN_POINT('',(1.775,2.45,0.825));
#6766 = ADVANCED_FACE('',(#6767),#6824,.F.);
#6767 = FACE_BOUND('',#6768,.T.);
#6768 = EDGE_LOOP('',(#6769,#6770,#6778,#6786,#6794,#6802,#6810,#6818));
#6769 = ORIENTED_EDGE('',*,*,#6732,.T.);
#6770 = ORIENTED_EDGE('',*,*,#6771,.T.);
#6771 = EDGE_CURVE('',#6735,#6772,#6774,.T.);
#6772 = VERTEX_POINT('',#6773);
#6773 = CARTESIAN_POINT('',(1.835171280765,2.217585640382,0.1));
#6774 = LINE('',#6775,#6776);
#6775 = CARTESIAN_POINT('',(1.717585640382,2.335171280765,0.1));
#6776 = VECTOR('',#6777,1.);
#6777 = DIRECTION('',(0.707106781187,-0.707106781187,0.));
#6778 = ORIENTED_EDGE('',*,*,#6779,.T.);
#6779 = EDGE_CURVE('',#6772,#6780,#6782,.T.);
#6780 = VERTEX_POINT('',#6781);
#6781 = CARTESIAN_POINT('',(1.835171280765,-2.217585640382,0.1));
#6782 = LINE('',#6783,#6784);
#6783 = CARTESIAN_POINT('',(1.835171280765,2.217585640382,0.1));
#6784 = VECTOR('',#6785,1.);
#6785 = DIRECTION('',(1.110223024625E-16,-1.,0.));
#6786 = ORIENTED_EDGE('',*,*,#6787,.T.);
#6787 = EDGE_CURVE('',#6780,#6788,#6790,.T.);
#6788 = VERTEX_POINT('',#6789);
#6789 = CARTESIAN_POINT('',(1.717585640382,-2.335171280765,0.1));
#6790 = LINE('',#6791,#6792);
#6791 = CARTESIAN_POINT('',(1.835171280765,-2.217585640382,0.1));
#6792 = VECTOR('',#6793,1.);
#6793 = DIRECTION('',(-0.707106781187,-0.707106781187,0.));
#6794 = ORIENTED_EDGE('',*,*,#6795,.T.);
#6795 = EDGE_CURVE('',#6788,#6796,#6798,.T.);
#6796 = VERTEX_POINT('',#6797);
#6797 = CARTESIAN_POINT('',(-1.717585640382,-2.335171280765,0.1));
#6798 = LINE('',#6799,#6800);
#6799 = CARTESIAN_POINT('',(1.717585640382,-2.335171280765,0.1));
#6800 = VECTOR('',#6801,1.);
#6801 = DIRECTION('',(-1.,-1.110223024625E-16,0.));
#6802 = ORIENTED_EDGE('',*,*,#6803,.T.);
#6803 = EDGE_CURVE('',#6796,#6804,#6806,.T.);
#6804 = VERTEX_POINT('',#6805);
#6805 = CARTESIAN_POINT('',(-1.835171280765,-2.217585640382,0.1));
#6806 = LINE('',#6807,#6808);
#6807 = CARTESIAN_POINT('',(-1.717585640382,-2.335171280765,0.1));
#6808 = VECTOR('',#6809,1.);
#6809 = DIRECTION('',(-0.707106781187,0.707106781187,0.));
#6810 = ORIENTED_EDGE('',*,*,#6811,.T.);
#6811 = EDGE_CURVE('',#6804,#6812,#6814,.T.);
#6812 = VERTEX_POINT('',#6813);
#6813 = CARTESIAN_POINT('',(-1.835171280765,2.217585640382,0.1));
#6814 = LINE('',#6815,#6816);
#6815 = CARTESIAN_POINT('',(-1.835171280765,-2.217585640382,0.1));
#6816 = VECTOR('',#6817,1.);
#6817 = DIRECTION('',(-1.110223024625E-16,1.,0.));
#6818 = ORIENTED_EDGE('',*,*,#6819,.T.);
#6819 = EDGE_CURVE('',#6812,#6733,#6820,.T.);
#6820 = LINE('',#6821,#6822);
#6821 = CARTESIAN_POINT('',(-1.835171280765,2.217585640382,0.1));
#6822 = VECTOR('',#6823,1.);
#6823 = DIRECTION('',(0.707106781187,0.707106781187,0.));
#6824 = PLANE('',#6825);
#6825 = AXIS2_PLACEMENT_3D('',#6826,#6827,#6828);
#6826 = CARTESIAN_POINT('',(-1.717585640382,2.335171280765,0.1));
#6827 = DIRECTION('',(0.,0.,1.));
#6828 = DIRECTION('',(0.592513131498,-0.805560791625,0.));
#6829 = ADVANCED_FACE('',(#6830),#6847,.F.);
#6830 = FACE_BOUND('',#6831,.F.);
#6831 = EDGE_LOOP('',(#6832,#6833,#6840,#6846));
#6832 = ORIENTED_EDGE('',*,*,#6771,.T.);
#6833 = ORIENTED_EDGE('',*,*,#6834,.T.);
#6834 = EDGE_CURVE('',#6772,#6835,#6837,.T.);
#6835 = VERTEX_POINT('',#6836);
#6836 = CARTESIAN_POINT('',(1.95,2.275,0.825));
#6837 = B_SPLINE_CURVE_WITH_KNOTS('',1,(#6838,#6839),.UNSPECIFIED.,.F.,
  .F.,(2,2),(0.,1.),.PIECEWISE_BEZIER_KNOTS.);
#6838 = CARTESIAN_POINT('',(1.835171280765,2.217585640382,0.1));
#6839 = CARTESIAN_POINT('',(1.95,2.275,0.825));
#6840 = ORIENTED_EDGE('',*,*,#6841,.F.);
#6841 = EDGE_CURVE('',#6743,#6835,#6842,.T.);
#6842 = LINE('',#6843,#6844);
#6843 = CARTESIAN_POINT('',(1.775,2.45,0.825));
#6844 = VECTOR('',#6845,1.);
#6845 = DIRECTION('',(0.707106781187,-0.707106781187,0.));
#6846 = ORIENTED_EDGE('',*,*,#6742,.F.);
#6847 = B_SPLINE_SURFACE_WITH_KNOTS('',1,1,(
    (#6848,#6849)
    ,(#6850,#6851
    )),.UNSPECIFIED.,.F.,.F.,.F.,(2,2),(2,2),(0.,0.247487373415),(0.,1.)
  ,.PIECEWISE_BEZIER_KNOTS.);
#6848 = CARTESIAN_POINT('',(1.717585640382,2.335171280765,0.1));
#6849 = CARTESIAN_POINT('',(1.775,2.45,0.825));
#6850 = CARTESIAN_POINT('',(1.835171280765,2.217585640382,0.1));
#6851 = CARTESIAN_POINT('',(1.95,2.275,0.825));
#6852 = ADVANCED_FACE('',(#6853),#6876,.F.);
#6853 = FACE_BOUND('',#6854,.F.);
#6854 = EDGE_LOOP('',(#6855,#6856,#6863,#6871));
#6855 = ORIENTED_EDGE('',*,*,#6749,.T.);
#6856 = ORIENTED_EDGE('',*,*,#6857,.T.);
#6857 = EDGE_CURVE('',#6743,#6858,#6860,.T.);
#6858 = VERTEX_POINT('',#6859);
#6859 = CARTESIAN_POINT('',(1.775,2.45,1.025));
#6860 = B_SPLINE_CURVE_WITH_KNOTS('',1,(#6861,#6862),.UNSPECIFIED.,.F.,
  .F.,(2,2),(0.,1.),.PIECEWISE_BEZIER_KNOTS.);
#6861 = CARTESIAN_POINT('',(1.775,2.45,0.825));
#6862 = CARTESIAN_POINT('',(1.775,2.45,1.025));
#6863 = ORIENTED_EDGE('',*,*,#6864,.F.);
#6864 = EDGE_CURVE('',#6865,#6858,#6867,.T.);
#6865 = VERTEX_POINT('',#6866);
#6866 = CARTESIAN_POINT('',(-1.775,2.45,1.025));
#6867 = LINE('',#6868,#6869);
#6868 = CARTESIAN_POINT('',(-1.775,2.45,1.025));
#6869 = VECTOR('',#6870,1.);
#6870 = DIRECTION('',(1.,1.110223024625E-16,0.));
#6871 = ORIENTED_EDGE('',*,*,#6872,.F.);
#6872 = EDGE_CURVE('',#6750,#6865,#6873,.T.);
#6873 = B_SPLINE_CURVE_WITH_KNOTS('',1,(#6874,#6875),.UNSPECIFIED.,.F.,
  .F.,(2,2),(0.,1.),.PIECEWISE_BEZIER_KNOTS.);
#6874 = CARTESIAN_POINT('',(-1.775,2.45,0.825));
#6875 = CARTESIAN_POINT('',(-1.775,2.45,1.025));
#6876 = PLANE('',#6877);
#6877 = AXIS2_PLACEMENT_3D('',#6878,#6879,#6880);
#6878 = CARTESIAN_POINT('',(-1.775,2.45,1.025));
#6879 = DIRECTION('',(1.110223024625E-16,-1.,0.));
#6880 = DIRECTION('',(1.,1.110223024625E-16,0.));
#6881 = ADVANCED_FACE('',(#6882),#6899,.F.);
#6882 = FACE_BOUND('',#6883,.F.);
#6883 = EDGE_LOOP('',(#6884,#6885,#6886,#6894));
#6884 = ORIENTED_EDGE('',*,*,#6819,.T.);
#6885 = ORIENTED_EDGE('',*,*,#6757,.T.);
#6886 = ORIENTED_EDGE('',*,*,#6887,.F.);
#6887 = EDGE_CURVE('',#6888,#6750,#6890,.T.);
#6888 = VERTEX_POINT('',#6889);
#6889 = CARTESIAN_POINT('',(-1.95,2.275,0.825));
#6890 = LINE('',#6891,#6892);
#6891 = CARTESIAN_POINT('',(-1.95,2.275,0.825));
#6892 = VECTOR('',#6893,1.);
#6893 = DIRECTION('',(0.707106781187,0.707106781187,0.));
#6894 = ORIENTED_EDGE('',*,*,#6895,.F.);
#6895 = EDGE_CURVE('',#6812,#6888,#6896,.T.);
#6896 = B_SPLINE_CURVE_WITH_KNOTS('',1,(#6897,#6898),.UNSPECIFIED.,.F.,
  .F.,(2,2),(0.,1.),.PIECEWISE_BEZIER_KNOTS.);
#6897 = CARTESIAN_POINT('',(-1.835171280765,2.217585640382,0.1));
#6898 = CARTESIAN_POINT('',(-1.95,2.275,0.825));
#6899 = B_SPLINE_SURFACE_WITH_KNOTS('',1,1,(
    (#6900,#6901)
    ,(#6902,#6903
    )),.UNSPECIFIED.,.F.,.F.,.F.,(2,2),(2,2),(0.,0.247487373415),(0.,1.)
  ,.PIECEWISE_BEZIER_KNOTS.);
#6900 = CARTESIAN_POINT('',(-1.835171280765,2.217585640382,0.1));
#6901 = CARTESIAN_POINT('',(-1.95,2.275,0.825));
#6902 = CARTESIAN_POINT('',(-1.717585640382,2.335171280765,0.1));
#6903 = CARTESIAN_POINT('',(-1.775,2.45,0.825));
#6904 = ADVANCED_FACE('',(#6905),#6986,.F.);
#6905 = FACE_BOUND('',#6906,.F.);
#6906 = EDGE_LOOP('',(#6907,#6908,#6909,#6917,#6925,#6933,#6941,#6949,
    #6957,#6965,#6973,#6981));
#6907 = ORIENTED_EDGE('',*,*,#6811,.T.);
#6908 = ORIENTED_EDGE('',*,*,#6895,.T.);
#6909 = ORIENTED_EDGE('',*,*,#6910,.F.);
#6910 = EDGE_CURVE('',#6911,#6888,#6913,.T.);
#6911 = VERTEX_POINT('',#6912);
#6912 = CARTESIAN_POINT('',(-1.95,2.11,0.825));
#6913 = LINE('',#6914,#6915);
#6914 = CARTESIAN_POINT('',(-1.95,-2.275,0.825));
#6915 = VECTOR('',#6916,1.);
#6916 = DIRECTION('',(-1.110223024625E-16,1.,0.));
#6917 = ORIENTED_EDGE('',*,*,#6918,.F.);
#6918 = EDGE_CURVE('',#6919,#6911,#6921,.T.);
#6919 = VERTEX_POINT('',#6920);
#6920 = CARTESIAN_POINT('',(-1.95,1.7,0.825));
#6921 = LINE('',#6922,#6923);
#6922 = CARTESIAN_POINT('',(-1.95,-2.275,0.825));
#6923 = VECTOR('',#6924,1.);
#6924 = DIRECTION('',(-1.110223024625E-16,1.,0.));
#6925 = ORIENTED_EDGE('',*,*,#6926,.F.);
#6926 = EDGE_CURVE('',#6927,#6919,#6929,.T.);
#6927 = VERTEX_POINT('',#6928);
#6928 = CARTESIAN_POINT('',(-1.95,0.84,0.825));
#6929 = LINE('',#6930,#6931);
#6930 = CARTESIAN_POINT('',(-1.95,-2.275,0.825));
#6931 = VECTOR('',#6932,1.);
#6932 = DIRECTION('',(-1.110223024625E-16,1.,0.));
#6933 = ORIENTED_EDGE('',*,*,#6934,.F.);
#6934 = EDGE_CURVE('',#6935,#6927,#6937,.T.);
#6935 = VERTEX_POINT('',#6936);
#6936 = CARTESIAN_POINT('',(-1.95,0.43,0.825));
#6937 = LINE('',#6938,#6939);
#6938 = CARTESIAN_POINT('',(-1.95,-2.275,0.825));
#6939 = VECTOR('',#6940,1.);
#6940 = DIRECTION('',(-1.110223024625E-16,1.,0.));
#6941 = ORIENTED_EDGE('',*,*,#6942,.F.);
#6942 = EDGE_CURVE('',#6943,#6935,#6945,.T.);
#6943 = VERTEX_POINT('',#6944);
#6944 = CARTESIAN_POINT('',(-1.95,-0.43,0.825));
#6945 = LINE('',#6946,#6947);
#6946 = CARTESIAN_POINT('',(-1.95,-2.275,0.825));
#6947 = VECTOR('',#6948,1.);
#6948 = DIRECTION('',(-1.110223024625E-16,1.,0.));
#6949 = ORIENTED_EDGE('',*,*,#6950,.F.);
#6950 = EDGE_CURVE('',#6951,#6943,#6953,.T.);
#6951 = VERTEX_POINT('',#6952);
#6952 = CARTESIAN_POINT('',(-1.95,-0.84,0.825));
#6953 = LINE('',#6954,#6955);
#6954 = CARTESIAN_POINT('',(-1.95,-2.275,0.825));
#6955 = VECTOR('',#6956,1.);
#6956 = DIRECTION('',(-1.110223024625E-16,1.,0.));
#6957 = ORIENTED_EDGE('',*,*,#6958,.F.);
#6958 = EDGE_CURVE('',#6959,#6951,#6961,.T.);
#6959 = VERTEX_POINT('',#6960);
#6960 = CARTESIAN_POINT('',(-1.95,-1.7,0.825));
#6961 = LINE('',#6962,#6963);
#6962 = CARTESIAN_POINT('',(-1.95,-2.275,0.825));
#6963 = VECTOR('',#6964,1.);
#6964 = DIRECTION('',(-1.110223024625E-16,1.,0.));
#6965 = ORIENTED_EDGE('',*,*,#6966,.F.);
#6966 = EDGE_CURVE('',#6967,#6959,#6969,.T.);
#6967 = VERTEX_POINT('',#6968);
#6968 = CARTESIAN_POINT('',(-1.95,-2.11,0.825));
#6969 = LINE('',#6970,#6971);
#6970 = CARTESIAN_POINT('',(-1.95,-2.275,0.825));
#6971 = VECTOR('',#6972,1.);
#6972 = DIRECTION('',(-1.110223024625E-16,1.,0.));
#6973 = ORIENTED_EDGE('',*,*,#6974,.F.);
#6974 = EDGE_CURVE('',#6975,#6967,#6977,.T.);
#6975 = VERTEX_POINT('',#6976);
#6976 = CARTESIAN_POINT('',(-1.95,-2.275,0.825));
#6977 = LINE('',#6978,#6979);
#6978 = CARTESIAN_POINT('',(-1.95,-2.275,0.825));
#6979 = VECTOR('',#6980,1.);
#6980 = DIRECTION('',(-1.110223024625E-16,1.,0.));
#6981 = ORIENTED_EDGE('',*,*,#6982,.F.);
#6982 = EDGE_CURVE('',#6804,#6975,#6983,.T.);
#6983 = B_SPLINE_CURVE_WITH_KNOTS('',1,(#6984,#6985),.UNSPECIFIED.,.F.,
  .F.,(2,2),(0.,1.),.PIECEWISE_BEZIER_KNOTS.);
#6984 = CARTESIAN_POINT('',(-1.835171280765,-2.217585640382,0.1));
#6985 = CARTESIAN_POINT('',(-1.95,-2.275,0.825));
#6986 = B_SPLINE_SURFACE_WITH_KNOTS('',1,1,(
    (#6987,#6988)
    ,(#6989,#6990
    )),.UNSPECIFIED.,.F.,.F.,.F.,(2,2),(2,2),(0.,4.55),(0.,1.),
  .PIECEWISE_BEZIER_KNOTS.);
#6987 = CARTESIAN_POINT('',(-1.835171280765,-2.217585640382,0.1));
#6988 = CARTESIAN_POINT('',(-1.95,-2.275,0.825));
#6989 = CARTESIAN_POINT('',(-1.835171280765,2.217585640382,0.1));
#6990 = CARTESIAN_POINT('',(-1.95,2.275,0.825));
#6991 = ADVANCED_FACE('',(#6992),#7073,.F.);
#6992 = FACE_BOUND('',#6993,.F.);
#6993 = EDGE_LOOP('',(#6994,#6995,#7002,#7010,#7018,#7026,#7034,#7042,
    #7050,#7058,#7066,#7072));
#6994 = ORIENTED_EDGE('',*,*,#6779,.T.);
#6995 = ORIENTED_EDGE('',*,*,#6996,.T.);
#6996 = EDGE_CURVE('',#6780,#6997,#6999,.T.);
#6997 = VERTEX_POINT('',#6998);
#6998 = CARTESIAN_POINT('',(1.95,-2.275,0.825));
#6999 = B_SPLINE_CURVE_WITH_KNOTS('',1,(#7000,#7001),.UNSPECIFIED.,.F.,
  .F.,(2,2),(0.,1.),.PIECEWISE_BEZIER_KNOTS.);
#7000 = CARTESIAN_POINT('',(1.835171280765,-2.217585640382,0.1));
#7001 = CARTESIAN_POINT('',(1.95,-2.275,0.825));
#7002 = ORIENTED_EDGE('',*,*,#7003,.F.);
#7003 = EDGE_CURVE('',#7004,#6997,#7006,.T.);
#7004 = VERTEX_POINT('',#7005);
#7005 = CARTESIAN_POINT('',(1.95,-2.11,0.825));
#7006 = LINE('',#7007,#7008);
#7007 = CARTESIAN_POINT('',(1.95,2.275,0.825));
#7008 = VECTOR('',#7009,1.);
#7009 = DIRECTION('',(1.110223024625E-16,-1.,0.));
#7010 = ORIENTED_EDGE('',*,*,#7011,.F.);
#7011 = EDGE_CURVE('',#7012,#7004,#7014,.T.);
#7012 = VERTEX_POINT('',#7013);
#7013 = CARTESIAN_POINT('',(1.95,-1.7,0.825));
#7014 = LINE('',#7015,#7016);
#7015 = CARTESIAN_POINT('',(1.95,2.275,0.825));
#7016 = VECTOR('',#7017,1.);
#7017 = DIRECTION('',(1.110223024625E-16,-1.,0.));
#7018 = ORIENTED_EDGE('',*,*,#7019,.F.);
#7019 = EDGE_CURVE('',#7020,#7012,#7022,.T.);
#7020 = VERTEX_POINT('',#7021);
#7021 = CARTESIAN_POINT('',(1.95,-0.84,0.825));
#7022 = LINE('',#7023,#7024);
#7023 = CARTESIAN_POINT('',(1.95,2.275,0.825));
#7024 = VECTOR('',#7025,1.);
#7025 = DIRECTION('',(1.110223024625E-16,-1.,0.));
#7026 = ORIENTED_EDGE('',*,*,#7027,.F.);
#7027 = EDGE_CURVE('',#7028,#7020,#7030,.T.);
#7028 = VERTEX_POINT('',#7029);
#7029 = CARTESIAN_POINT('',(1.95,-0.43,0.825));
#7030 = LINE('',#7031,#7032);
#7031 = CARTESIAN_POINT('',(1.95,2.275,0.825));
#7032 = VECTOR('',#7033,1.);
#7033 = DIRECTION('',(1.110223024625E-16,-1.,0.));
#7034 = ORIENTED_EDGE('',*,*,#7035,.F.);
#7035 = EDGE_CURVE('',#7036,#7028,#7038,.T.);
#7036 = VERTEX_POINT('',#7037);
#7037 = CARTESIAN_POINT('',(1.95,0.43,0.825));
#7038 = LINE('',#7039,#7040);
#7039 = CARTESIAN_POINT('',(1.95,2.275,0.825));
#7040 = VECTOR('',#7041,1.);
#7041 = DIRECTION('',(1.110223024625E-16,-1.,0.));
#7042 = ORIENTED_EDGE('',*,*,#7043,.F.);
#7043 = EDGE_CURVE('',#7044,#7036,#7046,.T.);
#7044 = VERTEX_POINT('',#7045);
#7045 = CARTESIAN_POINT('',(1.95,0.84,0.825));
#7046 = LINE('',#7047,#7048);
#7047 = CARTESIAN_POINT('',(1.95,2.275,0.825));
#7048 = VECTOR('',#7049,1.);
#7049 = DIRECTION('',(1.110223024625E-16,-1.,0.));
#7050 = ORIENTED_EDGE('',*,*,#7051,.F.);
#7051 = EDGE_CURVE('',#7052,#7044,#7054,.T.);
#7052 = VERTEX_POINT('',#7053);
#7053 = CARTESIAN_POINT('',(1.95,1.7,0.825));
#7054 = LINE('',#7055,#7056);
#7055 = CARTESIAN_POINT('',(1.95,2.275,0.825));
#7056 = VECTOR('',#7057,1.);
#7057 = DIRECTION('',(1.110223024625E-16,-1.,0.));
#7058 = ORIENTED_EDGE('',*,*,#7059,.F.);
#7059 = EDGE_CURVE('',#7060,#7052,#7062,.T.);
#7060 = VERTEX_POINT('',#7061);
#7061 = CARTESIAN_POINT('',(1.95,2.11,0.825));
#7062 = LINE('',#7063,#7064);
#7063 = CARTESIAN_POINT('',(1.95,2.275,0.825));
#7064 = VECTOR('',#7065,1.);
#7065 = DIRECTION('',(1.110223024625E-16,-1.,0.));
#7066 = ORIENTED_EDGE('',*,*,#7067,.F.);
#7067 = EDGE_CURVE('',#6835,#7060,#7068,.T.);
#7068 = LINE('',#7069,#7070);
#7069 = CARTESIAN_POINT('',(1.95,2.275,0.825));
#7070 = VECTOR('',#7071,1.);
#7071 = DIRECTION('',(1.110223024625E-16,-1.,0.));
#7072 = ORIENTED_EDGE('',*,*,#6834,.F.);
#7073 = B_SPLINE_SURFACE_WITH_KNOTS('',1,1,(
    (#7074,#7075)
    ,(#7076,#7077
    )),.UNSPECIFIED.,.F.,.F.,.F.,(2,2),(2,2),(0.,4.55),(0.,1.),
  .PIECEWISE_BEZIER_KNOTS.);
#7074 = CARTESIAN_POINT('',(1.835171280765,2.217585640382,0.1));
#7075 = CARTESIAN_POINT('',(1.95,2.275,0.825));
#7076 = CARTESIAN_POINT('',(1.835171280765,-2.217585640382,0.1));
#7077 = CARTESIAN_POINT('',(1.95,-2.275,0.825));
#7078 = ADVANCED_FACE('',(#7079),#7096,.F.);
#7079 = FACE_BOUND('',#7080,.F.);
#7080 = EDGE_LOOP('',(#7081,#7082,#7083,#7091));
#7081 = ORIENTED_EDGE('',*,*,#6803,.T.);
#7082 = ORIENTED_EDGE('',*,*,#6982,.T.);
#7083 = ORIENTED_EDGE('',*,*,#7084,.F.);
#7084 = EDGE_CURVE('',#7085,#6975,#7087,.T.);
#7085 = VERTEX_POINT('',#7086);
#7086 = CARTESIAN_POINT('',(-1.775,-2.45,0.825));
#7087 = LINE('',#7088,#7089);
#7088 = CARTESIAN_POINT('',(-1.775,-2.45,0.825));
#7089 = VECTOR('',#7090,1.);
#7090 = DIRECTION('',(-0.707106781187,0.707106781187,0.));
#7091 = ORIENTED_EDGE('',*,*,#7092,.F.);
#7092 = EDGE_CURVE('',#6796,#7085,#7093,.T.);
#7093 = B_SPLINE_CURVE_WITH_KNOTS('',1,(#7094,#7095),.UNSPECIFIED.,.F.,
  .F.,(2,2),(0.,1.),.PIECEWISE_BEZIER_KNOTS.);
#7094 = CARTESIAN_POINT('',(-1.717585640382,-2.335171280765,0.1));
#7095 = CARTESIAN_POINT('',(-1.775,-2.45,0.825));
#7096 = B_SPLINE_SURFACE_WITH_KNOTS('',1,1,(
    (#7097,#7098)
    ,(#7099,#7100
    )),.UNSPECIFIED.,.F.,.F.,.F.,(2,2),(2,2),(0.,0.247487373415),(0.,1.)
  ,.PIECEWISE_BEZIER_KNOTS.);
#7097 = CARTESIAN_POINT('',(-1.717585640382,-2.335171280765,0.1));
#7098 = CARTESIAN_POINT('',(-1.775,-2.45,0.825));
#7099 = CARTESIAN_POINT('',(-1.835171280765,-2.217585640382,0.1));
#7100 = CARTESIAN_POINT('',(-1.95,-2.275,0.825));
#7101 = ADVANCED_FACE('',(#7102),#7119,.F.);
#7102 = FACE_BOUND('',#7103,.F.);
#7103 = EDGE_LOOP('',(#7104,#7105,#7112,#7118));
#7104 = ORIENTED_EDGE('',*,*,#6787,.T.);
#7105 = ORIENTED_EDGE('',*,*,#7106,.T.);
#7106 = EDGE_CURVE('',#6788,#7107,#7109,.T.);
#7107 = VERTEX_POINT('',#7108);
#7108 = CARTESIAN_POINT('',(1.775,-2.45,0.825));
#7109 = B_SPLINE_CURVE_WITH_KNOTS('',1,(#7110,#7111),.UNSPECIFIED.,.F.,
  .F.,(2,2),(0.,1.),.PIECEWISE_BEZIER_KNOTS.);
#7110 = CARTESIAN_POINT('',(1.717585640382,-2.335171280765,0.1));
#7111 = CARTESIAN_POINT('',(1.775,-2.45,0.825));
#7112 = ORIENTED_EDGE('',*,*,#7113,.F.);
#7113 = EDGE_CURVE('',#6997,#7107,#7114,.T.);
#7114 = LINE('',#7115,#7116);
#7115 = CARTESIAN_POINT('',(1.95,-2.275,0.825));
#7116 = VECTOR('',#7117,1.);
#7117 = DIRECTION('',(-0.707106781187,-0.707106781187,0.));
#7118 = ORIENTED_EDGE('',*,*,#6996,.F.);
#7119 = B_SPLINE_SURFACE_WITH_KNOTS('',1,1,(
    (#7120,#7121)
    ,(#7122,#7123
    )),.UNSPECIFIED.,.F.,.F.,.F.,(2,2),(2,2),(0.,0.247487373415),(0.,1.)
  ,.PIECEWISE_BEZIER_KNOTS.);
#7120 = CARTESIAN_POINT('',(1.835171280765,-2.217585640382,0.1));
#7121 = CARTESIAN_POINT('',(1.95,-2.275,0.825));
#7122 = CARTESIAN_POINT('',(1.717585640382,-2.335171280765,0.1));
#7123 = CARTESIAN_POINT('',(1.775,-2.45,0.825));
#7124 = ADVANCED_FACE('',(#7125),#7136,.F.);
#7125 = FACE_BOUND('',#7126,.F.);
#7126 = EDGE_LOOP('',(#7127,#7128,#7129,#7135));
#7127 = ORIENTED_EDGE('',*,*,#6795,.T.);
#7128 = ORIENTED_EDGE('',*,*,#7092,.T.);
#7129 = ORIENTED_EDGE('',*,*,#7130,.F.);
#7130 = EDGE_CURVE('',#7107,#7085,#7131,.T.);
#7131 = LINE('',#7132,#7133);
#7132 = CARTESIAN_POINT('',(1.775,-2.45,0.825));
#7133 = VECTOR('',#7134,1.);
#7134 = DIRECTION('',(-1.,-1.110223024625E-16,0.));
#7135 = ORIENTED_EDGE('',*,*,#7106,.F.);
#7136 = B_SPLINE_SURFACE_WITH_KNOTS('',1,1,(
    (#7137,#7138)
    ,(#7139,#7140
    )),.UNSPECIFIED.,.F.,.F.,.F.,(2,2),(2,2),(0.,3.55),(0.,1.),
  .PIECEWISE_BEZIER_KNOTS.);
#7137 = CARTESIAN_POINT('',(1.717585640382,-2.335171280765,0.1));
#7138 = CARTESIAN_POINT('',(1.775,-2.45,0.825));
#7139 = CARTESIAN_POINT('',(-1.717585640382,-2.335171280765,0.1));
#7140 = CARTESIAN_POINT('',(-1.775,-2.45,0.825));
#7141 = ADVANCED_FACE('',(#7142),#7159,.F.);
#7142 = FACE_BOUND('',#7143,.F.);
#7143 = EDGE_LOOP('',(#7144,#7145,#7152,#7158));
#7144 = ORIENTED_EDGE('',*,*,#6841,.T.);
#7145 = ORIENTED_EDGE('',*,*,#7146,.T.);
#7146 = EDGE_CURVE('',#6835,#7147,#7149,.T.);
#7147 = VERTEX_POINT('',#7148);
#7148 = CARTESIAN_POINT('',(1.95,2.275,1.025));
#7149 = B_SPLINE_CURVE_WITH_KNOTS('',1,(#7150,#7151),.UNSPECIFIED.,.F.,
  .F.,(2,2),(0.,1.),.PIECEWISE_BEZIER_KNOTS.);
#7150 = CARTESIAN_POINT('',(1.95,2.275,0.825));
#7151 = CARTESIAN_POINT('',(1.95,2.275,1.025));
#7152 = ORIENTED_EDGE('',*,*,#7153,.F.);
#7153 = EDGE_CURVE('',#6858,#7147,#7154,.T.);
#7154 = LINE('',#7155,#7156);
#7155 = CARTESIAN_POINT('',(1.775,2.45,1.025));
#7156 = VECTOR('',#7157,1.);
#7157 = DIRECTION('',(0.707106781187,-0.707106781187,0.));
#7158 = ORIENTED_EDGE('',*,*,#6857,.F.);
#7159 = PLANE('',#7160);
#7160 = AXIS2_PLACEMENT_3D('',#7161,#7162,#7163);
#7161 = CARTESIAN_POINT('',(1.775,2.45,1.025));
#7162 = DIRECTION('',(-0.707106781187,-0.707106781187,0.));
#7163 = DIRECTION('',(0.707106781187,-0.707106781187,0.));
#7164 = ADVANCED_FACE('',(#7165),#7247,.F.);
#7165 = FACE_BOUND('',#7166,.F.);
#7166 = EDGE_LOOP('',(#7167,#7175,#7176,#7177,#7185,#7193,#7201,#7209,
    #7217,#7225,#7233,#7241));
#7167 = ORIENTED_EDGE('',*,*,#7168,.T.);
#7168 = EDGE_CURVE('',#7169,#6865,#7171,.T.);
#7169 = VERTEX_POINT('',#7170);
#7170 = CARTESIAN_POINT('',(-1.95,2.275,1.025));
#7171 = LINE('',#7172,#7173);
#7172 = CARTESIAN_POINT('',(-1.95,2.275,1.025));
#7173 = VECTOR('',#7174,1.);
#7174 = DIRECTION('',(0.707106781187,0.707106781187,0.));
#7175 = ORIENTED_EDGE('',*,*,#6864,.T.);
#7176 = ORIENTED_EDGE('',*,*,#7153,.T.);
#7177 = ORIENTED_EDGE('',*,*,#7178,.T.);
#7178 = EDGE_CURVE('',#7147,#7179,#7181,.T.);
#7179 = VERTEX_POINT('',#7180);
#7180 = CARTESIAN_POINT('',(1.95,2.11,1.025));
#7181 = LINE('',#7182,#7183);
#7182 = CARTESIAN_POINT('',(1.95,2.275,1.025));
#7183 = VECTOR('',#7184,1.);
#7184 = DIRECTION('',(1.110223024625E-16,-1.,0.));
#7185 = ORIENTED_EDGE('',*,*,#7186,.T.);
#7186 = EDGE_CURVE('',#7179,#7187,#7189,.T.);
#7187 = VERTEX_POINT('',#7188);
#7188 = CARTESIAN_POINT('',(1.875,2.11,1.025));
#7189 = LINE('',#7190,#7191);
#7190 = CARTESIAN_POINT('',(2.25,2.11,1.025));
#7191 = VECTOR('',#7192,1.);
#7192 = DIRECTION('',(-1.,-1.110223024625E-16,0.));
#7193 = ORIENTED_EDGE('',*,*,#7194,.F.);
#7194 = EDGE_CURVE('',#7195,#7187,#7197,.T.);
#7195 = VERTEX_POINT('',#7196);
#7196 = CARTESIAN_POINT('',(1.875,2.2375,1.025));
#7197 = LINE('',#7198,#7199);
#7198 = CARTESIAN_POINT('',(1.875,2.2375,1.025));
#7199 = VECTOR('',#7200,1.);
#7200 = DIRECTION('',(1.110223024625E-16,-1.,0.));
#7201 = ORIENTED_EDGE('',*,*,#7202,.F.);
#7202 = EDGE_CURVE('',#7203,#7195,#7205,.T.);
#7203 = VERTEX_POINT('',#7204);
#7204 = CARTESIAN_POINT('',(1.7375,2.375,1.025));
#7205 = LINE('',#7206,#7207);
#7206 = CARTESIAN_POINT('',(1.7375,2.375,1.025));
#7207 = VECTOR('',#7208,1.);
#7208 = DIRECTION('',(0.707106781187,-0.707106781187,0.));
#7209 = ORIENTED_EDGE('',*,*,#7210,.F.);
#7210 = EDGE_CURVE('',#7211,#7203,#7213,.T.);
#7211 = VERTEX_POINT('',#7212);
#7212 = CARTESIAN_POINT('',(-1.7375,2.375,1.025));
#7213 = LINE('',#7214,#7215);
#7214 = CARTESIAN_POINT('',(-1.7375,2.375,1.025));
#7215 = VECTOR('',#7216,1.);
#7216 = DIRECTION('',(1.,1.110223024625E-16,0.));
#7217 = ORIENTED_EDGE('',*,*,#7218,.F.);
#7218 = EDGE_CURVE('',#7219,#7211,#7221,.T.);
#7219 = VERTEX_POINT('',#7220);
#7220 = CARTESIAN_POINT('',(-1.875,2.2375,1.025));
#7221 = LINE('',#7222,#7223);
#7222 = CARTESIAN_POINT('',(-1.875,2.2375,1.025));
#7223 = VECTOR('',#7224,1.);
#7224 = DIRECTION('',(0.707106781187,0.707106781187,0.));
#7225 = ORIENTED_EDGE('',*,*,#7226,.F.);
#7226 = EDGE_CURVE('',#7227,#7219,#7229,.T.);
#7227 = VERTEX_POINT('',#7228);
#7228 = CARTESIAN_POINT('',(-1.875,2.11,1.025));
#7229 = LINE('',#7230,#7231);
#7230 = CARTESIAN_POINT('',(-1.875,-2.2375,1.025));
#7231 = VECTOR('',#7232,1.);
#7232 = DIRECTION('',(-1.110223024625E-16,1.,0.));
#7233 = ORIENTED_EDGE('',*,*,#7234,.F.);
#7234 = EDGE_CURVE('',#7235,#7227,#7237,.T.);
#7235 = VERTEX_POINT('',#7236);
#7236 = CARTESIAN_POINT('',(-1.95,2.11,1.025));
#7237 = LINE('',#7238,#7239);
#7238 = CARTESIAN_POINT('',(-2.25,2.11,1.025));
#7239 = VECTOR('',#7240,1.);
#7240 = DIRECTION('',(1.,-1.144237745222E-17,0.));
#7241 = ORIENTED_EDGE('',*,*,#7242,.T.);
#7242 = EDGE_CURVE('',#7235,#7169,#7243,.T.);
#7243 = LINE('',#7244,#7245);
#7244 = CARTESIAN_POINT('',(-1.95,-2.275,1.025));
#7245 = VECTOR('',#7246,1.);
#7246 = DIRECTION('',(-1.110223024625E-16,1.,0.));
#7247 = PLANE('',#7248);
#7248 = AXIS2_PLACEMENT_3D('',#7249,#7250,#7251);
#7249 = CARTESIAN_POINT('',(-3.027078129022E-16,2.4125,1.025));
#7250 = DIRECTION('',(2.007919022429E-31,-7.713306628828E-27,-1.));
#7251 = DIRECTION('',(1.,1.112083013911E-16,2.00791902242E-31));
#7252 = ADVANCED_FACE('',(#7253),#7263,.F.);
#7253 = FACE_BOUND('',#7254,.F.);
#7254 = EDGE_LOOP('',(#7255,#7256,#7257,#7258));
#7255 = ORIENTED_EDGE('',*,*,#6887,.T.);
#7256 = ORIENTED_EDGE('',*,*,#6872,.T.);
#7257 = ORIENTED_EDGE('',*,*,#7168,.F.);
#7258 = ORIENTED_EDGE('',*,*,#7259,.F.);
#7259 = EDGE_CURVE('',#6888,#7169,#7260,.T.);
#7260 = B_SPLINE_CURVE_WITH_KNOTS('',1,(#7261,#7262),.UNSPECIFIED.,.F.,
  .F.,(2,2),(0.,1.),.PIECEWISE_BEZIER_KNOTS.);
#7261 = CARTESIAN_POINT('',(-1.95,2.275,0.825));
#7262 = CARTESIAN_POINT('',(-1.95,2.275,1.025));
#7263 = PLANE('',#7264);
#7264 = AXIS2_PLACEMENT_3D('',#7265,#7266,#7267);
#7265 = CARTESIAN_POINT('',(-1.95,2.275,1.025));
#7266 = DIRECTION('',(0.707106781187,-0.707106781187,0.));
#7267 = DIRECTION('',(0.707106781187,0.707106781187,0.));
#7268 = ADVANCED_FACE('',(#7269),#7293,.F.);
#7269 = FACE_BOUND('',#7270,.F.);
#7270 = EDGE_LOOP('',(#7271,#7278,#7279,#7287));
#7271 = ORIENTED_EDGE('',*,*,#7272,.F.);
#7272 = EDGE_CURVE('',#6975,#7273,#7275,.T.);
#7273 = VERTEX_POINT('',#7274);
#7274 = CARTESIAN_POINT('',(-1.95,-2.275,1.025));
#7275 = B_SPLINE_CURVE_WITH_KNOTS('',1,(#7276,#7277),.UNSPECIFIED.,.F.,
  .F.,(2,2),(0.,1.),.PIECEWISE_BEZIER_KNOTS.);
#7276 = CARTESIAN_POINT('',(-1.95,-2.275,0.825));
#7277 = CARTESIAN_POINT('',(-1.95,-2.275,1.025));
#7278 = ORIENTED_EDGE('',*,*,#6974,.T.);
#7279 = ORIENTED_EDGE('',*,*,#7280,.T.);
#7280 = EDGE_CURVE('',#6967,#7281,#7283,.T.);
#7281 = VERTEX_POINT('',#7282);
#7282 = CARTESIAN_POINT('',(-1.95,-2.11,1.025));
#7283 = LINE('',#7284,#7285);
#7284 = CARTESIAN_POINT('',(-1.95,-2.11,0.786976568901));
#7285 = VECTOR('',#7286,1.);
#7286 = DIRECTION('',(0.,0.,1.));
#7287 = ORIENTED_EDGE('',*,*,#7288,.F.);
#7288 = EDGE_CURVE('',#7273,#7281,#7289,.T.);
#7289 = LINE('',#7290,#7291);
#7290 = CARTESIAN_POINT('',(-1.95,-2.275,1.025));
#7291 = VECTOR('',#7292,1.);
#7292 = DIRECTION('',(-1.110223024625E-16,1.,0.));
#7293 = PLANE('',#7294);
#7294 = AXIS2_PLACEMENT_3D('',#7295,#7296,#7297);
#7295 = CARTESIAN_POINT('',(-1.95,-2.275,1.025));
#7296 = DIRECTION('',(1.,1.110223024625E-16,0.));
#7297 = DIRECTION('',(-1.110223024625E-16,1.,0.));
#7298 = ADVANCED_FACE('',(#7299),#7324,.F.);
#7299 = FACE_BOUND('',#7300,.F.);
#7300 = EDGE_LOOP('',(#7301,#7309,#7310,#7318));
#7301 = ORIENTED_EDGE('',*,*,#7302,.F.);
#7302 = EDGE_CURVE('',#6967,#7303,#7305,.T.);
#7303 = VERTEX_POINT('',#7304);
#7304 = CARTESIAN_POINT('',(-2.25,-2.11,0.825));
#7305 = LINE('',#7306,#7307);
#7306 = CARTESIAN_POINT('',(-1.8,-2.11,0.825));
#7307 = VECTOR('',#7308,1.);
#7308 = DIRECTION('',(-1.,1.144237745222E-17,0.));
#7309 = ORIENTED_EDGE('',*,*,#6966,.T.);
#7310 = ORIENTED_EDGE('',*,*,#7311,.T.);
#7311 = EDGE_CURVE('',#6959,#7312,#7314,.T.);
#7312 = VERTEX_POINT('',#7313);
#7313 = CARTESIAN_POINT('',(-2.25,-1.7,0.825));
#7314 = LINE('',#7315,#7316);
#7315 = CARTESIAN_POINT('',(-1.8,-1.7,0.825));
#7316 = VECTOR('',#7317,1.);
#7317 = DIRECTION('',(-1.,1.144237745222E-17,0.));
#7318 = ORIENTED_EDGE('',*,*,#7319,.F.);
#7319 = EDGE_CURVE('',#7303,#7312,#7320,.T.);
#7320 = LINE('',#7321,#7322);
#7321 = CARTESIAN_POINT('',(-2.25,-2.11,0.825));
#7322 = VECTOR('',#7323,1.);
#7323 = DIRECTION('',(1.144237745222E-17,1.,0.));
#7324 = PLANE('',#7325);
#7325 = AXIS2_PLACEMENT_3D('',#7326,#7327,#7328);
#7326 = CARTESIAN_POINT('',(-1.8,-2.11,0.825));
#7327 = DIRECTION('',(0.,0.,1.));
#7328 = DIRECTION('',(-1.,1.144237745222E-17,0.));
#7329 = ADVANCED_FACE('',(#7330),#7355,.F.);
#7330 = FACE_BOUND('',#7331,.F.);
#7331 = EDGE_LOOP('',(#7332,#7340,#7341,#7349));
#7332 = ORIENTED_EDGE('',*,*,#7333,.F.);
#7333 = EDGE_CURVE('',#6959,#7334,#7336,.T.);
#7334 = VERTEX_POINT('',#7335);
#7335 = CARTESIAN_POINT('',(-1.95,-1.7,1.025));
#7336 = LINE('',#7337,#7338);
#7337 = CARTESIAN_POINT('',(-1.95,-1.7,0.786976568901));
#7338 = VECTOR('',#7339,1.);
#7339 = DIRECTION('',(0.,0.,1.));
#7340 = ORIENTED_EDGE('',*,*,#6958,.T.);
#7341 = ORIENTED_EDGE('',*,*,#7342,.T.);
#7342 = EDGE_CURVE('',#6951,#7343,#7345,.T.);
#7343 = VERTEX_POINT('',#7344);
#7344 = CARTESIAN_POINT('',(-1.95,-0.84,1.025));
#7345 = LINE('',#7346,#7347);
#7346 = CARTESIAN_POINT('',(-1.95,-0.84,0.786976568901));
#7347 = VECTOR('',#7348,1.);
#7348 = DIRECTION('',(0.,0.,1.));
#7349 = ORIENTED_EDGE('',*,*,#7350,.F.);
#7350 = EDGE_CURVE('',#7334,#7343,#7351,.T.);
#7351 = LINE('',#7352,#7353);
#7352 = CARTESIAN_POINT('',(-1.95,-2.275,1.025));
#7353 = VECTOR('',#7354,1.);
#7354 = DIRECTION('',(-1.110223024625E-16,1.,0.));
#7355 = PLANE('',#7356);
#7356 = AXIS2_PLACEMENT_3D('',#7357,#7358,#7359);
#7357 = CARTESIAN_POINT('',(-1.95,-2.275,1.025));
#7358 = DIRECTION('',(1.,1.110223024625E-16,0.));
#7359 = DIRECTION('',(-1.110223024625E-16,1.,0.));
#7360 = ADVANCED_FACE('',(#7361),#7386,.F.);
#7361 = FACE_BOUND('',#7362,.F.);
#7362 = EDGE_LOOP('',(#7363,#7371,#7372,#7380));
#7363 = ORIENTED_EDGE('',*,*,#7364,.F.);
#7364 = EDGE_CURVE('',#6951,#7365,#7367,.T.);
#7365 = VERTEX_POINT('',#7366);
#7366 = CARTESIAN_POINT('',(-2.25,-0.84,0.825));
#7367 = LINE('',#7368,#7369);
#7368 = CARTESIAN_POINT('',(-1.8,-0.84,0.825));
#7369 = VECTOR('',#7370,1.);
#7370 = DIRECTION('',(-1.,1.144237745222E-17,0.));
#7371 = ORIENTED_EDGE('',*,*,#6950,.T.);
#7372 = ORIENTED_EDGE('',*,*,#7373,.T.);
#7373 = EDGE_CURVE('',#6943,#7374,#7376,.T.);
#7374 = VERTEX_POINT('',#7375);
#7375 = CARTESIAN_POINT('',(-2.25,-0.43,0.825));
#7376 = LINE('',#7377,#7378);
#7377 = CARTESIAN_POINT('',(-1.8,-0.43,0.825));
#7378 = VECTOR('',#7379,1.);
#7379 = DIRECTION('',(-1.,1.144237745222E-17,0.));
#7380 = ORIENTED_EDGE('',*,*,#7381,.F.);
#7381 = EDGE_CURVE('',#7365,#7374,#7382,.T.);
#7382 = LINE('',#7383,#7384);
#7383 = CARTESIAN_POINT('',(-2.25,-0.84,0.825));
#7384 = VECTOR('',#7385,1.);
#7385 = DIRECTION('',(1.144237745222E-17,1.,0.));
#7386 = PLANE('',#7387);
#7387 = AXIS2_PLACEMENT_3D('',#7388,#7389,#7390);
#7388 = CARTESIAN_POINT('',(-1.8,-0.84,0.825));
#7389 = DIRECTION('',(0.,0.,1.));
#7390 = DIRECTION('',(-1.,1.144237745222E-17,0.));
#7391 = ADVANCED_FACE('',(#7392),#7417,.F.);
#7392 = FACE_BOUND('',#7393,.F.);
#7393 = EDGE_LOOP('',(#7394,#7402,#7403,#7411));
#7394 = ORIENTED_EDGE('',*,*,#7395,.F.);
#7395 = EDGE_CURVE('',#6943,#7396,#7398,.T.);
#7396 = VERTEX_POINT('',#7397);
#7397 = CARTESIAN_POINT('',(-1.95,-0.43,1.025));
#7398 = LINE('',#7399,#7400);
#7399 = CARTESIAN_POINT('',(-1.95,-0.43,0.786976568901));
#7400 = VECTOR('',#7401,1.);
#7401 = DIRECTION('',(0.,0.,1.));
#7402 = ORIENTED_EDGE('',*,*,#6942,.T.);
#7403 = ORIENTED_EDGE('',*,*,#7404,.T.);
#7404 = EDGE_CURVE('',#6935,#7405,#7407,.T.);
#7405 = VERTEX_POINT('',#7406);
#7406 = CARTESIAN_POINT('',(-1.95,0.43,1.025));
#7407 = LINE('',#7408,#7409);
#7408 = CARTESIAN_POINT('',(-1.95,0.43,0.786976568901));
#7409 = VECTOR('',#7410,1.);
#7410 = DIRECTION('',(0.,0.,1.));
#7411 = ORIENTED_EDGE('',*,*,#7412,.F.);
#7412 = EDGE_CURVE('',#7396,#7405,#7413,.T.);
#7413 = LINE('',#7414,#7415);
#7414 = CARTESIAN_POINT('',(-1.95,-2.275,1.025));
#7415 = VECTOR('',#7416,1.);
#7416 = DIRECTION('',(-1.110223024625E-16,1.,0.));
#7417 = PLANE('',#7418);
#7418 = AXIS2_PLACEMENT_3D('',#7419,#7420,#7421);
#7419 = CARTESIAN_POINT('',(-1.95,-2.275,1.025));
#7420 = DIRECTION('',(1.,1.110223024625E-16,0.));
#7421 = DIRECTION('',(-1.110223024625E-16,1.,0.));
#7422 = ADVANCED_FACE('',(#7423),#7448,.F.);
#7423 = FACE_BOUND('',#7424,.F.);
#7424 = EDGE_LOOP('',(#7425,#7433,#7434,#7442));
#7425 = ORIENTED_EDGE('',*,*,#7426,.F.);
#7426 = EDGE_CURVE('',#6935,#7427,#7429,.T.);
#7427 = VERTEX_POINT('',#7428);
#7428 = CARTESIAN_POINT('',(-2.25,0.43,0.825));
#7429 = LINE('',#7430,#7431);
#7430 = CARTESIAN_POINT('',(-1.8,0.43,0.825));
#7431 = VECTOR('',#7432,1.);
#7432 = DIRECTION('',(-1.,1.144237745222E-17,0.));
#7433 = ORIENTED_EDGE('',*,*,#6934,.T.);
#7434 = ORIENTED_EDGE('',*,*,#7435,.T.);
#7435 = EDGE_CURVE('',#6927,#7436,#7438,.T.);
#7436 = VERTEX_POINT('',#7437);
#7437 = CARTESIAN_POINT('',(-2.25,0.84,0.825));
#7438 = LINE('',#7439,#7440);
#7439 = CARTESIAN_POINT('',(-1.8,0.84,0.825));
#7440 = VECTOR('',#7441,1.);
#7441 = DIRECTION('',(-1.,1.144237745222E-17,0.));
#7442 = ORIENTED_EDGE('',*,*,#7443,.F.);
#7443 = EDGE_CURVE('',#7427,#7436,#7444,.T.);
#7444 = LINE('',#7445,#7446);
#7445 = CARTESIAN_POINT('',(-2.25,0.43,0.825));
#7446 = VECTOR('',#7447,1.);
#7447 = DIRECTION('',(1.144237745222E-17,1.,0.));
#7448 = PLANE('',#7449);
#7449 = AXIS2_PLACEMENT_3D('',#7450,#7451,#7452);
#7450 = CARTESIAN_POINT('',(-1.8,0.43,0.825));
#7451 = DIRECTION('',(0.,0.,1.));
#7452 = DIRECTION('',(-1.,1.144237745222E-17,0.));
#7453 = ADVANCED_FACE('',(#7454),#7479,.F.);
#7454 = FACE_BOUND('',#7455,.F.);
#7455 = EDGE_LOOP('',(#7456,#7464,#7465,#7473));
#7456 = ORIENTED_EDGE('',*,*,#7457,.F.);
#7457 = EDGE_CURVE('',#6927,#7458,#7460,.T.);
#7458 = VERTEX_POINT('',#7459);
#7459 = CARTESIAN_POINT('',(-1.95,0.84,1.025));
#7460 = LINE('',#7461,#7462);
#7461 = CARTESIAN_POINT('',(-1.95,0.84,0.786976568901));
#7462 = VECTOR('',#7463,1.);
#7463 = DIRECTION('',(0.,0.,1.));
#7464 = ORIENTED_EDGE('',*,*,#6926,.T.);
#7465 = ORIENTED_EDGE('',*,*,#7466,.T.);
#7466 = EDGE_CURVE('',#6919,#7467,#7469,.T.);
#7467 = VERTEX_POINT('',#7468);
#7468 = CARTESIAN_POINT('',(-1.95,1.7,1.025));
#7469 = LINE('',#7470,#7471);
#7470 = CARTESIAN_POINT('',(-1.95,1.7,0.786976568901));
#7471 = VECTOR('',#7472,1.);
#7472 = DIRECTION('',(0.,0.,1.));
#7473 = ORIENTED_EDGE('',*,*,#7474,.F.);
#7474 = EDGE_CURVE('',#7458,#7467,#7475,.T.);
#7475 = LINE('',#7476,#7477);
#7476 = CARTESIAN_POINT('',(-1.95,-2.275,1.025));
#7477 = VECTOR('',#7478,1.);
#7478 = DIRECTION('',(-1.110223024625E-16,1.,0.));
#7479 = PLANE('',#7480);
#7480 = AXIS2_PLACEMENT_3D('',#7481,#7482,#7483);
#7481 = CARTESIAN_POINT('',(-1.95,-2.275,1.025));
#7482 = DIRECTION('',(1.,1.110223024625E-16,0.));
#7483 = DIRECTION('',(-1.110223024625E-16,1.,0.));
#7484 = ADVANCED_FACE('',(#7485),#7510,.F.);
#7485 = FACE_BOUND('',#7486,.F.);
#7486 = EDGE_LOOP('',(#7487,#7495,#7496,#7504));
#7487 = ORIENTED_EDGE('',*,*,#7488,.F.);
#7488 = EDGE_CURVE('',#6919,#7489,#7491,.T.);
#7489 = VERTEX_POINT('',#7490);
#7490 = CARTESIAN_POINT('',(-2.25,1.7,0.825));
#7491 = LINE('',#7492,#7493);
#7492 = CARTESIAN_POINT('',(-1.8,1.7,0.825));
#7493 = VECTOR('',#7494,1.);
#7494 = DIRECTION('',(-1.,1.144237745222E-17,0.));
#7495 = ORIENTED_EDGE('',*,*,#6918,.T.);
#7496 = ORIENTED_EDGE('',*,*,#7497,.T.);
#7497 = EDGE_CURVE('',#6911,#7498,#7500,.T.);
#7498 = VERTEX_POINT('',#7499);
#7499 = CARTESIAN_POINT('',(-2.25,2.11,0.825));
#7500 = LINE('',#7501,#7502);
#7501 = CARTESIAN_POINT('',(-1.8,2.11,0.825));
#7502 = VECTOR('',#7503,1.);
#7503 = DIRECTION('',(-1.,1.144237745222E-17,0.));
#7504 = ORIENTED_EDGE('',*,*,#7505,.F.);
#7505 = EDGE_CURVE('',#7489,#7498,#7506,.T.);
#7506 = LINE('',#7507,#7508);
#7507 = CARTESIAN_POINT('',(-2.25,1.7,0.825));
#7508 = VECTOR('',#7509,1.);
#7509 = DIRECTION('',(1.144237745222E-17,1.,0.));
#7510 = PLANE('',#7511);
#7511 = AXIS2_PLACEMENT_3D('',#7512,#7513,#7514);
#7512 = CARTESIAN_POINT('',(-1.8,1.7,0.825));
#7513 = DIRECTION('',(0.,0.,1.));
#7514 = DIRECTION('',(-1.,1.144237745222E-17,0.));
#7515 = ADVANCED_FACE('',(#7516),#7527,.F.);
#7516 = FACE_BOUND('',#7517,.F.);
#7517 = EDGE_LOOP('',(#7518,#7524,#7525,#7526));
#7518 = ORIENTED_EDGE('',*,*,#7519,.F.);
#7519 = EDGE_CURVE('',#6911,#7235,#7520,.T.);
#7520 = LINE('',#7521,#7522);
#7521 = CARTESIAN_POINT('',(-1.95,2.11,0.786976568901));
#7522 = VECTOR('',#7523,1.);
#7523 = DIRECTION('',(0.,0.,1.));
#7524 = ORIENTED_EDGE('',*,*,#6910,.T.);
#7525 = ORIENTED_EDGE('',*,*,#7259,.T.);
#7526 = ORIENTED_EDGE('',*,*,#7242,.F.);
#7527 = PLANE('',#7528);
#7528 = AXIS2_PLACEMENT_3D('',#7529,#7530,#7531);
#7529 = CARTESIAN_POINT('',(-1.95,-2.275,1.025));
#7530 = DIRECTION('',(1.,1.110223024625E-16,0.));
#7531 = DIRECTION('',(-1.110223024625E-16,1.,0.));
#7532 = ADVANCED_FACE('',(#7533),#7544,.F.);
#7533 = FACE_BOUND('',#7534,.F.);
#7534 = EDGE_LOOP('',(#7535,#7536,#7537,#7543));
#7535 = ORIENTED_EDGE('',*,*,#7146,.F.);
#7536 = ORIENTED_EDGE('',*,*,#7067,.T.);
#7537 = ORIENTED_EDGE('',*,*,#7538,.T.);
#7538 = EDGE_CURVE('',#7060,#7179,#7539,.T.);
#7539 = LINE('',#7540,#7541);
#7540 = CARTESIAN_POINT('',(1.95,2.11,0.786976568901));
#7541 = VECTOR('',#7542,1.);
#7542 = DIRECTION('',(0.,0.,1.));
#7543 = ORIENTED_EDGE('',*,*,#7178,.F.);
#7544 = PLANE('',#7545);
#7545 = AXIS2_PLACEMENT_3D('',#7546,#7547,#7548);
#7546 = CARTESIAN_POINT('',(1.95,2.275,1.025));
#7547 = DIRECTION('',(-1.,-1.110223024625E-16,0.));
#7548 = DIRECTION('',(1.110223024625E-16,-1.,0.));
#7549 = ADVANCED_FACE('',(#7550),#7575,.F.);
#7550 = FACE_BOUND('',#7551,.F.);
#7551 = EDGE_LOOP('',(#7552,#7560,#7561,#7569));
#7552 = ORIENTED_EDGE('',*,*,#7553,.F.);
#7553 = EDGE_CURVE('',#7060,#7554,#7556,.T.);
#7554 = VERTEX_POINT('',#7555);
#7555 = CARTESIAN_POINT('',(2.25,2.11,0.825));
#7556 = LINE('',#7557,#7558);
#7557 = CARTESIAN_POINT('',(1.8,2.11,0.825));
#7558 = VECTOR('',#7559,1.);
#7559 = DIRECTION('',(1.,1.110223024625E-16,0.));
#7560 = ORIENTED_EDGE('',*,*,#7059,.T.);
#7561 = ORIENTED_EDGE('',*,*,#7562,.T.);
#7562 = EDGE_CURVE('',#7052,#7563,#7565,.T.);
#7563 = VERTEX_POINT('',#7564);
#7564 = CARTESIAN_POINT('',(2.25,1.7,0.825));
#7565 = LINE('',#7566,#7567);
#7566 = CARTESIAN_POINT('',(1.8,1.7,0.825));
#7567 = VECTOR('',#7568,1.);
#7568 = DIRECTION('',(1.,1.110223024625E-16,0.));
#7569 = ORIENTED_EDGE('',*,*,#7570,.F.);
#7570 = EDGE_CURVE('',#7554,#7563,#7571,.T.);
#7571 = LINE('',#7572,#7573);
#7572 = CARTESIAN_POINT('',(2.25,2.11,0.825));
#7573 = VECTOR('',#7574,1.);
#7574 = DIRECTION('',(1.110223024625E-16,-1.,0.));
#7575 = PLANE('',#7576);
#7576 = AXIS2_PLACEMENT_3D('',#7577,#7578,#7579);
#7577 = CARTESIAN_POINT('',(1.8,2.11,0.825));
#7578 = DIRECTION('',(0.,0.,1.));
#7579 = DIRECTION('',(1.,1.110223024625E-16,-0.));
#7580 = ADVANCED_FACE('',(#7581),#7606,.F.);
#7581 = FACE_BOUND('',#7582,.F.);
#7582 = EDGE_LOOP('',(#7583,#7591,#7592,#7600));
#7583 = ORIENTED_EDGE('',*,*,#7584,.F.);
#7584 = EDGE_CURVE('',#7052,#7585,#7587,.T.);
#7585 = VERTEX_POINT('',#7586);
#7586 = CARTESIAN_POINT('',(1.95,1.7,1.025));
#7587 = LINE('',#7588,#7589);
#7588 = CARTESIAN_POINT('',(1.95,1.7,0.786976568901));
#7589 = VECTOR('',#7590,1.);
#7590 = DIRECTION('',(0.,0.,1.));
#7591 = ORIENTED_EDGE('',*,*,#7051,.T.);
#7592 = ORIENTED_EDGE('',*,*,#7593,.T.);
#7593 = EDGE_CURVE('',#7044,#7594,#7596,.T.);
#7594 = VERTEX_POINT('',#7595);
#7595 = CARTESIAN_POINT('',(1.95,0.84,1.025));
#7596 = LINE('',#7597,#7598);
#7597 = CARTESIAN_POINT('',(1.95,0.84,0.786976568901));
#7598 = VECTOR('',#7599,1.);
#7599 = DIRECTION('',(0.,0.,1.));
#7600 = ORIENTED_EDGE('',*,*,#7601,.F.);
#7601 = EDGE_CURVE('',#7585,#7594,#7602,.T.);
#7602 = LINE('',#7603,#7604);
#7603 = CARTESIAN_POINT('',(1.95,2.275,1.025));
#7604 = VECTOR('',#7605,1.);
#7605 = DIRECTION('',(1.110223024625E-16,-1.,0.));
#7606 = PLANE('',#7607);
#7607 = AXIS2_PLACEMENT_3D('',#7608,#7609,#7610);
#7608 = CARTESIAN_POINT('',(1.95,2.275,1.025));
#7609 = DIRECTION('',(-1.,-1.110223024625E-16,0.));
#7610 = DIRECTION('',(1.110223024625E-16,-1.,0.));
#7611 = ADVANCED_FACE('',(#7612),#7637,.F.);
#7612 = FACE_BOUND('',#7613,.F.);
#7613 = EDGE_LOOP('',(#7614,#7622,#7623,#7631));
#7614 = ORIENTED_EDGE('',*,*,#7615,.F.);
#7615 = EDGE_CURVE('',#7044,#7616,#7618,.T.);
#7616 = VERTEX_POINT('',#7617);
#7617 = CARTESIAN_POINT('',(2.25,0.84,0.825));
#7618 = LINE('',#7619,#7620);
#7619 = CARTESIAN_POINT('',(1.8,0.84,0.825));
#7620 = VECTOR('',#7621,1.);
#7621 = DIRECTION('',(1.,1.110223024625E-16,0.));
#7622 = ORIENTED_EDGE('',*,*,#7043,.T.);
#7623 = ORIENTED_EDGE('',*,*,#7624,.T.);
#7624 = EDGE_CURVE('',#7036,#7625,#7627,.T.);
#7625 = VERTEX_POINT('',#7626);
#7626 = CARTESIAN_POINT('',(2.25,0.43,0.825));
#7627 = LINE('',#7628,#7629);
#7628 = CARTESIAN_POINT('',(1.8,0.43,0.825));
#7629 = VECTOR('',#7630,1.);
#7630 = DIRECTION('',(1.,1.110223024625E-16,0.));
#7631 = ORIENTED_EDGE('',*,*,#7632,.F.);
#7632 = EDGE_CURVE('',#7616,#7625,#7633,.T.);
#7633 = LINE('',#7634,#7635);
#7634 = CARTESIAN_POINT('',(2.25,0.84,0.825));
#7635 = VECTOR('',#7636,1.);
#7636 = DIRECTION('',(1.110223024625E-16,-1.,0.));
#7637 = PLANE('',#7638);
#7638 = AXIS2_PLACEMENT_3D('',#7639,#7640,#7641);
#7639 = CARTESIAN_POINT('',(1.8,0.84,0.825));
#7640 = DIRECTION('',(0.,0.,1.));
#7641 = DIRECTION('',(1.,1.110223024625E-16,-0.));
#7642 = ADVANCED_FACE('',(#7643),#7668,.F.);
#7643 = FACE_BOUND('',#7644,.F.);
#7644 = EDGE_LOOP('',(#7645,#7653,#7654,#7662));
#7645 = ORIENTED_EDGE('',*,*,#7646,.F.);
#7646 = EDGE_CURVE('',#7036,#7647,#7649,.T.);
#7647 = VERTEX_POINT('',#7648);
#7648 = CARTESIAN_POINT('',(1.95,0.43,1.025));
#7649 = LINE('',#7650,#7651);
#7650 = CARTESIAN_POINT('',(1.95,0.43,0.786976568901));
#7651 = VECTOR('',#7652,1.);
#7652 = DIRECTION('',(0.,0.,1.));
#7653 = ORIENTED_EDGE('',*,*,#7035,.T.);
#7654 = ORIENTED_EDGE('',*,*,#7655,.T.);
#7655 = EDGE_CURVE('',#7028,#7656,#7658,.T.);
#7656 = VERTEX_POINT('',#7657);
#7657 = CARTESIAN_POINT('',(1.95,-0.43,1.025));
#7658 = LINE('',#7659,#7660);
#7659 = CARTESIAN_POINT('',(1.95,-0.43,0.786976568901));
#7660 = VECTOR('',#7661,1.);
#7661 = DIRECTION('',(0.,0.,1.));
#7662 = ORIENTED_EDGE('',*,*,#7663,.F.);
#7663 = EDGE_CURVE('',#7647,#7656,#7664,.T.);
#7664 = LINE('',#7665,#7666);
#7665 = CARTESIAN_POINT('',(1.95,2.275,1.025));
#7666 = VECTOR('',#7667,1.);
#7667 = DIRECTION('',(1.110223024625E-16,-1.,0.));
#7668 = PLANE('',#7669);
#7669 = AXIS2_PLACEMENT_3D('',#7670,#7671,#7672);
#7670 = CARTESIAN_POINT('',(1.95,2.275,1.025));
#7671 = DIRECTION('',(-1.,-1.110223024625E-16,0.));
#7672 = DIRECTION('',(1.110223024625E-16,-1.,0.));
#7673 = ADVANCED_FACE('',(#7674),#7699,.F.);
#7674 = FACE_BOUND('',#7675,.F.);
#7675 = EDGE_LOOP('',(#7676,#7684,#7685,#7693));
#7676 = ORIENTED_EDGE('',*,*,#7677,.F.);
#7677 = EDGE_CURVE('',#7028,#7678,#7680,.T.);
#7678 = VERTEX_POINT('',#7679);
#7679 = CARTESIAN_POINT('',(2.25,-0.43,0.825));
#7680 = LINE('',#7681,#7682);
#7681 = CARTESIAN_POINT('',(1.8,-0.43,0.825));
#7682 = VECTOR('',#7683,1.);
#7683 = DIRECTION('',(1.,1.110223024625E-16,0.));
#7684 = ORIENTED_EDGE('',*,*,#7027,.T.);
#7685 = ORIENTED_EDGE('',*,*,#7686,.T.);
#7686 = EDGE_CURVE('',#7020,#7687,#7689,.T.);
#7687 = VERTEX_POINT('',#7688);
#7688 = CARTESIAN_POINT('',(2.25,-0.84,0.825));
#7689 = LINE('',#7690,#7691);
#7690 = CARTESIAN_POINT('',(1.8,-0.84,0.825));
#7691 = VECTOR('',#7692,1.);
#7692 = DIRECTION('',(1.,1.110223024625E-16,0.));
#7693 = ORIENTED_EDGE('',*,*,#7694,.F.);
#7694 = EDGE_CURVE('',#7678,#7687,#7695,.T.);
#7695 = LINE('',#7696,#7697);
#7696 = CARTESIAN_POINT('',(2.25,-0.43,0.825));
#7697 = VECTOR('',#7698,1.);
#7698 = DIRECTION('',(1.110223024625E-16,-1.,0.));
#7699 = PLANE('',#7700);
#7700 = AXIS2_PLACEMENT_3D('',#7701,#7702,#7703);
#7701 = CARTESIAN_POINT('',(1.8,-0.43,0.825));
#7702 = DIRECTION('',(0.,0.,1.));
#7703 = DIRECTION('',(1.,1.110223024625E-16,-0.));
#7704 = ADVANCED_FACE('',(#7705),#7730,.F.);
#7705 = FACE_BOUND('',#7706,.F.);
#7706 = EDGE_LOOP('',(#7707,#7715,#7716,#7724));
#7707 = ORIENTED_EDGE('',*,*,#7708,.F.);
#7708 = EDGE_CURVE('',#7020,#7709,#7711,.T.);
#7709 = VERTEX_POINT('',#7710);
#7710 = CARTESIAN_POINT('',(1.95,-0.84,1.025));
#7711 = LINE('',#7712,#7713);
#7712 = CARTESIAN_POINT('',(1.95,-0.84,0.786976568901));
#7713 = VECTOR('',#7714,1.);
#7714 = DIRECTION('',(0.,0.,1.));
#7715 = ORIENTED_EDGE('',*,*,#7019,.T.);
#7716 = ORIENTED_EDGE('',*,*,#7717,.T.);
#7717 = EDGE_CURVE('',#7012,#7718,#7720,.T.);
#7718 = VERTEX_POINT('',#7719);
#7719 = CARTESIAN_POINT('',(1.95,-1.7,1.025));
#7720 = LINE('',#7721,#7722);
#7721 = CARTESIAN_POINT('',(1.95,-1.7,0.786976568901));
#7722 = VECTOR('',#7723,1.);
#7723 = DIRECTION('',(0.,0.,1.));
#7724 = ORIENTED_EDGE('',*,*,#7725,.F.);
#7725 = EDGE_CURVE('',#7709,#7718,#7726,.T.);
#7726 = LINE('',#7727,#7728);
#7727 = CARTESIAN_POINT('',(1.95,2.275,1.025));
#7728 = VECTOR('',#7729,1.);
#7729 = DIRECTION('',(1.110223024625E-16,-1.,0.));
#7730 = PLANE('',#7731);
#7731 = AXIS2_PLACEMENT_3D('',#7732,#7733,#7734);
#7732 = CARTESIAN_POINT('',(1.95,2.275,1.025));
#7733 = DIRECTION('',(-1.,-1.110223024625E-16,0.));
#7734 = DIRECTION('',(1.110223024625E-16,-1.,0.));
#7735 = ADVANCED_FACE('',(#7736),#7761,.F.);
#7736 = FACE_BOUND('',#7737,.F.);
#7737 = EDGE_LOOP('',(#7738,#7746,#7747,#7755));
#7738 = ORIENTED_EDGE('',*,*,#7739,.F.);
#7739 = EDGE_CURVE('',#7012,#7740,#7742,.T.);
#7740 = VERTEX_POINT('',#7741);
#7741 = CARTESIAN_POINT('',(2.25,-1.7,0.825));
#7742 = LINE('',#7743,#7744);
#7743 = CARTESIAN_POINT('',(1.8,-1.7,0.825));
#7744 = VECTOR('',#7745,1.);
#7745 = DIRECTION('',(1.,1.110223024625E-16,0.));
#7746 = ORIENTED_EDGE('',*,*,#7011,.T.);
#7747 = ORIENTED_EDGE('',*,*,#7748,.T.);
#7748 = EDGE_CURVE('',#7004,#7749,#7751,.T.);
#7749 = VERTEX_POINT('',#7750);
#7750 = CARTESIAN_POINT('',(2.25,-2.11,0.825));
#7751 = LINE('',#7752,#7753);
#7752 = CARTESIAN_POINT('',(1.8,-2.11,0.825));
#7753 = VECTOR('',#7754,1.);
#7754 = DIRECTION('',(1.,1.110223024625E-16,0.));
#7755 = ORIENTED_EDGE('',*,*,#7756,.F.);
#7756 = EDGE_CURVE('',#7740,#7749,#7757,.T.);
#7757 = LINE('',#7758,#7759);
#7758 = CARTESIAN_POINT('',(2.25,-1.7,0.825));
#7759 = VECTOR('',#7760,1.);
#7760 = DIRECTION('',(1.110223024625E-16,-1.,0.));
#7761 = PLANE('',#7762);
#7762 = AXIS2_PLACEMENT_3D('',#7763,#7764,#7765);
#7763 = CARTESIAN_POINT('',(1.8,-1.7,0.825));
#7764 = DIRECTION('',(0.,0.,1.));
#7765 = DIRECTION('',(1.,1.110223024625E-16,-0.));
#7766 = ADVANCED_FACE('',(#7767),#7791,.F.);
#7767 = FACE_BOUND('',#7768,.F.);
#7768 = EDGE_LOOP('',(#7769,#7777,#7778,#7785));
#7769 = ORIENTED_EDGE('',*,*,#7770,.F.);
#7770 = EDGE_CURVE('',#7004,#7771,#7773,.T.);
#7771 = VERTEX_POINT('',#7772);
#7772 = CARTESIAN_POINT('',(1.95,-2.11,1.025));
#7773 = LINE('',#7774,#7775);
#7774 = CARTESIAN_POINT('',(1.95,-2.11,0.786976568901));
#7775 = VECTOR('',#7776,1.);
#7776 = DIRECTION('',(0.,0.,1.));
#7777 = ORIENTED_EDGE('',*,*,#7003,.T.);
#7778 = ORIENTED_EDGE('',*,*,#7779,.T.);
#7779 = EDGE_CURVE('',#6997,#7780,#7782,.T.);
#7780 = VERTEX_POINT('',#7781);
#7781 = CARTESIAN_POINT('',(1.95,-2.275,1.025));
#7782 = B_SPLINE_CURVE_WITH_KNOTS('',1,(#7783,#7784),.UNSPECIFIED.,.F.,
  .F.,(2,2),(0.,1.),.PIECEWISE_BEZIER_KNOTS.);
#7783 = CARTESIAN_POINT('',(1.95,-2.275,0.825));
#7784 = CARTESIAN_POINT('',(1.95,-2.275,1.025));
#7785 = ORIENTED_EDGE('',*,*,#7786,.F.);
#7786 = EDGE_CURVE('',#7771,#7780,#7787,.T.);
#7787 = LINE('',#7788,#7789);
#7788 = CARTESIAN_POINT('',(1.95,2.275,1.025));
#7789 = VECTOR('',#7790,1.);
#7790 = DIRECTION('',(1.110223024625E-16,-1.,0.));
#7791 = PLANE('',#7792);
#7792 = AXIS2_PLACEMENT_3D('',#7793,#7794,#7795);
#7793 = CARTESIAN_POINT('',(1.95,2.275,1.025));
#7794 = DIRECTION('',(-1.,-1.110223024625E-16,0.));
#7795 = DIRECTION('',(1.110223024625E-16,-1.,0.));
#7796 = ADVANCED_FACE('',(#7797),#7814,.F.);
#7797 = FACE_BOUND('',#7798,.F.);
#7798 = EDGE_LOOP('',(#7799,#7800,#7801,#7809));
#7799 = ORIENTED_EDGE('',*,*,#7084,.T.);
#7800 = ORIENTED_EDGE('',*,*,#7272,.T.);
#7801 = ORIENTED_EDGE('',*,*,#7802,.F.);
#7802 = EDGE_CURVE('',#7803,#7273,#7805,.T.);
#7803 = VERTEX_POINT('',#7804);
#7804 = CARTESIAN_POINT('',(-1.775,-2.45,1.025));
#7805 = LINE('',#7806,#7807);
#7806 = CARTESIAN_POINT('',(-1.775,-2.45,1.025));
#7807 = VECTOR('',#7808,1.);
#7808 = DIRECTION('',(-0.707106781187,0.707106781187,0.));
#7809 = ORIENTED_EDGE('',*,*,#7810,.F.);
#7810 = EDGE_CURVE('',#7085,#7803,#7811,.T.);
#7811 = B_SPLINE_CURVE_WITH_KNOTS('',1,(#7812,#7813),.UNSPECIFIED.,.F.,
  .F.,(2,2),(0.,1.),.PIECEWISE_BEZIER_KNOTS.);
#7812 = CARTESIAN_POINT('',(-1.775,-2.45,0.825));
#7813 = CARTESIAN_POINT('',(-1.775,-2.45,1.025));
#7814 = PLANE('',#7815);
#7815 = AXIS2_PLACEMENT_3D('',#7816,#7817,#7818);
#7816 = CARTESIAN_POINT('',(-1.775,-2.45,1.025));
#7817 = DIRECTION('',(0.707106781187,0.707106781187,0.));
#7818 = DIRECTION('',(-0.707106781187,0.707106781187,0.));
#7819 = ADVANCED_FACE('',(#7820),#7837,.F.);
#7820 = FACE_BOUND('',#7821,.F.);
#7821 = EDGE_LOOP('',(#7822,#7823,#7830,#7836));
#7822 = ORIENTED_EDGE('',*,*,#7113,.T.);
#7823 = ORIENTED_EDGE('',*,*,#7824,.T.);
#7824 = EDGE_CURVE('',#7107,#7825,#7827,.T.);
#7825 = VERTEX_POINT('',#7826);
#7826 = CARTESIAN_POINT('',(1.775,-2.45,1.025));
#7827 = B_SPLINE_CURVE_WITH_KNOTS('',1,(#7828,#7829),.UNSPECIFIED.,.F.,
  .F.,(2,2),(0.,1.),.PIECEWISE_BEZIER_KNOTS.);
#7828 = CARTESIAN_POINT('',(1.775,-2.45,0.825));
#7829 = CARTESIAN_POINT('',(1.775,-2.45,1.025));
#7830 = ORIENTED_EDGE('',*,*,#7831,.F.);
#7831 = EDGE_CURVE('',#7780,#7825,#7832,.T.);
#7832 = LINE('',#7833,#7834);
#7833 = CARTESIAN_POINT('',(1.95,-2.275,1.025));
#7834 = VECTOR('',#7835,1.);
#7835 = DIRECTION('',(-0.707106781187,-0.707106781187,0.));
#7836 = ORIENTED_EDGE('',*,*,#7779,.F.);
#7837 = PLANE('',#7838);
#7838 = AXIS2_PLACEMENT_3D('',#7839,#7840,#7841);
#7839 = CARTESIAN_POINT('',(1.95,-2.275,1.025));
#7840 = DIRECTION('',(-0.707106781187,0.707106781187,0.));
#7841 = DIRECTION('',(-0.707106781187,-0.707106781187,0.));
#7842 = ADVANCED_FACE('',(#7843),#7854,.F.);
#7843 = FACE_BOUND('',#7844,.F.);
#7844 = EDGE_LOOP('',(#7845,#7846,#7847,#7853));
#7845 = ORIENTED_EDGE('',*,*,#7130,.T.);
#7846 = ORIENTED_EDGE('',*,*,#7810,.T.);
#7847 = ORIENTED_EDGE('',*,*,#7848,.F.);
#7848 = EDGE_CURVE('',#7825,#7803,#7849,.T.);
#7849 = LINE('',#7850,#7851);
#7850 = CARTESIAN_POINT('',(1.775,-2.45,1.025));
#7851 = VECTOR('',#7852,1.);
#7852 = DIRECTION('',(-1.,-1.110223024625E-16,0.));
#7853 = ORIENTED_EDGE('',*,*,#7824,.F.);
#7854 = PLANE('',#7855);
#7855 = AXIS2_PLACEMENT_3D('',#7856,#7857,#7858);
#7856 = CARTESIAN_POINT('',(1.775,-2.45,1.025));
#7857 = DIRECTION('',(-1.110223024625E-16,1.,0.));
#7858 = DIRECTION('',(-1.,-1.110223024625E-16,0.));
#7859 = ADVANCED_FACE('',(#7860),#7899,.F.);
#7860 = FACE_BOUND('',#7861,.F.);
#7861 = EDGE_LOOP('',(#7862,#7870,#7878,#7884,#7885,#7893));
#7862 = ORIENTED_EDGE('',*,*,#7863,.F.);
#7863 = EDGE_CURVE('',#7864,#7467,#7866,.T.);
#7864 = VERTEX_POINT('',#7865);
#7865 = CARTESIAN_POINT('',(-2.25,1.7,1.025));
#7866 = LINE('',#7867,#7868);
#7867 = CARTESIAN_POINT('',(-2.25,1.7,1.025));
#7868 = VECTOR('',#7869,1.);
#7869 = DIRECTION('',(1.,-1.144237745222E-17,0.));
#7870 = ORIENTED_EDGE('',*,*,#7871,.T.);
#7871 = EDGE_CURVE('',#7864,#7872,#7874,.T.);
#7872 = VERTEX_POINT('',#7873);
#7873 = CARTESIAN_POINT('',(-2.25,2.11,1.025));
#7874 = LINE('',#7875,#7876);
#7875 = CARTESIAN_POINT('',(-2.25,1.7,1.025));
#7876 = VECTOR('',#7877,1.);
#7877 = DIRECTION('',(1.144237745222E-17,1.,0.));
#7878 = ORIENTED_EDGE('',*,*,#7879,.T.);
#7879 = EDGE_CURVE('',#7872,#7235,#7880,.T.);
#7880 = LINE('',#7881,#7882);
#7881 = CARTESIAN_POINT('',(-2.25,2.11,1.025));
#7882 = VECTOR('',#7883,1.);
#7883 = DIRECTION('',(1.,-1.144237745222E-17,0.));
#7884 = ORIENTED_EDGE('',*,*,#7234,.T.);
#7885 = ORIENTED_EDGE('',*,*,#7886,.F.);
#7886 = EDGE_CURVE('',#7887,#7227,#7889,.T.);
#7887 = VERTEX_POINT('',#7888);
#7888 = CARTESIAN_POINT('',(-1.875,1.7,1.025));
#7889 = LINE('',#7890,#7891);
#7890 = CARTESIAN_POINT('',(-1.875,-2.2375,1.025));
#7891 = VECTOR('',#7892,1.);
#7892 = DIRECTION('',(-1.110223024625E-16,1.,0.));
#7893 = ORIENTED_EDGE('',*,*,#7894,.F.);
#7894 = EDGE_CURVE('',#7467,#7887,#7895,.T.);
#7895 = LINE('',#7896,#7897);
#7896 = CARTESIAN_POINT('',(-2.25,1.7,1.025));
#7897 = VECTOR('',#7898,1.);
#7898 = DIRECTION('',(1.,-1.144237745222E-17,0.));
#7899 = PLANE('',#7900);
#7900 = AXIS2_PLACEMENT_3D('',#7901,#7902,#7903);
#7901 = CARTESIAN_POINT('',(-2.25,1.7,1.025));
#7902 = DIRECTION('',(0.,0.,-1.));
#7903 = DIRECTION('',(1.,-1.144237745222E-17,0.));
#7904 = ADVANCED_FACE('',(#7905),#7985,.F.);
#7905 = FACE_BOUND('',#7906,.F.);
#7906 = EDGE_LOOP('',(#7907,#7917,#7925,#7933,#7941,#7949,#7957,#7963,
    #7964,#7965,#7972,#7980));
#7907 = ORIENTED_EDGE('',*,*,#7908,.T.);
#7908 = EDGE_CURVE('',#7909,#7911,#7913,.T.);
#7909 = VERTEX_POINT('',#7910);
#7910 = CARTESIAN_POINT('',(-1.875,-2.2375,1.025));
#7911 = VERTEX_POINT('',#7912);
#7912 = CARTESIAN_POINT('',(-1.875,-2.11,1.025));
#7913 = LINE('',#7914,#7915);
#7914 = CARTESIAN_POINT('',(-1.875,-2.2375,1.025));
#7915 = VECTOR('',#7916,1.);
#7916 = DIRECTION('',(-1.110223024625E-16,1.,0.));
#7917 = ORIENTED_EDGE('',*,*,#7918,.T.);
#7918 = EDGE_CURVE('',#7911,#7919,#7921,.T.);
#7919 = VERTEX_POINT('',#7920);
#7920 = CARTESIAN_POINT('',(-1.875,-1.7,1.025));
#7921 = LINE('',#7922,#7923);
#7922 = CARTESIAN_POINT('',(-1.875,-2.2375,1.025));
#7923 = VECTOR('',#7924,1.);
#7924 = DIRECTION('',(-1.110223024625E-16,1.,0.));
#7925 = ORIENTED_EDGE('',*,*,#7926,.T.);
#7926 = EDGE_CURVE('',#7919,#7927,#7929,.T.);
#7927 = VERTEX_POINT('',#7928);
#7928 = CARTESIAN_POINT('',(-1.875,-0.84,1.025));
#7929 = LINE('',#7930,#7931);
#7930 = CARTESIAN_POINT('',(-1.875,-2.2375,1.025));
#7931 = VECTOR('',#7932,1.);
#7932 = DIRECTION('',(-1.110223024625E-16,1.,0.));
#7933 = ORIENTED_EDGE('',*,*,#7934,.T.);
#7934 = EDGE_CURVE('',#7927,#7935,#7937,.T.);
#7935 = VERTEX_POINT('',#7936);
#7936 = CARTESIAN_POINT('',(-1.875,-0.43,1.025));
#7937 = LINE('',#7938,#7939);
#7938 = CARTESIAN_POINT('',(-1.875,-2.2375,1.025));
#7939 = VECTOR('',#7940,1.);
#7940 = DIRECTION('',(-1.110223024625E-16,1.,0.));
#7941 = ORIENTED_EDGE('',*,*,#7942,.T.);
#7942 = EDGE_CURVE('',#7935,#7943,#7945,.T.);
#7943 = VERTEX_POINT('',#7944);
#7944 = CARTESIAN_POINT('',(-1.875,0.43,1.025));
#7945 = LINE('',#7946,#7947);
#7946 = CARTESIAN_POINT('',(-1.875,-2.2375,1.025));
#7947 = VECTOR('',#7948,1.);
#7948 = DIRECTION('',(-1.110223024625E-16,1.,0.));
#7949 = ORIENTED_EDGE('',*,*,#7950,.T.);
#7950 = EDGE_CURVE('',#7943,#7951,#7953,.T.);
#7951 = VERTEX_POINT('',#7952);
#7952 = CARTESIAN_POINT('',(-1.875,0.84,1.025));
#7953 = LINE('',#7954,#7955);
#7954 = CARTESIAN_POINT('',(-1.875,-2.2375,1.025));
#7955 = VECTOR('',#7956,1.);
#7956 = DIRECTION('',(-1.110223024625E-16,1.,0.));
#7957 = ORIENTED_EDGE('',*,*,#7958,.T.);
#7958 = EDGE_CURVE('',#7951,#7887,#7959,.T.);
#7959 = LINE('',#7960,#7961);
#7960 = CARTESIAN_POINT('',(-1.875,-2.2375,1.025));
#7961 = VECTOR('',#7962,1.);
#7962 = DIRECTION('',(-1.110223024625E-16,1.,0.));
#7963 = ORIENTED_EDGE('',*,*,#7886,.T.);
#7964 = ORIENTED_EDGE('',*,*,#7226,.T.);
#7965 = ORIENTED_EDGE('',*,*,#7966,.T.);
#7966 = EDGE_CURVE('',#7219,#7967,#7969,.T.);
#7967 = VERTEX_POINT('',#7968);
#7968 = CARTESIAN_POINT('',(-1.760171280765,2.180085640382,1.75));
#7969 = B_SPLINE_CURVE_WITH_KNOTS('',1,(#7970,#7971),.UNSPECIFIED.,.F.,
  .F.,(2,2),(0.,1.),.PIECEWISE_BEZIER_KNOTS.);
#7970 = CARTESIAN_POINT('',(-1.875,2.2375,1.025));
#7971 = CARTESIAN_POINT('',(-1.760171280765,2.180085640382,1.75));
#7972 = ORIENTED_EDGE('',*,*,#7973,.F.);
#7973 = EDGE_CURVE('',#7974,#7967,#7976,.T.);
#7974 = VERTEX_POINT('',#7975);
#7975 = CARTESIAN_POINT('',(-1.760171280765,-2.180085640382,1.75));
#7976 = LINE('',#7977,#7978);
#7977 = CARTESIAN_POINT('',(-1.760171280765,-2.180085640382,1.75));
#7978 = VECTOR('',#7979,1.);
#7979 = DIRECTION('',(-1.110223024625E-16,1.,0.));
#7980 = ORIENTED_EDGE('',*,*,#7981,.F.);
#7981 = EDGE_CURVE('',#7909,#7974,#7982,.T.);
#7982 = B_SPLINE_CURVE_WITH_KNOTS('',1,(#7983,#7984),.UNSPECIFIED.,.F.,
  .F.,(2,2),(0.,1.),.PIECEWISE_BEZIER_KNOTS.);
#7983 = CARTESIAN_POINT('',(-1.875,-2.2375,1.025));
#7984 = CARTESIAN_POINT('',(-1.760171280765,-2.180085640382,1.75));
#7985 = B_SPLINE_SURFACE_WITH_KNOTS('',1,1,(
    (#7986,#7987)
    ,(#7988,#7989
    )),.UNSPECIFIED.,.F.,.F.,.F.,(2,2),(2,2),(0.,4.475),(0.,1.),
  .PIECEWISE_BEZIER_KNOTS.);
#7986 = CARTESIAN_POINT('',(-1.875,-2.2375,1.025));
#7987 = CARTESIAN_POINT('',(-1.760171280765,-2.180085640382,1.75));
#7988 = CARTESIAN_POINT('',(-1.875,2.2375,1.025));
#7989 = CARTESIAN_POINT('',(-1.760171280765,2.180085640382,1.75));
#7990 = ADVANCED_FACE('',(#7991),#8008,.F.);
#7991 = FACE_BOUND('',#7992,.F.);
#7992 = EDGE_LOOP('',(#7993,#7994,#8001,#8007));
#7993 = ORIENTED_EDGE('',*,*,#7218,.T.);
#7994 = ORIENTED_EDGE('',*,*,#7995,.T.);
#7995 = EDGE_CURVE('',#7211,#7996,#7998,.T.);
#7996 = VERTEX_POINT('',#7997);
#7997 = CARTESIAN_POINT('',(-1.680085640382,2.260171280765,1.75));
#7998 = B_SPLINE_CURVE_WITH_KNOTS('',1,(#7999,#8000),.UNSPECIFIED.,.F.,
  .F.,(2,2),(0.,1.),.PIECEWISE_BEZIER_KNOTS.);
#7999 = CARTESIAN_POINT('',(-1.7375,2.375,1.025));
#8000 = CARTESIAN_POINT('',(-1.680085640382,2.260171280765,1.75));
#8001 = ORIENTED_EDGE('',*,*,#8002,.F.);
#8002 = EDGE_CURVE('',#7967,#7996,#8003,.T.);
#8003 = LINE('',#8004,#8005);
#8004 = CARTESIAN_POINT('',(-1.760171280765,2.180085640382,1.75));
#8005 = VECTOR('',#8006,1.);
#8006 = DIRECTION('',(0.707106781187,0.707106781187,0.));
#8007 = ORIENTED_EDGE('',*,*,#7966,.F.);
#8008 = B_SPLINE_SURFACE_WITH_KNOTS('',1,1,(
    (#8009,#8010)
    ,(#8011,#8012
    )),.UNSPECIFIED.,.F.,.F.,.F.,(2,2),(2,2),(0.,0.194454364826),(0.,1.)
  ,.PIECEWISE_BEZIER_KNOTS.);
#8009 = CARTESIAN_POINT('',(-1.875,2.2375,1.025));
#8010 = CARTESIAN_POINT('',(-1.760171280765,2.180085640382,1.75));
#8011 = CARTESIAN_POINT('',(-1.7375,2.375,1.025));
#8012 = CARTESIAN_POINT('',(-1.680085640382,2.260171280765,1.75));
#8013 = ADVANCED_FACE('',(#8014),#8031,.F.);
#8014 = FACE_BOUND('',#8015,.F.);
#8015 = EDGE_LOOP('',(#8016,#8017,#8024,#8030));
#8016 = ORIENTED_EDGE('',*,*,#7210,.T.);
#8017 = ORIENTED_EDGE('',*,*,#8018,.T.);
#8018 = EDGE_CURVE('',#7203,#8019,#8021,.T.);
#8019 = VERTEX_POINT('',#8020);
#8020 = CARTESIAN_POINT('',(1.680085640382,2.260171280765,1.75));
#8021 = B_SPLINE_CURVE_WITH_KNOTS('',1,(#8022,#8023),.UNSPECIFIED.,.F.,
  .F.,(2,2),(0.,1.),.PIECEWISE_BEZIER_KNOTS.);
#8022 = CARTESIAN_POINT('',(1.7375,2.375,1.025));
#8023 = CARTESIAN_POINT('',(1.680085640382,2.260171280765,1.75));
#8024 = ORIENTED_EDGE('',*,*,#8025,.F.);
#8025 = EDGE_CURVE('',#7996,#8019,#8026,.T.);
#8026 = LINE('',#8027,#8028);
#8027 = CARTESIAN_POINT('',(-1.680085640382,2.260171280765,1.75));
#8028 = VECTOR('',#8029,1.);
#8029 = DIRECTION('',(1.,1.110223024625E-16,0.));
#8030 = ORIENTED_EDGE('',*,*,#7995,.F.);
#8031 = B_SPLINE_SURFACE_WITH_KNOTS('',1,1,(
    (#8032,#8033)
    ,(#8034,#8035
    )),.UNSPECIFIED.,.F.,.F.,.F.,(2,2),(2,2),(0.,3.475),(0.,1.),
  .PIECEWISE_BEZIER_KNOTS.);
#8032 = CARTESIAN_POINT('',(-1.7375,2.375,1.025));
#8033 = CARTESIAN_POINT('',(-1.680085640382,2.260171280765,1.75));
#8034 = CARTESIAN_POINT('',(1.7375,2.375,1.025));
#8035 = CARTESIAN_POINT('',(1.680085640382,2.260171280765,1.75));
#8036 = ADVANCED_FACE('',(#8037),#8054,.F.);
#8037 = FACE_BOUND('',#8038,.F.);
#8038 = EDGE_LOOP('',(#8039,#8040,#8047,#8053));
#8039 = ORIENTED_EDGE('',*,*,#7202,.T.);
#8040 = ORIENTED_EDGE('',*,*,#8041,.T.);
#8041 = EDGE_CURVE('',#7195,#8042,#8044,.T.);
#8042 = VERTEX_POINT('',#8043);
#8043 = CARTESIAN_POINT('',(1.760171280765,2.180085640382,1.75));
#8044 = B_SPLINE_CURVE_WITH_KNOTS('',1,(#8045,#8046),.UNSPECIFIED.,.F.,
  .F.,(2,2),(0.,1.),.PIECEWISE_BEZIER_KNOTS.);
#8045 = CARTESIAN_POINT('',(1.875,2.2375,1.025));
#8046 = CARTESIAN_POINT('',(1.760171280765,2.180085640382,1.75));
#8047 = ORIENTED_EDGE('',*,*,#8048,.F.);
#8048 = EDGE_CURVE('',#8019,#8042,#8049,.T.);
#8049 = LINE('',#8050,#8051);
#8050 = CARTESIAN_POINT('',(1.680085640382,2.260171280765,1.75));
#8051 = VECTOR('',#8052,1.);
#8052 = DIRECTION('',(0.707106781187,-0.707106781187,0.));
#8053 = ORIENTED_EDGE('',*,*,#8018,.F.);
#8054 = B_SPLINE_SURFACE_WITH_KNOTS('',1,1,(
    (#8055,#8056)
    ,(#8057,#8058
    )),.UNSPECIFIED.,.F.,.F.,.F.,(2,2),(2,2),(0.,0.194454364826),(0.,1.)
  ,.PIECEWISE_BEZIER_KNOTS.);
#8055 = CARTESIAN_POINT('',(1.7375,2.375,1.025));
#8056 = CARTESIAN_POINT('',(1.680085640382,2.260171280765,1.75));
#8057 = CARTESIAN_POINT('',(1.875,2.2375,1.025));
#8058 = CARTESIAN_POINT('',(1.760171280765,2.180085640382,1.75));
#8059 = ADVANCED_FACE('',(#8060),#8141,.F.);
#8060 = FACE_BOUND('',#8061,.F.);
#8061 = EDGE_LOOP('',(#8062,#8063,#8071,#8079,#8087,#8095,#8103,#8111,
    #8119,#8127,#8134,#8140));
#8062 = ORIENTED_EDGE('',*,*,#7194,.T.);
#8063 = ORIENTED_EDGE('',*,*,#8064,.T.);
#8064 = EDGE_CURVE('',#7187,#8065,#8067,.T.);
#8065 = VERTEX_POINT('',#8066);
#8066 = CARTESIAN_POINT('',(1.875,1.7,1.025));
#8067 = LINE('',#8068,#8069);
#8068 = CARTESIAN_POINT('',(1.875,2.2375,1.025));
#8069 = VECTOR('',#8070,1.);
#8070 = DIRECTION('',(1.110223024625E-16,-1.,0.));
#8071 = ORIENTED_EDGE('',*,*,#8072,.T.);
#8072 = EDGE_CURVE('',#8065,#8073,#8075,.T.);
#8073 = VERTEX_POINT('',#8074);
#8074 = CARTESIAN_POINT('',(1.875,0.84,1.025));
#8075 = LINE('',#8076,#8077);
#8076 = CARTESIAN_POINT('',(1.875,2.2375,1.025));
#8077 = VECTOR('',#8078,1.);
#8078 = DIRECTION('',(1.110223024625E-16,-1.,0.));
#8079 = ORIENTED_EDGE('',*,*,#8080,.T.);
#8080 = EDGE_CURVE('',#8073,#8081,#8083,.T.);
#8081 = VERTEX_POINT('',#8082);
#8082 = CARTESIAN_POINT('',(1.875,0.43,1.025));
#8083 = LINE('',#8084,#8085);
#8084 = CARTESIAN_POINT('',(1.875,2.2375,1.025));
#8085 = VECTOR('',#8086,1.);
#8086 = DIRECTION('',(1.110223024625E-16,-1.,0.));
#8087 = ORIENTED_EDGE('',*,*,#8088,.T.);
#8088 = EDGE_CURVE('',#8081,#8089,#8091,.T.);
#8089 = VERTEX_POINT('',#8090);
#8090 = CARTESIAN_POINT('',(1.875,-0.43,1.025));
#8091 = LINE('',#8092,#8093);
#8092 = CARTESIAN_POINT('',(1.875,2.2375,1.025));
#8093 = VECTOR('',#8094,1.);
#8094 = DIRECTION('',(1.110223024625E-16,-1.,0.));
#8095 = ORIENTED_EDGE('',*,*,#8096,.T.);
#8096 = EDGE_CURVE('',#8089,#8097,#8099,.T.);
#8097 = VERTEX_POINT('',#8098);
#8098 = CARTESIAN_POINT('',(1.875,-0.84,1.025));
#8099 = LINE('',#8100,#8101);
#8100 = CARTESIAN_POINT('',(1.875,2.2375,1.025));
#8101 = VECTOR('',#8102,1.);
#8102 = DIRECTION('',(1.110223024625E-16,-1.,0.));
#8103 = ORIENTED_EDGE('',*,*,#8104,.T.);
#8104 = EDGE_CURVE('',#8097,#8105,#8107,.T.);
#8105 = VERTEX_POINT('',#8106);
#8106 = CARTESIAN_POINT('',(1.875,-1.7,1.025));
#8107 = LINE('',#8108,#8109);
#8108 = CARTESIAN_POINT('',(1.875,2.2375,1.025));
#8109 = VECTOR('',#8110,1.);
#8110 = DIRECTION('',(1.110223024625E-16,-1.,0.));
#8111 = ORIENTED_EDGE('',*,*,#8112,.T.);
#8112 = EDGE_CURVE('',#8105,#8113,#8115,.T.);
#8113 = VERTEX_POINT('',#8114);
#8114 = CARTESIAN_POINT('',(1.875,-2.11,1.025));
#8115 = LINE('',#8116,#8117);
#8116 = CARTESIAN_POINT('',(1.875,2.2375,1.025));
#8117 = VECTOR('',#8118,1.);
#8118 = DIRECTION('',(1.110223024625E-16,-1.,0.));
#8119 = ORIENTED_EDGE('',*,*,#8120,.T.);
#8120 = EDGE_CURVE('',#8113,#8121,#8123,.T.);
#8121 = VERTEX_POINT('',#8122);
#8122 = CARTESIAN_POINT('',(1.875,-2.2375,1.025));
#8123 = LINE('',#8124,#8125);
#8124 = CARTESIAN_POINT('',(1.875,2.2375,1.025));
#8125 = VECTOR('',#8126,1.);
#8126 = DIRECTION('',(1.110223024625E-16,-1.,0.));
#8127 = ORIENTED_EDGE('',*,*,#8128,.T.);
#8128 = EDGE_CURVE('',#8121,#8129,#8131,.T.);
#8129 = VERTEX_POINT('',#8130);
#8130 = CARTESIAN_POINT('',(1.760171280765,-2.180085640382,1.75));
#8131 = B_SPLINE_CURVE_WITH_KNOTS('',1,(#8132,#8133),.UNSPECIFIED.,.F.,
  .F.,(2,2),(0.,1.),.PIECEWISE_BEZIER_KNOTS.);
#8132 = CARTESIAN_POINT('',(1.875,-2.2375,1.025));
#8133 = CARTESIAN_POINT('',(1.760171280765,-2.180085640382,1.75));
#8134 = ORIENTED_EDGE('',*,*,#8135,.F.);
#8135 = EDGE_CURVE('',#8042,#8129,#8136,.T.);
#8136 = LINE('',#8137,#8138);
#8137 = CARTESIAN_POINT('',(1.760171280765,2.180085640382,1.75));
#8138 = VECTOR('',#8139,1.);
#8139 = DIRECTION('',(1.110223024625E-16,-1.,0.));
#8140 = ORIENTED_EDGE('',*,*,#8041,.F.);
#8141 = B_SPLINE_SURFACE_WITH_KNOTS('',1,1,(
    (#8142,#8143)
    ,(#8144,#8145
    )),.UNSPECIFIED.,.F.,.F.,.F.,(2,2),(2,2),(0.,4.475),(0.,1.),
  .PIECEWISE_BEZIER_KNOTS.);
#8142 = CARTESIAN_POINT('',(1.875,2.2375,1.025));
#8143 = CARTESIAN_POINT('',(1.760171280765,2.180085640382,1.75));
#8144 = CARTESIAN_POINT('',(1.875,-2.2375,1.025));
#8145 = CARTESIAN_POINT('',(1.760171280765,-2.180085640382,1.75));
#8146 = ADVANCED_FACE('',(#8147),#8179,.F.);
#8147 = FACE_BOUND('',#8148,.F.);
#8148 = EDGE_LOOP('',(#8149,#8157,#8165,#8171,#8177,#8178));
#8149 = ORIENTED_EDGE('',*,*,#8150,.F.);
#8150 = EDGE_CURVE('',#8151,#7179,#8153,.T.);
#8151 = VERTEX_POINT('',#8152);
#8152 = CARTESIAN_POINT('',(2.25,2.11,1.025));
#8153 = LINE('',#8154,#8155);
#8154 = CARTESIAN_POINT('',(2.25,2.11,1.025));
#8155 = VECTOR('',#8156,1.);
#8156 = DIRECTION('',(-1.,-1.110223024625E-16,0.));
#8157 = ORIENTED_EDGE('',*,*,#8158,.T.);
#8158 = EDGE_CURVE('',#8151,#8159,#8161,.T.);
#8159 = VERTEX_POINT('',#8160);
#8160 = CARTESIAN_POINT('',(2.25,1.7,1.025));
#8161 = LINE('',#8162,#8163);
#8162 = CARTESIAN_POINT('',(2.25,2.11,1.025));
#8163 = VECTOR('',#8164,1.);
#8164 = DIRECTION('',(1.110223024625E-16,-1.,0.));
#8165 = ORIENTED_EDGE('',*,*,#8166,.T.);
#8166 = EDGE_CURVE('',#8159,#7585,#8167,.T.);
#8167 = LINE('',#8168,#8169);
#8168 = CARTESIAN_POINT('',(2.25,1.7,1.025));
#8169 = VECTOR('',#8170,1.);
#8170 = DIRECTION('',(-1.,-1.110223024625E-16,0.));
#8171 = ORIENTED_EDGE('',*,*,#8172,.T.);
#8172 = EDGE_CURVE('',#7585,#8065,#8173,.T.);
#8173 = LINE('',#8174,#8175);
#8174 = CARTESIAN_POINT('',(2.25,1.7,1.025));
#8175 = VECTOR('',#8176,1.);
#8176 = DIRECTION('',(-1.,-1.110223024625E-16,0.));
#8177 = ORIENTED_EDGE('',*,*,#8064,.F.);
#8178 = ORIENTED_EDGE('',*,*,#7186,.F.);
#8179 = PLANE('',#8180);
#8180 = AXIS2_PLACEMENT_3D('',#8181,#8182,#8183);
#8181 = CARTESIAN_POINT('',(2.25,2.11,1.025));
#8182 = DIRECTION('',(0.,0.,-1.));
#8183 = DIRECTION('',(-1.,-1.110223024625E-16,-0.));
#8184 = ADVANCED_FACE('',(#8185),#8228,.F.);
#8185 = FACE_BOUND('',#8186,.F.);
#8186 = EDGE_LOOP('',(#8187,#8188,#8194,#8195,#8203,#8211,#8217,#8218,
    #8224,#8225,#8226,#8227));
#8187 = ORIENTED_EDGE('',*,*,#7288,.T.);
#8188 = ORIENTED_EDGE('',*,*,#8189,.T.);
#8189 = EDGE_CURVE('',#7281,#7911,#8190,.T.);
#8190 = LINE('',#8191,#8192);
#8191 = CARTESIAN_POINT('',(-2.25,-2.11,1.025));
#8192 = VECTOR('',#8193,1.);
#8193 = DIRECTION('',(1.,-1.144237745222E-17,0.));
#8194 = ORIENTED_EDGE('',*,*,#7908,.F.);
#8195 = ORIENTED_EDGE('',*,*,#8196,.F.);
#8196 = EDGE_CURVE('',#8197,#7909,#8199,.T.);
#8197 = VERTEX_POINT('',#8198);
#8198 = CARTESIAN_POINT('',(-1.7375,-2.375,1.025));
#8199 = LINE('',#8200,#8201);
#8200 = CARTESIAN_POINT('',(-1.7375,-2.375,1.025));
#8201 = VECTOR('',#8202,1.);
#8202 = DIRECTION('',(-0.707106781187,0.707106781187,0.));
#8203 = ORIENTED_EDGE('',*,*,#8204,.F.);
#8204 = EDGE_CURVE('',#8205,#8197,#8207,.T.);
#8205 = VERTEX_POINT('',#8206);
#8206 = CARTESIAN_POINT('',(1.7375,-2.375,1.025));
#8207 = LINE('',#8208,#8209);
#8208 = CARTESIAN_POINT('',(1.7375,-2.375,1.025));
#8209 = VECTOR('',#8210,1.);
#8210 = DIRECTION('',(-1.,-1.110223024625E-16,0.));
#8211 = ORIENTED_EDGE('',*,*,#8212,.F.);
#8212 = EDGE_CURVE('',#8121,#8205,#8213,.T.);
#8213 = LINE('',#8214,#8215);
#8214 = CARTESIAN_POINT('',(1.875,-2.2375,1.025));
#8215 = VECTOR('',#8216,1.);
#8216 = DIRECTION('',(-0.707106781187,-0.707106781187,0.));
#8217 = ORIENTED_EDGE('',*,*,#8120,.F.);
#8218 = ORIENTED_EDGE('',*,*,#8219,.F.);
#8219 = EDGE_CURVE('',#7771,#8113,#8220,.T.);
#8220 = LINE('',#8221,#8222);
#8221 = CARTESIAN_POINT('',(2.25,-2.11,1.025));
#8222 = VECTOR('',#8223,1.);
#8223 = DIRECTION('',(-1.,-1.110223024625E-16,0.));
#8224 = ORIENTED_EDGE('',*,*,#7786,.T.);
#8225 = ORIENTED_EDGE('',*,*,#7831,.T.);
#8226 = ORIENTED_EDGE('',*,*,#7848,.T.);
#8227 = ORIENTED_EDGE('',*,*,#7802,.T.);
#8228 = PLANE('',#8229);
#8229 = AXIS2_PLACEMENT_3D('',#8230,#8231,#8232);
#8230 = CARTESIAN_POINT('',(-3.027078129022E-16,2.4125,1.025));
#8231 = DIRECTION('',(2.007919022429E-31,-7.713306628828E-27,-1.));
#8232 = DIRECTION('',(1.,1.112083013911E-16,2.00791902242E-31));
#8233 = ADVANCED_FACE('',(#8234),#8320,.F.);
#8234 = FACE_BOUND('',#8235,.F.);
#8235 = EDGE_LOOP('',(#8236,#8237,#8238,#8247,#8255,#8264,#8272,#8280,
    #8288,#8297,#8305,#8314));
#8236 = ORIENTED_EDGE('',*,*,#7280,.F.);
#8237 = ORIENTED_EDGE('',*,*,#7302,.T.);
#8238 = ORIENTED_EDGE('',*,*,#8239,.T.);
#8239 = EDGE_CURVE('',#7303,#8240,#8242,.T.);
#8240 = VERTEX_POINT('',#8241);
#8241 = CARTESIAN_POINT('',(-2.348480775301,-2.11,0.742364817767));
#8242 = CIRCLE('',#8243,0.1);
#8243 = AXIS2_PLACEMENT_3D('',#8244,#8245,#8246);
#8244 = CARTESIAN_POINT('',(-2.25,-2.11,0.725));
#8245 = DIRECTION('',(-1.144237745222E-17,-1.,3.284293275761E-47));
#8246 = DIRECTION('',(-4.440892098501E-15,5.081436361563E-32,1.));
#8247 = ORIENTED_EDGE('',*,*,#8248,.T.);
#8248 = EDGE_CURVE('',#8240,#8249,#8251,.T.);
#8249 = VERTEX_POINT('',#8250);
#8250 = CARTESIAN_POINT('',(-2.429496640897,-2.11,0.2479055467));
#8251 = LINE('',#8252,#8253);
#8252 = CARTESIAN_POINT('',(-2.348480775301,-2.11,0.742364817767));
#8253 = VECTOR('',#8254,1.);
#8254 = DIRECTION('',(-0.161691392282,1.85013394127E-18,-0.986841372087)
  );
#8255 = ORIENTED_EDGE('',*,*,#8256,.T.);
#8256 = EDGE_CURVE('',#8249,#8257,#8259,.T.);
#8257 = VERTEX_POINT('',#8258);
#8258 = CARTESIAN_POINT('',(-2.724938966801,-2.11,-1.665334536938E-16));
#8259 = CIRCLE('',#8260,0.3);
#8260 = AXIS2_PLACEMENT_3D('',#8261,#8262,#8263);
#8261 = CARTESIAN_POINT('',(-2.724938966801,-2.11,0.3));
#8262 = DIRECTION('',(1.144237745222E-17,1.,7.703719777549E-34));
#8263 = DIRECTION('',(0.984807753012,-1.126854202784E-17,-0.173648177667
    ));
#8264 = ORIENTED_EDGE('',*,*,#8265,.T.);
#8265 = EDGE_CURVE('',#8257,#8266,#8268,.T.);
#8266 = VERTEX_POINT('',#8267);
#8267 = CARTESIAN_POINT('',(-3.,-2.11,-1.665334536938E-16));
#8268 = LINE('',#8269,#8270);
#8269 = CARTESIAN_POINT('',(-2.724938966801,-2.11,-1.665334536938E-16));
#8270 = VECTOR('',#8271,1.);
#8271 = DIRECTION('',(-1.,1.144237745222E-17,0.));
#8272 = ORIENTED_EDGE('',*,*,#8273,.T.);
#8273 = EDGE_CURVE('',#8266,#8274,#8276,.T.);
#8274 = VERTEX_POINT('',#8275);
#8275 = CARTESIAN_POINT('',(-3.,-2.11,0.2));
#8276 = LINE('',#8277,#8278);
#8277 = CARTESIAN_POINT('',(-3.,-2.11,-1.665334536938E-16));
#8278 = VECTOR('',#8279,1.);
#8279 = DIRECTION('',(0.,0.,1.));
#8280 = ORIENTED_EDGE('',*,*,#8281,.T.);
#8281 = EDGE_CURVE('',#8274,#8282,#8284,.T.);
#8282 = VERTEX_POINT('',#8283);
#8283 = CARTESIAN_POINT('',(-2.724938966801,-2.11,0.2));
#8284 = LINE('',#8285,#8286);
#8285 = CARTESIAN_POINT('',(-3.,-2.11,0.2));
#8286 = VECTOR('',#8287,1.);
#8287 = DIRECTION('',(1.,-1.144237745222E-17,0.));
#8288 = ORIENTED_EDGE('',*,*,#8289,.T.);
#8289 = EDGE_CURVE('',#8282,#8290,#8292,.T.);
#8290 = VERTEX_POINT('',#8291);
#8291 = CARTESIAN_POINT('',(-2.6264581915,-2.11,0.282635182233));
#8292 = CIRCLE('',#8293,0.1);
#8293 = AXIS2_PLACEMENT_3D('',#8294,#8295,#8296);
#8294 = CARTESIAN_POINT('',(-2.724938966801,-2.11,0.3));
#8295 = DIRECTION('',(-1.144237745222E-17,-1.,-0.));
#8296 = DIRECTION('',(0.,0.,-1.));
#8297 = ORIENTED_EDGE('',*,*,#8298,.T.);
#8298 = EDGE_CURVE('',#8290,#8299,#8301,.T.);
#8299 = VERTEX_POINT('',#8300);
#8300 = CARTESIAN_POINT('',(-2.545442325904,-2.11,0.7770944533));
#8301 = LINE('',#8302,#8303);
#8302 = CARTESIAN_POINT('',(-2.6264581915,-2.11,0.282635182233));
#8303 = VECTOR('',#8304,1.);
#8304 = DIRECTION('',(0.161691392282,-1.85013394127E-18,0.986841372087)
  );
#8305 = ORIENTED_EDGE('',*,*,#8306,.T.);
#8306 = EDGE_CURVE('',#8299,#8307,#8309,.T.);
#8307 = VERTEX_POINT('',#8308);
#8308 = CARTESIAN_POINT('',(-2.25,-2.11,1.025));
#8309 = CIRCLE('',#8310,0.3);
#8310 = AXIS2_PLACEMENT_3D('',#8311,#8312,#8313);
#8311 = CARTESIAN_POINT('',(-2.25,-2.11,0.725));
#8312 = DIRECTION('',(1.144237745222E-17,1.,7.703719777549E-34));
#8313 = DIRECTION('',(-0.984807753012,1.126854202784E-17,0.173648177667)
  );
#8314 = ORIENTED_EDGE('',*,*,#8315,.T.);
#8315 = EDGE_CURVE('',#8307,#7281,#8316,.T.);
#8316 = LINE('',#8317,#8318);
#8317 = CARTESIAN_POINT('',(-2.25,-2.11,1.025));
#8318 = VECTOR('',#8319,1.);
#8319 = DIRECTION('',(1.,-1.144237745222E-17,0.));
#8320 = PLANE('',#8321);
#8321 = AXIS2_PLACEMENT_3D('',#8322,#8323,#8324);
#8322 = CARTESIAN_POINT('',(-2.42560961319,-2.11,0.548953137803));
#8323 = DIRECTION('',(1.144237745222E-17,1.,0.));
#8324 = DIRECTION('',(0.,-0.,1.));
#8325 = ADVANCED_FACE('',(#8326),#8345,.F.);
#8326 = FACE_BOUND('',#8327,.F.);
#8327 = EDGE_LOOP('',(#8328,#8329,#8338,#8344));
#8328 = ORIENTED_EDGE('',*,*,#7319,.T.);
#8329 = ORIENTED_EDGE('',*,*,#8330,.T.);
#8330 = EDGE_CURVE('',#7312,#8331,#8333,.T.);
#8331 = VERTEX_POINT('',#8332);
#8332 = CARTESIAN_POINT('',(-2.348480775301,-1.7,0.742364817767));
#8333 = CIRCLE('',#8334,0.1);
#8334 = AXIS2_PLACEMENT_3D('',#8335,#8336,#8337);
#8335 = CARTESIAN_POINT('',(-2.25,-1.7,0.725));
#8336 = DIRECTION('',(-1.144237745222E-17,-1.,3.284293275761E-47));
#8337 = DIRECTION('',(-4.440892098501E-15,5.081436361563E-32,1.));
#8338 = ORIENTED_EDGE('',*,*,#8339,.F.);
#8339 = EDGE_CURVE('',#8240,#8331,#8340,.T.);
#8340 = LINE('',#8341,#8342);
#8341 = CARTESIAN_POINT('',(-2.348480775301,-2.11,0.742364817767));
#8342 = VECTOR('',#8343,1.);
#8343 = DIRECTION('',(1.144237745222E-17,1.,0.));
#8344 = ORIENTED_EDGE('',*,*,#8239,.F.);
#8345 = CYLINDRICAL_SURFACE('',#8346,0.1);
#8346 = AXIS2_PLACEMENT_3D('',#8347,#8348,#8349);
#8347 = CARTESIAN_POINT('',(-2.25,-2.11,0.725));
#8348 = DIRECTION('',(-1.144237745222E-17,-1.,0.));
#8349 = DIRECTION('',(-4.440892098501E-15,5.081436361563E-32,1.));
#8350 = ADVANCED_FACE('',(#8351),#8429,.T.);
#8351 = FACE_BOUND('',#8352,.T.);
#8352 = EDGE_LOOP('',(#8353,#8354,#8355,#8356,#8364,#8373,#8381,#8389,
    #8397,#8406,#8414,#8423));
#8353 = ORIENTED_EDGE('',*,*,#7333,.F.);
#8354 = ORIENTED_EDGE('',*,*,#7311,.T.);
#8355 = ORIENTED_EDGE('',*,*,#8330,.T.);
#8356 = ORIENTED_EDGE('',*,*,#8357,.T.);
#8357 = EDGE_CURVE('',#8331,#8358,#8360,.T.);
#8358 = VERTEX_POINT('',#8359);
#8359 = CARTESIAN_POINT('',(-2.429496640897,-1.7,0.2479055467));
#8360 = LINE('',#8361,#8362);
#8361 = CARTESIAN_POINT('',(-2.348480775301,-1.7,0.742364817767));
#8362 = VECTOR('',#8363,1.);
#8363 = DIRECTION('',(-0.161691392282,1.85013394127E-18,-0.986841372087)
  );
#8364 = ORIENTED_EDGE('',*,*,#8365,.T.);
#8365 = EDGE_CURVE('',#8358,#8366,#8368,.T.);
#8366 = VERTEX_POINT('',#8367);
#8367 = CARTESIAN_POINT('',(-2.724938966801,-1.7,-1.665334536938E-16));
#8368 = CIRCLE('',#8369,0.3);
#8369 = AXIS2_PLACEMENT_3D('',#8370,#8371,#8372);
#8370 = CARTESIAN_POINT('',(-2.724938966801,-1.7,0.3));
#8371 = DIRECTION('',(1.144237745222E-17,1.,7.703719777549E-34));
#8372 = DIRECTION('',(0.984807753012,-1.126854202784E-17,-0.173648177667
    ));
#8373 = ORIENTED_EDGE('',*,*,#8374,.T.);
#8374 = EDGE_CURVE('',#8366,#8375,#8377,.T.);
#8375 = VERTEX_POINT('',#8376);
#8376 = CARTESIAN_POINT('',(-3.,-1.7,-1.665334536938E-16));
#8377 = LINE('',#8378,#8379);
#8378 = CARTESIAN_POINT('',(-2.724938966801,-1.7,-1.665334536938E-16));
#8379 = VECTOR('',#8380,1.);
#8380 = DIRECTION('',(-1.,1.144237745222E-17,0.));
#8381 = ORIENTED_EDGE('',*,*,#8382,.T.);
#8382 = EDGE_CURVE('',#8375,#8383,#8385,.T.);
#8383 = VERTEX_POINT('',#8384);
#8384 = CARTESIAN_POINT('',(-3.,-1.7,0.2));
#8385 = LINE('',#8386,#8387);
#8386 = CARTESIAN_POINT('',(-3.,-1.7,-1.665334536938E-16));
#8387 = VECTOR('',#8388,1.);
#8388 = DIRECTION('',(0.,0.,1.));
#8389 = ORIENTED_EDGE('',*,*,#8390,.T.);
#8390 = EDGE_CURVE('',#8383,#8391,#8393,.T.);
#8391 = VERTEX_POINT('',#8392);
#8392 = CARTESIAN_POINT('',(-2.724938966801,-1.7,0.2));
#8393 = LINE('',#8394,#8395);
#8394 = CARTESIAN_POINT('',(-3.,-1.7,0.2));
#8395 = VECTOR('',#8396,1.);
#8396 = DIRECTION('',(1.,-1.144237745222E-17,0.));
#8397 = ORIENTED_EDGE('',*,*,#8398,.T.);
#8398 = EDGE_CURVE('',#8391,#8399,#8401,.T.);
#8399 = VERTEX_POINT('',#8400);
#8400 = CARTESIAN_POINT('',(-2.6264581915,-1.7,0.282635182233));
#8401 = CIRCLE('',#8402,0.1);
#8402 = AXIS2_PLACEMENT_3D('',#8403,#8404,#8405);
#8403 = CARTESIAN_POINT('',(-2.724938966801,-1.7,0.3));
#8404 = DIRECTION('',(-1.144237745222E-17,-1.,-0.));
#8405 = DIRECTION('',(0.,0.,-1.));
#8406 = ORIENTED_EDGE('',*,*,#8407,.T.);
#8407 = EDGE_CURVE('',#8399,#8408,#8410,.T.);
#8408 = VERTEX_POINT('',#8409);
#8409 = CARTESIAN_POINT('',(-2.545442325904,-1.7,0.7770944533));
#8410 = LINE('',#8411,#8412);
#8411 = CARTESIAN_POINT('',(-2.6264581915,-1.7,0.282635182233));
#8412 = VECTOR('',#8413,1.);
#8413 = DIRECTION('',(0.161691392282,-1.85013394127E-18,0.986841372087)
  );
#8414 = ORIENTED_EDGE('',*,*,#8415,.T.);
#8415 = EDGE_CURVE('',#8408,#8416,#8418,.T.);
#8416 = VERTEX_POINT('',#8417);
#8417 = CARTESIAN_POINT('',(-2.25,-1.7,1.025));
#8418 = CIRCLE('',#8419,0.3);
#8419 = AXIS2_PLACEMENT_3D('',#8420,#8421,#8422);
#8420 = CARTESIAN_POINT('',(-2.25,-1.7,0.725));
#8421 = DIRECTION('',(1.144237745222E-17,1.,7.703719777549E-34));
#8422 = DIRECTION('',(-0.984807753012,1.126854202784E-17,0.173648177667)
  );
#8423 = ORIENTED_EDGE('',*,*,#8424,.T.);
#8424 = EDGE_CURVE('',#8416,#7334,#8425,.T.);
#8425 = LINE('',#8426,#8427);
#8426 = CARTESIAN_POINT('',(-2.25,-1.7,1.025));
#8427 = VECTOR('',#8428,1.);
#8428 = DIRECTION('',(1.,-1.144237745222E-17,0.));
#8429 = PLANE('',#8430);
#8430 = AXIS2_PLACEMENT_3D('',#8431,#8432,#8433);
#8431 = CARTESIAN_POINT('',(-2.42560961319,-1.7,0.548953137803));
#8432 = DIRECTION('',(1.144237745222E-17,1.,0.));
#8433 = DIRECTION('',(0.,-0.,1.));
#8434 = ADVANCED_FACE('',(#8435),#8451,.F.);
#8435 = FACE_BOUND('',#8436,.F.);
#8436 = EDGE_LOOP('',(#8437,#8438,#8444,#8445));
#8437 = ORIENTED_EDGE('',*,*,#7350,.T.);
#8438 = ORIENTED_EDGE('',*,*,#8439,.T.);
#8439 = EDGE_CURVE('',#7343,#7927,#8440,.T.);
#8440 = LINE('',#8441,#8442);
#8441 = CARTESIAN_POINT('',(-2.25,-0.84,1.025));
#8442 = VECTOR('',#8443,1.);
#8443 = DIRECTION('',(1.,-1.144237745222E-17,0.));
#8444 = ORIENTED_EDGE('',*,*,#7926,.F.);
#8445 = ORIENTED_EDGE('',*,*,#8446,.F.);
#8446 = EDGE_CURVE('',#7334,#7919,#8447,.T.);
#8447 = LINE('',#8448,#8449);
#8448 = CARTESIAN_POINT('',(-2.25,-1.7,1.025));
#8449 = VECTOR('',#8450,1.);
#8450 = DIRECTION('',(1.,-1.144237745222E-17,0.));
#8451 = PLANE('',#8452);
#8452 = AXIS2_PLACEMENT_3D('',#8453,#8454,#8455);
#8453 = CARTESIAN_POINT('',(-3.027078129022E-16,2.4125,1.025));
#8454 = DIRECTION('',(2.007919022429E-31,-7.713306628828E-27,-1.));
#8455 = DIRECTION('',(1.,1.112083013911E-16,2.00791902242E-31));
#8456 = ADVANCED_FACE('',(#8457),#8543,.F.);
#8457 = FACE_BOUND('',#8458,.F.);
#8458 = EDGE_LOOP('',(#8459,#8460,#8461,#8470,#8478,#8487,#8495,#8503,
    #8511,#8520,#8528,#8537));
#8459 = ORIENTED_EDGE('',*,*,#7342,.F.);
#8460 = ORIENTED_EDGE('',*,*,#7364,.T.);
#8461 = ORIENTED_EDGE('',*,*,#8462,.T.);
#8462 = EDGE_CURVE('',#7365,#8463,#8465,.T.);
#8463 = VERTEX_POINT('',#8464);
#8464 = CARTESIAN_POINT('',(-2.348480775301,-0.84,0.742364817767));
#8465 = CIRCLE('',#8466,0.1);
#8466 = AXIS2_PLACEMENT_3D('',#8467,#8468,#8469);
#8467 = CARTESIAN_POINT('',(-2.25,-0.84,0.725));
#8468 = DIRECTION('',(-1.144237745222E-17,-1.,3.284293275761E-47));
#8469 = DIRECTION('',(-4.440892098501E-15,5.081436361563E-32,1.));
#8470 = ORIENTED_EDGE('',*,*,#8471,.T.);
#8471 = EDGE_CURVE('',#8463,#8472,#8474,.T.);
#8472 = VERTEX_POINT('',#8473);
#8473 = CARTESIAN_POINT('',(-2.429496640897,-0.84,0.2479055467));
#8474 = LINE('',#8475,#8476);
#8475 = CARTESIAN_POINT('',(-2.348480775301,-0.84,0.742364817767));
#8476 = VECTOR('',#8477,1.);
#8477 = DIRECTION('',(-0.161691392282,1.85013394127E-18,-0.986841372087)
  );
#8478 = ORIENTED_EDGE('',*,*,#8479,.T.);
#8479 = EDGE_CURVE('',#8472,#8480,#8482,.T.);
#8480 = VERTEX_POINT('',#8481);
#8481 = CARTESIAN_POINT('',(-2.724938966801,-0.84,-1.665334536938E-16));
#8482 = CIRCLE('',#8483,0.3);
#8483 = AXIS2_PLACEMENT_3D('',#8484,#8485,#8486);
#8484 = CARTESIAN_POINT('',(-2.724938966801,-0.84,0.3));
#8485 = DIRECTION('',(1.144237745222E-17,1.,7.703719777549E-34));
#8486 = DIRECTION('',(0.984807753012,-1.126854202784E-17,-0.173648177667
    ));
#8487 = ORIENTED_EDGE('',*,*,#8488,.T.);
#8488 = EDGE_CURVE('',#8480,#8489,#8491,.T.);
#8489 = VERTEX_POINT('',#8490);
#8490 = CARTESIAN_POINT('',(-3.,-0.84,-1.665334536938E-16));
#8491 = LINE('',#8492,#8493);
#8492 = CARTESIAN_POINT('',(-2.724938966801,-0.84,-1.665334536938E-16));
#8493 = VECTOR('',#8494,1.);
#8494 = DIRECTION('',(-1.,1.144237745222E-17,0.));
#8495 = ORIENTED_EDGE('',*,*,#8496,.T.);
#8496 = EDGE_CURVE('',#8489,#8497,#8499,.T.);
#8497 = VERTEX_POINT('',#8498);
#8498 = CARTESIAN_POINT('',(-3.,-0.84,0.2));
#8499 = LINE('',#8500,#8501);
#8500 = CARTESIAN_POINT('',(-3.,-0.84,-1.665334536938E-16));
#8501 = VECTOR('',#8502,1.);
#8502 = DIRECTION('',(0.,0.,1.));
#8503 = ORIENTED_EDGE('',*,*,#8504,.T.);
#8504 = EDGE_CURVE('',#8497,#8505,#8507,.T.);
#8505 = VERTEX_POINT('',#8506);
#8506 = CARTESIAN_POINT('',(-2.724938966801,-0.84,0.2));
#8507 = LINE('',#8508,#8509);
#8508 = CARTESIAN_POINT('',(-3.,-0.84,0.2));
#8509 = VECTOR('',#8510,1.);
#8510 = DIRECTION('',(1.,-1.144237745222E-17,0.));
#8511 = ORIENTED_EDGE('',*,*,#8512,.T.);
#8512 = EDGE_CURVE('',#8505,#8513,#8515,.T.);
#8513 = VERTEX_POINT('',#8514);
#8514 = CARTESIAN_POINT('',(-2.6264581915,-0.84,0.282635182233));
#8515 = CIRCLE('',#8516,0.1);
#8516 = AXIS2_PLACEMENT_3D('',#8517,#8518,#8519);
#8517 = CARTESIAN_POINT('',(-2.724938966801,-0.84,0.3));
#8518 = DIRECTION('',(-1.144237745222E-17,-1.,-0.));
#8519 = DIRECTION('',(0.,0.,-1.));
#8520 = ORIENTED_EDGE('',*,*,#8521,.T.);
#8521 = EDGE_CURVE('',#8513,#8522,#8524,.T.);
#8522 = VERTEX_POINT('',#8523);
#8523 = CARTESIAN_POINT('',(-2.545442325904,-0.84,0.7770944533));
#8524 = LINE('',#8525,#8526);
#8525 = CARTESIAN_POINT('',(-2.6264581915,-0.84,0.282635182233));
#8526 = VECTOR('',#8527,1.);
#8527 = DIRECTION('',(0.161691392282,-1.85013394127E-18,0.986841372087)
  );
#8528 = ORIENTED_EDGE('',*,*,#8529,.T.);
#8529 = EDGE_CURVE('',#8522,#8530,#8532,.T.);
#8530 = VERTEX_POINT('',#8531);
#8531 = CARTESIAN_POINT('',(-2.25,-0.84,1.025));
#8532 = CIRCLE('',#8533,0.3);
#8533 = AXIS2_PLACEMENT_3D('',#8534,#8535,#8536);
#8534 = CARTESIAN_POINT('',(-2.25,-0.84,0.725));
#8535 = DIRECTION('',(1.144237745222E-17,1.,7.703719777549E-34));
#8536 = DIRECTION('',(-0.984807753012,1.126854202784E-17,0.173648177667)
  );
#8537 = ORIENTED_EDGE('',*,*,#8538,.T.);
#8538 = EDGE_CURVE('',#8530,#7343,#8539,.T.);
#8539 = LINE('',#8540,#8541);
#8540 = CARTESIAN_POINT('',(-2.25,-0.84,1.025));
#8541 = VECTOR('',#8542,1.);
#8542 = DIRECTION('',(1.,-1.144237745222E-17,0.));
#8543 = PLANE('',#8544);
#8544 = AXIS2_PLACEMENT_3D('',#8545,#8546,#8547);
#8545 = CARTESIAN_POINT('',(-2.42560961319,-0.84,0.548953137803));
#8546 = DIRECTION('',(1.144237745222E-17,1.,0.));
#8547 = DIRECTION('',(0.,-0.,1.));
#8548 = ADVANCED_FACE('',(#8549),#8568,.F.);
#8549 = FACE_BOUND('',#8550,.F.);
#8550 = EDGE_LOOP('',(#8551,#8552,#8561,#8567));
#8551 = ORIENTED_EDGE('',*,*,#7381,.T.);
#8552 = ORIENTED_EDGE('',*,*,#8553,.T.);
#8553 = EDGE_CURVE('',#7374,#8554,#8556,.T.);
#8554 = VERTEX_POINT('',#8555);
#8555 = CARTESIAN_POINT('',(-2.348480775301,-0.43,0.742364817767));
#8556 = CIRCLE('',#8557,0.1);
#8557 = AXIS2_PLACEMENT_3D('',#8558,#8559,#8560);
#8558 = CARTESIAN_POINT('',(-2.25,-0.43,0.725));
#8559 = DIRECTION('',(-1.144237745222E-17,-1.,3.284293275761E-47));
#8560 = DIRECTION('',(-4.440892098501E-15,5.081436361563E-32,1.));
#8561 = ORIENTED_EDGE('',*,*,#8562,.F.);
#8562 = EDGE_CURVE('',#8463,#8554,#8563,.T.);
#8563 = LINE('',#8564,#8565);
#8564 = CARTESIAN_POINT('',(-2.348480775301,-0.84,0.742364817767));
#8565 = VECTOR('',#8566,1.);
#8566 = DIRECTION('',(1.144237745222E-17,1.,0.));
#8567 = ORIENTED_EDGE('',*,*,#8462,.F.);
#8568 = CYLINDRICAL_SURFACE('',#8569,0.1);
#8569 = AXIS2_PLACEMENT_3D('',#8570,#8571,#8572);
#8570 = CARTESIAN_POINT('',(-2.25,-0.84,0.725));
#8571 = DIRECTION('',(-1.144237745222E-17,-1.,0.));
#8572 = DIRECTION('',(-4.440892098501E-15,5.081436361563E-32,1.));
#8573 = ADVANCED_FACE('',(#8574),#8652,.T.);
#8574 = FACE_BOUND('',#8575,.T.);
#8575 = EDGE_LOOP('',(#8576,#8577,#8578,#8579,#8587,#8596,#8604,#8612,
    #8620,#8629,#8637,#8646));
#8576 = ORIENTED_EDGE('',*,*,#7395,.F.);
#8577 = ORIENTED_EDGE('',*,*,#7373,.T.);
#8578 = ORIENTED_EDGE('',*,*,#8553,.T.);
#8579 = ORIENTED_EDGE('',*,*,#8580,.T.);
#8580 = EDGE_CURVE('',#8554,#8581,#8583,.T.);
#8581 = VERTEX_POINT('',#8582);
#8582 = CARTESIAN_POINT('',(-2.429496640897,-0.43,0.2479055467));
#8583 = LINE('',#8584,#8585);
#8584 = CARTESIAN_POINT('',(-2.348480775301,-0.43,0.742364817767));
#8585 = VECTOR('',#8586,1.);
#8586 = DIRECTION('',(-0.161691392282,1.85013394127E-18,-0.986841372087)
  );
#8587 = ORIENTED_EDGE('',*,*,#8588,.T.);
#8588 = EDGE_CURVE('',#8581,#8589,#8591,.T.);
#8589 = VERTEX_POINT('',#8590);
#8590 = CARTESIAN_POINT('',(-2.724938966801,-0.43,-1.665334536938E-16));
#8591 = CIRCLE('',#8592,0.3);
#8592 = AXIS2_PLACEMENT_3D('',#8593,#8594,#8595);
#8593 = CARTESIAN_POINT('',(-2.724938966801,-0.43,0.3));
#8594 = DIRECTION('',(1.144237745222E-17,1.,7.703719777549E-34));
#8595 = DIRECTION('',(0.984807753012,-1.126854202784E-17,-0.173648177667
    ));
#8596 = ORIENTED_EDGE('',*,*,#8597,.T.);
#8597 = EDGE_CURVE('',#8589,#8598,#8600,.T.);
#8598 = VERTEX_POINT('',#8599);
#8599 = CARTESIAN_POINT('',(-3.,-0.43,-1.665334536938E-16));
#8600 = LINE('',#8601,#8602);
#8601 = CARTESIAN_POINT('',(-2.724938966801,-0.43,-1.665334536938E-16));
#8602 = VECTOR('',#8603,1.);
#8603 = DIRECTION('',(-1.,1.144237745222E-17,0.));
#8604 = ORIENTED_EDGE('',*,*,#8605,.T.);
#8605 = EDGE_CURVE('',#8598,#8606,#8608,.T.);
#8606 = VERTEX_POINT('',#8607);
#8607 = CARTESIAN_POINT('',(-3.,-0.43,0.2));
#8608 = LINE('',#8609,#8610);
#8609 = CARTESIAN_POINT('',(-3.,-0.43,-1.665334536938E-16));
#8610 = VECTOR('',#8611,1.);
#8611 = DIRECTION('',(0.,0.,1.));
#8612 = ORIENTED_EDGE('',*,*,#8613,.T.);
#8613 = EDGE_CURVE('',#8606,#8614,#8616,.T.);
#8614 = VERTEX_POINT('',#8615);
#8615 = CARTESIAN_POINT('',(-2.724938966801,-0.43,0.2));
#8616 = LINE('',#8617,#8618);
#8617 = CARTESIAN_POINT('',(-3.,-0.43,0.2));
#8618 = VECTOR('',#8619,1.);
#8619 = DIRECTION('',(1.,-1.144237745222E-17,0.));
#8620 = ORIENTED_EDGE('',*,*,#8621,.T.);
#8621 = EDGE_CURVE('',#8614,#8622,#8624,.T.);
#8622 = VERTEX_POINT('',#8623);
#8623 = CARTESIAN_POINT('',(-2.6264581915,-0.43,0.282635182233));
#8624 = CIRCLE('',#8625,0.1);
#8625 = AXIS2_PLACEMENT_3D('',#8626,#8627,#8628);
#8626 = CARTESIAN_POINT('',(-2.724938966801,-0.43,0.3));
#8627 = DIRECTION('',(-1.144237745222E-17,-1.,-0.));
#8628 = DIRECTION('',(0.,0.,-1.));
#8629 = ORIENTED_EDGE('',*,*,#8630,.T.);
#8630 = EDGE_CURVE('',#8622,#8631,#8633,.T.);
#8631 = VERTEX_POINT('',#8632);
#8632 = CARTESIAN_POINT('',(-2.545442325904,-0.43,0.7770944533));
#8633 = LINE('',#8634,#8635);
#8634 = CARTESIAN_POINT('',(-2.6264581915,-0.43,0.282635182233));
#8635 = VECTOR('',#8636,1.);
#8636 = DIRECTION('',(0.161691392282,-1.85013394127E-18,0.986841372087)
  );
#8637 = ORIENTED_EDGE('',*,*,#8638,.T.);
#8638 = EDGE_CURVE('',#8631,#8639,#8641,.T.);
#8639 = VERTEX_POINT('',#8640);
#8640 = CARTESIAN_POINT('',(-2.25,-0.43,1.025));
#8641 = CIRCLE('',#8642,0.3);
#8642 = AXIS2_PLACEMENT_3D('',#8643,#8644,#8645);
#8643 = CARTESIAN_POINT('',(-2.25,-0.43,0.725));
#8644 = DIRECTION('',(1.144237745222E-17,1.,7.703719777549E-34));
#8645 = DIRECTION('',(-0.984807753012,1.126854202784E-17,0.173648177667)
  );
#8646 = ORIENTED_EDGE('',*,*,#8647,.T.);
#8647 = EDGE_CURVE('',#8639,#7396,#8648,.T.);
#8648 = LINE('',#8649,#8650);
#8649 = CARTESIAN_POINT('',(-2.25,-0.43,1.025));
#8650 = VECTOR('',#8651,1.);
#8651 = DIRECTION('',(1.,-1.144237745222E-17,0.));
#8652 = PLANE('',#8653);
#8653 = AXIS2_PLACEMENT_3D('',#8654,#8655,#8656);
#8654 = CARTESIAN_POINT('',(-2.42560961319,-0.43,0.548953137803));
#8655 = DIRECTION('',(1.144237745222E-17,1.,0.));
#8656 = DIRECTION('',(0.,-0.,1.));
#8657 = ADVANCED_FACE('',(#8658),#8674,.F.);
#8658 = FACE_BOUND('',#8659,.F.);
#8659 = EDGE_LOOP('',(#8660,#8661,#8667,#8668));
#8660 = ORIENTED_EDGE('',*,*,#7412,.T.);
#8661 = ORIENTED_EDGE('',*,*,#8662,.T.);
#8662 = EDGE_CURVE('',#7405,#7943,#8663,.T.);
#8663 = LINE('',#8664,#8665);
#8664 = CARTESIAN_POINT('',(-2.25,0.43,1.025));
#8665 = VECTOR('',#8666,1.);
#8666 = DIRECTION('',(1.,-1.144237745222E-17,0.));
#8667 = ORIENTED_EDGE('',*,*,#7942,.F.);
#8668 = ORIENTED_EDGE('',*,*,#8669,.F.);
#8669 = EDGE_CURVE('',#7396,#7935,#8670,.T.);
#8670 = LINE('',#8671,#8672);
#8671 = CARTESIAN_POINT('',(-2.25,-0.43,1.025));
#8672 = VECTOR('',#8673,1.);
#8673 = DIRECTION('',(1.,-1.144237745222E-17,0.));
#8674 = PLANE('',#8675);
#8675 = AXIS2_PLACEMENT_3D('',#8676,#8677,#8678);
#8676 = CARTESIAN_POINT('',(-3.027078129022E-16,2.4125,1.025));
#8677 = DIRECTION('',(2.007919022429E-31,-7.713306628828E-27,-1.));
#8678 = DIRECTION('',(1.,1.112083013911E-16,2.00791902242E-31));
#8679 = ADVANCED_FACE('',(#8680),#8766,.F.);
#8680 = FACE_BOUND('',#8681,.F.);
#8681 = EDGE_LOOP('',(#8682,#8683,#8684,#8693,#8701,#8710,#8718,#8726,
    #8734,#8743,#8751,#8760));
#8682 = ORIENTED_EDGE('',*,*,#7404,.F.);
#8683 = ORIENTED_EDGE('',*,*,#7426,.T.);
#8684 = ORIENTED_EDGE('',*,*,#8685,.T.);
#8685 = EDGE_CURVE('',#7427,#8686,#8688,.T.);
#8686 = VERTEX_POINT('',#8687);
#8687 = CARTESIAN_POINT('',(-2.348480775301,0.43,0.742364817767));
#8688 = CIRCLE('',#8689,0.1);
#8689 = AXIS2_PLACEMENT_3D('',#8690,#8691,#8692);
#8690 = CARTESIAN_POINT('',(-2.25,0.43,0.725));
#8691 = DIRECTION('',(-1.144237745222E-17,-1.,3.284293275761E-47));
#8692 = DIRECTION('',(-4.440892098501E-15,5.081436361563E-32,1.));
#8693 = ORIENTED_EDGE('',*,*,#8694,.T.);
#8694 = EDGE_CURVE('',#8686,#8695,#8697,.T.);
#8695 = VERTEX_POINT('',#8696);
#8696 = CARTESIAN_POINT('',(-2.429496640897,0.43,0.2479055467));
#8697 = LINE('',#8698,#8699);
#8698 = CARTESIAN_POINT('',(-2.348480775301,0.43,0.742364817767));
#8699 = VECTOR('',#8700,1.);
#8700 = DIRECTION('',(-0.161691392282,1.85013394127E-18,-0.986841372087)
  );
#8701 = ORIENTED_EDGE('',*,*,#8702,.T.);
#8702 = EDGE_CURVE('',#8695,#8703,#8705,.T.);
#8703 = VERTEX_POINT('',#8704);
#8704 = CARTESIAN_POINT('',(-2.724938966801,0.43,-1.665334536938E-16));
#8705 = CIRCLE('',#8706,0.3);
#8706 = AXIS2_PLACEMENT_3D('',#8707,#8708,#8709);
#8707 = CARTESIAN_POINT('',(-2.724938966801,0.43,0.3));
#8708 = DIRECTION('',(1.144237745222E-17,1.,7.703719777549E-34));
#8709 = DIRECTION('',(0.984807753012,-1.126854202784E-17,-0.173648177667
    ));
#8710 = ORIENTED_EDGE('',*,*,#8711,.T.);
#8711 = EDGE_CURVE('',#8703,#8712,#8714,.T.);
#8712 = VERTEX_POINT('',#8713);
#8713 = CARTESIAN_POINT('',(-3.,0.43,-1.665334536938E-16));
#8714 = LINE('',#8715,#8716);
#8715 = CARTESIAN_POINT('',(-2.724938966801,0.43,-1.665334536938E-16));
#8716 = VECTOR('',#8717,1.);
#8717 = DIRECTION('',(-1.,1.144237745222E-17,0.));
#8718 = ORIENTED_EDGE('',*,*,#8719,.T.);
#8719 = EDGE_CURVE('',#8712,#8720,#8722,.T.);
#8720 = VERTEX_POINT('',#8721);
#8721 = CARTESIAN_POINT('',(-3.,0.43,0.2));
#8722 = LINE('',#8723,#8724);
#8723 = CARTESIAN_POINT('',(-3.,0.43,-1.665334536938E-16));
#8724 = VECTOR('',#8725,1.);
#8725 = DIRECTION('',(0.,0.,1.));
#8726 = ORIENTED_EDGE('',*,*,#8727,.T.);
#8727 = EDGE_CURVE('',#8720,#8728,#8730,.T.);
#8728 = VERTEX_POINT('',#8729);
#8729 = CARTESIAN_POINT('',(-2.724938966801,0.43,0.2));
#8730 = LINE('',#8731,#8732);
#8731 = CARTESIAN_POINT('',(-3.,0.43,0.2));
#8732 = VECTOR('',#8733,1.);
#8733 = DIRECTION('',(1.,-1.144237745222E-17,0.));
#8734 = ORIENTED_EDGE('',*,*,#8735,.T.);
#8735 = EDGE_CURVE('',#8728,#8736,#8738,.T.);
#8736 = VERTEX_POINT('',#8737);
#8737 = CARTESIAN_POINT('',(-2.6264581915,0.43,0.282635182233));
#8738 = CIRCLE('',#8739,0.1);
#8739 = AXIS2_PLACEMENT_3D('',#8740,#8741,#8742);
#8740 = CARTESIAN_POINT('',(-2.724938966801,0.43,0.3));
#8741 = DIRECTION('',(-1.144237745222E-17,-1.,-0.));
#8742 = DIRECTION('',(0.,0.,-1.));
#8743 = ORIENTED_EDGE('',*,*,#8744,.T.);
#8744 = EDGE_CURVE('',#8736,#8745,#8747,.T.);
#8745 = VERTEX_POINT('',#8746);
#8746 = CARTESIAN_POINT('',(-2.545442325904,0.43,0.7770944533));
#8747 = LINE('',#8748,#8749);
#8748 = CARTESIAN_POINT('',(-2.6264581915,0.43,0.282635182233));
#8749 = VECTOR('',#8750,1.);
#8750 = DIRECTION('',(0.161691392282,-1.85013394127E-18,0.986841372087)
  );
#8751 = ORIENTED_EDGE('',*,*,#8752,.T.);
#8752 = EDGE_CURVE('',#8745,#8753,#8755,.T.);
#8753 = VERTEX_POINT('',#8754);
#8754 = CARTESIAN_POINT('',(-2.25,0.43,1.025));
#8755 = CIRCLE('',#8756,0.3);
#8756 = AXIS2_PLACEMENT_3D('',#8757,#8758,#8759);
#8757 = CARTESIAN_POINT('',(-2.25,0.43,0.725));
#8758 = DIRECTION('',(1.144237745222E-17,1.,7.703719777549E-34));
#8759 = DIRECTION('',(-0.984807753012,1.126854202784E-17,0.173648177667)
  );
#8760 = ORIENTED_EDGE('',*,*,#8761,.T.);
#8761 = EDGE_CURVE('',#8753,#7405,#8762,.T.);
#8762 = LINE('',#8763,#8764);
#8763 = CARTESIAN_POINT('',(-2.25,0.43,1.025));
#8764 = VECTOR('',#8765,1.);
#8765 = DIRECTION('',(1.,-1.144237745222E-17,0.));
#8766 = PLANE('',#8767);
#8767 = AXIS2_PLACEMENT_3D('',#8768,#8769,#8770);
#8768 = CARTESIAN_POINT('',(-2.42560961319,0.43,0.548953137803));
#8769 = DIRECTION('',(1.144237745222E-17,1.,0.));
#8770 = DIRECTION('',(0.,-0.,1.));
#8771 = ADVANCED_FACE('',(#8772),#8791,.F.);
#8772 = FACE_BOUND('',#8773,.F.);
#8773 = EDGE_LOOP('',(#8774,#8775,#8784,#8790));
#8774 = ORIENTED_EDGE('',*,*,#7443,.T.);
#8775 = ORIENTED_EDGE('',*,*,#8776,.T.);
#8776 = EDGE_CURVE('',#7436,#8777,#8779,.T.);
#8777 = VERTEX_POINT('',#8778);
#8778 = CARTESIAN_POINT('',(-2.348480775301,0.84,0.742364817767));
#8779 = CIRCLE('',#8780,0.1);
#8780 = AXIS2_PLACEMENT_3D('',#8781,#8782,#8783);
#8781 = CARTESIAN_POINT('',(-2.25,0.84,0.725));
#8782 = DIRECTION('',(-1.144237745222E-17,-1.,3.284293275761E-47));
#8783 = DIRECTION('',(-4.440892098501E-15,5.081436361563E-32,1.));
#8784 = ORIENTED_EDGE('',*,*,#8785,.F.);
#8785 = EDGE_CURVE('',#8686,#8777,#8786,.T.);
#8786 = LINE('',#8787,#8788);
#8787 = CARTESIAN_POINT('',(-2.348480775301,0.43,0.742364817767));
#8788 = VECTOR('',#8789,1.);
#8789 = DIRECTION('',(1.144237745222E-17,1.,0.));
#8790 = ORIENTED_EDGE('',*,*,#8685,.F.);
#8791 = CYLINDRICAL_SURFACE('',#8792,0.1);
#8792 = AXIS2_PLACEMENT_3D('',#8793,#8794,#8795);
#8793 = CARTESIAN_POINT('',(-2.25,0.43,0.725));
#8794 = DIRECTION('',(-1.144237745222E-17,-1.,0.));
#8795 = DIRECTION('',(-4.440892098501E-15,5.081436361563E-32,1.));
#8796 = ADVANCED_FACE('',(#8797),#8875,.T.);
#8797 = FACE_BOUND('',#8798,.T.);
#8798 = EDGE_LOOP('',(#8799,#8800,#8801,#8802,#8810,#8819,#8827,#8835,
    #8843,#8852,#8860,#8869));
#8799 = ORIENTED_EDGE('',*,*,#7457,.F.);
#8800 = ORIENTED_EDGE('',*,*,#7435,.T.);
#8801 = ORIENTED_EDGE('',*,*,#8776,.T.);
#8802 = ORIENTED_EDGE('',*,*,#8803,.T.);
#8803 = EDGE_CURVE('',#8777,#8804,#8806,.T.);
#8804 = VERTEX_POINT('',#8805);
#8805 = CARTESIAN_POINT('',(-2.429496640897,0.84,0.2479055467));
#8806 = LINE('',#8807,#8808);
#8807 = CARTESIAN_POINT('',(-2.348480775301,0.84,0.742364817767));
#8808 = VECTOR('',#8809,1.);
#8809 = DIRECTION('',(-0.161691392282,1.85013394127E-18,-0.986841372087)
  );
#8810 = ORIENTED_EDGE('',*,*,#8811,.T.);
#8811 = EDGE_CURVE('',#8804,#8812,#8814,.T.);
#8812 = VERTEX_POINT('',#8813);
#8813 = CARTESIAN_POINT('',(-2.724938966801,0.84,-1.665334536938E-16));
#8814 = CIRCLE('',#8815,0.3);
#8815 = AXIS2_PLACEMENT_3D('',#8816,#8817,#8818);
#8816 = CARTESIAN_POINT('',(-2.724938966801,0.84,0.3));
#8817 = DIRECTION('',(1.144237745222E-17,1.,7.703719777549E-34));
#8818 = DIRECTION('',(0.984807753012,-1.126854202784E-17,-0.173648177667
    ));
#8819 = ORIENTED_EDGE('',*,*,#8820,.T.);
#8820 = EDGE_CURVE('',#8812,#8821,#8823,.T.);
#8821 = VERTEX_POINT('',#8822);
#8822 = CARTESIAN_POINT('',(-3.,0.84,-1.665334536938E-16));
#8823 = LINE('',#8824,#8825);
#8824 = CARTESIAN_POINT('',(-2.724938966801,0.84,-1.665334536938E-16));
#8825 = VECTOR('',#8826,1.);
#8826 = DIRECTION('',(-1.,1.144237745222E-17,0.));
#8827 = ORIENTED_EDGE('',*,*,#8828,.T.);
#8828 = EDGE_CURVE('',#8821,#8829,#8831,.T.);
#8829 = VERTEX_POINT('',#8830);
#8830 = CARTESIAN_POINT('',(-3.,0.84,0.2));
#8831 = LINE('',#8832,#8833);
#8832 = CARTESIAN_POINT('',(-3.,0.84,-1.665334536938E-16));
#8833 = VECTOR('',#8834,1.);
#8834 = DIRECTION('',(0.,0.,1.));
#8835 = ORIENTED_EDGE('',*,*,#8836,.T.);
#8836 = EDGE_CURVE('',#8829,#8837,#8839,.T.);
#8837 = VERTEX_POINT('',#8838);
#8838 = CARTESIAN_POINT('',(-2.724938966801,0.84,0.2));
#8839 = LINE('',#8840,#8841);
#8840 = CARTESIAN_POINT('',(-3.,0.84,0.2));
#8841 = VECTOR('',#8842,1.);
#8842 = DIRECTION('',(1.,-1.144237745222E-17,0.));
#8843 = ORIENTED_EDGE('',*,*,#8844,.T.);
#8844 = EDGE_CURVE('',#8837,#8845,#8847,.T.);
#8845 = VERTEX_POINT('',#8846);
#8846 = CARTESIAN_POINT('',(-2.6264581915,0.84,0.282635182233));
#8847 = CIRCLE('',#8848,0.1);
#8848 = AXIS2_PLACEMENT_3D('',#8849,#8850,#8851);
#8849 = CARTESIAN_POINT('',(-2.724938966801,0.84,0.3));
#8850 = DIRECTION('',(-1.144237745222E-17,-1.,-0.));
#8851 = DIRECTION('',(0.,0.,-1.));
#8852 = ORIENTED_EDGE('',*,*,#8853,.T.);
#8853 = EDGE_CURVE('',#8845,#8854,#8856,.T.);
#8854 = VERTEX_POINT('',#8855);
#8855 = CARTESIAN_POINT('',(-2.545442325904,0.84,0.7770944533));
#8856 = LINE('',#8857,#8858);
#8857 = CARTESIAN_POINT('',(-2.6264581915,0.84,0.282635182233));
#8858 = VECTOR('',#8859,1.);
#8859 = DIRECTION('',(0.161691392282,-1.85013394127E-18,0.986841372087)
  );
#8860 = ORIENTED_EDGE('',*,*,#8861,.T.);
#8861 = EDGE_CURVE('',#8854,#8862,#8864,.T.);
#8862 = VERTEX_POINT('',#8863);
#8863 = CARTESIAN_POINT('',(-2.25,0.84,1.025));
#8864 = CIRCLE('',#8865,0.3);
#8865 = AXIS2_PLACEMENT_3D('',#8866,#8867,#8868);
#8866 = CARTESIAN_POINT('',(-2.25,0.84,0.725));
#8867 = DIRECTION('',(1.144237745222E-17,1.,7.703719777549E-34));
#8868 = DIRECTION('',(-0.984807753012,1.126854202784E-17,0.173648177667)
  );
#8869 = ORIENTED_EDGE('',*,*,#8870,.T.);
#8870 = EDGE_CURVE('',#8862,#7458,#8871,.T.);
#8871 = LINE('',#8872,#8873);
#8872 = CARTESIAN_POINT('',(-2.25,0.84,1.025));
#8873 = VECTOR('',#8874,1.);
#8874 = DIRECTION('',(1.,-1.144237745222E-17,0.));
#8875 = PLANE('',#8876);
#8876 = AXIS2_PLACEMENT_3D('',#8877,#8878,#8879);
#8877 = CARTESIAN_POINT('',(-2.42560961319,0.84,0.548953137803));
#8878 = DIRECTION('',(1.144237745222E-17,1.,0.));
#8879 = DIRECTION('',(0.,-0.,1.));
#8880 = ADVANCED_FACE('',(#8881),#8892,.F.);
#8881 = FACE_BOUND('',#8882,.F.);
#8882 = EDGE_LOOP('',(#8883,#8884,#8885,#8886));
#8883 = ORIENTED_EDGE('',*,*,#7474,.T.);
#8884 = ORIENTED_EDGE('',*,*,#7894,.T.);
#8885 = ORIENTED_EDGE('',*,*,#7958,.F.);
#8886 = ORIENTED_EDGE('',*,*,#8887,.F.);
#8887 = EDGE_CURVE('',#7458,#7951,#8888,.T.);
#8888 = LINE('',#8889,#8890);
#8889 = CARTESIAN_POINT('',(-2.25,0.84,1.025));
#8890 = VECTOR('',#8891,1.);
#8891 = DIRECTION('',(1.,-1.144237745222E-17,0.));
#8892 = PLANE('',#8893);
#8893 = AXIS2_PLACEMENT_3D('',#8894,#8895,#8896);
#8894 = CARTESIAN_POINT('',(-3.027078129022E-16,2.4125,1.025));
#8895 = DIRECTION('',(2.007919022429E-31,-7.713306628828E-27,-1.));
#8896 = DIRECTION('',(1.,1.112083013911E-16,2.00791902242E-31));
#8897 = ADVANCED_FACE('',(#8898),#8977,.F.);
#8898 = FACE_BOUND('',#8899,.F.);
#8899 = EDGE_LOOP('',(#8900,#8901,#8902,#8911,#8919,#8928,#8936,#8944,
    #8952,#8961,#8969,#8976));
#8900 = ORIENTED_EDGE('',*,*,#7466,.F.);
#8901 = ORIENTED_EDGE('',*,*,#7488,.T.);
#8902 = ORIENTED_EDGE('',*,*,#8903,.T.);
#8903 = EDGE_CURVE('',#7489,#8904,#8906,.T.);
#8904 = VERTEX_POINT('',#8905);
#8905 = CARTESIAN_POINT('',(-2.348480775301,1.7,0.742364817767));
#8906 = CIRCLE('',#8907,0.1);
#8907 = AXIS2_PLACEMENT_3D('',#8908,#8909,#8910);
#8908 = CARTESIAN_POINT('',(-2.25,1.7,0.725));
#8909 = DIRECTION('',(-1.144237745222E-17,-1.,3.284293275761E-47));
#8910 = DIRECTION('',(-4.440892098501E-15,5.081436361563E-32,1.));
#8911 = ORIENTED_EDGE('',*,*,#8912,.T.);
#8912 = EDGE_CURVE('',#8904,#8913,#8915,.T.);
#8913 = VERTEX_POINT('',#8914);
#8914 = CARTESIAN_POINT('',(-2.429496640897,1.7,0.2479055467));
#8915 = LINE('',#8916,#8917);
#8916 = CARTESIAN_POINT('',(-2.348480775301,1.7,0.742364817767));
#8917 = VECTOR('',#8918,1.);
#8918 = DIRECTION('',(-0.161691392282,1.85013394127E-18,-0.986841372087)
  );
#8919 = ORIENTED_EDGE('',*,*,#8920,.T.);
#8920 = EDGE_CURVE('',#8913,#8921,#8923,.T.);
#8921 = VERTEX_POINT('',#8922);
#8922 = CARTESIAN_POINT('',(-2.724938966801,1.7,-1.665334536938E-16));
#8923 = CIRCLE('',#8924,0.3);
#8924 = AXIS2_PLACEMENT_3D('',#8925,#8926,#8927);
#8925 = CARTESIAN_POINT('',(-2.724938966801,1.7,0.3));
#8926 = DIRECTION('',(1.144237745222E-17,1.,7.703719777549E-34));
#8927 = DIRECTION('',(0.984807753012,-1.126854202784E-17,-0.173648177667
    ));
#8928 = ORIENTED_EDGE('',*,*,#8929,.T.);
#8929 = EDGE_CURVE('',#8921,#8930,#8932,.T.);
#8930 = VERTEX_POINT('',#8931);
#8931 = CARTESIAN_POINT('',(-3.,1.7,-1.665334536938E-16));
#8932 = LINE('',#8933,#8934);
#8933 = CARTESIAN_POINT('',(-2.724938966801,1.7,-1.665334536938E-16));
#8934 = VECTOR('',#8935,1.);
#8935 = DIRECTION('',(-1.,1.144237745222E-17,0.));
#8936 = ORIENTED_EDGE('',*,*,#8937,.T.);
#8937 = EDGE_CURVE('',#8930,#8938,#8940,.T.);
#8938 = VERTEX_POINT('',#8939);
#8939 = CARTESIAN_POINT('',(-3.,1.7,0.2));
#8940 = LINE('',#8941,#8942);
#8941 = CARTESIAN_POINT('',(-3.,1.7,-1.665334536938E-16));
#8942 = VECTOR('',#8943,1.);
#8943 = DIRECTION('',(0.,0.,1.));
#8944 = ORIENTED_EDGE('',*,*,#8945,.T.);
#8945 = EDGE_CURVE('',#8938,#8946,#8948,.T.);
#8946 = VERTEX_POINT('',#8947);
#8947 = CARTESIAN_POINT('',(-2.724938966801,1.7,0.2));
#8948 = LINE('',#8949,#8950);
#8949 = CARTESIAN_POINT('',(-3.,1.7,0.2));
#8950 = VECTOR('',#8951,1.);
#8951 = DIRECTION('',(1.,-1.144237745222E-17,0.));
#8952 = ORIENTED_EDGE('',*,*,#8953,.T.);
#8953 = EDGE_CURVE('',#8946,#8954,#8956,.T.);
#8954 = VERTEX_POINT('',#8955);
#8955 = CARTESIAN_POINT('',(-2.6264581915,1.7,0.282635182233));
#8956 = CIRCLE('',#8957,0.1);
#8957 = AXIS2_PLACEMENT_3D('',#8958,#8959,#8960);
#8958 = CARTESIAN_POINT('',(-2.724938966801,1.7,0.3));
#8959 = DIRECTION('',(-1.144237745222E-17,-1.,-0.));
#8960 = DIRECTION('',(0.,0.,-1.));
#8961 = ORIENTED_EDGE('',*,*,#8962,.T.);
#8962 = EDGE_CURVE('',#8954,#8963,#8965,.T.);
#8963 = VERTEX_POINT('',#8964);
#8964 = CARTESIAN_POINT('',(-2.545442325904,1.7,0.7770944533));
#8965 = LINE('',#8966,#8967);
#8966 = CARTESIAN_POINT('',(-2.6264581915,1.7,0.282635182233));
#8967 = VECTOR('',#8968,1.);
#8968 = DIRECTION('',(0.161691392282,-1.85013394127E-18,0.986841372087)
  );
#8969 = ORIENTED_EDGE('',*,*,#8970,.T.);
#8970 = EDGE_CURVE('',#8963,#7864,#8971,.T.);
#8971 = CIRCLE('',#8972,0.3);
#8972 = AXIS2_PLACEMENT_3D('',#8973,#8974,#8975);
#8973 = CARTESIAN_POINT('',(-2.25,1.7,0.725));
#8974 = DIRECTION('',(1.144237745222E-17,1.,7.703719777549E-34));
#8975 = DIRECTION('',(-0.984807753012,1.126854202784E-17,0.173648177667)
  );
#8976 = ORIENTED_EDGE('',*,*,#7863,.T.);
#8977 = PLANE('',#8978);
#8978 = AXIS2_PLACEMENT_3D('',#8979,#8980,#8981);
#8979 = CARTESIAN_POINT('',(-2.42560961319,1.7,0.548953137803));
#8980 = DIRECTION('',(1.144237745222E-17,1.,0.));
#8981 = DIRECTION('',(0.,-0.,1.));
#8982 = ADVANCED_FACE('',(#8983),#9002,.F.);
#8983 = FACE_BOUND('',#8984,.F.);
#8984 = EDGE_LOOP('',(#8985,#8986,#8995,#9001));
#8985 = ORIENTED_EDGE('',*,*,#7505,.T.);
#8986 = ORIENTED_EDGE('',*,*,#8987,.T.);
#8987 = EDGE_CURVE('',#7498,#8988,#8990,.T.);
#8988 = VERTEX_POINT('',#8989);
#8989 = CARTESIAN_POINT('',(-2.348480775301,2.11,0.742364817767));
#8990 = CIRCLE('',#8991,0.1);
#8991 = AXIS2_PLACEMENT_3D('',#8992,#8993,#8994);
#8992 = CARTESIAN_POINT('',(-2.25,2.11,0.725));
#8993 = DIRECTION('',(-1.144237745222E-17,-1.,3.284293275761E-47));
#8994 = DIRECTION('',(-4.440892098501E-15,5.081436361563E-32,1.));
#8995 = ORIENTED_EDGE('',*,*,#8996,.F.);
#8996 = EDGE_CURVE('',#8904,#8988,#8997,.T.);
#8997 = LINE('',#8998,#8999);
#8998 = CARTESIAN_POINT('',(-2.348480775301,1.7,0.742364817767));
#8999 = VECTOR('',#9000,1.);
#9000 = DIRECTION('',(1.144237745222E-17,1.,0.));
#9001 = ORIENTED_EDGE('',*,*,#8903,.F.);
#9002 = CYLINDRICAL_SURFACE('',#9003,0.1);
#9003 = AXIS2_PLACEMENT_3D('',#9004,#9005,#9006);
#9004 = CARTESIAN_POINT('',(-2.25,1.7,0.725));
#9005 = DIRECTION('',(-1.144237745222E-17,-1.,0.));
#9006 = DIRECTION('',(-4.440892098501E-15,5.081436361563E-32,1.));
#9007 = ADVANCED_FACE('',(#9008),#9079,.T.);
#9008 = FACE_BOUND('',#9009,.T.);
#9009 = EDGE_LOOP('',(#9010,#9011,#9012,#9013,#9021,#9030,#9038,#9046,
    #9054,#9063,#9071,#9078));
#9010 = ORIENTED_EDGE('',*,*,#7519,.F.);
#9011 = ORIENTED_EDGE('',*,*,#7497,.T.);
#9012 = ORIENTED_EDGE('',*,*,#8987,.T.);
#9013 = ORIENTED_EDGE('',*,*,#9014,.T.);
#9014 = EDGE_CURVE('',#8988,#9015,#9017,.T.);
#9015 = VERTEX_POINT('',#9016);
#9016 = CARTESIAN_POINT('',(-2.429496640897,2.11,0.2479055467));
#9017 = LINE('',#9018,#9019);
#9018 = CARTESIAN_POINT('',(-2.348480775301,2.11,0.742364817767));
#9019 = VECTOR('',#9020,1.);
#9020 = DIRECTION('',(-0.161691392282,1.85013394127E-18,-0.986841372087)
  );
#9021 = ORIENTED_EDGE('',*,*,#9022,.T.);
#9022 = EDGE_CURVE('',#9015,#9023,#9025,.T.);
#9023 = VERTEX_POINT('',#9024);
#9024 = CARTESIAN_POINT('',(-2.724938966801,2.11,-1.665334536938E-16));
#9025 = CIRCLE('',#9026,0.3);
#9026 = AXIS2_PLACEMENT_3D('',#9027,#9028,#9029);
#9027 = CARTESIAN_POINT('',(-2.724938966801,2.11,0.3));
#9028 = DIRECTION('',(1.144237745222E-17,1.,7.703719777549E-34));
#9029 = DIRECTION('',(0.984807753012,-1.126854202784E-17,-0.173648177667
    ));
#9030 = ORIENTED_EDGE('',*,*,#9031,.T.);
#9031 = EDGE_CURVE('',#9023,#9032,#9034,.T.);
#9032 = VERTEX_POINT('',#9033);
#9033 = CARTESIAN_POINT('',(-3.,2.11,-1.665334536938E-16));
#9034 = LINE('',#9035,#9036);
#9035 = CARTESIAN_POINT('',(-2.724938966801,2.11,-1.665334536938E-16));
#9036 = VECTOR('',#9037,1.);
#9037 = DIRECTION('',(-1.,1.144237745222E-17,0.));
#9038 = ORIENTED_EDGE('',*,*,#9039,.T.);
#9039 = EDGE_CURVE('',#9032,#9040,#9042,.T.);
#9040 = VERTEX_POINT('',#9041);
#9041 = CARTESIAN_POINT('',(-3.,2.11,0.2));
#9042 = LINE('',#9043,#9044);
#9043 = CARTESIAN_POINT('',(-3.,2.11,-1.665334536938E-16));
#9044 = VECTOR('',#9045,1.);
#9045 = DIRECTION('',(0.,0.,1.));
#9046 = ORIENTED_EDGE('',*,*,#9047,.T.);
#9047 = EDGE_CURVE('',#9040,#9048,#9050,.T.);
#9048 = VERTEX_POINT('',#9049);
#9049 = CARTESIAN_POINT('',(-2.724938966801,2.11,0.2));
#9050 = LINE('',#9051,#9052);
#9051 = CARTESIAN_POINT('',(-3.,2.11,0.2));
#9052 = VECTOR('',#9053,1.);
#9053 = DIRECTION('',(1.,-1.144237745222E-17,0.));
#9054 = ORIENTED_EDGE('',*,*,#9055,.T.);
#9055 = EDGE_CURVE('',#9048,#9056,#9058,.T.);
#9056 = VERTEX_POINT('',#9057);
#9057 = CARTESIAN_POINT('',(-2.6264581915,2.11,0.282635182233));
#9058 = CIRCLE('',#9059,0.1);
#9059 = AXIS2_PLACEMENT_3D('',#9060,#9061,#9062);
#9060 = CARTESIAN_POINT('',(-2.724938966801,2.11,0.3));
#9061 = DIRECTION('',(-1.144237745222E-17,-1.,-0.));
#9062 = DIRECTION('',(0.,0.,-1.));
#9063 = ORIENTED_EDGE('',*,*,#9064,.T.);
#9064 = EDGE_CURVE('',#9056,#9065,#9067,.T.);
#9065 = VERTEX_POINT('',#9066);
#9066 = CARTESIAN_POINT('',(-2.545442325904,2.11,0.7770944533));
#9067 = LINE('',#9068,#9069);
#9068 = CARTESIAN_POINT('',(-2.6264581915,2.11,0.282635182233));
#9069 = VECTOR('',#9070,1.);
#9070 = DIRECTION('',(0.161691392282,-1.85013394127E-18,0.986841372087)
  );
#9071 = ORIENTED_EDGE('',*,*,#9072,.T.);
#9072 = EDGE_CURVE('',#9065,#7872,#9073,.T.);
#9073 = CIRCLE('',#9074,0.3);
#9074 = AXIS2_PLACEMENT_3D('',#9075,#9076,#9077);
#9075 = CARTESIAN_POINT('',(-2.25,2.11,0.725));
#9076 = DIRECTION('',(1.144237745222E-17,1.,7.703719777549E-34));
#9077 = DIRECTION('',(-0.984807753012,1.126854202784E-17,0.173648177667)
  );
#9078 = ORIENTED_EDGE('',*,*,#7879,.T.);
#9079 = PLANE('',#9080);
#9080 = AXIS2_PLACEMENT_3D('',#9081,#9082,#9083);
#9081 = CARTESIAN_POINT('',(-2.42560961319,2.11,0.548953137803));
#9082 = DIRECTION('',(1.144237745222E-17,1.,0.));
#9083 = DIRECTION('',(0.,-0.,1.));
#9084 = ADVANCED_FACE('',(#9085),#9164,.F.);
#9085 = FACE_BOUND('',#9086,.F.);
#9086 = EDGE_LOOP('',(#9087,#9088,#9089,#9098,#9106,#9115,#9123,#9131,
    #9139,#9148,#9156,#9163));
#9087 = ORIENTED_EDGE('',*,*,#7538,.F.);
#9088 = ORIENTED_EDGE('',*,*,#7553,.T.);
#9089 = ORIENTED_EDGE('',*,*,#9090,.T.);
#9090 = EDGE_CURVE('',#7554,#9091,#9093,.T.);
#9091 = VERTEX_POINT('',#9092);
#9092 = CARTESIAN_POINT('',(2.348480775301,2.11,0.742364817767));
#9093 = CIRCLE('',#9094,0.1);
#9094 = AXIS2_PLACEMENT_3D('',#9095,#9096,#9097);
#9095 = CARTESIAN_POINT('',(2.25,2.11,0.725));
#9096 = DIRECTION('',(-1.110223024625E-16,1.,0.));
#9097 = DIRECTION('',(4.440892098501E-15,4.930380657631E-31,1.));
#9098 = ORIENTED_EDGE('',*,*,#9099,.T.);
#9099 = EDGE_CURVE('',#9091,#9100,#9102,.T.);
#9100 = VERTEX_POINT('',#9101);
#9101 = CARTESIAN_POINT('',(2.429496640897,2.11,0.2479055467));
#9102 = LINE('',#9103,#9104);
#9103 = CARTESIAN_POINT('',(2.348480775301,2.11,0.742364817767));
#9104 = VECTOR('',#9105,1.);
#9105 = DIRECTION('',(0.161691392282,1.795135065956E-17,-0.986841372087)
  );
#9106 = ORIENTED_EDGE('',*,*,#9107,.T.);
#9107 = EDGE_CURVE('',#9100,#9108,#9110,.T.);
#9108 = VERTEX_POINT('',#9109);
#9109 = CARTESIAN_POINT('',(2.724938966801,2.11,-1.665334536938E-16));
#9110 = CIRCLE('',#9111,0.3);
#9111 = AXIS2_PLACEMENT_3D('',#9112,#9113,#9114);
#9112 = CARTESIAN_POINT('',(2.724938966801,2.11,0.3));
#9113 = DIRECTION('',(1.110223024625E-16,-1.,0.));
#9114 = DIRECTION('',(-0.984807753012,-1.093356242223E-16,
    -0.173648177667));
#9115 = ORIENTED_EDGE('',*,*,#9116,.T.);
#9116 = EDGE_CURVE('',#9108,#9117,#9119,.T.);
#9117 = VERTEX_POINT('',#9118);
#9118 = CARTESIAN_POINT('',(3.,2.11,-1.665334536938E-16));
#9119 = LINE('',#9120,#9121);
#9120 = CARTESIAN_POINT('',(2.724938966801,2.11,-1.665334536938E-16));
#9121 = VECTOR('',#9122,1.);
#9122 = DIRECTION('',(1.,1.110223024625E-16,0.));
#9123 = ORIENTED_EDGE('',*,*,#9124,.T.);
#9124 = EDGE_CURVE('',#9117,#9125,#9127,.T.);
#9125 = VERTEX_POINT('',#9126);
#9126 = CARTESIAN_POINT('',(3.,2.11,0.2));
#9127 = LINE('',#9128,#9129);
#9128 = CARTESIAN_POINT('',(3.,2.11,-1.665334536938E-16));
#9129 = VECTOR('',#9130,1.);
#9130 = DIRECTION('',(0.,0.,1.));
#9131 = ORIENTED_EDGE('',*,*,#9132,.T.);
#9132 = EDGE_CURVE('',#9125,#9133,#9135,.T.);
#9133 = VERTEX_POINT('',#9134);
#9134 = CARTESIAN_POINT('',(2.724938966801,2.11,0.2));
#9135 = LINE('',#9136,#9137);
#9136 = CARTESIAN_POINT('',(3.,2.11,0.2));
#9137 = VECTOR('',#9138,1.);
#9138 = DIRECTION('',(-1.,-1.110223024625E-16,0.));
#9139 = ORIENTED_EDGE('',*,*,#9140,.T.);
#9140 = EDGE_CURVE('',#9133,#9141,#9143,.T.);
#9141 = VERTEX_POINT('',#9142);
#9142 = CARTESIAN_POINT('',(2.6264581915,2.11,0.282635182233));
#9143 = CIRCLE('',#9144,0.1);
#9144 = AXIS2_PLACEMENT_3D('',#9145,#9146,#9147);
#9145 = CARTESIAN_POINT('',(2.724938966801,2.11,0.3));
#9146 = DIRECTION('',(-1.110223024625E-16,1.,0.));
#9147 = DIRECTION('',(0.,0.,-1.));
#9148 = ORIENTED_EDGE('',*,*,#9149,.T.);
#9149 = EDGE_CURVE('',#9141,#9150,#9152,.T.);
#9150 = VERTEX_POINT('',#9151);
#9151 = CARTESIAN_POINT('',(2.545442325904,2.11,0.7770944533));
#9152 = LINE('',#9153,#9154);
#9153 = CARTESIAN_POINT('',(2.6264581915,2.11,0.282635182233));
#9154 = VECTOR('',#9155,1.);
#9155 = DIRECTION('',(-0.161691392282,-1.795135065956E-17,0.986841372087
    ));
#9156 = ORIENTED_EDGE('',*,*,#9157,.T.);
#9157 = EDGE_CURVE('',#9150,#8151,#9158,.T.);
#9158 = CIRCLE('',#9159,0.3);
#9159 = AXIS2_PLACEMENT_3D('',#9160,#9161,#9162);
#9160 = CARTESIAN_POINT('',(2.25,2.11,0.725));
#9161 = DIRECTION('',(1.110223024625E-16,-1.,0.));
#9162 = DIRECTION('',(0.984807753012,1.093356242223E-16,0.173648177667)
  );
#9163 = ORIENTED_EDGE('',*,*,#8150,.T.);
#9164 = PLANE('',#9165);
#9165 = AXIS2_PLACEMENT_3D('',#9166,#9167,#9168);
#9166 = CARTESIAN_POINT('',(2.42560961319,2.11,0.548953137803));
#9167 = DIRECTION('',(1.110223024625E-16,-1.,0.));
#9168 = DIRECTION('',(0.,0.,1.));
#9169 = ADVANCED_FACE('',(#9170),#9189,.F.);
#9170 = FACE_BOUND('',#9171,.F.);
#9171 = EDGE_LOOP('',(#9172,#9173,#9182,#9188));
#9172 = ORIENTED_EDGE('',*,*,#7570,.T.);
#9173 = ORIENTED_EDGE('',*,*,#9174,.T.);
#9174 = EDGE_CURVE('',#7563,#9175,#9177,.T.);
#9175 = VERTEX_POINT('',#9176);
#9176 = CARTESIAN_POINT('',(2.348480775301,1.7,0.742364817767));
#9177 = CIRCLE('',#9178,0.1);
#9178 = AXIS2_PLACEMENT_3D('',#9179,#9180,#9181);
#9179 = CARTESIAN_POINT('',(2.25,1.7,0.725));
#9180 = DIRECTION('',(-1.110223024625E-16,1.,0.));
#9181 = DIRECTION('',(4.440892098501E-15,4.930380657631E-31,1.));
#9182 = ORIENTED_EDGE('',*,*,#9183,.F.);
#9183 = EDGE_CURVE('',#9091,#9175,#9184,.T.);
#9184 = LINE('',#9185,#9186);
#9185 = CARTESIAN_POINT('',(2.348480775301,2.11,0.742364817767));
#9186 = VECTOR('',#9187,1.);
#9187 = DIRECTION('',(1.110223024625E-16,-1.,0.));
#9188 = ORIENTED_EDGE('',*,*,#9090,.F.);
#9189 = CYLINDRICAL_SURFACE('',#9190,0.1);
#9190 = AXIS2_PLACEMENT_3D('',#9191,#9192,#9193);
#9191 = CARTESIAN_POINT('',(2.25,2.11,0.725));
#9192 = DIRECTION('',(-1.110223024625E-16,1.,0.));
#9193 = DIRECTION('',(4.440892098501E-15,4.930380657631E-31,1.));
#9194 = ADVANCED_FACE('',(#9195),#9266,.T.);
#9195 = FACE_BOUND('',#9196,.T.);
#9196 = EDGE_LOOP('',(#9197,#9198,#9199,#9200,#9208,#9217,#9225,#9233,
    #9241,#9250,#9258,#9265));
#9197 = ORIENTED_EDGE('',*,*,#7584,.F.);
#9198 = ORIENTED_EDGE('',*,*,#7562,.T.);
#9199 = ORIENTED_EDGE('',*,*,#9174,.T.);
#9200 = ORIENTED_EDGE('',*,*,#9201,.T.);
#9201 = EDGE_CURVE('',#9175,#9202,#9204,.T.);
#9202 = VERTEX_POINT('',#9203);
#9203 = CARTESIAN_POINT('',(2.429496640897,1.7,0.2479055467));
#9204 = LINE('',#9205,#9206);
#9205 = CARTESIAN_POINT('',(2.348480775301,1.7,0.742364817767));
#9206 = VECTOR('',#9207,1.);
#9207 = DIRECTION('',(0.161691392282,1.795135065956E-17,-0.986841372087)
  );
#9208 = ORIENTED_EDGE('',*,*,#9209,.T.);
#9209 = EDGE_CURVE('',#9202,#9210,#9212,.T.);
#9210 = VERTEX_POINT('',#9211);
#9211 = CARTESIAN_POINT('',(2.724938966801,1.7,-1.665334536938E-16));
#9212 = CIRCLE('',#9213,0.3);
#9213 = AXIS2_PLACEMENT_3D('',#9214,#9215,#9216);
#9214 = CARTESIAN_POINT('',(2.724938966801,1.7,0.3));
#9215 = DIRECTION('',(1.110223024625E-16,-1.,0.));
#9216 = DIRECTION('',(-0.984807753012,-1.093356242223E-16,
    -0.173648177667));
#9217 = ORIENTED_EDGE('',*,*,#9218,.T.);
#9218 = EDGE_CURVE('',#9210,#9219,#9221,.T.);
#9219 = VERTEX_POINT('',#9220);
#9220 = CARTESIAN_POINT('',(3.,1.7,-1.665334536938E-16));
#9221 = LINE('',#9222,#9223);
#9222 = CARTESIAN_POINT('',(2.724938966801,1.7,-1.665334536938E-16));
#9223 = VECTOR('',#9224,1.);
#9224 = DIRECTION('',(1.,1.110223024625E-16,0.));
#9225 = ORIENTED_EDGE('',*,*,#9226,.T.);
#9226 = EDGE_CURVE('',#9219,#9227,#9229,.T.);
#9227 = VERTEX_POINT('',#9228);
#9228 = CARTESIAN_POINT('',(3.,1.7,0.2));
#9229 = LINE('',#9230,#9231);
#9230 = CARTESIAN_POINT('',(3.,1.7,-1.665334536938E-16));
#9231 = VECTOR('',#9232,1.);
#9232 = DIRECTION('',(0.,0.,1.));
#9233 = ORIENTED_EDGE('',*,*,#9234,.T.);
#9234 = EDGE_CURVE('',#9227,#9235,#9237,.T.);
#9235 = VERTEX_POINT('',#9236);
#9236 = CARTESIAN_POINT('',(2.724938966801,1.7,0.2));
#9237 = LINE('',#9238,#9239);
#9238 = CARTESIAN_POINT('',(3.,1.7,0.2));
#9239 = VECTOR('',#9240,1.);
#9240 = DIRECTION('',(-1.,-1.110223024625E-16,0.));
#9241 = ORIENTED_EDGE('',*,*,#9242,.T.);
#9242 = EDGE_CURVE('',#9235,#9243,#9245,.T.);
#9243 = VERTEX_POINT('',#9244);
#9244 = CARTESIAN_POINT('',(2.6264581915,1.7,0.282635182233));
#9245 = CIRCLE('',#9246,0.1);
#9246 = AXIS2_PLACEMENT_3D('',#9247,#9248,#9249);
#9247 = CARTESIAN_POINT('',(2.724938966801,1.7,0.3));
#9248 = DIRECTION('',(-1.110223024625E-16,1.,0.));
#9249 = DIRECTION('',(0.,0.,-1.));
#9250 = ORIENTED_EDGE('',*,*,#9251,.T.);
#9251 = EDGE_CURVE('',#9243,#9252,#9254,.T.);
#9252 = VERTEX_POINT('',#9253);
#9253 = CARTESIAN_POINT('',(2.545442325904,1.7,0.7770944533));
#9254 = LINE('',#9255,#9256);
#9255 = CARTESIAN_POINT('',(2.6264581915,1.7,0.282635182233));
#9256 = VECTOR('',#9257,1.);
#9257 = DIRECTION('',(-0.161691392282,-1.795135065956E-17,0.986841372087
    ));
#9258 = ORIENTED_EDGE('',*,*,#9259,.T.);
#9259 = EDGE_CURVE('',#9252,#8159,#9260,.T.);
#9260 = CIRCLE('',#9261,0.3);
#9261 = AXIS2_PLACEMENT_3D('',#9262,#9263,#9264);
#9262 = CARTESIAN_POINT('',(2.25,1.7,0.725));
#9263 = DIRECTION('',(1.110223024625E-16,-1.,0.));
#9264 = DIRECTION('',(0.984807753012,1.093356242223E-16,0.173648177667)
  );
#9265 = ORIENTED_EDGE('',*,*,#8166,.T.);
#9266 = PLANE('',#9267);
#9267 = AXIS2_PLACEMENT_3D('',#9268,#9269,#9270);
#9268 = CARTESIAN_POINT('',(2.42560961319,1.7,0.548953137803));
#9269 = DIRECTION('',(1.110223024625E-16,-1.,0.));
#9270 = DIRECTION('',(0.,0.,1.));
#9271 = ADVANCED_FACE('',(#9272),#9283,.F.);
#9272 = FACE_BOUND('',#9273,.F.);
#9273 = EDGE_LOOP('',(#9274,#9275,#9276,#9282));
#9274 = ORIENTED_EDGE('',*,*,#8172,.F.);
#9275 = ORIENTED_EDGE('',*,*,#7601,.T.);
#9276 = ORIENTED_EDGE('',*,*,#9277,.T.);
#9277 = EDGE_CURVE('',#7594,#8073,#9278,.T.);
#9278 = LINE('',#9279,#9280);
#9279 = CARTESIAN_POINT('',(2.25,0.84,1.025));
#9280 = VECTOR('',#9281,1.);
#9281 = DIRECTION('',(-1.,-1.110223024625E-16,0.));
#9282 = ORIENTED_EDGE('',*,*,#8072,.F.);
#9283 = PLANE('',#9284);
#9284 = AXIS2_PLACEMENT_3D('',#9285,#9286,#9287);
#9285 = CARTESIAN_POINT('',(-3.027078129022E-16,2.4125,1.025));
#9286 = DIRECTION('',(2.007919022429E-31,-7.713306628828E-27,-1.));
#9287 = DIRECTION('',(1.,1.112083013911E-16,2.00791902242E-31));
#9288 = ADVANCED_FACE('',(#9289),#9375,.F.);
#9289 = FACE_BOUND('',#9290,.F.);
#9290 = EDGE_LOOP('',(#9291,#9292,#9293,#9302,#9310,#9319,#9327,#9335,
    #9343,#9352,#9360,#9369));
#9291 = ORIENTED_EDGE('',*,*,#7593,.F.);
#9292 = ORIENTED_EDGE('',*,*,#7615,.T.);
#9293 = ORIENTED_EDGE('',*,*,#9294,.T.);
#9294 = EDGE_CURVE('',#7616,#9295,#9297,.T.);
#9295 = VERTEX_POINT('',#9296);
#9296 = CARTESIAN_POINT('',(2.348480775301,0.84,0.742364817767));
#9297 = CIRCLE('',#9298,0.1);
#9298 = AXIS2_PLACEMENT_3D('',#9299,#9300,#9301);
#9299 = CARTESIAN_POINT('',(2.25,0.84,0.725));
#9300 = DIRECTION('',(-1.110223024625E-16,1.,0.));
#9301 = DIRECTION('',(4.440892098501E-15,4.930380657631E-31,1.));
#9302 = ORIENTED_EDGE('',*,*,#9303,.T.);
#9303 = EDGE_CURVE('',#9295,#9304,#9306,.T.);
#9304 = VERTEX_POINT('',#9305);
#9305 = CARTESIAN_POINT('',(2.429496640897,0.84,0.2479055467));
#9306 = LINE('',#9307,#9308);
#9307 = CARTESIAN_POINT('',(2.348480775301,0.84,0.742364817767));
#9308 = VECTOR('',#9309,1.);
#9309 = DIRECTION('',(0.161691392282,1.795135065956E-17,-0.986841372087)
  );
#9310 = ORIENTED_EDGE('',*,*,#9311,.T.);
#9311 = EDGE_CURVE('',#9304,#9312,#9314,.T.);
#9312 = VERTEX_POINT('',#9313);
#9313 = CARTESIAN_POINT('',(2.724938966801,0.84,-1.665334536938E-16));
#9314 = CIRCLE('',#9315,0.3);
#9315 = AXIS2_PLACEMENT_3D('',#9316,#9317,#9318);
#9316 = CARTESIAN_POINT('',(2.724938966801,0.84,0.3));
#9317 = DIRECTION('',(1.110223024625E-16,-1.,0.));
#9318 = DIRECTION('',(-0.984807753012,-1.093356242223E-16,
    -0.173648177667));
#9319 = ORIENTED_EDGE('',*,*,#9320,.T.);
#9320 = EDGE_CURVE('',#9312,#9321,#9323,.T.);
#9321 = VERTEX_POINT('',#9322);
#9322 = CARTESIAN_POINT('',(3.,0.84,-1.665334536938E-16));
#9323 = LINE('',#9324,#9325);
#9324 = CARTESIAN_POINT('',(2.724938966801,0.84,-1.665334536938E-16));
#9325 = VECTOR('',#9326,1.);
#9326 = DIRECTION('',(1.,1.110223024625E-16,0.));
#9327 = ORIENTED_EDGE('',*,*,#9328,.T.);
#9328 = EDGE_CURVE('',#9321,#9329,#9331,.T.);
#9329 = VERTEX_POINT('',#9330);
#9330 = CARTESIAN_POINT('',(3.,0.84,0.2));
#9331 = LINE('',#9332,#9333);
#9332 = CARTESIAN_POINT('',(3.,0.84,-1.665334536938E-16));
#9333 = VECTOR('',#9334,1.);
#9334 = DIRECTION('',(0.,0.,1.));
#9335 = ORIENTED_EDGE('',*,*,#9336,.T.);
#9336 = EDGE_CURVE('',#9329,#9337,#9339,.T.);
#9337 = VERTEX_POINT('',#9338);
#9338 = CARTESIAN_POINT('',(2.724938966801,0.84,0.2));
#9339 = LINE('',#9340,#9341);
#9340 = CARTESIAN_POINT('',(3.,0.84,0.2));
#9341 = VECTOR('',#9342,1.);
#9342 = DIRECTION('',(-1.,-1.110223024625E-16,0.));
#9343 = ORIENTED_EDGE('',*,*,#9344,.T.);
#9344 = EDGE_CURVE('',#9337,#9345,#9347,.T.);
#9345 = VERTEX_POINT('',#9346);
#9346 = CARTESIAN_POINT('',(2.6264581915,0.84,0.282635182233));
#9347 = CIRCLE('',#9348,0.1);
#9348 = AXIS2_PLACEMENT_3D('',#9349,#9350,#9351);
#9349 = CARTESIAN_POINT('',(2.724938966801,0.84,0.3));
#9350 = DIRECTION('',(-1.110223024625E-16,1.,0.));
#9351 = DIRECTION('',(0.,0.,-1.));
#9352 = ORIENTED_EDGE('',*,*,#9353,.T.);
#9353 = EDGE_CURVE('',#9345,#9354,#9356,.T.);
#9354 = VERTEX_POINT('',#9355);
#9355 = CARTESIAN_POINT('',(2.545442325904,0.84,0.7770944533));
#9356 = LINE('',#9357,#9358);
#9357 = CARTESIAN_POINT('',(2.6264581915,0.84,0.282635182233));
#9358 = VECTOR('',#9359,1.);
#9359 = DIRECTION('',(-0.161691392282,-1.795135065956E-17,0.986841372087
    ));
#9360 = ORIENTED_EDGE('',*,*,#9361,.T.);
#9361 = EDGE_CURVE('',#9354,#9362,#9364,.T.);
#9362 = VERTEX_POINT('',#9363);
#9363 = CARTESIAN_POINT('',(2.25,0.84,1.025));
#9364 = CIRCLE('',#9365,0.3);
#9365 = AXIS2_PLACEMENT_3D('',#9366,#9367,#9368);
#9366 = CARTESIAN_POINT('',(2.25,0.84,0.725));
#9367 = DIRECTION('',(1.110223024625E-16,-1.,0.));
#9368 = DIRECTION('',(0.984807753012,1.093356242223E-16,0.173648177667)
  );
#9369 = ORIENTED_EDGE('',*,*,#9370,.T.);
#9370 = EDGE_CURVE('',#9362,#7594,#9371,.T.);
#9371 = LINE('',#9372,#9373);
#9372 = CARTESIAN_POINT('',(2.25,0.84,1.025));
#9373 = VECTOR('',#9374,1.);
#9374 = DIRECTION('',(-1.,-1.110223024625E-16,0.));
#9375 = PLANE('',#9376);
#9376 = AXIS2_PLACEMENT_3D('',#9377,#9378,#9379);
#9377 = CARTESIAN_POINT('',(2.42560961319,0.84,0.548953137803));
#9378 = DIRECTION('',(1.110223024625E-16,-1.,0.));
#9379 = DIRECTION('',(0.,0.,1.));
#9380 = ADVANCED_FACE('',(#9381),#9400,.F.);
#9381 = FACE_BOUND('',#9382,.F.);
#9382 = EDGE_LOOP('',(#9383,#9384,#9393,#9399));
#9383 = ORIENTED_EDGE('',*,*,#7632,.T.);
#9384 = ORIENTED_EDGE('',*,*,#9385,.T.);
#9385 = EDGE_CURVE('',#7625,#9386,#9388,.T.);
#9386 = VERTEX_POINT('',#9387);
#9387 = CARTESIAN_POINT('',(2.348480775301,0.43,0.742364817767));
#9388 = CIRCLE('',#9389,0.1);
#9389 = AXIS2_PLACEMENT_3D('',#9390,#9391,#9392);
#9390 = CARTESIAN_POINT('',(2.25,0.43,0.725));
#9391 = DIRECTION('',(-1.110223024625E-16,1.,0.));
#9392 = DIRECTION('',(4.440892098501E-15,4.930380657631E-31,1.));
#9393 = ORIENTED_EDGE('',*,*,#9394,.F.);
#9394 = EDGE_CURVE('',#9295,#9386,#9395,.T.);
#9395 = LINE('',#9396,#9397);
#9396 = CARTESIAN_POINT('',(2.348480775301,0.84,0.742364817767));
#9397 = VECTOR('',#9398,1.);
#9398 = DIRECTION('',(1.110223024625E-16,-1.,0.));
#9399 = ORIENTED_EDGE('',*,*,#9294,.F.);
#9400 = CYLINDRICAL_SURFACE('',#9401,0.1);
#9401 = AXIS2_PLACEMENT_3D('',#9402,#9403,#9404);
#9402 = CARTESIAN_POINT('',(2.25,0.84,0.725));
#9403 = DIRECTION('',(-1.110223024625E-16,1.,0.));
#9404 = DIRECTION('',(4.440892098501E-15,4.930380657631E-31,1.));
#9405 = ADVANCED_FACE('',(#9406),#9484,.T.);
#9406 = FACE_BOUND('',#9407,.T.);
#9407 = EDGE_LOOP('',(#9408,#9409,#9410,#9411,#9419,#9428,#9436,#9444,
    #9452,#9461,#9469,#9478));
#9408 = ORIENTED_EDGE('',*,*,#7646,.F.);
#9409 = ORIENTED_EDGE('',*,*,#7624,.T.);
#9410 = ORIENTED_EDGE('',*,*,#9385,.T.);
#9411 = ORIENTED_EDGE('',*,*,#9412,.T.);
#9412 = EDGE_CURVE('',#9386,#9413,#9415,.T.);
#9413 = VERTEX_POINT('',#9414);
#9414 = CARTESIAN_POINT('',(2.429496640897,0.43,0.2479055467));
#9415 = LINE('',#9416,#9417);
#9416 = CARTESIAN_POINT('',(2.348480775301,0.43,0.742364817767));
#9417 = VECTOR('',#9418,1.);
#9418 = DIRECTION('',(0.161691392282,1.795135065956E-17,-0.986841372087)
  );
#9419 = ORIENTED_EDGE('',*,*,#9420,.T.);
#9420 = EDGE_CURVE('',#9413,#9421,#9423,.T.);
#9421 = VERTEX_POINT('',#9422);
#9422 = CARTESIAN_POINT('',(2.724938966801,0.43,-1.665334536938E-16));
#9423 = CIRCLE('',#9424,0.3);
#9424 = AXIS2_PLACEMENT_3D('',#9425,#9426,#9427);
#9425 = CARTESIAN_POINT('',(2.724938966801,0.43,0.3));
#9426 = DIRECTION('',(1.110223024625E-16,-1.,0.));
#9427 = DIRECTION('',(-0.984807753012,-1.093356242223E-16,
    -0.173648177667));
#9428 = ORIENTED_EDGE('',*,*,#9429,.T.);
#9429 = EDGE_CURVE('',#9421,#9430,#9432,.T.);
#9430 = VERTEX_POINT('',#9431);
#9431 = CARTESIAN_POINT('',(3.,0.43,-1.665334536938E-16));
#9432 = LINE('',#9433,#9434);
#9433 = CARTESIAN_POINT('',(2.724938966801,0.43,-1.665334536938E-16));
#9434 = VECTOR('',#9435,1.);
#9435 = DIRECTION('',(1.,1.110223024625E-16,0.));
#9436 = ORIENTED_EDGE('',*,*,#9437,.T.);
#9437 = EDGE_CURVE('',#9430,#9438,#9440,.T.);
#9438 = VERTEX_POINT('',#9439);
#9439 = CARTESIAN_POINT('',(3.,0.43,0.2));
#9440 = LINE('',#9441,#9442);
#9441 = CARTESIAN_POINT('',(3.,0.43,-1.665334536938E-16));
#9442 = VECTOR('',#9443,1.);
#9443 = DIRECTION('',(0.,0.,1.));
#9444 = ORIENTED_EDGE('',*,*,#9445,.T.);
#9445 = EDGE_CURVE('',#9438,#9446,#9448,.T.);
#9446 = VERTEX_POINT('',#9447);
#9447 = CARTESIAN_POINT('',(2.724938966801,0.43,0.2));
#9448 = LINE('',#9449,#9450);
#9449 = CARTESIAN_POINT('',(3.,0.43,0.2));
#9450 = VECTOR('',#9451,1.);
#9451 = DIRECTION('',(-1.,-1.110223024625E-16,0.));
#9452 = ORIENTED_EDGE('',*,*,#9453,.T.);
#9453 = EDGE_CURVE('',#9446,#9454,#9456,.T.);
#9454 = VERTEX_POINT('',#9455);
#9455 = CARTESIAN_POINT('',(2.6264581915,0.43,0.282635182233));
#9456 = CIRCLE('',#9457,0.1);
#9457 = AXIS2_PLACEMENT_3D('',#9458,#9459,#9460);
#9458 = CARTESIAN_POINT('',(2.724938966801,0.43,0.3));
#9459 = DIRECTION('',(-1.110223024625E-16,1.,0.));
#9460 = DIRECTION('',(0.,0.,-1.));
#9461 = ORIENTED_EDGE('',*,*,#9462,.T.);
#9462 = EDGE_CURVE('',#9454,#9463,#9465,.T.);
#9463 = VERTEX_POINT('',#9464);
#9464 = CARTESIAN_POINT('',(2.545442325904,0.43,0.7770944533));
#9465 = LINE('',#9466,#9467);
#9466 = CARTESIAN_POINT('',(2.6264581915,0.43,0.282635182233));
#9467 = VECTOR('',#9468,1.);
#9468 = DIRECTION('',(-0.161691392282,-1.795135065956E-17,0.986841372087
    ));
#9469 = ORIENTED_EDGE('',*,*,#9470,.T.);
#9470 = EDGE_CURVE('',#9463,#9471,#9473,.T.);
#9471 = VERTEX_POINT('',#9472);
#9472 = CARTESIAN_POINT('',(2.25,0.43,1.025));
#9473 = CIRCLE('',#9474,0.3);
#9474 = AXIS2_PLACEMENT_3D('',#9475,#9476,#9477);
#9475 = CARTESIAN_POINT('',(2.25,0.43,0.725));
#9476 = DIRECTION('',(1.110223024625E-16,-1.,0.));
#9477 = DIRECTION('',(0.984807753012,1.093356242223E-16,0.173648177667)
  );
#9478 = ORIENTED_EDGE('',*,*,#9479,.T.);
#9479 = EDGE_CURVE('',#9471,#7647,#9480,.T.);
#9480 = LINE('',#9481,#9482);
#9481 = CARTESIAN_POINT('',(2.25,0.43,1.025));
#9482 = VECTOR('',#9483,1.);
#9483 = DIRECTION('',(-1.,-1.110223024625E-16,0.));
#9484 = PLANE('',#9485);
#9485 = AXIS2_PLACEMENT_3D('',#9486,#9487,#9488);
#9486 = CARTESIAN_POINT('',(2.42560961319,0.43,0.548953137803));
#9487 = DIRECTION('',(1.110223024625E-16,-1.,0.));
#9488 = DIRECTION('',(0.,0.,1.));
#9489 = ADVANCED_FACE('',(#9490),#9506,.F.);
#9490 = FACE_BOUND('',#9491,.F.);
#9491 = EDGE_LOOP('',(#9492,#9498,#9499,#9505));
#9492 = ORIENTED_EDGE('',*,*,#9493,.F.);
#9493 = EDGE_CURVE('',#7647,#8081,#9494,.T.);
#9494 = LINE('',#9495,#9496);
#9495 = CARTESIAN_POINT('',(2.25,0.43,1.025));
#9496 = VECTOR('',#9497,1.);
#9497 = DIRECTION('',(-1.,-1.110223024625E-16,0.));
#9498 = ORIENTED_EDGE('',*,*,#7663,.T.);
#9499 = ORIENTED_EDGE('',*,*,#9500,.T.);
#9500 = EDGE_CURVE('',#7656,#8089,#9501,.T.);
#9501 = LINE('',#9502,#9503);
#9502 = CARTESIAN_POINT('',(2.25,-0.43,1.025));
#9503 = VECTOR('',#9504,1.);
#9504 = DIRECTION('',(-1.,-1.110223024625E-16,0.));
#9505 = ORIENTED_EDGE('',*,*,#8088,.F.);
#9506 = PLANE('',#9507);
#9507 = AXIS2_PLACEMENT_3D('',#9508,#9509,#9510);
#9508 = CARTESIAN_POINT('',(-3.027078129022E-16,2.4125,1.025));
#9509 = DIRECTION('',(2.007919022429E-31,-7.713306628828E-27,-1.));
#9510 = DIRECTION('',(1.,1.112083013911E-16,2.00791902242E-31));
#9511 = ADVANCED_FACE('',(#9512),#9598,.F.);
#9512 = FACE_BOUND('',#9513,.F.);
#9513 = EDGE_LOOP('',(#9514,#9515,#9516,#9525,#9533,#9542,#9550,#9558,
    #9566,#9575,#9583,#9592));
#9514 = ORIENTED_EDGE('',*,*,#7655,.F.);
#9515 = ORIENTED_EDGE('',*,*,#7677,.T.);
#9516 = ORIENTED_EDGE('',*,*,#9517,.T.);
#9517 = EDGE_CURVE('',#7678,#9518,#9520,.T.);
#9518 = VERTEX_POINT('',#9519);
#9519 = CARTESIAN_POINT('',(2.348480775301,-0.43,0.742364817767));
#9520 = CIRCLE('',#9521,0.1);
#9521 = AXIS2_PLACEMENT_3D('',#9522,#9523,#9524);
#9522 = CARTESIAN_POINT('',(2.25,-0.43,0.725));
#9523 = DIRECTION('',(-1.110223024625E-16,1.,0.));
#9524 = DIRECTION('',(4.440892098501E-15,4.930380657631E-31,1.));
#9525 = ORIENTED_EDGE('',*,*,#9526,.T.);
#9526 = EDGE_CURVE('',#9518,#9527,#9529,.T.);
#9527 = VERTEX_POINT('',#9528);
#9528 = CARTESIAN_POINT('',(2.429496640897,-0.43,0.2479055467));
#9529 = LINE('',#9530,#9531);
#9530 = CARTESIAN_POINT('',(2.348480775301,-0.43,0.742364817767));
#9531 = VECTOR('',#9532,1.);
#9532 = DIRECTION('',(0.161691392282,1.795135065956E-17,-0.986841372087)
  );
#9533 = ORIENTED_EDGE('',*,*,#9534,.T.);
#9534 = EDGE_CURVE('',#9527,#9535,#9537,.T.);
#9535 = VERTEX_POINT('',#9536);
#9536 = CARTESIAN_POINT('',(2.724938966801,-0.43,-1.665334536938E-16));
#9537 = CIRCLE('',#9538,0.3);
#9538 = AXIS2_PLACEMENT_3D('',#9539,#9540,#9541);
#9539 = CARTESIAN_POINT('',(2.724938966801,-0.43,0.3));
#9540 = DIRECTION('',(1.110223024625E-16,-1.,0.));
#9541 = DIRECTION('',(-0.984807753012,-1.093356242223E-16,
    -0.173648177667));
#9542 = ORIENTED_EDGE('',*,*,#9543,.T.);
#9543 = EDGE_CURVE('',#9535,#9544,#9546,.T.);
#9544 = VERTEX_POINT('',#9545);
#9545 = CARTESIAN_POINT('',(3.,-0.43,-1.665334536938E-16));
#9546 = LINE('',#9547,#9548);
#9547 = CARTESIAN_POINT('',(2.724938966801,-0.43,-1.665334536938E-16));
#9548 = VECTOR('',#9549,1.);
#9549 = DIRECTION('',(1.,1.110223024625E-16,0.));
#9550 = ORIENTED_EDGE('',*,*,#9551,.T.);
#9551 = EDGE_CURVE('',#9544,#9552,#9554,.T.);
#9552 = VERTEX_POINT('',#9553);
#9553 = CARTESIAN_POINT('',(3.,-0.43,0.2));
#9554 = LINE('',#9555,#9556);
#9555 = CARTESIAN_POINT('',(3.,-0.43,-1.665334536938E-16));
#9556 = VECTOR('',#9557,1.);
#9557 = DIRECTION('',(0.,0.,1.));
#9558 = ORIENTED_EDGE('',*,*,#9559,.T.);
#9559 = EDGE_CURVE('',#9552,#9560,#9562,.T.);
#9560 = VERTEX_POINT('',#9561);
#9561 = CARTESIAN_POINT('',(2.724938966801,-0.43,0.2));
#9562 = LINE('',#9563,#9564);
#9563 = CARTESIAN_POINT('',(3.,-0.43,0.2));
#9564 = VECTOR('',#9565,1.);
#9565 = DIRECTION('',(-1.,-1.110223024625E-16,0.));
#9566 = ORIENTED_EDGE('',*,*,#9567,.T.);
#9567 = EDGE_CURVE('',#9560,#9568,#9570,.T.);
#9568 = VERTEX_POINT('',#9569);
#9569 = CARTESIAN_POINT('',(2.6264581915,-0.43,0.282635182233));
#9570 = CIRCLE('',#9571,0.1);
#9571 = AXIS2_PLACEMENT_3D('',#9572,#9573,#9574);
#9572 = CARTESIAN_POINT('',(2.724938966801,-0.43,0.3));
#9573 = DIRECTION('',(-1.110223024625E-16,1.,0.));
#9574 = DIRECTION('',(0.,0.,-1.));
#9575 = ORIENTED_EDGE('',*,*,#9576,.T.);
#9576 = EDGE_CURVE('',#9568,#9577,#9579,.T.);
#9577 = VERTEX_POINT('',#9578);
#9578 = CARTESIAN_POINT('',(2.545442325904,-0.43,0.7770944533));
#9579 = LINE('',#9580,#9581);
#9580 = CARTESIAN_POINT('',(2.6264581915,-0.43,0.282635182233));
#9581 = VECTOR('',#9582,1.);
#9582 = DIRECTION('',(-0.161691392282,-1.795135065956E-17,0.986841372087
    ));
#9583 = ORIENTED_EDGE('',*,*,#9584,.T.);
#9584 = EDGE_CURVE('',#9577,#9585,#9587,.T.);
#9585 = VERTEX_POINT('',#9586);
#9586 = CARTESIAN_POINT('',(2.25,-0.43,1.025));
#9587 = CIRCLE('',#9588,0.3);
#9588 = AXIS2_PLACEMENT_3D('',#9589,#9590,#9591);
#9589 = CARTESIAN_POINT('',(2.25,-0.43,0.725));
#9590 = DIRECTION('',(1.110223024625E-16,-1.,0.));
#9591 = DIRECTION('',(0.984807753012,1.093356242223E-16,0.173648177667)
  );
#9592 = ORIENTED_EDGE('',*,*,#9593,.T.);
#9593 = EDGE_CURVE('',#9585,#7656,#9594,.T.);
#9594 = LINE('',#9595,#9596);
#9595 = CARTESIAN_POINT('',(2.25,-0.43,1.025));
#9596 = VECTOR('',#9597,1.);
#9597 = DIRECTION('',(-1.,-1.110223024625E-16,0.));
#9598 = PLANE('',#9599);
#9599 = AXIS2_PLACEMENT_3D('',#9600,#9601,#9602);
#9600 = CARTESIAN_POINT('',(2.42560961319,-0.43,0.548953137803));
#9601 = DIRECTION('',(1.110223024625E-16,-1.,0.));
#9602 = DIRECTION('',(0.,0.,1.));
#9603 = ADVANCED_FACE('',(#9604),#9623,.F.);
#9604 = FACE_BOUND('',#9605,.F.);
#9605 = EDGE_LOOP('',(#9606,#9607,#9616,#9622));
#9606 = ORIENTED_EDGE('',*,*,#7694,.T.);
#9607 = ORIENTED_EDGE('',*,*,#9608,.T.);
#9608 = EDGE_CURVE('',#7687,#9609,#9611,.T.);
#9609 = VERTEX_POINT('',#9610);
#9610 = CARTESIAN_POINT('',(2.348480775301,-0.84,0.742364817767));
#9611 = CIRCLE('',#9612,0.1);
#9612 = AXIS2_PLACEMENT_3D('',#9613,#9614,#9615);
#9613 = CARTESIAN_POINT('',(2.25,-0.84,0.725));
#9614 = DIRECTION('',(-1.110223024625E-16,1.,0.));
#9615 = DIRECTION('',(4.440892098501E-15,4.930380657631E-31,1.));
#9616 = ORIENTED_EDGE('',*,*,#9617,.F.);
#9617 = EDGE_CURVE('',#9518,#9609,#9618,.T.);
#9618 = LINE('',#9619,#9620);
#9619 = CARTESIAN_POINT('',(2.348480775301,-0.43,0.742364817767));
#9620 = VECTOR('',#9621,1.);
#9621 = DIRECTION('',(1.110223024625E-16,-1.,0.));
#9622 = ORIENTED_EDGE('',*,*,#9517,.F.);
#9623 = CYLINDRICAL_SURFACE('',#9624,0.1);
#9624 = AXIS2_PLACEMENT_3D('',#9625,#9626,#9627);
#9625 = CARTESIAN_POINT('',(2.25,-0.43,0.725));
#9626 = DIRECTION('',(-1.110223024625E-16,1.,0.));
#9627 = DIRECTION('',(4.440892098501E-15,4.930380657631E-31,1.));
#9628 = ADVANCED_FACE('',(#9629),#9707,.T.);
#9629 = FACE_BOUND('',#9630,.T.);
#9630 = EDGE_LOOP('',(#9631,#9632,#9633,#9634,#9642,#9651,#9659,#9667,
    #9675,#9684,#9692,#9701));
#9631 = ORIENTED_EDGE('',*,*,#7708,.F.);
#9632 = ORIENTED_EDGE('',*,*,#7686,.T.);
#9633 = ORIENTED_EDGE('',*,*,#9608,.T.);
#9634 = ORIENTED_EDGE('',*,*,#9635,.T.);
#9635 = EDGE_CURVE('',#9609,#9636,#9638,.T.);
#9636 = VERTEX_POINT('',#9637);
#9637 = CARTESIAN_POINT('',(2.429496640897,-0.84,0.2479055467));
#9638 = LINE('',#9639,#9640);
#9639 = CARTESIAN_POINT('',(2.348480775301,-0.84,0.742364817767));
#9640 = VECTOR('',#9641,1.);
#9641 = DIRECTION('',(0.161691392282,1.795135065956E-17,-0.986841372087)
  );
#9642 = ORIENTED_EDGE('',*,*,#9643,.T.);
#9643 = EDGE_CURVE('',#9636,#9644,#9646,.T.);
#9644 = VERTEX_POINT('',#9645);
#9645 = CARTESIAN_POINT('',(2.724938966801,-0.84,-1.665334536938E-16));
#9646 = CIRCLE('',#9647,0.3);
#9647 = AXIS2_PLACEMENT_3D('',#9648,#9649,#9650);
#9648 = CARTESIAN_POINT('',(2.724938966801,-0.84,0.3));
#9649 = DIRECTION('',(1.110223024625E-16,-1.,0.));
#9650 = DIRECTION('',(-0.984807753012,-1.093356242223E-16,
    -0.173648177667));
#9651 = ORIENTED_EDGE('',*,*,#9652,.T.);
#9652 = EDGE_CURVE('',#9644,#9653,#9655,.T.);
#9653 = VERTEX_POINT('',#9654);
#9654 = CARTESIAN_POINT('',(3.,-0.84,-1.665334536938E-16));
#9655 = LINE('',#9656,#9657);
#9656 = CARTESIAN_POINT('',(2.724938966801,-0.84,-1.665334536938E-16));
#9657 = VECTOR('',#9658,1.);
#9658 = DIRECTION('',(1.,1.110223024625E-16,0.));
#9659 = ORIENTED_EDGE('',*,*,#9660,.T.);
#9660 = EDGE_CURVE('',#9653,#9661,#9663,.T.);
#9661 = VERTEX_POINT('',#9662);
#9662 = CARTESIAN_POINT('',(3.,-0.84,0.2));
#9663 = LINE('',#9664,#9665);
#9664 = CARTESIAN_POINT('',(3.,-0.84,-1.665334536938E-16));
#9665 = VECTOR('',#9666,1.);
#9666 = DIRECTION('',(0.,0.,1.));
#9667 = ORIENTED_EDGE('',*,*,#9668,.T.);
#9668 = EDGE_CURVE('',#9661,#9669,#9671,.T.);
#9669 = VERTEX_POINT('',#9670);
#9670 = CARTESIAN_POINT('',(2.724938966801,-0.84,0.2));
#9671 = LINE('',#9672,#9673);
#9672 = CARTESIAN_POINT('',(3.,-0.84,0.2));
#9673 = VECTOR('',#9674,1.);
#9674 = DIRECTION('',(-1.,-1.110223024625E-16,0.));
#9675 = ORIENTED_EDGE('',*,*,#9676,.T.);
#9676 = EDGE_CURVE('',#9669,#9677,#9679,.T.);
#9677 = VERTEX_POINT('',#9678);
#9678 = CARTESIAN_POINT('',(2.6264581915,-0.84,0.282635182233));
#9679 = CIRCLE('',#9680,0.1);
#9680 = AXIS2_PLACEMENT_3D('',#9681,#9682,#9683);
#9681 = CARTESIAN_POINT('',(2.724938966801,-0.84,0.3));
#9682 = DIRECTION('',(-1.110223024625E-16,1.,0.));
#9683 = DIRECTION('',(0.,0.,-1.));
#9684 = ORIENTED_EDGE('',*,*,#9685,.T.);
#9685 = EDGE_CURVE('',#9677,#9686,#9688,.T.);
#9686 = VERTEX_POINT('',#9687);
#9687 = CARTESIAN_POINT('',(2.545442325904,-0.84,0.7770944533));
#9688 = LINE('',#9689,#9690);
#9689 = CARTESIAN_POINT('',(2.6264581915,-0.84,0.282635182233));
#9690 = VECTOR('',#9691,1.);
#9691 = DIRECTION('',(-0.161691392282,-1.795135065956E-17,0.986841372087
    ));
#9692 = ORIENTED_EDGE('',*,*,#9693,.T.);
#9693 = EDGE_CURVE('',#9686,#9694,#9696,.T.);
#9694 = VERTEX_POINT('',#9695);
#9695 = CARTESIAN_POINT('',(2.25,-0.84,1.025));
#9696 = CIRCLE('',#9697,0.3);
#9697 = AXIS2_PLACEMENT_3D('',#9698,#9699,#9700);
#9698 = CARTESIAN_POINT('',(2.25,-0.84,0.725));
#9699 = DIRECTION('',(1.110223024625E-16,-1.,0.));
#9700 = DIRECTION('',(0.984807753012,1.093356242223E-16,0.173648177667)
  );
#9701 = ORIENTED_EDGE('',*,*,#9702,.T.);
#9702 = EDGE_CURVE('',#9694,#7709,#9703,.T.);
#9703 = LINE('',#9704,#9705);
#9704 = CARTESIAN_POINT('',(2.25,-0.84,1.025));
#9705 = VECTOR('',#9706,1.);
#9706 = DIRECTION('',(-1.,-1.110223024625E-16,0.));
#9707 = PLANE('',#9708);
#9708 = AXIS2_PLACEMENT_3D('',#9709,#9710,#9711);
#9709 = CARTESIAN_POINT('',(2.42560961319,-0.84,0.548953137803));
#9710 = DIRECTION('',(1.110223024625E-16,-1.,0.));
#9711 = DIRECTION('',(0.,0.,1.));
#9712 = ADVANCED_FACE('',(#9713),#9729,.F.);
#9713 = FACE_BOUND('',#9714,.F.);
#9714 = EDGE_LOOP('',(#9715,#9721,#9722,#9728));
#9715 = ORIENTED_EDGE('',*,*,#9716,.F.);
#9716 = EDGE_CURVE('',#7709,#8097,#9717,.T.);
#9717 = LINE('',#9718,#9719);
#9718 = CARTESIAN_POINT('',(2.25,-0.84,1.025));
#9719 = VECTOR('',#9720,1.);
#9720 = DIRECTION('',(-1.,-1.110223024625E-16,0.));
#9721 = ORIENTED_EDGE('',*,*,#7725,.T.);
#9722 = ORIENTED_EDGE('',*,*,#9723,.T.);
#9723 = EDGE_CURVE('',#7718,#8105,#9724,.T.);
#9724 = LINE('',#9725,#9726);
#9725 = CARTESIAN_POINT('',(2.25,-1.7,1.025));
#9726 = VECTOR('',#9727,1.);
#9727 = DIRECTION('',(-1.,-1.110223024625E-16,0.));
#9728 = ORIENTED_EDGE('',*,*,#8104,.F.);
#9729 = PLANE('',#9730);
#9730 = AXIS2_PLACEMENT_3D('',#9731,#9732,#9733);
#9731 = CARTESIAN_POINT('',(-3.027078129022E-16,2.4125,1.025));
#9732 = DIRECTION('',(2.007919022429E-31,-7.713306628828E-27,-1.));
#9733 = DIRECTION('',(1.,1.112083013911E-16,2.00791902242E-31));
#9734 = ADVANCED_FACE('',(#9735),#9821,.F.);
#9735 = FACE_BOUND('',#9736,.F.);
#9736 = EDGE_LOOP('',(#9737,#9738,#9739,#9748,#9756,#9765,#9773,#9781,
    #9789,#9798,#9806,#9815));
#9737 = ORIENTED_EDGE('',*,*,#7717,.F.);
#9738 = ORIENTED_EDGE('',*,*,#7739,.T.);
#9739 = ORIENTED_EDGE('',*,*,#9740,.T.);
#9740 = EDGE_CURVE('',#7740,#9741,#9743,.T.);
#9741 = VERTEX_POINT('',#9742);
#9742 = CARTESIAN_POINT('',(2.348480775301,-1.7,0.742364817767));
#9743 = CIRCLE('',#9744,0.1);
#9744 = AXIS2_PLACEMENT_3D('',#9745,#9746,#9747);
#9745 = CARTESIAN_POINT('',(2.25,-1.7,0.725));
#9746 = DIRECTION('',(-1.110223024625E-16,1.,0.));
#9747 = DIRECTION('',(4.440892098501E-15,4.930380657631E-31,1.));
#9748 = ORIENTED_EDGE('',*,*,#9749,.T.);
#9749 = EDGE_CURVE('',#9741,#9750,#9752,.T.);
#9750 = VERTEX_POINT('',#9751);
#9751 = CARTESIAN_POINT('',(2.429496640897,-1.7,0.2479055467));
#9752 = LINE('',#9753,#9754);
#9753 = CARTESIAN_POINT('',(2.348480775301,-1.7,0.742364817767));
#9754 = VECTOR('',#9755,1.);
#9755 = DIRECTION('',(0.161691392282,1.795135065956E-17,-0.986841372087)
  );
#9756 = ORIENTED_EDGE('',*,*,#9757,.T.);
#9757 = EDGE_CURVE('',#9750,#9758,#9760,.T.);
#9758 = VERTEX_POINT('',#9759);
#9759 = CARTESIAN_POINT('',(2.724938966801,-1.7,-1.665334536938E-16));
#9760 = CIRCLE('',#9761,0.3);
#9761 = AXIS2_PLACEMENT_3D('',#9762,#9763,#9764);
#9762 = CARTESIAN_POINT('',(2.724938966801,-1.7,0.3));
#9763 = DIRECTION('',(1.110223024625E-16,-1.,0.));
#9764 = DIRECTION('',(-0.984807753012,-1.093356242223E-16,
    -0.173648177667));
#9765 = ORIENTED_EDGE('',*,*,#9766,.T.);
#9766 = EDGE_CURVE('',#9758,#9767,#9769,.T.);
#9767 = VERTEX_POINT('',#9768);
#9768 = CARTESIAN_POINT('',(3.,-1.7,-1.665334536938E-16));
#9769 = LINE('',#9770,#9771);
#9770 = CARTESIAN_POINT('',(2.724938966801,-1.7,-1.665334536938E-16));
#9771 = VECTOR('',#9772,1.);
#9772 = DIRECTION('',(1.,1.110223024625E-16,0.));
#9773 = ORIENTED_EDGE('',*,*,#9774,.T.);
#9774 = EDGE_CURVE('',#9767,#9775,#9777,.T.);
#9775 = VERTEX_POINT('',#9776);
#9776 = CARTESIAN_POINT('',(3.,-1.7,0.2));
#9777 = LINE('',#9778,#9779);
#9778 = CARTESIAN_POINT('',(3.,-1.7,-1.665334536938E-16));
#9779 = VECTOR('',#9780,1.);
#9780 = DIRECTION('',(0.,0.,1.));
#9781 = ORIENTED_EDGE('',*,*,#9782,.T.);
#9782 = EDGE_CURVE('',#9775,#9783,#9785,.T.);
#9783 = VERTEX_POINT('',#9784);
#9784 = CARTESIAN_POINT('',(2.724938966801,-1.7,0.2));
#9785 = LINE('',#9786,#9787);
#9786 = CARTESIAN_POINT('',(3.,-1.7,0.2));
#9787 = VECTOR('',#9788,1.);
#9788 = DIRECTION('',(-1.,-1.110223024625E-16,0.));
#9789 = ORIENTED_EDGE('',*,*,#9790,.T.);
#9790 = EDGE_CURVE('',#9783,#9791,#9793,.T.);
#9791 = VERTEX_POINT('',#9792);
#9792 = CARTESIAN_POINT('',(2.6264581915,-1.7,0.282635182233));
#9793 = CIRCLE('',#9794,0.1);
#9794 = AXIS2_PLACEMENT_3D('',#9795,#9796,#9797);
#9795 = CARTESIAN_POINT('',(2.724938966801,-1.7,0.3));
#9796 = DIRECTION('',(-1.110223024625E-16,1.,0.));
#9797 = DIRECTION('',(0.,0.,-1.));
#9798 = ORIENTED_EDGE('',*,*,#9799,.T.);
#9799 = EDGE_CURVE('',#9791,#9800,#9802,.T.);
#9800 = VERTEX_POINT('',#9801);
#9801 = CARTESIAN_POINT('',(2.545442325904,-1.7,0.7770944533));
#9802 = LINE('',#9803,#9804);
#9803 = CARTESIAN_POINT('',(2.6264581915,-1.7,0.282635182233));
#9804 = VECTOR('',#9805,1.);
#9805 = DIRECTION('',(-0.161691392282,-1.795135065956E-17,0.986841372087
    ));
#9806 = ORIENTED_EDGE('',*,*,#9807,.T.);
#9807 = EDGE_CURVE('',#9800,#9808,#9810,.T.);
#9808 = VERTEX_POINT('',#9809);
#9809 = CARTESIAN_POINT('',(2.25,-1.7,1.025));
#9810 = CIRCLE('',#9811,0.3);
#9811 = AXIS2_PLACEMENT_3D('',#9812,#9813,#9814);
#9812 = CARTESIAN_POINT('',(2.25,-1.7,0.725));
#9813 = DIRECTION('',(1.110223024625E-16,-1.,0.));
#9814 = DIRECTION('',(0.984807753012,1.093356242223E-16,0.173648177667)
  );
#9815 = ORIENTED_EDGE('',*,*,#9816,.T.);
#9816 = EDGE_CURVE('',#9808,#7718,#9817,.T.);
#9817 = LINE('',#9818,#9819);
#9818 = CARTESIAN_POINT('',(2.25,-1.7,1.025));
#9819 = VECTOR('',#9820,1.);
#9820 = DIRECTION('',(-1.,-1.110223024625E-16,0.));
#9821 = PLANE('',#9822);
#9822 = AXIS2_PLACEMENT_3D('',#9823,#9824,#9825);
#9823 = CARTESIAN_POINT('',(2.42560961319,-1.7,0.548953137803));
#9824 = DIRECTION('',(1.110223024625E-16,-1.,0.));
#9825 = DIRECTION('',(0.,0.,1.));
#9826 = ADVANCED_FACE('',(#9827),#9846,.F.);
#9827 = FACE_BOUND('',#9828,.F.);
#9828 = EDGE_LOOP('',(#9829,#9830,#9839,#9845));
#9829 = ORIENTED_EDGE('',*,*,#7756,.T.);
#9830 = ORIENTED_EDGE('',*,*,#9831,.T.);
#9831 = EDGE_CURVE('',#7749,#9832,#9834,.T.);
#9832 = VERTEX_POINT('',#9833);
#9833 = CARTESIAN_POINT('',(2.348480775301,-2.11,0.742364817767));
#9834 = CIRCLE('',#9835,0.1);
#9835 = AXIS2_PLACEMENT_3D('',#9836,#9837,#9838);
#9836 = CARTESIAN_POINT('',(2.25,-2.11,0.725));
#9837 = DIRECTION('',(-1.110223024625E-16,1.,0.));
#9838 = DIRECTION('',(4.440892098501E-15,4.930380657631E-31,1.));
#9839 = ORIENTED_EDGE('',*,*,#9840,.F.);
#9840 = EDGE_CURVE('',#9741,#9832,#9841,.T.);
#9841 = LINE('',#9842,#9843);
#9842 = CARTESIAN_POINT('',(2.348480775301,-1.7,0.742364817767));
#9843 = VECTOR('',#9844,1.);
#9844 = DIRECTION('',(1.110223024625E-16,-1.,0.));
#9845 = ORIENTED_EDGE('',*,*,#9740,.F.);
#9846 = CYLINDRICAL_SURFACE('',#9847,0.1);
#9847 = AXIS2_PLACEMENT_3D('',#9848,#9849,#9850);
#9848 = CARTESIAN_POINT('',(2.25,-1.7,0.725));
#9849 = DIRECTION('',(-1.110223024625E-16,1.,0.));
#9850 = DIRECTION('',(4.440892098501E-15,4.930380657631E-31,1.));
#9851 = ADVANCED_FACE('',(#9852),#9930,.T.);
#9852 = FACE_BOUND('',#9853,.T.);
#9853 = EDGE_LOOP('',(#9854,#9855,#9856,#9857,#9865,#9874,#9882,#9890,
    #9898,#9907,#9915,#9924));
#9854 = ORIENTED_EDGE('',*,*,#7770,.F.);
#9855 = ORIENTED_EDGE('',*,*,#7748,.T.);
#9856 = ORIENTED_EDGE('',*,*,#9831,.T.);
#9857 = ORIENTED_EDGE('',*,*,#9858,.T.);
#9858 = EDGE_CURVE('',#9832,#9859,#9861,.T.);
#9859 = VERTEX_POINT('',#9860);
#9860 = CARTESIAN_POINT('',(2.429496640897,-2.11,0.2479055467));
#9861 = LINE('',#9862,#9863);
#9862 = CARTESIAN_POINT('',(2.348480775301,-2.11,0.742364817767));
#9863 = VECTOR('',#9864,1.);
#9864 = DIRECTION('',(0.161691392282,1.795135065956E-17,-0.986841372087)
  );
#9865 = ORIENTED_EDGE('',*,*,#9866,.T.);
#9866 = EDGE_CURVE('',#9859,#9867,#9869,.T.);
#9867 = VERTEX_POINT('',#9868);
#9868 = CARTESIAN_POINT('',(2.724938966801,-2.11,-1.665334536938E-16));
#9869 = CIRCLE('',#9870,0.3);
#9870 = AXIS2_PLACEMENT_3D('',#9871,#9872,#9873);
#9871 = CARTESIAN_POINT('',(2.724938966801,-2.11,0.3));
#9872 = DIRECTION('',(1.110223024625E-16,-1.,0.));
#9873 = DIRECTION('',(-0.984807753012,-1.093356242223E-16,
    -0.173648177667));
#9874 = ORIENTED_EDGE('',*,*,#9875,.T.);
#9875 = EDGE_CURVE('',#9867,#9876,#9878,.T.);
#9876 = VERTEX_POINT('',#9877);
#9877 = CARTESIAN_POINT('',(3.,-2.11,-1.665334536938E-16));
#9878 = LINE('',#9879,#9880);
#9879 = CARTESIAN_POINT('',(2.724938966801,-2.11,-1.665334536938E-16));
#9880 = VECTOR('',#9881,1.);
#9881 = DIRECTION('',(1.,1.110223024625E-16,0.));
#9882 = ORIENTED_EDGE('',*,*,#9883,.T.);
#9883 = EDGE_CURVE('',#9876,#9884,#9886,.T.);
#9884 = VERTEX_POINT('',#9885);
#9885 = CARTESIAN_POINT('',(3.,-2.11,0.2));
#9886 = LINE('',#9887,#9888);
#9887 = CARTESIAN_POINT('',(3.,-2.11,-1.665334536938E-16));
#9888 = VECTOR('',#9889,1.);
#9889 = DIRECTION('',(0.,0.,1.));
#9890 = ORIENTED_EDGE('',*,*,#9891,.T.);
#9891 = EDGE_CURVE('',#9884,#9892,#9894,.T.);
#9892 = VERTEX_POINT('',#9893);
#9893 = CARTESIAN_POINT('',(2.724938966801,-2.11,0.2));
#9894 = LINE('',#9895,#9896);
#9895 = CARTESIAN_POINT('',(3.,-2.11,0.2));
#9896 = VECTOR('',#9897,1.);
#9897 = DIRECTION('',(-1.,-1.110223024625E-16,0.));
#9898 = ORIENTED_EDGE('',*,*,#9899,.T.);
#9899 = EDGE_CURVE('',#9892,#9900,#9902,.T.);
#9900 = VERTEX_POINT('',#9901);
#9901 = CARTESIAN_POINT('',(2.6264581915,-2.11,0.282635182233));
#9902 = CIRCLE('',#9903,0.1);
#9903 = AXIS2_PLACEMENT_3D('',#9904,#9905,#9906);
#9904 = CARTESIAN_POINT('',(2.724938966801,-2.11,0.3));
#9905 = DIRECTION('',(-1.110223024625E-16,1.,0.));
#9906 = DIRECTION('',(0.,0.,-1.));
#9907 = ORIENTED_EDGE('',*,*,#9908,.T.);
#9908 = EDGE_CURVE('',#9900,#9909,#9911,.T.);
#9909 = VERTEX_POINT('',#9910);
#9910 = CARTESIAN_POINT('',(2.545442325904,-2.11,0.7770944533));
#9911 = LINE('',#9912,#9913);
#9912 = CARTESIAN_POINT('',(2.6264581915,-2.11,0.282635182233));
#9913 = VECTOR('',#9914,1.);
#9914 = DIRECTION('',(-0.161691392282,-1.795135065956E-17,0.986841372087
    ));
#9915 = ORIENTED_EDGE('',*,*,#9916,.T.);
#9916 = EDGE_CURVE('',#9909,#9917,#9919,.T.);
#9917 = VERTEX_POINT('',#9918);
#9918 = CARTESIAN_POINT('',(2.25,-2.11,1.025));
#9919 = CIRCLE('',#9920,0.3);
#9920 = AXIS2_PLACEMENT_3D('',#9921,#9922,#9923);
#9921 = CARTESIAN_POINT('',(2.25,-2.11,0.725));
#9922 = DIRECTION('',(1.110223024625E-16,-1.,0.));
#9923 = DIRECTION('',(0.984807753012,1.093356242223E-16,0.173648177667)
  );
#9924 = ORIENTED_EDGE('',*,*,#9925,.T.);
#9925 = EDGE_CURVE('',#9917,#7771,#9926,.T.);
#9926 = LINE('',#9927,#9928);
#9927 = CARTESIAN_POINT('',(2.25,-2.11,1.025));
#9928 = VECTOR('',#9929,1.);
#9929 = DIRECTION('',(-1.,-1.110223024625E-16,0.));
#9930 = PLANE('',#9931);
#9931 = AXIS2_PLACEMENT_3D('',#9932,#9933,#9934);
#9932 = CARTESIAN_POINT('',(2.42560961319,-2.11,0.548953137803));
#9933 = DIRECTION('',(1.110223024625E-16,-1.,0.));
#9934 = DIRECTION('',(0.,0.,1.));
#9935 = ADVANCED_FACE('',(#9936),#9947,.T.);
#9936 = FACE_BOUND('',#9937,.T.);
#9937 = EDGE_LOOP('',(#9938,#9939,#9940,#9941));
#9938 = ORIENTED_EDGE('',*,*,#8970,.T.);
#9939 = ORIENTED_EDGE('',*,*,#7871,.T.);
#9940 = ORIENTED_EDGE('',*,*,#9072,.F.);
#9941 = ORIENTED_EDGE('',*,*,#9942,.F.);
#9942 = EDGE_CURVE('',#8963,#9065,#9943,.T.);
#9943 = LINE('',#9944,#9945);
#9944 = CARTESIAN_POINT('',(-2.545442325904,1.7,0.7770944533));
#9945 = VECTOR('',#9946,1.);
#9946 = DIRECTION('',(1.144237745222E-17,1.,0.));
#9947 = CYLINDRICAL_SURFACE('',#9948,0.3);
#9948 = AXIS2_PLACEMENT_3D('',#9949,#9950,#9951);
#9949 = CARTESIAN_POINT('',(-2.25,1.7,0.725));
#9950 = DIRECTION('',(-1.144237745222E-17,-1.,0.));
#9951 = DIRECTION('',(-0.984807753012,1.126854202784E-17,0.173648177667)
  );
#9952 = ADVANCED_FACE('',(#9953),#9966,.F.);
#9953 = FACE_BOUND('',#9954,.F.);
#9954 = EDGE_LOOP('',(#9955,#9956,#9962,#9963,#9964,#9965));
#9955 = ORIENTED_EDGE('',*,*,#8315,.F.);
#9956 = ORIENTED_EDGE('',*,*,#9957,.T.);
#9957 = EDGE_CURVE('',#8307,#8416,#9958,.T.);
#9958 = LINE('',#9959,#9960);
#9959 = CARTESIAN_POINT('',(-2.25,-2.11,1.025));
#9960 = VECTOR('',#9961,1.);
#9961 = DIRECTION('',(1.144237745222E-17,1.,0.));
#9962 = ORIENTED_EDGE('',*,*,#8424,.T.);
#9963 = ORIENTED_EDGE('',*,*,#8446,.T.);
#9964 = ORIENTED_EDGE('',*,*,#7918,.F.);
#9965 = ORIENTED_EDGE('',*,*,#8189,.F.);
#9966 = PLANE('',#9967);
#9967 = AXIS2_PLACEMENT_3D('',#9968,#9969,#9970);
#9968 = CARTESIAN_POINT('',(-2.25,-2.11,1.025));
#9969 = DIRECTION('',(0.,0.,-1.));
#9970 = DIRECTION('',(1.,-1.144237745222E-17,0.));
#9971 = ADVANCED_FACE('',(#9972),#9985,.F.);
#9972 = FACE_BOUND('',#9973,.F.);
#9973 = EDGE_LOOP('',(#9974,#9975,#9981,#9982,#9983,#9984));
#9974 = ORIENTED_EDGE('',*,*,#8538,.F.);
#9975 = ORIENTED_EDGE('',*,*,#9976,.T.);
#9976 = EDGE_CURVE('',#8530,#8639,#9977,.T.);
#9977 = LINE('',#9978,#9979);
#9978 = CARTESIAN_POINT('',(-2.25,-0.84,1.025));
#9979 = VECTOR('',#9980,1.);
#9980 = DIRECTION('',(1.144237745222E-17,1.,0.));
#9981 = ORIENTED_EDGE('',*,*,#8647,.T.);
#9982 = ORIENTED_EDGE('',*,*,#8669,.T.);
#9983 = ORIENTED_EDGE('',*,*,#7934,.F.);
#9984 = ORIENTED_EDGE('',*,*,#8439,.F.);
#9985 = PLANE('',#9986);
#9986 = AXIS2_PLACEMENT_3D('',#9987,#9988,#9989);
#9987 = CARTESIAN_POINT('',(-2.25,-0.84,1.025));
#9988 = DIRECTION('',(0.,0.,-1.));
#9989 = DIRECTION('',(1.,-1.144237745222E-17,0.));
#9990 = ADVANCED_FACE('',(#9991),#10004,.F.);
#9991 = FACE_BOUND('',#9992,.F.);
#9992 = EDGE_LOOP('',(#9993,#9994,#10000,#10001,#10002,#10003));
#9993 = ORIENTED_EDGE('',*,*,#8761,.F.);
#9994 = ORIENTED_EDGE('',*,*,#9995,.T.);
#9995 = EDGE_CURVE('',#8753,#8862,#9996,.T.);
#9996 = LINE('',#9997,#9998);
#9997 = CARTESIAN_POINT('',(-2.25,0.43,1.025));
#9998 = VECTOR('',#9999,1.);
#9999 = DIRECTION('',(1.144237745222E-17,1.,0.));
#10000 = ORIENTED_EDGE('',*,*,#8870,.T.);
#10001 = ORIENTED_EDGE('',*,*,#8887,.T.);
#10002 = ORIENTED_EDGE('',*,*,#7950,.F.);
#10003 = ORIENTED_EDGE('',*,*,#8662,.F.);
#10004 = PLANE('',#10005);
#10005 = AXIS2_PLACEMENT_3D('',#10006,#10007,#10008);
#10006 = CARTESIAN_POINT('',(-2.25,0.43,1.025));
#10007 = DIRECTION('',(0.,0.,-1.));
#10008 = DIRECTION('',(1.,-1.144237745222E-17,0.));
#10009 = ADVANCED_FACE('',(#10010,#10039),#10050,.F.);
#10010 = FACE_BOUND('',#10011,.F.);
#10011 = EDGE_LOOP('',(#10012,#10013,#10014,#10015,#10023,#10031,#10037,
    #10038));
#10012 = ORIENTED_EDGE('',*,*,#8025,.T.);
#10013 = ORIENTED_EDGE('',*,*,#8048,.T.);
#10014 = ORIENTED_EDGE('',*,*,#8135,.T.);
#10015 = ORIENTED_EDGE('',*,*,#10016,.T.);
#10016 = EDGE_CURVE('',#8129,#10017,#10019,.T.);
#10017 = VERTEX_POINT('',#10018);
#10018 = CARTESIAN_POINT('',(1.680085640382,-2.260171280765,1.75));
#10019 = LINE('',#10020,#10021);
#10020 = CARTESIAN_POINT('',(1.760171280765,-2.180085640382,1.75));
#10021 = VECTOR('',#10022,1.);
#10022 = DIRECTION('',(-0.707106781187,-0.707106781187,0.));
#10023 = ORIENTED_EDGE('',*,*,#10024,.T.);
#10024 = EDGE_CURVE('',#10017,#10025,#10027,.T.);
#10025 = VERTEX_POINT('',#10026);
#10026 = CARTESIAN_POINT('',(-1.680085640382,-2.260171280765,1.75));
#10027 = LINE('',#10028,#10029);
#10028 = CARTESIAN_POINT('',(1.680085640382,-2.260171280765,1.75));
#10029 = VECTOR('',#10030,1.);
#10030 = DIRECTION('',(-1.,-1.110223024625E-16,0.));
#10031 = ORIENTED_EDGE('',*,*,#10032,.T.);
#10032 = EDGE_CURVE('',#10025,#7974,#10033,.T.);
#10033 = LINE('',#10034,#10035);
#10034 = CARTESIAN_POINT('',(-1.680085640382,-2.260171280765,1.75));
#10035 = VECTOR('',#10036,1.);
#10036 = DIRECTION('',(-0.707106781187,0.707106781187,0.));
#10037 = ORIENTED_EDGE('',*,*,#7973,.T.);
#10038 = ORIENTED_EDGE('',*,*,#8002,.T.);
#10039 = FACE_BOUND('',#10040,.F.);
#10040 = EDGE_LOOP('',(#10041));
#10041 = ORIENTED_EDGE('',*,*,#10042,.F.);
#10042 = EDGE_CURVE('',#10043,#10043,#10045,.T.);
#10043 = VERTEX_POINT('',#10044);
#10044 = CARTESIAN_POINT('',(-1.110171280765,1.310171280765,1.75));
#10045 = CIRCLE('',#10046,0.3);
#10046 = AXIS2_PLACEMENT_3D('',#10047,#10048,#10049);
#10047 = CARTESIAN_POINT('',(-1.110171280765,1.610171280765,1.75));
#10048 = DIRECTION('',(0.,-0.,-1.));
#10049 = DIRECTION('',(1.110223024625E-16,-1.,0.));
#10050 = PLANE('',#10051);
#10051 = AXIS2_PLACEMENT_3D('',#10052,#10053,#10054);
#10052 = CARTESIAN_POINT('',(-1.680085640382,2.260171280765,1.75));
#10053 = DIRECTION('',(0.,0.,-1.));
#10054 = DIRECTION('',(0.596575959062,-0.802556617983,0.));
#10055 = ADVANCED_FACE('',(#10056),#10066,.F.);
#10056 = FACE_BOUND('',#10057,.F.);
#10057 = EDGE_LOOP('',(#10058,#10059,#10060,#10061));
#10058 = ORIENTED_EDGE('',*,*,#8196,.T.);
#10059 = ORIENTED_EDGE('',*,*,#7981,.T.);
#10060 = ORIENTED_EDGE('',*,*,#10032,.F.);
#10061 = ORIENTED_EDGE('',*,*,#10062,.F.);
#10062 = EDGE_CURVE('',#8197,#10025,#10063,.T.);
#10063 = B_SPLINE_CURVE_WITH_KNOTS('',1,(#10064,#10065),.UNSPECIFIED.,
  .F.,.F.,(2,2),(0.,1.),.PIECEWISE_BEZIER_KNOTS.);
#10064 = CARTESIAN_POINT('',(-1.7375,-2.375,1.025));
#10065 = CARTESIAN_POINT('',(-1.680085640382,-2.260171280765,1.75));
#10066 = B_SPLINE_SURFACE_WITH_KNOTS('',1,1,(
    (#10067,#10068)
    ,(#10069,#10070
    )),.UNSPECIFIED.,.F.,.F.,.F.,(2,2),(2,2),(0.,0.194454364826),(0.,1.)
  ,.PIECEWISE_BEZIER_KNOTS.);
#10067 = CARTESIAN_POINT('',(-1.7375,-2.375,1.025));
#10068 = CARTESIAN_POINT('',(-1.680085640382,-2.260171280765,1.75));
#10069 = CARTESIAN_POINT('',(-1.875,-2.2375,1.025));
#10070 = CARTESIAN_POINT('',(-1.760171280765,-2.180085640382,1.75));
#10071 = ADVANCED_FACE('',(#10072),#10085,.F.);
#10072 = FACE_BOUND('',#10073,.F.);
#10073 = EDGE_LOOP('',(#10074,#10075,#10081,#10082,#10083,#10084));
#10074 = ORIENTED_EDGE('',*,*,#9370,.F.);
#10075 = ORIENTED_EDGE('',*,*,#10076,.T.);
#10076 = EDGE_CURVE('',#9362,#9471,#10077,.T.);
#10077 = LINE('',#10078,#10079);
#10078 = CARTESIAN_POINT('',(2.25,0.84,1.025));
#10079 = VECTOR('',#10080,1.);
#10080 = DIRECTION('',(1.110223024625E-16,-1.,0.));
#10081 = ORIENTED_EDGE('',*,*,#9479,.T.);
#10082 = ORIENTED_EDGE('',*,*,#9493,.T.);
#10083 = ORIENTED_EDGE('',*,*,#8080,.F.);
#10084 = ORIENTED_EDGE('',*,*,#9277,.F.);
#10085 = PLANE('',#10086);
#10086 = AXIS2_PLACEMENT_3D('',#10087,#10088,#10089);
#10087 = CARTESIAN_POINT('',(2.25,0.84,1.025));
#10088 = DIRECTION('',(0.,0.,-1.));
#10089 = DIRECTION('',(-1.,-1.110223024625E-16,-0.));
#10090 = ADVANCED_FACE('',(#10091),#10104,.F.);
#10091 = FACE_BOUND('',#10092,.F.);
#10092 = EDGE_LOOP('',(#10093,#10094,#10100,#10101,#10102,#10103));
#10093 = ORIENTED_EDGE('',*,*,#9593,.F.);
#10094 = ORIENTED_EDGE('',*,*,#10095,.T.);
#10095 = EDGE_CURVE('',#9585,#9694,#10096,.T.);
#10096 = LINE('',#10097,#10098);
#10097 = CARTESIAN_POINT('',(2.25,-0.43,1.025));
#10098 = VECTOR('',#10099,1.);
#10099 = DIRECTION('',(1.110223024625E-16,-1.,0.));
#10100 = ORIENTED_EDGE('',*,*,#9702,.T.);
#10101 = ORIENTED_EDGE('',*,*,#9716,.T.);
#10102 = ORIENTED_EDGE('',*,*,#8096,.F.);
#10103 = ORIENTED_EDGE('',*,*,#9500,.F.);
#10104 = PLANE('',#10105);
#10105 = AXIS2_PLACEMENT_3D('',#10106,#10107,#10108);
#10106 = CARTESIAN_POINT('',(2.25,-0.43,1.025));
#10107 = DIRECTION('',(0.,0.,-1.));
#10108 = DIRECTION('',(-1.,-1.110223024625E-16,-0.));
#10109 = ADVANCED_FACE('',(#10110),#10123,.F.);
#10110 = FACE_BOUND('',#10111,.F.);
#10111 = EDGE_LOOP('',(#10112,#10113,#10119,#10120,#10121,#10122));
#10112 = ORIENTED_EDGE('',*,*,#9816,.F.);
#10113 = ORIENTED_EDGE('',*,*,#10114,.T.);
#10114 = EDGE_CURVE('',#9808,#9917,#10115,.T.);
#10115 = LINE('',#10116,#10117);
#10116 = CARTESIAN_POINT('',(2.25,-1.7,1.025));
#10117 = VECTOR('',#10118,1.);
#10118 = DIRECTION('',(1.110223024625E-16,-1.,0.));
#10119 = ORIENTED_EDGE('',*,*,#9925,.T.);
#10120 = ORIENTED_EDGE('',*,*,#8219,.T.);
#10121 = ORIENTED_EDGE('',*,*,#8112,.F.);
#10122 = ORIENTED_EDGE('',*,*,#9723,.F.);
#10123 = PLANE('',#10124);
#10124 = AXIS2_PLACEMENT_3D('',#10125,#10126,#10127);
#10125 = CARTESIAN_POINT('',(2.25,-1.7,1.025));
#10126 = DIRECTION('',(0.,0.,-1.));
#10127 = DIRECTION('',(-1.,-1.110223024625E-16,-0.));
#10128 = ADVANCED_FACE('',(#10129),#10139,.F.);
#10129 = FACE_BOUND('',#10130,.F.);
#10130 = EDGE_LOOP('',(#10131,#10132,#10137,#10138));
#10131 = ORIENTED_EDGE('',*,*,#8212,.T.);
#10132 = ORIENTED_EDGE('',*,*,#10133,.T.);
#10133 = EDGE_CURVE('',#8205,#10017,#10134,.T.);
#10134 = B_SPLINE_CURVE_WITH_KNOTS('',1,(#10135,#10136),.UNSPECIFIED.,
  .F.,.F.,(2,2),(0.,1.),.PIECEWISE_BEZIER_KNOTS.);
#10135 = CARTESIAN_POINT('',(1.7375,-2.375,1.025));
#10136 = CARTESIAN_POINT('',(1.680085640382,-2.260171280765,1.75));
#10137 = ORIENTED_EDGE('',*,*,#10016,.F.);
#10138 = ORIENTED_EDGE('',*,*,#8128,.F.);
#10139 = B_SPLINE_SURFACE_WITH_KNOTS('',1,1,(
    (#10140,#10141)
    ,(#10142,#10143
    )),.UNSPECIFIED.,.F.,.F.,.F.,(2,2),(2,2),(0.,0.194454364826),(0.,1.)
  ,.PIECEWISE_BEZIER_KNOTS.);
#10140 = CARTESIAN_POINT('',(1.875,-2.2375,1.025));
#10141 = CARTESIAN_POINT('',(1.760171280765,-2.180085640382,1.75));
#10142 = CARTESIAN_POINT('',(1.7375,-2.375,1.025));
#10143 = CARTESIAN_POINT('',(1.680085640382,-2.260171280765,1.75));
#10144 = ADVANCED_FACE('',(#10145),#10156,.T.);
#10145 = FACE_BOUND('',#10146,.T.);
#10146 = EDGE_LOOP('',(#10147,#10148,#10149,#10150));
#10147 = ORIENTED_EDGE('',*,*,#9157,.T.);
#10148 = ORIENTED_EDGE('',*,*,#8158,.T.);
#10149 = ORIENTED_EDGE('',*,*,#9259,.F.);
#10150 = ORIENTED_EDGE('',*,*,#10151,.F.);
#10151 = EDGE_CURVE('',#9150,#9252,#10152,.T.);
#10152 = LINE('',#10153,#10154);
#10153 = CARTESIAN_POINT('',(2.545442325904,2.11,0.7770944533));
#10154 = VECTOR('',#10155,1.);
#10155 = DIRECTION('',(1.110223024625E-16,-1.,0.));
#10156 = CYLINDRICAL_SURFACE('',#10157,0.3);
#10157 = AXIS2_PLACEMENT_3D('',#10158,#10159,#10160);
#10158 = CARTESIAN_POINT('',(2.25,2.11,0.725));
#10159 = DIRECTION('',(-1.110223024625E-16,1.,0.));
#10160 = DIRECTION('',(0.984807753012,1.093356242223E-16,0.173648177667)
  );
#10161 = ADVANCED_FACE('',(#10162),#10168,.F.);
#10162 = FACE_BOUND('',#10163,.F.);
#10163 = EDGE_LOOP('',(#10164,#10165,#10166,#10167));
#10164 = ORIENTED_EDGE('',*,*,#8204,.T.);
#10165 = ORIENTED_EDGE('',*,*,#10062,.T.);
#10166 = ORIENTED_EDGE('',*,*,#10024,.F.);
#10167 = ORIENTED_EDGE('',*,*,#10133,.F.);
#10168 = B_SPLINE_SURFACE_WITH_KNOTS('',1,1,(
    (#10169,#10170)
    ,(#10171,#10172
    )),.UNSPECIFIED.,.F.,.F.,.F.,(2,2),(2,2),(0.,3.475),(0.,1.),
  .PIECEWISE_BEZIER_KNOTS.);
#10169 = CARTESIAN_POINT('',(1.7375,-2.375,1.025));
#10170 = CARTESIAN_POINT('',(1.680085640382,-2.260171280765,1.75));
#10171 = CARTESIAN_POINT('',(-1.7375,-2.375,1.025));
#10172 = CARTESIAN_POINT('',(-1.680085640382,-2.260171280765,1.75));
#10173 = ADVANCED_FACE('',(#10174),#10185,.T.);
#10174 = FACE_BOUND('',#10175,.T.);
#10175 = EDGE_LOOP('',(#10176,#10177,#10178,#10179));
#10176 = ORIENTED_EDGE('',*,*,#8306,.T.);
#10177 = ORIENTED_EDGE('',*,*,#9957,.T.);
#10178 = ORIENTED_EDGE('',*,*,#8415,.F.);
#10179 = ORIENTED_EDGE('',*,*,#10180,.F.);
#10180 = EDGE_CURVE('',#8299,#8408,#10181,.T.);
#10181 = LINE('',#10182,#10183);
#10182 = CARTESIAN_POINT('',(-2.545442325904,-2.11,0.7770944533));
#10183 = VECTOR('',#10184,1.);
#10184 = DIRECTION('',(1.144237745222E-17,1.,0.));
#10185 = CYLINDRICAL_SURFACE('',#10186,0.3);
#10186 = AXIS2_PLACEMENT_3D('',#10187,#10188,#10189);
#10187 = CARTESIAN_POINT('',(-2.25,-2.11,0.725));
#10188 = DIRECTION('',(-1.144237745222E-17,-1.,0.));
#10189 = DIRECTION('',(-0.984807753012,1.126854202784E-17,0.173648177667
    ));
#10190 = ADVANCED_FACE('',(#10191),#10202,.F.);
#10191 = FACE_BOUND('',#10192,.F.);
#10192 = EDGE_LOOP('',(#10193,#10199,#10200,#10201));
#10193 = ORIENTED_EDGE('',*,*,#10194,.T.);
#10194 = EDGE_CURVE('',#8290,#8399,#10195,.T.);
#10195 = LINE('',#10196,#10197);
#10196 = CARTESIAN_POINT('',(-2.6264581915,-2.11,0.282635182233));
#10197 = VECTOR('',#10198,1.);
#10198 = DIRECTION('',(1.144237745222E-17,1.,0.));
#10199 = ORIENTED_EDGE('',*,*,#8407,.T.);
#10200 = ORIENTED_EDGE('',*,*,#10180,.F.);
#10201 = ORIENTED_EDGE('',*,*,#8298,.F.);
#10202 = PLANE('',#10203);
#10203 = AXIS2_PLACEMENT_3D('',#10204,#10205,#10206);
#10204 = CARTESIAN_POINT('',(-2.6264581915,-2.11,0.282635182233));
#10205 = DIRECTION('',(0.986841372087,-1.129181146488E-17,
    -0.161691392282));
#10206 = DIRECTION('',(0.161691392282,-1.85013394127E-18,0.986841372087)
  );
#10207 = ADVANCED_FACE('',(#10208),#10219,.F.);
#10208 = FACE_BOUND('',#10209,.F.);
#10209 = EDGE_LOOP('',(#10210,#10216,#10217,#10218));
#10210 = ORIENTED_EDGE('',*,*,#10211,.T.);
#10211 = EDGE_CURVE('',#8282,#8391,#10212,.T.);
#10212 = LINE('',#10213,#10214);
#10213 = CARTESIAN_POINT('',(-2.724938966801,-2.11,0.2));
#10214 = VECTOR('',#10215,1.);
#10215 = DIRECTION('',(1.144237745222E-17,1.,0.));
#10216 = ORIENTED_EDGE('',*,*,#8398,.T.);
#10217 = ORIENTED_EDGE('',*,*,#10194,.F.);
#10218 = ORIENTED_EDGE('',*,*,#8289,.F.);
#10219 = CYLINDRICAL_SURFACE('',#10220,0.1);
#10220 = AXIS2_PLACEMENT_3D('',#10221,#10222,#10223);
#10221 = CARTESIAN_POINT('',(-2.724938966801,-2.11,0.3));
#10222 = DIRECTION('',(-1.144237745222E-17,-1.,0.));
#10223 = DIRECTION('',(-0.,0.,-1.));
#10224 = ADVANCED_FACE('',(#10225),#10236,.F.);
#10225 = FACE_BOUND('',#10226,.F.);
#10226 = EDGE_LOOP('',(#10227,#10233,#10234,#10235));
#10227 = ORIENTED_EDGE('',*,*,#10228,.T.);
#10228 = EDGE_CURVE('',#8274,#8383,#10229,.T.);
#10229 = LINE('',#10230,#10231);
#10230 = CARTESIAN_POINT('',(-3.,-2.11,0.2));
#10231 = VECTOR('',#10232,1.);
#10232 = DIRECTION('',(1.144237745222E-17,1.,0.));
#10233 = ORIENTED_EDGE('',*,*,#8390,.T.);
#10234 = ORIENTED_EDGE('',*,*,#10211,.F.);
#10235 = ORIENTED_EDGE('',*,*,#8281,.F.);
#10236 = PLANE('',#10237);
#10237 = AXIS2_PLACEMENT_3D('',#10238,#10239,#10240);
#10238 = CARTESIAN_POINT('',(-3.,-2.11,0.2));
#10239 = DIRECTION('',(0.,0.,-1.));
#10240 = DIRECTION('',(1.,-1.144237745222E-17,0.));
#10241 = ADVANCED_FACE('',(#10242),#10253,.F.);
#10242 = FACE_BOUND('',#10243,.F.);
#10243 = EDGE_LOOP('',(#10244,#10250,#10251,#10252));
#10244 = ORIENTED_EDGE('',*,*,#10245,.T.);
#10245 = EDGE_CURVE('',#8266,#8375,#10246,.T.);
#10246 = LINE('',#10247,#10248);
#10247 = CARTESIAN_POINT('',(-3.,-2.11,-1.665334536938E-16));
#10248 = VECTOR('',#10249,1.);
#10249 = DIRECTION('',(1.144237745222E-17,1.,0.));
#10250 = ORIENTED_EDGE('',*,*,#8382,.T.);
#10251 = ORIENTED_EDGE('',*,*,#10228,.F.);
#10252 = ORIENTED_EDGE('',*,*,#8273,.F.);
#10253 = PLANE('',#10254);
#10254 = AXIS2_PLACEMENT_3D('',#10255,#10256,#10257);
#10255 = CARTESIAN_POINT('',(-3.,-2.11,-1.665334536938E-16));
#10256 = DIRECTION('',(1.,-1.144237745222E-17,0.));
#10257 = DIRECTION('',(0.,0.,1.));
#10258 = ADVANCED_FACE('',(#10259),#10270,.F.);
#10259 = FACE_BOUND('',#10260,.F.);
#10260 = EDGE_LOOP('',(#10261,#10267,#10268,#10269));
#10261 = ORIENTED_EDGE('',*,*,#10262,.T.);
#10262 = EDGE_CURVE('',#8257,#8366,#10263,.T.);
#10263 = LINE('',#10264,#10265);
#10264 = CARTESIAN_POINT('',(-2.724938966801,-2.11,-1.665334536938E-16)
  );
#10265 = VECTOR('',#10266,1.);
#10266 = DIRECTION('',(1.144237745222E-17,1.,0.));
#10267 = ORIENTED_EDGE('',*,*,#8374,.T.);
#10268 = ORIENTED_EDGE('',*,*,#10245,.F.);
#10269 = ORIENTED_EDGE('',*,*,#8265,.F.);
#10270 = PLANE('',#10271);
#10271 = AXIS2_PLACEMENT_3D('',#10272,#10273,#10274);
#10272 = CARTESIAN_POINT('',(-2.724938966801,-2.11,-1.665334536938E-16)
  );
#10273 = DIRECTION('',(0.,0.,1.));
#10274 = DIRECTION('',(-1.,1.144237745222E-17,0.));
#10275 = ADVANCED_FACE('',(#10276),#10287,.T.);
#10276 = FACE_BOUND('',#10277,.T.);
#10277 = EDGE_LOOP('',(#10278,#10279,#10280,#10281));
#10278 = ORIENTED_EDGE('',*,*,#8256,.T.);
#10279 = ORIENTED_EDGE('',*,*,#10262,.T.);
#10280 = ORIENTED_EDGE('',*,*,#8365,.F.);
#10281 = ORIENTED_EDGE('',*,*,#10282,.F.);
#10282 = EDGE_CURVE('',#8249,#8358,#10283,.T.);
#10283 = LINE('',#10284,#10285);
#10284 = CARTESIAN_POINT('',(-2.429496640897,-2.11,0.2479055467));
#10285 = VECTOR('',#10286,1.);
#10286 = DIRECTION('',(1.144237745222E-17,1.,0.));
#10287 = CYLINDRICAL_SURFACE('',#10288,0.3);
#10288 = AXIS2_PLACEMENT_3D('',#10289,#10290,#10291);
#10289 = CARTESIAN_POINT('',(-2.724938966801,-2.11,0.3));
#10290 = DIRECTION('',(-1.144237745222E-17,-1.,0.));
#10291 = DIRECTION('',(0.984807753012,-1.126854202784E-17,
    -0.173648177667));
#10292 = ADVANCED_FACE('',(#10293),#10299,.F.);
#10293 = FACE_BOUND('',#10294,.F.);
#10294 = EDGE_LOOP('',(#10295,#10296,#10297,#10298));
#10295 = ORIENTED_EDGE('',*,*,#8339,.T.);
#10296 = ORIENTED_EDGE('',*,*,#8357,.T.);
#10297 = ORIENTED_EDGE('',*,*,#10282,.F.);
#10298 = ORIENTED_EDGE('',*,*,#8248,.F.);
#10299 = PLANE('',#10300);
#10300 = AXIS2_PLACEMENT_3D('',#10301,#10302,#10303);
#10301 = CARTESIAN_POINT('',(-2.348480775301,-2.11,0.742364817767));
#10302 = DIRECTION('',(-0.986841372087,1.129181146488E-17,0.161691392282
    ));
#10303 = DIRECTION('',(-0.161691392282,1.85013394127E-18,-0.986841372087
    ));
#10304 = ADVANCED_FACE('',(#10305),#10316,.T.);
#10305 = FACE_BOUND('',#10306,.T.);
#10306 = EDGE_LOOP('',(#10307,#10308,#10309,#10310));
#10307 = ORIENTED_EDGE('',*,*,#8529,.T.);
#10308 = ORIENTED_EDGE('',*,*,#9976,.T.);
#10309 = ORIENTED_EDGE('',*,*,#8638,.F.);
#10310 = ORIENTED_EDGE('',*,*,#10311,.F.);
#10311 = EDGE_CURVE('',#8522,#8631,#10312,.T.);
#10312 = LINE('',#10313,#10314);
#10313 = CARTESIAN_POINT('',(-2.545442325904,-0.84,0.7770944533));
#10314 = VECTOR('',#10315,1.);
#10315 = DIRECTION('',(1.144237745222E-17,1.,0.));
#10316 = CYLINDRICAL_SURFACE('',#10317,0.3);
#10317 = AXIS2_PLACEMENT_3D('',#10318,#10319,#10320);
#10318 = CARTESIAN_POINT('',(-2.25,-0.84,0.725));
#10319 = DIRECTION('',(-1.144237745222E-17,-1.,0.));
#10320 = DIRECTION('',(-0.984807753012,1.126854202784E-17,0.173648177667
    ));
#10321 = ADVANCED_FACE('',(#10322),#10333,.F.);
#10322 = FACE_BOUND('',#10323,.F.);
#10323 = EDGE_LOOP('',(#10324,#10330,#10331,#10332));
#10324 = ORIENTED_EDGE('',*,*,#10325,.T.);
#10325 = EDGE_CURVE('',#8513,#8622,#10326,.T.);
#10326 = LINE('',#10327,#10328);
#10327 = CARTESIAN_POINT('',(-2.6264581915,-0.84,0.282635182233));
#10328 = VECTOR('',#10329,1.);
#10329 = DIRECTION('',(1.144237745222E-17,1.,0.));
#10330 = ORIENTED_EDGE('',*,*,#8630,.T.);
#10331 = ORIENTED_EDGE('',*,*,#10311,.F.);
#10332 = ORIENTED_EDGE('',*,*,#8521,.F.);
#10333 = PLANE('',#10334);
#10334 = AXIS2_PLACEMENT_3D('',#10335,#10336,#10337);
#10335 = CARTESIAN_POINT('',(-2.6264581915,-0.84,0.282635182233));
#10336 = DIRECTION('',(0.986841372087,-1.129181146488E-17,
    -0.161691392282));
#10337 = DIRECTION('',(0.161691392282,-1.85013394127E-18,0.986841372087)
  );
#10338 = ADVANCED_FACE('',(#10339),#10350,.F.);
#10339 = FACE_BOUND('',#10340,.F.);
#10340 = EDGE_LOOP('',(#10341,#10347,#10348,#10349));
#10341 = ORIENTED_EDGE('',*,*,#10342,.T.);
#10342 = EDGE_CURVE('',#8505,#8614,#10343,.T.);
#10343 = LINE('',#10344,#10345);
#10344 = CARTESIAN_POINT('',(-2.724938966801,-0.84,0.2));
#10345 = VECTOR('',#10346,1.);
#10346 = DIRECTION('',(1.144237745222E-17,1.,0.));
#10347 = ORIENTED_EDGE('',*,*,#8621,.T.);
#10348 = ORIENTED_EDGE('',*,*,#10325,.F.);
#10349 = ORIENTED_EDGE('',*,*,#8512,.F.);
#10350 = CYLINDRICAL_SURFACE('',#10351,0.1);
#10351 = AXIS2_PLACEMENT_3D('',#10352,#10353,#10354);
#10352 = CARTESIAN_POINT('',(-2.724938966801,-0.84,0.3));
#10353 = DIRECTION('',(-1.144237745222E-17,-1.,0.));
#10354 = DIRECTION('',(-0.,0.,-1.));
#10355 = ADVANCED_FACE('',(#10356),#10367,.F.);
#10356 = FACE_BOUND('',#10357,.F.);
#10357 = EDGE_LOOP('',(#10358,#10364,#10365,#10366));
#10358 = ORIENTED_EDGE('',*,*,#10359,.T.);
#10359 = EDGE_CURVE('',#8497,#8606,#10360,.T.);
#10360 = LINE('',#10361,#10362);
#10361 = CARTESIAN_POINT('',(-3.,-0.84,0.2));
#10362 = VECTOR('',#10363,1.);
#10363 = DIRECTION('',(1.144237745222E-17,1.,0.));
#10364 = ORIENTED_EDGE('',*,*,#8613,.T.);
#10365 = ORIENTED_EDGE('',*,*,#10342,.F.);
#10366 = ORIENTED_EDGE('',*,*,#8504,.F.);
#10367 = PLANE('',#10368);
#10368 = AXIS2_PLACEMENT_3D('',#10369,#10370,#10371);
#10369 = CARTESIAN_POINT('',(-3.,-0.84,0.2));
#10370 = DIRECTION('',(0.,0.,-1.));
#10371 = DIRECTION('',(1.,-1.144237745222E-17,0.));
#10372 = ADVANCED_FACE('',(#10373),#10384,.F.);
#10373 = FACE_BOUND('',#10374,.F.);
#10374 = EDGE_LOOP('',(#10375,#10381,#10382,#10383));
#10375 = ORIENTED_EDGE('',*,*,#10376,.T.);
#10376 = EDGE_CURVE('',#8489,#8598,#10377,.T.);
#10377 = LINE('',#10378,#10379);
#10378 = CARTESIAN_POINT('',(-3.,-0.84,-1.665334536938E-16));
#10379 = VECTOR('',#10380,1.);
#10380 = DIRECTION('',(1.144237745222E-17,1.,0.));
#10381 = ORIENTED_EDGE('',*,*,#8605,.T.);
#10382 = ORIENTED_EDGE('',*,*,#10359,.F.);
#10383 = ORIENTED_EDGE('',*,*,#8496,.F.);
#10384 = PLANE('',#10385);
#10385 = AXIS2_PLACEMENT_3D('',#10386,#10387,#10388);
#10386 = CARTESIAN_POINT('',(-3.,-0.84,-1.665334536938E-16));
#10387 = DIRECTION('',(1.,-1.144237745222E-17,0.));
#10388 = DIRECTION('',(0.,0.,1.));
#10389 = ADVANCED_FACE('',(#10390),#10401,.F.);
#10390 = FACE_BOUND('',#10391,.F.);
#10391 = EDGE_LOOP('',(#10392,#10398,#10399,#10400));
#10392 = ORIENTED_EDGE('',*,*,#10393,.T.);
#10393 = EDGE_CURVE('',#8480,#8589,#10394,.T.);
#10394 = LINE('',#10395,#10396);
#10395 = CARTESIAN_POINT('',(-2.724938966801,-0.84,-1.665334536938E-16)
  );
#10396 = VECTOR('',#10397,1.);
#10397 = DIRECTION('',(1.144237745222E-17,1.,0.));
#10398 = ORIENTED_EDGE('',*,*,#8597,.T.);
#10399 = ORIENTED_EDGE('',*,*,#10376,.F.);
#10400 = ORIENTED_EDGE('',*,*,#8488,.F.);
#10401 = PLANE('',#10402);
#10402 = AXIS2_PLACEMENT_3D('',#10403,#10404,#10405);
#10403 = CARTESIAN_POINT('',(-2.724938966801,-0.84,-1.665334536938E-16)
  );
#10404 = DIRECTION('',(0.,0.,1.));
#10405 = DIRECTION('',(-1.,1.144237745222E-17,0.));
#10406 = ADVANCED_FACE('',(#10407),#10418,.T.);
#10407 = FACE_BOUND('',#10408,.T.);
#10408 = EDGE_LOOP('',(#10409,#10410,#10411,#10412));
#10409 = ORIENTED_EDGE('',*,*,#8479,.T.);
#10410 = ORIENTED_EDGE('',*,*,#10393,.T.);
#10411 = ORIENTED_EDGE('',*,*,#8588,.F.);
#10412 = ORIENTED_EDGE('',*,*,#10413,.F.);
#10413 = EDGE_CURVE('',#8472,#8581,#10414,.T.);
#10414 = LINE('',#10415,#10416);
#10415 = CARTESIAN_POINT('',(-2.429496640897,-0.84,0.2479055467));
#10416 = VECTOR('',#10417,1.);
#10417 = DIRECTION('',(1.144237745222E-17,1.,0.));
#10418 = CYLINDRICAL_SURFACE('',#10419,0.3);
#10419 = AXIS2_PLACEMENT_3D('',#10420,#10421,#10422);
#10420 = CARTESIAN_POINT('',(-2.724938966801,-0.84,0.3));
#10421 = DIRECTION('',(-1.144237745222E-17,-1.,0.));
#10422 = DIRECTION('',(0.984807753012,-1.126854202784E-17,
    -0.173648177667));
#10423 = ADVANCED_FACE('',(#10424),#10430,.F.);
#10424 = FACE_BOUND('',#10425,.F.);
#10425 = EDGE_LOOP('',(#10426,#10427,#10428,#10429));
#10426 = ORIENTED_EDGE('',*,*,#8562,.T.);
#10427 = ORIENTED_EDGE('',*,*,#8580,.T.);
#10428 = ORIENTED_EDGE('',*,*,#10413,.F.);
#10429 = ORIENTED_EDGE('',*,*,#8471,.F.);
#10430 = PLANE('',#10431);
#10431 = AXIS2_PLACEMENT_3D('',#10432,#10433,#10434);
#10432 = CARTESIAN_POINT('',(-2.348480775301,-0.84,0.742364817767));
#10433 = DIRECTION('',(-0.986841372087,1.129181146488E-17,0.161691392282
    ));
#10434 = DIRECTION('',(-0.161691392282,1.85013394127E-18,-0.986841372087
    ));
#10435 = ADVANCED_FACE('',(#10436),#10447,.T.);
#10436 = FACE_BOUND('',#10437,.T.);
#10437 = EDGE_LOOP('',(#10438,#10439,#10440,#10441));
#10438 = ORIENTED_EDGE('',*,*,#8752,.T.);
#10439 = ORIENTED_EDGE('',*,*,#9995,.T.);
#10440 = ORIENTED_EDGE('',*,*,#8861,.F.);
#10441 = ORIENTED_EDGE('',*,*,#10442,.F.);
#10442 = EDGE_CURVE('',#8745,#8854,#10443,.T.);
#10443 = LINE('',#10444,#10445);
#10444 = CARTESIAN_POINT('',(-2.545442325904,0.43,0.7770944533));
#10445 = VECTOR('',#10446,1.);
#10446 = DIRECTION('',(1.144237745222E-17,1.,0.));
#10447 = CYLINDRICAL_SURFACE('',#10448,0.3);
#10448 = AXIS2_PLACEMENT_3D('',#10449,#10450,#10451);
#10449 = CARTESIAN_POINT('',(-2.25,0.43,0.725));
#10450 = DIRECTION('',(-1.144237745222E-17,-1.,0.));
#10451 = DIRECTION('',(-0.984807753012,1.126854202784E-17,0.173648177667
    ));
#10452 = ADVANCED_FACE('',(#10453),#10464,.F.);
#10453 = FACE_BOUND('',#10454,.F.);
#10454 = EDGE_LOOP('',(#10455,#10461,#10462,#10463));
#10455 = ORIENTED_EDGE('',*,*,#10456,.T.);
#10456 = EDGE_CURVE('',#8736,#8845,#10457,.T.);
#10457 = LINE('',#10458,#10459);
#10458 = CARTESIAN_POINT('',(-2.6264581915,0.43,0.282635182233));
#10459 = VECTOR('',#10460,1.);
#10460 = DIRECTION('',(1.144237745222E-17,1.,0.));
#10461 = ORIENTED_EDGE('',*,*,#8853,.T.);
#10462 = ORIENTED_EDGE('',*,*,#10442,.F.);
#10463 = ORIENTED_EDGE('',*,*,#8744,.F.);
#10464 = PLANE('',#10465);
#10465 = AXIS2_PLACEMENT_3D('',#10466,#10467,#10468);
#10466 = CARTESIAN_POINT('',(-2.6264581915,0.43,0.282635182233));
#10467 = DIRECTION('',(0.986841372087,-1.129181146488E-17,
    -0.161691392282));
#10468 = DIRECTION('',(0.161691392282,-1.85013394127E-18,0.986841372087)
  );
#10469 = ADVANCED_FACE('',(#10470),#10481,.F.);
#10470 = FACE_BOUND('',#10471,.F.);
#10471 = EDGE_LOOP('',(#10472,#10478,#10479,#10480));
#10472 = ORIENTED_EDGE('',*,*,#10473,.T.);
#10473 = EDGE_CURVE('',#8728,#8837,#10474,.T.);
#10474 = LINE('',#10475,#10476);
#10475 = CARTESIAN_POINT('',(-2.724938966801,0.43,0.2));
#10476 = VECTOR('',#10477,1.);
#10477 = DIRECTION('',(1.144237745222E-17,1.,0.));
#10478 = ORIENTED_EDGE('',*,*,#8844,.T.);
#10479 = ORIENTED_EDGE('',*,*,#10456,.F.);
#10480 = ORIENTED_EDGE('',*,*,#8735,.F.);
#10481 = CYLINDRICAL_SURFACE('',#10482,0.1);
#10482 = AXIS2_PLACEMENT_3D('',#10483,#10484,#10485);
#10483 = CARTESIAN_POINT('',(-2.724938966801,0.43,0.3));
#10484 = DIRECTION('',(-1.144237745222E-17,-1.,0.));
#10485 = DIRECTION('',(-0.,0.,-1.));
#10486 = ADVANCED_FACE('',(#10487),#10498,.F.);
#10487 = FACE_BOUND('',#10488,.F.);
#10488 = EDGE_LOOP('',(#10489,#10495,#10496,#10497));
#10489 = ORIENTED_EDGE('',*,*,#10490,.T.);
#10490 = EDGE_CURVE('',#8720,#8829,#10491,.T.);
#10491 = LINE('',#10492,#10493);
#10492 = CARTESIAN_POINT('',(-3.,0.43,0.2));
#10493 = VECTOR('',#10494,1.);
#10494 = DIRECTION('',(1.144237745222E-17,1.,0.));
#10495 = ORIENTED_EDGE('',*,*,#8836,.T.);
#10496 = ORIENTED_EDGE('',*,*,#10473,.F.);
#10497 = ORIENTED_EDGE('',*,*,#8727,.F.);
#10498 = PLANE('',#10499);
#10499 = AXIS2_PLACEMENT_3D('',#10500,#10501,#10502);
#10500 = CARTESIAN_POINT('',(-3.,0.43,0.2));
#10501 = DIRECTION('',(0.,0.,-1.));
#10502 = DIRECTION('',(1.,-1.144237745222E-17,0.));
#10503 = ADVANCED_FACE('',(#10504),#10515,.F.);
#10504 = FACE_BOUND('',#10505,.F.);
#10505 = EDGE_LOOP('',(#10506,#10512,#10513,#10514));
#10506 = ORIENTED_EDGE('',*,*,#10507,.T.);
#10507 = EDGE_CURVE('',#8712,#8821,#10508,.T.);
#10508 = LINE('',#10509,#10510);
#10509 = CARTESIAN_POINT('',(-3.,0.43,-1.665334536938E-16));
#10510 = VECTOR('',#10511,1.);
#10511 = DIRECTION('',(1.144237745222E-17,1.,0.));
#10512 = ORIENTED_EDGE('',*,*,#8828,.T.);
#10513 = ORIENTED_EDGE('',*,*,#10490,.F.);
#10514 = ORIENTED_EDGE('',*,*,#8719,.F.);
#10515 = PLANE('',#10516);
#10516 = AXIS2_PLACEMENT_3D('',#10517,#10518,#10519);
#10517 = CARTESIAN_POINT('',(-3.,0.43,-1.665334536938E-16));
#10518 = DIRECTION('',(1.,-1.144237745222E-17,0.));
#10519 = DIRECTION('',(0.,0.,1.));
#10520 = ADVANCED_FACE('',(#10521),#10532,.F.);
#10521 = FACE_BOUND('',#10522,.F.);
#10522 = EDGE_LOOP('',(#10523,#10529,#10530,#10531));
#10523 = ORIENTED_EDGE('',*,*,#10524,.T.);
#10524 = EDGE_CURVE('',#8703,#8812,#10525,.T.);
#10525 = LINE('',#10526,#10527);
#10526 = CARTESIAN_POINT('',(-2.724938966801,0.43,-1.665334536938E-16));
#10527 = VECTOR('',#10528,1.);
#10528 = DIRECTION('',(1.144237745222E-17,1.,0.));
#10529 = ORIENTED_EDGE('',*,*,#8820,.T.);
#10530 = ORIENTED_EDGE('',*,*,#10507,.F.);
#10531 = ORIENTED_EDGE('',*,*,#8711,.F.);
#10532 = PLANE('',#10533);
#10533 = AXIS2_PLACEMENT_3D('',#10534,#10535,#10536);
#10534 = CARTESIAN_POINT('',(-2.724938966801,0.43,-1.665334536938E-16));
#10535 = DIRECTION('',(0.,0.,1.));
#10536 = DIRECTION('',(-1.,1.144237745222E-17,0.));
#10537 = ADVANCED_FACE('',(#10538),#10549,.T.);
#10538 = FACE_BOUND('',#10539,.T.);
#10539 = EDGE_LOOP('',(#10540,#10541,#10542,#10543));
#10540 = ORIENTED_EDGE('',*,*,#8702,.T.);
#10541 = ORIENTED_EDGE('',*,*,#10524,.T.);
#10542 = ORIENTED_EDGE('',*,*,#8811,.F.);
#10543 = ORIENTED_EDGE('',*,*,#10544,.F.);
#10544 = EDGE_CURVE('',#8695,#8804,#10545,.T.);
#10545 = LINE('',#10546,#10547);
#10546 = CARTESIAN_POINT('',(-2.429496640897,0.43,0.2479055467));
#10547 = VECTOR('',#10548,1.);
#10548 = DIRECTION('',(1.144237745222E-17,1.,0.));
#10549 = CYLINDRICAL_SURFACE('',#10550,0.3);
#10550 = AXIS2_PLACEMENT_3D('',#10551,#10552,#10553);
#10551 = CARTESIAN_POINT('',(-2.724938966801,0.43,0.3));
#10552 = DIRECTION('',(-1.144237745222E-17,-1.,0.));
#10553 = DIRECTION('',(0.984807753012,-1.126854202784E-17,
    -0.173648177667));
#10554 = ADVANCED_FACE('',(#10555),#10561,.F.);
#10555 = FACE_BOUND('',#10556,.F.);
#10556 = EDGE_LOOP('',(#10557,#10558,#10559,#10560));
#10557 = ORIENTED_EDGE('',*,*,#8785,.T.);
#10558 = ORIENTED_EDGE('',*,*,#8803,.T.);
#10559 = ORIENTED_EDGE('',*,*,#10544,.F.);
#10560 = ORIENTED_EDGE('',*,*,#8694,.F.);
#10561 = PLANE('',#10562);
#10562 = AXIS2_PLACEMENT_3D('',#10563,#10564,#10565);
#10563 = CARTESIAN_POINT('',(-2.348480775301,0.43,0.742364817767));
#10564 = DIRECTION('',(-0.986841372087,1.129181146488E-17,0.161691392282
    ));
#10565 = DIRECTION('',(-0.161691392282,1.85013394127E-18,-0.986841372087
    ));
#10566 = ADVANCED_FACE('',(#10567),#10578,.F.);
#10567 = FACE_BOUND('',#10568,.F.);
#10568 = EDGE_LOOP('',(#10569,#10575,#10576,#10577));
#10569 = ORIENTED_EDGE('',*,*,#10570,.T.);
#10570 = EDGE_CURVE('',#8954,#9056,#10571,.T.);
#10571 = LINE('',#10572,#10573);
#10572 = CARTESIAN_POINT('',(-2.6264581915,1.7,0.282635182233));
#10573 = VECTOR('',#10574,1.);
#10574 = DIRECTION('',(1.144237745222E-17,1.,0.));
#10575 = ORIENTED_EDGE('',*,*,#9064,.T.);
#10576 = ORIENTED_EDGE('',*,*,#9942,.F.);
#10577 = ORIENTED_EDGE('',*,*,#8962,.F.);
#10578 = PLANE('',#10579);
#10579 = AXIS2_PLACEMENT_3D('',#10580,#10581,#10582);
#10580 = CARTESIAN_POINT('',(-2.6264581915,1.7,0.282635182233));
#10581 = DIRECTION('',(0.986841372087,-1.129181146488E-17,
    -0.161691392282));
#10582 = DIRECTION('',(0.161691392282,-1.85013394127E-18,0.986841372087)
  );
#10583 = ADVANCED_FACE('',(#10584),#10595,.F.);
#10584 = FACE_BOUND('',#10585,.F.);
#10585 = EDGE_LOOP('',(#10586,#10592,#10593,#10594));
#10586 = ORIENTED_EDGE('',*,*,#10587,.T.);
#10587 = EDGE_CURVE('',#8946,#9048,#10588,.T.);
#10588 = LINE('',#10589,#10590);
#10589 = CARTESIAN_POINT('',(-2.724938966801,1.7,0.2));
#10590 = VECTOR('',#10591,1.);
#10591 = DIRECTION('',(1.144237745222E-17,1.,0.));
#10592 = ORIENTED_EDGE('',*,*,#9055,.T.);
#10593 = ORIENTED_EDGE('',*,*,#10570,.F.);
#10594 = ORIENTED_EDGE('',*,*,#8953,.F.);
#10595 = CYLINDRICAL_SURFACE('',#10596,0.1);
#10596 = AXIS2_PLACEMENT_3D('',#10597,#10598,#10599);
#10597 = CARTESIAN_POINT('',(-2.724938966801,1.7,0.3));
#10598 = DIRECTION('',(-1.144237745222E-17,-1.,0.));
#10599 = DIRECTION('',(-0.,0.,-1.));
#10600 = ADVANCED_FACE('',(#10601),#10612,.F.);
#10601 = FACE_BOUND('',#10602,.F.);
#10602 = EDGE_LOOP('',(#10603,#10609,#10610,#10611));
#10603 = ORIENTED_EDGE('',*,*,#10604,.T.);
#10604 = EDGE_CURVE('',#8938,#9040,#10605,.T.);
#10605 = LINE('',#10606,#10607);
#10606 = CARTESIAN_POINT('',(-3.,1.7,0.2));
#10607 = VECTOR('',#10608,1.);
#10608 = DIRECTION('',(1.144237745222E-17,1.,0.));
#10609 = ORIENTED_EDGE('',*,*,#9047,.T.);
#10610 = ORIENTED_EDGE('',*,*,#10587,.F.);
#10611 = ORIENTED_EDGE('',*,*,#8945,.F.);
#10612 = PLANE('',#10613);
#10613 = AXIS2_PLACEMENT_3D('',#10614,#10615,#10616);
#10614 = CARTESIAN_POINT('',(-3.,1.7,0.2));
#10615 = DIRECTION('',(0.,0.,-1.));
#10616 = DIRECTION('',(1.,-1.144237745222E-17,0.));
#10617 = ADVANCED_FACE('',(#10618),#10629,.F.);
#10618 = FACE_BOUND('',#10619,.F.);
#10619 = EDGE_LOOP('',(#10620,#10626,#10627,#10628));
#10620 = ORIENTED_EDGE('',*,*,#10621,.T.);
#10621 = EDGE_CURVE('',#8930,#9032,#10622,.T.);
#10622 = LINE('',#10623,#10624);
#10623 = CARTESIAN_POINT('',(-3.,1.7,-1.665334536938E-16));
#10624 = VECTOR('',#10625,1.);
#10625 = DIRECTION('',(1.144237745222E-17,1.,0.));
#10626 = ORIENTED_EDGE('',*,*,#9039,.T.);
#10627 = ORIENTED_EDGE('',*,*,#10604,.F.);
#10628 = ORIENTED_EDGE('',*,*,#8937,.F.);
#10629 = PLANE('',#10630);
#10630 = AXIS2_PLACEMENT_3D('',#10631,#10632,#10633);
#10631 = CARTESIAN_POINT('',(-3.,1.7,-1.665334536938E-16));
#10632 = DIRECTION('',(1.,-1.144237745222E-17,0.));
#10633 = DIRECTION('',(0.,0.,1.));
#10634 = ADVANCED_FACE('',(#10635),#10646,.F.);
#10635 = FACE_BOUND('',#10636,.F.);
#10636 = EDGE_LOOP('',(#10637,#10643,#10644,#10645));
#10637 = ORIENTED_EDGE('',*,*,#10638,.T.);
#10638 = EDGE_CURVE('',#8921,#9023,#10639,.T.);
#10639 = LINE('',#10640,#10641);
#10640 = CARTESIAN_POINT('',(-2.724938966801,1.7,-1.665334536938E-16));
#10641 = VECTOR('',#10642,1.);
#10642 = DIRECTION('',(1.144237745222E-17,1.,0.));
#10643 = ORIENTED_EDGE('',*,*,#9031,.T.);
#10644 = ORIENTED_EDGE('',*,*,#10621,.F.);
#10645 = ORIENTED_EDGE('',*,*,#8929,.F.);
#10646 = PLANE('',#10647);
#10647 = AXIS2_PLACEMENT_3D('',#10648,#10649,#10650);
#10648 = CARTESIAN_POINT('',(-2.724938966801,1.7,-1.665334536938E-16));
#10649 = DIRECTION('',(0.,0.,1.));
#10650 = DIRECTION('',(-1.,1.144237745222E-17,0.));
#10651 = ADVANCED_FACE('',(#10652),#10663,.T.);
#10652 = FACE_BOUND('',#10653,.T.);
#10653 = EDGE_LOOP('',(#10654,#10655,#10656,#10657));
#10654 = ORIENTED_EDGE('',*,*,#8920,.T.);
#10655 = ORIENTED_EDGE('',*,*,#10638,.T.);
#10656 = ORIENTED_EDGE('',*,*,#9022,.F.);
#10657 = ORIENTED_EDGE('',*,*,#10658,.F.);
#10658 = EDGE_CURVE('',#8913,#9015,#10659,.T.);
#10659 = LINE('',#10660,#10661);
#10660 = CARTESIAN_POINT('',(-2.429496640897,1.7,0.2479055467));
#10661 = VECTOR('',#10662,1.);
#10662 = DIRECTION('',(1.144237745222E-17,1.,0.));
#10663 = CYLINDRICAL_SURFACE('',#10664,0.3);
#10664 = AXIS2_PLACEMENT_3D('',#10665,#10666,#10667);
#10665 = CARTESIAN_POINT('',(-2.724938966801,1.7,0.3));
#10666 = DIRECTION('',(-1.144237745222E-17,-1.,0.));
#10667 = DIRECTION('',(0.984807753012,-1.126854202784E-17,
    -0.173648177667));
#10668 = ADVANCED_FACE('',(#10669),#10675,.F.);
#10669 = FACE_BOUND('',#10670,.F.);
#10670 = EDGE_LOOP('',(#10671,#10672,#10673,#10674));
#10671 = ORIENTED_EDGE('',*,*,#8996,.T.);
#10672 = ORIENTED_EDGE('',*,*,#9014,.T.);
#10673 = ORIENTED_EDGE('',*,*,#10658,.F.);
#10674 = ORIENTED_EDGE('',*,*,#8912,.F.);
#10675 = PLANE('',#10676);
#10676 = AXIS2_PLACEMENT_3D('',#10677,#10678,#10679);
#10677 = CARTESIAN_POINT('',(-2.348480775301,1.7,0.742364817767));
#10678 = DIRECTION('',(-0.986841372087,1.129181146488E-17,0.161691392282
    ));
#10679 = DIRECTION('',(-0.161691392282,1.85013394127E-18,-0.986841372087
    ));
#10680 = ADVANCED_FACE('',(#10681),#10692,.F.);
#10681 = FACE_BOUND('',#10682,.F.);
#10682 = EDGE_LOOP('',(#10683,#10689,#10690,#10691));
#10683 = ORIENTED_EDGE('',*,*,#10684,.T.);
#10684 = EDGE_CURVE('',#9141,#9243,#10685,.T.);
#10685 = LINE('',#10686,#10687);
#10686 = CARTESIAN_POINT('',(2.6264581915,2.11,0.282635182233));
#10687 = VECTOR('',#10688,1.);
#10688 = DIRECTION('',(1.110223024625E-16,-1.,0.));
#10689 = ORIENTED_EDGE('',*,*,#9251,.T.);
#10690 = ORIENTED_EDGE('',*,*,#10151,.F.);
#10691 = ORIENTED_EDGE('',*,*,#9149,.F.);
#10692 = PLANE('',#10693);
#10693 = AXIS2_PLACEMENT_3D('',#10694,#10695,#10696);
#10694 = CARTESIAN_POINT('',(2.6264581915,2.11,0.282635182233));
#10695 = DIRECTION('',(-0.986841372087,-1.095614012943E-16,
    -0.161691392282));
#10696 = DIRECTION('',(-0.161691392282,-1.795135065956E-17,
    0.986841372087));
#10697 = ADVANCED_FACE('',(#10698),#10709,.F.);
#10698 = FACE_BOUND('',#10699,.F.);
#10699 = EDGE_LOOP('',(#10700,#10706,#10707,#10708));
#10700 = ORIENTED_EDGE('',*,*,#10701,.T.);
#10701 = EDGE_CURVE('',#9133,#9235,#10702,.T.);
#10702 = LINE('',#10703,#10704);
#10703 = CARTESIAN_POINT('',(2.724938966801,2.11,0.2));
#10704 = VECTOR('',#10705,1.);
#10705 = DIRECTION('',(1.110223024625E-16,-1.,0.));
#10706 = ORIENTED_EDGE('',*,*,#9242,.T.);
#10707 = ORIENTED_EDGE('',*,*,#10684,.F.);
#10708 = ORIENTED_EDGE('',*,*,#9140,.F.);
#10709 = CYLINDRICAL_SURFACE('',#10710,0.1);
#10710 = AXIS2_PLACEMENT_3D('',#10711,#10712,#10713);
#10711 = CARTESIAN_POINT('',(2.724938966801,2.11,0.3));
#10712 = DIRECTION('',(-1.110223024625E-16,1.,0.));
#10713 = DIRECTION('',(0.,0.,-1.));
#10714 = ADVANCED_FACE('',(#10715),#10726,.F.);
#10715 = FACE_BOUND('',#10716,.F.);
#10716 = EDGE_LOOP('',(#10717,#10723,#10724,#10725));
#10717 = ORIENTED_EDGE('',*,*,#10718,.T.);
#10718 = EDGE_CURVE('',#9125,#9227,#10719,.T.);
#10719 = LINE('',#10720,#10721);
#10720 = CARTESIAN_POINT('',(3.,2.11,0.2));
#10721 = VECTOR('',#10722,1.);
#10722 = DIRECTION('',(1.110223024625E-16,-1.,0.));
#10723 = ORIENTED_EDGE('',*,*,#9234,.T.);
#10724 = ORIENTED_EDGE('',*,*,#10701,.F.);
#10725 = ORIENTED_EDGE('',*,*,#9132,.F.);
#10726 = PLANE('',#10727);
#10727 = AXIS2_PLACEMENT_3D('',#10728,#10729,#10730);
#10728 = CARTESIAN_POINT('',(3.,2.11,0.2));
#10729 = DIRECTION('',(0.,0.,-1.));
#10730 = DIRECTION('',(-1.,-1.110223024625E-16,-0.));
#10731 = ADVANCED_FACE('',(#10732),#10743,.F.);
#10732 = FACE_BOUND('',#10733,.F.);
#10733 = EDGE_LOOP('',(#10734,#10740,#10741,#10742));
#10734 = ORIENTED_EDGE('',*,*,#10735,.T.);
#10735 = EDGE_CURVE('',#9117,#9219,#10736,.T.);
#10736 = LINE('',#10737,#10738);
#10737 = CARTESIAN_POINT('',(3.,2.11,-1.665334536938E-16));
#10738 = VECTOR('',#10739,1.);
#10739 = DIRECTION('',(1.110223024625E-16,-1.,0.));
#10740 = ORIENTED_EDGE('',*,*,#9226,.T.);
#10741 = ORIENTED_EDGE('',*,*,#10718,.F.);
#10742 = ORIENTED_EDGE('',*,*,#9124,.F.);
#10743 = PLANE('',#10744);
#10744 = AXIS2_PLACEMENT_3D('',#10745,#10746,#10747);
#10745 = CARTESIAN_POINT('',(3.,2.11,-1.665334536938E-16));
#10746 = DIRECTION('',(-1.,-1.110223024625E-16,0.));
#10747 = DIRECTION('',(0.,0.,1.));
#10748 = ADVANCED_FACE('',(#10749),#10760,.F.);
#10749 = FACE_BOUND('',#10750,.F.);
#10750 = EDGE_LOOP('',(#10751,#10757,#10758,#10759));
#10751 = ORIENTED_EDGE('',*,*,#10752,.T.);
#10752 = EDGE_CURVE('',#9108,#9210,#10753,.T.);
#10753 = LINE('',#10754,#10755);
#10754 = CARTESIAN_POINT('',(2.724938966801,2.11,-1.665334536938E-16));
#10755 = VECTOR('',#10756,1.);
#10756 = DIRECTION('',(1.110223024625E-16,-1.,0.));
#10757 = ORIENTED_EDGE('',*,*,#9218,.T.);
#10758 = ORIENTED_EDGE('',*,*,#10735,.F.);
#10759 = ORIENTED_EDGE('',*,*,#9116,.F.);
#10760 = PLANE('',#10761);
#10761 = AXIS2_PLACEMENT_3D('',#10762,#10763,#10764);
#10762 = CARTESIAN_POINT('',(2.724938966801,2.11,-1.665334536938E-16));
#10763 = DIRECTION('',(0.,0.,1.));
#10764 = DIRECTION('',(1.,1.110223024625E-16,-0.));
#10765 = ADVANCED_FACE('',(#10766),#10777,.T.);
#10766 = FACE_BOUND('',#10767,.T.);
#10767 = EDGE_LOOP('',(#10768,#10769,#10770,#10771));
#10768 = ORIENTED_EDGE('',*,*,#9107,.T.);
#10769 = ORIENTED_EDGE('',*,*,#10752,.T.);
#10770 = ORIENTED_EDGE('',*,*,#9209,.F.);
#10771 = ORIENTED_EDGE('',*,*,#10772,.F.);
#10772 = EDGE_CURVE('',#9100,#9202,#10773,.T.);
#10773 = LINE('',#10774,#10775);
#10774 = CARTESIAN_POINT('',(2.429496640897,2.11,0.2479055467));
#10775 = VECTOR('',#10776,1.);
#10776 = DIRECTION('',(1.110223024625E-16,-1.,0.));
#10777 = CYLINDRICAL_SURFACE('',#10778,0.3);
#10778 = AXIS2_PLACEMENT_3D('',#10779,#10780,#10781);
#10779 = CARTESIAN_POINT('',(2.724938966801,2.11,0.3));
#10780 = DIRECTION('',(-1.110223024625E-16,1.,0.));
#10781 = DIRECTION('',(-0.984807753012,-1.093356242223E-16,
    -0.173648177667));
#10782 = ADVANCED_FACE('',(#10783),#10789,.F.);
#10783 = FACE_BOUND('',#10784,.F.);
#10784 = EDGE_LOOP('',(#10785,#10786,#10787,#10788));
#10785 = ORIENTED_EDGE('',*,*,#9183,.T.);
#10786 = ORIENTED_EDGE('',*,*,#9201,.T.);
#10787 = ORIENTED_EDGE('',*,*,#10772,.F.);
#10788 = ORIENTED_EDGE('',*,*,#9099,.F.);
#10789 = PLANE('',#10790);
#10790 = AXIS2_PLACEMENT_3D('',#10791,#10792,#10793);
#10791 = CARTESIAN_POINT('',(2.348480775301,2.11,0.742364817767));
#10792 = DIRECTION('',(0.986841372087,1.095614012943E-16,0.161691392282)
  );
#10793 = DIRECTION('',(0.161691392282,1.795135065956E-17,-0.986841372087
    ));
#10794 = ADVANCED_FACE('',(#10795),#10806,.T.);
#10795 = FACE_BOUND('',#10796,.T.);
#10796 = EDGE_LOOP('',(#10797,#10798,#10799,#10800));
#10797 = ORIENTED_EDGE('',*,*,#9361,.T.);
#10798 = ORIENTED_EDGE('',*,*,#10076,.T.);
#10799 = ORIENTED_EDGE('',*,*,#9470,.F.);
#10800 = ORIENTED_EDGE('',*,*,#10801,.F.);
#10801 = EDGE_CURVE('',#9354,#9463,#10802,.T.);
#10802 = LINE('',#10803,#10804);
#10803 = CARTESIAN_POINT('',(2.545442325904,0.84,0.7770944533));
#10804 = VECTOR('',#10805,1.);
#10805 = DIRECTION('',(1.110223024625E-16,-1.,0.));
#10806 = CYLINDRICAL_SURFACE('',#10807,0.3);
#10807 = AXIS2_PLACEMENT_3D('',#10808,#10809,#10810);
#10808 = CARTESIAN_POINT('',(2.25,0.84,0.725));
#10809 = DIRECTION('',(-1.110223024625E-16,1.,0.));
#10810 = DIRECTION('',(0.984807753012,1.093356242223E-16,0.173648177667)
  );
#10811 = ADVANCED_FACE('',(#10812),#10823,.F.);
#10812 = FACE_BOUND('',#10813,.F.);
#10813 = EDGE_LOOP('',(#10814,#10820,#10821,#10822));
#10814 = ORIENTED_EDGE('',*,*,#10815,.T.);
#10815 = EDGE_CURVE('',#9345,#9454,#10816,.T.);
#10816 = LINE('',#10817,#10818);
#10817 = CARTESIAN_POINT('',(2.6264581915,0.84,0.282635182233));
#10818 = VECTOR('',#10819,1.);
#10819 = DIRECTION('',(1.110223024625E-16,-1.,0.));
#10820 = ORIENTED_EDGE('',*,*,#9462,.T.);
#10821 = ORIENTED_EDGE('',*,*,#10801,.F.);
#10822 = ORIENTED_EDGE('',*,*,#9353,.F.);
#10823 = PLANE('',#10824);
#10824 = AXIS2_PLACEMENT_3D('',#10825,#10826,#10827);
#10825 = CARTESIAN_POINT('',(2.6264581915,0.84,0.282635182233));
#10826 = DIRECTION('',(-0.986841372087,-1.095614012943E-16,
    -0.161691392282));
#10827 = DIRECTION('',(-0.161691392282,-1.795135065956E-17,
    0.986841372087));
#10828 = ADVANCED_FACE('',(#10829),#10840,.F.);
#10829 = FACE_BOUND('',#10830,.F.);
#10830 = EDGE_LOOP('',(#10831,#10837,#10838,#10839));
#10831 = ORIENTED_EDGE('',*,*,#10832,.T.);
#10832 = EDGE_CURVE('',#9337,#9446,#10833,.T.);
#10833 = LINE('',#10834,#10835);
#10834 = CARTESIAN_POINT('',(2.724938966801,0.84,0.2));
#10835 = VECTOR('',#10836,1.);
#10836 = DIRECTION('',(1.110223024625E-16,-1.,0.));
#10837 = ORIENTED_EDGE('',*,*,#9453,.T.);
#10838 = ORIENTED_EDGE('',*,*,#10815,.F.);
#10839 = ORIENTED_EDGE('',*,*,#9344,.F.);
#10840 = CYLINDRICAL_SURFACE('',#10841,0.1);
#10841 = AXIS2_PLACEMENT_3D('',#10842,#10843,#10844);
#10842 = CARTESIAN_POINT('',(2.724938966801,0.84,0.3));
#10843 = DIRECTION('',(-1.110223024625E-16,1.,0.));
#10844 = DIRECTION('',(0.,0.,-1.));
#10845 = ADVANCED_FACE('',(#10846),#10857,.F.);
#10846 = FACE_BOUND('',#10847,.F.);
#10847 = EDGE_LOOP('',(#10848,#10854,#10855,#10856));
#10848 = ORIENTED_EDGE('',*,*,#10849,.T.);
#10849 = EDGE_CURVE('',#9329,#9438,#10850,.T.);
#10850 = LINE('',#10851,#10852);
#10851 = CARTESIAN_POINT('',(3.,0.84,0.2));
#10852 = VECTOR('',#10853,1.);
#10853 = DIRECTION('',(1.110223024625E-16,-1.,0.));
#10854 = ORIENTED_EDGE('',*,*,#9445,.T.);
#10855 = ORIENTED_EDGE('',*,*,#10832,.F.);
#10856 = ORIENTED_EDGE('',*,*,#9336,.F.);
#10857 = PLANE('',#10858);
#10858 = AXIS2_PLACEMENT_3D('',#10859,#10860,#10861);
#10859 = CARTESIAN_POINT('',(3.,0.84,0.2));
#10860 = DIRECTION('',(0.,0.,-1.));
#10861 = DIRECTION('',(-1.,-1.110223024625E-16,-0.));
#10862 = ADVANCED_FACE('',(#10863),#10874,.F.);
#10863 = FACE_BOUND('',#10864,.F.);
#10864 = EDGE_LOOP('',(#10865,#10871,#10872,#10873));
#10865 = ORIENTED_EDGE('',*,*,#10866,.T.);
#10866 = EDGE_CURVE('',#9321,#9430,#10867,.T.);
#10867 = LINE('',#10868,#10869);
#10868 = CARTESIAN_POINT('',(3.,0.84,-1.665334536938E-16));
#10869 = VECTOR('',#10870,1.);
#10870 = DIRECTION('',(1.110223024625E-16,-1.,0.));
#10871 = ORIENTED_EDGE('',*,*,#9437,.T.);
#10872 = ORIENTED_EDGE('',*,*,#10849,.F.);
#10873 = ORIENTED_EDGE('',*,*,#9328,.F.);
#10874 = PLANE('',#10875);
#10875 = AXIS2_PLACEMENT_3D('',#10876,#10877,#10878);
#10876 = CARTESIAN_POINT('',(3.,0.84,-1.665334536938E-16));
#10877 = DIRECTION('',(-1.,-1.110223024625E-16,0.));
#10878 = DIRECTION('',(0.,0.,1.));
#10879 = ADVANCED_FACE('',(#10880),#10891,.F.);
#10880 = FACE_BOUND('',#10881,.F.);
#10881 = EDGE_LOOP('',(#10882,#10888,#10889,#10890));
#10882 = ORIENTED_EDGE('',*,*,#10883,.T.);
#10883 = EDGE_CURVE('',#9312,#9421,#10884,.T.);
#10884 = LINE('',#10885,#10886);
#10885 = CARTESIAN_POINT('',(2.724938966801,0.84,-1.665334536938E-16));
#10886 = VECTOR('',#10887,1.);
#10887 = DIRECTION('',(1.110223024625E-16,-1.,0.));
#10888 = ORIENTED_EDGE('',*,*,#9429,.T.);
#10889 = ORIENTED_EDGE('',*,*,#10866,.F.);
#10890 = ORIENTED_EDGE('',*,*,#9320,.F.);
#10891 = PLANE('',#10892);
#10892 = AXIS2_PLACEMENT_3D('',#10893,#10894,#10895);
#10893 = CARTESIAN_POINT('',(2.724938966801,0.84,-1.665334536938E-16));
#10894 = DIRECTION('',(0.,0.,1.));
#10895 = DIRECTION('',(1.,1.110223024625E-16,-0.));
#10896 = ADVANCED_FACE('',(#10897),#10908,.T.);
#10897 = FACE_BOUND('',#10898,.T.);
#10898 = EDGE_LOOP('',(#10899,#10900,#10901,#10902));
#10899 = ORIENTED_EDGE('',*,*,#9311,.T.);
#10900 = ORIENTED_EDGE('',*,*,#10883,.T.);
#10901 = ORIENTED_EDGE('',*,*,#9420,.F.);
#10902 = ORIENTED_EDGE('',*,*,#10903,.F.);
#10903 = EDGE_CURVE('',#9304,#9413,#10904,.T.);
#10904 = LINE('',#10905,#10906);
#10905 = CARTESIAN_POINT('',(2.429496640897,0.84,0.2479055467));
#10906 = VECTOR('',#10907,1.);
#10907 = DIRECTION('',(1.110223024625E-16,-1.,0.));
#10908 = CYLINDRICAL_SURFACE('',#10909,0.3);
#10909 = AXIS2_PLACEMENT_3D('',#10910,#10911,#10912);
#10910 = CARTESIAN_POINT('',(2.724938966801,0.84,0.3));
#10911 = DIRECTION('',(-1.110223024625E-16,1.,0.));
#10912 = DIRECTION('',(-0.984807753012,-1.093356242223E-16,
    -0.173648177667));
#10913 = ADVANCED_FACE('',(#10914),#10920,.F.);
#10914 = FACE_BOUND('',#10915,.F.);
#10915 = EDGE_LOOP('',(#10916,#10917,#10918,#10919));
#10916 = ORIENTED_EDGE('',*,*,#9394,.T.);
#10917 = ORIENTED_EDGE('',*,*,#9412,.T.);
#10918 = ORIENTED_EDGE('',*,*,#10903,.F.);
#10919 = ORIENTED_EDGE('',*,*,#9303,.F.);
#10920 = PLANE('',#10921);
#10921 = AXIS2_PLACEMENT_3D('',#10922,#10923,#10924);
#10922 = CARTESIAN_POINT('',(2.348480775301,0.84,0.742364817767));
#10923 = DIRECTION('',(0.986841372087,1.095614012943E-16,0.161691392282)
  );
#10924 = DIRECTION('',(0.161691392282,1.795135065956E-17,-0.986841372087
    ));
#10925 = ADVANCED_FACE('',(#10926),#10937,.T.);
#10926 = FACE_BOUND('',#10927,.T.);
#10927 = EDGE_LOOP('',(#10928,#10929,#10930,#10931));
#10928 = ORIENTED_EDGE('',*,*,#9584,.T.);
#10929 = ORIENTED_EDGE('',*,*,#10095,.T.);
#10930 = ORIENTED_EDGE('',*,*,#9693,.F.);
#10931 = ORIENTED_EDGE('',*,*,#10932,.F.);
#10932 = EDGE_CURVE('',#9577,#9686,#10933,.T.);
#10933 = LINE('',#10934,#10935);
#10934 = CARTESIAN_POINT('',(2.545442325904,-0.43,0.7770944533));
#10935 = VECTOR('',#10936,1.);
#10936 = DIRECTION('',(1.110223024625E-16,-1.,0.));
#10937 = CYLINDRICAL_SURFACE('',#10938,0.3);
#10938 = AXIS2_PLACEMENT_3D('',#10939,#10940,#10941);
#10939 = CARTESIAN_POINT('',(2.25,-0.43,0.725));
#10940 = DIRECTION('',(-1.110223024625E-16,1.,0.));
#10941 = DIRECTION('',(0.984807753012,1.093356242223E-16,0.173648177667)
  );
#10942 = ADVANCED_FACE('',(#10943),#10954,.F.);
#10943 = FACE_BOUND('',#10944,.F.);
#10944 = EDGE_LOOP('',(#10945,#10951,#10952,#10953));
#10945 = ORIENTED_EDGE('',*,*,#10946,.T.);
#10946 = EDGE_CURVE('',#9568,#9677,#10947,.T.);
#10947 = LINE('',#10948,#10949);
#10948 = CARTESIAN_POINT('',(2.6264581915,-0.43,0.282635182233));
#10949 = VECTOR('',#10950,1.);
#10950 = DIRECTION('',(1.110223024625E-16,-1.,0.));
#10951 = ORIENTED_EDGE('',*,*,#9685,.T.);
#10952 = ORIENTED_EDGE('',*,*,#10932,.F.);
#10953 = ORIENTED_EDGE('',*,*,#9576,.F.);
#10954 = PLANE('',#10955);
#10955 = AXIS2_PLACEMENT_3D('',#10956,#10957,#10958);
#10956 = CARTESIAN_POINT('',(2.6264581915,-0.43,0.282635182233));
#10957 = DIRECTION('',(-0.986841372087,-1.095614012943E-16,
    -0.161691392282));
#10958 = DIRECTION('',(-0.161691392282,-1.795135065956E-17,
    0.986841372087));
#10959 = ADVANCED_FACE('',(#10960),#10971,.F.);
#10960 = FACE_BOUND('',#10961,.F.);
#10961 = EDGE_LOOP('',(#10962,#10968,#10969,#10970));
#10962 = ORIENTED_EDGE('',*,*,#10963,.T.);
#10963 = EDGE_CURVE('',#9560,#9669,#10964,.T.);
#10964 = LINE('',#10965,#10966);
#10965 = CARTESIAN_POINT('',(2.724938966801,-0.43,0.2));
#10966 = VECTOR('',#10967,1.);
#10967 = DIRECTION('',(1.110223024625E-16,-1.,0.));
#10968 = ORIENTED_EDGE('',*,*,#9676,.T.);
#10969 = ORIENTED_EDGE('',*,*,#10946,.F.);
#10970 = ORIENTED_EDGE('',*,*,#9567,.F.);
#10971 = CYLINDRICAL_SURFACE('',#10972,0.1);
#10972 = AXIS2_PLACEMENT_3D('',#10973,#10974,#10975);
#10973 = CARTESIAN_POINT('',(2.724938966801,-0.43,0.3));
#10974 = DIRECTION('',(-1.110223024625E-16,1.,0.));
#10975 = DIRECTION('',(0.,0.,-1.));
#10976 = ADVANCED_FACE('',(#10977),#10988,.F.);
#10977 = FACE_BOUND('',#10978,.F.);
#10978 = EDGE_LOOP('',(#10979,#10985,#10986,#10987));
#10979 = ORIENTED_EDGE('',*,*,#10980,.T.);
#10980 = EDGE_CURVE('',#9552,#9661,#10981,.T.);
#10981 = LINE('',#10982,#10983);
#10982 = CARTESIAN_POINT('',(3.,-0.43,0.2));
#10983 = VECTOR('',#10984,1.);
#10984 = DIRECTION('',(1.110223024625E-16,-1.,0.));
#10985 = ORIENTED_EDGE('',*,*,#9668,.T.);
#10986 = ORIENTED_EDGE('',*,*,#10963,.F.);
#10987 = ORIENTED_EDGE('',*,*,#9559,.F.);
#10988 = PLANE('',#10989);
#10989 = AXIS2_PLACEMENT_3D('',#10990,#10991,#10992);
#10990 = CARTESIAN_POINT('',(3.,-0.43,0.2));
#10991 = DIRECTION('',(0.,0.,-1.));
#10992 = DIRECTION('',(-1.,-1.110223024625E-16,-0.));
#10993 = ADVANCED_FACE('',(#10994),#11005,.F.);
#10994 = FACE_BOUND('',#10995,.F.);
#10995 = EDGE_LOOP('',(#10996,#11002,#11003,#11004));
#10996 = ORIENTED_EDGE('',*,*,#10997,.T.);
#10997 = EDGE_CURVE('',#9544,#9653,#10998,.T.);
#10998 = LINE('',#10999,#11000);
#10999 = CARTESIAN_POINT('',(3.,-0.43,-1.665334536938E-16));
#11000 = VECTOR('',#11001,1.);
#11001 = DIRECTION('',(1.110223024625E-16,-1.,0.));
#11002 = ORIENTED_EDGE('',*,*,#9660,.T.);
#11003 = ORIENTED_EDGE('',*,*,#10980,.F.);
#11004 = ORIENTED_EDGE('',*,*,#9551,.F.);
#11005 = PLANE('',#11006);
#11006 = AXIS2_PLACEMENT_3D('',#11007,#11008,#11009);
#11007 = CARTESIAN_POINT('',(3.,-0.43,-1.665334536938E-16));
#11008 = DIRECTION('',(-1.,-1.110223024625E-16,0.));
#11009 = DIRECTION('',(0.,0.,1.));
#11010 = ADVANCED_FACE('',(#11011),#11022,.F.);
#11011 = FACE_BOUND('',#11012,.F.);
#11012 = EDGE_LOOP('',(#11013,#11019,#11020,#11021));
#11013 = ORIENTED_EDGE('',*,*,#11014,.T.);
#11014 = EDGE_CURVE('',#9535,#9644,#11015,.T.);
#11015 = LINE('',#11016,#11017);
#11016 = CARTESIAN_POINT('',(2.724938966801,-0.43,-1.665334536938E-16));
#11017 = VECTOR('',#11018,1.);
#11018 = DIRECTION('',(1.110223024625E-16,-1.,0.));
#11019 = ORIENTED_EDGE('',*,*,#9652,.T.);
#11020 = ORIENTED_EDGE('',*,*,#10997,.F.);
#11021 = ORIENTED_EDGE('',*,*,#9543,.F.);
#11022 = PLANE('',#11023);
#11023 = AXIS2_PLACEMENT_3D('',#11024,#11025,#11026);
#11024 = CARTESIAN_POINT('',(2.724938966801,-0.43,-1.665334536938E-16));
#11025 = DIRECTION('',(0.,0.,1.));
#11026 = DIRECTION('',(1.,1.110223024625E-16,-0.));
#11027 = ADVANCED_FACE('',(#11028),#11039,.T.);
#11028 = FACE_BOUND('',#11029,.T.);
#11029 = EDGE_LOOP('',(#11030,#11031,#11032,#11033));
#11030 = ORIENTED_EDGE('',*,*,#9534,.T.);
#11031 = ORIENTED_EDGE('',*,*,#11014,.T.);
#11032 = ORIENTED_EDGE('',*,*,#9643,.F.);
#11033 = ORIENTED_EDGE('',*,*,#11034,.F.);
#11034 = EDGE_CURVE('',#9527,#9636,#11035,.T.);
#11035 = LINE('',#11036,#11037);
#11036 = CARTESIAN_POINT('',(2.429496640897,-0.43,0.2479055467));
#11037 = VECTOR('',#11038,1.);
#11038 = DIRECTION('',(1.110223024625E-16,-1.,0.));
#11039 = CYLINDRICAL_SURFACE('',#11040,0.3);
#11040 = AXIS2_PLACEMENT_3D('',#11041,#11042,#11043);
#11041 = CARTESIAN_POINT('',(2.724938966801,-0.43,0.3));
#11042 = DIRECTION('',(-1.110223024625E-16,1.,0.));
#11043 = DIRECTION('',(-0.984807753012,-1.093356242223E-16,
    -0.173648177667));
#11044 = ADVANCED_FACE('',(#11045),#11051,.F.);
#11045 = FACE_BOUND('',#11046,.F.);
#11046 = EDGE_LOOP('',(#11047,#11048,#11049,#11050));
#11047 = ORIENTED_EDGE('',*,*,#9617,.T.);
#11048 = ORIENTED_EDGE('',*,*,#9635,.T.);
#11049 = ORIENTED_EDGE('',*,*,#11034,.F.);
#11050 = ORIENTED_EDGE('',*,*,#9526,.F.);
#11051 = PLANE('',#11052);
#11052 = AXIS2_PLACEMENT_3D('',#11053,#11054,#11055);
#11053 = CARTESIAN_POINT('',(2.348480775301,-0.43,0.742364817767));
#11054 = DIRECTION('',(0.986841372087,1.095614012943E-16,0.161691392282)
  );
#11055 = DIRECTION('',(0.161691392282,1.795135065956E-17,-0.986841372087
    ));
#11056 = ADVANCED_FACE('',(#11057),#11068,.T.);
#11057 = FACE_BOUND('',#11058,.T.);
#11058 = EDGE_LOOP('',(#11059,#11060,#11061,#11062));
#11059 = ORIENTED_EDGE('',*,*,#9807,.T.);
#11060 = ORIENTED_EDGE('',*,*,#10114,.T.);
#11061 = ORIENTED_EDGE('',*,*,#9916,.F.);
#11062 = ORIENTED_EDGE('',*,*,#11063,.F.);
#11063 = EDGE_CURVE('',#9800,#9909,#11064,.T.);
#11064 = LINE('',#11065,#11066);
#11065 = CARTESIAN_POINT('',(2.545442325904,-1.7,0.7770944533));
#11066 = VECTOR('',#11067,1.);
#11067 = DIRECTION('',(1.110223024625E-16,-1.,0.));
#11068 = CYLINDRICAL_SURFACE('',#11069,0.3);
#11069 = AXIS2_PLACEMENT_3D('',#11070,#11071,#11072);
#11070 = CARTESIAN_POINT('',(2.25,-1.7,0.725));
#11071 = DIRECTION('',(-1.110223024625E-16,1.,0.));
#11072 = DIRECTION('',(0.984807753012,1.093356242223E-16,0.173648177667)
  );
#11073 = ADVANCED_FACE('',(#11074),#11085,.F.);
#11074 = FACE_BOUND('',#11075,.F.);
#11075 = EDGE_LOOP('',(#11076,#11082,#11083,#11084));
#11076 = ORIENTED_EDGE('',*,*,#11077,.T.);
#11077 = EDGE_CURVE('',#9791,#9900,#11078,.T.);
#11078 = LINE('',#11079,#11080);
#11079 = CARTESIAN_POINT('',(2.6264581915,-1.7,0.282635182233));
#11080 = VECTOR('',#11081,1.);
#11081 = DIRECTION('',(1.110223024625E-16,-1.,0.));
#11082 = ORIENTED_EDGE('',*,*,#9908,.T.);
#11083 = ORIENTED_EDGE('',*,*,#11063,.F.);
#11084 = ORIENTED_EDGE('',*,*,#9799,.F.);
#11085 = PLANE('',#11086);
#11086 = AXIS2_PLACEMENT_3D('',#11087,#11088,#11089);
#11087 = CARTESIAN_POINT('',(2.6264581915,-1.7,0.282635182233));
#11088 = DIRECTION('',(-0.986841372087,-1.095614012943E-16,
    -0.161691392282));
#11089 = DIRECTION('',(-0.161691392282,-1.795135065956E-17,
    0.986841372087));
#11090 = ADVANCED_FACE('',(#11091),#11102,.F.);
#11091 = FACE_BOUND('',#11092,.F.);
#11092 = EDGE_LOOP('',(#11093,#11099,#11100,#11101));
#11093 = ORIENTED_EDGE('',*,*,#11094,.T.);
#11094 = EDGE_CURVE('',#9783,#9892,#11095,.T.);
#11095 = LINE('',#11096,#11097);
#11096 = CARTESIAN_POINT('',(2.724938966801,-1.7,0.2));
#11097 = VECTOR('',#11098,1.);
#11098 = DIRECTION('',(1.110223024625E-16,-1.,0.));
#11099 = ORIENTED_EDGE('',*,*,#9899,.T.);
#11100 = ORIENTED_EDGE('',*,*,#11077,.F.);
#11101 = ORIENTED_EDGE('',*,*,#9790,.F.);
#11102 = CYLINDRICAL_SURFACE('',#11103,0.1);
#11103 = AXIS2_PLACEMENT_3D('',#11104,#11105,#11106);
#11104 = CARTESIAN_POINT('',(2.724938966801,-1.7,0.3));
#11105 = DIRECTION('',(-1.110223024625E-16,1.,0.));
#11106 = DIRECTION('',(0.,0.,-1.));
#11107 = ADVANCED_FACE('',(#11108),#11119,.F.);
#11108 = FACE_BOUND('',#11109,.F.);
#11109 = EDGE_LOOP('',(#11110,#11116,#11117,#11118));
#11110 = ORIENTED_EDGE('',*,*,#11111,.T.);
#11111 = EDGE_CURVE('',#9775,#9884,#11112,.T.);
#11112 = LINE('',#11113,#11114);
#11113 = CARTESIAN_POINT('',(3.,-1.7,0.2));
#11114 = VECTOR('',#11115,1.);
#11115 = DIRECTION('',(1.110223024625E-16,-1.,0.));
#11116 = ORIENTED_EDGE('',*,*,#9891,.T.);
#11117 = ORIENTED_EDGE('',*,*,#11094,.F.);
#11118 = ORIENTED_EDGE('',*,*,#9782,.F.);
#11119 = PLANE('',#11120);
#11120 = AXIS2_PLACEMENT_3D('',#11121,#11122,#11123);
#11121 = CARTESIAN_POINT('',(3.,-1.7,0.2));
#11122 = DIRECTION('',(0.,0.,-1.));
#11123 = DIRECTION('',(-1.,-1.110223024625E-16,-0.));
#11124 = ADVANCED_FACE('',(#11125),#11136,.F.);
#11125 = FACE_BOUND('',#11126,.F.);
#11126 = EDGE_LOOP('',(#11127,#11133,#11134,#11135));
#11127 = ORIENTED_EDGE('',*,*,#11128,.T.);
#11128 = EDGE_CURVE('',#9767,#9876,#11129,.T.);
#11129 = LINE('',#11130,#11131);
#11130 = CARTESIAN_POINT('',(3.,-1.7,-1.665334536938E-16));
#11131 = VECTOR('',#11132,1.);
#11132 = DIRECTION('',(1.110223024625E-16,-1.,0.));
#11133 = ORIENTED_EDGE('',*,*,#9883,.T.);
#11134 = ORIENTED_EDGE('',*,*,#11111,.F.);
#11135 = ORIENTED_EDGE('',*,*,#9774,.F.);
#11136 = PLANE('',#11137);
#11137 = AXIS2_PLACEMENT_3D('',#11138,#11139,#11140);
#11138 = CARTESIAN_POINT('',(3.,-1.7,-1.665334536938E-16));
#11139 = DIRECTION('',(-1.,-1.110223024625E-16,0.));
#11140 = DIRECTION('',(0.,0.,1.));
#11141 = ADVANCED_FACE('',(#11142),#11153,.F.);
#11142 = FACE_BOUND('',#11143,.F.);
#11143 = EDGE_LOOP('',(#11144,#11150,#11151,#11152));
#11144 = ORIENTED_EDGE('',*,*,#11145,.T.);
#11145 = EDGE_CURVE('',#9758,#9867,#11146,.T.);
#11146 = LINE('',#11147,#11148);
#11147 = CARTESIAN_POINT('',(2.724938966801,-1.7,-1.665334536938E-16));
#11148 = VECTOR('',#11149,1.);
#11149 = DIRECTION('',(1.110223024625E-16,-1.,0.));
#11150 = ORIENTED_EDGE('',*,*,#9875,.T.);
#11151 = ORIENTED_EDGE('',*,*,#11128,.F.);
#11152 = ORIENTED_EDGE('',*,*,#9766,.F.);
#11153 = PLANE('',#11154);
#11154 = AXIS2_PLACEMENT_3D('',#11155,#11156,#11157);
#11155 = CARTESIAN_POINT('',(2.724938966801,-1.7,-1.665334536938E-16));
#11156 = DIRECTION('',(0.,0.,1.));
#11157 = DIRECTION('',(1.,1.110223024625E-16,-0.));
#11158 = ADVANCED_FACE('',(#11159),#11170,.T.);
#11159 = FACE_BOUND('',#11160,.T.);
#11160 = EDGE_LOOP('',(#11161,#11162,#11163,#11164));
#11161 = ORIENTED_EDGE('',*,*,#9757,.T.);
#11162 = ORIENTED_EDGE('',*,*,#11145,.T.);
#11163 = ORIENTED_EDGE('',*,*,#9866,.F.);
#11164 = ORIENTED_EDGE('',*,*,#11165,.F.);
#11165 = EDGE_CURVE('',#9750,#9859,#11166,.T.);
#11166 = LINE('',#11167,#11168);
#11167 = CARTESIAN_POINT('',(2.429496640897,-1.7,0.2479055467));
#11168 = VECTOR('',#11169,1.);
#11169 = DIRECTION('',(1.110223024625E-16,-1.,0.));
#11170 = CYLINDRICAL_SURFACE('',#11171,0.3);
#11171 = AXIS2_PLACEMENT_3D('',#11172,#11173,#11174);
#11172 = CARTESIAN_POINT('',(2.724938966801,-1.7,0.3));
#11173 = DIRECTION('',(-1.110223024625E-16,1.,0.));
#11174 = DIRECTION('',(-0.984807753012,-1.093356242223E-16,
    -0.173648177667));
#11175 = ADVANCED_FACE('',(#11176),#11182,.F.);
#11176 = FACE_BOUND('',#11177,.F.);
#11177 = EDGE_LOOP('',(#11178,#11179,#11180,#11181));
#11178 = ORIENTED_EDGE('',*,*,#9840,.T.);
#11179 = ORIENTED_EDGE('',*,*,#9858,.T.);
#11180 = ORIENTED_EDGE('',*,*,#11165,.F.);
#11181 = ORIENTED_EDGE('',*,*,#9749,.F.);
#11182 = PLANE('',#11183);
#11183 = AXIS2_PLACEMENT_3D('',#11184,#11185,#11186);
#11184 = CARTESIAN_POINT('',(2.348480775301,-1.7,0.742364817767));
#11185 = DIRECTION('',(0.986841372087,1.095614012943E-16,0.161691392282)
  );
#11186 = DIRECTION('',(0.161691392282,1.795135065956E-17,-0.986841372087
    ));
#11187 = ADVANCED_FACE('',(#11188),#11189,.F.);
#11188 = FACE_BOUND('',#10040,.T.);
#11189 = PLANE('',#11190);
#11190 = AXIS2_PLACEMENT_3D('',#11191,#11192,#11193);
#11191 = CARTESIAN_POINT('',(-1.110171280765,1.610171280765,1.75));
#11192 = DIRECTION('',(0.,0.,-1.));
#11193 = DIRECTION('',(1.110223024625E-16,-1.,0.));
#11194 = ( GEOMETRIC_REPRESENTATION_CONTEXT(3) 
GLOBAL_UNCERTAINTY_ASSIGNED_CONTEXT((#11198)) 
GLOBAL_UNIT_ASSIGNED_CONTEXT((#11195,#11196,#11197)) 
REPRESENTATION_CONTEXT('Context #1',
  '3D Context with UNIT and UNCERTAINTY') );
#11195 = ( LENGTH_UNIT() NAMED_UNIT(*) SI_UNIT(.MILLI.,.METRE.) );
#11196 = ( NAMED_UNIT(*) PLANE_ANGLE_UNIT() SI_UNIT($,.RADIAN.) );
#11197 = ( NAMED_UNIT(*) SI_UNIT($,.STERADIAN.) SOLID_ANGLE_UNIT() );
#11198 = UNCERTAINTY_MEASURE_WITH_UNIT(LENGTH_MEASURE(1.E-07),#11195,
  'distance_accuracy_value','confusion accuracy');
#11199 = CONTEXT_DEPENDENT_SHAPE_REPRESENTATION(#11200,#11202);
#11200 = ( REPRESENTATION_RELATIONSHIP('','',#6725,#10) 
REPRESENTATION_RELATIONSHIP_WITH_TRANSFORMATION(#11201) 
SHAPE_REPRESENTATION_RELATIONSHIP() );
#11201 = ITEM_DEFINED_TRANSFORMATION('','',#11,#63);
#11202 = PRODUCT_DEFINITION_SHAPE('Placement','Placement of an item',
  #11203);
#11203 = NEXT_ASSEMBLY_USAGE_OCCURRENCE('13','U3','',#5,#6720,$);
#11204 = PRODUCT_RELATED_PRODUCT_CATEGORY('part',$,(#6722));
#11205 = CONTEXT_DEPENDENT_SHAPE_REPRESENTATION(#11206,#11208);
#11206 = ( REPRESENTATION_RELATIONSHIP('','',#120,#10) 
REPRESENTATION_RELATIONSHIP_WITH_TRANSFORMATION(#11207) 
SHAPE_REPRESENTATION_RELATIONSHIP() );
#11207 = ITEM_DEFINED_TRANSFORMATION('','',#11,#67);
#11208 = PRODUCT_DEFINITION_SHAPE('Placement','Placement of an item',
  #11209);
#11209 = NEXT_ASSEMBLY_USAGE_OCCURRENCE('14','C6','',#5,#115,$);
#11210 = CONTEXT_DEPENDENT_SHAPE_REPRESENTATION(#11211,#11213);
#11211 = ( REPRESENTATION_RELATIONSHIP('','',#120,#10) 
REPRESENTATION_RELATIONSHIP_WITH_TRANSFORMATION(#11212) 
SHAPE_REPRESENTATION_RELATIONSHIP() );
#11212 = ITEM_DEFINED_TRANSFORMATION('','',#11,#71);
#11213 = PRODUCT_DEFINITION_SHAPE('Placement','Placement of an item',
  #11214);
#11214 = NEXT_ASSEMBLY_USAGE_OCCURRENCE('15','C4','',#5,#115,$);
#11215 = CONTEXT_DEPENDENT_SHAPE_REPRESENTATION(#11216,#11218);
#11216 = ( REPRESENTATION_RELATIONSHIP('','',#5842,#10) 
REPRESENTATION_RELATIONSHIP_WITH_TRANSFORMATION(#11217) 
SHAPE_REPRESENTATION_RELATIONSHIP() );
#11217 = ITEM_DEFINED_TRANSFORMATION('','',#11,#75);
#11218 = PRODUCT_DEFINITION_SHAPE('Placement','Placement of an item',
  #11219);
#11219 = NEXT_ASSEMBLY_USAGE_OCCURRENCE('16','R6','',#5,#5837,$);
#11220 = CONTEXT_DEPENDENT_SHAPE_REPRESENTATION(#11221,#11223);
#11221 = ( REPRESENTATION_RELATIONSHIP('','',#3481,#10) 
REPRESENTATION_RELATIONSHIP_WITH_TRANSFORMATION(#11222) 
SHAPE_REPRESENTATION_RELATIONSHIP() );
#11222 = ITEM_DEFINED_TRANSFORMATION('','',#11,#79);
#11223 = PRODUCT_DEFINITION_SHAPE('Placement','Placement of an item',
  #11224);
#11224 = NEXT_ASSEMBLY_USAGE_OCCURRENCE('17','R3','',#5,#3476,$);
#11225 = CONTEXT_DEPENDENT_SHAPE_REPRESENTATION(#11226,#11228);
#11226 = ( REPRESENTATION_RELATIONSHIP('','',#2318,#10) 
REPRESENTATION_RELATIONSHIP_WITH_TRANSFORMATION(#11227) 
SHAPE_REPRESENTATION_RELATIONSHIP() );
#11227 = ITEM_DEFINED_TRANSFORMATION('','',#11,#83);
#11228 = PRODUCT_DEFINITION_SHAPE('Placement','Placement of an item',
  #11229);
#11229 = NEXT_ASSEMBLY_USAGE_OCCURRENCE('18','R12','',#5,#2313,$);
#11230 = CONTEXT_DEPENDENT_SHAPE_REPRESENTATION(#11231,#11233);
#11231 = ( REPRESENTATION_RELATIONSHIP('','',#2318,#10) 
REPRESENTATION_RELATIONSHIP_WITH_TRANSFORMATION(#11232) 
SHAPE_REPRESENTATION_RELATIONSHIP() );
#11232 = ITEM_DEFINED_TRANSFORMATION('','',#11,#87);
#11233 = PRODUCT_DEFINITION_SHAPE('Placement','Placement of an item',
  #11234);
#11234 = NEXT_ASSEMBLY_USAGE_OCCURRENCE('19','R9','',#5,#2313,$);
#11235 = CONTEXT_DEPENDENT_SHAPE_REPRESENTATION(#11236,#11238);
#11236 = ( REPRESENTATION_RELATIONSHIP('','',#120,#10) 
REPRESENTATION_RELATIONSHIP_WITH_TRANSFORMATION(#11237) 
SHAPE_REPRESENTATION_RELATIONSHIP() );
#11237 = ITEM_DEFINED_TRANSFORMATION('','',#11,#91);
#11238 = PRODUCT_DEFINITION_SHAPE('Placement','Placement of an item',
  #11239);
#11239 = NEXT_ASSEMBLY_USAGE_OCCURRENCE('20','C1','',#5,#115,$);
#11240 = CONTEXT_DEPENDENT_SHAPE_REPRESENTATION(#11241,#11243);
#11241 = ( REPRESENTATION_RELATIONSHIP('','',#120,#10) 
REPRESENTATION_RELATIONSHIP_WITH_TRANSFORMATION(#11242) 
SHAPE_REPRESENTATION_RELATIONSHIP() );
#11242 = ITEM_DEFINED_TRANSFORMATION('','',#11,#95);
#11243 = PRODUCT_DEFINITION_SHAPE('Placement','Placement of an item',
  #11244);
#11244 = NEXT_ASSEMBLY_USAGE_OCCURRENCE('21','C5','',#5,#115,$);
#11245 = CONTEXT_DEPENDENT_SHAPE_REPRESENTATION(#11246,#11248);
#11246 = ( REPRESENTATION_RELATIONSHIP('','',#2318,#10) 
REPRESENTATION_RELATIONSHIP_WITH_TRANSFORMATION(#11247) 
SHAPE_REPRESENTATION_RELATIONSHIP() );
#11247 = ITEM_DEFINED_TRANSFORMATION('','',#11,#99);
#11248 = PRODUCT_DEFINITION_SHAPE('Placement','Placement of an item',
  #11249);
#11249 = NEXT_ASSEMBLY_USAGE_OCCURRENCE('22','R13','',#5,#2313,$);
#11250 = SHAPE_DEFINITION_REPRESENTATION(#11251,#11257);
#11251 = PRODUCT_DEFINITION_SHAPE('','',#11252);
#11252 = PRODUCT_DEFINITION('design','',#11253,#11256);
#11253 = PRODUCT_DEFINITION_FORMATION('','',#11254);
#11254 = PRODUCT('Ready_to_Move_Lights_2_PCB',
  'Ready_to_Move_Lights_2_PCB','',(#11255));
#11255 = PRODUCT_CONTEXT('',#2,'mechanical');
#11256 = PRODUCT_DEFINITION_CONTEXT('part definition',#2,'design');
#11257 = ADVANCED_BREP_SHAPE_REPRESENTATION('',(#11,#11258),#12773);
#11258 = MANIFOLD_SOLID_BREP('',#11259);
#11259 = CLOSED_SHELL('',(#11260,#11300,#11331,#11362,#11764,#12166,
    #12178,#12195,#12212,#12229,#12246,#12263,#12280,#12297,#12314,
    #12331,#12348,#12365,#12382,#12399,#12416,#12433,#12450,#12467,
    #12484,#12501,#12518,#12535,#12552,#12569,#12586,#12603,#12620,
    #12637,#12654,#12671,#12688,#12705,#12722,#12739,#12756));
#11260 = ADVANCED_FACE('',(#11261),#11295,.T.);
#11261 = FACE_BOUND('',#11262,.T.);
#11262 = EDGE_LOOP('',(#11263,#11273,#11281,#11289));
#11263 = ORIENTED_EDGE('',*,*,#11264,.T.);
#11264 = EDGE_CURVE('',#11265,#11267,#11269,.T.);
#11265 = VERTEX_POINT('',#11266);
#11266 = CARTESIAN_POINT('',(177.8,-127.,0.));
#11267 = VERTEX_POINT('',#11268);
#11268 = CARTESIAN_POINT('',(177.8,-127.,1.51));
#11269 = LINE('',#11270,#11271);
#11270 = CARTESIAN_POINT('',(177.8,-127.,0.));
#11271 = VECTOR('',#11272,1.);
#11272 = DIRECTION('',(0.,0.,1.));
#11273 = ORIENTED_EDGE('',*,*,#11274,.T.);
#11274 = EDGE_CURVE('',#11267,#11275,#11277,.T.);
#11275 = VERTEX_POINT('',#11276);
#11276 = CARTESIAN_POINT('',(101.6,-127.,1.51));
#11277 = LINE('',#11278,#11279);
#11278 = CARTESIAN_POINT('',(177.8,-127.,1.51));
#11279 = VECTOR('',#11280,1.);
#11280 = DIRECTION('',(-1.,0.,0.));
#11281 = ORIENTED_EDGE('',*,*,#11282,.F.);
#11282 = EDGE_CURVE('',#11283,#11275,#11285,.T.);
#11283 = VERTEX_POINT('',#11284);
#11284 = CARTESIAN_POINT('',(101.6,-127.,0.));
#11285 = LINE('',#11286,#11287);
#11286 = CARTESIAN_POINT('',(101.6,-127.,0.));
#11287 = VECTOR('',#11288,1.);
#11288 = DIRECTION('',(0.,0.,1.));
#11289 = ORIENTED_EDGE('',*,*,#11290,.F.);
#11290 = EDGE_CURVE('',#11265,#11283,#11291,.T.);
#11291 = LINE('',#11292,#11293);
#11292 = CARTESIAN_POINT('',(177.8,-127.,0.));
#11293 = VECTOR('',#11294,1.);
#11294 = DIRECTION('',(-1.,0.,0.));
#11295 = PLANE('',#11296);
#11296 = AXIS2_PLACEMENT_3D('',#11297,#11298,#11299);
#11297 = CARTESIAN_POINT('',(177.8,-127.,0.));
#11298 = DIRECTION('',(0.,-1.,0.));
#11299 = DIRECTION('',(-1.,0.,0.));
#11300 = ADVANCED_FACE('',(#11301),#11326,.T.);
#11301 = FACE_BOUND('',#11302,.T.);
#11302 = EDGE_LOOP('',(#11303,#11313,#11319,#11320));
#11303 = ORIENTED_EDGE('',*,*,#11304,.T.);
#11304 = EDGE_CURVE('',#11305,#11307,#11309,.T.);
#11305 = VERTEX_POINT('',#11306);
#11306 = CARTESIAN_POINT('',(177.8,-50.8,0.));
#11307 = VERTEX_POINT('',#11308);
#11308 = CARTESIAN_POINT('',(177.8,-50.8,1.51));
#11309 = LINE('',#11310,#11311);
#11310 = CARTESIAN_POINT('',(177.8,-50.8,0.));
#11311 = VECTOR('',#11312,1.);
#11312 = DIRECTION('',(0.,0.,1.));
#11313 = ORIENTED_EDGE('',*,*,#11314,.T.);
#11314 = EDGE_CURVE('',#11307,#11267,#11315,.T.);
#11315 = LINE('',#11316,#11317);
#11316 = CARTESIAN_POINT('',(177.8,-50.8,1.51));
#11317 = VECTOR('',#11318,1.);
#11318 = DIRECTION('',(0.,-1.,0.));
#11319 = ORIENTED_EDGE('',*,*,#11264,.F.);
#11320 = ORIENTED_EDGE('',*,*,#11321,.F.);
#11321 = EDGE_CURVE('',#11305,#11265,#11322,.T.);
#11322 = LINE('',#11323,#11324);
#11323 = CARTESIAN_POINT('',(177.8,-50.8,0.));
#11324 = VECTOR('',#11325,1.);
#11325 = DIRECTION('',(0.,-1.,0.));
#11326 = PLANE('',#11327);
#11327 = AXIS2_PLACEMENT_3D('',#11328,#11329,#11330);
#11328 = CARTESIAN_POINT('',(177.8,-50.8,0.));
#11329 = DIRECTION('',(1.,0.,-0.));
#11330 = DIRECTION('',(0.,-1.,0.));
#11331 = ADVANCED_FACE('',(#11332),#11357,.T.);
#11332 = FACE_BOUND('',#11333,.T.);
#11333 = EDGE_LOOP('',(#11334,#11335,#11343,#11351));
#11334 = ORIENTED_EDGE('',*,*,#11282,.T.);
#11335 = ORIENTED_EDGE('',*,*,#11336,.T.);
#11336 = EDGE_CURVE('',#11275,#11337,#11339,.T.);
#11337 = VERTEX_POINT('',#11338);
#11338 = CARTESIAN_POINT('',(101.6,-50.8,1.51));
#11339 = LINE('',#11340,#11341);
#11340 = CARTESIAN_POINT('',(101.6,-127.,1.51));
#11341 = VECTOR('',#11342,1.);
#11342 = DIRECTION('',(0.,1.,0.));
#11343 = ORIENTED_EDGE('',*,*,#11344,.F.);
#11344 = EDGE_CURVE('',#11345,#11337,#11347,.T.);
#11345 = VERTEX_POINT('',#11346);
#11346 = CARTESIAN_POINT('',(101.6,-50.8,0.));
#11347 = LINE('',#11348,#11349);
#11348 = CARTESIAN_POINT('',(101.6,-50.8,0.));
#11349 = VECTOR('',#11350,1.);
#11350 = DIRECTION('',(0.,0.,1.));
#11351 = ORIENTED_EDGE('',*,*,#11352,.F.);
#11352 = EDGE_CURVE('',#11283,#11345,#11353,.T.);
#11353 = LINE('',#11354,#11355);
#11354 = CARTESIAN_POINT('',(101.6,-127.,0.));
#11355 = VECTOR('',#11356,1.);
#11356 = DIRECTION('',(0.,1.,0.));
#11357 = PLANE('',#11358);
#11358 = AXIS2_PLACEMENT_3D('',#11359,#11360,#11361);
#11359 = CARTESIAN_POINT('',(101.6,-127.,0.));
#11360 = DIRECTION('',(-1.,0.,0.));
#11361 = DIRECTION('',(0.,1.,0.));
#11362 = ADVANCED_FACE('',(#11363,#11374,#11385,#11396,#11407,#11418,
    #11429,#11440,#11451,#11462,#11473,#11484,#11495,#11506,#11517,
    #11528,#11539,#11550,#11561,#11572,#11583,#11594,#11605,#11616,
    #11627,#11638,#11649,#11660,#11671,#11682,#11693,#11704,#11715,
    #11726,#11737,#11748),#11759,.F.);
#11363 = FACE_BOUND('',#11364,.F.);
#11364 = EDGE_LOOP('',(#11365,#11366,#11367,#11373));
#11365 = ORIENTED_EDGE('',*,*,#11290,.F.);
#11366 = ORIENTED_EDGE('',*,*,#11321,.F.);
#11367 = ORIENTED_EDGE('',*,*,#11368,.F.);
#11368 = EDGE_CURVE('',#11345,#11305,#11369,.T.);
#11369 = LINE('',#11370,#11371);
#11370 = CARTESIAN_POINT('',(101.6,-50.8,0.));
#11371 = VECTOR('',#11372,1.);
#11372 = DIRECTION('',(1.,0.,0.));
#11373 = ORIENTED_EDGE('',*,*,#11352,.F.);
#11374 = FACE_BOUND('',#11375,.F.);
#11375 = EDGE_LOOP('',(#11376));
#11376 = ORIENTED_EDGE('',*,*,#11377,.T.);
#11377 = EDGE_CURVE('',#11378,#11378,#11380,.T.);
#11378 = VERTEX_POINT('',#11379);
#11379 = CARTESIAN_POINT('',(104.14,-125.56,0.));
#11380 = CIRCLE('',#11381,1.1);
#11381 = AXIS2_PLACEMENT_3D('',#11382,#11383,#11384);
#11382 = CARTESIAN_POINT('',(104.14,-124.46,0.));
#11383 = DIRECTION('',(-0.,0.,-1.));
#11384 = DIRECTION('',(-0.,-1.,0.));
#11385 = FACE_BOUND('',#11386,.F.);
#11386 = EDGE_LOOP('',(#11387));
#11387 = ORIENTED_EDGE('',*,*,#11388,.T.);
#11388 = EDGE_CURVE('',#11389,#11389,#11391,.T.);
#11389 = VERTEX_POINT('',#11390);
#11390 = CARTESIAN_POINT('',(109.54,-118.085,0.));
#11391 = CIRCLE('',#11392,1.245);
#11392 = AXIS2_PLACEMENT_3D('',#11393,#11394,#11395);
#11393 = CARTESIAN_POINT('',(109.54,-116.84,0.));
#11394 = DIRECTION('',(-0.,0.,-1.));
#11395 = DIRECTION('',(1.141434113671E-14,-1.,-0.));
#11396 = FACE_BOUND('',#11397,.F.);
#11397 = EDGE_LOOP('',(#11398));
#11398 = ORIENTED_EDGE('',*,*,#11399,.T.);
#11399 = EDGE_CURVE('',#11400,#11400,#11402,.T.);
#11400 = VERTEX_POINT('',#11401);
#11401 = CARTESIAN_POINT('',(107.95,-111.15,0.));
#11402 = CIRCLE('',#11403,0.66);
#11403 = AXIS2_PLACEMENT_3D('',#11404,#11405,#11406);
#11404 = CARTESIAN_POINT('',(107.95,-110.49,0.));
#11405 = DIRECTION('',(-0.,0.,-1.));
#11406 = DIRECTION('',(-0.,-1.,0.));
#11407 = FACE_BOUND('',#11408,.F.);
#11408 = EDGE_LOOP('',(#11409));
#11409 = ORIENTED_EDGE('',*,*,#11410,.T.);
#11410 = EDGE_CURVE('',#11411,#11411,#11413,.T.);
#11411 = VERTEX_POINT('',#11412);
#11412 = CARTESIAN_POINT('',(110.49,-111.15,0.));
#11413 = CIRCLE('',#11414,0.66);
#11414 = AXIS2_PLACEMENT_3D('',#11415,#11416,#11417);
#11415 = CARTESIAN_POINT('',(110.49,-110.49,0.));
#11416 = DIRECTION('',(-0.,0.,-1.));
#11417 = DIRECTION('',(-2.153159805334E-14,-1.,0.));
#11418 = FACE_BOUND('',#11419,.F.);
#11419 = EDGE_LOOP('',(#11420));
#11420 = ORIENTED_EDGE('',*,*,#11421,.T.);
#11421 = EDGE_CURVE('',#11422,#11422,#11424,.T.);
#11422 = VERTEX_POINT('',#11423);
#11423 = CARTESIAN_POINT('',(107.95,-108.61,0.));
#11424 = CIRCLE('',#11425,0.66);
#11425 = AXIS2_PLACEMENT_3D('',#11426,#11427,#11428);
#11426 = CARTESIAN_POINT('',(107.95,-107.95,0.));
#11427 = DIRECTION('',(-0.,0.,-1.));
#11428 = DIRECTION('',(-0.,-1.,0.));
#11429 = FACE_BOUND('',#11430,.F.);
#11430 = EDGE_LOOP('',(#11431));
#11431 = ORIENTED_EDGE('',*,*,#11432,.T.);
#11432 = EDGE_CURVE('',#11433,#11433,#11435,.T.);
#11433 = VERTEX_POINT('',#11434);
#11434 = CARTESIAN_POINT('',(110.49,-108.61,0.));
#11435 = CIRCLE('',#11436,0.66);
#11436 = AXIS2_PLACEMENT_3D('',#11437,#11438,#11439);
#11437 = CARTESIAN_POINT('',(110.49,-107.95,0.));
#11438 = DIRECTION('',(-0.,0.,-1.));
#11439 = DIRECTION('',(-2.153159805334E-14,-1.,0.));
#11440 = FACE_BOUND('',#11441,.F.);
#11441 = EDGE_LOOP('',(#11442));
#11442 = ORIENTED_EDGE('',*,*,#11443,.T.);
#11443 = EDGE_CURVE('',#11444,#11444,#11446,.T.);
#11444 = VERTEX_POINT('',#11445);
#11445 = CARTESIAN_POINT('',(113.03,-111.15,0.));
#11446 = CIRCLE('',#11447,0.66);
#11447 = AXIS2_PLACEMENT_3D('',#11448,#11449,#11450);
#11448 = CARTESIAN_POINT('',(113.03,-110.49,0.));
#11449 = DIRECTION('',(-0.,0.,-1.));
#11450 = DIRECTION('',(-0.,-1.,0.));
#11451 = FACE_BOUND('',#11452,.F.);
#11452 = EDGE_LOOP('',(#11453));
#11453 = ORIENTED_EDGE('',*,*,#11454,.T.);
#11454 = EDGE_CURVE('',#11455,#11455,#11457,.T.);
#11455 = VERTEX_POINT('',#11456);
#11456 = CARTESIAN_POINT('',(115.57,-111.15,0.));
#11457 = CIRCLE('',#11458,0.66);
#11458 = AXIS2_PLACEMENT_3D('',#11459,#11460,#11461);
#11459 = CARTESIAN_POINT('',(115.57,-110.49,0.));
#11460 = DIRECTION('',(-0.,0.,-1.));
#11461 = DIRECTION('',(-0.,-1.,0.));
#11462 = FACE_BOUND('',#11463,.F.);
#11463 = EDGE_LOOP('',(#11464));
#11464 = ORIENTED_EDGE('',*,*,#11465,.T.);
#11465 = EDGE_CURVE('',#11466,#11466,#11468,.T.);
#11466 = VERTEX_POINT('',#11467);
#11467 = CARTESIAN_POINT('',(113.03,-108.61,0.));
#11468 = CIRCLE('',#11469,0.66);
#11469 = AXIS2_PLACEMENT_3D('',#11470,#11471,#11472);
#11470 = CARTESIAN_POINT('',(113.03,-107.95,0.));
#11471 = DIRECTION('',(-0.,0.,-1.));
#11472 = DIRECTION('',(-0.,-1.,0.));
#11473 = FACE_BOUND('',#11474,.F.);
#11474 = EDGE_LOOP('',(#11475));
#11475 = ORIENTED_EDGE('',*,*,#11476,.T.);
#11476 = EDGE_CURVE('',#11477,#11477,#11479,.T.);
#11477 = VERTEX_POINT('',#11478);
#11478 = CARTESIAN_POINT('',(115.57,-108.61,0.));
#11479 = CIRCLE('',#11480,0.66);
#11480 = AXIS2_PLACEMENT_3D('',#11481,#11482,#11483);
#11481 = CARTESIAN_POINT('',(115.57,-107.95,0.));
#11482 = DIRECTION('',(-0.,0.,-1.));
#11483 = DIRECTION('',(-0.,-1.,0.));
#11484 = FACE_BOUND('',#11485,.F.);
#11485 = EDGE_LOOP('',(#11486));
#11486 = ORIENTED_EDGE('',*,*,#11487,.T.);
#11487 = EDGE_CURVE('',#11488,#11488,#11490,.T.);
#11488 = VERTEX_POINT('',#11489);
#11489 = CARTESIAN_POINT('',(107.95,-104.8,0.));
#11490 = CIRCLE('',#11491,0.66);
#11491 = AXIS2_PLACEMENT_3D('',#11492,#11493,#11494);
#11492 = CARTESIAN_POINT('',(107.95,-104.14,0.));
#11493 = DIRECTION('',(-0.,0.,-1.));
#11494 = DIRECTION('',(-0.,-1.,0.));
#11495 = FACE_BOUND('',#11496,.F.);
#11496 = EDGE_LOOP('',(#11497));
#11497 = ORIENTED_EDGE('',*,*,#11498,.T.);
#11498 = EDGE_CURVE('',#11499,#11499,#11501,.T.);
#11499 = VERTEX_POINT('',#11500);
#11500 = CARTESIAN_POINT('',(110.49,-104.8,0.));
#11501 = CIRCLE('',#11502,0.66);
#11502 = AXIS2_PLACEMENT_3D('',#11503,#11504,#11505);
#11503 = CARTESIAN_POINT('',(110.49,-104.14,0.));
#11504 = DIRECTION('',(-0.,0.,-1.));
#11505 = DIRECTION('',(-2.153159805334E-14,-1.,0.));
#11506 = FACE_BOUND('',#11507,.F.);
#11507 = EDGE_LOOP('',(#11508));
#11508 = ORIENTED_EDGE('',*,*,#11509,.T.);
#11509 = EDGE_CURVE('',#11510,#11510,#11512,.T.);
#11510 = VERTEX_POINT('',#11511);
#11511 = CARTESIAN_POINT('',(107.95,-102.26,0.));
#11512 = CIRCLE('',#11513,0.66);
#11513 = AXIS2_PLACEMENT_3D('',#11514,#11515,#11516);
#11514 = CARTESIAN_POINT('',(107.95,-101.6,0.));
#11515 = DIRECTION('',(-0.,0.,-1.));
#11516 = DIRECTION('',(-0.,-1.,0.));
#11517 = FACE_BOUND('',#11518,.F.);
#11518 = EDGE_LOOP('',(#11519));
#11519 = ORIENTED_EDGE('',*,*,#11520,.T.);
#11520 = EDGE_CURVE('',#11521,#11521,#11523,.T.);
#11521 = VERTEX_POINT('',#11522);
#11522 = CARTESIAN_POINT('',(110.49,-102.26,0.));
#11523 = CIRCLE('',#11524,0.66);
#11524 = AXIS2_PLACEMENT_3D('',#11525,#11526,#11527);
#11525 = CARTESIAN_POINT('',(110.49,-101.6,0.));
#11526 = DIRECTION('',(-0.,0.,-1.));
#11527 = DIRECTION('',(-2.153159805334E-14,-1.,0.));
#11528 = FACE_BOUND('',#11529,.F.);
#11529 = EDGE_LOOP('',(#11530));
#11530 = ORIENTED_EDGE('',*,*,#11531,.T.);
#11531 = EDGE_CURVE('',#11532,#11532,#11534,.T.);
#11532 = VERTEX_POINT('',#11533);
#11533 = CARTESIAN_POINT('',(113.03,-104.8,0.));
#11534 = CIRCLE('',#11535,0.66);
#11535 = AXIS2_PLACEMENT_3D('',#11536,#11537,#11538);
#11536 = CARTESIAN_POINT('',(113.03,-104.14,0.));
#11537 = DIRECTION('',(-0.,0.,-1.));
#11538 = DIRECTION('',(-0.,-1.,0.));
#11539 = FACE_BOUND('',#11540,.F.);
#11540 = EDGE_LOOP('',(#11541));
#11541 = ORIENTED_EDGE('',*,*,#11542,.T.);
#11542 = EDGE_CURVE('',#11543,#11543,#11545,.T.);
#11543 = VERTEX_POINT('',#11544);
#11544 = CARTESIAN_POINT('',(115.57,-104.8,0.));
#11545 = CIRCLE('',#11546,0.66);
#11546 = AXIS2_PLACEMENT_3D('',#11547,#11548,#11549);
#11547 = CARTESIAN_POINT('',(115.57,-104.14,0.));
#11548 = DIRECTION('',(-0.,0.,-1.));
#11549 = DIRECTION('',(-0.,-1.,0.));
#11550 = FACE_BOUND('',#11551,.F.);
#11551 = EDGE_LOOP('',(#11552));
#11552 = ORIENTED_EDGE('',*,*,#11553,.T.);
#11553 = EDGE_CURVE('',#11554,#11554,#11556,.T.);
#11554 = VERTEX_POINT('',#11555);
#11555 = CARTESIAN_POINT('',(113.03,-102.26,0.));
#11556 = CIRCLE('',#11557,0.66);
#11557 = AXIS2_PLACEMENT_3D('',#11558,#11559,#11560);
#11558 = CARTESIAN_POINT('',(113.03,-101.6,0.));
#11559 = DIRECTION('',(-0.,0.,-1.));
#11560 = DIRECTION('',(-0.,-1.,0.));
#11561 = FACE_BOUND('',#11562,.F.);
#11562 = EDGE_LOOP('',(#11563));
#11563 = ORIENTED_EDGE('',*,*,#11564,.T.);
#11564 = EDGE_CURVE('',#11565,#11565,#11567,.T.);
#11565 = VERTEX_POINT('',#11566);
#11566 = CARTESIAN_POINT('',(115.57,-102.26,0.));
#11567 = CIRCLE('',#11568,0.66);
#11568 = AXIS2_PLACEMENT_3D('',#11569,#11570,#11571);
#11569 = CARTESIAN_POINT('',(115.57,-101.6,0.));
#11570 = DIRECTION('',(-0.,0.,-1.));
#11571 = DIRECTION('',(-0.,-1.,0.));
#11572 = FACE_BOUND('',#11573,.F.);
#11573 = EDGE_LOOP('',(#11574));
#11574 = ORIENTED_EDGE('',*,*,#11575,.T.);
#11575 = EDGE_CURVE('',#11576,#11576,#11578,.T.);
#11576 = VERTEX_POINT('',#11577);
#11577 = CARTESIAN_POINT('',(109.54,-96.495,0.));
#11578 = CIRCLE('',#11579,1.245);
#11579 = AXIS2_PLACEMENT_3D('',#11580,#11581,#11582);
#11580 = CARTESIAN_POINT('',(109.54,-95.25,0.));
#11581 = DIRECTION('',(-0.,0.,-1.));
#11582 = DIRECTION('',(1.141434113671E-14,-1.,-0.));
#11583 = FACE_BOUND('',#11584,.F.);
#11584 = EDGE_LOOP('',(#11585));
#11585 = ORIENTED_EDGE('',*,*,#11586,.T.);
#11586 = EDGE_CURVE('',#11587,#11587,#11589,.T.);
#11587 = VERTEX_POINT('',#11588);
#11588 = CARTESIAN_POINT('',(125.73,-95.943,0.));
#11589 = CIRCLE('',#11590,0.38);
#11590 = AXIS2_PLACEMENT_3D('',#11591,#11592,#11593);
#11591 = CARTESIAN_POINT('',(125.73,-95.563,0.));
#11592 = DIRECTION('',(-0.,0.,-1.));
#11593 = DIRECTION('',(3.739698609264E-14,-1.,-0.));
#11594 = FACE_BOUND('',#11595,.F.);
#11595 = EDGE_LOOP('',(#11596));
#11596 = ORIENTED_EDGE('',*,*,#11597,.T.);
#11597 = EDGE_CURVE('',#11598,#11598,#11600,.T.);
#11598 = VERTEX_POINT('',#11599);
#11599 = CARTESIAN_POINT('',(128.27,-93.403,0.));
#11600 = CIRCLE('',#11601,0.38);
#11601 = AXIS2_PLACEMENT_3D('',#11602,#11603,#11604);
#11602 = CARTESIAN_POINT('',(128.27,-93.023,0.));
#11603 = DIRECTION('',(-0.,0.,-1.));
#11604 = DIRECTION('',(-0.,-1.,0.));
#11605 = FACE_BOUND('',#11606,.F.);
#11606 = EDGE_LOOP('',(#11607));
#11607 = ORIENTED_EDGE('',*,*,#11608,.T.);
#11608 = EDGE_CURVE('',#11609,#11609,#11611,.T.);
#11609 = VERTEX_POINT('',#11610);
#11610 = CARTESIAN_POINT('',(130.81,-95.943,0.));
#11611 = CIRCLE('',#11612,0.38);
#11612 = AXIS2_PLACEMENT_3D('',#11613,#11614,#11615);
#11613 = CARTESIAN_POINT('',(130.81,-95.563,0.));
#11614 = DIRECTION('',(-0.,0.,-1.));
#11615 = DIRECTION('',(-0.,-1.,0.));
#11616 = FACE_BOUND('',#11617,.F.);
#11617 = EDGE_LOOP('',(#11618));
#11618 = ORIENTED_EDGE('',*,*,#11619,.T.);
#11619 = EDGE_CURVE('',#11620,#11620,#11622,.T.);
#11620 = VERTEX_POINT('',#11621);
#11621 = CARTESIAN_POINT('',(173.99,-124.29,0.));
#11622 = CIRCLE('',#11623,1.1);
#11623 = AXIS2_PLACEMENT_3D('',#11624,#11625,#11626);
#11624 = CARTESIAN_POINT('',(173.99,-123.19,0.));
#11625 = DIRECTION('',(-0.,0.,-1.));
#11626 = DIRECTION('',(-0.,-1.,0.));
#11627 = FACE_BOUND('',#11628,.F.);
#11628 = EDGE_LOOP('',(#11629));
#11629 = ORIENTED_EDGE('',*,*,#11630,.T.);
#11630 = EDGE_CURVE('',#11631,#11631,#11633,.T.);
#11631 = VERTEX_POINT('',#11632);
#11632 = CARTESIAN_POINT('',(140.97,-97.32,0.));
#11633 = CIRCLE('',#11634,0.8);
#11634 = AXIS2_PLACEMENT_3D('',#11635,#11636,#11637);
#11635 = CARTESIAN_POINT('',(140.97,-96.52,0.));
#11636 = DIRECTION('',(-0.,0.,-1.));
#11637 = DIRECTION('',(-0.,-1.,0.));
#11638 = FACE_BOUND('',#11639,.F.);
#11639 = EDGE_LOOP('',(#11640));
#11640 = ORIENTED_EDGE('',*,*,#11641,.T.);
#11641 = EDGE_CURVE('',#11642,#11642,#11644,.T.);
#11642 = VERTEX_POINT('',#11643);
#11643 = CARTESIAN_POINT('',(107.6198,-82.9945,0.));
#11644 = CIRCLE('',#11645,0.889);
#11645 = AXIS2_PLACEMENT_3D('',#11646,#11647,#11648);
#11646 = CARTESIAN_POINT('',(107.6198,-82.1055,0.));
#11647 = DIRECTION('',(-0.,0.,-1.));
#11648 = DIRECTION('',(-0.,-1.,0.));
#11649 = FACE_BOUND('',#11650,.F.);
#11650 = EDGE_LOOP('',(#11651));
#11651 = ORIENTED_EDGE('',*,*,#11652,.T.);
#11652 = EDGE_CURVE('',#11653,#11653,#11655,.T.);
#11653 = VERTEX_POINT('',#11654);
#11654 = CARTESIAN_POINT('',(107.6198,-78.8035,0.));
#11655 = CIRCLE('',#11656,0.889);
#11656 = AXIS2_PLACEMENT_3D('',#11657,#11658,#11659);
#11657 = CARTESIAN_POINT('',(107.6198,-77.9145,0.));
#11658 = DIRECTION('',(-0.,0.,-1.));
#11659 = DIRECTION('',(-0.,-1.,0.));
#11660 = FACE_BOUND('',#11661,.F.);
#11661 = EDGE_LOOP('',(#11662));
#11662 = ORIENTED_EDGE('',*,*,#11663,.T.);
#11663 = EDGE_CURVE('',#11664,#11664,#11666,.T.);
#11664 = VERTEX_POINT('',#11665);
#11665 = CARTESIAN_POINT('',(107.6198,-63.9445,0.));
#11666 = CIRCLE('',#11667,0.889);
#11667 = AXIS2_PLACEMENT_3D('',#11668,#11669,#11670);
#11668 = CARTESIAN_POINT('',(107.6198,-63.0555,0.));
#11669 = DIRECTION('',(-0.,0.,-1.));
#11670 = DIRECTION('',(-0.,-1.,0.));
#11671 = FACE_BOUND('',#11672,.F.);
#11672 = EDGE_LOOP('',(#11673));
#11673 = ORIENTED_EDGE('',*,*,#11674,.T.);
#11674 = EDGE_CURVE('',#11675,#11675,#11677,.T.);
#11675 = VERTEX_POINT('',#11676);
#11676 = CARTESIAN_POINT('',(107.6198,-59.7535,0.));
#11677 = CIRCLE('',#11678,0.889);
#11678 = AXIS2_PLACEMENT_3D('',#11679,#11680,#11681);
#11679 = CARTESIAN_POINT('',(107.6198,-58.8645,0.));
#11680 = DIRECTION('',(-0.,0.,-1.));
#11681 = DIRECTION('',(-0.,-1.,0.));
#11682 = FACE_BOUND('',#11683,.F.);
#11683 = EDGE_LOOP('',(#11684));
#11684 = ORIENTED_EDGE('',*,*,#11685,.T.);
#11685 = EDGE_CURVE('',#11686,#11686,#11688,.T.);
#11686 = VERTEX_POINT('',#11687);
#11687 = CARTESIAN_POINT('',(104.14,-54.44,0.));
#11688 = CIRCLE('',#11689,1.1);
#11689 = AXIS2_PLACEMENT_3D('',#11690,#11691,#11692);
#11690 = CARTESIAN_POINT('',(104.14,-53.34,0.));
#11691 = DIRECTION('',(-0.,0.,-1.));
#11692 = DIRECTION('',(-0.,-1.,0.));
#11693 = FACE_BOUND('',#11694,.F.);
#11694 = EDGE_LOOP('',(#11695));
#11695 = ORIENTED_EDGE('',*,*,#11696,.T.);
#11696 = EDGE_CURVE('',#11697,#11697,#11699,.T.);
#11697 = VERTEX_POINT('',#11698);
#11698 = CARTESIAN_POINT('',(127.,-60.04,0.));
#11699 = CIRCLE('',#11700,0.35);
#11700 = AXIS2_PLACEMENT_3D('',#11701,#11702,#11703);
#11701 = CARTESIAN_POINT('',(127.,-59.69,0.));
#11702 = DIRECTION('',(-0.,0.,-1.));
#11703 = DIRECTION('',(-0.,-1.,0.));
#11704 = FACE_BOUND('',#11705,.F.);
#11705 = EDGE_LOOP('',(#11706));
#11706 = ORIENTED_EDGE('',*,*,#11707,.T.);
#11707 = EDGE_CURVE('',#11708,#11708,#11710,.T.);
#11708 = VERTEX_POINT('',#11709);
#11709 = CARTESIAN_POINT('',(128.27,-61.31,0.));
#11710 = CIRCLE('',#11711,0.35);
#11711 = AXIS2_PLACEMENT_3D('',#11712,#11713,#11714);
#11712 = CARTESIAN_POINT('',(128.27,-60.96,0.));
#11713 = DIRECTION('',(-0.,0.,-1.));
#11714 = DIRECTION('',(-0.,-1.,0.));
#11715 = FACE_BOUND('',#11716,.F.);
#11716 = EDGE_LOOP('',(#11717));
#11717 = ORIENTED_EDGE('',*,*,#11718,.T.);
#11718 = EDGE_CURVE('',#11719,#11719,#11721,.T.);
#11719 = VERTEX_POINT('',#11720);
#11720 = CARTESIAN_POINT('',(128.27,-58.77,0.));
#11721 = CIRCLE('',#11722,0.35);
#11722 = AXIS2_PLACEMENT_3D('',#11723,#11724,#11725);
#11723 = CARTESIAN_POINT('',(128.27,-58.42,0.));
#11724 = DIRECTION('',(-0.,0.,-1.));
#11725 = DIRECTION('',(-0.,-1.,0.));
#11726 = FACE_BOUND('',#11727,.F.);
#11727 = EDGE_LOOP('',(#11728));
#11728 = ORIENTED_EDGE('',*,*,#11729,.T.);
#11729 = EDGE_CURVE('',#11730,#11730,#11732,.T.);
#11730 = VERTEX_POINT('',#11731);
#11731 = CARTESIAN_POINT('',(158.75,-76.75,0.));
#11732 = CIRCLE('',#11733,0.55);
#11733 = AXIS2_PLACEMENT_3D('',#11734,#11735,#11736);
#11734 = CARTESIAN_POINT('',(158.75,-76.2,0.));
#11735 = DIRECTION('',(-0.,0.,-1.));
#11736 = DIRECTION('',(-0.,-1.,0.));
#11737 = FACE_BOUND('',#11738,.F.);
#11738 = EDGE_LOOP('',(#11739));
#11739 = ORIENTED_EDGE('',*,*,#11740,.T.);
#11740 = EDGE_CURVE('',#11741,#11741,#11743,.T.);
#11741 = VERTEX_POINT('',#11742);
#11742 = CARTESIAN_POINT('',(168.91,-76.75,0.));
#11743 = CIRCLE('',#11744,0.55);
#11744 = AXIS2_PLACEMENT_3D('',#11745,#11746,#11747);
#11745 = CARTESIAN_POINT('',(168.91,-76.2,0.));
#11746 = DIRECTION('',(-0.,0.,-1.));
#11747 = DIRECTION('',(-5.167583532801E-14,-1.,0.));
#11748 = FACE_BOUND('',#11749,.F.);
#11749 = EDGE_LOOP('',(#11750));
#11750 = ORIENTED_EDGE('',*,*,#11751,.T.);
#11751 = EDGE_CURVE('',#11752,#11752,#11754,.T.);
#11752 = VERTEX_POINT('',#11753);
#11753 = CARTESIAN_POINT('',(173.99,-54.44,0.));
#11754 = CIRCLE('',#11755,1.1);
#11755 = AXIS2_PLACEMENT_3D('',#11756,#11757,#11758);
#11756 = CARTESIAN_POINT('',(173.99,-53.34,0.));
#11757 = DIRECTION('',(-0.,0.,-1.));
#11758 = DIRECTION('',(-0.,-1.,0.));
#11759 = PLANE('',#11760);
#11760 = AXIS2_PLACEMENT_3D('',#11761,#11762,#11763);
#11761 = CARTESIAN_POINT('',(0.,0.,0.));
#11762 = DIRECTION('',(0.,0.,1.));
#11763 = DIRECTION('',(1.,0.,-0.));
#11764 = ADVANCED_FACE('',(#11765,#11776,#11787,#11798,#11809,#11820,
    #11831,#11842,#11853,#11864,#11875,#11886,#11897,#11908,#11919,
    #11930,#11941,#11952,#11963,#11974,#11985,#11996,#12007,#12018,
    #12029,#12040,#12051,#12062,#12073,#12084,#12095,#12106,#12117,
    #12128,#12139,#12150),#12161,.T.);
#11765 = FACE_BOUND('',#11766,.T.);
#11766 = EDGE_LOOP('',(#11767,#11768,#11769,#11775));
#11767 = ORIENTED_EDGE('',*,*,#11274,.F.);
#11768 = ORIENTED_EDGE('',*,*,#11314,.F.);
#11769 = ORIENTED_EDGE('',*,*,#11770,.F.);
#11770 = EDGE_CURVE('',#11337,#11307,#11771,.T.);
#11771 = LINE('',#11772,#11773);
#11772 = CARTESIAN_POINT('',(101.6,-50.8,1.51));
#11773 = VECTOR('',#11774,1.);
#11774 = DIRECTION('',(1.,0.,0.));
#11775 = ORIENTED_EDGE('',*,*,#11336,.F.);
#11776 = FACE_BOUND('',#11777,.T.);
#11777 = EDGE_LOOP('',(#11778));
#11778 = ORIENTED_EDGE('',*,*,#11779,.T.);
#11779 = EDGE_CURVE('',#11780,#11780,#11782,.T.);
#11780 = VERTEX_POINT('',#11781);
#11781 = CARTESIAN_POINT('',(104.14,-125.56,1.51));
#11782 = CIRCLE('',#11783,1.1);
#11783 = AXIS2_PLACEMENT_3D('',#11784,#11785,#11786);
#11784 = CARTESIAN_POINT('',(104.14,-124.46,1.51));
#11785 = DIRECTION('',(-0.,0.,-1.));
#11786 = DIRECTION('',(-0.,-1.,0.));
#11787 = FACE_BOUND('',#11788,.T.);
#11788 = EDGE_LOOP('',(#11789));
#11789 = ORIENTED_EDGE('',*,*,#11790,.T.);
#11790 = EDGE_CURVE('',#11791,#11791,#11793,.T.);
#11791 = VERTEX_POINT('',#11792);
#11792 = CARTESIAN_POINT('',(109.54,-118.085,1.51));
#11793 = CIRCLE('',#11794,1.245);
#11794 = AXIS2_PLACEMENT_3D('',#11795,#11796,#11797);
#11795 = CARTESIAN_POINT('',(109.54,-116.84,1.51));
#11796 = DIRECTION('',(-0.,0.,-1.));
#11797 = DIRECTION('',(1.141434113671E-14,-1.,-0.));
#11798 = FACE_BOUND('',#11799,.T.);
#11799 = EDGE_LOOP('',(#11800));
#11800 = ORIENTED_EDGE('',*,*,#11801,.T.);
#11801 = EDGE_CURVE('',#11802,#11802,#11804,.T.);
#11802 = VERTEX_POINT('',#11803);
#11803 = CARTESIAN_POINT('',(107.95,-111.15,1.51));
#11804 = CIRCLE('',#11805,0.66);
#11805 = AXIS2_PLACEMENT_3D('',#11806,#11807,#11808);
#11806 = CARTESIAN_POINT('',(107.95,-110.49,1.51));
#11807 = DIRECTION('',(-0.,0.,-1.));
#11808 = DIRECTION('',(-0.,-1.,0.));
#11809 = FACE_BOUND('',#11810,.T.);
#11810 = EDGE_LOOP('',(#11811));
#11811 = ORIENTED_EDGE('',*,*,#11812,.T.);
#11812 = EDGE_CURVE('',#11813,#11813,#11815,.T.);
#11813 = VERTEX_POINT('',#11814);
#11814 = CARTESIAN_POINT('',(110.49,-111.15,1.51));
#11815 = CIRCLE('',#11816,0.66);
#11816 = AXIS2_PLACEMENT_3D('',#11817,#11818,#11819);
#11817 = CARTESIAN_POINT('',(110.49,-110.49,1.51));
#11818 = DIRECTION('',(-0.,0.,-1.));
#11819 = DIRECTION('',(-2.153159805334E-14,-1.,0.));
#11820 = FACE_BOUND('',#11821,.T.);
#11821 = EDGE_LOOP('',(#11822));
#11822 = ORIENTED_EDGE('',*,*,#11823,.T.);
#11823 = EDGE_CURVE('',#11824,#11824,#11826,.T.);
#11824 = VERTEX_POINT('',#11825);
#11825 = CARTESIAN_POINT('',(107.95,-108.61,1.51));
#11826 = CIRCLE('',#11827,0.66);
#11827 = AXIS2_PLACEMENT_3D('',#11828,#11829,#11830);
#11828 = CARTESIAN_POINT('',(107.95,-107.95,1.51));
#11829 = DIRECTION('',(-0.,0.,-1.));
#11830 = DIRECTION('',(-0.,-1.,0.));
#11831 = FACE_BOUND('',#11832,.T.);
#11832 = EDGE_LOOP('',(#11833));
#11833 = ORIENTED_EDGE('',*,*,#11834,.T.);
#11834 = EDGE_CURVE('',#11835,#11835,#11837,.T.);
#11835 = VERTEX_POINT('',#11836);
#11836 = CARTESIAN_POINT('',(110.49,-108.61,1.51));
#11837 = CIRCLE('',#11838,0.66);
#11838 = AXIS2_PLACEMENT_3D('',#11839,#11840,#11841);
#11839 = CARTESIAN_POINT('',(110.49,-107.95,1.51));
#11840 = DIRECTION('',(-0.,0.,-1.));
#11841 = DIRECTION('',(-2.153159805334E-14,-1.,0.));
#11842 = FACE_BOUND('',#11843,.T.);
#11843 = EDGE_LOOP('',(#11844));
#11844 = ORIENTED_EDGE('',*,*,#11845,.T.);
#11845 = EDGE_CURVE('',#11846,#11846,#11848,.T.);
#11846 = VERTEX_POINT('',#11847);
#11847 = CARTESIAN_POINT('',(113.03,-111.15,1.51));
#11848 = CIRCLE('',#11849,0.66);
#11849 = AXIS2_PLACEMENT_3D('',#11850,#11851,#11852);
#11850 = CARTESIAN_POINT('',(113.03,-110.49,1.51));
#11851 = DIRECTION('',(-0.,0.,-1.));
#11852 = DIRECTION('',(-0.,-1.,0.));
#11853 = FACE_BOUND('',#11854,.T.);
#11854 = EDGE_LOOP('',(#11855));
#11855 = ORIENTED_EDGE('',*,*,#11856,.T.);
#11856 = EDGE_CURVE('',#11857,#11857,#11859,.T.);
#11857 = VERTEX_POINT('',#11858);
#11858 = CARTESIAN_POINT('',(115.57,-111.15,1.51));
#11859 = CIRCLE('',#11860,0.66);
#11860 = AXIS2_PLACEMENT_3D('',#11861,#11862,#11863);
#11861 = CARTESIAN_POINT('',(115.57,-110.49,1.51));
#11862 = DIRECTION('',(-0.,0.,-1.));
#11863 = DIRECTION('',(-0.,-1.,0.));
#11864 = FACE_BOUND('',#11865,.T.);
#11865 = EDGE_LOOP('',(#11866));
#11866 = ORIENTED_EDGE('',*,*,#11867,.T.);
#11867 = EDGE_CURVE('',#11868,#11868,#11870,.T.);
#11868 = VERTEX_POINT('',#11869);
#11869 = CARTESIAN_POINT('',(113.03,-108.61,1.51));
#11870 = CIRCLE('',#11871,0.66);
#11871 = AXIS2_PLACEMENT_3D('',#11872,#11873,#11874);
#11872 = CARTESIAN_POINT('',(113.03,-107.95,1.51));
#11873 = DIRECTION('',(-0.,0.,-1.));
#11874 = DIRECTION('',(-0.,-1.,0.));
#11875 = FACE_BOUND('',#11876,.T.);
#11876 = EDGE_LOOP('',(#11877));
#11877 = ORIENTED_EDGE('',*,*,#11878,.T.);
#11878 = EDGE_CURVE('',#11879,#11879,#11881,.T.);
#11879 = VERTEX_POINT('',#11880);
#11880 = CARTESIAN_POINT('',(115.57,-108.61,1.51));
#11881 = CIRCLE('',#11882,0.66);
#11882 = AXIS2_PLACEMENT_3D('',#11883,#11884,#11885);
#11883 = CARTESIAN_POINT('',(115.57,-107.95,1.51));
#11884 = DIRECTION('',(-0.,0.,-1.));
#11885 = DIRECTION('',(-0.,-1.,0.));
#11886 = FACE_BOUND('',#11887,.T.);
#11887 = EDGE_LOOP('',(#11888));
#11888 = ORIENTED_EDGE('',*,*,#11889,.T.);
#11889 = EDGE_CURVE('',#11890,#11890,#11892,.T.);
#11890 = VERTEX_POINT('',#11891);
#11891 = CARTESIAN_POINT('',(107.95,-104.8,1.51));
#11892 = CIRCLE('',#11893,0.66);
#11893 = AXIS2_PLACEMENT_3D('',#11894,#11895,#11896);
#11894 = CARTESIAN_POINT('',(107.95,-104.14,1.51));
#11895 = DIRECTION('',(-0.,0.,-1.));
#11896 = DIRECTION('',(-0.,-1.,0.));
#11897 = FACE_BOUND('',#11898,.T.);
#11898 = EDGE_LOOP('',(#11899));
#11899 = ORIENTED_EDGE('',*,*,#11900,.T.);
#11900 = EDGE_CURVE('',#11901,#11901,#11903,.T.);
#11901 = VERTEX_POINT('',#11902);
#11902 = CARTESIAN_POINT('',(110.49,-104.8,1.51));
#11903 = CIRCLE('',#11904,0.66);
#11904 = AXIS2_PLACEMENT_3D('',#11905,#11906,#11907);
#11905 = CARTESIAN_POINT('',(110.49,-104.14,1.51));
#11906 = DIRECTION('',(-0.,0.,-1.));
#11907 = DIRECTION('',(-2.153159805334E-14,-1.,0.));
#11908 = FACE_BOUND('',#11909,.T.);
#11909 = EDGE_LOOP('',(#11910));
#11910 = ORIENTED_EDGE('',*,*,#11911,.T.);
#11911 = EDGE_CURVE('',#11912,#11912,#11914,.T.);
#11912 = VERTEX_POINT('',#11913);
#11913 = CARTESIAN_POINT('',(107.95,-102.26,1.51));
#11914 = CIRCLE('',#11915,0.66);
#11915 = AXIS2_PLACEMENT_3D('',#11916,#11917,#11918);
#11916 = CARTESIAN_POINT('',(107.95,-101.6,1.51));
#11917 = DIRECTION('',(-0.,0.,-1.));
#11918 = DIRECTION('',(-0.,-1.,0.));
#11919 = FACE_BOUND('',#11920,.T.);
#11920 = EDGE_LOOP('',(#11921));
#11921 = ORIENTED_EDGE('',*,*,#11922,.T.);
#11922 = EDGE_CURVE('',#11923,#11923,#11925,.T.);
#11923 = VERTEX_POINT('',#11924);
#11924 = CARTESIAN_POINT('',(110.49,-102.26,1.51));
#11925 = CIRCLE('',#11926,0.66);
#11926 = AXIS2_PLACEMENT_3D('',#11927,#11928,#11929);
#11927 = CARTESIAN_POINT('',(110.49,-101.6,1.51));
#11928 = DIRECTION('',(-0.,0.,-1.));
#11929 = DIRECTION('',(-2.153159805334E-14,-1.,0.));
#11930 = FACE_BOUND('',#11931,.T.);
#11931 = EDGE_LOOP('',(#11932));
#11932 = ORIENTED_EDGE('',*,*,#11933,.T.);
#11933 = EDGE_CURVE('',#11934,#11934,#11936,.T.);
#11934 = VERTEX_POINT('',#11935);
#11935 = CARTESIAN_POINT('',(113.03,-104.8,1.51));
#11936 = CIRCLE('',#11937,0.66);
#11937 = AXIS2_PLACEMENT_3D('',#11938,#11939,#11940);
#11938 = CARTESIAN_POINT('',(113.03,-104.14,1.51));
#11939 = DIRECTION('',(-0.,0.,-1.));
#11940 = DIRECTION('',(-0.,-1.,0.));
#11941 = FACE_BOUND('',#11942,.T.);
#11942 = EDGE_LOOP('',(#11943));
#11943 = ORIENTED_EDGE('',*,*,#11944,.T.);
#11944 = EDGE_CURVE('',#11945,#11945,#11947,.T.);
#11945 = VERTEX_POINT('',#11946);
#11946 = CARTESIAN_POINT('',(115.57,-104.8,1.51));
#11947 = CIRCLE('',#11948,0.66);
#11948 = AXIS2_PLACEMENT_3D('',#11949,#11950,#11951);
#11949 = CARTESIAN_POINT('',(115.57,-104.14,1.51));
#11950 = DIRECTION('',(-0.,0.,-1.));
#11951 = DIRECTION('',(-0.,-1.,0.));
#11952 = FACE_BOUND('',#11953,.T.);
#11953 = EDGE_LOOP('',(#11954));
#11954 = ORIENTED_EDGE('',*,*,#11955,.T.);
#11955 = EDGE_CURVE('',#11956,#11956,#11958,.T.);
#11956 = VERTEX_POINT('',#11957);
#11957 = CARTESIAN_POINT('',(113.03,-102.26,1.51));
#11958 = CIRCLE('',#11959,0.66);
#11959 = AXIS2_PLACEMENT_3D('',#11960,#11961,#11962);
#11960 = CARTESIAN_POINT('',(113.03,-101.6,1.51));
#11961 = DIRECTION('',(-0.,0.,-1.));
#11962 = DIRECTION('',(-0.,-1.,0.));
#11963 = FACE_BOUND('',#11964,.T.);
#11964 = EDGE_LOOP('',(#11965));
#11965 = ORIENTED_EDGE('',*,*,#11966,.T.);
#11966 = EDGE_CURVE('',#11967,#11967,#11969,.T.);
#11967 = VERTEX_POINT('',#11968);
#11968 = CARTESIAN_POINT('',(115.57,-102.26,1.51));
#11969 = CIRCLE('',#11970,0.66);
#11970 = AXIS2_PLACEMENT_3D('',#11971,#11972,#11973);
#11971 = CARTESIAN_POINT('',(115.57,-101.6,1.51));
#11972 = DIRECTION('',(-0.,0.,-1.));
#11973 = DIRECTION('',(-0.,-1.,0.));
#11974 = FACE_BOUND('',#11975,.T.);
#11975 = EDGE_LOOP('',(#11976));
#11976 = ORIENTED_EDGE('',*,*,#11977,.T.);
#11977 = EDGE_CURVE('',#11978,#11978,#11980,.T.);
#11978 = VERTEX_POINT('',#11979);
#11979 = CARTESIAN_POINT('',(109.54,-96.495,1.51));
#11980 = CIRCLE('',#11981,1.245);
#11981 = AXIS2_PLACEMENT_3D('',#11982,#11983,#11984);
#11982 = CARTESIAN_POINT('',(109.54,-95.25,1.51));
#11983 = DIRECTION('',(-0.,0.,-1.));
#11984 = DIRECTION('',(1.141434113671E-14,-1.,-0.));
#11985 = FACE_BOUND('',#11986,.T.);
#11986 = EDGE_LOOP('',(#11987));
#11987 = ORIENTED_EDGE('',*,*,#11988,.T.);
#11988 = EDGE_CURVE('',#11989,#11989,#11991,.T.);
#11989 = VERTEX_POINT('',#11990);
#11990 = CARTESIAN_POINT('',(125.73,-95.943,1.51));
#11991 = CIRCLE('',#11992,0.38);
#11992 = AXIS2_PLACEMENT_3D('',#11993,#11994,#11995);
#11993 = CARTESIAN_POINT('',(125.73,-95.563,1.51));
#11994 = DIRECTION('',(-0.,0.,-1.));
#11995 = DIRECTION('',(3.739698609264E-14,-1.,-0.));
#11996 = FACE_BOUND('',#11997,.T.);
#11997 = EDGE_LOOP('',(#11998));
#11998 = ORIENTED_EDGE('',*,*,#11999,.T.);
#11999 = EDGE_CURVE('',#12000,#12000,#12002,.T.);
#12000 = VERTEX_POINT('',#12001);
#12001 = CARTESIAN_POINT('',(128.27,-93.403,1.51));
#12002 = CIRCLE('',#12003,0.38);
#12003 = AXIS2_PLACEMENT_3D('',#12004,#12005,#12006);
#12004 = CARTESIAN_POINT('',(128.27,-93.023,1.51));
#12005 = DIRECTION('',(-0.,0.,-1.));
#12006 = DIRECTION('',(-0.,-1.,0.));
#12007 = FACE_BOUND('',#12008,.T.);
#12008 = EDGE_LOOP('',(#12009));
#12009 = ORIENTED_EDGE('',*,*,#12010,.T.);
#12010 = EDGE_CURVE('',#12011,#12011,#12013,.T.);
#12011 = VERTEX_POINT('',#12012);
#12012 = CARTESIAN_POINT('',(130.81,-95.943,1.51));
#12013 = CIRCLE('',#12014,0.38);
#12014 = AXIS2_PLACEMENT_3D('',#12015,#12016,#12017);
#12015 = CARTESIAN_POINT('',(130.81,-95.563,1.51));
#12016 = DIRECTION('',(-0.,0.,-1.));
#12017 = DIRECTION('',(-0.,-1.,0.));
#12018 = FACE_BOUND('',#12019,.T.);
#12019 = EDGE_LOOP('',(#12020));
#12020 = ORIENTED_EDGE('',*,*,#12021,.T.);
#12021 = EDGE_CURVE('',#12022,#12022,#12024,.T.);
#12022 = VERTEX_POINT('',#12023);
#12023 = CARTESIAN_POINT('',(173.99,-124.29,1.51));
#12024 = CIRCLE('',#12025,1.1);
#12025 = AXIS2_PLACEMENT_3D('',#12026,#12027,#12028);
#12026 = CARTESIAN_POINT('',(173.99,-123.19,1.51));
#12027 = DIRECTION('',(-0.,0.,-1.));
#12028 = DIRECTION('',(-0.,-1.,0.));
#12029 = FACE_BOUND('',#12030,.T.);
#12030 = EDGE_LOOP('',(#12031));
#12031 = ORIENTED_EDGE('',*,*,#12032,.T.);
#12032 = EDGE_CURVE('',#12033,#12033,#12035,.T.);
#12033 = VERTEX_POINT('',#12034);
#12034 = CARTESIAN_POINT('',(140.97,-97.32,1.51));
#12035 = CIRCLE('',#12036,0.8);
#12036 = AXIS2_PLACEMENT_3D('',#12037,#12038,#12039);
#12037 = CARTESIAN_POINT('',(140.97,-96.52,1.51));
#12038 = DIRECTION('',(-0.,0.,-1.));
#12039 = DIRECTION('',(-0.,-1.,0.));
#12040 = FACE_BOUND('',#12041,.T.);
#12041 = EDGE_LOOP('',(#12042));
#12042 = ORIENTED_EDGE('',*,*,#12043,.T.);
#12043 = EDGE_CURVE('',#12044,#12044,#12046,.T.);
#12044 = VERTEX_POINT('',#12045);
#12045 = CARTESIAN_POINT('',(107.6198,-82.9945,1.51));
#12046 = CIRCLE('',#12047,0.889);
#12047 = AXIS2_PLACEMENT_3D('',#12048,#12049,#12050);
#12048 = CARTESIAN_POINT('',(107.6198,-82.1055,1.51));
#12049 = DIRECTION('',(-0.,0.,-1.));
#12050 = DIRECTION('',(-0.,-1.,0.));
#12051 = FACE_BOUND('',#12052,.T.);
#12052 = EDGE_LOOP('',(#12053));
#12053 = ORIENTED_EDGE('',*,*,#12054,.T.);
#12054 = EDGE_CURVE('',#12055,#12055,#12057,.T.);
#12055 = VERTEX_POINT('',#12056);
#12056 = CARTESIAN_POINT('',(107.6198,-78.8035,1.51));
#12057 = CIRCLE('',#12058,0.889);
#12058 = AXIS2_PLACEMENT_3D('',#12059,#12060,#12061);
#12059 = CARTESIAN_POINT('',(107.6198,-77.9145,1.51));
#12060 = DIRECTION('',(-0.,0.,-1.));
#12061 = DIRECTION('',(-0.,-1.,0.));
#12062 = FACE_BOUND('',#12063,.T.);
#12063 = EDGE_LOOP('',(#12064));
#12064 = ORIENTED_EDGE('',*,*,#12065,.T.);
#12065 = EDGE_CURVE('',#12066,#12066,#12068,.T.);
#12066 = VERTEX_POINT('',#12067);
#12067 = CARTESIAN_POINT('',(107.6198,-63.9445,1.51));
#12068 = CIRCLE('',#12069,0.889);
#12069 = AXIS2_PLACEMENT_3D('',#12070,#12071,#12072);
#12070 = CARTESIAN_POINT('',(107.6198,-63.0555,1.51));
#12071 = DIRECTION('',(-0.,0.,-1.));
#12072 = DIRECTION('',(-0.,-1.,0.));
#12073 = FACE_BOUND('',#12074,.T.);
#12074 = EDGE_LOOP('',(#12075));
#12075 = ORIENTED_EDGE('',*,*,#12076,.T.);
#12076 = EDGE_CURVE('',#12077,#12077,#12079,.T.);
#12077 = VERTEX_POINT('',#12078);
#12078 = CARTESIAN_POINT('',(107.6198,-59.7535,1.51));
#12079 = CIRCLE('',#12080,0.889);
#12080 = AXIS2_PLACEMENT_3D('',#12081,#12082,#12083);
#12081 = CARTESIAN_POINT('',(107.6198,-58.8645,1.51));
#12082 = DIRECTION('',(-0.,0.,-1.));
#12083 = DIRECTION('',(-0.,-1.,0.));
#12084 = FACE_BOUND('',#12085,.T.);
#12085 = EDGE_LOOP('',(#12086));
#12086 = ORIENTED_EDGE('',*,*,#12087,.T.);
#12087 = EDGE_CURVE('',#12088,#12088,#12090,.T.);
#12088 = VERTEX_POINT('',#12089);
#12089 = CARTESIAN_POINT('',(104.14,-54.44,1.51));
#12090 = CIRCLE('',#12091,1.1);
#12091 = AXIS2_PLACEMENT_3D('',#12092,#12093,#12094);
#12092 = CARTESIAN_POINT('',(104.14,-53.34,1.51));
#12093 = DIRECTION('',(-0.,0.,-1.));
#12094 = DIRECTION('',(-0.,-1.,0.));
#12095 = FACE_BOUND('',#12096,.T.);
#12096 = EDGE_LOOP('',(#12097));
#12097 = ORIENTED_EDGE('',*,*,#12098,.T.);
#12098 = EDGE_CURVE('',#12099,#12099,#12101,.T.);
#12099 = VERTEX_POINT('',#12100);
#12100 = CARTESIAN_POINT('',(127.,-60.04,1.51));
#12101 = CIRCLE('',#12102,0.35);
#12102 = AXIS2_PLACEMENT_3D('',#12103,#12104,#12105);
#12103 = CARTESIAN_POINT('',(127.,-59.69,1.51));
#12104 = DIRECTION('',(-0.,0.,-1.));
#12105 = DIRECTION('',(-0.,-1.,0.));
#12106 = FACE_BOUND('',#12107,.T.);
#12107 = EDGE_LOOP('',(#12108));
#12108 = ORIENTED_EDGE('',*,*,#12109,.T.);
#12109 = EDGE_CURVE('',#12110,#12110,#12112,.T.);
#12110 = VERTEX_POINT('',#12111);
#12111 = CARTESIAN_POINT('',(128.27,-61.31,1.51));
#12112 = CIRCLE('',#12113,0.35);
#12113 = AXIS2_PLACEMENT_3D('',#12114,#12115,#12116);
#12114 = CARTESIAN_POINT('',(128.27,-60.96,1.51));
#12115 = DIRECTION('',(-0.,0.,-1.));
#12116 = DIRECTION('',(-0.,-1.,0.));
#12117 = FACE_BOUND('',#12118,.T.);
#12118 = EDGE_LOOP('',(#12119));
#12119 = ORIENTED_EDGE('',*,*,#12120,.T.);
#12120 = EDGE_CURVE('',#12121,#12121,#12123,.T.);
#12121 = VERTEX_POINT('',#12122);
#12122 = CARTESIAN_POINT('',(128.27,-58.77,1.51));
#12123 = CIRCLE('',#12124,0.35);
#12124 = AXIS2_PLACEMENT_3D('',#12125,#12126,#12127);
#12125 = CARTESIAN_POINT('',(128.27,-58.42,1.51));
#12126 = DIRECTION('',(-0.,0.,-1.));
#12127 = DIRECTION('',(-0.,-1.,0.));
#12128 = FACE_BOUND('',#12129,.T.);
#12129 = EDGE_LOOP('',(#12130));
#12130 = ORIENTED_EDGE('',*,*,#12131,.T.);
#12131 = EDGE_CURVE('',#12132,#12132,#12134,.T.);
#12132 = VERTEX_POINT('',#12133);
#12133 = CARTESIAN_POINT('',(158.75,-76.75,1.51));
#12134 = CIRCLE('',#12135,0.55);
#12135 = AXIS2_PLACEMENT_3D('',#12136,#12137,#12138);
#12136 = CARTESIAN_POINT('',(158.75,-76.2,1.51));
#12137 = DIRECTION('',(-0.,0.,-1.));
#12138 = DIRECTION('',(-0.,-1.,0.));
#12139 = FACE_BOUND('',#12140,.T.);
#12140 = EDGE_LOOP('',(#12141));
#12141 = ORIENTED_EDGE('',*,*,#12142,.T.);
#12142 = EDGE_CURVE('',#12143,#12143,#12145,.T.);
#12143 = VERTEX_POINT('',#12144);
#12144 = CARTESIAN_POINT('',(168.91,-76.75,1.51));
#12145 = CIRCLE('',#12146,0.55);
#12146 = AXIS2_PLACEMENT_3D('',#12147,#12148,#12149);
#12147 = CARTESIAN_POINT('',(168.91,-76.2,1.51));
#12148 = DIRECTION('',(-0.,0.,-1.));
#12149 = DIRECTION('',(-5.167583532801E-14,-1.,0.));
#12150 = FACE_BOUND('',#12151,.T.);
#12151 = EDGE_LOOP('',(#12152));
#12152 = ORIENTED_EDGE('',*,*,#12153,.T.);
#12153 = EDGE_CURVE('',#12154,#12154,#12156,.T.);
#12154 = VERTEX_POINT('',#12155);
#12155 = CARTESIAN_POINT('',(173.99,-54.44,1.51));
#12156 = CIRCLE('',#12157,1.1);
#12157 = AXIS2_PLACEMENT_3D('',#12158,#12159,#12160);
#12158 = CARTESIAN_POINT('',(173.99,-53.34,1.51));
#12159 = DIRECTION('',(-0.,0.,-1.));
#12160 = DIRECTION('',(-0.,-1.,0.));
#12161 = PLANE('',#12162);
#12162 = AXIS2_PLACEMENT_3D('',#12163,#12164,#12165);
#12163 = CARTESIAN_POINT('',(0.,0.,1.51));
#12164 = DIRECTION('',(0.,0.,1.));
#12165 = DIRECTION('',(1.,0.,-0.));
#12166 = ADVANCED_FACE('',(#12167),#12173,.T.);
#12167 = FACE_BOUND('',#12168,.T.);
#12168 = EDGE_LOOP('',(#12169,#12170,#12171,#12172));
#12169 = ORIENTED_EDGE('',*,*,#11344,.T.);
#12170 = ORIENTED_EDGE('',*,*,#11770,.T.);
#12171 = ORIENTED_EDGE('',*,*,#11304,.F.);
#12172 = ORIENTED_EDGE('',*,*,#11368,.F.);
#12173 = PLANE('',#12174);
#12174 = AXIS2_PLACEMENT_3D('',#12175,#12176,#12177);
#12175 = CARTESIAN_POINT('',(101.6,-50.8,0.));
#12176 = DIRECTION('',(0.,1.,0.));
#12177 = DIRECTION('',(1.,0.,0.));
#12178 = ADVANCED_FACE('',(#12179),#12190,.F.);
#12179 = FACE_BOUND('',#12180,.T.);
#12180 = EDGE_LOOP('',(#12181,#12182,#12188,#12189));
#12181 = ORIENTED_EDGE('',*,*,#11377,.T.);
#12182 = ORIENTED_EDGE('',*,*,#12183,.T.);
#12183 = EDGE_CURVE('',#11378,#11780,#12184,.T.);
#12184 = LINE('',#12185,#12186);
#12185 = CARTESIAN_POINT('',(104.14,-125.56,-4.6E-02));
#12186 = VECTOR('',#12187,1.);
#12187 = DIRECTION('',(0.,0.,1.));
#12188 = ORIENTED_EDGE('',*,*,#11779,.F.);
#12189 = ORIENTED_EDGE('',*,*,#12183,.F.);
#12190 = CYLINDRICAL_SURFACE('',#12191,1.1);
#12191 = AXIS2_PLACEMENT_3D('',#12192,#12193,#12194);
#12192 = CARTESIAN_POINT('',(104.14,-124.46,-4.6E-02));
#12193 = DIRECTION('',(-0.,-0.,-1.));
#12194 = DIRECTION('',(-0.,-1.,0.));
#12195 = ADVANCED_FACE('',(#12196),#12207,.F.);
#12196 = FACE_BOUND('',#12197,.T.);
#12197 = EDGE_LOOP('',(#12198,#12199,#12205,#12206));
#12198 = ORIENTED_EDGE('',*,*,#11388,.T.);
#12199 = ORIENTED_EDGE('',*,*,#12200,.T.);
#12200 = EDGE_CURVE('',#11389,#11791,#12201,.T.);
#12201 = LINE('',#12202,#12203);
#12202 = CARTESIAN_POINT('',(109.54,-118.085,-4.6E-02));
#12203 = VECTOR('',#12204,1.);
#12204 = DIRECTION('',(0.,0.,1.));
#12205 = ORIENTED_EDGE('',*,*,#11790,.F.);
#12206 = ORIENTED_EDGE('',*,*,#12200,.F.);
#12207 = CYLINDRICAL_SURFACE('',#12208,1.245);
#12208 = AXIS2_PLACEMENT_3D('',#12209,#12210,#12211);
#12209 = CARTESIAN_POINT('',(109.54,-116.84,-4.6E-02));
#12210 = DIRECTION('',(-0.,0.,-1.));
#12211 = DIRECTION('',(1.141434113671E-14,-1.,-0.));
#12212 = ADVANCED_FACE('',(#12213),#12224,.F.);
#12213 = FACE_BOUND('',#12214,.T.);
#12214 = EDGE_LOOP('',(#12215,#12216,#12222,#12223));
#12215 = ORIENTED_EDGE('',*,*,#11399,.T.);
#12216 = ORIENTED_EDGE('',*,*,#12217,.T.);
#12217 = EDGE_CURVE('',#11400,#11802,#12218,.T.);
#12218 = LINE('',#12219,#12220);
#12219 = CARTESIAN_POINT('',(107.95,-111.15,-4.6E-02));
#12220 = VECTOR('',#12221,1.);
#12221 = DIRECTION('',(0.,0.,1.));
#12222 = ORIENTED_EDGE('',*,*,#11801,.F.);
#12223 = ORIENTED_EDGE('',*,*,#12217,.F.);
#12224 = CYLINDRICAL_SURFACE('',#12225,0.66);
#12225 = AXIS2_PLACEMENT_3D('',#12226,#12227,#12228);
#12226 = CARTESIAN_POINT('',(107.95,-110.49,-4.6E-02));
#12227 = DIRECTION('',(-0.,-0.,-1.));
#12228 = DIRECTION('',(-0.,-1.,0.));
#12229 = ADVANCED_FACE('',(#12230),#12241,.F.);
#12230 = FACE_BOUND('',#12231,.T.);
#12231 = EDGE_LOOP('',(#12232,#12233,#12239,#12240));
#12232 = ORIENTED_EDGE('',*,*,#11410,.T.);
#12233 = ORIENTED_EDGE('',*,*,#12234,.T.);
#12234 = EDGE_CURVE('',#11411,#11813,#12235,.T.);
#12235 = LINE('',#12236,#12237);
#12236 = CARTESIAN_POINT('',(110.49,-111.15,-4.6E-02));
#12237 = VECTOR('',#12238,1.);
#12238 = DIRECTION('',(0.,0.,1.));
#12239 = ORIENTED_EDGE('',*,*,#11812,.F.);
#12240 = ORIENTED_EDGE('',*,*,#12234,.F.);
#12241 = CYLINDRICAL_SURFACE('',#12242,0.66);
#12242 = AXIS2_PLACEMENT_3D('',#12243,#12244,#12245);
#12243 = CARTESIAN_POINT('',(110.49,-110.49,-4.6E-02));
#12244 = DIRECTION('',(-0.,-0.,-1.));
#12245 = DIRECTION('',(-2.153159805334E-14,-1.,0.));
#12246 = ADVANCED_FACE('',(#12247),#12258,.F.);
#12247 = FACE_BOUND('',#12248,.T.);
#12248 = EDGE_LOOP('',(#12249,#12250,#12256,#12257));
#12249 = ORIENTED_EDGE('',*,*,#11421,.T.);
#12250 = ORIENTED_EDGE('',*,*,#12251,.T.);
#12251 = EDGE_CURVE('',#11422,#11824,#12252,.T.);
#12252 = LINE('',#12253,#12254);
#12253 = CARTESIAN_POINT('',(107.95,-108.61,-4.6E-02));
#12254 = VECTOR('',#12255,1.);
#12255 = DIRECTION('',(0.,0.,1.));
#12256 = ORIENTED_EDGE('',*,*,#11823,.F.);
#12257 = ORIENTED_EDGE('',*,*,#12251,.F.);
#12258 = CYLINDRICAL_SURFACE('',#12259,0.66);
#12259 = AXIS2_PLACEMENT_3D('',#12260,#12261,#12262);
#12260 = CARTESIAN_POINT('',(107.95,-107.95,-4.6E-02));
#12261 = DIRECTION('',(-0.,-0.,-1.));
#12262 = DIRECTION('',(-0.,-1.,0.));
#12263 = ADVANCED_FACE('',(#12264),#12275,.F.);
#12264 = FACE_BOUND('',#12265,.T.);
#12265 = EDGE_LOOP('',(#12266,#12267,#12273,#12274));
#12266 = ORIENTED_EDGE('',*,*,#11432,.T.);
#12267 = ORIENTED_EDGE('',*,*,#12268,.T.);
#12268 = EDGE_CURVE('',#11433,#11835,#12269,.T.);
#12269 = LINE('',#12270,#12271);
#12270 = CARTESIAN_POINT('',(110.49,-108.61,-4.6E-02));
#12271 = VECTOR('',#12272,1.);
#12272 = DIRECTION('',(0.,0.,1.));
#12273 = ORIENTED_EDGE('',*,*,#11834,.F.);
#12274 = ORIENTED_EDGE('',*,*,#12268,.F.);
#12275 = CYLINDRICAL_SURFACE('',#12276,0.66);
#12276 = AXIS2_PLACEMENT_3D('',#12277,#12278,#12279);
#12277 = CARTESIAN_POINT('',(110.49,-107.95,-4.6E-02));
#12278 = DIRECTION('',(-0.,-0.,-1.));
#12279 = DIRECTION('',(-2.153159805334E-14,-1.,0.));
#12280 = ADVANCED_FACE('',(#12281),#12292,.F.);
#12281 = FACE_BOUND('',#12282,.T.);
#12282 = EDGE_LOOP('',(#12283,#12284,#12290,#12291));
#12283 = ORIENTED_EDGE('',*,*,#11443,.T.);
#12284 = ORIENTED_EDGE('',*,*,#12285,.T.);
#12285 = EDGE_CURVE('',#11444,#11846,#12286,.T.);
#12286 = LINE('',#12287,#12288);
#12287 = CARTESIAN_POINT('',(113.03,-111.15,-4.6E-02));
#12288 = VECTOR('',#12289,1.);
#12289 = DIRECTION('',(0.,0.,1.));
#12290 = ORIENTED_EDGE('',*,*,#11845,.F.);
#12291 = ORIENTED_EDGE('',*,*,#12285,.F.);
#12292 = CYLINDRICAL_SURFACE('',#12293,0.66);
#12293 = AXIS2_PLACEMENT_3D('',#12294,#12295,#12296);
#12294 = CARTESIAN_POINT('',(113.03,-110.49,-4.6E-02));
#12295 = DIRECTION('',(-0.,-0.,-1.));
#12296 = DIRECTION('',(-0.,-1.,0.));
#12297 = ADVANCED_FACE('',(#12298),#12309,.F.);
#12298 = FACE_BOUND('',#12299,.T.);
#12299 = EDGE_LOOP('',(#12300,#12301,#12307,#12308));
#12300 = ORIENTED_EDGE('',*,*,#11454,.T.);
#12301 = ORIENTED_EDGE('',*,*,#12302,.T.);
#12302 = EDGE_CURVE('',#11455,#11857,#12303,.T.);
#12303 = LINE('',#12304,#12305);
#12304 = CARTESIAN_POINT('',(115.57,-111.15,-4.6E-02));
#12305 = VECTOR('',#12306,1.);
#12306 = DIRECTION('',(0.,0.,1.));
#12307 = ORIENTED_EDGE('',*,*,#11856,.F.);
#12308 = ORIENTED_EDGE('',*,*,#12302,.F.);
#12309 = CYLINDRICAL_SURFACE('',#12310,0.66);
#12310 = AXIS2_PLACEMENT_3D('',#12311,#12312,#12313);
#12311 = CARTESIAN_POINT('',(115.57,-110.49,-4.6E-02));
#12312 = DIRECTION('',(-0.,-0.,-1.));
#12313 = DIRECTION('',(-0.,-1.,0.));
#12314 = ADVANCED_FACE('',(#12315),#12326,.F.);
#12315 = FACE_BOUND('',#12316,.T.);
#12316 = EDGE_LOOP('',(#12317,#12318,#12324,#12325));
#12317 = ORIENTED_EDGE('',*,*,#11465,.T.);
#12318 = ORIENTED_EDGE('',*,*,#12319,.T.);
#12319 = EDGE_CURVE('',#11466,#11868,#12320,.T.);
#12320 = LINE('',#12321,#12322);
#12321 = CARTESIAN_POINT('',(113.03,-108.61,-4.6E-02));
#12322 = VECTOR('',#12323,1.);
#12323 = DIRECTION('',(0.,0.,1.));
#12324 = ORIENTED_EDGE('',*,*,#11867,.F.);
#12325 = ORIENTED_EDGE('',*,*,#12319,.F.);
#12326 = CYLINDRICAL_SURFACE('',#12327,0.66);
#12327 = AXIS2_PLACEMENT_3D('',#12328,#12329,#12330);
#12328 = CARTESIAN_POINT('',(113.03,-107.95,-4.6E-02));
#12329 = DIRECTION('',(-0.,-0.,-1.));
#12330 = DIRECTION('',(-0.,-1.,0.));
#12331 = ADVANCED_FACE('',(#12332),#12343,.F.);
#12332 = FACE_BOUND('',#12333,.T.);
#12333 = EDGE_LOOP('',(#12334,#12335,#12341,#12342));
#12334 = ORIENTED_EDGE('',*,*,#11476,.T.);
#12335 = ORIENTED_EDGE('',*,*,#12336,.T.);
#12336 = EDGE_CURVE('',#11477,#11879,#12337,.T.);
#12337 = LINE('',#12338,#12339);
#12338 = CARTESIAN_POINT('',(115.57,-108.61,-4.6E-02));
#12339 = VECTOR('',#12340,1.);
#12340 = DIRECTION('',(0.,0.,1.));
#12341 = ORIENTED_EDGE('',*,*,#11878,.F.);
#12342 = ORIENTED_EDGE('',*,*,#12336,.F.);
#12343 = CYLINDRICAL_SURFACE('',#12344,0.66);
#12344 = AXIS2_PLACEMENT_3D('',#12345,#12346,#12347);
#12345 = CARTESIAN_POINT('',(115.57,-107.95,-4.6E-02));
#12346 = DIRECTION('',(-0.,-0.,-1.));
#12347 = DIRECTION('',(-0.,-1.,0.));
#12348 = ADVANCED_FACE('',(#12349),#12360,.F.);
#12349 = FACE_BOUND('',#12350,.T.);
#12350 = EDGE_LOOP('',(#12351,#12352,#12358,#12359));
#12351 = ORIENTED_EDGE('',*,*,#11487,.T.);
#12352 = ORIENTED_EDGE('',*,*,#12353,.T.);
#12353 = EDGE_CURVE('',#11488,#11890,#12354,.T.);
#12354 = LINE('',#12355,#12356);
#12355 = CARTESIAN_POINT('',(107.95,-104.8,-4.6E-02));
#12356 = VECTOR('',#12357,1.);
#12357 = DIRECTION('',(0.,0.,1.));
#12358 = ORIENTED_EDGE('',*,*,#11889,.F.);
#12359 = ORIENTED_EDGE('',*,*,#12353,.F.);
#12360 = CYLINDRICAL_SURFACE('',#12361,0.66);
#12361 = AXIS2_PLACEMENT_3D('',#12362,#12363,#12364);
#12362 = CARTESIAN_POINT('',(107.95,-104.14,-4.6E-02));
#12363 = DIRECTION('',(-0.,-0.,-1.));
#12364 = DIRECTION('',(-0.,-1.,0.));
#12365 = ADVANCED_FACE('',(#12366),#12377,.F.);
#12366 = FACE_BOUND('',#12367,.T.);
#12367 = EDGE_LOOP('',(#12368,#12369,#12375,#12376));
#12368 = ORIENTED_EDGE('',*,*,#11498,.T.);
#12369 = ORIENTED_EDGE('',*,*,#12370,.T.);
#12370 = EDGE_CURVE('',#11499,#11901,#12371,.T.);
#12371 = LINE('',#12372,#12373);
#12372 = CARTESIAN_POINT('',(110.49,-104.8,-4.6E-02));
#12373 = VECTOR('',#12374,1.);
#12374 = DIRECTION('',(0.,0.,1.));
#12375 = ORIENTED_EDGE('',*,*,#11900,.F.);
#12376 = ORIENTED_EDGE('',*,*,#12370,.F.);
#12377 = CYLINDRICAL_SURFACE('',#12378,0.66);
#12378 = AXIS2_PLACEMENT_3D('',#12379,#12380,#12381);
#12379 = CARTESIAN_POINT('',(110.49,-104.14,-4.6E-02));
#12380 = DIRECTION('',(-0.,-0.,-1.));
#12381 = DIRECTION('',(-2.153159805334E-14,-1.,0.));
#12382 = ADVANCED_FACE('',(#12383),#12394,.F.);
#12383 = FACE_BOUND('',#12384,.T.);
#12384 = EDGE_LOOP('',(#12385,#12386,#12392,#12393));
#12385 = ORIENTED_EDGE('',*,*,#11509,.T.);
#12386 = ORIENTED_EDGE('',*,*,#12387,.T.);
#12387 = EDGE_CURVE('',#11510,#11912,#12388,.T.);
#12388 = LINE('',#12389,#12390);
#12389 = CARTESIAN_POINT('',(107.95,-102.26,-4.6E-02));
#12390 = VECTOR('',#12391,1.);
#12391 = DIRECTION('',(0.,0.,1.));
#12392 = ORIENTED_EDGE('',*,*,#11911,.F.);
#12393 = ORIENTED_EDGE('',*,*,#12387,.F.);
#12394 = CYLINDRICAL_SURFACE('',#12395,0.66);
#12395 = AXIS2_PLACEMENT_3D('',#12396,#12397,#12398);
#12396 = CARTESIAN_POINT('',(107.95,-101.6,-4.6E-02));
#12397 = DIRECTION('',(-0.,-0.,-1.));
#12398 = DIRECTION('',(-0.,-1.,0.));
#12399 = ADVANCED_FACE('',(#12400),#12411,.F.);
#12400 = FACE_BOUND('',#12401,.T.);
#12401 = EDGE_LOOP('',(#12402,#12403,#12409,#12410));
#12402 = ORIENTED_EDGE('',*,*,#11520,.T.);
#12403 = ORIENTED_EDGE('',*,*,#12404,.T.);
#12404 = EDGE_CURVE('',#11521,#11923,#12405,.T.);
#12405 = LINE('',#12406,#12407);
#12406 = CARTESIAN_POINT('',(110.49,-102.26,-4.6E-02));
#12407 = VECTOR('',#12408,1.);
#12408 = DIRECTION('',(0.,0.,1.));
#12409 = ORIENTED_EDGE('',*,*,#11922,.F.);
#12410 = ORIENTED_EDGE('',*,*,#12404,.F.);
#12411 = CYLINDRICAL_SURFACE('',#12412,0.66);
#12412 = AXIS2_PLACEMENT_3D('',#12413,#12414,#12415);
#12413 = CARTESIAN_POINT('',(110.49,-101.6,-4.6E-02));
#12414 = DIRECTION('',(-0.,-0.,-1.));
#12415 = DIRECTION('',(-2.153159805334E-14,-1.,0.));
#12416 = ADVANCED_FACE('',(#12417),#12428,.F.);
#12417 = FACE_BOUND('',#12418,.T.);
#12418 = EDGE_LOOP('',(#12419,#12420,#12426,#12427));
#12419 = ORIENTED_EDGE('',*,*,#11531,.T.);
#12420 = ORIENTED_EDGE('',*,*,#12421,.T.);
#12421 = EDGE_CURVE('',#11532,#11934,#12422,.T.);
#12422 = LINE('',#12423,#12424);
#12423 = CARTESIAN_POINT('',(113.03,-104.8,-4.6E-02));
#12424 = VECTOR('',#12425,1.);
#12425 = DIRECTION('',(0.,0.,1.));
#12426 = ORIENTED_EDGE('',*,*,#11933,.F.);
#12427 = ORIENTED_EDGE('',*,*,#12421,.F.);
#12428 = CYLINDRICAL_SURFACE('',#12429,0.66);
#12429 = AXIS2_PLACEMENT_3D('',#12430,#12431,#12432);
#12430 = CARTESIAN_POINT('',(113.03,-104.14,-4.6E-02));
#12431 = DIRECTION('',(-0.,-0.,-1.));
#12432 = DIRECTION('',(-0.,-1.,0.));
#12433 = ADVANCED_FACE('',(#12434),#12445,.F.);
#12434 = FACE_BOUND('',#12435,.T.);
#12435 = EDGE_LOOP('',(#12436,#12437,#12443,#12444));
#12436 = ORIENTED_EDGE('',*,*,#11542,.T.);
#12437 = ORIENTED_EDGE('',*,*,#12438,.T.);
#12438 = EDGE_CURVE('',#11543,#11945,#12439,.T.);
#12439 = LINE('',#12440,#12441);
#12440 = CARTESIAN_POINT('',(115.57,-104.8,-4.6E-02));
#12441 = VECTOR('',#12442,1.);
#12442 = DIRECTION('',(0.,0.,1.));
#12443 = ORIENTED_EDGE('',*,*,#11944,.F.);
#12444 = ORIENTED_EDGE('',*,*,#12438,.F.);
#12445 = CYLINDRICAL_SURFACE('',#12446,0.66);
#12446 = AXIS2_PLACEMENT_3D('',#12447,#12448,#12449);
#12447 = CARTESIAN_POINT('',(115.57,-104.14,-4.6E-02));
#12448 = DIRECTION('',(-0.,-0.,-1.));
#12449 = DIRECTION('',(-0.,-1.,0.));
#12450 = ADVANCED_FACE('',(#12451),#12462,.F.);
#12451 = FACE_BOUND('',#12452,.T.);
#12452 = EDGE_LOOP('',(#12453,#12454,#12460,#12461));
#12453 = ORIENTED_EDGE('',*,*,#11553,.T.);
#12454 = ORIENTED_EDGE('',*,*,#12455,.T.);
#12455 = EDGE_CURVE('',#11554,#11956,#12456,.T.);
#12456 = LINE('',#12457,#12458);
#12457 = CARTESIAN_POINT('',(113.03,-102.26,-4.6E-02));
#12458 = VECTOR('',#12459,1.);
#12459 = DIRECTION('',(0.,0.,1.));
#12460 = ORIENTED_EDGE('',*,*,#11955,.F.);
#12461 = ORIENTED_EDGE('',*,*,#12455,.F.);
#12462 = CYLINDRICAL_SURFACE('',#12463,0.66);
#12463 = AXIS2_PLACEMENT_3D('',#12464,#12465,#12466);
#12464 = CARTESIAN_POINT('',(113.03,-101.6,-4.6E-02));
#12465 = DIRECTION('',(-0.,-0.,-1.));
#12466 = DIRECTION('',(-0.,-1.,0.));
#12467 = ADVANCED_FACE('',(#12468),#12479,.F.);
#12468 = FACE_BOUND('',#12469,.T.);
#12469 = EDGE_LOOP('',(#12470,#12471,#12477,#12478));
#12470 = ORIENTED_EDGE('',*,*,#11564,.T.);
#12471 = ORIENTED_EDGE('',*,*,#12472,.T.);
#12472 = EDGE_CURVE('',#11565,#11967,#12473,.T.);
#12473 = LINE('',#12474,#12475);
#12474 = CARTESIAN_POINT('',(115.57,-102.26,-4.6E-02));
#12475 = VECTOR('',#12476,1.);
#12476 = DIRECTION('',(0.,0.,1.));
#12477 = ORIENTED_EDGE('',*,*,#11966,.F.);
#12478 = ORIENTED_EDGE('',*,*,#12472,.F.);
#12479 = CYLINDRICAL_SURFACE('',#12480,0.66);
#12480 = AXIS2_PLACEMENT_3D('',#12481,#12482,#12483);
#12481 = CARTESIAN_POINT('',(115.57,-101.6,-4.6E-02));
#12482 = DIRECTION('',(-0.,-0.,-1.));
#12483 = DIRECTION('',(-0.,-1.,0.));
#12484 = ADVANCED_FACE('',(#12485),#12496,.F.);
#12485 = FACE_BOUND('',#12486,.T.);
#12486 = EDGE_LOOP('',(#12487,#12488,#12494,#12495));
#12487 = ORIENTED_EDGE('',*,*,#11575,.T.);
#12488 = ORIENTED_EDGE('',*,*,#12489,.T.);
#12489 = EDGE_CURVE('',#11576,#11978,#12490,.T.);
#12490 = LINE('',#12491,#12492);
#12491 = CARTESIAN_POINT('',(109.54,-96.495,-4.6E-02));
#12492 = VECTOR('',#12493,1.);
#12493 = DIRECTION('',(0.,0.,1.));
#12494 = ORIENTED_EDGE('',*,*,#11977,.F.);
#12495 = ORIENTED_EDGE('',*,*,#12489,.F.);
#12496 = CYLINDRICAL_SURFACE('',#12497,1.245);
#12497 = AXIS2_PLACEMENT_3D('',#12498,#12499,#12500);
#12498 = CARTESIAN_POINT('',(109.54,-95.25,-4.6E-02));
#12499 = DIRECTION('',(-0.,0.,-1.));
#12500 = DIRECTION('',(1.141434113671E-14,-1.,-0.));
#12501 = ADVANCED_FACE('',(#12502),#12513,.F.);
#12502 = FACE_BOUND('',#12503,.T.);
#12503 = EDGE_LOOP('',(#12504,#12505,#12511,#12512));
#12504 = ORIENTED_EDGE('',*,*,#11586,.T.);
#12505 = ORIENTED_EDGE('',*,*,#12506,.T.);
#12506 = EDGE_CURVE('',#11587,#11989,#12507,.T.);
#12507 = LINE('',#12508,#12509);
#12508 = CARTESIAN_POINT('',(125.73,-95.943,-4.6E-02));
#12509 = VECTOR('',#12510,1.);
#12510 = DIRECTION('',(0.,0.,1.));
#12511 = ORIENTED_EDGE('',*,*,#11988,.F.);
#12512 = ORIENTED_EDGE('',*,*,#12506,.F.);
#12513 = CYLINDRICAL_SURFACE('',#12514,0.38);
#12514 = AXIS2_PLACEMENT_3D('',#12515,#12516,#12517);
#12515 = CARTESIAN_POINT('',(125.73,-95.563,-4.6E-02));
#12516 = DIRECTION('',(-0.,0.,-1.));
#12517 = DIRECTION('',(3.739698609264E-14,-1.,-0.));
#12518 = ADVANCED_FACE('',(#12519),#12530,.F.);
#12519 = FACE_BOUND('',#12520,.T.);
#12520 = EDGE_LOOP('',(#12521,#12522,#12528,#12529));
#12521 = ORIENTED_EDGE('',*,*,#11597,.T.);
#12522 = ORIENTED_EDGE('',*,*,#12523,.T.);
#12523 = EDGE_CURVE('',#11598,#12000,#12524,.T.);
#12524 = LINE('',#12525,#12526);
#12525 = CARTESIAN_POINT('',(128.27,-93.403,-4.6E-02));
#12526 = VECTOR('',#12527,1.);
#12527 = DIRECTION('',(0.,0.,1.));
#12528 = ORIENTED_EDGE('',*,*,#11999,.F.);
#12529 = ORIENTED_EDGE('',*,*,#12523,.F.);
#12530 = CYLINDRICAL_SURFACE('',#12531,0.38);
#12531 = AXIS2_PLACEMENT_3D('',#12532,#12533,#12534);
#12532 = CARTESIAN_POINT('',(128.27,-93.023,-4.6E-02));
#12533 = DIRECTION('',(-0.,-0.,-1.));
#12534 = DIRECTION('',(-0.,-1.,0.));
#12535 = ADVANCED_FACE('',(#12536),#12547,.F.);
#12536 = FACE_BOUND('',#12537,.T.);
#12537 = EDGE_LOOP('',(#12538,#12539,#12545,#12546));
#12538 = ORIENTED_EDGE('',*,*,#11608,.T.);
#12539 = ORIENTED_EDGE('',*,*,#12540,.T.);
#12540 = EDGE_CURVE('',#11609,#12011,#12541,.T.);
#12541 = LINE('',#12542,#12543);
#12542 = CARTESIAN_POINT('',(130.81,-95.943,-4.6E-02));
#12543 = VECTOR('',#12544,1.);
#12544 = DIRECTION('',(0.,0.,1.));
#12545 = ORIENTED_EDGE('',*,*,#12010,.F.);
#12546 = ORIENTED_EDGE('',*,*,#12540,.F.);
#12547 = CYLINDRICAL_SURFACE('',#12548,0.38);
#12548 = AXIS2_PLACEMENT_3D('',#12549,#12550,#12551);
#12549 = CARTESIAN_POINT('',(130.81,-95.563,-4.6E-02));
#12550 = DIRECTION('',(-0.,-0.,-1.));
#12551 = DIRECTION('',(-0.,-1.,0.));
#12552 = ADVANCED_FACE('',(#12553),#12564,.F.);
#12553 = FACE_BOUND('',#12554,.T.);
#12554 = EDGE_LOOP('',(#12555,#12556,#12562,#12563));
#12555 = ORIENTED_EDGE('',*,*,#11619,.T.);
#12556 = ORIENTED_EDGE('',*,*,#12557,.T.);
#12557 = EDGE_CURVE('',#11620,#12022,#12558,.T.);
#12558 = LINE('',#12559,#12560);
#12559 = CARTESIAN_POINT('',(173.99,-124.29,-4.6E-02));
#12560 = VECTOR('',#12561,1.);
#12561 = DIRECTION('',(0.,0.,1.));
#12562 = ORIENTED_EDGE('',*,*,#12021,.F.);
#12563 = ORIENTED_EDGE('',*,*,#12557,.F.);
#12564 = CYLINDRICAL_SURFACE('',#12565,1.1);
#12565 = AXIS2_PLACEMENT_3D('',#12566,#12567,#12568);
#12566 = CARTESIAN_POINT('',(173.99,-123.19,-4.6E-02));
#12567 = DIRECTION('',(-0.,-0.,-1.));
#12568 = DIRECTION('',(-0.,-1.,0.));
#12569 = ADVANCED_FACE('',(#12570),#12581,.F.);
#12570 = FACE_BOUND('',#12571,.T.);
#12571 = EDGE_LOOP('',(#12572,#12573,#12579,#12580));
#12572 = ORIENTED_EDGE('',*,*,#11630,.T.);
#12573 = ORIENTED_EDGE('',*,*,#12574,.T.);
#12574 = EDGE_CURVE('',#11631,#12033,#12575,.T.);
#12575 = LINE('',#12576,#12577);
#12576 = CARTESIAN_POINT('',(140.97,-97.32,-4.6E-02));
#12577 = VECTOR('',#12578,1.);
#12578 = DIRECTION('',(0.,0.,1.));
#12579 = ORIENTED_EDGE('',*,*,#12032,.F.);
#12580 = ORIENTED_EDGE('',*,*,#12574,.F.);
#12581 = CYLINDRICAL_SURFACE('',#12582,0.8);
#12582 = AXIS2_PLACEMENT_3D('',#12583,#12584,#12585);
#12583 = CARTESIAN_POINT('',(140.97,-96.52,-4.6E-02));
#12584 = DIRECTION('',(-0.,-0.,-1.));
#12585 = DIRECTION('',(-0.,-1.,0.));
#12586 = ADVANCED_FACE('',(#12587),#12598,.F.);
#12587 = FACE_BOUND('',#12588,.T.);
#12588 = EDGE_LOOP('',(#12589,#12590,#12596,#12597));
#12589 = ORIENTED_EDGE('',*,*,#11641,.T.);
#12590 = ORIENTED_EDGE('',*,*,#12591,.T.);
#12591 = EDGE_CURVE('',#11642,#12044,#12592,.T.);
#12592 = LINE('',#12593,#12594);
#12593 = CARTESIAN_POINT('',(107.6198,-82.9945,-4.6E-02));
#12594 = VECTOR('',#12595,1.);
#12595 = DIRECTION('',(0.,0.,1.));
#12596 = ORIENTED_EDGE('',*,*,#12043,.F.);
#12597 = ORIENTED_EDGE('',*,*,#12591,.F.);
#12598 = CYLINDRICAL_SURFACE('',#12599,0.889);
#12599 = AXIS2_PLACEMENT_3D('',#12600,#12601,#12602);
#12600 = CARTESIAN_POINT('',(107.6198,-82.1055,-4.6E-02));
#12601 = DIRECTION('',(-0.,-0.,-1.));
#12602 = DIRECTION('',(-0.,-1.,0.));
#12603 = ADVANCED_FACE('',(#12604),#12615,.F.);
#12604 = FACE_BOUND('',#12605,.T.);
#12605 = EDGE_LOOP('',(#12606,#12607,#12613,#12614));
#12606 = ORIENTED_EDGE('',*,*,#11652,.T.);
#12607 = ORIENTED_EDGE('',*,*,#12608,.T.);
#12608 = EDGE_CURVE('',#11653,#12055,#12609,.T.);
#12609 = LINE('',#12610,#12611);
#12610 = CARTESIAN_POINT('',(107.6198,-78.8035,-4.6E-02));
#12611 = VECTOR('',#12612,1.);
#12612 = DIRECTION('',(0.,0.,1.));
#12613 = ORIENTED_EDGE('',*,*,#12054,.F.);
#12614 = ORIENTED_EDGE('',*,*,#12608,.F.);
#12615 = CYLINDRICAL_SURFACE('',#12616,0.889);
#12616 = AXIS2_PLACEMENT_3D('',#12617,#12618,#12619);
#12617 = CARTESIAN_POINT('',(107.6198,-77.9145,-4.6E-02));
#12618 = DIRECTION('',(-0.,-0.,-1.));
#12619 = DIRECTION('',(-0.,-1.,0.));
#12620 = ADVANCED_FACE('',(#12621),#12632,.F.);
#12621 = FACE_BOUND('',#12622,.T.);
#12622 = EDGE_LOOP('',(#12623,#12624,#12630,#12631));
#12623 = ORIENTED_EDGE('',*,*,#11663,.T.);
#12624 = ORIENTED_EDGE('',*,*,#12625,.T.);
#12625 = EDGE_CURVE('',#11664,#12066,#12626,.T.);
#12626 = LINE('',#12627,#12628);
#12627 = CARTESIAN_POINT('',(107.6198,-63.9445,-4.6E-02));
#12628 = VECTOR('',#12629,1.);
#12629 = DIRECTION('',(0.,0.,1.));
#12630 = ORIENTED_EDGE('',*,*,#12065,.F.);
#12631 = ORIENTED_EDGE('',*,*,#12625,.F.);
#12632 = CYLINDRICAL_SURFACE('',#12633,0.889);
#12633 = AXIS2_PLACEMENT_3D('',#12634,#12635,#12636);
#12634 = CARTESIAN_POINT('',(107.6198,-63.0555,-4.6E-02));
#12635 = DIRECTION('',(-0.,-0.,-1.));
#12636 = DIRECTION('',(-0.,-1.,0.));
#12637 = ADVANCED_FACE('',(#12638),#12649,.F.);
#12638 = FACE_BOUND('',#12639,.T.);
#12639 = EDGE_LOOP('',(#12640,#12641,#12647,#12648));
#12640 = ORIENTED_EDGE('',*,*,#11674,.T.);
#12641 = ORIENTED_EDGE('',*,*,#12642,.T.);
#12642 = EDGE_CURVE('',#11675,#12077,#12643,.T.);
#12643 = LINE('',#12644,#12645);
#12644 = CARTESIAN_POINT('',(107.6198,-59.7535,-4.6E-02));
#12645 = VECTOR('',#12646,1.);
#12646 = DIRECTION('',(0.,0.,1.));
#12647 = ORIENTED_EDGE('',*,*,#12076,.F.);
#12648 = ORIENTED_EDGE('',*,*,#12642,.F.);
#12649 = CYLINDRICAL_SURFACE('',#12650,0.889);
#12650 = AXIS2_PLACEMENT_3D('',#12651,#12652,#12653);
#12651 = CARTESIAN_POINT('',(107.6198,-58.8645,-4.6E-02));
#12652 = DIRECTION('',(-0.,-0.,-1.));
#12653 = DIRECTION('',(-0.,-1.,0.));
#12654 = ADVANCED_FACE('',(#12655),#12666,.F.);
#12655 = FACE_BOUND('',#12656,.T.);
#12656 = EDGE_LOOP('',(#12657,#12658,#12664,#12665));
#12657 = ORIENTED_EDGE('',*,*,#11685,.T.);
#12658 = ORIENTED_EDGE('',*,*,#12659,.T.);
#12659 = EDGE_CURVE('',#11686,#12088,#12660,.T.);
#12660 = LINE('',#12661,#12662);
#12661 = CARTESIAN_POINT('',(104.14,-54.44,-4.6E-02));
#12662 = VECTOR('',#12663,1.);
#12663 = DIRECTION('',(0.,0.,1.));
#12664 = ORIENTED_EDGE('',*,*,#12087,.F.);
#12665 = ORIENTED_EDGE('',*,*,#12659,.F.);
#12666 = CYLINDRICAL_SURFACE('',#12667,1.1);
#12667 = AXIS2_PLACEMENT_3D('',#12668,#12669,#12670);
#12668 = CARTESIAN_POINT('',(104.14,-53.34,-4.6E-02));
#12669 = DIRECTION('',(-0.,-0.,-1.));
#12670 = DIRECTION('',(-0.,-1.,0.));
#12671 = ADVANCED_FACE('',(#12672),#12683,.F.);
#12672 = FACE_BOUND('',#12673,.T.);
#12673 = EDGE_LOOP('',(#12674,#12675,#12681,#12682));
#12674 = ORIENTED_EDGE('',*,*,#11696,.T.);
#12675 = ORIENTED_EDGE('',*,*,#12676,.T.);
#12676 = EDGE_CURVE('',#11697,#12099,#12677,.T.);
#12677 = LINE('',#12678,#12679);
#12678 = CARTESIAN_POINT('',(127.,-60.04,-4.6E-02));
#12679 = VECTOR('',#12680,1.);
#12680 = DIRECTION('',(0.,0.,1.));
#12681 = ORIENTED_EDGE('',*,*,#12098,.F.);
#12682 = ORIENTED_EDGE('',*,*,#12676,.F.);
#12683 = CYLINDRICAL_SURFACE('',#12684,0.35);
#12684 = AXIS2_PLACEMENT_3D('',#12685,#12686,#12687);
#12685 = CARTESIAN_POINT('',(127.,-59.69,-4.6E-02));
#12686 = DIRECTION('',(-0.,-0.,-1.));
#12687 = DIRECTION('',(-0.,-1.,0.));
#12688 = ADVANCED_FACE('',(#12689),#12700,.F.);
#12689 = FACE_BOUND('',#12690,.T.);
#12690 = EDGE_LOOP('',(#12691,#12692,#12698,#12699));
#12691 = ORIENTED_EDGE('',*,*,#11707,.T.);
#12692 = ORIENTED_EDGE('',*,*,#12693,.T.);
#12693 = EDGE_CURVE('',#11708,#12110,#12694,.T.);
#12694 = LINE('',#12695,#12696);
#12695 = CARTESIAN_POINT('',(128.27,-61.31,-4.6E-02));
#12696 = VECTOR('',#12697,1.);
#12697 = DIRECTION('',(0.,0.,1.));
#12698 = ORIENTED_EDGE('',*,*,#12109,.F.);
#12699 = ORIENTED_EDGE('',*,*,#12693,.F.);
#12700 = CYLINDRICAL_SURFACE('',#12701,0.35);
#12701 = AXIS2_PLACEMENT_3D('',#12702,#12703,#12704);
#12702 = CARTESIAN_POINT('',(128.27,-60.96,-4.6E-02));
#12703 = DIRECTION('',(-0.,-0.,-1.));
#12704 = DIRECTION('',(-0.,-1.,0.));
#12705 = ADVANCED_FACE('',(#12706),#12717,.F.);
#12706 = FACE_BOUND('',#12707,.T.);
#12707 = EDGE_LOOP('',(#12708,#12709,#12715,#12716));
#12708 = ORIENTED_EDGE('',*,*,#11718,.T.);
#12709 = ORIENTED_EDGE('',*,*,#12710,.T.);
#12710 = EDGE_CURVE('',#11719,#12121,#12711,.T.);
#12711 = LINE('',#12712,#12713);
#12712 = CARTESIAN_POINT('',(128.27,-58.77,-4.6E-02));
#12713 = VECTOR('',#12714,1.);
#12714 = DIRECTION('',(0.,0.,1.));
#12715 = ORIENTED_EDGE('',*,*,#12120,.F.);
#12716 = ORIENTED_EDGE('',*,*,#12710,.F.);
#12717 = CYLINDRICAL_SURFACE('',#12718,0.35);
#12718 = AXIS2_PLACEMENT_3D('',#12719,#12720,#12721);
#12719 = CARTESIAN_POINT('',(128.27,-58.42,-4.6E-02));
#12720 = DIRECTION('',(-0.,-0.,-1.));
#12721 = DIRECTION('',(-0.,-1.,0.));
#12722 = ADVANCED_FACE('',(#12723),#12734,.F.);
#12723 = FACE_BOUND('',#12724,.T.);
#12724 = EDGE_LOOP('',(#12725,#12726,#12732,#12733));
#12725 = ORIENTED_EDGE('',*,*,#11729,.T.);
#12726 = ORIENTED_EDGE('',*,*,#12727,.T.);
#12727 = EDGE_CURVE('',#11730,#12132,#12728,.T.);
#12728 = LINE('',#12729,#12730);
#12729 = CARTESIAN_POINT('',(158.75,-76.75,-4.6E-02));
#12730 = VECTOR('',#12731,1.);
#12731 = DIRECTION('',(0.,0.,1.));
#12732 = ORIENTED_EDGE('',*,*,#12131,.F.);
#12733 = ORIENTED_EDGE('',*,*,#12727,.F.);
#12734 = CYLINDRICAL_SURFACE('',#12735,0.55);
#12735 = AXIS2_PLACEMENT_3D('',#12736,#12737,#12738);
#12736 = CARTESIAN_POINT('',(158.75,-76.2,-4.6E-02));
#12737 = DIRECTION('',(-0.,-0.,-1.));
#12738 = DIRECTION('',(-0.,-1.,0.));
#12739 = ADVANCED_FACE('',(#12740),#12751,.F.);
#12740 = FACE_BOUND('',#12741,.T.);
#12741 = EDGE_LOOP('',(#12742,#12743,#12749,#12750));
#12742 = ORIENTED_EDGE('',*,*,#11740,.T.);
#12743 = ORIENTED_EDGE('',*,*,#12744,.T.);
#12744 = EDGE_CURVE('',#11741,#12143,#12745,.T.);
#12745 = LINE('',#12746,#12747);
#12746 = CARTESIAN_POINT('',(168.91,-76.75,-4.6E-02));
#12747 = VECTOR('',#12748,1.);
#12748 = DIRECTION('',(0.,0.,1.));
#12749 = ORIENTED_EDGE('',*,*,#12142,.F.);
#12750 = ORIENTED_EDGE('',*,*,#12744,.F.);
#12751 = CYLINDRICAL_SURFACE('',#12752,0.55);
#12752 = AXIS2_PLACEMENT_3D('',#12753,#12754,#12755);
#12753 = CARTESIAN_POINT('',(168.91,-76.2,-4.6E-02));
#12754 = DIRECTION('',(-0.,-0.,-1.));
#12755 = DIRECTION('',(-5.167583532801E-14,-1.,0.));
#12756 = ADVANCED_FACE('',(#12757),#12768,.F.);
#12757 = FACE_BOUND('',#12758,.T.);
#12758 = EDGE_LOOP('',(#12759,#12760,#12766,#12767));
#12759 = ORIENTED_EDGE('',*,*,#11751,.T.);
#12760 = ORIENTED_EDGE('',*,*,#12761,.T.);
#12761 = EDGE_CURVE('',#11752,#12154,#12762,.T.);
#12762 = LINE('',#12763,#12764);
#12763 = CARTESIAN_POINT('',(173.99,-54.44,-4.6E-02));
#12764 = VECTOR('',#12765,1.);
#12765 = DIRECTION('',(0.,0.,1.));
#12766 = ORIENTED_EDGE('',*,*,#12153,.F.);
#12767 = ORIENTED_EDGE('',*,*,#12761,.F.);
#12768 = CYLINDRICAL_SURFACE('',#12769,1.1);
#12769 = AXIS2_PLACEMENT_3D('',#12770,#12771,#12772);
#12770 = CARTESIAN_POINT('',(173.99,-53.34,-4.6E-02));
#12771 = DIRECTION('',(-0.,-0.,-1.));
#12772 = DIRECTION('',(-0.,-1.,0.));
#12773 = ( GEOMETRIC_REPRESENTATION_CONTEXT(3) 
GLOBAL_UNCERTAINTY_ASSIGNED_CONTEXT((#12777)) 
GLOBAL_UNIT_ASSIGNED_CONTEXT((#12774,#12775,#12776)) 
REPRESENTATION_CONTEXT('Context #1',
  '3D Context with UNIT and UNCERTAINTY') );
#12774 = ( LENGTH_UNIT() NAMED_UNIT(*) SI_UNIT(.MILLI.,.METRE.) );
#12775 = ( NAMED_UNIT(*) PLANE_ANGLE_UNIT() SI_UNIT($,.RADIAN.) );
#12776 = ( NAMED_UNIT(*) SI_UNIT($,.STERADIAN.) SOLID_ANGLE_UNIT() );
#12777 = UNCERTAINTY_MEASURE_WITH_UNIT(LENGTH_MEASURE(1.E-07),#12774,
  'distance_accuracy_value','confusion accuracy');
#12778 = CONTEXT_DEPENDENT_SHAPE_REPRESENTATION(#12779,#12781);
#12779 = ( REPRESENTATION_RELATIONSHIP('','',#11257,#10) 
REPRESENTATION_RELATIONSHIP_WITH_TRANSFORMATION(#12780) 
SHAPE_REPRESENTATION_RELATIONSHIP() );
#12780 = ITEM_DEFINED_TRANSFORMATION('','',#11,#103);
#12781 = PRODUCT_DEFINITION_SHAPE('Placement','Placement of an item',
  #12782);
#12782 = NEXT_ASSEMBLY_USAGE_OCCURRENCE('23','=>[0:1:1:11]','',#5,#11252
  ,$);
#12783 = PRODUCT_RELATED_PRODUCT_CATEGORY('part',$,(#11254));
#12784 = MECHANICAL_DESIGN_GEOMETRIC_PRESENTATION_REPRESENTATION('',(
    #12785,#12793,#12800,#12807,#12814,#12821,#12828,#12835,#12842,
    #12849,#12856,#12863,#12870,#12877,#12884,#12891,#12898,#12905,
    #12912,#12919),#1491);
#12785 = STYLED_ITEM('color',(#12786),#996);
#12786 = PRESENTATION_STYLE_ASSIGNMENT((#12787));
#12787 = SURFACE_STYLE_USAGE(.BOTH.,#12788);
#12788 = SURFACE_SIDE_STYLE('',(#12789));
#12789 = SURFACE_STYLE_FILL_AREA(#12790);
#12790 = FILL_AREA_STYLE('',(#12791));
#12791 = FILL_AREA_STYLE_COLOUR('',#12792);
#12792 = COLOUR_RGB('',0.859000020776,0.737999965183,0.495999988746);
#12793 = STYLED_ITEM('color',(#12794),#1013);
#12794 = PRESENTATION_STYLE_ASSIGNMENT((#12795));
#12795 = SURFACE_STYLE_USAGE(.BOTH.,#12796);
#12796 = SURFACE_SIDE_STYLE('',(#12797));
#12797 = SURFACE_STYLE_FILL_AREA(#12798);
#12798 = FILL_AREA_STYLE('',(#12799));
#12799 = FILL_AREA_STYLE_COLOUR('',#12792);
#12800 = STYLED_ITEM('color',(#12801),#1038);
#12801 = PRESENTATION_STYLE_ASSIGNMENT((#12802));
#12802 = SURFACE_STYLE_USAGE(.BOTH.,#12803);
#12803 = SURFACE_SIDE_STYLE('',(#12804));
#12804 = SURFACE_STYLE_FILL_AREA(#12805);
#12805 = FILL_AREA_STYLE('',(#12806));
#12806 = FILL_AREA_STYLE_COLOUR('',#12792);
#12807 = STYLED_ITEM('color',(#12808),#1113);
#12808 = PRESENTATION_STYLE_ASSIGNMENT((#12809));
#12809 = SURFACE_STYLE_USAGE(.BOTH.,#12810);
#12810 = SURFACE_SIDE_STYLE('',(#12811));
#12811 = SURFACE_STYLE_FILL_AREA(#12812);
#12812 = FILL_AREA_STYLE('',(#12813));
#12813 = FILL_AREA_STYLE_COLOUR('',#12792);
#12814 = STYLED_ITEM('color',(#12815),#1145);
#12815 = PRESENTATION_STYLE_ASSIGNMENT((#12816));
#12816 = SURFACE_STYLE_USAGE(.BOTH.,#12817);
#12817 = SURFACE_SIDE_STYLE('',(#12818));
#12818 = SURFACE_STYLE_FILL_AREA(#12819);
#12819 = FILL_AREA_STYLE('',(#12820));
#12820 = FILL_AREA_STYLE_COLOUR('',#12792);
#12821 = STYLED_ITEM('color',(#12822),#1170);
#12822 = PRESENTATION_STYLE_ASSIGNMENT((#12823));
#12823 = SURFACE_STYLE_USAGE(.BOTH.,#12824);
#12824 = SURFACE_SIDE_STYLE('',(#12825));
#12825 = SURFACE_STYLE_FILL_AREA(#12826);
#12826 = FILL_AREA_STYLE('',(#12827));
#12827 = FILL_AREA_STYLE_COLOUR('',#12792);
#12828 = STYLED_ITEM('color',(#12829),#1188);
#12829 = PRESENTATION_STYLE_ASSIGNMENT((#12830));
#12830 = SURFACE_STYLE_USAGE(.BOTH.,#12831);
#12831 = SURFACE_SIDE_STYLE('',(#12832));
#12832 = SURFACE_STYLE_FILL_AREA(#12833);
#12833 = FILL_AREA_STYLE('',(#12834));
#12834 = FILL_AREA_STYLE_COLOUR('',#12792);
#12835 = STYLED_ITEM('color',(#12836),#1213);
#12836 = PRESENTATION_STYLE_ASSIGNMENT((#12837));
#12837 = SURFACE_STYLE_USAGE(.BOTH.,#12838);
#12838 = SURFACE_SIDE_STYLE('',(#12839));
#12839 = SURFACE_STYLE_FILL_AREA(#12840);
#12840 = FILL_AREA_STYLE('',(#12841));
#12841 = FILL_AREA_STYLE_COLOUR('',#12792);
#12842 = STYLED_ITEM('color',(#12843),#1238);
#12843 = PRESENTATION_STYLE_ASSIGNMENT((#12844));
#12844 = SURFACE_STYLE_USAGE(.BOTH.,#12845);
#12845 = SURFACE_SIDE_STYLE('',(#12846));
#12846 = SURFACE_STYLE_FILL_AREA(#12847);
#12847 = FILL_AREA_STYLE('',(#12848));
#12848 = FILL_AREA_STYLE_COLOUR('',#12792);
#12849 = STYLED_ITEM('color',(#12850),#1271);
#12850 = PRESENTATION_STYLE_ASSIGNMENT((#12851));
#12851 = SURFACE_STYLE_USAGE(.BOTH.,#12852);
#12852 = SURFACE_SIDE_STYLE('',(#12853));
#12853 = SURFACE_STYLE_FILL_AREA(#12854);
#12854 = FILL_AREA_STYLE('',(#12855));
#12855 = FILL_AREA_STYLE_COLOUR('',#12792);
#12856 = STYLED_ITEM('color',(#12857),#1302);
#12857 = PRESENTATION_STYLE_ASSIGNMENT((#12858));
#12858 = SURFACE_STYLE_USAGE(.BOTH.,#12859);
#12859 = SURFACE_SIDE_STYLE('',(#12860));
#12860 = SURFACE_STYLE_FILL_AREA(#12861);
#12861 = FILL_AREA_STYLE('',(#12862));
#12862 = FILL_AREA_STYLE_COLOUR('',#12792);
#12863 = STYLED_ITEM('color',(#12864),#1333);
#12864 = PRESENTATION_STYLE_ASSIGNMENT((#12865));
#12865 = SURFACE_STYLE_USAGE(.BOTH.,#12866);
#12866 = SURFACE_SIDE_STYLE('',(#12867));
#12867 = SURFACE_STYLE_FILL_AREA(#12868);
#12868 = FILL_AREA_STYLE('',(#12869));
#12869 = FILL_AREA_STYLE_COLOUR('',#12792);
#12870 = STYLED_ITEM('color',(#12871),#1350);
#12871 = PRESENTATION_STYLE_ASSIGNMENT((#12872));
#12872 = SURFACE_STYLE_USAGE(.BOTH.,#12873);
#12873 = SURFACE_SIDE_STYLE('',(#12874));
#12874 = SURFACE_STYLE_FILL_AREA(#12875);
#12875 = FILL_AREA_STYLE('',(#12876));
#12876 = FILL_AREA_STYLE_COLOUR('',#12792);
#12877 = STYLED_ITEM('color',(#12878),#1359);
#12878 = PRESENTATION_STYLE_ASSIGNMENT((#12879));
#12879 = SURFACE_STYLE_USAGE(.BOTH.,#12880);
#12880 = SURFACE_SIDE_STYLE('',(#12881));
#12881 = SURFACE_STYLE_FILL_AREA(#12882);
#12882 = FILL_AREA_STYLE('',(#12883));
#12883 = FILL_AREA_STYLE_COLOUR('',#12792);
#12884 = STYLED_ITEM('color',(#12885),#1368);
#12885 = PRESENTATION_STYLE_ASSIGNMENT((#12886));
#12886 = SURFACE_STYLE_USAGE(.BOTH.,#12887);
#12887 = SURFACE_SIDE_STYLE('',(#12888));
#12888 = SURFACE_STYLE_FILL_AREA(#12889);
#12889 = FILL_AREA_STYLE('',(#12890));
#12890 = FILL_AREA_STYLE_COLOUR('',#12792);
#12891 = STYLED_ITEM('color',(#12892),#1398);
#12892 = PRESENTATION_STYLE_ASSIGNMENT((#12893));
#12893 = SURFACE_STYLE_USAGE(.BOTH.,#12894);
#12894 = SURFACE_SIDE_STYLE('',(#12895));
#12895 = SURFACE_STYLE_FILL_AREA(#12896);
#12896 = FILL_AREA_STYLE('',(#12897));
#12897 = FILL_AREA_STYLE_COLOUR('',#12792);
#12898 = STYLED_ITEM('color',(#12899),#1415);
#12899 = PRESENTATION_STYLE_ASSIGNMENT((#12900));
#12900 = SURFACE_STYLE_USAGE(.BOTH.,#12901);
#12901 = SURFACE_SIDE_STYLE('',(#12902));
#12902 = SURFACE_STYLE_FILL_AREA(#12903);
#12903 = FILL_AREA_STYLE('',(#12904));
#12904 = FILL_AREA_STYLE_COLOUR('',#12792);
#12905 = STYLED_ITEM('color',(#12906),#1427);
#12906 = PRESENTATION_STYLE_ASSIGNMENT((#12907));
#12907 = SURFACE_STYLE_USAGE(.BOTH.,#12908);
#12908 = SURFACE_SIDE_STYLE('',(#12909));
#12909 = SURFACE_STYLE_FILL_AREA(#12910);
#12910 = FILL_AREA_STYLE('',(#12911));
#12911 = FILL_AREA_STYLE_COLOUR('',#12792);
#12912 = STYLED_ITEM('color',(#12913),#1452);
#12913 = PRESENTATION_STYLE_ASSIGNMENT((#12914));
#12914 = SURFACE_STYLE_USAGE(.BOTH.,#12915);
#12915 = SURFACE_SIDE_STYLE('',(#12916));
#12916 = SURFACE_STYLE_FILL_AREA(#12917);
#12917 = FILL_AREA_STYLE('',(#12918));
#12918 = FILL_AREA_STYLE_COLOUR('',#12792);
#12919 = STYLED_ITEM('color',(#12920),#1482);
#12920 = PRESENTATION_STYLE_ASSIGNMENT((#12921));
#12921 = SURFACE_STYLE_USAGE(.BOTH.,#12922);
#12922 = SURFACE_SIDE_STYLE('',(#12923));
#12923 = SURFACE_STYLE_FILL_AREA(#12924);
#12924 = FILL_AREA_STYLE('',(#12925));
#12925 = FILL_AREA_STYLE_COLOUR('',#12792);
#12926 = MECHANICAL_DESIGN_GEOMETRIC_PRESENTATION_REPRESENTATION('',(
    #12927),#12773);
#12927 = STYLED_ITEM('color',(#12928),#11258);
#12928 = PRESENTATION_STYLE_ASSIGNMENT((#12929));
#12929 = SURFACE_STYLE_USAGE(.BOTH.,#12930);
#12930 = SURFACE_SIDE_STYLE('',(#12931));
#12931 = SURFACE_STYLE_FILL_AREA(#12932);
#12932 = FILL_AREA_STYLE('',(#12933));
#12933 = FILL_AREA_STYLE_COLOUR('',#12934);
#12934 = COLOUR_RGB('',0.313304153717,0.484529207832,0.410020903123);
#12935 = MECHANICAL_DESIGN_GEOMETRIC_PRESENTATION_REPRESENTATION('',(
    #12936,#12944,#12951,#12958,#12965,#12972,#12979,#12986,#12993,
    #13000,#13007,#13014,#13021,#13028,#13035,#13042,#13049,#13056,
    #13063,#13070,#13077,#13084,#13091,#13098,#13105,#13112,#13119,
    #13126,#13133,#13140,#13147,#13154,#13161,#13168,#13175,#13182,
    #13190,#13197,#13204,#13211,#13218,#13225,#13232,#13239,#13246,
    #13253,#13260,#13267,#13274,#13281),#5819);
#12936 = STYLED_ITEM('color',(#12937),#4298);
#12937 = PRESENTATION_STYLE_ASSIGNMENT((#12938));
#12938 = SURFACE_STYLE_USAGE(.BOTH.,#12939);
#12939 = SURFACE_SIDE_STYLE('',(#12940));
#12940 = SURFACE_STYLE_FILL_AREA(#12941);
#12941 = FILL_AREA_STYLE('',(#12942));
#12942 = FILL_AREA_STYLE_COLOUR('',#12943);
#12943 = COLOUR_RGB('',0.894999966383,0.890999961016,0.813000030345);
#12944 = STYLED_ITEM('color',(#12945),#4338);
#12945 = PRESENTATION_STYLE_ASSIGNMENT((#12946));
#12946 = SURFACE_STYLE_USAGE(.BOTH.,#12947);
#12947 = SURFACE_SIDE_STYLE('',(#12948));
#12948 = SURFACE_STYLE_FILL_AREA(#12949);
#12949 = FILL_AREA_STYLE('',(#12950));
#12950 = FILL_AREA_STYLE_COLOUR('',#12943);
#12951 = STYLED_ITEM('color',(#12952),#4385);
#12952 = PRESENTATION_STYLE_ASSIGNMENT((#12953));
#12953 = SURFACE_STYLE_USAGE(.BOTH.,#12954);
#12954 = SURFACE_SIDE_STYLE('',(#12955));
#12955 = SURFACE_STYLE_FILL_AREA(#12956);
#12956 = FILL_AREA_STYLE('',(#12957));
#12957 = FILL_AREA_STYLE_COLOUR('',#12943);
#12958 = STYLED_ITEM('color',(#12959),#4464);
#12959 = PRESENTATION_STYLE_ASSIGNMENT((#12960));
#12960 = SURFACE_STYLE_USAGE(.BOTH.,#12961);
#12961 = SURFACE_SIDE_STYLE('',(#12962));
#12962 = SURFACE_STYLE_FILL_AREA(#12963);
#12963 = FILL_AREA_STYLE('',(#12964));
#12964 = FILL_AREA_STYLE_COLOUR('',#12943);
#12965 = STYLED_ITEM('color',(#12966),#4488);
#12966 = PRESENTATION_STYLE_ASSIGNMENT((#12967));
#12967 = SURFACE_STYLE_USAGE(.BOTH.,#12968);
#12968 = SURFACE_SIDE_STYLE('',(#12969));
#12969 = SURFACE_STYLE_FILL_AREA(#12970);
#12970 = FILL_AREA_STYLE('',(#12971));
#12971 = FILL_AREA_STYLE_COLOUR('',#12943);
#12972 = STYLED_ITEM('color',(#12973),#4528);
#12973 = PRESENTATION_STYLE_ASSIGNMENT((#12974));
#12974 = SURFACE_STYLE_USAGE(.BOTH.,#12975);
#12975 = SURFACE_SIDE_STYLE('',(#12976));
#12976 = SURFACE_STYLE_FILL_AREA(#12977);
#12977 = FILL_AREA_STYLE('',(#12978));
#12978 = FILL_AREA_STYLE_COLOUR('',#12943);
#12979 = STYLED_ITEM('color',(#12980),#4559);
#12980 = PRESENTATION_STYLE_ASSIGNMENT((#12981));
#12981 = SURFACE_STYLE_USAGE(.BOTH.,#12982);
#12982 = SURFACE_SIDE_STYLE('',(#12983));
#12983 = SURFACE_STYLE_FILL_AREA(#12984);
#12984 = FILL_AREA_STYLE('',(#12985));
#12985 = FILL_AREA_STYLE_COLOUR('',#12943);
#12986 = STYLED_ITEM('color',(#12987),#4576);
#12987 = PRESENTATION_STYLE_ASSIGNMENT((#12988));
#12988 = SURFACE_STYLE_USAGE(.BOTH.,#12989);
#12989 = SURFACE_SIDE_STYLE('',(#12990));
#12990 = SURFACE_STYLE_FILL_AREA(#12991);
#12991 = FILL_AREA_STYLE('',(#12992));
#12992 = FILL_AREA_STYLE_COLOUR('',#12792);
#12993 = STYLED_ITEM('color',(#12994),#4609);
#12994 = PRESENTATION_STYLE_ASSIGNMENT((#12995));
#12995 = SURFACE_STYLE_USAGE(.BOTH.,#12996);
#12996 = SURFACE_SIDE_STYLE('',(#12997));
#12997 = SURFACE_STYLE_FILL_AREA(#12998);
#12998 = FILL_AREA_STYLE('',(#12999));
#12999 = FILL_AREA_STYLE_COLOUR('',#12943);
#13000 = STYLED_ITEM('color',(#13001),#4633);
#13001 = PRESENTATION_STYLE_ASSIGNMENT((#13002));
#13002 = SURFACE_STYLE_USAGE(.BOTH.,#13003);
#13003 = SURFACE_SIDE_STYLE('',(#13004));
#13004 = SURFACE_STYLE_FILL_AREA(#13005);
#13005 = FILL_AREA_STYLE('',(#13006));
#13006 = FILL_AREA_STYLE_COLOUR('',#12792);
#13007 = STYLED_ITEM('color',(#13008),#4700);
#13008 = PRESENTATION_STYLE_ASSIGNMENT((#13009));
#13009 = SURFACE_STYLE_USAGE(.BOTH.,#13010);
#13010 = SURFACE_SIDE_STYLE('',(#13011));
#13011 = SURFACE_STYLE_FILL_AREA(#13012);
#13012 = FILL_AREA_STYLE('',(#13013));
#13013 = FILL_AREA_STYLE_COLOUR('',#12943);
#13014 = STYLED_ITEM('color',(#13015),#4821);
#13015 = PRESENTATION_STYLE_ASSIGNMENT((#13016));
#13016 = SURFACE_STYLE_USAGE(.BOTH.,#13017);
#13017 = SURFACE_SIDE_STYLE('',(#13018));
#13018 = SURFACE_STYLE_FILL_AREA(#13019);
#13019 = FILL_AREA_STYLE('',(#13020));
#13020 = FILL_AREA_STYLE_COLOUR('',#12792);
#13021 = STYLED_ITEM('color',(#13022),#4888);
#13022 = PRESENTATION_STYLE_ASSIGNMENT((#13023));
#13023 = SURFACE_STYLE_USAGE(.BOTH.,#13024);
#13024 = SURFACE_SIDE_STYLE('',(#13025));
#13025 = SURFACE_STYLE_FILL_AREA(#13026);
#13026 = FILL_AREA_STYLE('',(#13027));
#13027 = FILL_AREA_STYLE_COLOUR('',#12943);
#13028 = STYLED_ITEM('color',(#13029),#4912);
#13029 = PRESENTATION_STYLE_ASSIGNMENT((#13030));
#13030 = SURFACE_STYLE_USAGE(.BOTH.,#13031);
#13031 = SURFACE_SIDE_STYLE('',(#13032));
#13032 = SURFACE_STYLE_FILL_AREA(#13033);
#13033 = FILL_AREA_STYLE('',(#13034));
#13034 = FILL_AREA_STYLE_COLOUR('',#12943);
#13035 = STYLED_ITEM('color',(#13036),#4943);
#13036 = PRESENTATION_STYLE_ASSIGNMENT((#13037));
#13037 = SURFACE_STYLE_USAGE(.BOTH.,#13038);
#13038 = SURFACE_SIDE_STYLE('',(#13039));
#13039 = SURFACE_STYLE_FILL_AREA(#13040);
#13040 = FILL_AREA_STYLE('',(#13041));
#13041 = FILL_AREA_STYLE_COLOUR('',#12792);
#13042 = STYLED_ITEM('color',(#13043),#4976);
#13043 = PRESENTATION_STYLE_ASSIGNMENT((#13044));
#13044 = SURFACE_STYLE_USAGE(.BOTH.,#13045);
#13045 = SURFACE_SIDE_STYLE('',(#13046));
#13046 = SURFACE_STYLE_FILL_AREA(#13047);
#13047 = FILL_AREA_STYLE('',(#13048));
#13048 = FILL_AREA_STYLE_COLOUR('',#12943);
#13049 = STYLED_ITEM('color',(#13050),#5032);
#13050 = PRESENTATION_STYLE_ASSIGNMENT((#13051));
#13051 = SURFACE_STYLE_USAGE(.BOTH.,#13052);
#13052 = SURFACE_SIDE_STYLE('',(#13053));
#13053 = SURFACE_STYLE_FILL_AREA(#13054);
#13054 = FILL_AREA_STYLE('',(#13055));
#13055 = FILL_AREA_STYLE_COLOUR('',#12792);
#13056 = STYLED_ITEM('color',(#13057),#5056);
#13057 = PRESENTATION_STYLE_ASSIGNMENT((#13058));
#13058 = SURFACE_STYLE_USAGE(.BOTH.,#13059);
#13059 = SURFACE_SIDE_STYLE('',(#13060));
#13060 = SURFACE_STYLE_FILL_AREA(#13061);
#13061 = FILL_AREA_STYLE('',(#13062));
#13062 = FILL_AREA_STYLE_COLOUR('',#12792);
#13063 = STYLED_ITEM('color',(#13064),#5080);
#13064 = PRESENTATION_STYLE_ASSIGNMENT((#13065));
#13065 = SURFACE_STYLE_USAGE(.BOTH.,#13066);
#13066 = SURFACE_SIDE_STYLE('',(#13067));
#13067 = SURFACE_STYLE_FILL_AREA(#13068);
#13068 = FILL_AREA_STYLE('',(#13069));
#13069 = FILL_AREA_STYLE_COLOUR('',#12792);
#13070 = STYLED_ITEM('color',(#13071),#5104);
#13071 = PRESENTATION_STYLE_ASSIGNMENT((#13072));
#13072 = SURFACE_STYLE_USAGE(.BOTH.,#13073);
#13073 = SURFACE_SIDE_STYLE('',(#13074));
#13074 = SURFACE_STYLE_FILL_AREA(#13075);
#13075 = FILL_AREA_STYLE('',(#13076));
#13076 = FILL_AREA_STYLE_COLOUR('',#12792);
#13077 = STYLED_ITEM('color',(#13078),#5137);
#13078 = PRESENTATION_STYLE_ASSIGNMENT((#13079));
#13079 = SURFACE_STYLE_USAGE(.BOTH.,#13080);
#13080 = SURFACE_SIDE_STYLE('',(#13081));
#13081 = SURFACE_STYLE_FILL_AREA(#13082);
#13082 = FILL_AREA_STYLE('',(#13083));
#13083 = FILL_AREA_STYLE_COLOUR('',#12792);
#13084 = STYLED_ITEM('color',(#13085),#5149);
#13085 = PRESENTATION_STYLE_ASSIGNMENT((#13086));
#13086 = SURFACE_STYLE_USAGE(.BOTH.,#13087);
#13087 = SURFACE_SIDE_STYLE('',(#13088));
#13088 = SURFACE_STYLE_FILL_AREA(#13089);
#13089 = FILL_AREA_STYLE('',(#13090));
#13090 = FILL_AREA_STYLE_COLOUR('',#12792);
#13091 = STYLED_ITEM('color',(#13092),#5212);
#13092 = PRESENTATION_STYLE_ASSIGNMENT((#13093));
#13093 = SURFACE_STYLE_USAGE(.BOTH.,#13094);
#13094 = SURFACE_SIDE_STYLE('',(#13095));
#13095 = SURFACE_STYLE_FILL_AREA(#13096);
#13096 = FILL_AREA_STYLE('',(#13097));
#13097 = FILL_AREA_STYLE_COLOUR('',#12792);
#13098 = STYLED_ITEM('color',(#13099),#5237);
#13099 = PRESENTATION_STYLE_ASSIGNMENT((#13100));
#13100 = SURFACE_STYLE_USAGE(.BOTH.,#13101);
#13101 = SURFACE_SIDE_STYLE('',(#13102));
#13102 = SURFACE_STYLE_FILL_AREA(#13103);
#13103 = FILL_AREA_STYLE('',(#13104));
#13104 = FILL_AREA_STYLE_COLOUR('',#12792);
#13105 = STYLED_ITEM('color',(#13106),#5254);
#13106 = PRESENTATION_STYLE_ASSIGNMENT((#13107));
#13107 = SURFACE_STYLE_USAGE(.BOTH.,#13108);
#13108 = SURFACE_SIDE_STYLE('',(#13109));
#13109 = SURFACE_STYLE_FILL_AREA(#13110);
#13110 = FILL_AREA_STYLE('',(#13111));
#13111 = FILL_AREA_STYLE_COLOUR('',#12792);
#13112 = STYLED_ITEM('color',(#13113),#5278);
#13113 = PRESENTATION_STYLE_ASSIGNMENT((#13114));
#13114 = SURFACE_STYLE_USAGE(.BOTH.,#13115);
#13115 = SURFACE_SIDE_STYLE('',(#13116));
#13116 = SURFACE_STYLE_FILL_AREA(#13117);
#13117 = FILL_AREA_STYLE('',(#13118));
#13118 = FILL_AREA_STYLE_COLOUR('',#12792);
#13119 = STYLED_ITEM('color',(#13120),#5296);
#13120 = PRESENTATION_STYLE_ASSIGNMENT((#13121));
#13121 = SURFACE_STYLE_USAGE(.BOTH.,#13122);
#13122 = SURFACE_SIDE_STYLE('',(#13123));
#13123 = SURFACE_STYLE_FILL_AREA(#13124);
#13124 = FILL_AREA_STYLE('',(#13125));
#13125 = FILL_AREA_STYLE_COLOUR('',#12792);
#13126 = STYLED_ITEM('color',(#13127),#5314);
#13127 = PRESENTATION_STYLE_ASSIGNMENT((#13128));
#13128 = SURFACE_STYLE_USAGE(.BOTH.,#13129);
#13129 = SURFACE_SIDE_STYLE('',(#13130));
#13130 = SURFACE_STYLE_FILL_AREA(#13131);
#13131 = FILL_AREA_STYLE('',(#13132));
#13132 = FILL_AREA_STYLE_COLOUR('',#12792);
#13133 = STYLED_ITEM('color',(#13134),#5332);
#13134 = PRESENTATION_STYLE_ASSIGNMENT((#13135));
#13135 = SURFACE_STYLE_USAGE(.BOTH.,#13136);
#13136 = SURFACE_SIDE_STYLE('',(#13137));
#13137 = SURFACE_STYLE_FILL_AREA(#13138);
#13138 = FILL_AREA_STYLE('',(#13139));
#13139 = FILL_AREA_STYLE_COLOUR('',#12792);
#13140 = STYLED_ITEM('color',(#13141),#5349);
#13141 = PRESENTATION_STYLE_ASSIGNMENT((#13142));
#13142 = SURFACE_STYLE_USAGE(.BOTH.,#13143);
#13143 = SURFACE_SIDE_STYLE('',(#13144));
#13144 = SURFACE_STYLE_FILL_AREA(#13145);
#13145 = FILL_AREA_STYLE('',(#13146));
#13146 = FILL_AREA_STYLE_COLOUR('',#12792);
#13147 = STYLED_ITEM('color',(#13148),#5366);
#13148 = PRESENTATION_STYLE_ASSIGNMENT((#13149));
#13149 = SURFACE_STYLE_USAGE(.BOTH.,#13150);
#13150 = SURFACE_SIDE_STYLE('',(#13151));
#13151 = SURFACE_STYLE_FILL_AREA(#13152);
#13152 = FILL_AREA_STYLE('',(#13153));
#13153 = FILL_AREA_STYLE_COLOUR('',#12792);
#13154 = STYLED_ITEM('color',(#13155),#5397);
#13155 = PRESENTATION_STYLE_ASSIGNMENT((#13156));
#13156 = SURFACE_STYLE_USAGE(.BOTH.,#13157);
#13157 = SURFACE_SIDE_STYLE('',(#13158));
#13158 = SURFACE_STYLE_FILL_AREA(#13159);
#13159 = FILL_AREA_STYLE('',(#13160));
#13160 = FILL_AREA_STYLE_COLOUR('',#12792);
#13161 = STYLED_ITEM('color',(#13162),#5422);
#13162 = PRESENTATION_STYLE_ASSIGNMENT((#13163));
#13163 = SURFACE_STYLE_USAGE(.BOTH.,#13164);
#13164 = SURFACE_SIDE_STYLE('',(#13165));
#13165 = SURFACE_STYLE_FILL_AREA(#13166);
#13166 = FILL_AREA_STYLE('',(#13167));
#13167 = FILL_AREA_STYLE_COLOUR('',#12792);
#13168 = STYLED_ITEM('color',(#13169),#5447);
#13169 = PRESENTATION_STYLE_ASSIGNMENT((#13170));
#13170 = SURFACE_STYLE_USAGE(.BOTH.,#13171);
#13171 = SURFACE_SIDE_STYLE('',(#13172));
#13172 = SURFACE_STYLE_FILL_AREA(#13173);
#13173 = FILL_AREA_STYLE('',(#13174));
#13174 = FILL_AREA_STYLE_COLOUR('',#12792);
#13175 = STYLED_ITEM('color',(#13176),#5471);
#13176 = PRESENTATION_STYLE_ASSIGNMENT((#13177));
#13177 = SURFACE_STYLE_USAGE(.BOTH.,#13178);
#13178 = SURFACE_SIDE_STYLE('',(#13179));
#13179 = SURFACE_STYLE_FILL_AREA(#13180);
#13180 = FILL_AREA_STYLE('',(#13181));
#13181 = FILL_AREA_STYLE_COLOUR('',#12792);
#13182 = STYLED_ITEM('color',(#13183),#5488);
#13183 = PRESENTATION_STYLE_ASSIGNMENT((#13184));
#13184 = SURFACE_STYLE_USAGE(.BOTH.,#13185);
#13185 = SURFACE_SIDE_STYLE('',(#13186));
#13186 = SURFACE_STYLE_FILL_AREA(#13187);
#13187 = FILL_AREA_STYLE('',(#13188));
#13188 = FILL_AREA_STYLE_COLOUR('',#13189);
#13189 = COLOUR_RGB('',0.340000006699,0.68000001254,0.444999988852);
#13190 = STYLED_ITEM('color',(#13191),#5519);
#13191 = PRESENTATION_STYLE_ASSIGNMENT((#13192));
#13192 = SURFACE_STYLE_USAGE(.BOTH.,#13193);
#13193 = SURFACE_SIDE_STYLE('',(#13194));
#13194 = SURFACE_STYLE_FILL_AREA(#13195);
#13195 = FILL_AREA_STYLE('',(#13196));
#13196 = FILL_AREA_STYLE_COLOUR('',#13189);
#13197 = STYLED_ITEM('color',(#13198),#5543);
#13198 = PRESENTATION_STYLE_ASSIGNMENT((#13199));
#13199 = SURFACE_STYLE_USAGE(.BOTH.,#13200);
#13200 = SURFACE_SIDE_STYLE('',(#13201));
#13201 = SURFACE_STYLE_FILL_AREA(#13202);
#13202 = FILL_AREA_STYLE('',(#13203));
#13203 = FILL_AREA_STYLE_COLOUR('',#13189);
#13204 = STYLED_ITEM('color',(#13205),#5560);
#13205 = PRESENTATION_STYLE_ASSIGNMENT((#13206));
#13206 = SURFACE_STYLE_USAGE(.BOTH.,#13207);
#13207 = SURFACE_SIDE_STYLE('',(#13208));
#13208 = SURFACE_STYLE_FILL_AREA(#13209);
#13209 = FILL_AREA_STYLE('',(#13210));
#13210 = FILL_AREA_STYLE_COLOUR('',#12792);
#13211 = STYLED_ITEM('color',(#13212),#5588);
#13212 = PRESENTATION_STYLE_ASSIGNMENT((#13213));
#13213 = SURFACE_STYLE_USAGE(.BOTH.,#13214);
#13214 = SURFACE_SIDE_STYLE('',(#13215));
#13215 = SURFACE_STYLE_FILL_AREA(#13216);
#13216 = FILL_AREA_STYLE('',(#13217));
#13217 = FILL_AREA_STYLE_COLOUR('',#12792);
#13218 = STYLED_ITEM('color',(#13219),#5613);
#13219 = PRESENTATION_STYLE_ASSIGNMENT((#13220));
#13220 = SURFACE_STYLE_USAGE(.BOTH.,#13221);
#13221 = SURFACE_SIDE_STYLE('',(#13222));
#13222 = SURFACE_STYLE_FILL_AREA(#13223);
#13223 = FILL_AREA_STYLE('',(#13224));
#13224 = FILL_AREA_STYLE_COLOUR('',#12792);
#13225 = STYLED_ITEM('color',(#13226),#5637);
#13226 = PRESENTATION_STYLE_ASSIGNMENT((#13227));
#13227 = SURFACE_STYLE_USAGE(.BOTH.,#13228);
#13228 = SURFACE_SIDE_STYLE('',(#13229));
#13229 = SURFACE_STYLE_FILL_AREA(#13230);
#13230 = FILL_AREA_STYLE('',(#13231));
#13231 = FILL_AREA_STYLE_COLOUR('',#12792);
#13232 = STYLED_ITEM('color',(#13233),#5662);
#13233 = PRESENTATION_STYLE_ASSIGNMENT((#13234));
#13234 = SURFACE_STYLE_USAGE(.BOTH.,#13235);
#13235 = SURFACE_SIDE_STYLE('',(#13236));
#13236 = SURFACE_STYLE_FILL_AREA(#13237);
#13237 = FILL_AREA_STYLE('',(#13238));
#13238 = FILL_AREA_STYLE_COLOUR('',#12792);
#13239 = STYLED_ITEM('color',(#13240),#5709);
#13240 = PRESENTATION_STYLE_ASSIGNMENT((#13241));
#13241 = SURFACE_STYLE_USAGE(.BOTH.,#13242);
#13242 = SURFACE_SIDE_STYLE('',(#13243));
#13243 = SURFACE_STYLE_FILL_AREA(#13244);
#13244 = FILL_AREA_STYLE('',(#13245));
#13245 = FILL_AREA_STYLE_COLOUR('',#12792);
#13246 = STYLED_ITEM('color',(#13247),#5726);
#13247 = PRESENTATION_STYLE_ASSIGNMENT((#13248));
#13248 = SURFACE_STYLE_USAGE(.BOTH.,#13249);
#13249 = SURFACE_SIDE_STYLE('',(#13250));
#13250 = SURFACE_STYLE_FILL_AREA(#13251);
#13251 = FILL_AREA_STYLE('',(#13252));
#13252 = FILL_AREA_STYLE_COLOUR('',#12792);
#13253 = STYLED_ITEM('color',(#13254),#5738);
#13254 = PRESENTATION_STYLE_ASSIGNMENT((#13255));
#13255 = SURFACE_STYLE_USAGE(.BOTH.,#13256);
#13256 = SURFACE_SIDE_STYLE('',(#13257));
#13257 = SURFACE_STYLE_FILL_AREA(#13258);
#13258 = FILL_AREA_STYLE('',(#13259));
#13259 = FILL_AREA_STYLE_COLOUR('',#12792);
#13260 = STYLED_ITEM('color',(#13261),#5760);
#13261 = PRESENTATION_STYLE_ASSIGNMENT((#13262));
#13262 = SURFACE_STYLE_USAGE(.BOTH.,#13263);
#13263 = SURFACE_SIDE_STYLE('',(#13264));
#13264 = SURFACE_STYLE_FILL_AREA(#13265);
#13265 = FILL_AREA_STYLE('',(#13266));
#13266 = FILL_AREA_STYLE_COLOUR('',#12792);
#13267 = STYLED_ITEM('color',(#13268),#5772);
#13268 = PRESENTATION_STYLE_ASSIGNMENT((#13269));
#13269 = SURFACE_STYLE_USAGE(.BOTH.,#13270);
#13270 = SURFACE_SIDE_STYLE('',(#13271));
#13271 = SURFACE_STYLE_FILL_AREA(#13272);
#13272 = FILL_AREA_STYLE('',(#13273));
#13273 = FILL_AREA_STYLE_COLOUR('',#12792);
#13274 = STYLED_ITEM('color',(#13275),#5790);
#13275 = PRESENTATION_STYLE_ASSIGNMENT((#13276));
#13276 = SURFACE_STYLE_USAGE(.BOTH.,#13277);
#13277 = SURFACE_SIDE_STYLE('',(#13278));
#13278 = SURFACE_STYLE_FILL_AREA(#13279);
#13279 = FILL_AREA_STYLE('',(#13280));
#13280 = FILL_AREA_STYLE_COLOUR('',#12792);
#13281 = STYLED_ITEM('color',(#13282),#5808);
#13282 = PRESENTATION_STYLE_ASSIGNMENT((#13283));
#13283 = SURFACE_STYLE_USAGE(.BOTH.,#13284);
#13284 = SURFACE_SIDE_STYLE('',(#13285));
#13285 = SURFACE_STYLE_FILL_AREA(#13286);
#13286 = FILL_AREA_STYLE('',(#13287));
#13287 = FILL_AREA_STYLE_COLOUR('',#13189);
#13288 = MECHANICAL_DESIGN_GEOMETRIC_PRESENTATION_REPRESENTATION('',(
    #13289,#13297,#13304,#13311,#13318,#13325,#13332,#13339,#13346,
    #13353,#13360,#13367,#13374,#13381,#13389,#13396,#13403,#13410,
    #13417,#13424,#13431,#13438,#13445,#13452,#13459,#13466),#4272);
#13289 = STYLED_ITEM('color',(#13290),#3484);
#13290 = PRESENTATION_STYLE_ASSIGNMENT((#13291));
#13291 = SURFACE_STYLE_USAGE(.BOTH.,#13292);
#13292 = SURFACE_SIDE_STYLE('',(#13293));
#13293 = SURFACE_STYLE_FILL_AREA(#13294);
#13294 = FILL_AREA_STYLE('',(#13295));
#13295 = FILL_AREA_STYLE_COLOUR('',#13296);
#13296 = COLOUR_RGB('',0.823999987314,0.819999987296,0.781000009244);
#13297 = STYLED_ITEM('color',(#13298),#3524);
#13298 = PRESENTATION_STYLE_ASSIGNMENT((#13299));
#13299 = SURFACE_STYLE_USAGE(.BOTH.,#13300);
#13300 = SURFACE_SIDE_STYLE('',(#13301));
#13301 = SURFACE_STYLE_FILL_AREA(#13302);
#13302 = FILL_AREA_STYLE('',(#13303));
#13303 = FILL_AREA_STYLE_COLOUR('',#13296);
#13304 = STYLED_ITEM('color',(#13305),#3607);
#13305 = PRESENTATION_STYLE_ASSIGNMENT((#13306));
#13306 = SURFACE_STYLE_USAGE(.BOTH.,#13307);
#13307 = SURFACE_SIDE_STYLE('',(#13308));
#13308 = SURFACE_STYLE_FILL_AREA(#13309);
#13309 = FILL_AREA_STYLE('',(#13310));
#13310 = FILL_AREA_STYLE_COLOUR('',#13296);
#13311 = STYLED_ITEM('color',(#13312),#3632);
#13312 = PRESENTATION_STYLE_ASSIGNMENT((#13313));
#13313 = SURFACE_STYLE_USAGE(.BOTH.,#13314);
#13314 = SURFACE_SIDE_STYLE('',(#13315));
#13315 = SURFACE_STYLE_FILL_AREA(#13316);
#13316 = FILL_AREA_STYLE('',(#13317));
#13317 = FILL_AREA_STYLE_COLOUR('',#13296);
#13318 = STYLED_ITEM('color',(#13319),#3657);
#13319 = PRESENTATION_STYLE_ASSIGNMENT((#13320));
#13320 = SURFACE_STYLE_USAGE(.BOTH.,#13321);
#13321 = SURFACE_SIDE_STYLE('',(#13322));
#13322 = SURFACE_STYLE_FILL_AREA(#13323);
#13323 = FILL_AREA_STYLE('',(#13324));
#13324 = FILL_AREA_STYLE_COLOUR('',#13296);
#13325 = STYLED_ITEM('color',(#13326),#3724);
#13326 = PRESENTATION_STYLE_ASSIGNMENT((#13327));
#13327 = SURFACE_STYLE_USAGE(.BOTH.,#13328);
#13328 = SURFACE_SIDE_STYLE('',(#13329));
#13329 = SURFACE_STYLE_FILL_AREA(#13330);
#13330 = FILL_AREA_STYLE('',(#13331));
#13331 = FILL_AREA_STYLE_COLOUR('',#13296);
#13332 = STYLED_ITEM('color',(#13333),#3741);
#13333 = PRESENTATION_STYLE_ASSIGNMENT((#13334));
#13334 = SURFACE_STYLE_USAGE(.BOTH.,#13335);
#13335 = SURFACE_SIDE_STYLE('',(#13336));
#13336 = SURFACE_STYLE_FILL_AREA(#13337);
#13337 = FILL_AREA_STYLE('',(#13338));
#13338 = FILL_AREA_STYLE_COLOUR('',#13296);
#13339 = STYLED_ITEM('color',(#13340),#3758);
#13340 = PRESENTATION_STYLE_ASSIGNMENT((#13341));
#13341 = SURFACE_STYLE_USAGE(.BOTH.,#13342);
#13342 = SURFACE_SIDE_STYLE('',(#13343));
#13343 = SURFACE_STYLE_FILL_AREA(#13344);
#13344 = FILL_AREA_STYLE('',(#13345));
#13345 = FILL_AREA_STYLE_COLOUR('',#12943);
#13346 = STYLED_ITEM('color',(#13347),#3807);
#13347 = PRESENTATION_STYLE_ASSIGNMENT((#13348));
#13348 = SURFACE_STYLE_USAGE(.BOTH.,#13349);
#13349 = SURFACE_SIDE_STYLE('',(#13350));
#13350 = SURFACE_STYLE_FILL_AREA(#13351);
#13351 = FILL_AREA_STYLE('',(#13352));
#13352 = FILL_AREA_STYLE_COLOUR('',#13296);
#13353 = STYLED_ITEM('color',(#13354),#3824);
#13354 = PRESENTATION_STYLE_ASSIGNMENT((#13355));
#13355 = SURFACE_STYLE_USAGE(.BOTH.,#13356);
#13356 = SURFACE_SIDE_STYLE('',(#13357));
#13357 = SURFACE_STYLE_FILL_AREA(#13358);
#13358 = FILL_AREA_STYLE('',(#13359));
#13359 = FILL_AREA_STYLE_COLOUR('',#13296);
#13360 = STYLED_ITEM('color',(#13361),#3841);
#13361 = PRESENTATION_STYLE_ASSIGNMENT((#13362));
#13362 = SURFACE_STYLE_USAGE(.BOTH.,#13363);
#13363 = SURFACE_SIDE_STYLE('',(#13364));
#13364 = SURFACE_STYLE_FILL_AREA(#13365);
#13365 = FILL_AREA_STYLE('',(#13366));
#13366 = FILL_AREA_STYLE_COLOUR('',#12943);
#13367 = STYLED_ITEM('color',(#13368),#3890);
#13368 = PRESENTATION_STYLE_ASSIGNMENT((#13369));
#13369 = SURFACE_STYLE_USAGE(.BOTH.,#13370);
#13370 = SURFACE_SIDE_STYLE('',(#13371));
#13371 = SURFACE_STYLE_FILL_AREA(#13372);
#13372 = FILL_AREA_STYLE('',(#13373));
#13373 = FILL_AREA_STYLE_COLOUR('',#12943);
#13374 = STYLED_ITEM('color',(#13375),#3907);
#13375 = PRESENTATION_STYLE_ASSIGNMENT((#13376));
#13376 = SURFACE_STYLE_USAGE(.BOTH.,#13377);
#13377 = SURFACE_SIDE_STYLE('',(#13378));
#13378 = SURFACE_STYLE_FILL_AREA(#13379);
#13379 = FILL_AREA_STYLE('',(#13380));
#13380 = FILL_AREA_STYLE_COLOUR('',#13296);
#13381 = STYLED_ITEM('color',(#13382),#3976);
#13382 = PRESENTATION_STYLE_ASSIGNMENT((#13383));
#13383 = SURFACE_STYLE_USAGE(.BOTH.,#13384);
#13384 = SURFACE_SIDE_STYLE('',(#13385));
#13385 = SURFACE_STYLE_FILL_AREA(#13386);
#13386 = FILL_AREA_STYLE('',(#13387));
#13387 = FILL_AREA_STYLE_COLOUR('',#13388);
#13388 = COLOUR_RGB('',8.200000279077E-02,8.600000121357E-02,
  9.399999706163E-02);
#13389 = STYLED_ITEM('color',(#13390),#4007);
#13390 = PRESENTATION_STYLE_ASSIGNMENT((#13391));
#13391 = SURFACE_STYLE_USAGE(.BOTH.,#13392);
#13392 = SURFACE_SIDE_STYLE('',(#13393));
#13393 = SURFACE_STYLE_FILL_AREA(#13394);
#13394 = FILL_AREA_STYLE('',(#13395));
#13395 = FILL_AREA_STYLE_COLOUR('',#13388);
#13396 = STYLED_ITEM('color',(#13397),#4031);
#13397 = PRESENTATION_STYLE_ASSIGNMENT((#13398));
#13398 = SURFACE_STYLE_USAGE(.BOTH.,#13399);
#13399 = SURFACE_SIDE_STYLE('',(#13400));
#13400 = SURFACE_STYLE_FILL_AREA(#13401);
#13401 = FILL_AREA_STYLE('',(#13402));
#13402 = FILL_AREA_STYLE_COLOUR('',#13296);
#13403 = STYLED_ITEM('color',(#13404),#4100);
#13404 = PRESENTATION_STYLE_ASSIGNMENT((#13405));
#13405 = SURFACE_STYLE_USAGE(.BOTH.,#13406);
#13406 = SURFACE_SIDE_STYLE('',(#13407));
#13407 = SURFACE_STYLE_FILL_AREA(#13408);
#13408 = FILL_AREA_STYLE('',(#13409));
#13409 = FILL_AREA_STYLE_COLOUR('',#13388);
#13410 = STYLED_ITEM('color',(#13411),#4124);
#13411 = PRESENTATION_STYLE_ASSIGNMENT((#13412));
#13412 = SURFACE_STYLE_USAGE(.BOTH.,#13413);
#13413 = SURFACE_SIDE_STYLE('',(#13414));
#13414 = SURFACE_STYLE_FILL_AREA(#13415);
#13415 = FILL_AREA_STYLE('',(#13416));
#13416 = FILL_AREA_STYLE_COLOUR('',#13296);
#13417 = STYLED_ITEM('color',(#13418),#4141);
#13418 = PRESENTATION_STYLE_ASSIGNMENT((#13419));
#13419 = SURFACE_STYLE_USAGE(.BOTH.,#13420);
#13420 = SURFACE_SIDE_STYLE('',(#13421));
#13421 = SURFACE_STYLE_FILL_AREA(#13422);
#13422 = FILL_AREA_STYLE('',(#13423));
#13423 = FILL_AREA_STYLE_COLOUR('',#13296);
#13424 = STYLED_ITEM('color',(#13425),#4158);
#13425 = PRESENTATION_STYLE_ASSIGNMENT((#13426));
#13426 = SURFACE_STYLE_USAGE(.BOTH.,#13427);
#13427 = SURFACE_SIDE_STYLE('',(#13428));
#13428 = SURFACE_STYLE_FILL_AREA(#13429);
#13429 = FILL_AREA_STYLE('',(#13430));
#13430 = FILL_AREA_STYLE_COLOUR('',#13296);
#13431 = STYLED_ITEM('color',(#13432),#4175);
#13432 = PRESENTATION_STYLE_ASSIGNMENT((#13433));
#13433 = SURFACE_STYLE_USAGE(.BOTH.,#13434);
#13434 = SURFACE_SIDE_STYLE('',(#13435));
#13435 = SURFACE_STYLE_FILL_AREA(#13436);
#13436 = FILL_AREA_STYLE('',(#13437));
#13437 = FILL_AREA_STYLE_COLOUR('',#13296);
#13438 = STYLED_ITEM('color',(#13439),#4192);
#13439 = PRESENTATION_STYLE_ASSIGNMENT((#13440));
#13440 = SURFACE_STYLE_USAGE(.BOTH.,#13441);
#13441 = SURFACE_SIDE_STYLE('',(#13442));
#13442 = SURFACE_STYLE_FILL_AREA(#13443);
#13443 = FILL_AREA_STYLE('',(#13444));
#13444 = FILL_AREA_STYLE_COLOUR('',#13296);
#13445 = STYLED_ITEM('color',(#13446),#4209);
#13446 = PRESENTATION_STYLE_ASSIGNMENT((#13447));
#13447 = SURFACE_STYLE_USAGE(.BOTH.,#13448);
#13448 = SURFACE_SIDE_STYLE('',(#13449));
#13449 = SURFACE_STYLE_FILL_AREA(#13450);
#13450 = FILL_AREA_STYLE('',(#13451));
#13451 = FILL_AREA_STYLE_COLOUR('',#13296);
#13452 = STYLED_ITEM('color',(#13453),#4226);
#13453 = PRESENTATION_STYLE_ASSIGNMENT((#13454));
#13454 = SURFACE_STYLE_USAGE(.BOTH.,#13455);
#13455 = SURFACE_SIDE_STYLE('',(#13456));
#13456 = SURFACE_STYLE_FILL_AREA(#13457);
#13457 = FILL_AREA_STYLE('',(#13458));
#13458 = FILL_AREA_STYLE_COLOUR('',#13296);
#13459 = STYLED_ITEM('color',(#13460),#4243);
#13460 = PRESENTATION_STYLE_ASSIGNMENT((#13461));
#13461 = SURFACE_STYLE_USAGE(.BOTH.,#13462);
#13462 = SURFACE_SIDE_STYLE('',(#13463));
#13463 = SURFACE_STYLE_FILL_AREA(#13464);
#13464 = FILL_AREA_STYLE('',(#13465));
#13465 = FILL_AREA_STYLE_COLOUR('',#13388);
#13466 = STYLED_ITEM('color',(#13467),#4260);
#13467 = PRESENTATION_STYLE_ASSIGNMENT((#13468));
#13468 = SURFACE_STYLE_USAGE(.BOTH.,#13469);
#13469 = SURFACE_SIDE_STYLE('',(#13470));
#13470 = SURFACE_STYLE_FILL_AREA(#13471);
#13471 = FILL_AREA_STYLE('',(#13472));
#13472 = FILL_AREA_STYLE_COLOUR('',#13388);
#13473 = MECHANICAL_DESIGN_GEOMETRIC_PRESENTATION_REPRESENTATION('',(
    #13474,#13481,#13488,#13495,#13502,#13509,#13516,#13523,#13530,
    #13537,#13544,#13551,#13558,#13565,#13572,#13579,#13586,#13593,
    #13600,#13607,#13614,#13621,#13628,#13635,#13642,#13649),#3109);
#13474 = STYLED_ITEM('color',(#13475),#2321);
#13475 = PRESENTATION_STYLE_ASSIGNMENT((#13476));
#13476 = SURFACE_STYLE_USAGE(.BOTH.,#13477);
#13477 = SURFACE_SIDE_STYLE('',(#13478));
#13478 = SURFACE_STYLE_FILL_AREA(#13479);
#13479 = FILL_AREA_STYLE('',(#13480));
#13480 = FILL_AREA_STYLE_COLOUR('',#13296);
#13481 = STYLED_ITEM('color',(#13482),#2361);
#13482 = PRESENTATION_STYLE_ASSIGNMENT((#13483));
#13483 = SURFACE_STYLE_USAGE(.BOTH.,#13484);
#13484 = SURFACE_SIDE_STYLE('',(#13485));
#13485 = SURFACE_STYLE_FILL_AREA(#13486);
#13486 = FILL_AREA_STYLE('',(#13487));
#13487 = FILL_AREA_STYLE_COLOUR('',#13296);
#13488 = STYLED_ITEM('color',(#13489),#2444);
#13489 = PRESENTATION_STYLE_ASSIGNMENT((#13490));
#13490 = SURFACE_STYLE_USAGE(.BOTH.,#13491);
#13491 = SURFACE_SIDE_STYLE('',(#13492));
#13492 = SURFACE_STYLE_FILL_AREA(#13493);
#13493 = FILL_AREA_STYLE('',(#13494));
#13494 = FILL_AREA_STYLE_COLOUR('',#13296);
#13495 = STYLED_ITEM('color',(#13496),#2469);
#13496 = PRESENTATION_STYLE_ASSIGNMENT((#13497));
#13497 = SURFACE_STYLE_USAGE(.BOTH.,#13498);
#13498 = SURFACE_SIDE_STYLE('',(#13499));
#13499 = SURFACE_STYLE_FILL_AREA(#13500);
#13500 = FILL_AREA_STYLE('',(#13501));
#13501 = FILL_AREA_STYLE_COLOUR('',#13296);
#13502 = STYLED_ITEM('color',(#13503),#2494);
#13503 = PRESENTATION_STYLE_ASSIGNMENT((#13504));
#13504 = SURFACE_STYLE_USAGE(.BOTH.,#13505);
#13505 = SURFACE_SIDE_STYLE('',(#13506));
#13506 = SURFACE_STYLE_FILL_AREA(#13507);
#13507 = FILL_AREA_STYLE('',(#13508));
#13508 = FILL_AREA_STYLE_COLOUR('',#13296);
#13509 = STYLED_ITEM('color',(#13510),#2561);
#13510 = PRESENTATION_STYLE_ASSIGNMENT((#13511));
#13511 = SURFACE_STYLE_USAGE(.BOTH.,#13512);
#13512 = SURFACE_SIDE_STYLE('',(#13513));
#13513 = SURFACE_STYLE_FILL_AREA(#13514);
#13514 = FILL_AREA_STYLE('',(#13515));
#13515 = FILL_AREA_STYLE_COLOUR('',#13296);
#13516 = STYLED_ITEM('color',(#13517),#2578);
#13517 = PRESENTATION_STYLE_ASSIGNMENT((#13518));
#13518 = SURFACE_STYLE_USAGE(.BOTH.,#13519);
#13519 = SURFACE_SIDE_STYLE('',(#13520));
#13520 = SURFACE_STYLE_FILL_AREA(#13521);
#13521 = FILL_AREA_STYLE('',(#13522));
#13522 = FILL_AREA_STYLE_COLOUR('',#13296);
#13523 = STYLED_ITEM('color',(#13524),#2595);
#13524 = PRESENTATION_STYLE_ASSIGNMENT((#13525));
#13525 = SURFACE_STYLE_USAGE(.BOTH.,#13526);
#13526 = SURFACE_SIDE_STYLE('',(#13527));
#13527 = SURFACE_STYLE_FILL_AREA(#13528);
#13528 = FILL_AREA_STYLE('',(#13529));
#13529 = FILL_AREA_STYLE_COLOUR('',#12943);
#13530 = STYLED_ITEM('color',(#13531),#2644);
#13531 = PRESENTATION_STYLE_ASSIGNMENT((#13532));
#13532 = SURFACE_STYLE_USAGE(.BOTH.,#13533);
#13533 = SURFACE_SIDE_STYLE('',(#13534));
#13534 = SURFACE_STYLE_FILL_AREA(#13535);
#13535 = FILL_AREA_STYLE('',(#13536));
#13536 = FILL_AREA_STYLE_COLOUR('',#13296);
#13537 = STYLED_ITEM('color',(#13538),#2661);
#13538 = PRESENTATION_STYLE_ASSIGNMENT((#13539));
#13539 = SURFACE_STYLE_USAGE(.BOTH.,#13540);
#13540 = SURFACE_SIDE_STYLE('',(#13541));
#13541 = SURFACE_STYLE_FILL_AREA(#13542);
#13542 = FILL_AREA_STYLE('',(#13543));
#13543 = FILL_AREA_STYLE_COLOUR('',#13296);
#13544 = STYLED_ITEM('color',(#13545),#2678);
#13545 = PRESENTATION_STYLE_ASSIGNMENT((#13546));
#13546 = SURFACE_STYLE_USAGE(.BOTH.,#13547);
#13547 = SURFACE_SIDE_STYLE('',(#13548));
#13548 = SURFACE_STYLE_FILL_AREA(#13549);
#13549 = FILL_AREA_STYLE('',(#13550));
#13550 = FILL_AREA_STYLE_COLOUR('',#12943);
#13551 = STYLED_ITEM('color',(#13552),#2727);
#13552 = PRESENTATION_STYLE_ASSIGNMENT((#13553));
#13553 = SURFACE_STYLE_USAGE(.BOTH.,#13554);
#13554 = SURFACE_SIDE_STYLE('',(#13555));
#13555 = SURFACE_STYLE_FILL_AREA(#13556);
#13556 = FILL_AREA_STYLE('',(#13557));
#13557 = FILL_AREA_STYLE_COLOUR('',#12943);
#13558 = STYLED_ITEM('color',(#13559),#2744);
#13559 = PRESENTATION_STYLE_ASSIGNMENT((#13560));
#13560 = SURFACE_STYLE_USAGE(.BOTH.,#13561);
#13561 = SURFACE_SIDE_STYLE('',(#13562));
#13562 = SURFACE_STYLE_FILL_AREA(#13563);
#13563 = FILL_AREA_STYLE('',(#13564));
#13564 = FILL_AREA_STYLE_COLOUR('',#13296);
#13565 = STYLED_ITEM('color',(#13566),#2813);
#13566 = PRESENTATION_STYLE_ASSIGNMENT((#13567));
#13567 = SURFACE_STYLE_USAGE(.BOTH.,#13568);
#13568 = SURFACE_SIDE_STYLE('',(#13569));
#13569 = SURFACE_STYLE_FILL_AREA(#13570);
#13570 = FILL_AREA_STYLE('',(#13571));
#13571 = FILL_AREA_STYLE_COLOUR('',#13388);
#13572 = STYLED_ITEM('color',(#13573),#2844);
#13573 = PRESENTATION_STYLE_ASSIGNMENT((#13574));
#13574 = SURFACE_STYLE_USAGE(.BOTH.,#13575);
#13575 = SURFACE_SIDE_STYLE('',(#13576));
#13576 = SURFACE_STYLE_FILL_AREA(#13577);
#13577 = FILL_AREA_STYLE('',(#13578));
#13578 = FILL_AREA_STYLE_COLOUR('',#13388);
#13579 = STYLED_ITEM('color',(#13580),#2868);
#13580 = PRESENTATION_STYLE_ASSIGNMENT((#13581));
#13581 = SURFACE_STYLE_USAGE(.BOTH.,#13582);
#13582 = SURFACE_SIDE_STYLE('',(#13583));
#13583 = SURFACE_STYLE_FILL_AREA(#13584);
#13584 = FILL_AREA_STYLE('',(#13585));
#13585 = FILL_AREA_STYLE_COLOUR('',#13296);
#13586 = STYLED_ITEM('color',(#13587),#2937);
#13587 = PRESENTATION_STYLE_ASSIGNMENT((#13588));
#13588 = SURFACE_STYLE_USAGE(.BOTH.,#13589);
#13589 = SURFACE_SIDE_STYLE('',(#13590));
#13590 = SURFACE_STYLE_FILL_AREA(#13591);
#13591 = FILL_AREA_STYLE('',(#13592));
#13592 = FILL_AREA_STYLE_COLOUR('',#13388);
#13593 = STYLED_ITEM('color',(#13594),#2961);
#13594 = PRESENTATION_STYLE_ASSIGNMENT((#13595));
#13595 = SURFACE_STYLE_USAGE(.BOTH.,#13596);
#13596 = SURFACE_SIDE_STYLE('',(#13597));
#13597 = SURFACE_STYLE_FILL_AREA(#13598);
#13598 = FILL_AREA_STYLE('',(#13599));
#13599 = FILL_AREA_STYLE_COLOUR('',#13296);
#13600 = STYLED_ITEM('color',(#13601),#2978);
#13601 = PRESENTATION_STYLE_ASSIGNMENT((#13602));
#13602 = SURFACE_STYLE_USAGE(.BOTH.,#13603);
#13603 = SURFACE_SIDE_STYLE('',(#13604));
#13604 = SURFACE_STYLE_FILL_AREA(#13605);
#13605 = FILL_AREA_STYLE('',(#13606));
#13606 = FILL_AREA_STYLE_COLOUR('',#13296);
#13607 = STYLED_ITEM('color',(#13608),#2995);
#13608 = PRESENTATION_STYLE_ASSIGNMENT((#13609));
#13609 = SURFACE_STYLE_USAGE(.BOTH.,#13610);
#13610 = SURFACE_SIDE_STYLE('',(#13611));
#13611 = SURFACE_STYLE_FILL_AREA(#13612);
#13612 = FILL_AREA_STYLE('',(#13613));
#13613 = FILL_AREA_STYLE_COLOUR('',#13296);
#13614 = STYLED_ITEM('color',(#13615),#3012);
#13615 = PRESENTATION_STYLE_ASSIGNMENT((#13616));
#13616 = SURFACE_STYLE_USAGE(.BOTH.,#13617);
#13617 = SURFACE_SIDE_STYLE('',(#13618));
#13618 = SURFACE_STYLE_FILL_AREA(#13619);
#13619 = FILL_AREA_STYLE('',(#13620));
#13620 = FILL_AREA_STYLE_COLOUR('',#13296);
#13621 = STYLED_ITEM('color',(#13622),#3029);
#13622 = PRESENTATION_STYLE_ASSIGNMENT((#13623));
#13623 = SURFACE_STYLE_USAGE(.BOTH.,#13624);
#13624 = SURFACE_SIDE_STYLE('',(#13625));
#13625 = SURFACE_STYLE_FILL_AREA(#13626);
#13626 = FILL_AREA_STYLE('',(#13627));
#13627 = FILL_AREA_STYLE_COLOUR('',#13296);
#13628 = STYLED_ITEM('color',(#13629),#3046);
#13629 = PRESENTATION_STYLE_ASSIGNMENT((#13630));
#13630 = SURFACE_STYLE_USAGE(.BOTH.,#13631);
#13631 = SURFACE_SIDE_STYLE('',(#13632));
#13632 = SURFACE_STYLE_FILL_AREA(#13633);
#13633 = FILL_AREA_STYLE('',(#13634));
#13634 = FILL_AREA_STYLE_COLOUR('',#13296);
#13635 = STYLED_ITEM('color',(#13636),#3063);
#13636 = PRESENTATION_STYLE_ASSIGNMENT((#13637));
#13637 = SURFACE_STYLE_USAGE(.BOTH.,#13638);
#13638 = SURFACE_SIDE_STYLE('',(#13639));
#13639 = SURFACE_STYLE_FILL_AREA(#13640);
#13640 = FILL_AREA_STYLE('',(#13641));
#13641 = FILL_AREA_STYLE_COLOUR('',#13296);
#13642 = STYLED_ITEM('color',(#13643),#3080);
#13643 = PRESENTATION_STYLE_ASSIGNMENT((#13644));
#13644 = SURFACE_STYLE_USAGE(.BOTH.,#13645);
#13645 = SURFACE_SIDE_STYLE('',(#13646));
#13646 = SURFACE_STYLE_FILL_AREA(#13647);
#13647 = FILL_AREA_STYLE('',(#13648));
#13648 = FILL_AREA_STYLE_COLOUR('',#13388);
#13649 = STYLED_ITEM('color',(#13650),#3097);
#13650 = PRESENTATION_STYLE_ASSIGNMENT((#13651));
#13651 = SURFACE_STYLE_USAGE(.BOTH.,#13652);
#13652 = SURFACE_SIDE_STYLE('',(#13653));
#13653 = SURFACE_STYLE_FILL_AREA(#13654);
#13654 = FILL_AREA_STYLE('',(#13655));
#13655 = FILL_AREA_STYLE_COLOUR('',#13388);
#13656 = MECHANICAL_DESIGN_GEOMETRIC_PRESENTATION_REPRESENTATION('',(
    #13657,#13664,#13671,#13678,#13685,#13692,#13699,#13706,#13713,
    #13720,#13727,#13734,#13741,#13748,#13755,#13762,#13769,#13776,
    #13783,#13790,#13797,#13804,#13811,#13818,#13825,#13832),#2300);
#13657 = STYLED_ITEM('color',(#13658),#1512);
#13658 = PRESENTATION_STYLE_ASSIGNMENT((#13659));
#13659 = SURFACE_STYLE_USAGE(.BOTH.,#13660);
#13660 = SURFACE_SIDE_STYLE('',(#13661));
#13661 = SURFACE_STYLE_FILL_AREA(#13662);
#13662 = FILL_AREA_STYLE('',(#13663));
#13663 = FILL_AREA_STYLE_COLOUR('',#13296);
#13664 = STYLED_ITEM('color',(#13665),#1552);
#13665 = PRESENTATION_STYLE_ASSIGNMENT((#13666));
#13666 = SURFACE_STYLE_USAGE(.BOTH.,#13667);
#13667 = SURFACE_SIDE_STYLE('',(#13668));
#13668 = SURFACE_STYLE_FILL_AREA(#13669);
#13669 = FILL_AREA_STYLE('',(#13670));
#13670 = FILL_AREA_STYLE_COLOUR('',#13296);
#13671 = STYLED_ITEM('color',(#13672),#1635);
#13672 = PRESENTATION_STYLE_ASSIGNMENT((#13673));
#13673 = SURFACE_STYLE_USAGE(.BOTH.,#13674);
#13674 = SURFACE_SIDE_STYLE('',(#13675));
#13675 = SURFACE_STYLE_FILL_AREA(#13676);
#13676 = FILL_AREA_STYLE('',(#13677));
#13677 = FILL_AREA_STYLE_COLOUR('',#13296);
#13678 = STYLED_ITEM('color',(#13679),#1660);
#13679 = PRESENTATION_STYLE_ASSIGNMENT((#13680));
#13680 = SURFACE_STYLE_USAGE(.BOTH.,#13681);
#13681 = SURFACE_SIDE_STYLE('',(#13682));
#13682 = SURFACE_STYLE_FILL_AREA(#13683);
#13683 = FILL_AREA_STYLE('',(#13684));
#13684 = FILL_AREA_STYLE_COLOUR('',#13296);
#13685 = STYLED_ITEM('color',(#13686),#1685);
#13686 = PRESENTATION_STYLE_ASSIGNMENT((#13687));
#13687 = SURFACE_STYLE_USAGE(.BOTH.,#13688);
#13688 = SURFACE_SIDE_STYLE('',(#13689));
#13689 = SURFACE_STYLE_FILL_AREA(#13690);
#13690 = FILL_AREA_STYLE('',(#13691));
#13691 = FILL_AREA_STYLE_COLOUR('',#13296);
#13692 = STYLED_ITEM('color',(#13693),#1752);
#13693 = PRESENTATION_STYLE_ASSIGNMENT((#13694));
#13694 = SURFACE_STYLE_USAGE(.BOTH.,#13695);
#13695 = SURFACE_SIDE_STYLE('',(#13696));
#13696 = SURFACE_STYLE_FILL_AREA(#13697);
#13697 = FILL_AREA_STYLE('',(#13698));
#13698 = FILL_AREA_STYLE_COLOUR('',#13296);
#13699 = STYLED_ITEM('color',(#13700),#1769);
#13700 = PRESENTATION_STYLE_ASSIGNMENT((#13701));
#13701 = SURFACE_STYLE_USAGE(.BOTH.,#13702);
#13702 = SURFACE_SIDE_STYLE('',(#13703));
#13703 = SURFACE_STYLE_FILL_AREA(#13704);
#13704 = FILL_AREA_STYLE('',(#13705));
#13705 = FILL_AREA_STYLE_COLOUR('',#13296);
#13706 = STYLED_ITEM('color',(#13707),#1786);
#13707 = PRESENTATION_STYLE_ASSIGNMENT((#13708));
#13708 = SURFACE_STYLE_USAGE(.BOTH.,#13709);
#13709 = SURFACE_SIDE_STYLE('',(#13710));
#13710 = SURFACE_STYLE_FILL_AREA(#13711);
#13711 = FILL_AREA_STYLE('',(#13712));
#13712 = FILL_AREA_STYLE_COLOUR('',#12943);
#13713 = STYLED_ITEM('color',(#13714),#1835);
#13714 = PRESENTATION_STYLE_ASSIGNMENT((#13715));
#13715 = SURFACE_STYLE_USAGE(.BOTH.,#13716);
#13716 = SURFACE_SIDE_STYLE('',(#13717));
#13717 = SURFACE_STYLE_FILL_AREA(#13718);
#13718 = FILL_AREA_STYLE('',(#13719));
#13719 = FILL_AREA_STYLE_COLOUR('',#13296);
#13720 = STYLED_ITEM('color',(#13721),#1852);
#13721 = PRESENTATION_STYLE_ASSIGNMENT((#13722));
#13722 = SURFACE_STYLE_USAGE(.BOTH.,#13723);
#13723 = SURFACE_SIDE_STYLE('',(#13724));
#13724 = SURFACE_STYLE_FILL_AREA(#13725);
#13725 = FILL_AREA_STYLE('',(#13726));
#13726 = FILL_AREA_STYLE_COLOUR('',#13296);
#13727 = STYLED_ITEM('color',(#13728),#1869);
#13728 = PRESENTATION_STYLE_ASSIGNMENT((#13729));
#13729 = SURFACE_STYLE_USAGE(.BOTH.,#13730);
#13730 = SURFACE_SIDE_STYLE('',(#13731));
#13731 = SURFACE_STYLE_FILL_AREA(#13732);
#13732 = FILL_AREA_STYLE('',(#13733));
#13733 = FILL_AREA_STYLE_COLOUR('',#12943);
#13734 = STYLED_ITEM('color',(#13735),#1918);
#13735 = PRESENTATION_STYLE_ASSIGNMENT((#13736));
#13736 = SURFACE_STYLE_USAGE(.BOTH.,#13737);
#13737 = SURFACE_SIDE_STYLE('',(#13738));
#13738 = SURFACE_STYLE_FILL_AREA(#13739);
#13739 = FILL_AREA_STYLE('',(#13740));
#13740 = FILL_AREA_STYLE_COLOUR('',#12943);
#13741 = STYLED_ITEM('color',(#13742),#1935);
#13742 = PRESENTATION_STYLE_ASSIGNMENT((#13743));
#13743 = SURFACE_STYLE_USAGE(.BOTH.,#13744);
#13744 = SURFACE_SIDE_STYLE('',(#13745));
#13745 = SURFACE_STYLE_FILL_AREA(#13746);
#13746 = FILL_AREA_STYLE('',(#13747));
#13747 = FILL_AREA_STYLE_COLOUR('',#13296);
#13748 = STYLED_ITEM('color',(#13749),#2004);
#13749 = PRESENTATION_STYLE_ASSIGNMENT((#13750));
#13750 = SURFACE_STYLE_USAGE(.BOTH.,#13751);
#13751 = SURFACE_SIDE_STYLE('',(#13752));
#13752 = SURFACE_STYLE_FILL_AREA(#13753);
#13753 = FILL_AREA_STYLE('',(#13754));
#13754 = FILL_AREA_STYLE_COLOUR('',#13388);
#13755 = STYLED_ITEM('color',(#13756),#2035);
#13756 = PRESENTATION_STYLE_ASSIGNMENT((#13757));
#13757 = SURFACE_STYLE_USAGE(.BOTH.,#13758);
#13758 = SURFACE_SIDE_STYLE('',(#13759));
#13759 = SURFACE_STYLE_FILL_AREA(#13760);
#13760 = FILL_AREA_STYLE('',(#13761));
#13761 = FILL_AREA_STYLE_COLOUR('',#13388);
#13762 = STYLED_ITEM('color',(#13763),#2059);
#13763 = PRESENTATION_STYLE_ASSIGNMENT((#13764));
#13764 = SURFACE_STYLE_USAGE(.BOTH.,#13765);
#13765 = SURFACE_SIDE_STYLE('',(#13766));
#13766 = SURFACE_STYLE_FILL_AREA(#13767);
#13767 = FILL_AREA_STYLE('',(#13768));
#13768 = FILL_AREA_STYLE_COLOUR('',#13296);
#13769 = STYLED_ITEM('color',(#13770),#2128);
#13770 = PRESENTATION_STYLE_ASSIGNMENT((#13771));
#13771 = SURFACE_STYLE_USAGE(.BOTH.,#13772);
#13772 = SURFACE_SIDE_STYLE('',(#13773));
#13773 = SURFACE_STYLE_FILL_AREA(#13774);
#13774 = FILL_AREA_STYLE('',(#13775));
#13775 = FILL_AREA_STYLE_COLOUR('',#13388);
#13776 = STYLED_ITEM('color',(#13777),#2152);
#13777 = PRESENTATION_STYLE_ASSIGNMENT((#13778));
#13778 = SURFACE_STYLE_USAGE(.BOTH.,#13779);
#13779 = SURFACE_SIDE_STYLE('',(#13780));
#13780 = SURFACE_STYLE_FILL_AREA(#13781);
#13781 = FILL_AREA_STYLE('',(#13782));
#13782 = FILL_AREA_STYLE_COLOUR('',#13296);
#13783 = STYLED_ITEM('color',(#13784),#2169);
#13784 = PRESENTATION_STYLE_ASSIGNMENT((#13785));
#13785 = SURFACE_STYLE_USAGE(.BOTH.,#13786);
#13786 = SURFACE_SIDE_STYLE('',(#13787));
#13787 = SURFACE_STYLE_FILL_AREA(#13788);
#13788 = FILL_AREA_STYLE('',(#13789));
#13789 = FILL_AREA_STYLE_COLOUR('',#13296);
#13790 = STYLED_ITEM('color',(#13791),#2186);
#13791 = PRESENTATION_STYLE_ASSIGNMENT((#13792));
#13792 = SURFACE_STYLE_USAGE(.BOTH.,#13793);
#13793 = SURFACE_SIDE_STYLE('',(#13794));
#13794 = SURFACE_STYLE_FILL_AREA(#13795);
#13795 = FILL_AREA_STYLE('',(#13796));
#13796 = FILL_AREA_STYLE_COLOUR('',#13296);
#13797 = STYLED_ITEM('color',(#13798),#2203);
#13798 = PRESENTATION_STYLE_ASSIGNMENT((#13799));
#13799 = SURFACE_STYLE_USAGE(.BOTH.,#13800);
#13800 = SURFACE_SIDE_STYLE('',(#13801));
#13801 = SURFACE_STYLE_FILL_AREA(#13802);
#13802 = FILL_AREA_STYLE('',(#13803));
#13803 = FILL_AREA_STYLE_COLOUR('',#13296);
#13804 = STYLED_ITEM('color',(#13805),#2220);
#13805 = PRESENTATION_STYLE_ASSIGNMENT((#13806));
#13806 = SURFACE_STYLE_USAGE(.BOTH.,#13807);
#13807 = SURFACE_SIDE_STYLE('',(#13808));
#13808 = SURFACE_STYLE_FILL_AREA(#13809);
#13809 = FILL_AREA_STYLE('',(#13810));
#13810 = FILL_AREA_STYLE_COLOUR('',#13296);
#13811 = STYLED_ITEM('color',(#13812),#2237);
#13812 = PRESENTATION_STYLE_ASSIGNMENT((#13813));
#13813 = SURFACE_STYLE_USAGE(.BOTH.,#13814);
#13814 = SURFACE_SIDE_STYLE('',(#13815));
#13815 = SURFACE_STYLE_FILL_AREA(#13816);
#13816 = FILL_AREA_STYLE('',(#13817));
#13817 = FILL_AREA_STYLE_COLOUR('',#13296);
#13818 = STYLED_ITEM('color',(#13819),#2254);
#13819 = PRESENTATION_STYLE_ASSIGNMENT((#13820));
#13820 = SURFACE_STYLE_USAGE(.BOTH.,#13821);
#13821 = SURFACE_SIDE_STYLE('',(#13822));
#13822 = SURFACE_STYLE_FILL_AREA(#13823);
#13823 = FILL_AREA_STYLE('',(#13824));
#13824 = FILL_AREA_STYLE_COLOUR('',#13296);
#13825 = STYLED_ITEM('color',(#13826),#2271);
#13826 = PRESENTATION_STYLE_ASSIGNMENT((#13827));
#13827 = SURFACE_STYLE_USAGE(.BOTH.,#13828);
#13828 = SURFACE_SIDE_STYLE('',(#13829));
#13829 = SURFACE_STYLE_FILL_AREA(#13830);
#13830 = FILL_AREA_STYLE('',(#13831));
#13831 = FILL_AREA_STYLE_COLOUR('',#13388);
#13832 = STYLED_ITEM('color',(#13833),#2288);
#13833 = PRESENTATION_STYLE_ASSIGNMENT((#13834));
#13834 = SURFACE_STYLE_USAGE(.BOTH.,#13835);
#13835 = SURFACE_SIDE_STYLE('',(#13836));
#13836 = SURFACE_STYLE_FILL_AREA(#13837);
#13837 = FILL_AREA_STYLE('',(#13838));
#13838 = FILL_AREA_STYLE_COLOUR('',#13388);
#13839 = MECHANICAL_DESIGN_GEOMETRIC_PRESENTATION_REPRESENTATION('',(
    #13840,#13847,#13854,#13861,#13869,#13876,#13883,#13890,#13897,
    #13904,#13911,#13918,#13925,#13932,#13939),#3463);
#13840 = STYLED_ITEM('color',(#13841),#3130);
#13841 = PRESENTATION_STYLE_ASSIGNMENT((#13842));
#13842 = SURFACE_STYLE_USAGE(.BOTH.,#13843);
#13843 = SURFACE_SIDE_STYLE('',(#13844));
#13844 = SURFACE_STYLE_FILL_AREA(#13845);
#13845 = FILL_AREA_STYLE('',(#13846));
#13846 = FILL_AREA_STYLE_COLOUR('',#12943);
#13847 = STYLED_ITEM('color',(#13848),#3163);
#13848 = PRESENTATION_STYLE_ASSIGNMENT((#13849));
#13849 = SURFACE_STYLE_USAGE(.BOTH.,#13850);
#13850 = SURFACE_SIDE_STYLE('',(#13851));
#13851 = SURFACE_STYLE_FILL_AREA(#13852);
#13852 = FILL_AREA_STYLE('',(#13853));
#13853 = FILL_AREA_STYLE_COLOUR('',#12943);
#13854 = STYLED_ITEM('color',(#13855),#3183);
#13855 = PRESENTATION_STYLE_ASSIGNMENT((#13856));
#13856 = SURFACE_STYLE_USAGE(.BOTH.,#13857);
#13857 = SURFACE_SIDE_STYLE('',(#13858));
#13858 = SURFACE_STYLE_FILL_AREA(#13859);
#13859 = FILL_AREA_STYLE('',(#13860));
#13860 = FILL_AREA_STYLE_COLOUR('',#12943);
#13861 = STYLED_ITEM('color',(#13862),#3203);
#13862 = PRESENTATION_STYLE_ASSIGNMENT((#13863));
#13863 = SURFACE_STYLE_USAGE(.BOTH.,#13864);
#13864 = SURFACE_SIDE_STYLE('',(#13865));
#13865 = SURFACE_STYLE_FILL_AREA(#13866);
#13866 = FILL_AREA_STYLE('',(#13867));
#13867 = FILL_AREA_STYLE_COLOUR('',#13868);
#13868 = COLOUR_RGB('',0.147999998088,0.144999993226,0.144999993226);
#13869 = STYLED_ITEM('color',(#13870),#3228);
#13870 = PRESENTATION_STYLE_ASSIGNMENT((#13871));
#13871 = SURFACE_STYLE_USAGE(.BOTH.,#13872);
#13872 = SURFACE_SIDE_STYLE('',(#13873));
#13873 = SURFACE_STYLE_FILL_AREA(#13874);
#13874 = FILL_AREA_STYLE('',(#13875));
#13875 = FILL_AREA_STYLE_COLOUR('',#13868);
#13876 = STYLED_ITEM('color',(#13877),#3253);
#13877 = PRESENTATION_STYLE_ASSIGNMENT((#13878));
#13878 = SURFACE_STYLE_USAGE(.BOTH.,#13879);
#13879 = SURFACE_SIDE_STYLE('',(#13880));
#13880 = SURFACE_STYLE_FILL_AREA(#13881);
#13881 = FILL_AREA_STYLE('',(#13882));
#13882 = FILL_AREA_STYLE_COLOUR('',#13868);
#13883 = STYLED_ITEM('color',(#13884),#3273);
#13884 = PRESENTATION_STYLE_ASSIGNMENT((#13885));
#13885 = SURFACE_STYLE_USAGE(.BOTH.,#13886);
#13886 = SURFACE_SIDE_STYLE('',(#13887));
#13887 = SURFACE_STYLE_FILL_AREA(#13888);
#13888 = FILL_AREA_STYLE('',(#13889));
#13889 = FILL_AREA_STYLE_COLOUR('',#13868);
#13890 = STYLED_ITEM('color',(#13891),#3293);
#13891 = PRESENTATION_STYLE_ASSIGNMENT((#13892));
#13892 = SURFACE_STYLE_USAGE(.BOTH.,#13893);
#13893 = SURFACE_SIDE_STYLE('',(#13894));
#13894 = SURFACE_STYLE_FILL_AREA(#13895);
#13895 = FILL_AREA_STYLE('',(#13896));
#13896 = FILL_AREA_STYLE_COLOUR('',#13296);
#13897 = STYLED_ITEM('color',(#13898),#3318);
#13898 = PRESENTATION_STYLE_ASSIGNMENT((#13899));
#13899 = SURFACE_STYLE_USAGE(.BOTH.,#13900);
#13900 = SURFACE_SIDE_STYLE('',(#13901));
#13901 = SURFACE_STYLE_FILL_AREA(#13902);
#13902 = FILL_AREA_STYLE('',(#13903));
#13903 = FILL_AREA_STYLE_COLOUR('',#13296);
#13904 = STYLED_ITEM('color',(#13905),#3343);
#13905 = PRESENTATION_STYLE_ASSIGNMENT((#13906));
#13906 = SURFACE_STYLE_USAGE(.BOTH.,#13907);
#13907 = SURFACE_SIDE_STYLE('',(#13908));
#13908 = SURFACE_STYLE_FILL_AREA(#13909);
#13909 = FILL_AREA_STYLE('',(#13910));
#13910 = FILL_AREA_STYLE_COLOUR('',#13296);
#13911 = STYLED_ITEM('color',(#13912),#3369);
#13912 = PRESENTATION_STYLE_ASSIGNMENT((#13913));
#13913 = SURFACE_STYLE_USAGE(.BOTH.,#13914);
#13914 = SURFACE_SIDE_STYLE('',(#13915));
#13915 = SURFACE_STYLE_FILL_AREA(#13916);
#13916 = FILL_AREA_STYLE('',(#13917));
#13917 = FILL_AREA_STYLE_COLOUR('',#13296);
#13918 = STYLED_ITEM('color',(#13919),#3395);
#13919 = PRESENTATION_STYLE_ASSIGNMENT((#13920));
#13920 = SURFACE_STYLE_USAGE(.BOTH.,#13921);
#13921 = SURFACE_SIDE_STYLE('',(#13922));
#13922 = SURFACE_STYLE_FILL_AREA(#13923);
#13923 = FILL_AREA_STYLE('',(#13924));
#13924 = FILL_AREA_STYLE_COLOUR('',#13296);
#13925 = STYLED_ITEM('color',(#13926),#3420);
#13926 = PRESENTATION_STYLE_ASSIGNMENT((#13927));
#13927 = SURFACE_STYLE_USAGE(.BOTH.,#13928);
#13928 = SURFACE_SIDE_STYLE('',(#13929));
#13929 = SURFACE_STYLE_FILL_AREA(#13930);
#13930 = FILL_AREA_STYLE('',(#13931));
#13931 = FILL_AREA_STYLE_COLOUR('',#13296);
#13932 = STYLED_ITEM('color',(#13933),#3445);
#13933 = PRESENTATION_STYLE_ASSIGNMENT((#13934));
#13934 = SURFACE_STYLE_USAGE(.BOTH.,#13935);
#13935 = SURFACE_SIDE_STYLE('',(#13936));
#13936 = SURFACE_STYLE_FILL_AREA(#13937);
#13937 = FILL_AREA_STYLE('',(#13938));
#13938 = FILL_AREA_STYLE_COLOUR('',#13296);
#13939 = STYLED_ITEM('color',(#13940),#3454);
#13940 = PRESENTATION_STYLE_ASSIGNMENT((#13941));
#13941 = SURFACE_STYLE_USAGE(.BOTH.,#13942);
#13942 = SURFACE_SIDE_STYLE('',(#13943));
#13943 = SURFACE_STYLE_FILL_AREA(#13944);
#13944 = FILL_AREA_STYLE('',(#13945));
#13945 = FILL_AREA_STYLE_COLOUR('',#13296);
#13946 = MECHANICAL_DESIGN_GEOMETRIC_PRESENTATION_REPRESENTATION('',(
    #13947,#13954,#13961,#13968,#13975,#13982,#13989,#13996,#14003,
    #14010,#14017,#14025,#14032,#14039,#14046,#14053,#14060,#14067,
    #14074,#14081,#14088,#14095,#14102,#14109,#14116,#14123,#14130,
    #14137),#975);
#13947 = STYLED_ITEM('color',(#13948),#123);
#13948 = PRESENTATION_STYLE_ASSIGNMENT((#13949));
#13949 = SURFACE_STYLE_USAGE(.BOTH.,#13950);
#13950 = SURFACE_SIDE_STYLE('',(#13951));
#13951 = SURFACE_STYLE_FILL_AREA(#13952);
#13952 = FILL_AREA_STYLE('',(#13953));
#13953 = FILL_AREA_STYLE_COLOUR('',#13296);
#13954 = STYLED_ITEM('color',(#13955),#199);
#13955 = PRESENTATION_STYLE_ASSIGNMENT((#13956));
#13956 = SURFACE_STYLE_USAGE(.BOTH.,#13957);
#13957 = SURFACE_SIDE_STYLE('',(#13958));
#13958 = SURFACE_STYLE_FILL_AREA(#13959);
#13959 = FILL_AREA_STYLE('',(#13960));
#13960 = FILL_AREA_STYLE_COLOUR('',#13296);
#13961 = STYLED_ITEM('color',(#13962),#230);
#13962 = PRESENTATION_STYLE_ASSIGNMENT((#13963));
#13963 = SURFACE_STYLE_USAGE(.BOTH.,#13964);
#13964 = SURFACE_SIDE_STYLE('',(#13965));
#13965 = SURFACE_STYLE_FILL_AREA(#13966);
#13966 = FILL_AREA_STYLE('',(#13967));
#13967 = FILL_AREA_STYLE_COLOUR('',#13296);
#13968 = STYLED_ITEM('color',(#13969),#255);
#13969 = PRESENTATION_STYLE_ASSIGNMENT((#13970));
#13970 = SURFACE_STYLE_USAGE(.BOTH.,#13971);
#13971 = SURFACE_SIDE_STYLE('',(#13972));
#13972 = SURFACE_STYLE_FILL_AREA(#13973);
#13973 = FILL_AREA_STYLE('',(#13974));
#13974 = FILL_AREA_STYLE_COLOUR('',#13296);
#13975 = STYLED_ITEM('color',(#13976),#280);
#13976 = PRESENTATION_STYLE_ASSIGNMENT((#13977));
#13977 = SURFACE_STYLE_USAGE(.BOTH.,#13978);
#13978 = SURFACE_SIDE_STYLE('',(#13979));
#13979 = SURFACE_STYLE_FILL_AREA(#13980);
#13980 = FILL_AREA_STYLE('',(#13981));
#13981 = FILL_AREA_STYLE_COLOUR('',#13296);
#13982 = STYLED_ITEM('color',(#13983),#304);
#13983 = PRESENTATION_STYLE_ASSIGNMENT((#13984));
#13984 = SURFACE_STYLE_USAGE(.BOTH.,#13985);
#13985 = SURFACE_SIDE_STYLE('',(#13986));
#13986 = SURFACE_STYLE_FILL_AREA(#13987);
#13987 = FILL_AREA_STYLE('',(#13988));
#13988 = FILL_AREA_STYLE_COLOUR('',#13296);
#13989 = STYLED_ITEM('color',(#13990),#328);
#13990 = PRESENTATION_STYLE_ASSIGNMENT((#13991));
#13991 = SURFACE_STYLE_USAGE(.BOTH.,#13992);
#13992 = SURFACE_SIDE_STYLE('',(#13993));
#13993 = SURFACE_STYLE_FILL_AREA(#13994);
#13994 = FILL_AREA_STYLE('',(#13995));
#13995 = FILL_AREA_STYLE_COLOUR('',#13296);
#13996 = STYLED_ITEM('color',(#13997),#353);
#13997 = PRESENTATION_STYLE_ASSIGNMENT((#13998));
#13998 = SURFACE_STYLE_USAGE(.BOTH.,#13999);
#13999 = SURFACE_SIDE_STYLE('',(#14000));
#14000 = SURFACE_STYLE_FILL_AREA(#14001);
#14001 = FILL_AREA_STYLE('',(#14002));
#14002 = FILL_AREA_STYLE_COLOUR('',#13296);
#14003 = STYLED_ITEM('color',(#14004),#378);
#14004 = PRESENTATION_STYLE_ASSIGNMENT((#14005));
#14005 = SURFACE_STYLE_USAGE(.BOTH.,#14006);
#14006 = SURFACE_SIDE_STYLE('',(#14007));
#14007 = SURFACE_STYLE_FILL_AREA(#14008);
#14008 = FILL_AREA_STYLE('',(#14009));
#14009 = FILL_AREA_STYLE_COLOUR('',#13296);
#14010 = STYLED_ITEM('color',(#14011),#395);
#14011 = PRESENTATION_STYLE_ASSIGNMENT((#14012));
#14012 = SURFACE_STYLE_USAGE(.BOTH.,#14013);
#14013 = SURFACE_SIDE_STYLE('',(#14014));
#14014 = SURFACE_STYLE_FILL_AREA(#14015);
#14015 = FILL_AREA_STYLE('',(#14016));
#14016 = FILL_AREA_STYLE_COLOUR('',#13296);
#14017 = STYLED_ITEM('color',(#14018),#481);
#14018 = PRESENTATION_STYLE_ASSIGNMENT((#14019));
#14019 = SURFACE_STYLE_USAGE(.BOTH.,#14020);
#14020 = SURFACE_SIDE_STYLE('',(#14021));
#14021 = SURFACE_STYLE_FILL_AREA(#14022);
#14022 = FILL_AREA_STYLE('',(#14023));
#14023 = FILL_AREA_STYLE_COLOUR('',#14024);
#14024 = COLOUR_RGB('',0.379000005575,0.270000008848,0.214999999939);
#14025 = STYLED_ITEM('color',(#14026),#513);
#14026 = PRESENTATION_STYLE_ASSIGNMENT((#14027));
#14027 = SURFACE_STYLE_USAGE(.BOTH.,#14028);
#14028 = SURFACE_SIDE_STYLE('',(#14029));
#14029 = SURFACE_STYLE_FILL_AREA(#14030);
#14030 = FILL_AREA_STYLE('',(#14031));
#14031 = FILL_AREA_STYLE_COLOUR('',#14024);
#14032 = STYLED_ITEM('color',(#14033),#537);
#14033 = PRESENTATION_STYLE_ASSIGNMENT((#14034));
#14034 = SURFACE_STYLE_USAGE(.BOTH.,#14035);
#14035 = SURFACE_SIDE_STYLE('',(#14036));
#14036 = SURFACE_STYLE_FILL_AREA(#14037);
#14037 = FILL_AREA_STYLE('',(#14038));
#14038 = FILL_AREA_STYLE_COLOUR('',#14024);
#14039 = STYLED_ITEM('color',(#14040),#562);
#14040 = PRESENTATION_STYLE_ASSIGNMENT((#14041));
#14041 = SURFACE_STYLE_USAGE(.BOTH.,#14042);
#14042 = SURFACE_SIDE_STYLE('',(#14043));
#14043 = SURFACE_STYLE_FILL_AREA(#14044);
#14044 = FILL_AREA_STYLE('',(#14045));
#14045 = FILL_AREA_STYLE_COLOUR('',#14024);
#14046 = STYLED_ITEM('color',(#14047),#586);
#14047 = PRESENTATION_STYLE_ASSIGNMENT((#14048));
#14048 = SURFACE_STYLE_USAGE(.BOTH.,#14049);
#14049 = SURFACE_SIDE_STYLE('',(#14050));
#14050 = SURFACE_STYLE_FILL_AREA(#14051);
#14051 = FILL_AREA_STYLE('',(#14052));
#14052 = FILL_AREA_STYLE_COLOUR('',#14024);
#14053 = STYLED_ITEM('color',(#14054),#611);
#14054 = PRESENTATION_STYLE_ASSIGNMENT((#14055));
#14055 = SURFACE_STYLE_USAGE(.BOTH.,#14056);
#14056 = SURFACE_SIDE_STYLE('',(#14057));
#14057 = SURFACE_STYLE_FILL_AREA(#14058);
#14058 = FILL_AREA_STYLE('',(#14059));
#14059 = FILL_AREA_STYLE_COLOUR('',#14024);
#14060 = STYLED_ITEM('color',(#14061),#635);
#14061 = PRESENTATION_STYLE_ASSIGNMENT((#14062));
#14062 = SURFACE_STYLE_USAGE(.BOTH.,#14063);
#14063 = SURFACE_SIDE_STYLE('',(#14064));
#14064 = SURFACE_STYLE_FILL_AREA(#14065);
#14065 = FILL_AREA_STYLE('',(#14066));
#14066 = FILL_AREA_STYLE_COLOUR('',#14024);
#14067 = STYLED_ITEM('color',(#14068),#660);
#14068 = PRESENTATION_STYLE_ASSIGNMENT((#14069));
#14069 = SURFACE_STYLE_USAGE(.BOTH.,#14070);
#14070 = SURFACE_SIDE_STYLE('',(#14071));
#14071 = SURFACE_STYLE_FILL_AREA(#14072);
#14072 = FILL_AREA_STYLE('',(#14073));
#14073 = FILL_AREA_STYLE_COLOUR('',#14024);
#14074 = STYLED_ITEM('color',(#14075),#677);
#14075 = PRESENTATION_STYLE_ASSIGNMENT((#14076));
#14076 = SURFACE_STYLE_USAGE(.BOTH.,#14077);
#14077 = SURFACE_SIDE_STYLE('',(#14078));
#14078 = SURFACE_STYLE_FILL_AREA(#14079);
#14079 = FILL_AREA_STYLE('',(#14080));
#14080 = FILL_AREA_STYLE_COLOUR('',#13296);
#14081 = STYLED_ITEM('color',(#14082),#763);
#14082 = PRESENTATION_STYLE_ASSIGNMENT((#14083));
#14083 = SURFACE_STYLE_USAGE(.BOTH.,#14084);
#14084 = SURFACE_SIDE_STYLE('',(#14085));
#14085 = SURFACE_STYLE_FILL_AREA(#14086);
#14086 = FILL_AREA_STYLE('',(#14087));
#14087 = FILL_AREA_STYLE_COLOUR('',#13296);
#14088 = STYLED_ITEM('color',(#14089),#794);
#14089 = PRESENTATION_STYLE_ASSIGNMENT((#14090));
#14090 = SURFACE_STYLE_USAGE(.BOTH.,#14091);
#14091 = SURFACE_SIDE_STYLE('',(#14092));
#14092 = SURFACE_STYLE_FILL_AREA(#14093);
#14093 = FILL_AREA_STYLE('',(#14094));
#14094 = FILL_AREA_STYLE_COLOUR('',#13296);
#14095 = STYLED_ITEM('color',(#14096),#819);
#14096 = PRESENTATION_STYLE_ASSIGNMENT((#14097));
#14097 = SURFACE_STYLE_USAGE(.BOTH.,#14098);
#14098 = SURFACE_SIDE_STYLE('',(#14099));
#14099 = SURFACE_STYLE_FILL_AREA(#14100);
#14100 = FILL_AREA_STYLE('',(#14101));
#14101 = FILL_AREA_STYLE_COLOUR('',#13296);
#14102 = STYLED_ITEM('color',(#14103),#844);
#14103 = PRESENTATION_STYLE_ASSIGNMENT((#14104));
#14104 = SURFACE_STYLE_USAGE(.BOTH.,#14105);
#14105 = SURFACE_SIDE_STYLE('',(#14106));
#14106 = SURFACE_STYLE_FILL_AREA(#14107);
#14107 = FILL_AREA_STYLE('',(#14108));
#14108 = FILL_AREA_STYLE_COLOUR('',#13296);
#14109 = STYLED_ITEM('color',(#14110),#868);
#14110 = PRESENTATION_STYLE_ASSIGNMENT((#14111));
#14111 = SURFACE_STYLE_USAGE(.BOTH.,#14112);
#14112 = SURFACE_SIDE_STYLE('',(#14113));
#14113 = SURFACE_STYLE_FILL_AREA(#14114);
#14114 = FILL_AREA_STYLE('',(#14115));
#14115 = FILL_AREA_STYLE_COLOUR('',#13296);
#14116 = STYLED_ITEM('color',(#14117),#892);
#14117 = PRESENTATION_STYLE_ASSIGNMENT((#14118));
#14118 = SURFACE_STYLE_USAGE(.BOTH.,#14119);
#14119 = SURFACE_SIDE_STYLE('',(#14120));
#14120 = SURFACE_STYLE_FILL_AREA(#14121);
#14121 = FILL_AREA_STYLE('',(#14122));
#14122 = FILL_AREA_STYLE_COLOUR('',#13296);
#14123 = STYLED_ITEM('color',(#14124),#917);
#14124 = PRESENTATION_STYLE_ASSIGNMENT((#14125));
#14125 = SURFACE_STYLE_USAGE(.BOTH.,#14126);
#14126 = SURFACE_SIDE_STYLE('',(#14127));
#14127 = SURFACE_STYLE_FILL_AREA(#14128);
#14128 = FILL_AREA_STYLE('',(#14129));
#14129 = FILL_AREA_STYLE_COLOUR('',#13296);
#14130 = STYLED_ITEM('color',(#14131),#942);
#14131 = PRESENTATION_STYLE_ASSIGNMENT((#14132));
#14132 = SURFACE_STYLE_USAGE(.BOTH.,#14133);
#14133 = SURFACE_SIDE_STYLE('',(#14134));
#14134 = SURFACE_STYLE_FILL_AREA(#14135);
#14135 = FILL_AREA_STYLE('',(#14136));
#14136 = FILL_AREA_STYLE_COLOUR('',#13296);
#14137 = STYLED_ITEM('color',(#14138),#959);
#14138 = PRESENTATION_STYLE_ASSIGNMENT((#14139));
#14139 = SURFACE_STYLE_USAGE(.BOTH.,#14140);
#14140 = SURFACE_SIDE_STYLE('',(#14141));
#14141 = SURFACE_STYLE_FILL_AREA(#14142);
#14142 = FILL_AREA_STYLE('',(#14143));
#14143 = FILL_AREA_STYLE_COLOUR('',#13296);
#14144 = MECHANICAL_DESIGN_GEOMETRIC_PRESENTATION_REPRESENTATION('',(
    #14145,#14155,#14164,#14173,#14182,#14191,#14200,#14209,#14218,
    #14227,#14236,#14245,#14254,#14263,#14272,#14281,#14290,#14299,
    #14308,#14317,#14326,#14335,#14344,#14353,#14362,#14371,#14380,
    #14389,#14398,#14407,#14416,#14425,#14434,#14443,#14452,#14461,
    #14470,#14479,#14488,#14497,#14506,#14515,#14524,#14533,#14542,
    #14551,#14560,#14569,#14578,#14587,#14596,#14605,#14614,#14623,
    #14632,#14641,#14650,#14659,#14668,#14677,#14686,#14695,#14704,
    #14713,#14722,#14731,#14740,#14749,#14758,#14767,#14776,#14785,
    #14794,#14803,#14812,#14821,#14830,#14839,#14848,#14857,#14866,
    #14875,#14884,#14893,#14902,#14911,#14920,#14929,#14938,#14947,
    #14956,#14965,#14974,#14983,#14992,#15001,#15010,#15019,#15028,
    #15037,#15046,#15055,#15064,#15073,#15082,#15091,#15100,#15109,
    #15118,#15127,#15136,#15145,#15154,#15163,#15172,#15181,#15190,
    #15199,#15208,#15217,#15226,#15235,#15244,#15253,#15262,#15271,
    #15280,#15289,#15298,#15307,#15316,#15325,#15334,#15343,#15352,
    #15361,#15370,#15379,#15388,#15397,#15406,#15415,#15424,#15433,
    #15442,#15451,#15460),#11194);
#14145 = STYLED_ITEM('color',(#14146),#6728);
#14146 = PRESENTATION_STYLE_ASSIGNMENT((#14147,#14153));
#14147 = SURFACE_STYLE_USAGE(.BOTH.,#14148);
#14148 = SURFACE_SIDE_STYLE('',(#14149));
#14149 = SURFACE_STYLE_FILL_AREA(#14150);
#14150 = FILL_AREA_STYLE('',(#14151));
#14151 = FILL_AREA_STYLE_COLOUR('',#14152);
#14152 = COLOUR_RGB('',0.147999998088,0.145000001626,0.145000001626);
#14153 = CURVE_STYLE('',#14154,POSITIVE_LENGTH_MEASURE(0.1),#14152);
#14154 = DRAUGHTING_PRE_DEFINED_CURVE_FONT('continuous');
#14155 = STYLED_ITEM('color',(#14156),#6766);
#14156 = PRESENTATION_STYLE_ASSIGNMENT((#14157,#14162));
#14157 = SURFACE_STYLE_USAGE(.BOTH.,#14158);
#14158 = SURFACE_SIDE_STYLE('',(#14159));
#14159 = SURFACE_STYLE_FILL_AREA(#14160);
#14160 = FILL_AREA_STYLE('',(#14161));
#14161 = FILL_AREA_STYLE_COLOUR('',#14152);
#14162 = CURVE_STYLE('',#14163,POSITIVE_LENGTH_MEASURE(0.1),#14152);
#14163 = DRAUGHTING_PRE_DEFINED_CURVE_FONT('continuous');
#14164 = STYLED_ITEM('color',(#14165),#6829);
#14165 = PRESENTATION_STYLE_ASSIGNMENT((#14166,#14171));
#14166 = SURFACE_STYLE_USAGE(.BOTH.,#14167);
#14167 = SURFACE_SIDE_STYLE('',(#14168));
#14168 = SURFACE_STYLE_FILL_AREA(#14169);
#14169 = FILL_AREA_STYLE('',(#14170));
#14170 = FILL_AREA_STYLE_COLOUR('',#14152);
#14171 = CURVE_STYLE('',#14172,POSITIVE_LENGTH_MEASURE(0.1),#14152);
#14172 = DRAUGHTING_PRE_DEFINED_CURVE_FONT('continuous');
#14173 = STYLED_ITEM('color',(#14174),#6852);
#14174 = PRESENTATION_STYLE_ASSIGNMENT((#14175,#14180));
#14175 = SURFACE_STYLE_USAGE(.BOTH.,#14176);
#14176 = SURFACE_SIDE_STYLE('',(#14177));
#14177 = SURFACE_STYLE_FILL_AREA(#14178);
#14178 = FILL_AREA_STYLE('',(#14179));
#14179 = FILL_AREA_STYLE_COLOUR('',#14152);
#14180 = CURVE_STYLE('',#14181,POSITIVE_LENGTH_MEASURE(0.1),#14152);
#14181 = DRAUGHTING_PRE_DEFINED_CURVE_FONT('continuous');
#14182 = STYLED_ITEM('color',(#14183),#6881);
#14183 = PRESENTATION_STYLE_ASSIGNMENT((#14184,#14189));
#14184 = SURFACE_STYLE_USAGE(.BOTH.,#14185);
#14185 = SURFACE_SIDE_STYLE('',(#14186));
#14186 = SURFACE_STYLE_FILL_AREA(#14187);
#14187 = FILL_AREA_STYLE('',(#14188));
#14188 = FILL_AREA_STYLE_COLOUR('',#14152);
#14189 = CURVE_STYLE('',#14190,POSITIVE_LENGTH_MEASURE(0.1),#14152);
#14190 = DRAUGHTING_PRE_DEFINED_CURVE_FONT('continuous');
#14191 = STYLED_ITEM('color',(#14192),#6904);
#14192 = PRESENTATION_STYLE_ASSIGNMENT((#14193,#14198));
#14193 = SURFACE_STYLE_USAGE(.BOTH.,#14194);
#14194 = SURFACE_SIDE_STYLE('',(#14195));
#14195 = SURFACE_STYLE_FILL_AREA(#14196);
#14196 = FILL_AREA_STYLE('',(#14197));
#14197 = FILL_AREA_STYLE_COLOUR('',#14152);
#14198 = CURVE_STYLE('',#14199,POSITIVE_LENGTH_MEASURE(0.1),#14152);
#14199 = DRAUGHTING_PRE_DEFINED_CURVE_FONT('continuous');
#14200 = STYLED_ITEM('color',(#14201),#6991);
#14201 = PRESENTATION_STYLE_ASSIGNMENT((#14202,#14207));
#14202 = SURFACE_STYLE_USAGE(.BOTH.,#14203);
#14203 = SURFACE_SIDE_STYLE('',(#14204));
#14204 = SURFACE_STYLE_FILL_AREA(#14205);
#14205 = FILL_AREA_STYLE('',(#14206));
#14206 = FILL_AREA_STYLE_COLOUR('',#14152);
#14207 = CURVE_STYLE('',#14208,POSITIVE_LENGTH_MEASURE(0.1),#14152);
#14208 = DRAUGHTING_PRE_DEFINED_CURVE_FONT('continuous');
#14209 = STYLED_ITEM('color',(#14210),#7078);
#14210 = PRESENTATION_STYLE_ASSIGNMENT((#14211,#14216));
#14211 = SURFACE_STYLE_USAGE(.BOTH.,#14212);
#14212 = SURFACE_SIDE_STYLE('',(#14213));
#14213 = SURFACE_STYLE_FILL_AREA(#14214);
#14214 = FILL_AREA_STYLE('',(#14215));
#14215 = FILL_AREA_STYLE_COLOUR('',#14152);
#14216 = CURVE_STYLE('',#14217,POSITIVE_LENGTH_MEASURE(0.1),#14152);
#14217 = DRAUGHTING_PRE_DEFINED_CURVE_FONT('continuous');
#14218 = STYLED_ITEM('color',(#14219),#7101);
#14219 = PRESENTATION_STYLE_ASSIGNMENT((#14220,#14225));
#14220 = SURFACE_STYLE_USAGE(.BOTH.,#14221);
#14221 = SURFACE_SIDE_STYLE('',(#14222));
#14222 = SURFACE_STYLE_FILL_AREA(#14223);
#14223 = FILL_AREA_STYLE('',(#14224));
#14224 = FILL_AREA_STYLE_COLOUR('',#14152);
#14225 = CURVE_STYLE('',#14226,POSITIVE_LENGTH_MEASURE(0.1),#14152);
#14226 = DRAUGHTING_PRE_DEFINED_CURVE_FONT('continuous');
#14227 = STYLED_ITEM('color',(#14228),#7124);
#14228 = PRESENTATION_STYLE_ASSIGNMENT((#14229,#14234));
#14229 = SURFACE_STYLE_USAGE(.BOTH.,#14230);
#14230 = SURFACE_SIDE_STYLE('',(#14231));
#14231 = SURFACE_STYLE_FILL_AREA(#14232);
#14232 = FILL_AREA_STYLE('',(#14233));
#14233 = FILL_AREA_STYLE_COLOUR('',#14152);
#14234 = CURVE_STYLE('',#14235,POSITIVE_LENGTH_MEASURE(0.1),#14152);
#14235 = DRAUGHTING_PRE_DEFINED_CURVE_FONT('continuous');
#14236 = STYLED_ITEM('color',(#14237),#7141);
#14237 = PRESENTATION_STYLE_ASSIGNMENT((#14238,#14243));
#14238 = SURFACE_STYLE_USAGE(.BOTH.,#14239);
#14239 = SURFACE_SIDE_STYLE('',(#14240));
#14240 = SURFACE_STYLE_FILL_AREA(#14241);
#14241 = FILL_AREA_STYLE('',(#14242));
#14242 = FILL_AREA_STYLE_COLOUR('',#14152);
#14243 = CURVE_STYLE('',#14244,POSITIVE_LENGTH_MEASURE(0.1),#14152);
#14244 = DRAUGHTING_PRE_DEFINED_CURVE_FONT('continuous');
#14245 = STYLED_ITEM('color',(#14246),#7164);
#14246 = PRESENTATION_STYLE_ASSIGNMENT((#14247,#14252));
#14247 = SURFACE_STYLE_USAGE(.BOTH.,#14248);
#14248 = SURFACE_SIDE_STYLE('',(#14249));
#14249 = SURFACE_STYLE_FILL_AREA(#14250);
#14250 = FILL_AREA_STYLE('',(#14251));
#14251 = FILL_AREA_STYLE_COLOUR('',#14152);
#14252 = CURVE_STYLE('',#14253,POSITIVE_LENGTH_MEASURE(0.1),#14152);
#14253 = DRAUGHTING_PRE_DEFINED_CURVE_FONT('continuous');
#14254 = STYLED_ITEM('color',(#14255),#7252);
#14255 = PRESENTATION_STYLE_ASSIGNMENT((#14256,#14261));
#14256 = SURFACE_STYLE_USAGE(.BOTH.,#14257);
#14257 = SURFACE_SIDE_STYLE('',(#14258));
#14258 = SURFACE_STYLE_FILL_AREA(#14259);
#14259 = FILL_AREA_STYLE('',(#14260));
#14260 = FILL_AREA_STYLE_COLOUR('',#14152);
#14261 = CURVE_STYLE('',#14262,POSITIVE_LENGTH_MEASURE(0.1),#14152);
#14262 = DRAUGHTING_PRE_DEFINED_CURVE_FONT('continuous');
#14263 = STYLED_ITEM('color',(#14264),#7268);
#14264 = PRESENTATION_STYLE_ASSIGNMENT((#14265,#14270));
#14265 = SURFACE_STYLE_USAGE(.BOTH.,#14266);
#14266 = SURFACE_SIDE_STYLE('',(#14267));
#14267 = SURFACE_STYLE_FILL_AREA(#14268);
#14268 = FILL_AREA_STYLE('',(#14269));
#14269 = FILL_AREA_STYLE_COLOUR('',#14152);
#14270 = CURVE_STYLE('',#14271,POSITIVE_LENGTH_MEASURE(0.1),#14152);
#14271 = DRAUGHTING_PRE_DEFINED_CURVE_FONT('continuous');
#14272 = STYLED_ITEM('color',(#14273),#7298);
#14273 = PRESENTATION_STYLE_ASSIGNMENT((#14274,#14279));
#14274 = SURFACE_STYLE_USAGE(.BOTH.,#14275);
#14275 = SURFACE_SIDE_STYLE('',(#14276));
#14276 = SURFACE_STYLE_FILL_AREA(#14277);
#14277 = FILL_AREA_STYLE('',(#14278));
#14278 = FILL_AREA_STYLE_COLOUR('',#13296);
#14279 = CURVE_STYLE('',#14280,POSITIVE_LENGTH_MEASURE(0.1),#13296);
#14280 = DRAUGHTING_PRE_DEFINED_CURVE_FONT('continuous');
#14281 = STYLED_ITEM('color',(#14282),#7329);
#14282 = PRESENTATION_STYLE_ASSIGNMENT((#14283,#14288));
#14283 = SURFACE_STYLE_USAGE(.BOTH.,#14284);
#14284 = SURFACE_SIDE_STYLE('',(#14285));
#14285 = SURFACE_STYLE_FILL_AREA(#14286);
#14286 = FILL_AREA_STYLE('',(#14287));
#14287 = FILL_AREA_STYLE_COLOUR('',#14152);
#14288 = CURVE_STYLE('',#14289,POSITIVE_LENGTH_MEASURE(0.1),#14152);
#14289 = DRAUGHTING_PRE_DEFINED_CURVE_FONT('continuous');
#14290 = STYLED_ITEM('color',(#14291),#7360);
#14291 = PRESENTATION_STYLE_ASSIGNMENT((#14292,#14297));
#14292 = SURFACE_STYLE_USAGE(.BOTH.,#14293);
#14293 = SURFACE_SIDE_STYLE('',(#14294));
#14294 = SURFACE_STYLE_FILL_AREA(#14295);
#14295 = FILL_AREA_STYLE('',(#14296));
#14296 = FILL_AREA_STYLE_COLOUR('',#13296);
#14297 = CURVE_STYLE('',#14298,POSITIVE_LENGTH_MEASURE(0.1),#13296);
#14298 = DRAUGHTING_PRE_DEFINED_CURVE_FONT('continuous');
#14299 = STYLED_ITEM('color',(#14300),#7391);
#14300 = PRESENTATION_STYLE_ASSIGNMENT((#14301,#14306));
#14301 = SURFACE_STYLE_USAGE(.BOTH.,#14302);
#14302 = SURFACE_SIDE_STYLE('',(#14303));
#14303 = SURFACE_STYLE_FILL_AREA(#14304);
#14304 = FILL_AREA_STYLE('',(#14305));
#14305 = FILL_AREA_STYLE_COLOUR('',#14152);
#14306 = CURVE_STYLE('',#14307,POSITIVE_LENGTH_MEASURE(0.1),#14152);
#14307 = DRAUGHTING_PRE_DEFINED_CURVE_FONT('continuous');
#14308 = STYLED_ITEM('color',(#14309),#7422);
#14309 = PRESENTATION_STYLE_ASSIGNMENT((#14310,#14315));
#14310 = SURFACE_STYLE_USAGE(.BOTH.,#14311);
#14311 = SURFACE_SIDE_STYLE('',(#14312));
#14312 = SURFACE_STYLE_FILL_AREA(#14313);
#14313 = FILL_AREA_STYLE('',(#14314));
#14314 = FILL_AREA_STYLE_COLOUR('',#13296);
#14315 = CURVE_STYLE('',#14316,POSITIVE_LENGTH_MEASURE(0.1),#13296);
#14316 = DRAUGHTING_PRE_DEFINED_CURVE_FONT('continuous');
#14317 = STYLED_ITEM('color',(#14318),#7453);
#14318 = PRESENTATION_STYLE_ASSIGNMENT((#14319,#14324));
#14319 = SURFACE_STYLE_USAGE(.BOTH.,#14320);
#14320 = SURFACE_SIDE_STYLE('',(#14321));
#14321 = SURFACE_STYLE_FILL_AREA(#14322);
#14322 = FILL_AREA_STYLE('',(#14323));
#14323 = FILL_AREA_STYLE_COLOUR('',#14152);
#14324 = CURVE_STYLE('',#14325,POSITIVE_LENGTH_MEASURE(0.1),#14152);
#14325 = DRAUGHTING_PRE_DEFINED_CURVE_FONT('continuous');
#14326 = STYLED_ITEM('color',(#14327),#7484);
#14327 = PRESENTATION_STYLE_ASSIGNMENT((#14328,#14333));
#14328 = SURFACE_STYLE_USAGE(.BOTH.,#14329);
#14329 = SURFACE_SIDE_STYLE('',(#14330));
#14330 = SURFACE_STYLE_FILL_AREA(#14331);
#14331 = FILL_AREA_STYLE('',(#14332));
#14332 = FILL_AREA_STYLE_COLOUR('',#13296);
#14333 = CURVE_STYLE('',#14334,POSITIVE_LENGTH_MEASURE(0.1),#13296);
#14334 = DRAUGHTING_PRE_DEFINED_CURVE_FONT('continuous');
#14335 = STYLED_ITEM('color',(#14336),#7515);
#14336 = PRESENTATION_STYLE_ASSIGNMENT((#14337,#14342));
#14337 = SURFACE_STYLE_USAGE(.BOTH.,#14338);
#14338 = SURFACE_SIDE_STYLE('',(#14339));
#14339 = SURFACE_STYLE_FILL_AREA(#14340);
#14340 = FILL_AREA_STYLE('',(#14341));
#14341 = FILL_AREA_STYLE_COLOUR('',#14152);
#14342 = CURVE_STYLE('',#14343,POSITIVE_LENGTH_MEASURE(0.1),#14152);
#14343 = DRAUGHTING_PRE_DEFINED_CURVE_FONT('continuous');
#14344 = STYLED_ITEM('color',(#14345),#7532);
#14345 = PRESENTATION_STYLE_ASSIGNMENT((#14346,#14351));
#14346 = SURFACE_STYLE_USAGE(.BOTH.,#14347);
#14347 = SURFACE_SIDE_STYLE('',(#14348));
#14348 = SURFACE_STYLE_FILL_AREA(#14349);
#14349 = FILL_AREA_STYLE('',(#14350));
#14350 = FILL_AREA_STYLE_COLOUR('',#14152);
#14351 = CURVE_STYLE('',#14352,POSITIVE_LENGTH_MEASURE(0.1),#14152);
#14352 = DRAUGHTING_PRE_DEFINED_CURVE_FONT('continuous');
#14353 = STYLED_ITEM('color',(#14354),#7549);
#14354 = PRESENTATION_STYLE_ASSIGNMENT((#14355,#14360));
#14355 = SURFACE_STYLE_USAGE(.BOTH.,#14356);
#14356 = SURFACE_SIDE_STYLE('',(#14357));
#14357 = SURFACE_STYLE_FILL_AREA(#14358);
#14358 = FILL_AREA_STYLE('',(#14359));
#14359 = FILL_AREA_STYLE_COLOUR('',#13296);
#14360 = CURVE_STYLE('',#14361,POSITIVE_LENGTH_MEASURE(0.1),#13296);
#14361 = DRAUGHTING_PRE_DEFINED_CURVE_FONT('continuous');
#14362 = STYLED_ITEM('color',(#14363),#7580);
#14363 = PRESENTATION_STYLE_ASSIGNMENT((#14364,#14369));
#14364 = SURFACE_STYLE_USAGE(.BOTH.,#14365);
#14365 = SURFACE_SIDE_STYLE('',(#14366));
#14366 = SURFACE_STYLE_FILL_AREA(#14367);
#14367 = FILL_AREA_STYLE('',(#14368));
#14368 = FILL_AREA_STYLE_COLOUR('',#14152);
#14369 = CURVE_STYLE('',#14370,POSITIVE_LENGTH_MEASURE(0.1),#14152);
#14370 = DRAUGHTING_PRE_DEFINED_CURVE_FONT('continuous');
#14371 = STYLED_ITEM('color',(#14372),#7611);
#14372 = PRESENTATION_STYLE_ASSIGNMENT((#14373,#14378));
#14373 = SURFACE_STYLE_USAGE(.BOTH.,#14374);
#14374 = SURFACE_SIDE_STYLE('',(#14375));
#14375 = SURFACE_STYLE_FILL_AREA(#14376);
#14376 = FILL_AREA_STYLE('',(#14377));
#14377 = FILL_AREA_STYLE_COLOUR('',#13296);
#14378 = CURVE_STYLE('',#14379,POSITIVE_LENGTH_MEASURE(0.1),#13296);
#14379 = DRAUGHTING_PRE_DEFINED_CURVE_FONT('continuous');
#14380 = STYLED_ITEM('color',(#14381),#7642);
#14381 = PRESENTATION_STYLE_ASSIGNMENT((#14382,#14387));
#14382 = SURFACE_STYLE_USAGE(.BOTH.,#14383);
#14383 = SURFACE_SIDE_STYLE('',(#14384));
#14384 = SURFACE_STYLE_FILL_AREA(#14385);
#14385 = FILL_AREA_STYLE('',(#14386));
#14386 = FILL_AREA_STYLE_COLOUR('',#14152);
#14387 = CURVE_STYLE('',#14388,POSITIVE_LENGTH_MEASURE(0.1),#14152);
#14388 = DRAUGHTING_PRE_DEFINED_CURVE_FONT('continuous');
#14389 = STYLED_ITEM('color',(#14390),#7673);
#14390 = PRESENTATION_STYLE_ASSIGNMENT((#14391,#14396));
#14391 = SURFACE_STYLE_USAGE(.BOTH.,#14392);
#14392 = SURFACE_SIDE_STYLE('',(#14393));
#14393 = SURFACE_STYLE_FILL_AREA(#14394);
#14394 = FILL_AREA_STYLE('',(#14395));
#14395 = FILL_AREA_STYLE_COLOUR('',#13296);
#14396 = CURVE_STYLE('',#14397,POSITIVE_LENGTH_MEASURE(0.1),#13296);
#14397 = DRAUGHTING_PRE_DEFINED_CURVE_FONT('continuous');
#14398 = STYLED_ITEM('color',(#14399),#7704);
#14399 = PRESENTATION_STYLE_ASSIGNMENT((#14400,#14405));
#14400 = SURFACE_STYLE_USAGE(.BOTH.,#14401);
#14401 = SURFACE_SIDE_STYLE('',(#14402));
#14402 = SURFACE_STYLE_FILL_AREA(#14403);
#14403 = FILL_AREA_STYLE('',(#14404));
#14404 = FILL_AREA_STYLE_COLOUR('',#14152);
#14405 = CURVE_STYLE('',#14406,POSITIVE_LENGTH_MEASURE(0.1),#14152);
#14406 = DRAUGHTING_PRE_DEFINED_CURVE_FONT('continuous');
#14407 = STYLED_ITEM('color',(#14408),#7735);
#14408 = PRESENTATION_STYLE_ASSIGNMENT((#14409,#14414));
#14409 = SURFACE_STYLE_USAGE(.BOTH.,#14410);
#14410 = SURFACE_SIDE_STYLE('',(#14411));
#14411 = SURFACE_STYLE_FILL_AREA(#14412);
#14412 = FILL_AREA_STYLE('',(#14413));
#14413 = FILL_AREA_STYLE_COLOUR('',#13296);
#14414 = CURVE_STYLE('',#14415,POSITIVE_LENGTH_MEASURE(0.1),#13296);
#14415 = DRAUGHTING_PRE_DEFINED_CURVE_FONT('continuous');
#14416 = STYLED_ITEM('color',(#14417),#7766);
#14417 = PRESENTATION_STYLE_ASSIGNMENT((#14418,#14423));
#14418 = SURFACE_STYLE_USAGE(.BOTH.,#14419);
#14419 = SURFACE_SIDE_STYLE('',(#14420));
#14420 = SURFACE_STYLE_FILL_AREA(#14421);
#14421 = FILL_AREA_STYLE('',(#14422));
#14422 = FILL_AREA_STYLE_COLOUR('',#14152);
#14423 = CURVE_STYLE('',#14424,POSITIVE_LENGTH_MEASURE(0.1),#14152);
#14424 = DRAUGHTING_PRE_DEFINED_CURVE_FONT('continuous');
#14425 = STYLED_ITEM('color',(#14426),#7796);
#14426 = PRESENTATION_STYLE_ASSIGNMENT((#14427,#14432));
#14427 = SURFACE_STYLE_USAGE(.BOTH.,#14428);
#14428 = SURFACE_SIDE_STYLE('',(#14429));
#14429 = SURFACE_STYLE_FILL_AREA(#14430);
#14430 = FILL_AREA_STYLE('',(#14431));
#14431 = FILL_AREA_STYLE_COLOUR('',#14152);
#14432 = CURVE_STYLE('',#14433,POSITIVE_LENGTH_MEASURE(0.1),#14152);
#14433 = DRAUGHTING_PRE_DEFINED_CURVE_FONT('continuous');
#14434 = STYLED_ITEM('color',(#14435),#7819);
#14435 = PRESENTATION_STYLE_ASSIGNMENT((#14436,#14441));
#14436 = SURFACE_STYLE_USAGE(.BOTH.,#14437);
#14437 = SURFACE_SIDE_STYLE('',(#14438));
#14438 = SURFACE_STYLE_FILL_AREA(#14439);
#14439 = FILL_AREA_STYLE('',(#14440));
#14440 = FILL_AREA_STYLE_COLOUR('',#14152);
#14441 = CURVE_STYLE('',#14442,POSITIVE_LENGTH_MEASURE(0.1),#14152);
#14442 = DRAUGHTING_PRE_DEFINED_CURVE_FONT('continuous');
#14443 = STYLED_ITEM('color',(#14444),#7842);
#14444 = PRESENTATION_STYLE_ASSIGNMENT((#14445,#14450));
#14445 = SURFACE_STYLE_USAGE(.BOTH.,#14446);
#14446 = SURFACE_SIDE_STYLE('',(#14447));
#14447 = SURFACE_STYLE_FILL_AREA(#14448);
#14448 = FILL_AREA_STYLE('',(#14449));
#14449 = FILL_AREA_STYLE_COLOUR('',#14152);
#14450 = CURVE_STYLE('',#14451,POSITIVE_LENGTH_MEASURE(0.1),#14152);
#14451 = DRAUGHTING_PRE_DEFINED_CURVE_FONT('continuous');
#14452 = STYLED_ITEM('color',(#14453),#7859);
#14453 = PRESENTATION_STYLE_ASSIGNMENT((#14454,#14459));
#14454 = SURFACE_STYLE_USAGE(.BOTH.,#14455);
#14455 = SURFACE_SIDE_STYLE('',(#14456));
#14456 = SURFACE_STYLE_FILL_AREA(#14457);
#14457 = FILL_AREA_STYLE('',(#14458));
#14458 = FILL_AREA_STYLE_COLOUR('',#13296);
#14459 = CURVE_STYLE('',#14460,POSITIVE_LENGTH_MEASURE(0.1),#13296);
#14460 = DRAUGHTING_PRE_DEFINED_CURVE_FONT('continuous');
#14461 = STYLED_ITEM('color',(#14462),#7904);
#14462 = PRESENTATION_STYLE_ASSIGNMENT((#14463,#14468));
#14463 = SURFACE_STYLE_USAGE(.BOTH.,#14464);
#14464 = SURFACE_SIDE_STYLE('',(#14465));
#14465 = SURFACE_STYLE_FILL_AREA(#14466);
#14466 = FILL_AREA_STYLE('',(#14467));
#14467 = FILL_AREA_STYLE_COLOUR('',#14152);
#14468 = CURVE_STYLE('',#14469,POSITIVE_LENGTH_MEASURE(0.1),#14152);
#14469 = DRAUGHTING_PRE_DEFINED_CURVE_FONT('continuous');
#14470 = STYLED_ITEM('color',(#14471),#7990);
#14471 = PRESENTATION_STYLE_ASSIGNMENT((#14472,#14477));
#14472 = SURFACE_STYLE_USAGE(.BOTH.,#14473);
#14473 = SURFACE_SIDE_STYLE('',(#14474));
#14474 = SURFACE_STYLE_FILL_AREA(#14475);
#14475 = FILL_AREA_STYLE('',(#14476));
#14476 = FILL_AREA_STYLE_COLOUR('',#14152);
#14477 = CURVE_STYLE('',#14478,POSITIVE_LENGTH_MEASURE(0.1),#14152);
#14478 = DRAUGHTING_PRE_DEFINED_CURVE_FONT('continuous');
#14479 = STYLED_ITEM('color',(#14480),#8013);
#14480 = PRESENTATION_STYLE_ASSIGNMENT((#14481,#14486));
#14481 = SURFACE_STYLE_USAGE(.BOTH.,#14482);
#14482 = SURFACE_SIDE_STYLE('',(#14483));
#14483 = SURFACE_STYLE_FILL_AREA(#14484);
#14484 = FILL_AREA_STYLE('',(#14485));
#14485 = FILL_AREA_STYLE_COLOUR('',#14152);
#14486 = CURVE_STYLE('',#14487,POSITIVE_LENGTH_MEASURE(0.1),#14152);
#14487 = DRAUGHTING_PRE_DEFINED_CURVE_FONT('continuous');
#14488 = STYLED_ITEM('color',(#14489),#8036);
#14489 = PRESENTATION_STYLE_ASSIGNMENT((#14490,#14495));
#14490 = SURFACE_STYLE_USAGE(.BOTH.,#14491);
#14491 = SURFACE_SIDE_STYLE('',(#14492));
#14492 = SURFACE_STYLE_FILL_AREA(#14493);
#14493 = FILL_AREA_STYLE('',(#14494));
#14494 = FILL_AREA_STYLE_COLOUR('',#14152);
#14495 = CURVE_STYLE('',#14496,POSITIVE_LENGTH_MEASURE(0.1),#14152);
#14496 = DRAUGHTING_PRE_DEFINED_CURVE_FONT('continuous');
#14497 = STYLED_ITEM('color',(#14498),#8059);
#14498 = PRESENTATION_STYLE_ASSIGNMENT((#14499,#14504));
#14499 = SURFACE_STYLE_USAGE(.BOTH.,#14500);
#14500 = SURFACE_SIDE_STYLE('',(#14501));
#14501 = SURFACE_STYLE_FILL_AREA(#14502);
#14502 = FILL_AREA_STYLE('',(#14503));
#14503 = FILL_AREA_STYLE_COLOUR('',#14152);
#14504 = CURVE_STYLE('',#14505,POSITIVE_LENGTH_MEASURE(0.1),#14152);
#14505 = DRAUGHTING_PRE_DEFINED_CURVE_FONT('continuous');
#14506 = STYLED_ITEM('color',(#14507),#8146);
#14507 = PRESENTATION_STYLE_ASSIGNMENT((#14508,#14513));
#14508 = SURFACE_STYLE_USAGE(.BOTH.,#14509);
#14509 = SURFACE_SIDE_STYLE('',(#14510));
#14510 = SURFACE_STYLE_FILL_AREA(#14511);
#14511 = FILL_AREA_STYLE('',(#14512));
#14512 = FILL_AREA_STYLE_COLOUR('',#13296);
#14513 = CURVE_STYLE('',#14514,POSITIVE_LENGTH_MEASURE(0.1),#13296);
#14514 = DRAUGHTING_PRE_DEFINED_CURVE_FONT('continuous');
#14515 = STYLED_ITEM('color',(#14516),#8184);
#14516 = PRESENTATION_STYLE_ASSIGNMENT((#14517,#14522));
#14517 = SURFACE_STYLE_USAGE(.BOTH.,#14518);
#14518 = SURFACE_SIDE_STYLE('',(#14519));
#14519 = SURFACE_STYLE_FILL_AREA(#14520);
#14520 = FILL_AREA_STYLE('',(#14521));
#14521 = FILL_AREA_STYLE_COLOUR('',#14152);
#14522 = CURVE_STYLE('',#14523,POSITIVE_LENGTH_MEASURE(0.1),#14152);
#14523 = DRAUGHTING_PRE_DEFINED_CURVE_FONT('continuous');
#14524 = STYLED_ITEM('color',(#14525),#8233);
#14525 = PRESENTATION_STYLE_ASSIGNMENT((#14526,#14531));
#14526 = SURFACE_STYLE_USAGE(.BOTH.,#14527);
#14527 = SURFACE_SIDE_STYLE('',(#14528));
#14528 = SURFACE_STYLE_FILL_AREA(#14529);
#14529 = FILL_AREA_STYLE('',(#14530));
#14530 = FILL_AREA_STYLE_COLOUR('',#13296);
#14531 = CURVE_STYLE('',#14532,POSITIVE_LENGTH_MEASURE(0.1),#13296);
#14532 = DRAUGHTING_PRE_DEFINED_CURVE_FONT('continuous');
#14533 = STYLED_ITEM('color',(#14534),#8325);
#14534 = PRESENTATION_STYLE_ASSIGNMENT((#14535,#14540));
#14535 = SURFACE_STYLE_USAGE(.BOTH.,#14536);
#14536 = SURFACE_SIDE_STYLE('',(#14537));
#14537 = SURFACE_STYLE_FILL_AREA(#14538);
#14538 = FILL_AREA_STYLE('',(#14539));
#14539 = FILL_AREA_STYLE_COLOUR('',#13296);
#14540 = CURVE_STYLE('',#14541,POSITIVE_LENGTH_MEASURE(0.1),#13296);
#14541 = DRAUGHTING_PRE_DEFINED_CURVE_FONT('continuous');
#14542 = STYLED_ITEM('color',(#14543),#8350);
#14543 = PRESENTATION_STYLE_ASSIGNMENT((#14544,#14549));
#14544 = SURFACE_STYLE_USAGE(.BOTH.,#14545);
#14545 = SURFACE_SIDE_STYLE('',(#14546));
#14546 = SURFACE_STYLE_FILL_AREA(#14547);
#14547 = FILL_AREA_STYLE('',(#14548));
#14548 = FILL_AREA_STYLE_COLOUR('',#13296);
#14549 = CURVE_STYLE('',#14550,POSITIVE_LENGTH_MEASURE(0.1),#13296);
#14550 = DRAUGHTING_PRE_DEFINED_CURVE_FONT('continuous');
#14551 = STYLED_ITEM('color',(#14552),#8434);
#14552 = PRESENTATION_STYLE_ASSIGNMENT((#14553,#14558));
#14553 = SURFACE_STYLE_USAGE(.BOTH.,#14554);
#14554 = SURFACE_SIDE_STYLE('',(#14555));
#14555 = SURFACE_STYLE_FILL_AREA(#14556);
#14556 = FILL_AREA_STYLE('',(#14557));
#14557 = FILL_AREA_STYLE_COLOUR('',#14152);
#14558 = CURVE_STYLE('',#14559,POSITIVE_LENGTH_MEASURE(0.1),#14152);
#14559 = DRAUGHTING_PRE_DEFINED_CURVE_FONT('continuous');
#14560 = STYLED_ITEM('color',(#14561),#8456);
#14561 = PRESENTATION_STYLE_ASSIGNMENT((#14562,#14567));
#14562 = SURFACE_STYLE_USAGE(.BOTH.,#14563);
#14563 = SURFACE_SIDE_STYLE('',(#14564));
#14564 = SURFACE_STYLE_FILL_AREA(#14565);
#14565 = FILL_AREA_STYLE('',(#14566));
#14566 = FILL_AREA_STYLE_COLOUR('',#13296);
#14567 = CURVE_STYLE('',#14568,POSITIVE_LENGTH_MEASURE(0.1),#13296);
#14568 = DRAUGHTING_PRE_DEFINED_CURVE_FONT('continuous');
#14569 = STYLED_ITEM('color',(#14570),#8548);
#14570 = PRESENTATION_STYLE_ASSIGNMENT((#14571,#14576));
#14571 = SURFACE_STYLE_USAGE(.BOTH.,#14572);
#14572 = SURFACE_SIDE_STYLE('',(#14573));
#14573 = SURFACE_STYLE_FILL_AREA(#14574);
#14574 = FILL_AREA_STYLE('',(#14575));
#14575 = FILL_AREA_STYLE_COLOUR('',#13296);
#14576 = CURVE_STYLE('',#14577,POSITIVE_LENGTH_MEASURE(0.1),#13296);
#14577 = DRAUGHTING_PRE_DEFINED_CURVE_FONT('continuous');
#14578 = STYLED_ITEM('color',(#14579),#8573);
#14579 = PRESENTATION_STYLE_ASSIGNMENT((#14580,#14585));
#14580 = SURFACE_STYLE_USAGE(.BOTH.,#14581);
#14581 = SURFACE_SIDE_STYLE('',(#14582));
#14582 = SURFACE_STYLE_FILL_AREA(#14583);
#14583 = FILL_AREA_STYLE('',(#14584));
#14584 = FILL_AREA_STYLE_COLOUR('',#13296);
#14585 = CURVE_STYLE('',#14586,POSITIVE_LENGTH_MEASURE(0.1),#13296);
#14586 = DRAUGHTING_PRE_DEFINED_CURVE_FONT('continuous');
#14587 = STYLED_ITEM('color',(#14588),#8657);
#14588 = PRESENTATION_STYLE_ASSIGNMENT((#14589,#14594));
#14589 = SURFACE_STYLE_USAGE(.BOTH.,#14590);
#14590 = SURFACE_SIDE_STYLE('',(#14591));
#14591 = SURFACE_STYLE_FILL_AREA(#14592);
#14592 = FILL_AREA_STYLE('',(#14593));
#14593 = FILL_AREA_STYLE_COLOUR('',#14152);
#14594 = CURVE_STYLE('',#14595,POSITIVE_LENGTH_MEASURE(0.1),#14152);
#14595 = DRAUGHTING_PRE_DEFINED_CURVE_FONT('continuous');
#14596 = STYLED_ITEM('color',(#14597),#8679);
#14597 = PRESENTATION_STYLE_ASSIGNMENT((#14598,#14603));
#14598 = SURFACE_STYLE_USAGE(.BOTH.,#14599);
#14599 = SURFACE_SIDE_STYLE('',(#14600));
#14600 = SURFACE_STYLE_FILL_AREA(#14601);
#14601 = FILL_AREA_STYLE('',(#14602));
#14602 = FILL_AREA_STYLE_COLOUR('',#13296);
#14603 = CURVE_STYLE('',#14604,POSITIVE_LENGTH_MEASURE(0.1),#13296);
#14604 = DRAUGHTING_PRE_DEFINED_CURVE_FONT('continuous');
#14605 = STYLED_ITEM('color',(#14606),#8771);
#14606 = PRESENTATION_STYLE_ASSIGNMENT((#14607,#14612));
#14607 = SURFACE_STYLE_USAGE(.BOTH.,#14608);
#14608 = SURFACE_SIDE_STYLE('',(#14609));
#14609 = SURFACE_STYLE_FILL_AREA(#14610);
#14610 = FILL_AREA_STYLE('',(#14611));
#14611 = FILL_AREA_STYLE_COLOUR('',#13296);
#14612 = CURVE_STYLE('',#14613,POSITIVE_LENGTH_MEASURE(0.1),#13296);
#14613 = DRAUGHTING_PRE_DEFINED_CURVE_FONT('continuous');
#14614 = STYLED_ITEM('color',(#14615),#8796);
#14615 = PRESENTATION_STYLE_ASSIGNMENT((#14616,#14621));
#14616 = SURFACE_STYLE_USAGE(.BOTH.,#14617);
#14617 = SURFACE_SIDE_STYLE('',(#14618));
#14618 = SURFACE_STYLE_FILL_AREA(#14619);
#14619 = FILL_AREA_STYLE('',(#14620));
#14620 = FILL_AREA_STYLE_COLOUR('',#13296);
#14621 = CURVE_STYLE('',#14622,POSITIVE_LENGTH_MEASURE(0.1),#13296);
#14622 = DRAUGHTING_PRE_DEFINED_CURVE_FONT('continuous');
#14623 = STYLED_ITEM('color',(#14624),#8880);
#14624 = PRESENTATION_STYLE_ASSIGNMENT((#14625,#14630));
#14625 = SURFACE_STYLE_USAGE(.BOTH.,#14626);
#14626 = SURFACE_SIDE_STYLE('',(#14627));
#14627 = SURFACE_STYLE_FILL_AREA(#14628);
#14628 = FILL_AREA_STYLE('',(#14629));
#14629 = FILL_AREA_STYLE_COLOUR('',#14152);
#14630 = CURVE_STYLE('',#14631,POSITIVE_LENGTH_MEASURE(0.1),#14152);
#14631 = DRAUGHTING_PRE_DEFINED_CURVE_FONT('continuous');
#14632 = STYLED_ITEM('color',(#14633),#8897);
#14633 = PRESENTATION_STYLE_ASSIGNMENT((#14634,#14639));
#14634 = SURFACE_STYLE_USAGE(.BOTH.,#14635);
#14635 = SURFACE_SIDE_STYLE('',(#14636));
#14636 = SURFACE_STYLE_FILL_AREA(#14637);
#14637 = FILL_AREA_STYLE('',(#14638));
#14638 = FILL_AREA_STYLE_COLOUR('',#13296);
#14639 = CURVE_STYLE('',#14640,POSITIVE_LENGTH_MEASURE(0.1),#13296);
#14640 = DRAUGHTING_PRE_DEFINED_CURVE_FONT('continuous');
#14641 = STYLED_ITEM('color',(#14642),#8982);
#14642 = PRESENTATION_STYLE_ASSIGNMENT((#14643,#14648));
#14643 = SURFACE_STYLE_USAGE(.BOTH.,#14644);
#14644 = SURFACE_SIDE_STYLE('',(#14645));
#14645 = SURFACE_STYLE_FILL_AREA(#14646);
#14646 = FILL_AREA_STYLE('',(#14647));
#14647 = FILL_AREA_STYLE_COLOUR('',#13296);
#14648 = CURVE_STYLE('',#14649,POSITIVE_LENGTH_MEASURE(0.1),#13296);
#14649 = DRAUGHTING_PRE_DEFINED_CURVE_FONT('continuous');
#14650 = STYLED_ITEM('color',(#14651),#9007);
#14651 = PRESENTATION_STYLE_ASSIGNMENT((#14652,#14657));
#14652 = SURFACE_STYLE_USAGE(.BOTH.,#14653);
#14653 = SURFACE_SIDE_STYLE('',(#14654));
#14654 = SURFACE_STYLE_FILL_AREA(#14655);
#14655 = FILL_AREA_STYLE('',(#14656));
#14656 = FILL_AREA_STYLE_COLOUR('',#13296);
#14657 = CURVE_STYLE('',#14658,POSITIVE_LENGTH_MEASURE(0.1),#13296);
#14658 = DRAUGHTING_PRE_DEFINED_CURVE_FONT('continuous');
#14659 = STYLED_ITEM('color',(#14660),#9084);
#14660 = PRESENTATION_STYLE_ASSIGNMENT((#14661,#14666));
#14661 = SURFACE_STYLE_USAGE(.BOTH.,#14662);
#14662 = SURFACE_SIDE_STYLE('',(#14663));
#14663 = SURFACE_STYLE_FILL_AREA(#14664);
#14664 = FILL_AREA_STYLE('',(#14665));
#14665 = FILL_AREA_STYLE_COLOUR('',#13296);
#14666 = CURVE_STYLE('',#14667,POSITIVE_LENGTH_MEASURE(0.1),#13296);
#14667 = DRAUGHTING_PRE_DEFINED_CURVE_FONT('continuous');
#14668 = STYLED_ITEM('color',(#14669),#9169);
#14669 = PRESENTATION_STYLE_ASSIGNMENT((#14670,#14675));
#14670 = SURFACE_STYLE_USAGE(.BOTH.,#14671);
#14671 = SURFACE_SIDE_STYLE('',(#14672));
#14672 = SURFACE_STYLE_FILL_AREA(#14673);
#14673 = FILL_AREA_STYLE('',(#14674));
#14674 = FILL_AREA_STYLE_COLOUR('',#13296);
#14675 = CURVE_STYLE('',#14676,POSITIVE_LENGTH_MEASURE(0.1),#13296);
#14676 = DRAUGHTING_PRE_DEFINED_CURVE_FONT('continuous');
#14677 = STYLED_ITEM('color',(#14678),#9194);
#14678 = PRESENTATION_STYLE_ASSIGNMENT((#14679,#14684));
#14679 = SURFACE_STYLE_USAGE(.BOTH.,#14680);
#14680 = SURFACE_SIDE_STYLE('',(#14681));
#14681 = SURFACE_STYLE_FILL_AREA(#14682);
#14682 = FILL_AREA_STYLE('',(#14683));
#14683 = FILL_AREA_STYLE_COLOUR('',#13296);
#14684 = CURVE_STYLE('',#14685,POSITIVE_LENGTH_MEASURE(0.1),#13296);
#14685 = DRAUGHTING_PRE_DEFINED_CURVE_FONT('continuous');
#14686 = STYLED_ITEM('color',(#14687),#9271);
#14687 = PRESENTATION_STYLE_ASSIGNMENT((#14688,#14693));
#14688 = SURFACE_STYLE_USAGE(.BOTH.,#14689);
#14689 = SURFACE_SIDE_STYLE('',(#14690));
#14690 = SURFACE_STYLE_FILL_AREA(#14691);
#14691 = FILL_AREA_STYLE('',(#14692));
#14692 = FILL_AREA_STYLE_COLOUR('',#14152);
#14693 = CURVE_STYLE('',#14694,POSITIVE_LENGTH_MEASURE(0.1),#14152);
#14694 = DRAUGHTING_PRE_DEFINED_CURVE_FONT('continuous');
#14695 = STYLED_ITEM('color',(#14696),#9288);
#14696 = PRESENTATION_STYLE_ASSIGNMENT((#14697,#14702));
#14697 = SURFACE_STYLE_USAGE(.BOTH.,#14698);
#14698 = SURFACE_SIDE_STYLE('',(#14699));
#14699 = SURFACE_STYLE_FILL_AREA(#14700);
#14700 = FILL_AREA_STYLE('',(#14701));
#14701 = FILL_AREA_STYLE_COLOUR('',#13296);
#14702 = CURVE_STYLE('',#14703,POSITIVE_LENGTH_MEASURE(0.1),#13296);
#14703 = DRAUGHTING_PRE_DEFINED_CURVE_FONT('continuous');
#14704 = STYLED_ITEM('color',(#14705),#9380);
#14705 = PRESENTATION_STYLE_ASSIGNMENT((#14706,#14711));
#14706 = SURFACE_STYLE_USAGE(.BOTH.,#14707);
#14707 = SURFACE_SIDE_STYLE('',(#14708));
#14708 = SURFACE_STYLE_FILL_AREA(#14709);
#14709 = FILL_AREA_STYLE('',(#14710));
#14710 = FILL_AREA_STYLE_COLOUR('',#13296);
#14711 = CURVE_STYLE('',#14712,POSITIVE_LENGTH_MEASURE(0.1),#13296);
#14712 = DRAUGHTING_PRE_DEFINED_CURVE_FONT('continuous');
#14713 = STYLED_ITEM('color',(#14714),#9405);
#14714 = PRESENTATION_STYLE_ASSIGNMENT((#14715,#14720));
#14715 = SURFACE_STYLE_USAGE(.BOTH.,#14716);
#14716 = SURFACE_SIDE_STYLE('',(#14717));
#14717 = SURFACE_STYLE_FILL_AREA(#14718);
#14718 = FILL_AREA_STYLE('',(#14719));
#14719 = FILL_AREA_STYLE_COLOUR('',#13296);
#14720 = CURVE_STYLE('',#14721,POSITIVE_LENGTH_MEASURE(0.1),#13296);
#14721 = DRAUGHTING_PRE_DEFINED_CURVE_FONT('continuous');
#14722 = STYLED_ITEM('color',(#14723),#9489);
#14723 = PRESENTATION_STYLE_ASSIGNMENT((#14724,#14729));
#14724 = SURFACE_STYLE_USAGE(.BOTH.,#14725);
#14725 = SURFACE_SIDE_STYLE('',(#14726));
#14726 = SURFACE_STYLE_FILL_AREA(#14727);
#14727 = FILL_AREA_STYLE('',(#14728));
#14728 = FILL_AREA_STYLE_COLOUR('',#14152);
#14729 = CURVE_STYLE('',#14730,POSITIVE_LENGTH_MEASURE(0.1),#14152);
#14730 = DRAUGHTING_PRE_DEFINED_CURVE_FONT('continuous');
#14731 = STYLED_ITEM('color',(#14732),#9511);
#14732 = PRESENTATION_STYLE_ASSIGNMENT((#14733,#14738));
#14733 = SURFACE_STYLE_USAGE(.BOTH.,#14734);
#14734 = SURFACE_SIDE_STYLE('',(#14735));
#14735 = SURFACE_STYLE_FILL_AREA(#14736);
#14736 = FILL_AREA_STYLE('',(#14737));
#14737 = FILL_AREA_STYLE_COLOUR('',#13296);
#14738 = CURVE_STYLE('',#14739,POSITIVE_LENGTH_MEASURE(0.1),#13296);
#14739 = DRAUGHTING_PRE_DEFINED_CURVE_FONT('continuous');
#14740 = STYLED_ITEM('color',(#14741),#9603);
#14741 = PRESENTATION_STYLE_ASSIGNMENT((#14742,#14747));
#14742 = SURFACE_STYLE_USAGE(.BOTH.,#14743);
#14743 = SURFACE_SIDE_STYLE('',(#14744));
#14744 = SURFACE_STYLE_FILL_AREA(#14745);
#14745 = FILL_AREA_STYLE('',(#14746));
#14746 = FILL_AREA_STYLE_COLOUR('',#13296);
#14747 = CURVE_STYLE('',#14748,POSITIVE_LENGTH_MEASURE(0.1),#13296);
#14748 = DRAUGHTING_PRE_DEFINED_CURVE_FONT('continuous');
#14749 = STYLED_ITEM('color',(#14750),#9628);
#14750 = PRESENTATION_STYLE_ASSIGNMENT((#14751,#14756));
#14751 = SURFACE_STYLE_USAGE(.BOTH.,#14752);
#14752 = SURFACE_SIDE_STYLE('',(#14753));
#14753 = SURFACE_STYLE_FILL_AREA(#14754);
#14754 = FILL_AREA_STYLE('',(#14755));
#14755 = FILL_AREA_STYLE_COLOUR('',#13296);
#14756 = CURVE_STYLE('',#14757,POSITIVE_LENGTH_MEASURE(0.1),#13296);
#14757 = DRAUGHTING_PRE_DEFINED_CURVE_FONT('continuous');
#14758 = STYLED_ITEM('color',(#14759),#9712);
#14759 = PRESENTATION_STYLE_ASSIGNMENT((#14760,#14765));
#14760 = SURFACE_STYLE_USAGE(.BOTH.,#14761);
#14761 = SURFACE_SIDE_STYLE('',(#14762));
#14762 = SURFACE_STYLE_FILL_AREA(#14763);
#14763 = FILL_AREA_STYLE('',(#14764));
#14764 = FILL_AREA_STYLE_COLOUR('',#14152);
#14765 = CURVE_STYLE('',#14766,POSITIVE_LENGTH_MEASURE(0.1),#14152);
#14766 = DRAUGHTING_PRE_DEFINED_CURVE_FONT('continuous');
#14767 = STYLED_ITEM('color',(#14768),#9734);
#14768 = PRESENTATION_STYLE_ASSIGNMENT((#14769,#14774));
#14769 = SURFACE_STYLE_USAGE(.BOTH.,#14770);
#14770 = SURFACE_SIDE_STYLE('',(#14771));
#14771 = SURFACE_STYLE_FILL_AREA(#14772);
#14772 = FILL_AREA_STYLE('',(#14773));
#14773 = FILL_AREA_STYLE_COLOUR('',#13296);
#14774 = CURVE_STYLE('',#14775,POSITIVE_LENGTH_MEASURE(0.1),#13296);
#14775 = DRAUGHTING_PRE_DEFINED_CURVE_FONT('continuous');
#14776 = STYLED_ITEM('color',(#14777),#9826);
#14777 = PRESENTATION_STYLE_ASSIGNMENT((#14778,#14783));
#14778 = SURFACE_STYLE_USAGE(.BOTH.,#14779);
#14779 = SURFACE_SIDE_STYLE('',(#14780));
#14780 = SURFACE_STYLE_FILL_AREA(#14781);
#14781 = FILL_AREA_STYLE('',(#14782));
#14782 = FILL_AREA_STYLE_COLOUR('',#13296);
#14783 = CURVE_STYLE('',#14784,POSITIVE_LENGTH_MEASURE(0.1),#13296);
#14784 = DRAUGHTING_PRE_DEFINED_CURVE_FONT('continuous');
#14785 = STYLED_ITEM('color',(#14786),#9851);
#14786 = PRESENTATION_STYLE_ASSIGNMENT((#14787,#14792));
#14787 = SURFACE_STYLE_USAGE(.BOTH.,#14788);
#14788 = SURFACE_SIDE_STYLE('',(#14789));
#14789 = SURFACE_STYLE_FILL_AREA(#14790);
#14790 = FILL_AREA_STYLE('',(#14791));
#14791 = FILL_AREA_STYLE_COLOUR('',#13296);
#14792 = CURVE_STYLE('',#14793,POSITIVE_LENGTH_MEASURE(0.1),#13296);
#14793 = DRAUGHTING_PRE_DEFINED_CURVE_FONT('continuous');
#14794 = STYLED_ITEM('color',(#14795),#9935);
#14795 = PRESENTATION_STYLE_ASSIGNMENT((#14796,#14801));
#14796 = SURFACE_STYLE_USAGE(.BOTH.,#14797);
#14797 = SURFACE_SIDE_STYLE('',(#14798));
#14798 = SURFACE_STYLE_FILL_AREA(#14799);
#14799 = FILL_AREA_STYLE('',(#14800));
#14800 = FILL_AREA_STYLE_COLOUR('',#13296);
#14801 = CURVE_STYLE('',#14802,POSITIVE_LENGTH_MEASURE(0.1),#13296);
#14802 = DRAUGHTING_PRE_DEFINED_CURVE_FONT('continuous');
#14803 = STYLED_ITEM('color',(#14804),#9952);
#14804 = PRESENTATION_STYLE_ASSIGNMENT((#14805,#14810));
#14805 = SURFACE_STYLE_USAGE(.BOTH.,#14806);
#14806 = SURFACE_SIDE_STYLE('',(#14807));
#14807 = SURFACE_STYLE_FILL_AREA(#14808);
#14808 = FILL_AREA_STYLE('',(#14809));
#14809 = FILL_AREA_STYLE_COLOUR('',#13296);
#14810 = CURVE_STYLE('',#14811,POSITIVE_LENGTH_MEASURE(0.1),#13296);
#14811 = DRAUGHTING_PRE_DEFINED_CURVE_FONT('continuous');
#14812 = STYLED_ITEM('color',(#14813),#9971);
#14813 = PRESENTATION_STYLE_ASSIGNMENT((#14814,#14819));
#14814 = SURFACE_STYLE_USAGE(.BOTH.,#14815);
#14815 = SURFACE_SIDE_STYLE('',(#14816));
#14816 = SURFACE_STYLE_FILL_AREA(#14817);
#14817 = FILL_AREA_STYLE('',(#14818));
#14818 = FILL_AREA_STYLE_COLOUR('',#13296);
#14819 = CURVE_STYLE('',#14820,POSITIVE_LENGTH_MEASURE(0.1),#13296);
#14820 = DRAUGHTING_PRE_DEFINED_CURVE_FONT('continuous');
#14821 = STYLED_ITEM('color',(#14822),#9990);
#14822 = PRESENTATION_STYLE_ASSIGNMENT((#14823,#14828));
#14823 = SURFACE_STYLE_USAGE(.BOTH.,#14824);
#14824 = SURFACE_SIDE_STYLE('',(#14825));
#14825 = SURFACE_STYLE_FILL_AREA(#14826);
#14826 = FILL_AREA_STYLE('',(#14827));
#14827 = FILL_AREA_STYLE_COLOUR('',#13296);
#14828 = CURVE_STYLE('',#14829,POSITIVE_LENGTH_MEASURE(0.1),#13296);
#14829 = DRAUGHTING_PRE_DEFINED_CURVE_FONT('continuous');
#14830 = STYLED_ITEM('color',(#14831),#10009);
#14831 = PRESENTATION_STYLE_ASSIGNMENT((#14832,#14837));
#14832 = SURFACE_STYLE_USAGE(.BOTH.,#14833);
#14833 = SURFACE_SIDE_STYLE('',(#14834));
#14834 = SURFACE_STYLE_FILL_AREA(#14835);
#14835 = FILL_AREA_STYLE('',(#14836));
#14836 = FILL_AREA_STYLE_COLOUR('',#14152);
#14837 = CURVE_STYLE('',#14838,POSITIVE_LENGTH_MEASURE(0.1),#14152);
#14838 = DRAUGHTING_PRE_DEFINED_CURVE_FONT('continuous');
#14839 = STYLED_ITEM('color',(#14840),#10055);
#14840 = PRESENTATION_STYLE_ASSIGNMENT((#14841,#14846));
#14841 = SURFACE_STYLE_USAGE(.BOTH.,#14842);
#14842 = SURFACE_SIDE_STYLE('',(#14843));
#14843 = SURFACE_STYLE_FILL_AREA(#14844);
#14844 = FILL_AREA_STYLE('',(#14845));
#14845 = FILL_AREA_STYLE_COLOUR('',#14152);
#14846 = CURVE_STYLE('',#14847,POSITIVE_LENGTH_MEASURE(0.1),#14152);
#14847 = DRAUGHTING_PRE_DEFINED_CURVE_FONT('continuous');
#14848 = STYLED_ITEM('color',(#14849),#10071);
#14849 = PRESENTATION_STYLE_ASSIGNMENT((#14850,#14855));
#14850 = SURFACE_STYLE_USAGE(.BOTH.,#14851);
#14851 = SURFACE_SIDE_STYLE('',(#14852));
#14852 = SURFACE_STYLE_FILL_AREA(#14853);
#14853 = FILL_AREA_STYLE('',(#14854));
#14854 = FILL_AREA_STYLE_COLOUR('',#13296);
#14855 = CURVE_STYLE('',#14856,POSITIVE_LENGTH_MEASURE(0.1),#13296);
#14856 = DRAUGHTING_PRE_DEFINED_CURVE_FONT('continuous');
#14857 = STYLED_ITEM('color',(#14858),#10090);
#14858 = PRESENTATION_STYLE_ASSIGNMENT((#14859,#14864));
#14859 = SURFACE_STYLE_USAGE(.BOTH.,#14860);
#14860 = SURFACE_SIDE_STYLE('',(#14861));
#14861 = SURFACE_STYLE_FILL_AREA(#14862);
#14862 = FILL_AREA_STYLE('',(#14863));
#14863 = FILL_AREA_STYLE_COLOUR('',#13296);
#14864 = CURVE_STYLE('',#14865,POSITIVE_LENGTH_MEASURE(0.1),#13296);
#14865 = DRAUGHTING_PRE_DEFINED_CURVE_FONT('continuous');
#14866 = STYLED_ITEM('color',(#14867),#10109);
#14867 = PRESENTATION_STYLE_ASSIGNMENT((#14868,#14873));
#14868 = SURFACE_STYLE_USAGE(.BOTH.,#14869);
#14869 = SURFACE_SIDE_STYLE('',(#14870));
#14870 = SURFACE_STYLE_FILL_AREA(#14871);
#14871 = FILL_AREA_STYLE('',(#14872));
#14872 = FILL_AREA_STYLE_COLOUR('',#13296);
#14873 = CURVE_STYLE('',#14874,POSITIVE_LENGTH_MEASURE(0.1),#13296);
#14874 = DRAUGHTING_PRE_DEFINED_CURVE_FONT('continuous');
#14875 = STYLED_ITEM('color',(#14876),#10128);
#14876 = PRESENTATION_STYLE_ASSIGNMENT((#14877,#14882));
#14877 = SURFACE_STYLE_USAGE(.BOTH.,#14878);
#14878 = SURFACE_SIDE_STYLE('',(#14879));
#14879 = SURFACE_STYLE_FILL_AREA(#14880);
#14880 = FILL_AREA_STYLE('',(#14881));
#14881 = FILL_AREA_STYLE_COLOUR('',#14152);
#14882 = CURVE_STYLE('',#14883,POSITIVE_LENGTH_MEASURE(0.1),#14152);
#14883 = DRAUGHTING_PRE_DEFINED_CURVE_FONT('continuous');
#14884 = STYLED_ITEM('color',(#14885),#10144);
#14885 = PRESENTATION_STYLE_ASSIGNMENT((#14886,#14891));
#14886 = SURFACE_STYLE_USAGE(.BOTH.,#14887);
#14887 = SURFACE_SIDE_STYLE('',(#14888));
#14888 = SURFACE_STYLE_FILL_AREA(#14889);
#14889 = FILL_AREA_STYLE('',(#14890));
#14890 = FILL_AREA_STYLE_COLOUR('',#13296);
#14891 = CURVE_STYLE('',#14892,POSITIVE_LENGTH_MEASURE(0.1),#13296);
#14892 = DRAUGHTING_PRE_DEFINED_CURVE_FONT('continuous');
#14893 = STYLED_ITEM('color',(#14894),#10161);
#14894 = PRESENTATION_STYLE_ASSIGNMENT((#14895,#14900));
#14895 = SURFACE_STYLE_USAGE(.BOTH.,#14896);
#14896 = SURFACE_SIDE_STYLE('',(#14897));
#14897 = SURFACE_STYLE_FILL_AREA(#14898);
#14898 = FILL_AREA_STYLE('',(#14899));
#14899 = FILL_AREA_STYLE_COLOUR('',#14152);
#14900 = CURVE_STYLE('',#14901,POSITIVE_LENGTH_MEASURE(0.1),#14152);
#14901 = DRAUGHTING_PRE_DEFINED_CURVE_FONT('continuous');
#14902 = STYLED_ITEM('color',(#14903),#10173);
#14903 = PRESENTATION_STYLE_ASSIGNMENT((#14904,#14909));
#14904 = SURFACE_STYLE_USAGE(.BOTH.,#14905);
#14905 = SURFACE_SIDE_STYLE('',(#14906));
#14906 = SURFACE_STYLE_FILL_AREA(#14907);
#14907 = FILL_AREA_STYLE('',(#14908));
#14908 = FILL_AREA_STYLE_COLOUR('',#13296);
#14909 = CURVE_STYLE('',#14910,POSITIVE_LENGTH_MEASURE(0.1),#13296);
#14910 = DRAUGHTING_PRE_DEFINED_CURVE_FONT('continuous');
#14911 = STYLED_ITEM('color',(#14912),#10190);
#14912 = PRESENTATION_STYLE_ASSIGNMENT((#14913,#14918));
#14913 = SURFACE_STYLE_USAGE(.BOTH.,#14914);
#14914 = SURFACE_SIDE_STYLE('',(#14915));
#14915 = SURFACE_STYLE_FILL_AREA(#14916);
#14916 = FILL_AREA_STYLE('',(#14917));
#14917 = FILL_AREA_STYLE_COLOUR('',#13296);
#14918 = CURVE_STYLE('',#14919,POSITIVE_LENGTH_MEASURE(0.1),#13296);
#14919 = DRAUGHTING_PRE_DEFINED_CURVE_FONT('continuous');
#14920 = STYLED_ITEM('color',(#14921),#10207);
#14921 = PRESENTATION_STYLE_ASSIGNMENT((#14922,#14927));
#14922 = SURFACE_STYLE_USAGE(.BOTH.,#14923);
#14923 = SURFACE_SIDE_STYLE('',(#14924));
#14924 = SURFACE_STYLE_FILL_AREA(#14925);
#14925 = FILL_AREA_STYLE('',(#14926));
#14926 = FILL_AREA_STYLE_COLOUR('',#13296);
#14927 = CURVE_STYLE('',#14928,POSITIVE_LENGTH_MEASURE(0.1),#13296);
#14928 = DRAUGHTING_PRE_DEFINED_CURVE_FONT('continuous');
#14929 = STYLED_ITEM('color',(#14930),#10224);
#14930 = PRESENTATION_STYLE_ASSIGNMENT((#14931,#14936));
#14931 = SURFACE_STYLE_USAGE(.BOTH.,#14932);
#14932 = SURFACE_SIDE_STYLE('',(#14933));
#14933 = SURFACE_STYLE_FILL_AREA(#14934);
#14934 = FILL_AREA_STYLE('',(#14935));
#14935 = FILL_AREA_STYLE_COLOUR('',#13296);
#14936 = CURVE_STYLE('',#14937,POSITIVE_LENGTH_MEASURE(0.1),#13296);
#14937 = DRAUGHTING_PRE_DEFINED_CURVE_FONT('continuous');
#14938 = STYLED_ITEM('color',(#14939),#10241);
#14939 = PRESENTATION_STYLE_ASSIGNMENT((#14940,#14945));
#14940 = SURFACE_STYLE_USAGE(.BOTH.,#14941);
#14941 = SURFACE_SIDE_STYLE('',(#14942));
#14942 = SURFACE_STYLE_FILL_AREA(#14943);
#14943 = FILL_AREA_STYLE('',(#14944));
#14944 = FILL_AREA_STYLE_COLOUR('',#13296);
#14945 = CURVE_STYLE('',#14946,POSITIVE_LENGTH_MEASURE(0.1),#13296);
#14946 = DRAUGHTING_PRE_DEFINED_CURVE_FONT('continuous');
#14947 = STYLED_ITEM('color',(#14948),#10258);
#14948 = PRESENTATION_STYLE_ASSIGNMENT((#14949,#14954));
#14949 = SURFACE_STYLE_USAGE(.BOTH.,#14950);
#14950 = SURFACE_SIDE_STYLE('',(#14951));
#14951 = SURFACE_STYLE_FILL_AREA(#14952);
#14952 = FILL_AREA_STYLE('',(#14953));
#14953 = FILL_AREA_STYLE_COLOUR('',#13296);
#14954 = CURVE_STYLE('',#14955,POSITIVE_LENGTH_MEASURE(0.1),#13296);
#14955 = DRAUGHTING_PRE_DEFINED_CURVE_FONT('continuous');
#14956 = STYLED_ITEM('color',(#14957),#10275);
#14957 = PRESENTATION_STYLE_ASSIGNMENT((#14958,#14963));
#14958 = SURFACE_STYLE_USAGE(.BOTH.,#14959);
#14959 = SURFACE_SIDE_STYLE('',(#14960));
#14960 = SURFACE_STYLE_FILL_AREA(#14961);
#14961 = FILL_AREA_STYLE('',(#14962));
#14962 = FILL_AREA_STYLE_COLOUR('',#13296);
#14963 = CURVE_STYLE('',#14964,POSITIVE_LENGTH_MEASURE(0.1),#13296);
#14964 = DRAUGHTING_PRE_DEFINED_CURVE_FONT('continuous');
#14965 = STYLED_ITEM('color',(#14966),#10292);
#14966 = PRESENTATION_STYLE_ASSIGNMENT((#14967,#14972));
#14967 = SURFACE_STYLE_USAGE(.BOTH.,#14968);
#14968 = SURFACE_SIDE_STYLE('',(#14969));
#14969 = SURFACE_STYLE_FILL_AREA(#14970);
#14970 = FILL_AREA_STYLE('',(#14971));
#14971 = FILL_AREA_STYLE_COLOUR('',#13296);
#14972 = CURVE_STYLE('',#14973,POSITIVE_LENGTH_MEASURE(0.1),#13296);
#14973 = DRAUGHTING_PRE_DEFINED_CURVE_FONT('continuous');
#14974 = STYLED_ITEM('color',(#14975),#10304);
#14975 = PRESENTATION_STYLE_ASSIGNMENT((#14976,#14981));
#14976 = SURFACE_STYLE_USAGE(.BOTH.,#14977);
#14977 = SURFACE_SIDE_STYLE('',(#14978));
#14978 = SURFACE_STYLE_FILL_AREA(#14979);
#14979 = FILL_AREA_STYLE('',(#14980));
#14980 = FILL_AREA_STYLE_COLOUR('',#13296);
#14981 = CURVE_STYLE('',#14982,POSITIVE_LENGTH_MEASURE(0.1),#13296);
#14982 = DRAUGHTING_PRE_DEFINED_CURVE_FONT('continuous');
#14983 = STYLED_ITEM('color',(#14984),#10321);
#14984 = PRESENTATION_STYLE_ASSIGNMENT((#14985,#14990));
#14985 = SURFACE_STYLE_USAGE(.BOTH.,#14986);
#14986 = SURFACE_SIDE_STYLE('',(#14987));
#14987 = SURFACE_STYLE_FILL_AREA(#14988);
#14988 = FILL_AREA_STYLE('',(#14989));
#14989 = FILL_AREA_STYLE_COLOUR('',#13296);
#14990 = CURVE_STYLE('',#14991,POSITIVE_LENGTH_MEASURE(0.1),#13296);
#14991 = DRAUGHTING_PRE_DEFINED_CURVE_FONT('continuous');
#14992 = STYLED_ITEM('color',(#14993),#10338);
#14993 = PRESENTATION_STYLE_ASSIGNMENT((#14994,#14999));
#14994 = SURFACE_STYLE_USAGE(.BOTH.,#14995);
#14995 = SURFACE_SIDE_STYLE('',(#14996));
#14996 = SURFACE_STYLE_FILL_AREA(#14997);
#14997 = FILL_AREA_STYLE('',(#14998));
#14998 = FILL_AREA_STYLE_COLOUR('',#13296);
#14999 = CURVE_STYLE('',#15000,POSITIVE_LENGTH_MEASURE(0.1),#13296);
#15000 = DRAUGHTING_PRE_DEFINED_CURVE_FONT('continuous');
#15001 = STYLED_ITEM('color',(#15002),#10355);
#15002 = PRESENTATION_STYLE_ASSIGNMENT((#15003,#15008));
#15003 = SURFACE_STYLE_USAGE(.BOTH.,#15004);
#15004 = SURFACE_SIDE_STYLE('',(#15005));
#15005 = SURFACE_STYLE_FILL_AREA(#15006);
#15006 = FILL_AREA_STYLE('',(#15007));
#15007 = FILL_AREA_STYLE_COLOUR('',#13296);
#15008 = CURVE_STYLE('',#15009,POSITIVE_LENGTH_MEASURE(0.1),#13296);
#15009 = DRAUGHTING_PRE_DEFINED_CURVE_FONT('continuous');
#15010 = STYLED_ITEM('color',(#15011),#10372);
#15011 = PRESENTATION_STYLE_ASSIGNMENT((#15012,#15017));
#15012 = SURFACE_STYLE_USAGE(.BOTH.,#15013);
#15013 = SURFACE_SIDE_STYLE('',(#15014));
#15014 = SURFACE_STYLE_FILL_AREA(#15015);
#15015 = FILL_AREA_STYLE('',(#15016));
#15016 = FILL_AREA_STYLE_COLOUR('',#13296);
#15017 = CURVE_STYLE('',#15018,POSITIVE_LENGTH_MEASURE(0.1),#13296);
#15018 = DRAUGHTING_PRE_DEFINED_CURVE_FONT('continuous');
#15019 = STYLED_ITEM('color',(#15020),#10389);
#15020 = PRESENTATION_STYLE_ASSIGNMENT((#15021,#15026));
#15021 = SURFACE_STYLE_USAGE(.BOTH.,#15022);
#15022 = SURFACE_SIDE_STYLE('',(#15023));
#15023 = SURFACE_STYLE_FILL_AREA(#15024);
#15024 = FILL_AREA_STYLE('',(#15025));
#15025 = FILL_AREA_STYLE_COLOUR('',#13296);
#15026 = CURVE_STYLE('',#15027,POSITIVE_LENGTH_MEASURE(0.1),#13296);
#15027 = DRAUGHTING_PRE_DEFINED_CURVE_FONT('continuous');
#15028 = STYLED_ITEM('color',(#15029),#10406);
#15029 = PRESENTATION_STYLE_ASSIGNMENT((#15030,#15035));
#15030 = SURFACE_STYLE_USAGE(.BOTH.,#15031);
#15031 = SURFACE_SIDE_STYLE('',(#15032));
#15032 = SURFACE_STYLE_FILL_AREA(#15033);
#15033 = FILL_AREA_STYLE('',(#15034));
#15034 = FILL_AREA_STYLE_COLOUR('',#13296);
#15035 = CURVE_STYLE('',#15036,POSITIVE_LENGTH_MEASURE(0.1),#13296);
#15036 = DRAUGHTING_PRE_DEFINED_CURVE_FONT('continuous');
#15037 = STYLED_ITEM('color',(#15038),#10423);
#15038 = PRESENTATION_STYLE_ASSIGNMENT((#15039,#15044));
#15039 = SURFACE_STYLE_USAGE(.BOTH.,#15040);
#15040 = SURFACE_SIDE_STYLE('',(#15041));
#15041 = SURFACE_STYLE_FILL_AREA(#15042);
#15042 = FILL_AREA_STYLE('',(#15043));
#15043 = FILL_AREA_STYLE_COLOUR('',#13296);
#15044 = CURVE_STYLE('',#15045,POSITIVE_LENGTH_MEASURE(0.1),#13296);
#15045 = DRAUGHTING_PRE_DEFINED_CURVE_FONT('continuous');
#15046 = STYLED_ITEM('color',(#15047),#10435);
#15047 = PRESENTATION_STYLE_ASSIGNMENT((#15048,#15053));
#15048 = SURFACE_STYLE_USAGE(.BOTH.,#15049);
#15049 = SURFACE_SIDE_STYLE('',(#15050));
#15050 = SURFACE_STYLE_FILL_AREA(#15051);
#15051 = FILL_AREA_STYLE('',(#15052));
#15052 = FILL_AREA_STYLE_COLOUR('',#13296);
#15053 = CURVE_STYLE('',#15054,POSITIVE_LENGTH_MEASURE(0.1),#13296);
#15054 = DRAUGHTING_PRE_DEFINED_CURVE_FONT('continuous');
#15055 = STYLED_ITEM('color',(#15056),#10452);
#15056 = PRESENTATION_STYLE_ASSIGNMENT((#15057,#15062));
#15057 = SURFACE_STYLE_USAGE(.BOTH.,#15058);
#15058 = SURFACE_SIDE_STYLE('',(#15059));
#15059 = SURFACE_STYLE_FILL_AREA(#15060);
#15060 = FILL_AREA_STYLE('',(#15061));
#15061 = FILL_AREA_STYLE_COLOUR('',#13296);
#15062 = CURVE_STYLE('',#15063,POSITIVE_LENGTH_MEASURE(0.1),#13296);
#15063 = DRAUGHTING_PRE_DEFINED_CURVE_FONT('continuous');
#15064 = STYLED_ITEM('color',(#15065),#10469);
#15065 = PRESENTATION_STYLE_ASSIGNMENT((#15066,#15071));
#15066 = SURFACE_STYLE_USAGE(.BOTH.,#15067);
#15067 = SURFACE_SIDE_STYLE('',(#15068));
#15068 = SURFACE_STYLE_FILL_AREA(#15069);
#15069 = FILL_AREA_STYLE('',(#15070));
#15070 = FILL_AREA_STYLE_COLOUR('',#13296);
#15071 = CURVE_STYLE('',#15072,POSITIVE_LENGTH_MEASURE(0.1),#13296);
#15072 = DRAUGHTING_PRE_DEFINED_CURVE_FONT('continuous');
#15073 = STYLED_ITEM('color',(#15074),#10486);
#15074 = PRESENTATION_STYLE_ASSIGNMENT((#15075,#15080));
#15075 = SURFACE_STYLE_USAGE(.BOTH.,#15076);
#15076 = SURFACE_SIDE_STYLE('',(#15077));
#15077 = SURFACE_STYLE_FILL_AREA(#15078);
#15078 = FILL_AREA_STYLE('',(#15079));
#15079 = FILL_AREA_STYLE_COLOUR('',#13296);
#15080 = CURVE_STYLE('',#15081,POSITIVE_LENGTH_MEASURE(0.1),#13296);
#15081 = DRAUGHTING_PRE_DEFINED_CURVE_FONT('continuous');
#15082 = STYLED_ITEM('color',(#15083),#10503);
#15083 = PRESENTATION_STYLE_ASSIGNMENT((#15084,#15089));
#15084 = SURFACE_STYLE_USAGE(.BOTH.,#15085);
#15085 = SURFACE_SIDE_STYLE('',(#15086));
#15086 = SURFACE_STYLE_FILL_AREA(#15087);
#15087 = FILL_AREA_STYLE('',(#15088));
#15088 = FILL_AREA_STYLE_COLOUR('',#13296);
#15089 = CURVE_STYLE('',#15090,POSITIVE_LENGTH_MEASURE(0.1),#13296);
#15090 = DRAUGHTING_PRE_DEFINED_CURVE_FONT('continuous');
#15091 = STYLED_ITEM('color',(#15092),#10520);
#15092 = PRESENTATION_STYLE_ASSIGNMENT((#15093,#15098));
#15093 = SURFACE_STYLE_USAGE(.BOTH.,#15094);
#15094 = SURFACE_SIDE_STYLE('',(#15095));
#15095 = SURFACE_STYLE_FILL_AREA(#15096);
#15096 = FILL_AREA_STYLE('',(#15097));
#15097 = FILL_AREA_STYLE_COLOUR('',#13296);
#15098 = CURVE_STYLE('',#15099,POSITIVE_LENGTH_MEASURE(0.1),#13296);
#15099 = DRAUGHTING_PRE_DEFINED_CURVE_FONT('continuous');
#15100 = STYLED_ITEM('color',(#15101),#10537);
#15101 = PRESENTATION_STYLE_ASSIGNMENT((#15102,#15107));
#15102 = SURFACE_STYLE_USAGE(.BOTH.,#15103);
#15103 = SURFACE_SIDE_STYLE('',(#15104));
#15104 = SURFACE_STYLE_FILL_AREA(#15105);
#15105 = FILL_AREA_STYLE('',(#15106));
#15106 = FILL_AREA_STYLE_COLOUR('',#13296);
#15107 = CURVE_STYLE('',#15108,POSITIVE_LENGTH_MEASURE(0.1),#13296);
#15108 = DRAUGHTING_PRE_DEFINED_CURVE_FONT('continuous');
#15109 = STYLED_ITEM('color',(#15110),#10554);
#15110 = PRESENTATION_STYLE_ASSIGNMENT((#15111,#15116));
#15111 = SURFACE_STYLE_USAGE(.BOTH.,#15112);
#15112 = SURFACE_SIDE_STYLE('',(#15113));
#15113 = SURFACE_STYLE_FILL_AREA(#15114);
#15114 = FILL_AREA_STYLE('',(#15115));
#15115 = FILL_AREA_STYLE_COLOUR('',#13296);
#15116 = CURVE_STYLE('',#15117,POSITIVE_LENGTH_MEASURE(0.1),#13296);
#15117 = DRAUGHTING_PRE_DEFINED_CURVE_FONT('continuous');
#15118 = STYLED_ITEM('color',(#15119),#10566);
#15119 = PRESENTATION_STYLE_ASSIGNMENT((#15120,#15125));
#15120 = SURFACE_STYLE_USAGE(.BOTH.,#15121);
#15121 = SURFACE_SIDE_STYLE('',(#15122));
#15122 = SURFACE_STYLE_FILL_AREA(#15123);
#15123 = FILL_AREA_STYLE('',(#15124));
#15124 = FILL_AREA_STYLE_COLOUR('',#13296);
#15125 = CURVE_STYLE('',#15126,POSITIVE_LENGTH_MEASURE(0.1),#13296);
#15126 = DRAUGHTING_PRE_DEFINED_CURVE_FONT('continuous');
#15127 = STYLED_ITEM('color',(#15128),#10583);
#15128 = PRESENTATION_STYLE_ASSIGNMENT((#15129,#15134));
#15129 = SURFACE_STYLE_USAGE(.BOTH.,#15130);
#15130 = SURFACE_SIDE_STYLE('',(#15131));
#15131 = SURFACE_STYLE_FILL_AREA(#15132);
#15132 = FILL_AREA_STYLE('',(#15133));
#15133 = FILL_AREA_STYLE_COLOUR('',#13296);
#15134 = CURVE_STYLE('',#15135,POSITIVE_LENGTH_MEASURE(0.1),#13296);
#15135 = DRAUGHTING_PRE_DEFINED_CURVE_FONT('continuous');
#15136 = STYLED_ITEM('color',(#15137),#10600);
#15137 = PRESENTATION_STYLE_ASSIGNMENT((#15138,#15143));
#15138 = SURFACE_STYLE_USAGE(.BOTH.,#15139);
#15139 = SURFACE_SIDE_STYLE('',(#15140));
#15140 = SURFACE_STYLE_FILL_AREA(#15141);
#15141 = FILL_AREA_STYLE('',(#15142));
#15142 = FILL_AREA_STYLE_COLOUR('',#13296);
#15143 = CURVE_STYLE('',#15144,POSITIVE_LENGTH_MEASURE(0.1),#13296);
#15144 = DRAUGHTING_PRE_DEFINED_CURVE_FONT('continuous');
#15145 = STYLED_ITEM('color',(#15146),#10617);
#15146 = PRESENTATION_STYLE_ASSIGNMENT((#15147,#15152));
#15147 = SURFACE_STYLE_USAGE(.BOTH.,#15148);
#15148 = SURFACE_SIDE_STYLE('',(#15149));
#15149 = SURFACE_STYLE_FILL_AREA(#15150);
#15150 = FILL_AREA_STYLE('',(#15151));
#15151 = FILL_AREA_STYLE_COLOUR('',#13296);
#15152 = CURVE_STYLE('',#15153,POSITIVE_LENGTH_MEASURE(0.1),#13296);
#15153 = DRAUGHTING_PRE_DEFINED_CURVE_FONT('continuous');
#15154 = STYLED_ITEM('color',(#15155),#10634);
#15155 = PRESENTATION_STYLE_ASSIGNMENT((#15156,#15161));
#15156 = SURFACE_STYLE_USAGE(.BOTH.,#15157);
#15157 = SURFACE_SIDE_STYLE('',(#15158));
#15158 = SURFACE_STYLE_FILL_AREA(#15159);
#15159 = FILL_AREA_STYLE('',(#15160));
#15160 = FILL_AREA_STYLE_COLOUR('',#13296);
#15161 = CURVE_STYLE('',#15162,POSITIVE_LENGTH_MEASURE(0.1),#13296);
#15162 = DRAUGHTING_PRE_DEFINED_CURVE_FONT('continuous');
#15163 = STYLED_ITEM('color',(#15164),#10651);
#15164 = PRESENTATION_STYLE_ASSIGNMENT((#15165,#15170));
#15165 = SURFACE_STYLE_USAGE(.BOTH.,#15166);
#15166 = SURFACE_SIDE_STYLE('',(#15167));
#15167 = SURFACE_STYLE_FILL_AREA(#15168);
#15168 = FILL_AREA_STYLE('',(#15169));
#15169 = FILL_AREA_STYLE_COLOUR('',#13296);
#15170 = CURVE_STYLE('',#15171,POSITIVE_LENGTH_MEASURE(0.1),#13296);
#15171 = DRAUGHTING_PRE_DEFINED_CURVE_FONT('continuous');
#15172 = STYLED_ITEM('color',(#15173),#10668);
#15173 = PRESENTATION_STYLE_ASSIGNMENT((#15174,#15179));
#15174 = SURFACE_STYLE_USAGE(.BOTH.,#15175);
#15175 = SURFACE_SIDE_STYLE('',(#15176));
#15176 = SURFACE_STYLE_FILL_AREA(#15177);
#15177 = FILL_AREA_STYLE('',(#15178));
#15178 = FILL_AREA_STYLE_COLOUR('',#13296);
#15179 = CURVE_STYLE('',#15180,POSITIVE_LENGTH_MEASURE(0.1),#13296);
#15180 = DRAUGHTING_PRE_DEFINED_CURVE_FONT('continuous');
#15181 = STYLED_ITEM('color',(#15182),#10680);
#15182 = PRESENTATION_STYLE_ASSIGNMENT((#15183,#15188));
#15183 = SURFACE_STYLE_USAGE(.BOTH.,#15184);
#15184 = SURFACE_SIDE_STYLE('',(#15185));
#15185 = SURFACE_STYLE_FILL_AREA(#15186);
#15186 = FILL_AREA_STYLE('',(#15187));
#15187 = FILL_AREA_STYLE_COLOUR('',#13296);
#15188 = CURVE_STYLE('',#15189,POSITIVE_LENGTH_MEASURE(0.1),#13296);
#15189 = DRAUGHTING_PRE_DEFINED_CURVE_FONT('continuous');
#15190 = STYLED_ITEM('color',(#15191),#10697);
#15191 = PRESENTATION_STYLE_ASSIGNMENT((#15192,#15197));
#15192 = SURFACE_STYLE_USAGE(.BOTH.,#15193);
#15193 = SURFACE_SIDE_STYLE('',(#15194));
#15194 = SURFACE_STYLE_FILL_AREA(#15195);
#15195 = FILL_AREA_STYLE('',(#15196));
#15196 = FILL_AREA_STYLE_COLOUR('',#13296);
#15197 = CURVE_STYLE('',#15198,POSITIVE_LENGTH_MEASURE(0.1),#13296);
#15198 = DRAUGHTING_PRE_DEFINED_CURVE_FONT('continuous');
#15199 = STYLED_ITEM('color',(#15200),#10714);
#15200 = PRESENTATION_STYLE_ASSIGNMENT((#15201,#15206));
#15201 = SURFACE_STYLE_USAGE(.BOTH.,#15202);
#15202 = SURFACE_SIDE_STYLE('',(#15203));
#15203 = SURFACE_STYLE_FILL_AREA(#15204);
#15204 = FILL_AREA_STYLE('',(#15205));
#15205 = FILL_AREA_STYLE_COLOUR('',#13296);
#15206 = CURVE_STYLE('',#15207,POSITIVE_LENGTH_MEASURE(0.1),#13296);
#15207 = DRAUGHTING_PRE_DEFINED_CURVE_FONT('continuous');
#15208 = STYLED_ITEM('color',(#15209),#10731);
#15209 = PRESENTATION_STYLE_ASSIGNMENT((#15210,#15215));
#15210 = SURFACE_STYLE_USAGE(.BOTH.,#15211);
#15211 = SURFACE_SIDE_STYLE('',(#15212));
#15212 = SURFACE_STYLE_FILL_AREA(#15213);
#15213 = FILL_AREA_STYLE('',(#15214));
#15214 = FILL_AREA_STYLE_COLOUR('',#13296);
#15215 = CURVE_STYLE('',#15216,POSITIVE_LENGTH_MEASURE(0.1),#13296);
#15216 = DRAUGHTING_PRE_DEFINED_CURVE_FONT('continuous');
#15217 = STYLED_ITEM('color',(#15218),#10748);
#15218 = PRESENTATION_STYLE_ASSIGNMENT((#15219,#15224));
#15219 = SURFACE_STYLE_USAGE(.BOTH.,#15220);
#15220 = SURFACE_SIDE_STYLE('',(#15221));
#15221 = SURFACE_STYLE_FILL_AREA(#15222);
#15222 = FILL_AREA_STYLE('',(#15223));
#15223 = FILL_AREA_STYLE_COLOUR('',#13296);
#15224 = CURVE_STYLE('',#15225,POSITIVE_LENGTH_MEASURE(0.1),#13296);
#15225 = DRAUGHTING_PRE_DEFINED_CURVE_FONT('continuous');
#15226 = STYLED_ITEM('color',(#15227),#10765);
#15227 = PRESENTATION_STYLE_ASSIGNMENT((#15228,#15233));
#15228 = SURFACE_STYLE_USAGE(.BOTH.,#15229);
#15229 = SURFACE_SIDE_STYLE('',(#15230));
#15230 = SURFACE_STYLE_FILL_AREA(#15231);
#15231 = FILL_AREA_STYLE('',(#15232));
#15232 = FILL_AREA_STYLE_COLOUR('',#13296);
#15233 = CURVE_STYLE('',#15234,POSITIVE_LENGTH_MEASURE(0.1),#13296);
#15234 = DRAUGHTING_PRE_DEFINED_CURVE_FONT('continuous');
#15235 = STYLED_ITEM('color',(#15236),#10782);
#15236 = PRESENTATION_STYLE_ASSIGNMENT((#15237,#15242));
#15237 = SURFACE_STYLE_USAGE(.BOTH.,#15238);
#15238 = SURFACE_SIDE_STYLE('',(#15239));
#15239 = SURFACE_STYLE_FILL_AREA(#15240);
#15240 = FILL_AREA_STYLE('',(#15241));
#15241 = FILL_AREA_STYLE_COLOUR('',#13296);
#15242 = CURVE_STYLE('',#15243,POSITIVE_LENGTH_MEASURE(0.1),#13296);
#15243 = DRAUGHTING_PRE_DEFINED_CURVE_FONT('continuous');
#15244 = STYLED_ITEM('color',(#15245),#10794);
#15245 = PRESENTATION_STYLE_ASSIGNMENT((#15246,#15251));
#15246 = SURFACE_STYLE_USAGE(.BOTH.,#15247);
#15247 = SURFACE_SIDE_STYLE('',(#15248));
#15248 = SURFACE_STYLE_FILL_AREA(#15249);
#15249 = FILL_AREA_STYLE('',(#15250));
#15250 = FILL_AREA_STYLE_COLOUR('',#13296);
#15251 = CURVE_STYLE('',#15252,POSITIVE_LENGTH_MEASURE(0.1),#13296);
#15252 = DRAUGHTING_PRE_DEFINED_CURVE_FONT('continuous');
#15253 = STYLED_ITEM('color',(#15254),#10811);
#15254 = PRESENTATION_STYLE_ASSIGNMENT((#15255,#15260));
#15255 = SURFACE_STYLE_USAGE(.BOTH.,#15256);
#15256 = SURFACE_SIDE_STYLE('',(#15257));
#15257 = SURFACE_STYLE_FILL_AREA(#15258);
#15258 = FILL_AREA_STYLE('',(#15259));
#15259 = FILL_AREA_STYLE_COLOUR('',#13296);
#15260 = CURVE_STYLE('',#15261,POSITIVE_LENGTH_MEASURE(0.1),#13296);
#15261 = DRAUGHTING_PRE_DEFINED_CURVE_FONT('continuous');
#15262 = STYLED_ITEM('color',(#15263),#10828);
#15263 = PRESENTATION_STYLE_ASSIGNMENT((#15264,#15269));
#15264 = SURFACE_STYLE_USAGE(.BOTH.,#15265);
#15265 = SURFACE_SIDE_STYLE('',(#15266));
#15266 = SURFACE_STYLE_FILL_AREA(#15267);
#15267 = FILL_AREA_STYLE('',(#15268));
#15268 = FILL_AREA_STYLE_COLOUR('',#13296);
#15269 = CURVE_STYLE('',#15270,POSITIVE_LENGTH_MEASURE(0.1),#13296);
#15270 = DRAUGHTING_PRE_DEFINED_CURVE_FONT('continuous');
#15271 = STYLED_ITEM('color',(#15272),#10845);
#15272 = PRESENTATION_STYLE_ASSIGNMENT((#15273,#15278));
#15273 = SURFACE_STYLE_USAGE(.BOTH.,#15274);
#15274 = SURFACE_SIDE_STYLE('',(#15275));
#15275 = SURFACE_STYLE_FILL_AREA(#15276);
#15276 = FILL_AREA_STYLE('',(#15277));
#15277 = FILL_AREA_STYLE_COLOUR('',#13296);
#15278 = CURVE_STYLE('',#15279,POSITIVE_LENGTH_MEASURE(0.1),#13296);
#15279 = DRAUGHTING_PRE_DEFINED_CURVE_FONT('continuous');
#15280 = STYLED_ITEM('color',(#15281),#10862);
#15281 = PRESENTATION_STYLE_ASSIGNMENT((#15282,#15287));
#15282 = SURFACE_STYLE_USAGE(.BOTH.,#15283);
#15283 = SURFACE_SIDE_STYLE('',(#15284));
#15284 = SURFACE_STYLE_FILL_AREA(#15285);
#15285 = FILL_AREA_STYLE('',(#15286));
#15286 = FILL_AREA_STYLE_COLOUR('',#13296);
#15287 = CURVE_STYLE('',#15288,POSITIVE_LENGTH_MEASURE(0.1),#13296);
#15288 = DRAUGHTING_PRE_DEFINED_CURVE_FONT('continuous');
#15289 = STYLED_ITEM('color',(#15290),#10879);
#15290 = PRESENTATION_STYLE_ASSIGNMENT((#15291,#15296));
#15291 = SURFACE_STYLE_USAGE(.BOTH.,#15292);
#15292 = SURFACE_SIDE_STYLE('',(#15293));
#15293 = SURFACE_STYLE_FILL_AREA(#15294);
#15294 = FILL_AREA_STYLE('',(#15295));
#15295 = FILL_AREA_STYLE_COLOUR('',#13296);
#15296 = CURVE_STYLE('',#15297,POSITIVE_LENGTH_MEASURE(0.1),#13296);
#15297 = DRAUGHTING_PRE_DEFINED_CURVE_FONT('continuous');
#15298 = STYLED_ITEM('color',(#15299),#10896);
#15299 = PRESENTATION_STYLE_ASSIGNMENT((#15300,#15305));
#15300 = SURFACE_STYLE_USAGE(.BOTH.,#15301);
#15301 = SURFACE_SIDE_STYLE('',(#15302));
#15302 = SURFACE_STYLE_FILL_AREA(#15303);
#15303 = FILL_AREA_STYLE('',(#15304));
#15304 = FILL_AREA_STYLE_COLOUR('',#13296);
#15305 = CURVE_STYLE('',#15306,POSITIVE_LENGTH_MEASURE(0.1),#13296);
#15306 = DRAUGHTING_PRE_DEFINED_CURVE_FONT('continuous');
#15307 = STYLED_ITEM('color',(#15308),#10913);
#15308 = PRESENTATION_STYLE_ASSIGNMENT((#15309,#15314));
#15309 = SURFACE_STYLE_USAGE(.BOTH.,#15310);
#15310 = SURFACE_SIDE_STYLE('',(#15311));
#15311 = SURFACE_STYLE_FILL_AREA(#15312);
#15312 = FILL_AREA_STYLE('',(#15313));
#15313 = FILL_AREA_STYLE_COLOUR('',#13296);
#15314 = CURVE_STYLE('',#15315,POSITIVE_LENGTH_MEASURE(0.1),#13296);
#15315 = DRAUGHTING_PRE_DEFINED_CURVE_FONT('continuous');
#15316 = STYLED_ITEM('color',(#15317),#10925);
#15317 = PRESENTATION_STYLE_ASSIGNMENT((#15318,#15323));
#15318 = SURFACE_STYLE_USAGE(.BOTH.,#15319);
#15319 = SURFACE_SIDE_STYLE('',(#15320));
#15320 = SURFACE_STYLE_FILL_AREA(#15321);
#15321 = FILL_AREA_STYLE('',(#15322));
#15322 = FILL_AREA_STYLE_COLOUR('',#13296);
#15323 = CURVE_STYLE('',#15324,POSITIVE_LENGTH_MEASURE(0.1),#13296);
#15324 = DRAUGHTING_PRE_DEFINED_CURVE_FONT('continuous');
#15325 = STYLED_ITEM('color',(#15326),#10942);
#15326 = PRESENTATION_STYLE_ASSIGNMENT((#15327,#15332));
#15327 = SURFACE_STYLE_USAGE(.BOTH.,#15328);
#15328 = SURFACE_SIDE_STYLE('',(#15329));
#15329 = SURFACE_STYLE_FILL_AREA(#15330);
#15330 = FILL_AREA_STYLE('',(#15331));
#15331 = FILL_AREA_STYLE_COLOUR('',#13296);
#15332 = CURVE_STYLE('',#15333,POSITIVE_LENGTH_MEASURE(0.1),#13296);
#15333 = DRAUGHTING_PRE_DEFINED_CURVE_FONT('continuous');
#15334 = STYLED_ITEM('color',(#15335),#10959);
#15335 = PRESENTATION_STYLE_ASSIGNMENT((#15336,#15341));
#15336 = SURFACE_STYLE_USAGE(.BOTH.,#15337);
#15337 = SURFACE_SIDE_STYLE('',(#15338));
#15338 = SURFACE_STYLE_FILL_AREA(#15339);
#15339 = FILL_AREA_STYLE('',(#15340));
#15340 = FILL_AREA_STYLE_COLOUR('',#13296);
#15341 = CURVE_STYLE('',#15342,POSITIVE_LENGTH_MEASURE(0.1),#13296);
#15342 = DRAUGHTING_PRE_DEFINED_CURVE_FONT('continuous');
#15343 = STYLED_ITEM('color',(#15344),#10976);
#15344 = PRESENTATION_STYLE_ASSIGNMENT((#15345,#15350));
#15345 = SURFACE_STYLE_USAGE(.BOTH.,#15346);
#15346 = SURFACE_SIDE_STYLE('',(#15347));
#15347 = SURFACE_STYLE_FILL_AREA(#15348);
#15348 = FILL_AREA_STYLE('',(#15349));
#15349 = FILL_AREA_STYLE_COLOUR('',#13296);
#15350 = CURVE_STYLE('',#15351,POSITIVE_LENGTH_MEASURE(0.1),#13296);
#15351 = DRAUGHTING_PRE_DEFINED_CURVE_FONT('continuous');
#15352 = STYLED_ITEM('color',(#15353),#10993);
#15353 = PRESENTATION_STYLE_ASSIGNMENT((#15354,#15359));
#15354 = SURFACE_STYLE_USAGE(.BOTH.,#15355);
#15355 = SURFACE_SIDE_STYLE('',(#15356));
#15356 = SURFACE_STYLE_FILL_AREA(#15357);
#15357 = FILL_AREA_STYLE('',(#15358));
#15358 = FILL_AREA_STYLE_COLOUR('',#13296);
#15359 = CURVE_STYLE('',#15360,POSITIVE_LENGTH_MEASURE(0.1),#13296);
#15360 = DRAUGHTING_PRE_DEFINED_CURVE_FONT('continuous');
#15361 = STYLED_ITEM('color',(#15362),#11010);
#15362 = PRESENTATION_STYLE_ASSIGNMENT((#15363,#15368));
#15363 = SURFACE_STYLE_USAGE(.BOTH.,#15364);
#15364 = SURFACE_SIDE_STYLE('',(#15365));
#15365 = SURFACE_STYLE_FILL_AREA(#15366);
#15366 = FILL_AREA_STYLE('',(#15367));
#15367 = FILL_AREA_STYLE_COLOUR('',#13296);
#15368 = CURVE_STYLE('',#15369,POSITIVE_LENGTH_MEASURE(0.1),#13296);
#15369 = DRAUGHTING_PRE_DEFINED_CURVE_FONT('continuous');
#15370 = STYLED_ITEM('color',(#15371),#11027);
#15371 = PRESENTATION_STYLE_ASSIGNMENT((#15372,#15377));
#15372 = SURFACE_STYLE_USAGE(.BOTH.,#15373);
#15373 = SURFACE_SIDE_STYLE('',(#15374));
#15374 = SURFACE_STYLE_FILL_AREA(#15375);
#15375 = FILL_AREA_STYLE('',(#15376));
#15376 = FILL_AREA_STYLE_COLOUR('',#13296);
#15377 = CURVE_STYLE('',#15378,POSITIVE_LENGTH_MEASURE(0.1),#13296);
#15378 = DRAUGHTING_PRE_DEFINED_CURVE_FONT('continuous');
#15379 = STYLED_ITEM('color',(#15380),#11044);
#15380 = PRESENTATION_STYLE_ASSIGNMENT((#15381,#15386));
#15381 = SURFACE_STYLE_USAGE(.BOTH.,#15382);
#15382 = SURFACE_SIDE_STYLE('',(#15383));
#15383 = SURFACE_STYLE_FILL_AREA(#15384);
#15384 = FILL_AREA_STYLE('',(#15385));
#15385 = FILL_AREA_STYLE_COLOUR('',#13296);
#15386 = CURVE_STYLE('',#15387,POSITIVE_LENGTH_MEASURE(0.1),#13296);
#15387 = DRAUGHTING_PRE_DEFINED_CURVE_FONT('continuous');
#15388 = STYLED_ITEM('color',(#15389),#11056);
#15389 = PRESENTATION_STYLE_ASSIGNMENT((#15390,#15395));
#15390 = SURFACE_STYLE_USAGE(.BOTH.,#15391);
#15391 = SURFACE_SIDE_STYLE('',(#15392));
#15392 = SURFACE_STYLE_FILL_AREA(#15393);
#15393 = FILL_AREA_STYLE('',(#15394));
#15394 = FILL_AREA_STYLE_COLOUR('',#13296);
#15395 = CURVE_STYLE('',#15396,POSITIVE_LENGTH_MEASURE(0.1),#13296);
#15396 = DRAUGHTING_PRE_DEFINED_CURVE_FONT('continuous');
#15397 = STYLED_ITEM('color',(#15398),#11073);
#15398 = PRESENTATION_STYLE_ASSIGNMENT((#15399,#15404));
#15399 = SURFACE_STYLE_USAGE(.BOTH.,#15400);
#15400 = SURFACE_SIDE_STYLE('',(#15401));
#15401 = SURFACE_STYLE_FILL_AREA(#15402);
#15402 = FILL_AREA_STYLE('',(#15403));
#15403 = FILL_AREA_STYLE_COLOUR('',#13296);
#15404 = CURVE_STYLE('',#15405,POSITIVE_LENGTH_MEASURE(0.1),#13296);
#15405 = DRAUGHTING_PRE_DEFINED_CURVE_FONT('continuous');
#15406 = STYLED_ITEM('color',(#15407),#11090);
#15407 = PRESENTATION_STYLE_ASSIGNMENT((#15408,#15413));
#15408 = SURFACE_STYLE_USAGE(.BOTH.,#15409);
#15409 = SURFACE_SIDE_STYLE('',(#15410));
#15410 = SURFACE_STYLE_FILL_AREA(#15411);
#15411 = FILL_AREA_STYLE('',(#15412));
#15412 = FILL_AREA_STYLE_COLOUR('',#13296);
#15413 = CURVE_STYLE('',#15414,POSITIVE_LENGTH_MEASURE(0.1),#13296);
#15414 = DRAUGHTING_PRE_DEFINED_CURVE_FONT('continuous');
#15415 = STYLED_ITEM('color',(#15416),#11107);
#15416 = PRESENTATION_STYLE_ASSIGNMENT((#15417,#15422));
#15417 = SURFACE_STYLE_USAGE(.BOTH.,#15418);
#15418 = SURFACE_SIDE_STYLE('',(#15419));
#15419 = SURFACE_STYLE_FILL_AREA(#15420);
#15420 = FILL_AREA_STYLE('',(#15421));
#15421 = FILL_AREA_STYLE_COLOUR('',#13296);
#15422 = CURVE_STYLE('',#15423,POSITIVE_LENGTH_MEASURE(0.1),#13296);
#15423 = DRAUGHTING_PRE_DEFINED_CURVE_FONT('continuous');
#15424 = STYLED_ITEM('color',(#15425),#11124);
#15425 = PRESENTATION_STYLE_ASSIGNMENT((#15426,#15431));
#15426 = SURFACE_STYLE_USAGE(.BOTH.,#15427);
#15427 = SURFACE_SIDE_STYLE('',(#15428));
#15428 = SURFACE_STYLE_FILL_AREA(#15429);
#15429 = FILL_AREA_STYLE('',(#15430));
#15430 = FILL_AREA_STYLE_COLOUR('',#13296);
#15431 = CURVE_STYLE('',#15432,POSITIVE_LENGTH_MEASURE(0.1),#13296);
#15432 = DRAUGHTING_PRE_DEFINED_CURVE_FONT('continuous');
#15433 = STYLED_ITEM('color',(#15434),#11141);
#15434 = PRESENTATION_STYLE_ASSIGNMENT((#15435,#15440));
#15435 = SURFACE_STYLE_USAGE(.BOTH.,#15436);
#15436 = SURFACE_SIDE_STYLE('',(#15437));
#15437 = SURFACE_STYLE_FILL_AREA(#15438);
#15438 = FILL_AREA_STYLE('',(#15439));
#15439 = FILL_AREA_STYLE_COLOUR('',#13296);
#15440 = CURVE_STYLE('',#15441,POSITIVE_LENGTH_MEASURE(0.1),#13296);
#15441 = DRAUGHTING_PRE_DEFINED_CURVE_FONT('continuous');
#15442 = STYLED_ITEM('color',(#15443),#11158);
#15443 = PRESENTATION_STYLE_ASSIGNMENT((#15444,#15449));
#15444 = SURFACE_STYLE_USAGE(.BOTH.,#15445);
#15445 = SURFACE_SIDE_STYLE('',(#15446));
#15446 = SURFACE_STYLE_FILL_AREA(#15447);
#15447 = FILL_AREA_STYLE('',(#15448));
#15448 = FILL_AREA_STYLE_COLOUR('',#13296);
#15449 = CURVE_STYLE('',#15450,POSITIVE_LENGTH_MEASURE(0.1),#13296);
#15450 = DRAUGHTING_PRE_DEFINED_CURVE_FONT('continuous');
#15451 = STYLED_ITEM('color',(#15452),#11175);
#15452 = PRESENTATION_STYLE_ASSIGNMENT((#15453,#15458));
#15453 = SURFACE_STYLE_USAGE(.BOTH.,#15454);
#15454 = SURFACE_SIDE_STYLE('',(#15455));
#15455 = SURFACE_STYLE_FILL_AREA(#15456);
#15456 = FILL_AREA_STYLE('',(#15457));
#15457 = FILL_AREA_STYLE_COLOUR('',#13296);
#15458 = CURVE_STYLE('',#15459,POSITIVE_LENGTH_MEASURE(0.1),#13296);
#15459 = DRAUGHTING_PRE_DEFINED_CURVE_FONT('continuous');
#15460 = STYLED_ITEM('color',(#15461),#11187);
#15461 = PRESENTATION_STYLE_ASSIGNMENT((#15462,#15468));
#15462 = SURFACE_STYLE_USAGE(.BOTH.,#15463);
#15463 = SURFACE_SIDE_STYLE('',(#15464));
#15464 = SURFACE_STYLE_FILL_AREA(#15465);
#15465 = FILL_AREA_STYLE('',(#15466));
#15466 = FILL_AREA_STYLE_COLOUR('',#15467);
#15467 = COLOUR_RGB('',0.690999998585,0.664000007176,0.597999987832);
#15468 = CURVE_STYLE('',#15469,POSITIVE_LENGTH_MEASURE(0.1),#15467);
#15469 = DRAUGHTING_PRE_DEFINED_CURVE_FONT('continuous');
#15470 = MECHANICAL_DESIGN_GEOMETRIC_PRESENTATION_REPRESENTATION('',(
    #15471,#15478,#15485,#15492,#15499,#15506,#15513,#15520,#15527,
    #15534,#15541,#15548,#15555,#15562,#15569,#15576,#15583,#15590,
    #15597,#15604,#15611,#15618,#15625,#15632,#15639,#15646,#15653,
    #15660),#6697);
#15471 = STYLED_ITEM('color',(#15472),#5845);
#15472 = PRESENTATION_STYLE_ASSIGNMENT((#15473));
#15473 = SURFACE_STYLE_USAGE(.BOTH.,#15474);
#15474 = SURFACE_SIDE_STYLE('',(#15475));
#15475 = SURFACE_STYLE_FILL_AREA(#15476);
#15476 = FILL_AREA_STYLE('',(#15477));
#15477 = FILL_AREA_STYLE_COLOUR('',#13296);
#15478 = STYLED_ITEM('color',(#15479),#5921);
#15479 = PRESENTATION_STYLE_ASSIGNMENT((#15480));
#15480 = SURFACE_STYLE_USAGE(.BOTH.,#15481);
#15481 = SURFACE_SIDE_STYLE('',(#15482));
#15482 = SURFACE_STYLE_FILL_AREA(#15483);
#15483 = FILL_AREA_STYLE('',(#15484));
#15484 = FILL_AREA_STYLE_COLOUR('',#13296);
#15485 = STYLED_ITEM('color',(#15486),#5952);
#15486 = PRESENTATION_STYLE_ASSIGNMENT((#15487));
#15487 = SURFACE_STYLE_USAGE(.BOTH.,#15488);
#15488 = SURFACE_SIDE_STYLE('',(#15489));
#15489 = SURFACE_STYLE_FILL_AREA(#15490);
#15490 = FILL_AREA_STYLE('',(#15491));
#15491 = FILL_AREA_STYLE_COLOUR('',#13296);
#15492 = STYLED_ITEM('color',(#15493),#5977);
#15493 = PRESENTATION_STYLE_ASSIGNMENT((#15494));
#15494 = SURFACE_STYLE_USAGE(.BOTH.,#15495);
#15495 = SURFACE_SIDE_STYLE('',(#15496));
#15496 = SURFACE_STYLE_FILL_AREA(#15497);
#15497 = FILL_AREA_STYLE('',(#15498));
#15498 = FILL_AREA_STYLE_COLOUR('',#13296);
#15499 = STYLED_ITEM('color',(#15500),#6002);
#15500 = PRESENTATION_STYLE_ASSIGNMENT((#15501));
#15501 = SURFACE_STYLE_USAGE(.BOTH.,#15502);
#15502 = SURFACE_SIDE_STYLE('',(#15503));
#15503 = SURFACE_STYLE_FILL_AREA(#15504);
#15504 = FILL_AREA_STYLE('',(#15505));
#15505 = FILL_AREA_STYLE_COLOUR('',#13296);
#15506 = STYLED_ITEM('color',(#15507),#6026);
#15507 = PRESENTATION_STYLE_ASSIGNMENT((#15508));
#15508 = SURFACE_STYLE_USAGE(.BOTH.,#15509);
#15509 = SURFACE_SIDE_STYLE('',(#15510));
#15510 = SURFACE_STYLE_FILL_AREA(#15511);
#15511 = FILL_AREA_STYLE('',(#15512));
#15512 = FILL_AREA_STYLE_COLOUR('',#13296);
#15513 = STYLED_ITEM('color',(#15514),#6050);
#15514 = PRESENTATION_STYLE_ASSIGNMENT((#15515));
#15515 = SURFACE_STYLE_USAGE(.BOTH.,#15516);
#15516 = SURFACE_SIDE_STYLE('',(#15517));
#15517 = SURFACE_STYLE_FILL_AREA(#15518);
#15518 = FILL_AREA_STYLE('',(#15519));
#15519 = FILL_AREA_STYLE_COLOUR('',#13296);
#15520 = STYLED_ITEM('color',(#15521),#6075);
#15521 = PRESENTATION_STYLE_ASSIGNMENT((#15522));
#15522 = SURFACE_STYLE_USAGE(.BOTH.,#15523);
#15523 = SURFACE_SIDE_STYLE('',(#15524));
#15524 = SURFACE_STYLE_FILL_AREA(#15525);
#15525 = FILL_AREA_STYLE('',(#15526));
#15526 = FILL_AREA_STYLE_COLOUR('',#13296);
#15527 = STYLED_ITEM('color',(#15528),#6100);
#15528 = PRESENTATION_STYLE_ASSIGNMENT((#15529));
#15529 = SURFACE_STYLE_USAGE(.BOTH.,#15530);
#15530 = SURFACE_SIDE_STYLE('',(#15531));
#15531 = SURFACE_STYLE_FILL_AREA(#15532);
#15532 = FILL_AREA_STYLE('',(#15533));
#15533 = FILL_AREA_STYLE_COLOUR('',#13296);
#15534 = STYLED_ITEM('color',(#15535),#6117);
#15535 = PRESENTATION_STYLE_ASSIGNMENT((#15536));
#15536 = SURFACE_STYLE_USAGE(.BOTH.,#15537);
#15537 = SURFACE_SIDE_STYLE('',(#15538));
#15538 = SURFACE_STYLE_FILL_AREA(#15539);
#15539 = FILL_AREA_STYLE('',(#15540));
#15540 = FILL_AREA_STYLE_COLOUR('',#13296);
#15541 = STYLED_ITEM('color',(#15542),#6203);
#15542 = PRESENTATION_STYLE_ASSIGNMENT((#15543));
#15543 = SURFACE_STYLE_USAGE(.BOTH.,#15544);
#15544 = SURFACE_SIDE_STYLE('',(#15545));
#15545 = SURFACE_STYLE_FILL_AREA(#15546);
#15546 = FILL_AREA_STYLE('',(#15547));
#15547 = FILL_AREA_STYLE_COLOUR('',#14024);
#15548 = STYLED_ITEM('color',(#15549),#6235);
#15549 = PRESENTATION_STYLE_ASSIGNMENT((#15550));
#15550 = SURFACE_STYLE_USAGE(.BOTH.,#15551);
#15551 = SURFACE_SIDE_STYLE('',(#15552));
#15552 = SURFACE_STYLE_FILL_AREA(#15553);
#15553 = FILL_AREA_STYLE('',(#15554));
#15554 = FILL_AREA_STYLE_COLOUR('',#14024);
#15555 = STYLED_ITEM('color',(#15556),#6259);
#15556 = PRESENTATION_STYLE_ASSIGNMENT((#15557));
#15557 = SURFACE_STYLE_USAGE(.BOTH.,#15558);
#15558 = SURFACE_SIDE_STYLE('',(#15559));
#15559 = SURFACE_STYLE_FILL_AREA(#15560);
#15560 = FILL_AREA_STYLE('',(#15561));
#15561 = FILL_AREA_STYLE_COLOUR('',#14024);
#15562 = STYLED_ITEM('color',(#15563),#6284);
#15563 = PRESENTATION_STYLE_ASSIGNMENT((#15564));
#15564 = SURFACE_STYLE_USAGE(.BOTH.,#15565);
#15565 = SURFACE_SIDE_STYLE('',(#15566));
#15566 = SURFACE_STYLE_FILL_AREA(#15567);
#15567 = FILL_AREA_STYLE('',(#15568));
#15568 = FILL_AREA_STYLE_COLOUR('',#14024);
#15569 = STYLED_ITEM('color',(#15570),#6308);
#15570 = PRESENTATION_STYLE_ASSIGNMENT((#15571));
#15571 = SURFACE_STYLE_USAGE(.BOTH.,#15572);
#15572 = SURFACE_SIDE_STYLE('',(#15573));
#15573 = SURFACE_STYLE_FILL_AREA(#15574);
#15574 = FILL_AREA_STYLE('',(#15575));
#15575 = FILL_AREA_STYLE_COLOUR('',#14024);
#15576 = STYLED_ITEM('color',(#15577),#6333);
#15577 = PRESENTATION_STYLE_ASSIGNMENT((#15578));
#15578 = SURFACE_STYLE_USAGE(.BOTH.,#15579);
#15579 = SURFACE_SIDE_STYLE('',(#15580));
#15580 = SURFACE_STYLE_FILL_AREA(#15581);
#15581 = FILL_AREA_STYLE('',(#15582));
#15582 = FILL_AREA_STYLE_COLOUR('',#14024);
#15583 = STYLED_ITEM('color',(#15584),#6357);
#15584 = PRESENTATION_STYLE_ASSIGNMENT((#15585));
#15585 = SURFACE_STYLE_USAGE(.BOTH.,#15586);
#15586 = SURFACE_SIDE_STYLE('',(#15587));
#15587 = SURFACE_STYLE_FILL_AREA(#15588);
#15588 = FILL_AREA_STYLE('',(#15589));
#15589 = FILL_AREA_STYLE_COLOUR('',#14024);
#15590 = STYLED_ITEM('color',(#15591),#6382);
#15591 = PRESENTATION_STYLE_ASSIGNMENT((#15592));
#15592 = SURFACE_STYLE_USAGE(.BOTH.,#15593);
#15593 = SURFACE_SIDE_STYLE('',(#15594));
#15594 = SURFACE_STYLE_FILL_AREA(#15595);
#15595 = FILL_AREA_STYLE('',(#15596));
#15596 = FILL_AREA_STYLE_COLOUR('',#14024);
#15597 = STYLED_ITEM('color',(#15598),#6399);
#15598 = PRESENTATION_STYLE_ASSIGNMENT((#15599));
#15599 = SURFACE_STYLE_USAGE(.BOTH.,#15600);
#15600 = SURFACE_SIDE_STYLE('',(#15601));
#15601 = SURFACE_STYLE_FILL_AREA(#15602);
#15602 = FILL_AREA_STYLE('',(#15603));
#15603 = FILL_AREA_STYLE_COLOUR('',#13296);
#15604 = STYLED_ITEM('color',(#15605),#6485);
#15605 = PRESENTATION_STYLE_ASSIGNMENT((#15606));
#15606 = SURFACE_STYLE_USAGE(.BOTH.,#15607);
#15607 = SURFACE_SIDE_STYLE('',(#15608));
#15608 = SURFACE_STYLE_FILL_AREA(#15609);
#15609 = FILL_AREA_STYLE('',(#15610));
#15610 = FILL_AREA_STYLE_COLOUR('',#13296);
#15611 = STYLED_ITEM('color',(#15612),#6516);
#15612 = PRESENTATION_STYLE_ASSIGNMENT((#15613));
#15613 = SURFACE_STYLE_USAGE(.BOTH.,#15614);
#15614 = SURFACE_SIDE_STYLE('',(#15615));
#15615 = SURFACE_STYLE_FILL_AREA(#15616);
#15616 = FILL_AREA_STYLE('',(#15617));
#15617 = FILL_AREA_STYLE_COLOUR('',#13296);
#15618 = STYLED_ITEM('color',(#15619),#6541);
#15619 = PRESENTATION_STYLE_ASSIGNMENT((#15620));
#15620 = SURFACE_STYLE_USAGE(.BOTH.,#15621);
#15621 = SURFACE_SIDE_STYLE('',(#15622));
#15622 = SURFACE_STYLE_FILL_AREA(#15623);
#15623 = FILL_AREA_STYLE('',(#15624));
#15624 = FILL_AREA_STYLE_COLOUR('',#13296);
#15625 = STYLED_ITEM('color',(#15626),#6566);
#15626 = PRESENTATION_STYLE_ASSIGNMENT((#15627));
#15627 = SURFACE_STYLE_USAGE(.BOTH.,#15628);
#15628 = SURFACE_SIDE_STYLE('',(#15629));
#15629 = SURFACE_STYLE_FILL_AREA(#15630);
#15630 = FILL_AREA_STYLE('',(#15631));
#15631 = FILL_AREA_STYLE_COLOUR('',#13296);
#15632 = STYLED_ITEM('color',(#15633),#6590);
#15633 = PRESENTATION_STYLE_ASSIGNMENT((#15634));
#15634 = SURFACE_STYLE_USAGE(.BOTH.,#15635);
#15635 = SURFACE_SIDE_STYLE('',(#15636));
#15636 = SURFACE_STYLE_FILL_AREA(#15637);
#15637 = FILL_AREA_STYLE('',(#15638));
#15638 = FILL_AREA_STYLE_COLOUR('',#13296);
#15639 = STYLED_ITEM('color',(#15640),#6614);
#15640 = PRESENTATION_STYLE_ASSIGNMENT((#15641));
#15641 = SURFACE_STYLE_USAGE(.BOTH.,#15642);
#15642 = SURFACE_SIDE_STYLE('',(#15643));
#15643 = SURFACE_STYLE_FILL_AREA(#15644);
#15644 = FILL_AREA_STYLE('',(#15645));
#15645 = FILL_AREA_STYLE_COLOUR('',#13296);
#15646 = STYLED_ITEM('color',(#15647),#6639);
#15647 = PRESENTATION_STYLE_ASSIGNMENT((#15648));
#15648 = SURFACE_STYLE_USAGE(.BOTH.,#15649);
#15649 = SURFACE_SIDE_STYLE('',(#15650));
#15650 = SURFACE_STYLE_FILL_AREA(#15651);
#15651 = FILL_AREA_STYLE('',(#15652));
#15652 = FILL_AREA_STYLE_COLOUR('',#13296);
#15653 = STYLED_ITEM('color',(#15654),#6664);
#15654 = PRESENTATION_STYLE_ASSIGNMENT((#15655));
#15655 = SURFACE_STYLE_USAGE(.BOTH.,#15656);
#15656 = SURFACE_SIDE_STYLE('',(#15657));
#15657 = SURFACE_STYLE_FILL_AREA(#15658);
#15658 = FILL_AREA_STYLE('',(#15659));
#15659 = FILL_AREA_STYLE_COLOUR('',#13296);
#15660 = STYLED_ITEM('color',(#15661),#6681);
#15661 = PRESENTATION_STYLE_ASSIGNMENT((#15662));
#15662 = SURFACE_STYLE_USAGE(.BOTH.,#15663);
#15663 = SURFACE_SIDE_STYLE('',(#15664));
#15664 = SURFACE_STYLE_FILL_AREA(#15665);
#15665 = FILL_AREA_STYLE('',(#15666));
#15666 = FILL_AREA_STYLE_COLOUR('',#13296);
ENDSEC;
END-ISO-10303-21;
