ISO-10303-21;
HEADER;
FILE_DESCRIPTION (( 'STEP AP214' ),
    '1' );
FILE_NAME ('2425753-1.STEP',
    '2024-09-13T17:28:27',
    ( '' ),
    ( '' ),
    'SwSTEP 2.0',
    'SolidWorks 2024',
    '' );
FILE_SCHEMA (( 'AUTOMOTIVE_DESIGN' ));
ENDSEC;

DATA;
#1 = VERTEX_POINT ( 'NONE', #1735 ) ;
#2 = CARTESIAN_POINT ( 'NONE',  ( -0.6856383886569000774, 5.037989148247329007E-17, -0.2000000000000000389 ) ) ;
#3 = CARTESIAN_POINT ( 'NONE',  ( -1.750000000000000000, -0.6500000000000001332, -0.5550000000000000488 ) ) ;
#4 = ORIENTED_EDGE ( 'NONE', *, *, #835, .F. ) ;
#5 = CARTESIAN_POINT ( 'NONE',  ( 1.550000000000000266, 1.074999999999999956, -0.2250000000000000333 ) ) ;
#6 = UNCERTAINTY_MEASURE_WITH_UNIT (LENGTH_MEASURE( 1.000000000000000082E-05 ), #201, 'distance_accuracy_value', 'NONE');
#7 = ORIENTED_EDGE ( 'NONE', *, *, #267, .F. ) ;
#8 = EDGE_CURVE ( 'NONE', #560, #1, #1186, .T. ) ;
#9 =( LENGTH_UNIT ( ) NAMED_UNIT ( * ) SI_UNIT ( .MILLI., .METRE. ) );
#10 = SURFACE_STYLE_FILL_AREA ( #694 ) ;
#11 = ADVANCED_FACE ( 'NONE', ( #473 ), #331, .F. ) ;
#12 = VECTOR ( 'NONE', #597, 1000.000000000000000 ) ;
#13 = DIRECTION ( 'NONE',  ( 1.000000000000000000, 0.000000000000000000, 0.000000000000000000 ) ) ;
#14 = VECTOR ( 'NONE', #713, 1000.000000000000000 ) ;
#15 = VECTOR ( 'NONE', #1773, 1000.000000000000000 ) ;
#16 = STYLED_ITEM ( 'NONE', ( #1300 ), #1314 ) ;
#17 = VERTEX_POINT ( 'NONE', #211 ) ;
#18 = MECHANICAL_DESIGN_GEOMETRIC_PRESENTATION_REPRESENTATION (  '', ( #1206 ), #402 ) ;
#19 = ORIENTED_EDGE ( 'NONE', *, *, #683, .T. ) ;
#20 = SURFACE_STYLE_USAGE ( .BOTH. , #731 ) ;
#21 = ORIENTED_EDGE ( 'NONE', *, *, #940, .T. ) ;
#22 = ADVANCED_FACE ( 'NONE', ( #780 ), #1343, .T. ) ;
#23 = CARTESIAN_POINT ( 'NONE',  ( 0.08683863308781245016, -0.6855711988669602741, -0.2000000000000000389 ) ) ;
#24 = DIRECTION ( 'NONE',  ( -1.000000000000000000, 0.000000000000000000, 0.000000000000000000 ) ) ;
#25 = ORIENTED_EDGE ( 'NONE', *, *, #1765, .T. ) ;
#26 = SURFACE_STYLE_USAGE ( .BOTH. , #580 ) ;
#27 = ORIENTED_EDGE ( 'NONE', *, *, #426, .T. ) ;
#28 = SURFACE_STYLE_FILL_AREA ( #1270 ) ;
#29 = ORIENTED_EDGE ( 'NONE', *, *, #743, .F. ) ;
#30 = CARTESIAN_POINT ( 'NONE',  ( -0.6189866690851334452, -0.2958627931559193458, -0.2000000000000000944 ) ) ;
#31 = EDGE_CURVE ( 'NONE', #662, #1180, #1306, .T. ) ;
#32 = VERTEX_POINT ( 'NONE', #1653 ) ;
#33 = LINE ( 'NONE', #1736, #757 ) ;
#34 = VECTOR ( 'NONE', #88, 1000.000000000000000 ) ;
#35 = ORIENTED_EDGE ( 'NONE', *, *, #1703, .F. ) ;
#36 =( GEOMETRIC_REPRESENTATION_CONTEXT ( 3 ) GLOBAL_UNCERTAINTY_ASSIGNED_CONTEXT ( ( #1707 ) ) GLOBAL_UNIT_ASSIGNED_CONTEXT ( ( #386, #106, #1657 ) ) REPRESENTATION_CONTEXT ( 'NONE', 'WORKASPACE' ) );
#37 =( NAMED_UNIT ( * ) PLANE_ANGLE_UNIT ( ) SI_UNIT ( $, .RADIAN. ) );
#38 =( LENGTH_UNIT ( ) NAMED_UNIT ( * ) SI_UNIT ( .MILLI., .METRE. ) );
#39 = ORIENTED_EDGE ( 'NONE', *, *, #896, .F. ) ;
#40 = CARTESIAN_POINT ( 'NONE',  ( -0.6294752465117450235, -0.2726018065282374558, -0.2000000000000000111 ) ) ;
#41 = VECTOR ( 'NONE', #674, 1000.000000000000000 ) ;
#42 = AXIS2_PLACEMENT_3D ( 'NONE', #847, #1407, #1654 ) ;
#43 = VERTEX_POINT ( 'NONE', #1525 ) ;
#44 = AXIS2_PLACEMENT_3D ( 'NONE', #1425, #132, #573 ) ;
#45 = PRESENTATION_STYLE_ASSIGNMENT (( #26 ) ) ;
#46 = EDGE_CURVE ( 'NONE', #632, #336, #235, .T. ) ;
#47 = UNCERTAINTY_MEASURE_WITH_UNIT (LENGTH_MEASURE( 1.000000000000000082E-05 ), #1772, 'distance_accuracy_value', 'NONE');
#48 = VERTEX_POINT ( 'NONE', #1103 ) ;
#49 = DIRECTION ( 'NONE',  ( 0.7071067811865475727, -0.7071067811865475727, 0.000000000000000000 ) ) ;
#50 = CARTESIAN_POINT ( 'NONE',  ( -0.2958627931559234536, 0.6189866690851271169, -0.2000000000000000666 ) ) ;
#51 = ORIENTED_EDGE ( 'NONE', *, *, #1071, .F. ) ;
#52 = ORIENTED_EDGE ( 'NONE', *, *, #1703, .T. ) ;
#53 = AXIS2_PLACEMENT_3D ( 'NONE', #1677, #387, #1122 ) ;
#54 = CARTESIAN_POINT ( 'NONE',  ( -1.449999999999999956, 1.024999999999999911, -0.5550000000000000488 ) ) ;
#55 = ORIENTED_EDGE ( 'NONE', *, *, #1471, .T. ) ;
#56 = SURFACE_SIDE_STYLE ('',( #1329 ) ) ;
#57 = DIRECTION ( 'NONE',  ( 0.000000000000000000, -0.000000000000000000, 1.000000000000000000 ) ) ;
#58 = CARTESIAN_POINT ( 'NONE',  ( 0.4180760030326430288, 0.5514583510210115946, -0.2000000000000000111 ) ) ;
#59 = EDGE_LOOP ( 'NONE', ( #148, #1770, #923, #1439 ) ) ;
#60 = CARTESIAN_POINT ( 'NONE',  ( 0.000000000000000000, -0.9749999999999999778, -0.5550000000000000488 ) ) ;
#61 = DIRECTION ( 'NONE',  ( 0.000000000000000000, -0.000000000000000000, -1.000000000000000000 ) ) ;
#62 = DIRECTION ( 'NONE',  ( -1.000000000000000000, 0.000000000000000000, 0.000000000000000000 ) ) ;
#63 = DIRECTION ( 'NONE',  ( 0.000000000000000000, 0.000000000000000000, 1.000000000000000000 ) ) ;
#64 = ORIENTED_EDGE ( 'NONE', *, *, #867, .F. ) ;
#65 = AXIS2_PLACEMENT_3D ( 'NONE', #1229, #808, #1792 ) ;
#66 = CARTESIAN_POINT ( 'NONE',  ( -1.500000000000000000, -1.024999999999999911, -0.5550000000000000488 ) ) ;
#67 = EDGE_LOOP ( 'NONE', ( #363, #1065, #489, #558 ) ) ;
#68 = VECTOR ( 'NONE', #665, 1000.000000000000000 ) ;
#69 = CARTESIAN_POINT ( 'NONE',  ( 1.550000000000000266, -1.074999999999999956, -0.2250000000000000333 ) ) ;
#70 = ORIENTED_EDGE ( 'NONE', *, *, #1294, .F. ) ;
#71 = DIRECTION ( 'NONE',  ( -0.000000000000000000, -1.000000000000000000, 0.000000000000000000 ) ) ;
#72 = VECTOR ( 'NONE', #1127, 1000.000000000000000 ) ;
#73 = ORIENTED_EDGE ( 'NONE', *, *, #1205, .F. ) ;
#74 = VECTOR ( 'NONE', #1190, 1000.000000000000000 ) ;
#75 = FILL_AREA_STYLE_COLOUR ( '', #1436 ) ;
#76 = VECTOR ( 'NONE', #1375, 1000.000000000000000 ) ;
#77 = DIRECTION ( 'NONE',  ( 0.000000000000000000, 0.000000000000000000, 1.000000000000000000 ) ) ;
#78 = ORIENTED_EDGE ( 'NONE', *, *, #46, .T. ) ;
#79 = MECHANICAL_DESIGN_GEOMETRIC_PRESENTATION_REPRESENTATION (  '', ( #795 ), #1353 ) ;
#80 = CARTESIAN_POINT ( 'NONE',  ( 17.21750167665999953, 0.6500000000000000222, -0.4949999999999999956 ) ) ;
#81 = EDGE_CURVE ( 'NONE', #465, #321, #930, .T. ) ;
#82 = DIRECTION ( 'NONE',  ( 1.000000000000000000, 0.000000000000000000, 0.000000000000000000 ) ) ;
#83 = CARTESIAN_POINT ( 'NONE',  ( -1.750000000000000000, 0.6500000000000001332, -0.5550000000000000488 ) ) ;
#84 = VERTEX_POINT ( 'NONE', #1499 ) ;
#85 = LINE ( 'NONE', #66, #1166 ) ;
#86 = ORIENTED_EDGE ( 'NONE', *, *, #181, .T. ) ;
#87 =( NAMED_UNIT ( * ) SI_UNIT ( $, .STERADIAN. ) SOLID_ANGLE_UNIT ( ) );
#88 = DIRECTION ( 'NONE',  ( 0.000000000000000000, -1.000000000000000000, -0.000000000000000000 ) ) ;
#89 = EDGE_CURVE ( 'NONE', #946, #299, #381, .T. ) ;
#90 = DIRECTION ( 'NONE',  ( 0.7071067811865474617, 0.7071067811865474617, 0.000000000000000000 ) ) ;
#91 = EDGE_CURVE ( 'NONE', #1, #1453, #376, .T. ) ;
#92 = LINE ( 'NONE', #1200, #1729 ) ;
#93 = VERTEX_POINT ( 'NONE', #502 ) ;
#94 = CARTESIAN_POINT ( 'NONE',  ( -1.449999999999999956, 1.024999999999999911, -0.2250000000000000611 ) ) ;
#95 = DIRECTION ( 'NONE',  ( 1.000000000000000000, 0.000000000000000000, -0.000000000000000000 ) ) ;
#96 = CARTESIAN_POINT ( 'NONE',  ( -1.600000000000000089, 0.000000000000000000, -0.5550000000000000488 ) ) ;
#97 = DIRECTION ( 'NONE',  ( 0.000000000000000000, 0.000000000000000000, 1.000000000000000000 ) ) ;
#98 = CARTESIAN_POINT ( 'NONE',  ( -1.550000000000000266, -1.074999999999999956, -0.2000000000000000111 ) ) ;
#99 = AXIS2_PLACEMENT_3D ( 'NONE', #1533, #958, #270 ) ;
#100 = CARTESIAN_POINT ( 'NONE',  ( -1.600000000000000755, 0.1499999999999999667, -0.4949999999999999956 ) ) ;
#101 = VECTOR ( 'NONE', #1487, 1000.000000000000000 ) ;
#102 = ADVANCED_FACE ( 'NONE', ( #403 ), #1067, .F. ) ;
#103 = ORIENTED_EDGE ( 'NONE', *, *, #809, .T. ) ;
#104 = STYLED_ITEM ( 'NONE', ( #458 ), #436 ) ;
#105 = CARTESIAN_POINT ( 'NONE',  ( 1.100000000000000089, 0.9749999999999999778, -0.5949999999999999734 ) ) ;
#106 =( NAMED_UNIT ( * ) PLANE_ANGLE_UNIT ( ) SI_UNIT ( $, .RADIAN. ) );
#107 = CARTESIAN_POINT ( 'NONE',  ( 1.550000000000000266, 1.125000000000000222, -0.2250000000000000333 ) ) ;
#108 = AXIS2_PLACEMENT_3D ( 'NONE', #69, #938, #1503 ) ;
#109 = CARTESIAN_POINT ( 'NONE',  ( -1.550000000000000266, -1.125000000000000222, -0.2000000000000000111 ) ) ;
#110 = CARTESIAN_POINT ( 'NONE',  ( -1.750000000000000666, -0.2999999999999990452, -0.4949999999999998845 ) ) ;
#111 = LINE ( 'NONE', #263, #1014 ) ;
#112 = DIRECTION ( 'NONE',  ( -0.7071067811865495711, 0.7071067811865454633, 0.000000000000000000 ) ) ;
#113 = EDGE_LOOP ( 'NONE', ( #1624, #771, #400, #701, #1444, #1699, #1188, #850 ) ) ;
#114 = EDGE_CURVE ( 'NONE', #1337, #430, #1368, .T. ) ;
#115 = CARTESIAN_POINT ( 'NONE',  ( 0.4212712127366285975, -0.3555735459980867708, -0.2301714907871009463 ) ) ;
#116 = FILL_AREA_STYLE_COLOUR ( '', #1485 ) ;
#117 = LINE ( 'NONE', #1505, #461 ) ;
#118 = FACE_OUTER_BOUND ( 'NONE', #1482, .T. ) ;
#119 = DIRECTION ( 'NONE',  ( 0.000000000000000000, 0.000000000000000000, 1.000000000000000000 ) ) ;
#120 = CARTESIAN_POINT ( 'NONE',  ( -1.449999999999999956, 0.9749999999999999778, -0.5949999999999999734 ) ) ;
#121 = DIRECTION ( 'NONE',  ( 0.000000000000000000, 1.000000000000000000, 0.000000000000000000 ) ) ;
#122 = VERTEX_POINT ( 'NONE', #931 ) ;
#123 = CARTESIAN_POINT ( 'NONE',  ( -1.100000000000000089, -0.8750000000000000000, -0.5949999999999999734 ) ) ;
#124 = PLANE ( 'NONE',  #1069 ) ;
#125 = EDGE_CURVE ( 'NONE', #84, #1621, #691, .T. ) ;
#126 = CARTESIAN_POINT ( 'NONE',  ( 17.21750167665999953, -0.6500000000000003553, -0.4949999999999999956 ) ) ;
#127 =( NAMED_UNIT ( * ) SI_UNIT ( $, .STERADIAN. ) SOLID_ANGLE_UNIT ( ) );
#128 = CARTESIAN_POINT ( 'NONE',  ( -0.4168132999852862119, 6.750569658551238874E-17, -0.1215840031366216545 ) ) ;
#129 = AXIS2_PLACEMENT_3D ( 'NONE', #437, #1594, #338 ) ;
#130 = ORIENTED_EDGE ( 'NONE', *, *, #537, .F. ) ;
#131 = CYLINDRICAL_SURFACE ( 'NONE', #823, 0.1000000000000000472 ) ;
#132 = DIRECTION ( 'NONE',  ( 0.7071067811865475727, -0.7071067811865475727, 0.000000000000000000 ) ) ;
#133 = DIRECTION ( 'NONE',  ( 0.000000000000000000, 0.000000000000000000, 1.000000000000000000 ) ) ;
#134 = VECTOR ( 'NONE', #1745, 1000.000000000000000 ) ;
#135 = AXIS2_PLACEMENT_3D ( 'NONE', #1534, #119, #536 ) ;
#136 = VECTOR ( 'NONE', #1409, 1000.000000000000000 ) ;
#137 = DIRECTION ( 'NONE',  ( -0.000000000000000000, 1.000000000000000000, 0.000000000000000000 ) ) ;
#138 = EDGE_CURVE ( 'NONE', #1168, #914, #1236, .T. ) ;
#139 = VECTOR ( 'NONE', #539, 1000.000000000000000 ) ;
#140 = CARTESIAN_POINT ( 'NONE',  ( 1.500000000000000000, 0.9750000000000000888, -0.2250000000000000611 ) ) ;
#141 = VERTEX_POINT ( 'NONE', #250 ) ;
#142 = FACE_OUTER_BOUND ( 'NONE', #59, .T. ) ;
#143 = EDGE_LOOP ( 'NONE', ( #197, #581, #1565, #1080 ) ) ;
#144 = LINE ( 'NONE', #423, #514 ) ;
#145 = CARTESIAN_POINT ( 'NONE',  ( -0.5623050360199430830, -0.3974556454057014965, -0.2000000000000000111 ) ) ;
#146 = CARTESIAN_POINT ( 'NONE',  ( -1.600000000000000089, -1.074999999999999956, -0.2250000000000000333 ) ) ;
#147 = EDGE_CURVE ( 'NONE', #308, #1303, #155, .T. ) ;
#148 = ORIENTED_EDGE ( 'NONE', *, *, #1006, .F. ) ;
#149 = DIRECTION ( 'NONE',  ( 1.000000000000000000, 0.000000000000000000, 0.000000000000000000 ) ) ;
#150 = ADVANCED_FACE ( 'NONE', ( #1635 ), #645, .T. ) ;
#151 = ORIENTED_EDGE ( 'NONE', *, *, #1422, .T. ) ;
#152 = CARTESIAN_POINT ( 'NONE',  ( -1.550000000000000266, -1.125000000000000222, -0.2250000000000000333 ) ) ;
#153 = CARTESIAN_POINT ( 'NONE',  ( 0.6856383886569000774, -0.04350436256532005941, -0.2000000000000000389 ) ) ;
#154 = ORIENTED_EDGE ( 'NONE', *, *, #1085, .F. ) ;
#155 = CIRCLE ( 'NONE', #1423, 0.04999999999999991257 ) ;
#156 = CARTESIAN_POINT ( 'NONE',  ( 0.000000000000000000, 0.000000000000000000, -0.2000000000000000111 ) ) ;
#157 = ORIENTED_EDGE ( 'NONE', *, *, #1327, .T. ) ;
#158 = ADVANCED_FACE ( 'NONE', ( #1244 ), #1354, .T. ) ;
#159 = CARTESIAN_POINT ( 'NONE',  ( 1.199999999999999956, 0.8750000000000000000, -0.5949999999999999734 ) ) ;
#160 = DIRECTION ( 'NONE',  ( 0.000000000000000000, -0.000000000000000000, -1.000000000000000000 ) ) ;
#161 = ORIENTED_EDGE ( 'NONE', *, *, #46, .F. ) ;
#162 = AXIS2_PLACEMENT_3D ( 'NONE', #156, #1152, #431 ) ;
#163 = CARTESIAN_POINT ( 'NONE',  ( 1.550000000000000266, -1.074999999999999956, -0.2250000000000000333 ) ) ;
#164 = CIRCLE ( 'NONE', #1175, 0.04999999999999991257 ) ;
#165 = ORIENTED_EDGE ( 'NONE', *, *, #360, .F. ) ;
#166 = COLOUR_RGB ( '',0.7960784313725489669, 0.8235294117647058432, 0.9372549019607843146 ) ;
#167 = CARTESIAN_POINT ( 'NONE',  ( 1.449999999999999956, 0.9749999999999999778, -0.2250000000000000611 ) ) ;
#168 = ORIENTED_EDGE ( 'NONE', *, *, #1242, .F. ) ;
#169 = SURFACE_STYLE_FILL_AREA ( #1154 ) ;
#170 = CARTESIAN_POINT ( 'NONE',  ( 1.750000000000000000, -0.2999999999999999889, -0.5550000000000000488 ) ) ;
#171 = EDGE_CURVE ( 'NONE', #1337, #1099, #1220, .T. ) ;
#172 = CARTESIAN_POINT ( 'NONE',  ( -0.5975028072244079613, -0.3373130165469392372, -0.2000000000000000111 ) ) ;
#173 = VERTEX_POINT ( 'NONE', #110 ) ;
#174 = CARTESIAN_POINT ( 'NONE',  ( -1.550000000000000266, -1.125000000000000222, -0.2250000000000000333 ) ) ;
#175 = UNCERTAINTY_MEASURE_WITH_UNIT (LENGTH_MEASURE( 1.000000000000000082E-05 ), #1057, 'distance_accuracy_value', 'NONE');
#176 = ORIENTED_EDGE ( 'NONE', *, *, #855, .T. ) ;
#177 = SURFACE_STYLE_USAGE ( .BOTH. , #712 ) ;
#178 = FACE_OUTER_BOUND ( 'NONE', #1126, .T. ) ;
#179 = ORIENTED_EDGE ( 'NONE', *, *, #446, .T. ) ;
#180 = CARTESIAN_POINT ( 'NONE',  ( -1.449999999999999956, 1.024999999999999911, -0.5949999999999999734 ) ) ;
#181 = EDGE_CURVE ( 'NONE', #732, #122, #679, .T. ) ;
#182 = CARTESIAN_POINT ( 'NONE',  ( -1.500000000000000000, 1.024999999999999911, -0.5949999999999999734 ) ) ;
#183 = ORIENTED_EDGE ( 'NONE', *, *, #305, .F. ) ;
#184 = PLANE ( 'NONE',  #162 ) ;
#185 = ORIENTED_EDGE ( 'NONE', *, *, #313, .F. ) ;
#186 = FACE_BOUND ( 'NONE', #1746, .T. ) ;
#187 = SURFACE_SIDE_STYLE ('',( #1731 ) ) ;
#188 = DIRECTION ( 'NONE',  ( 0.000000000000000000, -1.000000000000000000, -0.000000000000000000 ) ) ;
#189 = VECTOR ( 'NONE', #1543, 1000.000000000000000 ) ;
#190 = VECTOR ( 'NONE', #1561, 1000.000000000000000 ) ;
#191 = CARTESIAN_POINT ( 'NONE',  ( -0.4168132999852862119, 5.104490736690262736E-17, -0.1215840031366216545 ) ) ;
#192 = ORIENTED_EDGE ( 'NONE', *, *, #1118, .F. ) ;
#193 = VECTOR ( 'NONE', #1437, 1000.000000000000000 ) ;
#194 = EDGE_CURVE ( 'NONE', #1089, #1082, #830, .T. ) ;
#195 = FACE_OUTER_BOUND ( 'NONE', #1199, .T. ) ;
#196 = MECHANICAL_DESIGN_GEOMETRIC_PRESENTATION_REPRESENTATION (  '', ( #1524 ), #1433 ) ;
#197 = ORIENTED_EDGE ( 'NONE', *, *, #89, .T. ) ;
#198 = CARTESIAN_POINT ( 'NONE',  ( 1.750000000000000000, -0.2999999999999999889, -0.5550000000000000488 ) ) ;
#199 = CARTESIAN_POINT ( 'NONE',  ( 0.2304500987608938400, 0.6461612522329432950, -0.2000000000000000111 ) ) ;
#200 = ORIENTED_EDGE ( 'NONE', *, *, #1402, .T. ) ;
#201 =( LENGTH_UNIT ( ) NAMED_UNIT ( * ) SI_UNIT ( .MILLI., .METRE. ) );
#202 = CARTESIAN_POINT ( 'NONE',  ( 1.100000000000000089, -0.9749999999999999778, -0.5949999999999999734 ) ) ;
#203 = ORIENTED_EDGE ( 'NONE', *, *, #1267, .T. ) ;
#204 = FACE_OUTER_BOUND ( 'NONE', #1020, .T. ) ;
#205 = EDGE_CURVE ( 'NONE', #1303, #1248, #1805, .T. ) ;
#206 =( NAMED_UNIT ( * ) SI_UNIT ( $, .STERADIAN. ) SOLID_ANGLE_UNIT ( ) );
#207 = CARTESIAN_POINT ( 'NONE',  ( 0.5897376481056233466, 1.179475296211246249, -0.2000000000000000389 ) ) ;
#208 = VERTEX_POINT ( 'NONE', #666 ) ;
#209 = DIRECTION ( 'NONE',  ( -1.000000000000000000, -0.000000000000000000, 0.000000000000000000 ) ) ;
#210 = LINE ( 'NONE', #779, #41 ) ;
#211 = CARTESIAN_POINT ( 'NONE',  ( 1.550000000000000266, -1.125000000000000222, -0.2250000000000000333 ) ) ;
#212 = PRESENTATION_STYLE_ASSIGNMENT (( #1478 ) ) ;
#213 = ORIENTED_EDGE ( 'NONE', *, *, #125, .F. ) ;
#214 = SURFACE_STYLE_USAGE ( .BOTH. , #56 ) ;
#215 = CARTESIAN_POINT ( 'NONE',  ( -0.2725591301645219344, 0.6294921788869396462, -0.2000000000000000389 ) ) ;
#216 = EDGE_LOOP ( 'NONE', ( #1048, #1218, #370, #718 ) ) ;
#217 = EDGE_CURVE ( 'NONE', #1303, #1339, #529, .T. ) ;
#218 = MECHANICAL_DESIGN_GEOMETRIC_PRESENTATION_REPRESENTATION (  '', ( #1806 ), #36 ) ;
#219 = CARTESIAN_POINT ( 'NONE',  ( 0.4168132999852862119, 0.8336265999705722018, -0.1215840031366216684 ) ) ;
#220 = VECTOR ( 'NONE', #468, 1000.000000000000000 ) ;
#221 = DIRECTION ( 'NONE',  ( 0.000000000000000000, -0.000000000000000000, -1.000000000000000000 ) ) ;
#222 =( NAMED_UNIT ( * ) PLANE_ANGLE_UNIT ( ) SI_UNIT ( $, .RADIAN. ) );
#223 = DIRECTION ( 'NONE',  ( 1.000000000000000000, 0.000000000000000000, 0.000000000000000000 ) ) ;
#224 = VECTOR ( 'NONE', #1307, 1000.000000000000000 ) ;
#225 = VERTEX_POINT ( 'NONE', #1124 ) ;
#226 = AXIS2_PLACEMENT_3D ( 'NONE', #1078, #949, #389 ) ;
#227 = MECHANICAL_DESIGN_GEOMETRIC_PRESENTATION_REPRESENTATION (  '', ( #793 ), #693 ) ;
#228 = CARTESIAN_POINT ( 'NONE',  ( -0.4976737361960338335, 6.094745480521771841E-17, -0.1731450533013624837 ) ) ;
#229 = ORIENTED_EDGE ( 'NONE', *, *, #504, .F. ) ;
#230 = VECTOR ( 'NONE', #1545, 1000.000000000000000 ) ;
#231 = DIRECTION ( 'NONE',  ( 0.000000000000000000, 0.000000000000000000, 1.000000000000000000 ) ) ;
#232 = CARTESIAN_POINT ( 'NONE',  ( 0.000000000000000000, -0.6500000000000001332, -0.5550000000000000488 ) ) ;
#233 = EDGE_CURVE ( 'NONE', #492, #946, #557, .T. ) ;
#234 = EDGE_CURVE ( 'NONE', #1417, #1453, #1136, .T. ) ;
#235 = LINE ( 'NONE', #1094, #350 ) ;
#236 = FILL_AREA_STYLE_COLOUR ( '', #1694 ) ;
#237 = VECTOR ( 'NONE', #1649, 1000.000000000000000 ) ;
#238 = DIRECTION ( 'NONE',  ( 1.000000000000000000, 0.000000000000000000, 0.000000000000000000 ) ) ;
#239 = VERTEX_POINT ( 'NONE', #271 ) ;
#240 = DIRECTION ( 'NONE',  ( 1.000000000000000000, 0.000000000000000000, 0.000000000000000000 ) ) ;
#241 =( BOUNDED_SURFACE ( )  B_SPLINE_SURFACE ( 3, 3, ( 
 ( #491, #767, #1332, #1475 ),
 ( #913, #207, #1623, #1338 ),
 ( #1630, #369, #1491, #228 ),
 ( #1357, #219, #1050, #636 ) ),
 .UNSPECIFIED., .F., .F., .T. ) 
 B_SPLINE_SURFACE_WITH_KNOTS ( ( 4, 4 ),
 ( 4, 4 ),
 ( 0.000000000000000000, 1.000000000000000000 ),
 ( 0.000000000000000000, 1.000000000000000000 ),
 .UNSPECIFIED. ) 
 GEOMETRIC_REPRESENTATION_ITEM ( )  RATIONAL_B_SPLINE_SURFACE ( (
 ( 1.000000000000000000, 0.3333333333333334259, 0.3333333333333334259, 1.000000000000000000),
 ( 0.9733277788427789901, 0.3244425929475930892, 0.3244425929475930892, 0.9733277788427789901),
 ( 0.9733277788427789901, 0.3244425929475930892, 0.3244425929475930892, 0.9733277788427789901),
 ( 1.000000000000000000, 0.3333333333333334259, 0.3333333333333334259, 1.000000000000000000) ) ) 
 REPRESENTATION_ITEM ( '' )  SURFACE ( )  );
#242 = SURFACE_STYLE_FILL_AREA ( #1640 ) ;
#243 = DIRECTION ( 'NONE',  ( 0.000000000000000000, 0.000000000000000000, 1.000000000000000000 ) ) ;
#244 = ADVANCED_FACE ( 'NONE', ( #1262 ), #1412, .T. ) ;
#245 =( LENGTH_UNIT ( ) NAMED_UNIT ( * ) SI_UNIT ( .MILLI., .METRE. ) );
#246 = DIRECTION ( 'NONE',  ( 0.000000000000000000, -1.000000000000000000, 0.000000000000000000 ) ) ;
#247 = ORIENTED_EDGE ( 'NONE', *, *, #673, .T. ) ;
#248 = CARTESIAN_POINT ( 'NONE',  ( 1.100000000000000089, 0.8750000000000000000, -0.5949999999999999734 ) ) ;
#249 = PLANE ( 'NONE',  #1073 ) ;
#250 = CARTESIAN_POINT ( 'NONE',  ( 1.749999999999999778, -0.2999999999999999334, -0.4949999999999999956 ) ) ;
#251 = APPLICATION_PROTOCOL_DEFINITION ( 'draft international standard', 'automotive_design', 1998, #833 ) ;
#252 = DIRECTION ( 'NONE',  ( 0.000000000000000000, 0.000000000000000000, 1.000000000000000000 ) ) ;
#253 = ADVANCED_FACE ( 'NONE', ( #844 ), #1113, .T. ) ;
#254 = VECTOR ( 'NONE', #1123, 1000.000000000000000 ) ;
#255 = CARTESIAN_POINT ( 'NONE',  ( -1.199999999999999956, -0.8750000000000000000, -0.5949999999999999734 ) ) ;
#256 = ORIENTED_EDGE ( 'NONE', *, *, #1015, .T. ) ;
#257 = PRESENTATION_LAYER_ASSIGNMENT (  '', '', ( #1106 ) ) ;
#258 = DIRECTION ( 'NONE',  ( -0.000000000000000000, -1.000000000000000000, 0.000000000000000000 ) ) ;
#259 =( GEOMETRIC_REPRESENTATION_CONTEXT ( 3 ) GLOBAL_UNCERTAINTY_ASSIGNED_CONTEXT ( ( #728 ) ) GLOBAL_UNIT_ASSIGNED_CONTEXT ( ( #9, #37, #1280 ) ) REPRESENTATION_CONTEXT ( 'NONE', 'WORKASPACE' ) );
#260 = CARTESIAN_POINT ( 'NONE',  ( -1.750000000000000000, 0.000000000000000000, -0.5550000000000000488 ) ) ;
#261 = VECTOR ( 'NONE', #688, 1000.000000000000000 ) ;
#262 = DIRECTION ( 'NONE',  ( -1.000000000000000000, 0.000000000000000000, -0.000000000000000000 ) ) ;
#263 = CARTESIAN_POINT ( 'NONE',  ( -1.500000000000000000, 0.6500000000000001332, -0.5949999999999999734 ) ) ;
#264 = DIRECTION ( 'NONE',  ( 0.000000000000000000, -0.000000000000000000, -1.000000000000000000 ) ) ;
#265 = VECTOR ( 'NONE', #1411, 1000.000000000000000 ) ;
#266 = ORIENTED_EDGE ( 'NONE', *, *, #1506, .F. ) ;
#267 = EDGE_CURVE ( 'NONE', #361, #173, #854, .T. ) ;
#268 = CARTESIAN_POINT ( 'NONE',  ( -0.1594195997899894579, -0.4489667783933152800, -0.08700379887776306387 ) ) ;
#269 = LINE ( 'NONE', #1811, #1263 ) ;
#270 = DIRECTION ( 'NONE',  ( 1.000000000000000000, 0.000000000000000000, 0.000000000000000000 ) ) ;
#271 = CARTESIAN_POINT ( 'NONE',  ( -1.600000000000000311, 0.1500000000000003830, -0.4949999999999999956 ) ) ;
#272 = APPLICATION_PROTOCOL_DEFINITION ( 'draft international standard', 'automotive_design', 1998, #770 ) ;
#273 = CARTESIAN_POINT ( 'NONE',  ( -1.600000000000000089, -1.074999999999999956, -0.2000000000000000111 ) ) ;
#274 = VERTEX_POINT ( 'NONE', #1101 ) ;
#275 = DIRECTION ( 'NONE',  ( -1.000000000000000000, -0.000000000000000000, 0.000000000000000000 ) ) ;
#276 = ORIENTED_EDGE ( 'NONE', *, *, #1548, .T. ) ;
#277 = DIRECTION ( 'NONE',  ( -0.000000000000000000, -1.000000000000000000, 0.000000000000000000 ) ) ;
#278 = CARTESIAN_POINT ( 'NONE',  ( -1.600000000000000089, -0.1499999999999999944, -0.5550000000000000488 ) ) ;
#279 = EDGE_CURVE ( 'NONE', #321, #1628, #650, .T. ) ;
#280 = AXIS2_PLACEMENT_3D ( 'NONE', #1381, #243, #654 ) ;
#281 = DIRECTION ( 'NONE',  ( -0.000000000000000000, -0.000000000000000000, -1.000000000000000000 ) ) ;
#282 = CARTESIAN_POINT ( 'NONE',  ( 1.750000000000000000, 0.6500000000000001332, -0.5550000000000000488 ) ) ;
#283 = VECTOR ( 'NONE', #95, 1000.000000000000000 ) ;
#284 = CARTESIAN_POINT ( 'NONE',  ( 1.550000000000000266, 1.125000000000000222, -0.2000000000000000111 ) ) ;
#285 = ORIENTED_EDGE ( 'NONE', *, *, #809, .F. ) ;
#286 = LINE ( 'NONE', #1389, #261 ) ;
#287 = CIRCLE ( 'NONE', #99, 0.04999999999999991257 ) ;
#288 = VERTEX_POINT ( 'NONE', #1219 ) ;
#289 =( NAMED_UNIT ( * ) PLANE_ANGLE_UNIT ( ) SI_UNIT ( $, .RADIAN. ) );
#290 = AXIS2_PLACEMENT_3D ( 'NONE', #1335, #62, #358 ) ;
#291 = AXIS2_PLACEMENT_3D ( 'NONE', #373, #1669, #82 ) ;
#292 = EDGE_CURVE ( 'NONE', #1000, #1750, #837, .T. ) ;
#293 = CARTESIAN_POINT ( 'NONE',  ( -1.600000000000000089, -1.125000000000000222, -0.2250000000000000333 ) ) ;
#294 = CIRCLE ( 'NONE', #1469, 0.1000000000000000472 ) ;
#295 = EDGE_CURVE ( 'NONE', #1613, #32, #1075, .T. ) ;
#296 = DIRECTION ( 'NONE',  ( 1.000000000000000000, 0.000000000000000000, 0.000000000000000000 ) ) ;
#297 = ORIENTED_EDGE ( 'NONE', *, *, #825, .F. ) ;
#298 = CARTESIAN_POINT ( 'NONE',  ( -1.600000000000000089, 1.074999999999999956, -0.2250000000000000333 ) ) ;
#299 = VERTEX_POINT ( 'NONE', #828 ) ;
#300 = DIRECTION ( 'NONE',  ( 1.000000000000000000, -0.000000000000000000, 0.000000000000000000 ) ) ;
#301 = DIRECTION ( 'NONE',  ( 0.000000000000000000, 0.000000000000000000, 1.000000000000000000 ) ) ;
#302 = DIRECTION ( 'NONE',  ( -0.000000000000000000, 0.000000000000000000, 1.000000000000000000 ) ) ;
#303 = CARTESIAN_POINT ( 'NONE',  ( 0.6856383886568997443, -1.371276777313800155, -0.2000000000000000111 ) ) ;
#304 = EDGE_LOOP ( 'NONE', ( #384, #130, #1178, #1446, #1183, #1268, #567, #609 ) ) ;
#305 = EDGE_CURVE ( 'NONE', #616, #1151, #1392, .T. ) ;
#306 = LINE ( 'NONE', #1027, #12 ) ;
#307 = MANIFOLD_SOLID_BREP ( 'Imported1', #659 ) ;
#308 = VERTEX_POINT ( 'NONE', #507 ) ;
#309 = CARTESIAN_POINT ( 'NONE',  ( -1.449999999999999956, -0.9749999999999999778, -0.5949999999999999734 ) ) ;
#310 = CARTESIAN_POINT ( 'NONE',  ( 0.3974556454057094901, -0.5623050360199303155, -0.1999999999999999833 ) ) ;
#311 = ORIENTED_EDGE ( 'NONE', *, *, #1517, .F. ) ;
#312 = FACE_OUTER_BOUND ( 'NONE', #304, .T. ) ;
#313 = EDGE_CURVE ( 'NONE', #914, #616, #1521, .T. ) ;
#314 = UNCERTAINTY_MEASURE_WITH_UNIT (LENGTH_MEASURE( 1.000000000000000082E-05 ), #38, 'distance_accuracy_value', 'NONE');
#315 = ORIENTED_EDGE ( 'NONE', *, *, #748, .F. ) ;
#316 = CARTESIAN_POINT ( 'NONE',  ( 0.000000000000000000, 0.000000000000000000, -0.1215840031366216545 ) ) ;
#317 = DIRECTION ( 'NONE',  ( 0.000000000000000000, -1.000000000000000000, 0.000000000000000000 ) ) ;
#318 = CARTESIAN_POINT ( 'NONE',  ( -0.1701177505453663474, -0.6646234033330501445, -0.1999999999999999833 ) ) ;
#319 = CIRCLE ( 'NONE', #1351, 0.04999999999999991257 ) ;
#320 = AXIS2_PLACEMENT_3D ( 'NONE', #1625, #1341, #778 ) ;
#321 = VERTEX_POINT ( 'NONE', #939 ) ;
#322 = AXIS2_PLACEMENT_3D ( 'NONE', #1070, #1222, #804 ) ;
#323 = CARTESIAN_POINT ( 'NONE',  ( -1.199999999999999956, -0.8750000000000000000, -0.5550000000000000488 ) ) ;
#324 = ORIENTED_EDGE ( 'NONE', *, *, #1440, .F. ) ;
#325 =( NAMED_UNIT ( * ) PLANE_ANGLE_UNIT ( ) SI_UNIT ( $, .RADIAN. ) );
#326 = EDGE_CURVE ( 'NONE', #361, #846, #1386, .T. ) ;
#327 = CARTESIAN_POINT ( 'NONE',  ( 0.6796209091413473180, -0.1076801174314516302, -0.1999999999999999556 ) ) ;
#328 = AXIS2_PLACEMENT_3D ( 'NONE', #1495, #769, #61 ) ;
#329 = ADVANCED_BREP_SHAPE_REPRESENTATION ( '2425753-1', ( #307, #848 ), #375 ) ;
#330 = CARTESIAN_POINT ( 'NONE',  ( -0.4976737361960338335, 6.094745480521771841E-17, -0.1731450533013624837 ) ) ;
#331 = PLANE ( 'NONE',  #290 ) ;
#332 = SURFACE_STYLE_FILL_AREA ( #1443 ) ;
#333 = ORIENTED_EDGE ( 'NONE', *, *, #91, .T. ) ;
#334 =( NAMED_UNIT ( * ) SI_UNIT ( $, .STERADIAN. ) SOLID_ANGLE_UNIT ( ) );
#335 = LINE ( 'NONE', #1347, #596 ) ;
#336 = VERTEX_POINT ( 'NONE', #817 ) ;
#337 = EDGE_CURVE ( 'NONE', #641, #532, #1573, .T. ) ;
#338 = DIRECTION ( 'NONE',  ( 0.000000000000000000, -0.000000000000000000, 1.000000000000000000 ) ) ;
#339 = CARTESIAN_POINT ( 'NONE',  ( 1.500000000000000000, 0.000000000000000000, -0.2250000000000000333 ) ) ;
#340 = LINE ( 'NONE', #83, #101 ) ;
#341 = AXIS2_PLACEMENT_3D ( 'NONE', #282, #705, #416 ) ;
#342 = ORIENTED_EDGE ( 'NONE', *, *, #673, .F. ) ;
#343 = DIRECTION ( 'NONE',  ( 0.000000000000000000, 0.000000000000000000, 1.000000000000000000 ) ) ;
#344 = SURFACE_SIDE_STYLE ('',( #521 ) ) ;
#345 = DIRECTION ( 'NONE',  ( 1.000000000000000000, 0.000000000000000000, 0.000000000000000000 ) ) ;
#346 = ORIENTED_EDGE ( 'NONE', *, *, #81, .F. ) ;
#347 = CARTESIAN_POINT ( 'NONE',  ( 1.600000000000000089, -0.1499999999999999944, -0.5550000000000000488 ) ) ;
#348 = CIRCLE ( 'NONE', #42, 0.04999999999999991257 ) ;
#349 = ADVANCED_FACE ( 'NONE', ( #966 ), #124, .F. ) ;
#350 = VECTOR ( 'NONE', #1360, 1000.000000000000000 ) ;
#351 = ADVANCED_FACE ( 'NONE', ( #555 ), #1709, .T. ) ;
#352 = MECHANICAL_DESIGN_GEOMETRIC_PRESENTATION_REPRESENTATION (  '', ( #759 ), #1726 ) ;
#353 = LINE ( 'NONE', #622, #1284 ) ;
#354 = VECTOR ( 'NONE', #517, 1000.000000000000000 ) ;
#355 = FILL_AREA_STYLE ('',( #75 ) ) ;
#356 = EDGE_LOOP ( 'NONE', ( #1408, #151, #1233, #1631 ) ) ;
#357 = CARTESIAN_POINT ( 'NONE',  ( -1.600000000000000089, 0.1499999999999999944, -0.5550000000000000488 ) ) ;
#358 = DIRECTION ( 'NONE',  ( 0.000000000000000000, 0.000000000000000000, 1.000000000000000000 ) ) ;
#359 = DIRECTION ( 'NONE',  ( 1.000000000000000000, 0.000000000000000000, 0.000000000000000000 ) ) ;
#360 = EDGE_CURVE ( 'NONE', #726, #1621, #1716, .T. ) ;
#361 = VERTEX_POINT ( 'NONE', #1164 ) ;
#362 = CARTESIAN_POINT ( 'NONE',  ( -1.550000000000000266, 1.074999999999999956, -0.2250000000000000333 ) ) ;
#363 = ORIENTED_EDGE ( 'NONE', *, *, #1041, .F. ) ;
#364 = CARTESIAN_POINT ( 'NONE',  ( -1.750000000000000000, -0.6500000000000001332, -0.5550000000000000488 ) ) ;
#365 = LINE ( 'NONE', #637, #1169 ) ;
#366 = DIRECTION ( 'NONE',  ( 0.000000000000000000, 0.000000000000000000, 1.000000000000000000 ) ) ;
#367 = CARTESIAN_POINT ( 'NONE',  ( 1.750000000000000000, -0.6500000000000001332, -0.4949999999999999956 ) ) ;
#368 = EDGE_LOOP ( 'NONE', ( #73, #746, #479, #1575 ) ) ;
#369 = CARTESIAN_POINT ( 'NONE',  ( 0.4976737361960338335, 0.9953474723920675560, -0.1731450533013624837 ) ) ;
#370 = ORIENTED_EDGE ( 'NONE', *, *, #763, .F. ) ;
#371 = DIRECTION ( 'NONE',  ( 1.000000000000000000, 0.000000000000000000, 0.000000000000000000 ) ) ;
#372 = VECTOR ( 'NONE', #1238, 1000.000000000000000 ) ;
#373 = CARTESIAN_POINT ( 'NONE',  ( 1.449999999999999956, -0.9749999999999999778, -0.2250000000000000611 ) ) ;
#374 = DIRECTION ( 'NONE',  ( 0.000000000000000000, 0.000000000000000000, 1.000000000000000000 ) ) ;
#375 =( GEOMETRIC_REPRESENTATION_CONTEXT ( 3 ) GLOBAL_UNCERTAINTY_ASSIGNED_CONTEXT ( ( #1580 ) ) GLOBAL_UNIT_ASSIGNED_CONTEXT ( ( #245, #686, #821 ) ) REPRESENTATION_CONTEXT ( 'NONE', 'WORKASPACE' ) );
#376 = CIRCLE ( 'NONE', #291, 0.04999999999999991257 ) ;
#377 = FILL_AREA_STYLE ('',( #490 ) ) ;
#378 = EDGE_LOOP ( 'NONE', ( #935, #25, #1072, #396 ) ) ;
#379 = CYLINDRICAL_SURFACE ( 'NONE', #108, 0.04999999999999991257 ) ;
#380 = ADVANCED_FACE ( 'NONE', ( #449 ), #1685, .F. ) ;
#381 = LINE ( 'NONE', #943, #542 ) ;
#382 = MECHANICAL_DESIGN_GEOMETRIC_PRESENTATION_REPRESENTATION (  '', ( #1678 ), #1114 ) ;
#383 = DIRECTION ( 'NONE',  ( 1.000000000000000000, 0.000000000000000000, 0.000000000000000000 ) ) ;
#384 = ORIENTED_EDGE ( 'NONE', *, *, #639, .F. ) ;
#385 = DIRECTION ( 'NONE',  ( 1.000000000000000000, -0.000000000000000000, 0.000000000000000000 ) ) ;
#386 =( LENGTH_UNIT ( ) NAMED_UNIT ( * ) SI_UNIT ( .MILLI., .METRE. ) );
#387 = DIRECTION ( 'NONE',  ( -1.224646799147353207E-16, -1.000000000000000000, 0.000000000000000000 ) ) ;
#388 = DIRECTION ( 'NONE',  ( 0.000000000000000000, -0.000000000000000000, 1.000000000000000000 ) ) ;
#389 = DIRECTION ( 'NONE',  ( -1.000000000000000000, 0.000000000000000000, -0.000000000000000000 ) ) ;
#390 = DIRECTION ( 'NONE',  ( 0.000000000000000000, -0.000000000000000000, 1.000000000000000000 ) ) ;
#391 = CARTESIAN_POINT ( 'NONE',  ( 1.750000000000000000, 0.6500000000000001332, -0.5550000000000000488 ) ) ;
#392 = ORIENTED_EDGE ( 'NONE', *, *, #1651, .T. ) ;
#393 = DIRECTION ( 'NONE',  ( 0.000000000000000000, 0.000000000000000000, 1.000000000000000000 ) ) ;
#394 = CARTESIAN_POINT ( 'NONE',  ( -1.750000000000000000, 0.000000000000000000, -0.5550000000000000488 ) ) ;
#395 = DIRECTION ( 'NONE',  ( 0.000000000000000000, 0.000000000000000000, 1.000000000000000000 ) ) ;
#396 = ORIENTED_EDGE ( 'NONE', *, *, #1107, .T. ) ;
#397 = EDGE_CURVE ( 'NONE', #141, #32, #878, .T. ) ;
#398 = CARTESIAN_POINT ( 'NONE',  ( -1.600000000000000089, -1.125000000000000222, -0.2250000000000000333 ) ) ;
#399 = CIRCLE ( 'NONE', #1251, 0.1000000000000000472 ) ;
#400 = ORIENTED_EDGE ( 'NONE', *, *, #1041, .T. ) ;
#401 = VECTOR ( 'NONE', #209, 1000.000000000000000 ) ;
#402 =( GEOMETRIC_REPRESENTATION_CONTEXT ( 3 ) GLOBAL_UNCERTAINTY_ASSIGNED_CONTEXT ( ( #175 ) ) GLOBAL_UNIT_ASSIGNED_CONTEXT ( ( #1057, #477, #936 ) ) REPRESENTATION_CONTEXT ( 'NONE', 'WORKASPACE' ) );
#403 = FACE_OUTER_BOUND ( 'NONE', #1705, .T. ) ;
#404 = DIRECTION ( 'NONE',  ( 1.000000000000000000, 0.000000000000000000, 0.000000000000000000 ) ) ;
#405 = CARTESIAN_POINT ( 'NONE',  ( -1.449999999999999956, -0.6500000000000001332, -0.5550000000000000488 ) ) ;
#406 = ADVANCED_FACE ( 'NONE', ( #1292 ), #1132, .F. ) ;
#407 = EDGE_LOOP ( 'NONE', ( #1544, #834 ) ) ;
#408 = DIRECTION ( 'NONE',  ( -0.000000000000000000, 1.000000000000000000, 0.000000000000000000 ) ) ;
#409 = VERTEX_POINT ( 'NONE', #1148 ) ;
#410 = CARTESIAN_POINT ( 'NONE',  ( 1.500000000000000000, -1.024999999999999911, -0.5949999999999999734 ) ) ;
#411 = ORIENTED_EDGE ( 'NONE', *, *, #1517, .T. ) ;
#412 = EDGE_CURVE ( 'NONE', #1763, #122, #435, .T. ) ;
#413 = FACE_OUTER_BOUND ( 'NONE', #439, .T. ) ;
#414 = ADVANCED_FACE ( 'NONE', ( #944 ), #1474, .T. ) ;
#415 = AXIS2_PLACEMENT_3D ( 'NONE', #976, #1696, #1823 ) ;
#416 = DIRECTION ( 'NONE',  ( 0.000000000000000000, -0.000000000000000000, 1.000000000000000000 ) ) ;
#417 = FACE_OUTER_BOUND ( 'NONE', #368, .T. ) ;
#418 = VERTEX_POINT ( 'NONE', #1310 ) ;
#419 = CARTESIAN_POINT ( 'NONE',  ( -1.449999999999999956, -1.024999999999999911, -0.5949999999999999734 ) ) ;
#420 = VECTOR ( 'NONE', #547, 1000.000000000000000 ) ;
#421 = ORIENTED_EDGE ( 'NONE', *, *, #205, .F. ) ;
#422 = STYLED_ITEM ( 'NONE', ( #45 ), #1629 ) ;
#423 = CARTESIAN_POINT ( 'NONE',  ( -1.600000000000000089, 1.125000000000000222, -0.2250000000000000333 ) ) ;
#424 = CARTESIAN_POINT ( 'NONE',  ( -0.6796209091413473180, 0.1076801174314516302, -0.1999999999999999556 ) ) ;
#425 = VECTOR ( 'NONE', #57, 1000.000000000000000 ) ;
#426 = EDGE_CURVE ( 'NONE', #846, #288, #646, .T. ) ;
#427 = PLANE ( 'NONE',  #801 ) ;
#428 = VECTOR ( 'NONE', #231, 1000.000000000000000 ) ;
#429 = SURFACE_STYLE_USAGE ( .BOTH. , #995 ) ;
#430 = VERTEX_POINT ( 'NONE', #1782 ) ;
#431 = DIRECTION ( 'NONE',  ( 1.000000000000000000, 0.000000000000000000, -0.000000000000000000 ) ) ;
#432 = UNCERTAINTY_MEASURE_WITH_UNIT (LENGTH_MEASURE( 1.000000000000000082E-05 ), #1060, 'distance_accuracy_value', 'NONE');
#433 = ORIENTED_EDGE ( 'NONE', *, *, #426, .F. ) ;
#434 = SURFACE_STYLE_USAGE ( .BOTH. , #1539 ) ;
#435 = LINE ( 'NONE', #754, #1021 ) ;
#436 = ADVANCED_FACE ( 'NONE', ( #178 ), #1643, .T. ) ;
#437 = CARTESIAN_POINT ( 'NONE',  ( 1.100000000000000089, 0.9749999999999999778, -0.5949999999999999734 ) ) ;
#438 = EDGE_LOOP ( 'NONE', ( #978, #442, #891, #1003 ) ) ;
#439 = EDGE_LOOP ( 'NONE', ( #499, #1333, #885, #1063 ) ) ;
#440 = DIRECTION ( 'NONE',  ( 1.000000000000000000, 0.000000000000000000, 0.000000000000000000 ) ) ;
#441 = FILL_AREA_STYLE_COLOUR ( '', #1142 ) ;
#442 = ORIENTED_EDGE ( 'NONE', *, *, #550, .F. ) ;
#443 = DIRECTION ( 'NONE',  ( 1.000000000000000000, 0.000000000000000000, -0.000000000000000000 ) ) ;
#444 = EDGE_LOOP ( 'NONE', ( #21, #805, #1767, #698 ) ) ;
#445 = FILL_AREA_STYLE_COLOUR ( '', #721 ) ;
#446 = EDGE_CURVE ( 'NONE', #1313, #591, #811, .T. ) ;
#447 = UNCERTAINTY_MEASURE_WITH_UNIT (LENGTH_MEASURE( 1.000000000000000082E-05 ), #503, 'distance_accuracy_value', 'NONE');
#448 = ORIENTED_EDGE ( 'NONE', *, *, #1181, .T. ) ;
#449 = FACE_OUTER_BOUND ( 'NONE', #216, .T. ) ;
#450 = AXIS2_PLACEMENT_3D ( 'NONE', #1055, #1187, #63 ) ;
#451 = FILL_AREA_STYLE_COLOUR ( '', #941 ) ;
#452 = CARTESIAN_POINT ( 'NONE',  ( -0.6856383886569000774, 8.396648580412216245E-17, -0.2000000000000000389 ) ) ;
#453 = SURFACE_STYLE_USAGE ( .BOTH. , #761 ) ;
#454 = VECTOR ( 'NONE', #1662, 1000.000000000000000 ) ;
#455 = CARTESIAN_POINT ( 'NONE',  ( 1.750000000000000000, -0.6500000000000001332, -0.5550000000000000488 ) ) ;
#456 = EDGE_LOOP ( 'NONE', ( #1365, #1510, #586, #613 ) ) ;
#457 = EDGE_CURVE ( 'NONE', #1168, #239, #614, .T. ) ;
#458 = PRESENTATION_STYLE_ASSIGNMENT (( #1599 ) ) ;
#459 = CARTESIAN_POINT ( 'NONE',  ( -0.4515001555811662404, 0.5181913295753388660, -0.2000000000000000666 ) ) ;
#460 = SURFACE_STYLE_FILL_AREA ( #1023 ) ;
#461 = VECTOR ( 'NONE', #133, 1000.000000000000000 ) ;
#462 = CARTESIAN_POINT ( 'NONE',  ( -1.600000000000000089, 1.074999999999999956, -0.2250000000000000333 ) ) ;
#463 = FILL_AREA_STYLE_COLOUR ( '', #879 ) ;
#464 = CARTESIAN_POINT ( 'NONE',  ( 0.000000000000000000, 0.000000000000000000, -0.1215840031366216545 ) ) ;
#465 = VERTEX_POINT ( 'NONE', #1610 ) ;
#466 = DIRECTION ( 'NONE',  ( 0.000000000000000000, 0.000000000000000000, -1.000000000000000000 ) ) ;
#467 = CARTESIAN_POINT ( 'NONE',  ( 1.600000000000000089, 0.1499999999999999944, -0.5550000000000000488 ) ) ;
#468 = DIRECTION ( 'NONE',  ( 0.000000000000000000, 0.000000000000000000, -1.000000000000000000 ) ) ;
#469 = ORIENTED_EDGE ( 'NONE', *, *, #504, .T. ) ;
#470 = EDGE_CURVE ( 'NONE', #594, #726, #319, .T. ) ;
#471 = EDGE_CURVE ( 'NONE', #1424, #1680, #1231, .T. ) ;
#472 = DIRECTION ( 'NONE',  ( 0.7071067811865495711, 0.7071067811865454633, 0.000000000000000000 ) ) ;
#473 = FACE_OUTER_BOUND ( 'NONE', #869, .T. ) ;
#474 = CARTESIAN_POINT ( 'NONE',  ( 1.750000000000000000, -0.6500000000000001332, -0.5550000000000000488 ) ) ;
#475 = COLOUR_RGB ( '',0.1098039215686274495, 0.1098039215686274495, 0.1098039215686274495 ) ;
#476 = ORIENTED_EDGE ( 'NONE', *, *, #1032, .T. ) ;
#477 =( NAMED_UNIT ( * ) PLANE_ANGLE_UNIT ( ) SI_UNIT ( $, .RADIAN. ) );
#478 = CARTESIAN_POINT ( 'NONE',  ( 0.2115030581576962387, 0.6525716468544605631, -0.1999999999999999833 ) ) ;
#479 = ORIENTED_EDGE ( 'NONE', *, *, #1798, .T. ) ;
#480 = DIRECTION ( 'NONE',  ( 1.000000000000000000, -0.000000000000000000, 0.000000000000000000 ) ) ;
#481 = VECTOR ( 'NONE', #735, 1000.000000000000000 ) ;
#482 = PRESENTATION_LAYER_ASSIGNMENT (  '', '', ( #1757 ) ) ;
#483 = EDGE_CURVE ( 'NONE', #594, #84, #530, .T. ) ;
#484 = CARTESIAN_POINT ( 'NONE',  ( 0.4168132999852860454, -0.8336265999705724239, -0.1215840031366216684 ) ) ;
#485 = PRESENTATION_LAYER_ASSIGNMENT (  '', '', ( #104 ) ) ;
#486 = VECTOR ( 'NONE', #1690, 1000.000000000000000 ) ;
#487 = SURFACE_SIDE_STYLE ('',( #1756 ) ) ;
#488 = PRESENTATION_LAYER_ASSIGNMENT (  '', '', ( #1206 ) ) ;
#489 = ORIENTED_EDGE ( 'NONE', *, *, #1223, .T. ) ;
#490 = FILL_AREA_STYLE_COLOUR ( '', #166 ) ;
#491 = CARTESIAN_POINT ( 'NONE',  ( 0.6856383886569000774, 0.000000000000000000, -0.2000000000000000389 ) ) ;
#492 = VERTEX_POINT ( 'NONE', #284 ) ;
#493 = SURFACE_SIDE_STYLE ('',( #1204 ) ) ;
#494 = ORIENTED_EDGE ( 'NONE', *, *, #1712, .T. ) ;
#495 = ADVANCED_FACE ( 'NONE', ( #417 ), #1138, .T. ) ;
#496 = CARTESIAN_POINT ( 'NONE',  ( -1.500000000000000000, 1.024999999999999911, -0.5550000000000000488 ) ) ;
#497 = ORIENTED_EDGE ( 'NONE', *, *, #1085, .T. ) ;
#498 = DIRECTION ( 'NONE',  ( 1.000000000000000000, 0.000000000000000000, 0.000000000000000000 ) ) ;
#499 = ORIENTED_EDGE ( 'NONE', *, *, #267, .T. ) ;
#500 =( NAMED_UNIT ( * ) SI_UNIT ( $, .STERADIAN. ) SOLID_ANGLE_UNIT ( ) );
#501 = CARTESIAN_POINT ( 'NONE',  ( 1.750000000000000000, 0.2999999999999999889, -0.5549999999999999378 ) ) ;
#502 = CARTESIAN_POINT ( 'NONE',  ( 1.550000000000000266, -1.125000000000000222, -0.2000000000000000111 ) ) ;
#503 =( LENGTH_UNIT ( ) NAMED_UNIT ( * ) SI_UNIT ( .MILLI., .METRE. ) );
#504 = EDGE_CURVE ( 'NONE', #886, #1099, #566, .T. ) ;
#505 = ORIENTED_EDGE ( 'NONE', *, *, #1603, .F. ) ;
#506 = CARTESIAN_POINT ( 'NONE',  ( 1.750000000000000000, 0.6500000000000001332, -0.5550000000000000488 ) ) ;
#507 = CARTESIAN_POINT ( 'NONE',  ( -1.449999999999999956, -1.024999999999999911, -0.2250000000000000611 ) ) ;
#508 = CIRCLE ( 'NONE', #1783, 0.04999999999999991257 ) ;
#509 = CARTESIAN_POINT ( 'NONE',  ( 1.600000000000000089, 0.1499999999999999944, -0.5550000000000000488 ) ) ;
#510 =( LENGTH_UNIT ( ) NAMED_UNIT ( * ) SI_UNIT ( .MILLI., .METRE. ) );
#511 = VECTOR ( 'NONE', #916, 1000.000000000000000 ) ;
#512 = MECHANICAL_DESIGN_GEOMETRIC_PRESENTATION_REPRESENTATION (  '', ( #1287 ), #1667 ) ;
#513 = SURFACE_SIDE_STYLE ('',( #642 ) ) ;
#514 = VECTOR ( 'NONE', #258, 1000.000000000000000 ) ;
#515 = ORIENTED_EDGE ( 'NONE', *, *, #595, .F. ) ;
#516 = ADVANCED_FACE ( 'NONE', ( #1404 ), #1535, .F. ) ;
#517 = DIRECTION ( 'NONE',  ( -0.000000000000000000, -0.000000000000000000, -1.000000000000000000 ) ) ;
#518 = DIRECTION ( 'NONE',  ( 1.000000000000000000, 0.000000000000000000, 0.000000000000000000 ) ) ;
#519 = DIRECTION ( 'NONE',  ( 0.000000000000000000, 0.000000000000000000, 1.000000000000000000 ) ) ;
#520 = DIRECTION ( 'NONE',  ( -0.000000000000000000, -0.000000000000000000, -1.000000000000000000 ) ) ;
#521 = SURFACE_STYLE_FILL_AREA ( #1793 ) ;
#522 = PRESENTATION_LAYER_ASSIGNMENT (  '', '', ( #1678 ) ) ;
#523 = CARTESIAN_POINT ( 'NONE',  ( 1.449999999999999956, 1.024999999999999911, -0.5550000000000000488 ) ) ;
#524 = ORIENTED_EDGE ( 'NONE', *, *, #1215, .F. ) ;
#525 = CARTESIAN_POINT ( 'NONE',  ( -0.1594195997899894857, 0.1666559813626587727, 0.09636965772673326824 ) ) ;
#526 = CARTESIAN_POINT ( 'NONE',  ( -1.200000000000000178, 0.8750000000000000000, -0.5949999999999999734 ) ) ;
#527 = EDGE_CURVE ( 'NONE', #781, #560, #1096, .T. ) ;
#528 = ADVANCED_FACE ( 'NONE', ( #1824 ), #1527, .T. ) ;
#529 = LINE ( 'NONE', #1659, #1245 ) ;
#530 = LINE ( 'NONE', #146, #189 ) ;
#531 = CARTESIAN_POINT ( 'NONE',  ( -1.600000000000000089, 1.074999999999999956, -0.2000000000000000111 ) ) ;
#532 = VERTEX_POINT ( 'NONE', #1800 ) ;
#533 = LINE ( 'NONE', #1131, #136 ) ;
#534 =( GEOMETRIC_REPRESENTATION_CONTEXT ( 3 ) GLOBAL_UNCERTAINTY_ASSIGNED_CONTEXT ( ( #750 ) ) GLOBAL_UNIT_ASSIGNED_CONTEXT ( ( #841, #1780, #87 ) ) REPRESENTATION_CONTEXT ( 'NONE', 'WORKASPACE' ) );
#535 = LINE ( 'NONE', #967, #254 ) ;
#536 = DIRECTION ( 'NONE',  ( 1.000000000000000000, 0.000000000000000000, 0.000000000000000000 ) ) ;
#537 = EDGE_CURVE ( 'NONE', #430, #141, #1116, .T. ) ;
#538 = DIRECTION ( 'NONE',  ( 0.000000000000000000, 0.000000000000000000, 1.000000000000000000 ) ) ;
#539 = DIRECTION ( 'NONE',  ( 0.000000000000000000, -1.000000000000000000, -0.000000000000000000 ) ) ;
#540 = EDGE_LOOP ( 'NONE', ( #203, #1153, #815, #1348 ) ) ;
#541 = COLOUR_RGB ( '',0.7960784313725489669, 0.8235294117647058432, 0.9372549019607843146 ) ;
#542 = VECTOR ( 'NONE', #262, 1000.000000000000000 ) ;
#543 = FILL_AREA_STYLE_COLOUR ( '', #1380 ) ;
#544 = CIRCLE ( 'NONE', #1022, 0.04999999999999991257 ) ;
#545 = SURFACE_STYLE_USAGE ( .BOTH. , #1676 ) ;
#546 = VECTOR ( 'NONE', #839, 1000.000000000000000 ) ;
#547 = DIRECTION ( 'NONE',  ( 1.000000000000000000, 0.000000000000000000, 0.000000000000000000 ) ) ;
#548 = SURFACE_STYLE_FILL_AREA ( #685 ) ;
#549 = CARTESIAN_POINT ( 'NONE',  ( 1.600000000000000089, 0.000000000000000000, -0.5550000000000000488 ) ) ;
#550 = EDGE_CURVE ( 'NONE', #48, #926, #856, .T. ) ;
#551 = ORIENTED_EDGE ( 'NONE', *, *, #412, .T. ) ;
#552 = CARTESIAN_POINT ( 'NONE',  ( 1.199999999999999956, 0.000000000000000000, -0.5550000000000000488 ) ) ;
#553 = ORIENTED_EDGE ( 'NONE', *, *, #607, .T. ) ;
#554 = CARTESIAN_POINT ( 'NONE',  ( -0.4237669249440048636, 0.1316594957706893887, -0.08666382564361271856 ) ) ;
#555 = FACE_OUTER_BOUND ( 'NONE', #678, .T. ) ;
#556 = DIRECTION ( 'NONE',  ( 0.000000000000000000, -0.000000000000000000, -1.000000000000000000 ) ) ;
#557 = LINE ( 'NONE', #696, #744 ) ;
#558 = ORIENTED_EDGE ( 'NONE', *, *, #483, .F. ) ;
#559 = PLANE ( 'NONE',  #1497 ) ;
#560 = VERTEX_POINT ( 'NONE', #140 ) ;
#561 = EDGE_CURVE ( 'NONE', #732, #1207, #676, .T. ) ;
#562 = CARTESIAN_POINT ( 'NONE',  ( 0.1562632797914487170, 0.4479441011863644073, -0.08561496618978030326 ) ) ;
#563 = CARTESIAN_POINT ( 'NONE',  ( -0.6856383886569000774, 5.037989148247329007E-17, -0.2000000000000000389 ) ) ;
#564 = SURFACE_SIDE_STYLE ('',( #460 ) ) ;
#565 = CARTESIAN_POINT ( 'NONE',  ( -1.750000000000001554, 4.500000000000000888, -0.4949999999999999956 ) ) ;
#566 = LINE ( 'NONE', #549, #1225 ) ;
#567 = ORIENTED_EDGE ( 'NONE', *, *, #1548, .F. ) ;
#568 =( NAMED_UNIT ( * ) PLANE_ANGLE_UNIT ( ) SI_UNIT ( $, .RADIAN. ) );
#569 = VECTOR ( 'NONE', #706, 1000.000000000000000 ) ;
#570 = ORIENTED_EDGE ( 'NONE', *, *, #1775, .T. ) ;
#571 = AXIS2_PLACEMENT_3D ( 'NONE', #667, #1095, #97 ) ;
#572 = DIRECTION ( 'NONE',  ( 0.000000000000000000, 0.000000000000000000, -1.000000000000000000 ) ) ;
#573 = DIRECTION ( 'NONE',  ( 0.7071067811865474617, 0.7071067811865474617, 0.000000000000000000 ) ) ;
#574 = ORIENTED_EDGE ( 'NONE', *, *, #8, .T. ) ;
#575 = VECTOR ( 'NONE', #1221, 1000.000000000000000 ) ;
#576 = EDGE_CURVE ( 'NONE', #1151, #361, #1274, .T. ) ;
#577 = PRESENTATION_LAYER_ASSIGNMENT (  '', '', ( #1524 ) ) ;
#578 = AXIS2_PLACEMENT_3D ( 'NONE', #410, #660, #979 ) ;
#579 = EDGE_LOOP ( 'NONE', ( #1345, #1043, #1587, #874 ) ) ;
#580 = SURFACE_SIDE_STYLE ('',( #332 ) ) ;
#581 = ORIENTED_EDGE ( 'NONE', *, *, #1371, .F. ) ;
#582 =( NAMED_UNIT ( * ) SI_UNIT ( $, .STERADIAN. ) SOLID_ANGLE_UNIT ( ) );
#583 = PRESENTATION_STYLE_ASSIGNMENT (( #1260 ) ) ;
#584 = CARTESIAN_POINT ( 'NONE',  ( 0.6856383886569000774, 0.000000000000000000, -0.2000000000000000389 ) ) ;
#585 = CARTESIAN_POINT ( 'NONE',  ( -1.750000000000000000, -0.2999999999999999889, -0.5549999999999999378 ) ) ;
#586 = ORIENTED_EDGE ( 'NONE', *, *, #972, .T. ) ;
#587 =( NAMED_UNIT ( * ) SI_UNIT ( $, .STERADIAN. ) SOLID_ANGLE_UNIT ( ) );
#588 = VERTEX_POINT ( 'NONE', #1516 ) ;
#589 = CARTESIAN_POINT ( 'NONE',  ( -1.750000000000000000, 0.6500000000000001332, -0.5550000000000000488 ) ) ;
#590 = DIRECTION ( 'NONE',  ( 0.000000000000000000, 0.000000000000000000, 1.000000000000000000 ) ) ;
#591 = VERTEX_POINT ( 'NONE', #822 ) ;
#592 = FACE_OUTER_BOUND ( 'NONE', #711, .T. ) ;
#593 = DIRECTION ( 'NONE',  ( 0.000000000000000000, 0.000000000000000000, 1.000000000000000000 ) ) ;
#594 = VERTEX_POINT ( 'NONE', #273 ) ;
#595 = EDGE_CURVE ( 'NONE', #626, #1016, #111, .T. ) ;
#596 = VECTOR ( 'NONE', #1612, 1000.000000000000000 ) ;
#597 = DIRECTION ( 'NONE',  ( -1.000000000000000000, -0.000000000000000000, 0.000000000000000000 ) ) ;
#598 = EDGE_LOOP ( 'NONE', ( #826, #497, #515, #1197 ) ) ;
#599 = FILL_AREA_STYLE_COLOUR ( '', #907 ) ;
#600 =( NAMED_UNIT ( * ) PLANE_ANGLE_UNIT ( ) SI_UNIT ( $, .RADIAN. ) );
#601 = DIRECTION ( 'NONE',  ( 1.000000000000000000, 0.000000000000000000, 0.000000000000000000 ) ) ;
#602 = PRESENTATION_LAYER_ASSIGNMENT (  '', '', ( #793 ) ) ;
#603 = ORIENTED_EDGE ( 'NONE', *, *, #942, .F. ) ;
#604 = DIRECTION ( 'NONE',  ( 1.000000000000000000, 0.000000000000000000, 0.000000000000000000 ) ) ;
#605 = ADVANCED_FACE ( 'NONE', ( #1388 ), #760, .T. ) ;
#606 = ORIENTED_EDGE ( 'NONE', *, *, #661, .F. ) ;
#607 = EDGE_CURVE ( 'NONE', #1604, #1442, #1704, .T. ) ;
#608 = CARTESIAN_POINT ( 'NONE',  ( -0.1716627970275726722, 0.6695240471146479688, -0.2000000000000000111 ) ) ;
#609 = ORIENTED_EDGE ( 'NONE', *, *, #787, .F. ) ;
#610 = CIRCLE ( 'NONE', #53, 0.5000000000000000000 ) ;
#611 = ORIENTED_EDGE ( 'NONE', *, *, #397, .T. ) ;
#612 = CARTESIAN_POINT ( 'NONE',  ( 1.550000000000000266, -1.125000000000000000, -0.2250000000000000333 ) ) ;
#613 = ORIENTED_EDGE ( 'NONE', *, *, #457, .F. ) ;
#614 = LINE ( 'NONE', #1370, #74 ) ;
#615 = CARTESIAN_POINT ( 'NONE',  ( -0.3974556454057094901, 0.5623050360199303155, -0.1999999999999999833 ) ) ;
#616 = VERTEX_POINT ( 'NONE', #585 ) ;
#617 = ADVANCED_FACE ( 'NONE', ( #1012 ), #1720, .T. ) ;
#618 = CARTESIAN_POINT ( 'NONE',  ( 1.600000000000000089, 1.074999999999999956, -0.2250000000000000333 ) ) ;
#619 = LINE ( 'NONE', #232, #237 ) ;
#620 = LINE ( 'NONE', #1053, #1401 ) ;
#621 = EDGE_LOOP ( 'NONE', ( #1572, #333, #1537, #890 ) ) ;
#622 = CARTESIAN_POINT ( 'NONE',  ( 1.749999999999999778, 0.2999999999999999334, -0.4949999999999999956 ) ) ;
#623 = ORIENTED_EDGE ( 'NONE', *, *, #295, .F. ) ;
#624 = FACE_OUTER_BOUND ( 'NONE', #67, .T. ) ;
#625 = CARTESIAN_POINT ( 'NONE',  ( 0.3400989226420846889, 0.6028477537306335954, -0.2000000000000000389 ) ) ;
#626 = VERTEX_POINT ( 'NONE', #1567 ) ;
#627 = DIRECTION ( 'NONE',  ( 0.000000000000000000, 0.000000000000000000, 1.000000000000000000 ) ) ;
#628 = VECTOR ( 'NONE', #71, 1000.000000000000000 ) ;
#629 = CARTESIAN_POINT ( 'NONE',  ( -1.100000000000000089, 0.8750000000000000000, -0.5949999999999999734 ) ) ;
#630 = MECHANICAL_DESIGN_GEOMETRIC_PRESENTATION_REPRESENTATION (  '', ( #1106 ), #1318 ) ;
#631 = AXIS2_PLACEMENT_3D ( 'NONE', #316, #1029, #440 ) ;
#632 = VERTEX_POINT ( 'NONE', #717 ) ;
#633 = PRESENTATION_STYLE_ASSIGNMENT (( #1473 ) ) ;
#634 = CARTESIAN_POINT ( 'NONE',  ( -0.5514583510210021577, 0.4180760030326569621, -0.1999999999999999556 ) ) ;
#635 = EDGE_LOOP ( 'NONE', ( #1820, #862, #1265, #1224, #980, #1290, #229, #1472, #623, #1056, #1560, #4, #1687, #35, #1682, #39, #183, #185, #1617, #872, #1117, #1597, #1040, #1744 ) ) ;
#636 = CARTESIAN_POINT ( 'NONE',  ( -0.4168132999852862119, 5.104490736690263353E-17, -0.1215840031366216545 ) ) ;
#637 = CARTESIAN_POINT ( 'NONE',  ( -1.750000000000000000, 0.2999999999999999889, -0.5550000000000000488 ) ) ;
#638 = DIRECTION ( 'NONE',  ( 0.000000000000000000, -0.000000000000000000, -1.000000000000000000 ) ) ;
#639 = EDGE_CURVE ( 'NONE', #141, #1714, #1420, .T. ) ;
#640 = LINE ( 'NONE', #1500, #134 ) ;
#641 = VERTEX_POINT ( 'NONE', #1159 ) ;
#642 = SURFACE_STYLE_FILL_AREA ( #355 ) ;
#643 = CARTESIAN_POINT ( 'NONE',  ( 0.1701177505453663474, 0.6646234033330501445, -0.1999999999999999833 ) ) ;
#644 = ORIENTED_EDGE ( 'NONE', *, *, #1294, .T. ) ;
#645 = PLANE ( 'NONE',  #953 ) ;
#646 = LINE ( 'NONE', #1445, #575 ) ;
#647 = ADVANCED_FACE ( 'NONE', ( #1449 ), #651, .F. ) ;
#648 = PRESENTATION_LAYER_ASSIGNMENT (  '', '', ( #1456 ) ) ;
#649 = ORIENTED_EDGE ( 'NONE', *, *, #812, .F. ) ;
#650 = LINE ( 'NONE', #526, #1602 ) ;
#651 =( BOUNDED_SURFACE ( )  B_SPLINE_SURFACE ( 3, 3, ( 
 ( #452, #1025, #303, #745 ),
 ( #1586, #1177, #1734, #1559 ),
 ( #330, #889, #1034, #897 ),
 ( #191, #1698, #484, #1507 ) ),
 .UNSPECIFIED., .F., .F., .T. ) 
 B_SPLINE_SURFACE_WITH_KNOTS ( ( 4, 4 ),
 ( 4, 4 ),
 ( 0.000000000000000000, 1.000000000000000000 ),
 ( 0.000000000000000000, 1.000000000000000000 ),
 .UNSPECIFIED. ) 
 GEOMETRIC_REPRESENTATION_ITEM ( )  RATIONAL_B_SPLINE_SURFACE ( (
 ( 1.000000000000000000, 0.3333333333333334259, 0.3333333333333334259, 1.000000000000000000),
 ( 0.9733277788427789901, 0.3244425929475930892, 0.3244425929475930892, 0.9733277788427789901),
 ( 0.9733277788427789901, 0.3244425929475930892, 0.3244425929475930892, 0.9733277788427789901),
 ( 1.000000000000000000, 0.3333333333333334259, 0.3333333333333334259, 1.000000000000000000) ) ) 
 REPRESENTATION_ITEM ( '' )  SURFACE ( )  );
#652 = AXIS2_PLACEMENT_3D ( 'NONE', #1549, #519, #1235 ) ;
#653 = LINE ( 'NONE', #1652, #957 ) ;
#654 = DIRECTION ( 'NONE',  ( 1.000000000000000000, 0.000000000000000000, 0.000000000000000000 ) ) ;
#655 = AXIS2_PLACEMENT_3D ( 'NONE', #1596, #1336, #223 ) ;
#656 = DIRECTION ( 'NONE',  ( -0.000000000000000000, -0.000000000000000000, -1.000000000000000000 ) ) ;
#657 = DIRECTION ( 'NONE',  ( 0.000000000000000000, 0.000000000000000000, 1.000000000000000000 ) ) ;
#658 = VECTOR ( 'NONE', #1661, 1000.000000000000000 ) ;
#659 = CLOSED_SHELL ( 'NONE', ( #1062, #1583, #647, #1054, #244, #733, #495, #1149, #1393, #864, #1352, #842, #1278, #351, #887, #1415, #1447, #1340, #1480, #528, #605, #1330, #1629, #877, #253, #1384, #102, #349, #150, #961, #617, #22, #1785, #1193, #699, #158, #11, #414, #1314, #436, #1818, #1305, #380, #406, #1129, #1361, #516 ) ) ;
#660 = DIRECTION ( 'NONE',  ( 1.000000000000000000, 0.000000000000000000, -0.000000000000000000 ) ) ;
#661 = EDGE_CURVE ( 'NONE', #173, #588, #1498, .T. ) ;
#662 = VERTEX_POINT ( 'NONE', #501 ) ;
#663 = EDGE_CURVE ( 'NONE', #1750, #632, #365, .T. ) ;
#664 = CARTESIAN_POINT ( 'NONE',  ( 0.1562632797914487170, -0.1684919749705229286, 0.09668320608046508668 ) ) ;
#665 = DIRECTION ( 'NONE',  ( -0.7071067811865474617, -0.7071067811865475727, 0.000000000000000000 ) ) ;
#666 = CARTESIAN_POINT ( 'NONE',  ( -0.6856383886569000774, 5.037989148247329007E-17, -0.2000000000000000389 ) ) ;
#667 = CARTESIAN_POINT ( 'NONE',  ( 1.750000000000000000, 1.500000000000000000, 4.450000000000000178 ) ) ;
#668 = DIRECTION ( 'NONE',  ( 0.000000000000000000, 0.000000000000000000, 1.000000000000000000 ) ) ;
#669 = CARTESIAN_POINT ( 'NONE',  ( 0.000000000000000000, 0.6500000000000001332, -0.5550000000000000488 ) ) ;
#670 = ORIENTED_EDGE ( 'NONE', *, *, #1422, .F. ) ;
#671 = CARTESIAN_POINT ( 'NONE',  ( 1.199999999999999956, -0.8750000000000000000, -0.5949999999999999734 ) ) ;
#672 = FILL_AREA_STYLE ('',( #116 ) ) ;
#673 = EDGE_CURVE ( 'NONE', #756, #1763, #620, .T. ) ;
#674 = DIRECTION ( 'NONE',  ( 1.000000000000000000, 0.000000000000000000, -0.000000000000000000 ) ) ;
#675 = CARTESIAN_POINT ( 'NONE',  ( -1.449999999999999956, -0.9749999999999999778, -0.2250000000000000611 ) ) ;
#676 = LINE ( 'NONE', #1671, #569 ) ;
#677 = DIRECTION ( 'NONE',  ( 0.000000000000000000, -0.000000000000000000, 1.000000000000000000 ) ) ;
#678 = EDGE_LOOP ( 'NONE', ( #1626, #1828, #1578, #52 ) ) ;
#679 = CIRCLE ( 'NONE', #65, 0.1000000000000000472 ) ;
#680 = LINE ( 'NONE', #1664, #1581 ) ;
#681 = SURFACE_STYLE_USAGE ( .BOTH. , #1376 ) ;
#682 = AXIS2_PLACEMENT_3D ( 'NONE', #362, #1732, #1058 ) ;
#683 = EDGE_CURVE ( 'NONE', #1311, #1776, #210, .T. ) ;
#684 = FACE_OUTER_BOUND ( 'NONE', #1674, .T. ) ;
#685 = FILL_AREA_STYLE ('',( #1273 ) ) ;
#686 =( NAMED_UNIT ( * ) PLANE_ANGLE_UNIT ( ) SI_UNIT ( $, .RADIAN. ) );
#687 = CARTESIAN_POINT ( 'NONE',  ( -0.7800000000000001377, 0.000000000000000000, -0.5949999999999999734 ) ) ;
#688 = DIRECTION ( 'NONE',  ( 0.000000000000000000, 1.000000000000000000, 0.000000000000000000 ) ) ;
#689 = CIRCLE ( 'NONE', #788, 0.04999999999999991257 ) ;
#690 = ORIENTED_EDGE ( 'NONE', *, *, #825, .T. ) ;
#691 = CIRCLE ( 'NONE', #1174, 0.04999999999999991257 ) ;
#692 = DIRECTION ( 'NONE',  ( 1.000000000000000000, 0.000000000000000000, 0.000000000000000000 ) ) ;
#693 =( GEOMETRIC_REPRESENTATION_CONTEXT ( 3 ) GLOBAL_UNCERTAINTY_ASSIGNED_CONTEXT ( ( #710 ) ) GLOBAL_UNIT_ASSIGNED_CONTEXT ( ( #870, #722, #1598 ) ) REPRESENTATION_CONTEXT ( 'NONE', 'WORKASPACE' ) );
#694 = FILL_AREA_STYLE ('',( #441 ) ) ;
#695 = PRESENTATION_LAYER_ASSIGNMENT (  '', '', ( #795 ) ) ;
#696 = CARTESIAN_POINT ( 'NONE',  ( 1.550000000000000266, 1.125000000000000222, -0.2250000000000000333 ) ) ;
#697 = DIRECTION ( 'NONE',  ( 0.7071067811865454633, -0.7071067811865495711, 0.000000000000000000 ) ) ;
#698 = ORIENTED_EDGE ( 'NONE', *, *, #800, .T. ) ;
#699 = ADVANCED_FACE ( 'NONE', ( #684 ), #249, .T. ) ;
#700 = CARTESIAN_POINT ( 'NONE',  ( 1.600000000000000089, 1.074999999999999956, -0.2000000000000000111 ) ) ;
#701 = ORIENTED_EDGE ( 'NONE', *, *, #470, .T. ) ;
#702 = LINE ( 'NONE', #981, #486 ) ;
#703 = FILL_AREA_STYLE_COLOUR ( '', #541 ) ;
#704 = LINE ( 'NONE', #180, #1212 ) ;
#705 = DIRECTION ( 'NONE',  ( 0.000000000000000000, 1.000000000000000000, 0.000000000000000000 ) ) ;
#706 = DIRECTION ( 'NONE',  ( -0.000000000000000000, 0.000000000000000000, -1.000000000000000000 ) ) ;
#707 = ORIENTED_EDGE ( 'NONE', *, *, #748, .T. ) ;
#708 = LINE ( 'NONE', #1431, #72 ) ;
#709 = EDGE_CURVE ( 'NONE', #616, #173, #653, .T. ) ;
#710 = UNCERTAINTY_MEASURE_WITH_UNIT (LENGTH_MEASURE( 1.000000000000000082E-05 ), #870, 'distance_accuracy_value', 'NONE');
#711 = EDGE_LOOP ( 'NONE', ( #165, #1109, #954, #1711 ) ) ;
#712 = SURFACE_SIDE_STYLE ('',( #1454 ) ) ;
#713 = DIRECTION ( 'NONE',  ( 0.000000000000000000, -0.000000000000000000, -1.000000000000000000 ) ) ;
#714 = ORIENTED_EDGE ( 'NONE', *, *, #1638, .T. ) ;
#715 = VECTOR ( 'NONE', #1642, 1000.000000000000000 ) ;
#716 = CARTESIAN_POINT ( 'NONE',  ( 0.5514583510210021577, -0.4180760030326569621, -0.1999999999999999556 ) ) ;
#717 = CARTESIAN_POINT ( 'NONE',  ( -1.750000000000000888, 0.2999999999999997669, -0.4949999999999999956 ) ) ;
#718 = ORIENTED_EDGE ( 'NONE', *, *, #313, .T. ) ;
#719 = DIRECTION ( 'NONE',  ( -1.000000000000000000, 0.000000000000000000, -0.000000000000000000 ) ) ;
#720 = ORIENTED_EDGE ( 'NONE', *, *, #1458, .F. ) ;
#721 = COLOUR_RGB ( '',0.7960784313725489669, 0.8235294117647058432, 0.9372549019607843146 ) ;
#722 =( NAMED_UNIT ( * ) PLANE_ANGLE_UNIT ( ) SI_UNIT ( $, .RADIAN. ) );
#723 = VERTEX_POINT ( 'NONE', #1394 ) ;
#724 = DIRECTION ( 'NONE',  ( 0.000000000000000000, 0.000000000000000000, 1.000000000000000000 ) ) ;
#725 = AXIS2_PLACEMENT_3D ( 'NONE', #1490, #1081, #238 ) ;
#726 = VERTEX_POINT ( 'NONE', #109 ) ;
#727 = CARTESIAN_POINT ( 'NONE',  ( 1.500000000000000000, -1.024999999999999911, -0.4949999999999999956 ) ) ;
#728 = UNCERTAINTY_MEASURE_WITH_UNIT (LENGTH_MEASURE( 1.000000000000000082E-05 ), #9, 'distance_accuracy_value', 'NONE');
#729 = ORIENTED_EDGE ( 'NONE', *, *, #1651, .F. ) ;
#730 = AXIS2_PLACEMENT_3D ( 'NONE', #1557, #724, #443 ) ;
#731 = SURFACE_SIDE_STYLE ('',( #28 ) ) ;
#732 = VERTEX_POINT ( 'NONE', #1243 ) ;
#733 = ADVANCED_FACE ( 'NONE', ( #118 ), #1822, .T. ) ;
#734 = CARTESIAN_POINT ( 'NONE',  ( -0.6856383886568999664, -0.08736547039366643341, -0.2000000000000000111 ) ) ;
#735 = DIRECTION ( 'NONE',  ( -0.000000000000000000, -1.000000000000000000, -0.000000000000000000 ) ) ;
#736 = ORIENTED_EDGE ( 'NONE', *, *, #1570, .F. ) ;
#737 = PLANE ( 'NONE',  #1203 ) ;
#738 = ORIENTED_EDGE ( 'NONE', *, *, #1092, .F. ) ;
#739 = FACE_OUTER_BOUND ( 'NONE', #937, .T. ) ;
#740 =( BOUNDED_SURFACE ( )  B_SPLINE_SURFACE ( 3, 3, ( 
 ( #1520, #991, #1802, #115 ),
 ( #562, #1259, #664, #1821 ),
 ( #1234, #525, #1656, #268 ),
 ( #1241, #554, #1100, #1684 ) ),
 .UNSPECIFIED., .F., .F., .T. ) 
 B_SPLINE_SURFACE_WITH_KNOTS ( ( 4, 4 ),
 ( 4, 4 ),
 ( 0.000000000000000000, 1.000000000000000000 ),
 ( 0.000000000000000000, 1.000000000000000000 ),
 .UNSPECIFIED. ) 
 GEOMETRIC_REPRESENTATION_ITEM ( )  RATIONAL_B_SPLINE_SURFACE ( (
 ( 1.000000000000000000, 0.8920568272694415768, 0.8920568272694415768, 1.000000000000000000),
 ( 0.8922858901957387845, 0.7959697202253001036, 0.7959697202253001036, 0.8922858901957387845),
 ( 0.8922858901957387845, 0.7959697202253001036, 0.7959697202253001036, 0.8922858901957387845),
 ( 1.000000000000000000, 0.8920568272694415768, 0.8920568272694415768, 1.000000000000000000) ) ) 
 REPRESENTATION_ITEM ( '' )  SURFACE ( )  );
#741 = ORIENTED_EDGE ( 'NONE', *, *, #1725, .T. ) ;
#742 = CARTESIAN_POINT ( 'NONE',  ( 0.2958627931559234536, -0.6189866690851271169, -0.2000000000000000666 ) ) ;
#743 = EDGE_CURVE ( 'NONE', #1621, #17, #819, .T. ) ;
#744 = VECTOR ( 'NONE', #985, 1000.000000000000000 ) ;
#745 = CARTESIAN_POINT ( 'NONE',  ( 0.6856383886569000774, -1.679329716082443249E-16, -0.2000000000000000389 ) ) ;
#746 = ORIENTED_EDGE ( 'NONE', *, *, #1660, .T. ) ;
#747 = AXIS2_PLACEMENT_3D ( 'NONE', #1111, #1367, #518 ) ;
#748 = EDGE_CURVE ( 'NONE', #409, #225, #975, .T. ) ;
#749 = DIRECTION ( 'NONE',  ( -0.000000000000000000, -1.000000000000000000, 0.000000000000000000 ) ) ;
#750 = UNCERTAINTY_MEASURE_WITH_UNIT (LENGTH_MEASURE( 1.000000000000000082E-05 ), #841, 'distance_accuracy_value', 'NONE');
#751 = EDGE_LOOP ( 'NONE', ( #176, #857, #990, #1430 ) ) ;
#752 = SURFACE_SIDE_STYLE ('',( #169 ) ) ;
#753 = AXIS2_PLACEMENT_3D ( 'NONE', #969, #296, #831 ) ;
#754 = CARTESIAN_POINT ( 'NONE',  ( 1.100000000000000089, -0.9749999999999999778, -0.5949999999999999734 ) ) ;
#755 = CARTESIAN_POINT ( 'NONE',  ( -0.08683863308781245016, 0.6855711988669602741, -0.2000000000000000389 ) ) ;
#756 = VERTEX_POINT ( 'NONE', #1679 ) ;
#757 = VECTOR ( 'NONE', #1326, 1000.000000000000000 ) ;
#758 =( NAMED_UNIT ( * ) SI_UNIT ( $, .STERADIAN. ) SOLID_ANGLE_UNIT ( ) );
#759 = STYLED_ITEM ( 'NONE', ( #1615 ), #1129 ) ;
#760 = PLANE ( 'NONE',  #928 ) ;
#761 = SURFACE_SIDE_STYLE ('',( #898 ) ) ;
#762 = PLANE ( 'NONE',  #450 ) ;
#763 = EDGE_CURVE ( 'NONE', #914, #588, #535, .T. ) ;
#764 = EDGE_LOOP ( 'NONE', ( #1211, #1208, #433, #1786 ) ) ;
#765 = PLANE ( 'NONE',  #1257 ) ;
#766 = DIRECTION ( 'NONE',  ( 0.7071067811865475727, 0.7071067811865475727, 0.000000000000000000 ) ) ;
#767 = CARTESIAN_POINT ( 'NONE',  ( 0.6856383886569000774, 1.371276777313799933, -0.2000000000000000111 ) ) ;
#768 = ORIENTED_EDGE ( 'NONE', *, *, #1742, .F. ) ;
#769 = DIRECTION ( 'NONE',  ( 0.000000000000000000, -1.000000000000000000, 0.000000000000000000 ) ) ;
#770 = APPLICATION_CONTEXT ( 'automotive_design' ) ;
#771 = ORIENTED_EDGE ( 'NONE', *, *, #1092, .T. ) ;
#772 = LINE ( 'NONE', #474, #1787 ) ;
#773 = ORIENTED_EDGE ( 'NONE', *, *, #217, .T. ) ;
#774 = PLANE ( 'NONE',  #881 ) ;
#775 = EDGE_CURVE ( 'NONE', #418, #1299, #1379, .T. ) ;
#776 = LINE ( 'NONE', #797, #1717 ) ;
#777 = ORIENTED_EDGE ( 'NONE', *, *, #561, .F. ) ;
#778 = DIRECTION ( 'NONE',  ( -0.7071067811865474617, 0.7071067811865474617, 0.000000000000000000 ) ) ;
#779 = CARTESIAN_POINT ( 'NONE',  ( 0.000000000000000000, 0.9749999999999999778, -0.5550000000000000488 ) ) ;
#780 = FACE_OUTER_BOUND ( 'NONE', #1328, .T. ) ;
#781 = VERTEX_POINT ( 'NONE', #1093 ) ;
#782 = PLANE ( 'NONE',  #322 ) ;
#783 = CARTESIAN_POINT ( 'NONE',  ( 1.500000000000000000, -0.9749999999999999778, -0.5550000000000000488 ) ) ;
#784 = ORIENTED_EDGE ( 'NONE', *, *, #412, .F. ) ;
#785 = VECTOR ( 'NONE', #1658, 1000.000000000000000 ) ;
#786 = LINE ( 'NONE', #60, #401 ) ;
#787 = EDGE_CURVE ( 'NONE', #1714, #225, #1541, .T. ) ;
#788 = AXIS2_PLACEMENT_3D ( 'NONE', #5, #1170, #149 ) ;
#789 = MECHANICAL_DESIGN_GEOMETRIC_PRESENTATION_REPRESENTATION (  '', ( #876 ), #1252 ) ;
#790 = B_SPLINE_CURVE_WITH_KNOTS ( 'NONE', 3,
 ( #563, #1133, #424, #993, #1749, #1210, #919, #634, #459, #615, #1481, #50, #215, #608, #755, #1064, #925, #643, #478, #199, #625, #58, #1769, #1031, #1182, #1589, #1467, #1191, #894, #1047 ),
 .UNSPECIFIED., .F., .F.,
 ( 4, 1, 2, 2, 2, 1, 2, 2, 2, 1, 2, 2, 2, 1, 2, 2, 4 ),
 ( 0.000000000000000000, 0.06250000000000023592, 0.09375000000000031919, 0.1250000000000004163, 0.2500000000000006106, 0.3125000000000007216, 0.3437500000000007772, 0.3750000000000008327, 0.5000000000000008882, 0.5625000000000008882, 0.5937500000000008882, 0.6250000000000008882, 0.7500000000000005551, 0.8125000000000005551, 0.8437500000000004441, 0.8750000000000003331, 1.000000000000000000 ),
 .UNSPECIFIED. ) ;
#791 = CARTESIAN_POINT ( 'NONE',  ( 1.600000000000000755, 4.500000000000000888, -0.4949999999999999956 ) ) ;
#792 = VECTOR ( 'NONE', #802, 1000.000000000000000 ) ;
#793 = STYLED_ITEM ( 'NONE', ( #1715 ), #1330 ) ;
#794 = LINE ( 'NONE', #612, #1607 ) ;
#795 = STYLED_ITEM ( 'NONE', ( #633 ), #1384 ) ;
#796 = EDGE_LOOP ( 'NONE', ( #1271, #1217, #1140, #1468 ) ) ;
#797 = CARTESIAN_POINT ( 'NONE',  ( -1.600000000000000089, 0.000000000000000000, -0.2000000000000000111 ) ) ;
#798 = ORIENTED_EDGE ( 'NONE', *, *, #527, .T. ) ;
#799 = DIRECTION ( 'NONE',  ( 0.000000000000000000, 0.000000000000000000, 1.000000000000000000 ) ) ;
#800 = EDGE_CURVE ( 'NONE', #781, #1424, #287, .T. ) ;
#801 = AXIS2_PLACEMENT_3D ( 'NONE', #1324, #1457, #221 ) ;
#802 = DIRECTION ( 'NONE',  ( -0.000000000000000000, -1.000000000000000000, -0.000000000000000000 ) ) ;
#803 = FILL_AREA_STYLE ('',( #236 ) ) ;
#804 = DIRECTION ( 'NONE',  ( 0.000000000000000000, 0.000000000000000000, -1.000000000000000000 ) ) ;
#805 = ORIENTED_EDGE ( 'NONE', *, *, #1650, .T. ) ;
#806 = SURFACE_STYLE_USAGE ( .BOTH. , #493 ) ;
#807 = LINE ( 'NONE', #1797, #1620 ) ;
#808 = DIRECTION ( 'NONE',  ( -0.000000000000000000, -0.000000000000000000, -1.000000000000000000 ) ) ;
#809 = EDGE_CURVE ( 'NONE', #1628, #1311, #1315, .T. ) ;
#810 = CARTESIAN_POINT ( 'NONE',  ( 0.000000000000000000, 0.000000000000000000, 0.000000000000000000 ) ) ;
#811 = LINE ( 'NONE', #1331, #425 ) ;
#812 = EDGE_CURVE ( 'NONE', #662, #1299, #1403, .T. ) ;
#813 = LINE ( 'NONE', #1239, #546 ) ;
#814 = VECTOR ( 'NONE', #947, 1000.000000000000000 ) ;
#815 = ORIENTED_EDGE ( 'NONE', *, *, #855, .F. ) ;
#816 = DIRECTION ( 'NONE',  ( 0.000000000000000000, 0.000000000000000000, 1.000000000000000000 ) ) ;
#817 = CARTESIAN_POINT ( 'NONE',  ( -1.750000000000000000, 0.6500000000000001332, -0.4949999999999999956 ) ) ;
#818 = VECTOR ( 'NONE', #977, 1000.000000000000000 ) ;
#819 = LINE ( 'NONE', #293, #420 ) ;
#820 = CARTESIAN_POINT ( 'NONE',  ( 1.199999999999999956, -0.8750000000000000000, -0.5949999999999999734 ) ) ;
#821 =( NAMED_UNIT ( * ) SI_UNIT ( $, .STERADIAN. ) SOLID_ANGLE_UNIT ( ) );
#822 = CARTESIAN_POINT ( 'NONE',  ( 1.199999999999999956, 0.8750000000000000000, -0.5550000000000000488 ) ) ;
#823 = AXIS2_PLACEMENT_3D ( 'NONE', #123, #1556, #692 ) ;
#824 = CYLINDRICAL_SURFACE ( 'NONE', #934, 0.04999999999999991257 ) ;
#825 = EDGE_CURVE ( 'NONE', #17, #1390, #508, .T. ) ;
#826 = ORIENTED_EDGE ( 'NONE', *, *, #1692, .F. ) ;
#827 = CARTESIAN_POINT ( 'NONE',  ( 1.550000000000000266, -1.074999999999999956, -0.2000000000000000111 ) ) ;
#828 = CARTESIAN_POINT ( 'NONE',  ( -1.550000000000000266, 1.125000000000000222, -0.2250000000000000333 ) ) ;
#829 = DIRECTION ( 'NONE',  ( -0.000000000000000000, -0.000000000000000000, 1.000000000000000000 ) ) ;
#830 = LINE ( 'NONE', #1781, #715 ) ;
#831 = DIRECTION ( 'NONE',  ( 0.000000000000000000, 0.000000000000000000, -1.000000000000000000 ) ) ;
#832 = CARTESIAN_POINT ( 'NONE',  ( 0.000000000000000000, -1.024999999999999911, -0.2250000000000000333 ) ) ;
#833 = APPLICATION_CONTEXT ( 'automotive_design' ) ;
#834 = ORIENTED_EDGE ( 'NONE', *, *, #867, .T. ) ;
#835 = EDGE_CURVE ( 'NONE', #1417, #1005, #1030, .T. ) ;
#836 = DIRECTION ( 'NONE',  ( -0.000000000000000000, -1.000000000000000000, 0.000000000000000000 ) ) ;
#837 = LINE ( 'NONE', #394, #814 ) ;
#838 = CARTESIAN_POINT ( 'NONE',  ( -1.100000000000000089, 0.8750000000000000000, -0.5550000000000000488 ) ) ;
#839 = DIRECTION ( 'NONE',  ( -0.000000000000000000, 1.000000000000000000, 0.000000000000000000 ) ) ;
#840 = ORIENTED_EDGE ( 'NONE', *, *, #457, .T. ) ;
#841 =( LENGTH_UNIT ( ) NAMED_UNIT ( * ) SI_UNIT ( .MILLI., .METRE. ) );
#842 = ADVANCED_FACE ( 'NONE', ( #1135, #1304 ), #1719, .F. ) ;
#843 = DIRECTION ( 'NONE',  ( 1.000000000000000000, 0.000000000000000000, 0.000000000000000000 ) ) ;
#844 = FACE_OUTER_BOUND ( 'NONE', #438, .T. ) ;
#845 = VECTOR ( 'NONE', #390, 1000.000000000000000 ) ;
#846 = VERTEX_POINT ( 'NONE', #1033 ) ;
#847 = CARTESIAN_POINT ( 'NONE',  ( -1.449999999999999956, 0.9749999999999999778, -0.5550000000000000488 ) ) ;
#848 = AXIS2_PLACEMENT_3D ( 'NONE', #810, #1237, #1515 ) ;
#849 =( GEOMETRIC_REPRESENTATION_CONTEXT ( 3 ) GLOBAL_UNCERTAINTY_ASSIGNED_CONTEXT ( ( #1007 ) ) GLOBAL_UNIT_ASSIGNED_CONTEXT ( ( #1564, #325, #1400 ) ) REPRESENTATION_CONTEXT ( 'NONE', 'WORKASPACE' ) );
#850 = ORIENTED_EDGE ( 'NONE', *, *, #1440, .T. ) ;
#851 = CARTESIAN_POINT ( 'NONE',  ( 1.600000000000000089, 0.000000000000000000, -0.2000000000000000111 ) ) ;
#852 = PRESENTATION_LAYER_ASSIGNMENT (  '', '', ( #759 ) ) ;
#853 = CARTESIAN_POINT ( 'NONE',  ( -1.600000000000000755, 4.500000000000000888, -0.4949999999999999956 ) ) ;
#854 = LINE ( 'NONE', #565, #1369 ) ;
#855 = EDGE_CURVE ( 'NONE', #1680, #1089, #704, .T. ) ;
#856 = LINE ( 'NONE', #1413, #818 ) ;
#857 = ORIENTED_EDGE ( 'NONE', *, *, #194, .T. ) ;
#858 = LINE ( 'NONE', #1416, #224 ) ;
#859 = AXIS2_PLACEMENT_3D ( 'NONE', #1585, #301, #601 ) ;
#860 = ORIENTED_EDGE ( 'NONE', *, *, #8, .F. ) ;
#861 = CARTESIAN_POINT ( 'NONE',  ( -1.750000000000000000, -1.500000000000000000, 4.450000000000000178 ) ) ;
#862 = ORIENTED_EDGE ( 'NONE', *, *, #800, .F. ) ;
#863 = DIRECTION ( 'NONE',  ( 0.000000000000000000, 0.000000000000000000, 1.000000000000000000 ) ) ;
#864 = ADVANCED_FACE ( 'NONE', ( #592 ), #1004, .T. ) ;
#865 = ORIENTED_EDGE ( 'NONE', *, *, #1032, .F. ) ;
#866 = CARTESIAN_POINT ( 'NONE',  ( -1.200000000000000178, 0.8750000000000000000, -0.5550000000000000488 ) ) ;
#867 = EDGE_CURVE ( 'NONE', #641, #208, #1184, .T. ) ;
#868 = UNCERTAINTY_MEASURE_WITH_UNIT (LENGTH_MEASURE( 1.000000000000000082E-05 ), #1588, 'distance_accuracy_value', 'NONE');
#869 = EDGE_LOOP ( 'NONE', ( #1156, #649, #987, #720 ) ) ;
#870 =( LENGTH_UNIT ( ) NAMED_UNIT ( * ) SI_UNIT ( .MILLI., .METRE. ) );
#871 = CARTESIAN_POINT ( 'NONE',  ( 0.6461612522329382990, -0.2304500987608976426, -0.2000000000000000111 ) ) ;
#872 = ORIENTED_EDGE ( 'NONE', *, *, #1195, .F. ) ;
#873 = CARTESIAN_POINT ( 'NONE',  ( -1.550000000000000266, 1.125000000000000222, -0.2000000000000000111 ) ) ;
#874 = ORIENTED_EDGE ( 'NONE', *, *, #812, .T. ) ;
#875 = VECTOR ( 'NONE', #988, 1000.000000000000000 ) ;
#876 = STYLED_ITEM ( 'NONE', ( #1754 ), #11 ) ;
#877 = ADVANCED_FACE ( 'NONE', ( #1733 ), #427, .T. ) ;
#878 = LINE ( 'NONE', #170, #193 ) ;
#879 = COLOUR_RGB ( '',0.7960784313725489669, 0.8235294117647058432, 0.9372549019607843146 ) ;
#880 = CARTESIAN_POINT ( 'NONE',  ( -0.3400989226420846889, -0.6028477537306335954, -0.2000000000000000389 ) ) ;
#881 = AXIS2_PLACEMENT_3D ( 'NONE', #1209, #911, #343 ) ;
#882 = ORIENTED_EDGE ( 'NONE', *, *, #1692, .T. ) ;
#883 = CARTESIAN_POINT ( 'NONE',  ( 1.600000000000000089, 0.1499999999999999944, -0.5550000000000000488 ) ) ;
#884 = PRODUCT_DEFINITION_CONTEXT ( 'detailed design', #833, 'design' ) ;
#885 = ORIENTED_EDGE ( 'NONE', *, *, #305, .T. ) ;
#886 = VERTEX_POINT ( 'NONE', #347 ) ;
#887 = ADVANCED_FACE ( 'NONE', ( #1752 ), #1633, .T. ) ;
#888 = CARTESIAN_POINT ( 'NONE',  ( 0.3373130165469456210, -0.5975028072243985244, -0.2000000000000000666 ) ) ;
#889 = CARTESIAN_POINT ( 'NONE',  ( -0.4976737361960339445, -0.9953474723920675560, -0.1731450533013624837 ) ) ;
#890 = ORIENTED_EDGE ( 'NONE', *, *, #835, .T. ) ;
#891 = ORIENTED_EDGE ( 'NONE', *, *, #1134, .T. ) ;
#892 = DIRECTION ( 'NONE',  ( 1.000000000000000000, -0.000000000000000000, 0.000000000000000000 ) ) ;
#893 = DIRECTION ( 'NONE',  ( -0.7071067811865474617, 0.7071067811865474617, 0.000000000000000000 ) ) ;
#894 = CARTESIAN_POINT ( 'NONE',  ( 0.6856383886568999664, 0.08736547039366643341, -0.2000000000000000111 ) ) ;
#895 = CARTESIAN_POINT ( 'NONE',  ( 0.6525422513213621212, -0.2115774734264333212, -0.2000000000000000389 ) ) ;
#896 = EDGE_CURVE ( 'NONE', #1151, #288, #619, .T. ) ;
#897 = CARTESIAN_POINT ( 'NONE',  ( 0.4976737361960338335, -1.218949096104354368E-16, -0.1731450533013624837 ) ) ;
#898 = SURFACE_STYLE_FILL_AREA ( #1325 ) ;
#899 = DIRECTION ( 'NONE',  ( -0.000000000000000000, -0.000000000000000000, -1.000000000000000000 ) ) ;
#900 = ORIENTED_EDGE ( 'NONE', *, *, #1496, .T. ) ;
#901 = CYLINDRICAL_SURFACE ( 'NONE', #725, 0.04999999999999991257 ) ;
#902 = VECTOR ( 'NONE', #1167, 1000.000000000000000 ) ;
#903 = FACE_OUTER_BOUND ( 'NONE', #1741, .T. ) ;
#904 = ORIENTED_EDGE ( 'NONE', *, *, #1118, .T. ) ;
#905 = MECHANICAL_DESIGN_GEOMETRIC_PRESENTATION_REPRESENTATION (  '', ( #1757 ), #1377 ) ;
#906 = STYLED_ITEM ( 'NONE', ( #1281 ), #380 ) ;
#907 = COLOUR_RGB ( '',0.7960784313725489669, 0.8235294117647058432, 0.9372549019607843146 ) ;
#908 = DIRECTION ( 'NONE',  ( 0.000000000000000000, -0.000000000000000000, 1.000000000000000000 ) ) ;
#909 = DIRECTION ( 'NONE',  ( -0.7071067811865454633, -0.7071067811865495711, 0.000000000000000000 ) ) ;
#910 = ORIENTED_EDGE ( 'NONE', *, *, #1107, .F. ) ;
#911 = DIRECTION ( 'NONE',  ( -1.000000000000000000, 0.000000000000000000, 0.000000000000000000 ) ) ;
#912 = DIRECTION ( 'NONE',  ( 1.000000000000000000, 0.000000000000000000, 0.000000000000000000 ) ) ;
#913 = CARTESIAN_POINT ( 'NONE',  ( 0.5897376481056232356, 0.000000000000000000, -0.2000000000000000389 ) ) ;
#914 = VERTEX_POINT ( 'NONE', #278 ) ;
#915 = ORIENTED_EDGE ( 'NONE', *, *, #787, .T. ) ;
#916 = DIRECTION ( 'NONE',  ( -0.7071067811865474617, 0.7071067811865475727, 0.000000000000000000 ) ) ;
#917 = ORIENTED_EDGE ( 'NONE', *, *, #1015, .F. ) ;
#918 = CARTESIAN_POINT ( 'NONE',  ( 1.600000000000000311, 0.1499999999999998834, -0.4949999999999999956 ) ) ;
#919 = CARTESIAN_POINT ( 'NONE',  ( -0.6028477537306535794, 0.3400989226420693678, -0.1999999999999999278 ) ) ;
#920 = ORIENTED_EDGE ( 'NONE', *, *, #1660, .F. ) ;
#921 = CARTESIAN_POINT ( 'NONE',  ( 17.21750167665999953, 0.6500000000000000222, -0.4949999999999999956 ) ) ;
#922 = PLANE ( 'NONE',  #571 ) ;
#923 = ORIENTED_EDGE ( 'NONE', *, *, #743, .T. ) ;
#924 =( NAMED_UNIT ( * ) PLANE_ANGLE_UNIT ( ) SI_UNIT ( $, .RADIAN. ) );
#925 = CARTESIAN_POINT ( 'NONE',  ( 0.1075312868939775068, 0.6796797002075448679, -0.2000000000000000389 ) ) ;
#926 = VERTEX_POINT ( 'NONE', #1261 ) ;
#927 = EDGE_CURVE ( 'NONE', #756, #1383, #269, .T. ) ;
#928 = AXIS2_PLACEMENT_3D ( 'NONE', #182, #24, #593 ) ;
#929 = PRESENTATION_LAYER_ASSIGNMENT (  '', '', ( #422 ) ) ;
#930 = CIRCLE ( 'NONE', #135, 0.1000000000000000472 ) ;
#931 = CARTESIAN_POINT ( 'NONE',  ( 1.100000000000000089, -0.9749999999999999778, -0.5550000000000000488 ) ) ;
#932 = CIRCLE ( 'NONE', #1641, 0.1000000000000000472 ) ;
#933 = LINE ( 'NONE', #1627, #511 ) ;
#934 = AXIS2_PLACEMENT_3D ( 'NONE', #1536, #963, #1681 ) ;
#935 = ORIENTED_EDGE ( 'NONE', *, *, #1171, .T. ) ;
#936 =( NAMED_UNIT ( * ) SI_UNIT ( $, .STERADIAN. ) SOLID_ANGLE_UNIT ( ) );
#937 = EDGE_LOOP ( 'NONE', ( #1028, #1282, #256, #469 ) ) ;
#938 = DIRECTION ( 'NONE',  ( 0.000000000000000000, 0.000000000000000000, 1.000000000000000000 ) ) ;
#939 = CARTESIAN_POINT ( 'NONE',  ( -1.200000000000000178, 0.8750000000000000000, -0.5949999999999999734 ) ) ;
#940 = EDGE_CURVE ( 'NONE', #1424, #1082, #117, .T. ) ;
#941 = COLOUR_RGB ( '',0.7960784313725489669, 0.8235294117647058432, 0.9372549019607843146 ) ;
#942 = EDGE_CURVE ( 'NONE', #208, #1434, #610, .T. ) ;
#943 = CARTESIAN_POINT ( 'NONE',  ( 1.600000000000000089, 1.125000000000000222, -0.2250000000000000333 ) ) ;
#944 = FACE_OUTER_BOUND ( 'NONE', #579, .T. ) ;
#945 = LINE ( 'NONE', #391, #230 ) ;
#946 = VERTEX_POINT ( 'NONE', #107 ) ;
#947 = DIRECTION ( 'NONE',  ( 0.000000000000000000, -1.000000000000000000, -0.000000000000000000 ) ) ;
#948 = CARTESIAN_POINT ( 'NONE',  ( 1.749999999999999778, 4.500000000000000888, -0.4949999999999999956 ) ) ;
#949 = DIRECTION ( 'NONE',  ( 0.000000000000000000, 0.000000000000000000, -1.000000000000000000 ) ) ;
#950 = EDGE_CURVE ( 'NONE', #409, #1613, #807, .T. ) ;
#951 = CARTESIAN_POINT ( 'NONE',  ( 1.500000000000000000, 0.9750000000000001998, -0.5949999999999999734 ) ) ;
#952 = DIRECTION ( 'NONE',  ( -0.000000000000000000, -0.000000000000000000, -1.000000000000000000 ) ) ;
#953 = AXIS2_PLACEMENT_3D ( 'NONE', #820, #1086, #959 ) ;
#954 = ORIENTED_EDGE ( 'NONE', *, *, #483, .T. ) ;
#955 = DIRECTION ( 'NONE',  ( -1.000000000000000000, -0.000000000000000000, 0.000000000000000000 ) ) ;
#956 = PRESENTATION_STYLE_ASSIGNMENT (( #545 ) ) ;
#957 = VECTOR ( 'NONE', #829, 1000.000000000000000 ) ;
#958 = DIRECTION ( 'NONE',  ( 0.000000000000000000, 0.000000000000000000, 1.000000000000000000 ) ) ;
#959 = DIRECTION ( 'NONE',  ( -0.000000000000000000, 0.000000000000000000, -1.000000000000000000 ) ) ;
#960 = AXIS2_PLACEMENT_3D ( 'NONE', #309, #1121, #1002 ) ;
#961 = ADVANCED_FACE ( 'NONE', ( #982 ), #1438, .T. ) ;
#962 = VECTOR ( 'NONE', #799, 1000.000000000000000 ) ;
#963 = DIRECTION ( 'NONE',  ( 0.000000000000000000, 0.000000000000000000, 1.000000000000000000 ) ) ;
#964 = ORIENTED_EDGE ( 'NONE', *, *, #1402, .F. ) ;
#965 = LINE ( 'NONE', #851, #1323 ) ;
#966 = FACE_OUTER_BOUND ( 'NONE', #598, .T. ) ;
#967 = CARTESIAN_POINT ( 'NONE',  ( -1.600000000000000089, -0.1499999999999999944, -0.5550000000000000488 ) ) ;
#968 = DIRECTION ( 'NONE',  ( -0.000000000000000000, -0.000000000000000000, -1.000000000000000000 ) ) ;
#969 = CARTESIAN_POINT ( 'NONE',  ( 1.600000000000000089, -1.125000000000000222, -0.2250000000000000333 ) ) ;
#970 = DIRECTION ( 'NONE',  ( 0.000000000000000000, -0.000000000000000000, 1.000000000000000000 ) ) ;
#971 = VERTEX_POINT ( 'NONE', #1019 ) ;
#972 = EDGE_CURVE ( 'NONE', #588, #239, #1173, .T. ) ;
#973 = CARTESIAN_POINT ( 'NONE',  ( -1.500000000000000000, 1.024999999999999911, -0.5550000000000000488 ) ) ;
#974 = DIRECTION ( 'NONE',  ( 0.000000000000000000, -1.000000000000000000, -0.000000000000000000 ) ) ;
#975 = LINE ( 'NONE', #1112, #1693 ) ;
#976 = CARTESIAN_POINT ( 'NONE',  ( 1.600000000000000089, 1.125000000000000222, -0.2250000000000000333 ) ) ;
#977 = DIRECTION ( 'NONE',  ( -0.000000000000000000, 0.000000000000000000, -1.000000000000000000 ) ) ;
#978 = ORIENTED_EDGE ( 'NONE', *, *, #1788, .T. ) ;
#979 = DIRECTION ( 'NONE',  ( -0.000000000000000000, 0.000000000000000000, -1.000000000000000000 ) ) ;
#980 = ORIENTED_EDGE ( 'NONE', *, *, #31, .F. ) ;
#981 = CARTESIAN_POINT ( 'NONE',  ( -1.100000000000000089, 0.9749999999999999778, -0.5949999999999999734 ) ) ;
#982 = FACE_OUTER_BOUND ( 'NONE', #378, .T. ) ;
#983 = EDGE_CURVE ( 'NONE', #208, #641, #790, .T. ) ;
#984 = CARTESIAN_POINT ( 'NONE',  ( -1.100000000000000089, -0.9749999999999999778, -0.5949999999999999734 ) ) ;
#985 = DIRECTION ( 'NONE',  ( -0.000000000000000000, -0.000000000000000000, -1.000000000000000000 ) ) ;
#986 = DIRECTION ( 'NONE',  ( -0.000000000000000000, 1.000000000000000000, 0.000000000000000000 ) ) ;
#987 = ORIENTED_EDGE ( 'NONE', *, *, #31, .T. ) ;
#988 = DIRECTION ( 'NONE',  ( 0.000000000000000000, 0.000000000000000000, 1.000000000000000000 ) ) ;
#989 = CIRCLE ( 'NONE', #1463, 0.04999999999999991257 ) ;
#990 = ORIENTED_EDGE ( 'NONE', *, *, #940, .F. ) ;
#991 = CARTESIAN_POINT ( 'NONE',  ( 0.4212712127366285975, 0.1319885147559817229, -0.08494303882875477163 ) ) ;
#992 = VECTOR ( 'NONE', #955, 1000.000000000000000 ) ;
#993 = CARTESIAN_POINT ( 'NONE',  ( -0.6645772103524669738, 0.1702346888248103818, -0.2000000000000000111 ) ) ;
#994 = SURFACE_STYLE_USAGE ( .BOTH. , #564 ) ;
#995 = SURFACE_SIDE_STYLE ('',( #548 ) ) ;
#996 = EDGE_CURVE ( 'NONE', #971, #1417, #85, .T. ) ;
#997 = ORIENTED_EDGE ( 'NONE', *, *, #1683, .T. ) ;
#998 = FACE_OUTER_BOUND ( 'NONE', #113, .T. ) ;
#999 = AXIS2_PLACEMENT_3D ( 'NONE', #1592, #1427, #13 ) ;
#1000 = VERTEX_POINT ( 'NONE', #1455 ) ;
#1001 = PLANE ( 'NONE',  #1526 ) ;
#1002 = DIRECTION ( 'NONE',  ( 1.000000000000000000, 0.000000000000000000, 0.000000000000000000 ) ) ;
#1003 = ORIENTED_EDGE ( 'NONE', *, *, #1458, .T. ) ;
#1004 = CYLINDRICAL_SURFACE ( 'NONE', #999, 0.04999999999999991257 ) ;
#1005 = VERTEX_POINT ( 'NONE', #783 ) ;
#1006 = EDGE_CURVE ( 'NONE', #726, #93, #335, .T. ) ;
#1007 = UNCERTAINTY_MEASURE_WITH_UNIT (LENGTH_MEASURE( 1.000000000000000082E-05 ), #1564, 'distance_accuracy_value', 'NONE');
#1008 = ORIENTED_EDGE ( 'NONE', *, *, #1171, .F. ) ;
#1009 = PLANE ( 'NONE',  #1761 ) ;
#1010 = PRESENTATION_LAYER_ASSIGNMENT (  '', '', ( #1806 ) ) ;
#1011 = DIRECTION ( 'NONE',  ( 0.000000000000000000, -0.000000000000000000, 1.000000000000000000 ) ) ;
#1012 = FACE_OUTER_BOUND ( 'NONE', #1285, .T. ) ;
#1013 = ORIENTED_EDGE ( 'NONE', *, *, #561, .T. ) ;
#1014 = VECTOR ( 'NONE', #668, 1000.000000000000000 ) ;
#1015 = EDGE_CURVE ( 'NONE', #430, #886, #1740, .T. ) ;
#1016 = VERTEX_POINT ( 'NONE', #1039 ) ;
#1017 = AXIS2_PLACEMENT_3D ( 'NONE', #167, #1298, #1713 ) ;
#1018 = CARTESIAN_POINT ( 'NONE',  ( 1.600000000000000089, -0.1499999999999999944, -0.5550000000000000488 ) ) ;
#1019 = CARTESIAN_POINT ( 'NONE',  ( -1.449999999999999956, -1.024999999999999911, -0.5550000000000000488 ) ) ;
#1020 = EDGE_LOOP ( 'NONE', ( #78, #882, #1492, #1701 ) ) ;
#1021 = VECTOR ( 'NONE', #1363, 1000.000000000000000 ) ;
#1022 = AXIS2_PLACEMENT_3D ( 'NONE', #1194, #1511, #371 ) ;
#1023 = FILL_AREA_STYLE ('',( #451 ) ) ;
#1024 = CIRCLE ( 'NONE', #1291, 0.04999999999999991257 ) ;
#1025 = CARTESIAN_POINT ( 'NONE',  ( -0.6856383886569002994, -1.371276777313799933, -0.2000000000000000111 ) ) ;
#1026 =( NAMED_UNIT ( * ) SI_UNIT ( $, .STERADIAN. ) SOLID_ANGLE_UNIT ( ) );
#1027 = CARTESIAN_POINT ( 'NONE',  ( 0.000000000000000000, 1.125000000000000222, -0.2000000000000000111 ) ) ;
#1028 = ORIENTED_EDGE ( 'NONE', *, *, #171, .F. ) ;
#1029 = DIRECTION ( 'NONE',  ( 0.000000000000000000, 0.000000000000000000, 1.000000000000000000 ) ) ;
#1030 = CIRCLE ( 'NONE', #859, 0.04999999999999991257 ) ;
#1031 = CARTESIAN_POINT ( 'NONE',  ( 0.5623050360199430830, 0.3974556454057014965, -0.2000000000000000111 ) ) ;
#1032 = EDGE_CURVE ( 'NONE', #299, #1604, #1247, .T. ) ;
#1033 = CARTESIAN_POINT ( 'NONE',  ( -1.500000000000000666, -0.6500000000000001332, -0.4949999999999999956 ) ) ;
#1034 = CARTESIAN_POINT ( 'NONE',  ( 0.4976737361960336115, -0.9953474723920676670, -0.1731450533013624837 ) ) ;
#1035 = ORIENTED_EDGE ( 'NONE', *, *, #950, .T. ) ;
#1036 = CARTESIAN_POINT ( 'NONE',  ( -1.750000000000000000, 0.2999999999999999889, -0.5550000000000000488 ) ) ;
#1037 = ORIENTED_EDGE ( 'NONE', *, *, #1506, .T. ) ;
#1038 = CARTESIAN_POINT ( 'NONE',  ( -1.100000000000000089, 0.9749999999999999778, -0.5550000000000000488 ) ) ;
#1039 = CARTESIAN_POINT ( 'NONE',  ( -1.500000000000000444, 0.6500000000000000222, -0.4949999999999999956 ) ) ;
#1040 = ORIENTED_EDGE ( 'NONE', *, *, #1725, .F. ) ;
#1041 = EDGE_CURVE ( 'NONE', #1442, #594, #776, .T. ) ;
#1042 = VECTOR ( 'NONE', #1540, 1000.000000000000000 ) ;
#1043 = ORIENTED_EDGE ( 'NONE', *, *, #171, .T. ) ;
#1044 = DIRECTION ( 'NONE',  ( 0.000000000000000000, 0.000000000000000000, 1.000000000000000000 ) ) ;
#1045 = ORIENTED_EDGE ( 'NONE', *, *, #181, .F. ) ;
#1046 = FILL_AREA_STYLE ('',( #1748 ) ) ;
#1047 = CARTESIAN_POINT ( 'NONE',  ( 0.6856383886569000774, 0.000000000000000000, -0.2000000000000000389 ) ) ;
#1048 = ORIENTED_EDGE ( 'NONE', *, *, #709, .T. ) ;
#1049 = AXIS2_PLACEMENT_3D ( 'NONE', #1061, #1606, #604 ) ;
#1050 = CARTESIAN_POINT ( 'NONE',  ( -0.4168132999852861009, 0.8336265999705722018, -0.1215840031366216684 ) ) ;
#1051 = PRESENTATION_LAYER_ASSIGNMENT (  '', '', ( #906 ) ) ;
#1052 = VECTOR ( 'NONE', #275, 1000.000000000000000 ) ;
#1053 = CARTESIAN_POINT ( 'NONE',  ( -1.100000000000000089, -0.9749999999999999778, -0.5949999999999999734 ) ) ;
#1054 = ADVANCED_FACE ( 'NONE', ( #1321 ), #1600, .T. ) ;
#1055 = CARTESIAN_POINT ( 'NONE',  ( -1.199999999999999956, 0.8750000000000000000, -0.5949999999999999734 ) ) ;
#1056 = ORIENTED_EDGE ( 'NONE', *, *, #950, .F. ) ;
#1057 =( LENGTH_UNIT ( ) NAMED_UNIT ( * ) SI_UNIT ( .MILLI., .METRE. ) );
#1058 = DIRECTION ( 'NONE',  ( 1.000000000000000000, 0.000000000000000000, 0.000000000000000000 ) ) ;
#1059 = ORIENTED_EDGE ( 'NONE', *, *, #337, .F. ) ;
#1060 =( LENGTH_UNIT ( ) NAMED_UNIT ( * ) SI_UNIT ( .MILLI., .METRE. ) );
#1061 = CARTESIAN_POINT ( 'NONE',  ( 1.100000000000000089, -0.8750000000000000000, -0.5949999999999999734 ) ) ;
#1062 = ADVANCED_FACE ( 'NONE', ( #903 ), #241, .F. ) ;
#1063 = ORIENTED_EDGE ( 'NONE', *, *, #576, .T. ) ;
#1064 = CARTESIAN_POINT ( 'NONE',  ( 0.04341931654390626671, 0.6856719835518697570, -0.2000000000000000111 ) ) ;
#1065 = ORIENTED_EDGE ( 'NONE', *, *, #607, .F. ) ;
#1066 = PLANE ( 'NONE',  #320 ) ;
#1067 = PLANE ( 'NONE',  #226 ) ;
#1068 = VECTOR ( 'NONE', #638, 1000.000000000000000 ) ;
#1069 = AXIS2_PLACEMENT_3D ( 'NONE', #589, #317, #160 ) ;
#1070 = CARTESIAN_POINT ( 'NONE',  ( -1.750000000000000000, -1.500000000000000000, 4.450000000000000178 ) ) ;
#1071 = EDGE_CURVE ( 'NONE', #1005, #1, #1213, .T. ) ;
#1072 = ORIENTED_EDGE ( 'NONE', *, *, #446, .F. ) ;
#1073 = AXIS2_PLACEMENT_3D ( 'NONE', #984, #1791, #556 ) ;
#1074 = FILL_AREA_STYLE ('',( #1771 ) ) ;
#1075 = LINE ( 'NONE', #1803, #1042 ) ;
#1076 = PRODUCT_DEFINITION_FORMATION_WITH_SPECIFIED_SOURCE ( 'ANY', '', #1768, .NOT_KNOWN. ) ;
#1077 = COLOUR_RGB ( '',0.7960784313725489669, 0.8235294117647058432, 0.9372549019607843146 ) ;
#1078 = CARTESIAN_POINT ( 'NONE',  ( 17.21750167665999953, 4.500000000000000888, -0.4949999999999999956 ) ) ;
#1079 =( NAMED_UNIT ( * ) PLANE_ANGLE_UNIT ( ) SI_UNIT ( $, .RADIAN. ) );
#1080 = ORIENTED_EDGE ( 'NONE', *, *, #233, .T. ) ;
#1081 = DIRECTION ( 'NONE',  ( 0.000000000000000000, 0.000000000000000000, 1.000000000000000000 ) ) ;
#1082 = VERTEX_POINT ( 'NONE', #1647 ) ;
#1083 = LINE ( 'NONE', #80, #1147 ) ;
#1084 = SURFACE_STYLE_FILL_AREA ( #672 ) ;
#1085 = EDGE_CURVE ( 'NONE', #336, #1016, #1083, .T. ) ;
#1086 = DIRECTION ( 'NONE',  ( 1.000000000000000000, 0.000000000000000000, -0.000000000000000000 ) ) ;
#1087 = FILL_AREA_STYLE_COLOUR ( '', #1077 ) ;
#1088 = DIRECTION ( 'NONE',  ( 0.000000000000000000, 0.000000000000000000, 1.000000000000000000 ) ) ;
#1089 = VERTEX_POINT ( 'NONE', #94 ) ;
#1090 = CARTESIAN_POINT ( 'NONE',  ( 1.100000000000000089, 0.9749999999999999778, -0.5949999999999999734 ) ) ;
#1091 = CARTESIAN_POINT ( 'NONE',  ( -1.600000000000000089, -0.1499999999999999944, -0.5550000000000000488 ) ) ;
#1092 = EDGE_CURVE ( 'NONE', #1636, #1442, #544, .T. ) ;
#1093 = CARTESIAN_POINT ( 'NONE',  ( 1.500000000000000000, 0.9750000000000000888, -0.5550000000000000488 ) ) ;
#1094 = CARTESIAN_POINT ( 'NONE',  ( -1.750000000000001554, 4.500000000000000888, -0.4949999999999999956 ) ) ;
#1095 = DIRECTION ( 'NONE',  ( -1.000000000000000000, 0.000000000000000000, 0.000000000000000000 ) ) ;
#1096 = LINE ( 'NONE', #951, #372 ) ;
#1097 = COLOUR_RGB ( '',0.7960784313725489669, 0.8235294117647058432, 0.9372549019607843146 ) ;
#1098 = LINE ( 'NONE', #669, #454 ) ;
#1099 = VERTEX_POINT ( 'NONE', #1359 ) ;
#1100 = CARTESIAN_POINT ( 'NONE',  ( -0.4237669249440048636, -0.1330118456017820028, -0.08692377554609699575 ) ) ;
#1101 = CARTESIAN_POINT ( 'NONE',  ( -1.500000000000000000, 0.9749999999999999778, -0.5550000000000000488 ) ) ;
#1102 = DIRECTION ( 'NONE',  ( 1.000000000000000000, 0.000000000000000000, -0.000000000000000000 ) ) ;
#1103 = CARTESIAN_POINT ( 'NONE',  ( 1.500000000000000444, 0.6500000000000000222, -0.4949999999999999956 ) ) ;
#1104 = CIRCLE ( 'NONE', #655, 0.1000000000000000472 ) ;
#1105 = CARTESIAN_POINT ( 'NONE',  ( 1.500000000000000000, 1.024999999999999911, -0.5550000000000000488 ) ) ;
#1106 = STYLED_ITEM ( 'NONE', ( #583 ), #406 ) ;
#1107 = EDGE_CURVE ( 'NONE', #1313, #1277, #932, .T. ) ;
#1108 = FACE_OUTER_BOUND ( 'NONE', #621, .T. ) ;
#1109 = ORIENTED_EDGE ( 'NONE', *, *, #470, .F. ) ;
#1110 = FILL_AREA_STYLE ('',( #543 ) ) ;
#1111 = CARTESIAN_POINT ( 'NONE',  ( 0.6856383886568999664, 0.000000000000000000, 0.2999999999999999889 ) ) ;
#1112 = CARTESIAN_POINT ( 'NONE',  ( 1.500000000000000000, -0.6500000000000001332, -0.5949999999999999734 ) ) ;
#1113 = PLANE ( 'NONE',  #341 ) ;
#1114 =( GEOMETRIC_REPRESENTATION_CONTEXT ( 3 ) GLOBAL_UNCERTAINTY_ASSIGNED_CONTEXT ( ( #47 ) ) GLOBAL_UNIT_ASSIGNED_CONTEXT ( ( #1772, #1334, #758 ) ) REPRESENTATION_CONTEXT ( 'NONE', 'WORKASPACE' ) );
#1115 = SHAPE_DEFINITION_REPRESENTATION ( #1342, #329 ) ;
#1116 = LINE ( 'NONE', #1255, #1808 ) ;
#1117 = ORIENTED_EDGE ( 'NONE', *, *, #292, .F. ) ;
#1118 = EDGE_CURVE ( 'NONE', #122, #1383, #786, .T. ) ;
#1119 = ORIENTED_EDGE ( 'NONE', *, *, #1650, .F. ) ;
#1120 = CARTESIAN_POINT ( 'NONE',  ( -1.499999999999999778, 0.9749999999999999778, -0.5949999999999999734 ) ) ;
#1121 = DIRECTION ( 'NONE',  ( 0.000000000000000000, 0.000000000000000000, 1.000000000000000000 ) ) ;
#1122 = DIRECTION ( 'NONE',  ( -1.000000000000000000, 1.224646799147352961E-16, 0.000000000000000000 ) ) ;
#1123 = DIRECTION ( 'NONE',  ( -0.000000000000000000, 0.000000000000000000, 1.000000000000000000 ) ) ;
#1124 = CARTESIAN_POINT ( 'NONE',  ( 1.500000000000000444, -0.6500000000000001332, -0.4949999999999999956 ) ) ;
#1125 = DIRECTION ( 'NONE',  ( 1.000000000000000000, 0.000000000000000000, -0.000000000000000000 ) ) ;
#1126 = EDGE_LOOP ( 'NONE', ( #494, #917, #1202, #611 ) ) ;
#1127 = DIRECTION ( 'NONE',  ( 0.000000000000000000, 1.000000000000000000, 0.000000000000000000 ) ) ;
#1128 = ORIENTED_EDGE ( 'NONE', *, *, #81, .T. ) ;
#1129 = ADVANCED_FACE ( 'NONE', ( #1764 ), #1066, .F. ) ;
#1130 =( GEOMETRIC_REPRESENTATION_CONTEXT ( 3 ) GLOBAL_UNCERTAINTY_ASSIGNED_CONTEXT ( ( #1452 ) ) GLOBAL_UNIT_ASSIGNED_CONTEXT ( ( #1395, #1250, #127 ) ) REPRESENTATION_CONTEXT ( 'NONE', 'WORKASPACE' ) );
#1131 = CARTESIAN_POINT ( 'NONE',  ( -1.750000000000000000, 0.2999999999999999889, -0.5550000000000000488 ) ) ;
#1132 = PLANE ( 'NONE',  #1378 ) ;
#1133 = CARTESIAN_POINT ( 'NONE',  ( -0.6856383886569000774, 0.04350436256532005941, -0.2000000000000000389 ) ) ;
#1134 = EDGE_CURVE ( 'NONE', #48, #418, #1632, .T. ) ;
#1135 = FACE_BOUND ( 'NONE', #1145, .T. ) ;
#1136 = LINE ( 'NONE', #1686, #1484 ) ;
#1137 = AXIS2_PLACEMENT_3D ( 'NONE', #838, #281, #843 ) ;
#1138 = PLANE ( 'NONE',  #753 ) ;
#1139 = AXIS2_PLACEMENT_3D ( 'NONE', #464, #1044, #359 ) ;
#1140 = ORIENTED_EDGE ( 'NONE', *, *, #295, .T. ) ;
#1141 = LINE ( 'NONE', #419, #875 ) ;
#1142 = COLOUR_RGB ( '',0.7960784313725489669, 0.8235294117647058432, 0.9372549019607843146 ) ;
#1143 = UNCERTAINTY_MEASURE_WITH_UNIT (LENGTH_MEASURE( 1.000000000000000082E-05 ), #1155, 'distance_accuracy_value', 'NONE');
#1144 = MECHANICAL_DESIGN_GEOMETRIC_PRESENTATION_REPRESENTATION (  '', ( #16 ), #259 ) ;
#1145 = EDGE_LOOP ( 'NONE', ( #670, #1414, #860, #1119, #1519, #1296, #1398, #1479 ) ) ;
#1146 = FACE_OUTER_BOUND ( 'NONE', #635, .T. ) ;
#1147 = VECTOR ( 'NONE', #480, 1000.000000000000000 ) ;
#1148 = CARTESIAN_POINT ( 'NONE',  ( 1.500000000000000222, -0.6500000000000001332, -0.5550000000000000488 ) ) ;
#1149 = ADVANCED_FACE ( 'NONE', ( #1779 ), #379, .T. ) ;
#1150 = CARTESIAN_POINT ( 'NONE',  ( -0.04341931654390626671, -0.6856719835518697570, -0.2000000000000000111 ) ) ;
#1151 = VERTEX_POINT ( 'NONE', #364 ) ;
#1152 = DIRECTION ( 'NONE',  ( 0.000000000000000000, 0.000000000000000000, 1.000000000000000000 ) ) ;
#1153 = ORIENTED_EDGE ( 'NONE', *, *, #1827, .T. ) ;
#1154 = FILL_AREA_STYLE ('',( #1563 ) ) ;
#1155 =( LENGTH_UNIT ( ) NAMED_UNIT ( * ) SI_UNIT ( .MILLI., .METRE. ) );
#1156 = ORIENTED_EDGE ( 'NONE', *, *, #775, .T. ) ;
#1157 = CARTESIAN_POINT ( 'NONE',  ( -0.1075312868939775068, -0.6796797002075448679, -0.2000000000000000389 ) ) ;
#1158 = EDGE_CURVE ( 'NONE', #723, #756, #294, .T. ) ;
#1159 = CARTESIAN_POINT ( 'NONE',  ( 0.6856383886569000774, 0.000000000000000000, -0.2000000000000000389 ) ) ;
#1160 = ORIENTED_EDGE ( 'NONE', *, *, #89, .F. ) ;
#1161 = DIRECTION ( 'NONE',  ( 0.000000000000000000, 0.000000000000000000, -1.000000000000000000 ) ) ;
#1162 = UNCERTAINTY_MEASURE_WITH_UNIT (LENGTH_MEASURE( 1.000000000000000082E-05 ), #510, 'distance_accuracy_value', 'NONE');
#1163 = ORIENTED_EDGE ( 'NONE', *, *, #663, .F. ) ;
#1164 = CARTESIAN_POINT ( 'NONE',  ( -1.750000000000000444, -0.6500000000000001332, -0.4949999999999999956 ) ) ;
#1165 = CARTESIAN_POINT ( 'NONE',  ( 1.750000000000000000, 0.2999999999999999334, 4.450000000000000178 ) ) ;
#1166 = VECTOR ( 'NONE', #498, 1000.000000000000000 ) ;
#1167 = DIRECTION ( 'NONE',  ( 0.000000000000000000, 0.000000000000000000, 1.000000000000000000 ) ) ;
#1168 = VERTEX_POINT ( 'NONE', #357 ) ;
#1169 = VECTOR ( 'NONE', #908, 1000.000000000000000 ) ;
#1170 = DIRECTION ( 'NONE',  ( 0.000000000000000000, 0.000000000000000000, 1.000000000000000000 ) ) ;
#1171 = EDGE_CURVE ( 'NONE', #1277, #1776, #1483, .T. ) ;
#1172 = EDGE_LOOP ( 'NONE', ( #603, #64, #1293, #1459 ) ) ;
#1173 = LINE ( 'NONE', #853, #265 ) ;
#1174 = AXIS2_PLACEMENT_3D ( 'NONE', #1508, #395, #1387 ) ;
#1175 = AXIS2_PLACEMENT_3D ( 'NONE', #827, #393, #1531 ) ;
#1176 = CARTESIAN_POINT ( 'NONE',  ( -0.5181913295753459714, -0.4515001555811614109, -0.2000000000000000389 ) ) ;
#1177 = CARTESIAN_POINT ( 'NONE',  ( -0.5897376481056234576, -1.179475296211246249, -0.2000000000000000389 ) ) ;
#1178 = ORIENTED_EDGE ( 'NONE', *, *, #114, .F. ) ;
#1179 = DIRECTION ( 'NONE',  ( -0.000000000000000000, 0.000000000000000000, 1.000000000000000000 ) ) ;
#1180 = VERTEX_POINT ( 'NONE', #506 ) ;
#1181 = EDGE_CURVE ( 'NONE', #1530, #43, #1366, .T. ) ;
#1182 = CARTESIAN_POINT ( 'NONE',  ( 0.5975028072244079613, 0.3373130165469392372, -0.2000000000000000111 ) ) ;
#1183 = ORIENTED_EDGE ( 'NONE', *, *, #775, .F. ) ;
#1184 = B_SPLINE_CURVE_WITH_KNOTS ( 'NONE', 3,
 ( #584, #153, #327, #1576, #895, #871, #1419, #716, #1566, #310, #888, #742, #1283, #1295, #23, #1150, #1157, #318, #1441, #1272, #880, #1312, #1176, #145, #172, #30, #40, #1695, #734, #2 ),
 .UNSPECIFIED., .F., .F.,
 ( 4, 1, 2, 2, 2, 1, 2, 2, 2, 1, 2, 2, 2, 1, 2, 2, 4 ),
 ( 0.000000000000000000, 0.06250000000000023592, 0.09375000000000031919, 0.1250000000000004163, 0.2500000000000006106, 0.3125000000000007216, 0.3437500000000007772, 0.3750000000000008327, 0.5000000000000008882, 0.5625000000000008882, 0.5937500000000008882, 0.6250000000000008882, 0.7500000000000005551, 0.8125000000000005551, 0.8437500000000004441, 0.8750000000000003331, 1.000000000000000000 ),
 .UNSPECIFIED. ) ;
#1185 = PRESENTATION_STYLE_ASSIGNMENT (( #994 ) ) ;
#1186 = LINE ( 'NONE', #339, #1813 ) ;
#1187 = DIRECTION ( 'NONE',  ( -1.000000000000000000, 0.000000000000000000, 0.000000000000000000 ) ) ;
#1188 = ORIENTED_EDGE ( 'NONE', *, *, #1205, .T. ) ;
#1189 = CARTESIAN_POINT ( 'NONE',  ( 0.000000000000000000, 0.000000000000000000, -0.5550000000000000488 ) ) ;
#1190 = DIRECTION ( 'NONE',  ( -0.000000000000000000, -0.000000000000000000, 1.000000000000000000 ) ) ;
#1191 = CARTESIAN_POINT ( 'NONE',  ( 0.6695917766154270145, 0.1714920915727106976, -0.2000000000000000389 ) ) ;
#1192 = ORIENTED_EDGE ( 'NONE', *, *, #1603, .T. ) ;
#1193 = ADVANCED_FACE ( 'NONE', ( #1399 ), #131, .T. ) ;
#1194 = CARTESIAN_POINT ( 'NONE',  ( -1.550000000000000266, 1.074999999999999956, -0.2000000000000000111 ) ) ;
#1195 = EDGE_CURVE ( 'NONE', #1750, #1168, #533, .T. ) ;
#1196 = MECHANICAL_DESIGN_GEOMETRIC_PRESENTATION_REPRESENTATION (  '', ( #1514 ), #534 ) ;
#1197 = ORIENTED_EDGE ( 'NONE', *, *, #1461, .T. ) ;
#1198 = LINE ( 'NONE', #496, #628 ) ;
#1199 = EDGE_LOOP ( 'NONE', ( #411, #200, #1477, #644 ) ) ;
#1200 = CARTESIAN_POINT ( 'NONE',  ( -1.550000000000000266, 1.125000000000000000, -0.2250000000000000333 ) ) ;
#1201 = CARTESIAN_POINT ( 'NONE',  ( 1.600000000000000089, -0.1499999999999999944, -0.5550000000000000488 ) ) ;
#1202 = ORIENTED_EDGE ( 'NONE', *, *, #537, .T. ) ;
#1203 = AXIS2_PLACEMENT_3D ( 'NONE', #1451, #1161, #719 ) ;
#1204 = SURFACE_STYLE_FILL_AREA ( #1074 ) ;
#1205 = EDGE_CURVE ( 'NONE', #1358, #1530, #965, .T. ) ;
#1206 = STYLED_ITEM ( 'NONE', ( #1622 ), #1361 ) ;
#1207 = VERTEX_POINT ( 'NONE', #671 ) ;
#1208 = ORIENTED_EDGE ( 'NONE', *, *, #896, .T. ) ;
#1209 = CARTESIAN_POINT ( 'NONE',  ( -1.600000000000000089, 1.125000000000000222, -0.2250000000000000333 ) ) ;
#1210 = CARTESIAN_POINT ( 'NONE',  ( -0.6461612522329382990, 0.2304500987608976426, -0.2000000000000000111 ) ) ;
#1211 = ORIENTED_EDGE ( 'NONE', *, *, #576, .F. ) ;
#1212 = VECTOR ( 'NONE', #1011, 1000.000000000000000 ) ;
#1213 = LINE ( 'NONE', #1350, #962 ) ;
#1214 = CARTESIAN_POINT ( 'NONE',  ( 1.750000000000000000, 0.000000000000000000, -0.5550000000000000488 ) ) ;
#1215 = EDGE_CURVE ( 'NONE', #93, #1358, #164, .T. ) ;
#1216 =( NAMED_UNIT ( * ) PLANE_ANGLE_UNIT ( ) SI_UNIT ( $, .RADIAN. ) );
#1217 = ORIENTED_EDGE ( 'NONE', *, *, #1683, .F. ) ;
#1218 = ORIENTED_EDGE ( 'NONE', *, *, #661, .T. ) ;
#1219 = CARTESIAN_POINT ( 'NONE',  ( -1.500000000000000222, -0.6500000000000000222, -0.5550000000000000488 ) ) ;
#1220 = LINE ( 'NONE', #509, #1068 ) ;
#1221 = DIRECTION ( 'NONE',  ( -0.000000000000000000, -0.000000000000000000, -1.000000000000000000 ) ) ;
#1222 = DIRECTION ( 'NONE',  ( 1.000000000000000000, -0.000000000000000000, 0.000000000000000000 ) ) ;
#1223 = EDGE_CURVE ( 'NONE', #1604, #84, #144, .T. ) ;
#1224 = ORIENTED_EDGE ( 'NONE', *, *, #1788, .F. ) ;
#1225 = VECTOR ( 'NONE', #986, 1000.000000000000000 ) ;
#1226 =( NAMED_UNIT ( * ) PLANE_ANGLE_UNIT ( ) SI_UNIT ( $, .RADIAN. ) );
#1227 = CIRCLE ( 'NONE', #1049, 0.1000000000000000472 ) ;
#1228 =( GEOMETRIC_REPRESENTATION_CONTEXT ( 3 ) GLOBAL_UNCERTAINTY_ASSIGNED_CONTEXT ( ( #1162 ) ) GLOBAL_UNIT_ASSIGNED_CONTEXT ( ( #510, #1079, #334 ) ) REPRESENTATION_CONTEXT ( 'NONE', 'WORKASPACE' ) );
#1229 = CARTESIAN_POINT ( 'NONE',  ( 1.100000000000000089, -0.8750000000000000000, -0.5550000000000000488 ) ) ;
#1230 = COLOUR_RGB ( '',0.7960784313725489669, 0.8235294117647058432, 0.9372549019607843146 ) ;
#1231 = LINE ( 'NONE', #1105, #658 ) ;
#1232 = CARTESIAN_POINT ( 'NONE',  ( 1.600000000000000089, -1.074999999999999956, -0.2250000000000000333 ) ) ;
#1233 = ORIENTED_EDGE ( 'NONE', *, *, #1591, .F. ) ;
#1234 = CARTESIAN_POINT ( 'NONE',  ( -0.1594195997899894579, 0.4476139761884364021, -0.08612321211489618045 ) ) ;
#1235 = DIRECTION ( 'NONE',  ( 1.000000000000000000, 0.000000000000000000, 0.000000000000000000 ) ) ;
#1236 = LINE ( 'NONE', #96, #34 ) ;
#1237 = DIRECTION ( 'NONE',  ( 0.000000000000000000, 0.000000000000000000, 1.000000000000000000 ) ) ;
#1238 = DIRECTION ( 'NONE',  ( 0.000000000000000000, -0.000000000000000000, 1.000000000000000000 ) ) ;
#1239 = CARTESIAN_POINT ( 'NONE',  ( -1.199999999999999956, 0.000000000000000000, -0.5550000000000000488 ) ) ;
#1240 = ORIENTED_EDGE ( 'NONE', *, *, #927, .F. ) ;
#1241 = CARTESIAN_POINT ( 'NONE',  ( -0.4237669249440048636, 0.3536184535533715700, -0.2308345840444780139 ) ) ;
#1242 = EDGE_CURVE ( 'NONE', #465, #1311, #702, .T. ) ;
#1243 = CARTESIAN_POINT ( 'NONE',  ( 1.199999999999999956, -0.8750000000000000000, -0.5550000000000000488 ) ) ;
#1244 = FACE_OUTER_BOUND ( 'NONE', #1708, .T. ) ;
#1245 = VECTOR ( 'NONE', #137, 1000.000000000000000 ) ;
#1246 = LINE ( 'NONE', #552, #139 ) ;
#1247 = CIRCLE ( 'NONE', #682, 0.04999999999999991257 ) ;
#1248 = VERTEX_POINT ( 'NONE', #1269 ) ;
#1249 = CARTESIAN_POINT ( 'NONE',  ( 1.749999999999999778, 0.2999999999999999334, -0.4949999999999998845 ) ) ;
#1250 =( NAMED_UNIT ( * ) PLANE_ANGLE_UNIT ( ) SI_UNIT ( $, .RADIAN. ) );
#1251 = AXIS2_PLACEMENT_3D ( 'NONE', #1266, #952, #1724 ) ;
#1252 =( GEOMETRIC_REPRESENTATION_CONTEXT ( 3 ) GLOBAL_UNCERTAINTY_ASSIGNED_CONTEXT ( ( #6 ) ) GLOBAL_UNIT_ASSIGNED_CONTEXT ( ( #201, #222, #1026 ) ) REPRESENTATION_CONTEXT ( 'NONE', 'WORKASPACE' ) );
#1253 = EDGE_CURVE ( 'NONE', #288, #1248, #1547, .T. ) ;
#1254 = PRODUCT_CONTEXT ( 'NONE', #770, 'mechanical' ) ;
#1255 = CARTESIAN_POINT ( 'NONE',  ( 1.600000000000000755, -0.1499999999999999667, -0.4949999999999999956 ) ) ;
#1256 = CARTESIAN_POINT ( 'NONE',  ( 1.500000000000000000, 1.024999999999999911, -0.5949999999999999734 ) ) ;
#1257 = AXIS2_PLACEMENT_3D ( 'NONE', #405, #1528, #970 ) ;
#1258 = ORIENTED_EDGE ( 'NONE', *, *, #1765, .F. ) ;
#1259 = CARTESIAN_POINT ( 'NONE',  ( 0.1562632797914487170, 0.1667788937568841223, 0.09701249609418384490 ) ) ;
#1260 = SURFACE_STYLE_USAGE ( .BOTH. , #1301 ) ;
#1261 = CARTESIAN_POINT ( 'NONE',  ( 1.500000000000000222, 0.6500000000000000222, -0.5550000000000000488 ) ) ;
#1262 = FACE_OUTER_BOUND ( 'NONE', #143, .T. ) ;
#1263 = VECTOR ( 'NONE', #1665, 1000.000000000000000 ) ;
#1264 = EDGE_CURVE ( 'NONE', #1277, #465, #1829, .T. ) ;
#1265 = ORIENTED_EDGE ( 'NONE', *, *, #1638, .F. ) ;
#1266 = CARTESIAN_POINT ( 'NONE',  ( -1.100000000000000089, -0.8750000000000000000, -0.5550000000000000488 ) ) ;
#1267 = EDGE_CURVE ( 'NONE', #274, #1339, #1796, .T. ) ;
#1268 = ORIENTED_EDGE ( 'NONE', *, *, #1134, .F. ) ;
#1269 = CARTESIAN_POINT ( 'NONE',  ( -1.500000000000000000, -0.9749999999999999778, -0.5550000000000000488 ) ) ;
#1270 = FILL_AREA_STYLE ('',( #703 ) ) ;
#1271 = ORIENTED_EDGE ( 'NONE', *, *, #639, .T. ) ;
#1272 = CARTESIAN_POINT ( 'NONE',  ( -0.2304500987608938400, -0.6461612522329432950, -0.2000000000000000111 ) ) ;
#1273 = FILL_AREA_STYLE_COLOUR ( '', #1097 ) ;
#1274 = LINE ( 'NONE', #3, #845 ) ;
#1275 = EDGE_LOOP ( 'NONE', ( #1322, #157 ) ) ;
#1276 = LINE ( 'NONE', #727, #190 ) ;
#1277 = VERTEX_POINT ( 'NONE', #105 ) ;
#1278 = ADVANCED_FACE ( 'NONE', ( #1385 ), #740, .T. ) ;
#1279 = VECTOR ( 'NONE', #974, 1000.000000000000000 ) ;
#1280 =( NAMED_UNIT ( * ) SI_UNIT ( $, .STERADIAN. ) SOLID_ANGLE_UNIT ( ) );
#1281 = PRESENTATION_STYLE_ASSIGNMENT (( #20 ) ) ;
#1282 = ORIENTED_EDGE ( 'NONE', *, *, #114, .T. ) ;
#1283 = CARTESIAN_POINT ( 'NONE',  ( 0.2725591301645219344, -0.6294921788869396462, -0.2000000000000000389 ) ) ;
#1284 = VECTOR ( 'NONE', #909, 1000.000000000000000 ) ;
#1285 = EDGE_LOOP ( 'NONE', ( #1595, #19, #1008, #1553 ) ) ;
#1286 =( LENGTH_UNIT ( ) NAMED_UNIT ( * ) SI_UNIT ( .MILLI., .METRE. ) );
#1287 = STYLED_ITEM ( 'NONE', ( #1320 ), #414 ) ;
#1288 = UNCERTAINTY_MEASURE_WITH_UNIT (LENGTH_MEASURE( 1.000000000000000082E-05 ), #1286, 'distance_accuracy_value', 'NONE');
#1289 = CIRCLE ( 'NONE', #631, 0.4168132999852862119 ) ;
#1290 = ORIENTED_EDGE ( 'NONE', *, *, #1593, .F. ) ;
#1291 = AXIS2_PLACEMENT_3D ( 'NONE', #1807, #1673, #383 ) ;
#1292 = FACE_OUTER_BOUND ( 'NONE', #456, .T. ) ;
#1293 = ORIENTED_EDGE ( 'NONE', *, *, #337, .T. ) ;
#1294 = EDGE_CURVE ( 'NONE', #321, #723, #680, .T. ) ;
#1295 = CARTESIAN_POINT ( 'NONE',  ( 0.1716627970275726722, -0.6695240471146479688, -0.2000000000000000111 ) ) ;
#1296 = ORIENTED_EDGE ( 'NONE', *, *, #1827, .F. ) ;
#1297 = AXIS2_PLACEMENT_3D ( 'NONE', #1302, #590, #1718 ) ;
#1298 = DIRECTION ( 'NONE',  ( -0.000000000000000000, -0.000000000000000000, -1.000000000000000000 ) ) ;
#1299 = VERTEX_POINT ( 'NONE', #1249 ) ;
#1300 = PRESENTATION_STYLE_ASSIGNMENT (( #177 ) ) ;
#1301 = SURFACE_SIDE_STYLE ('',( #10 ) ) ;
#1302 = CARTESIAN_POINT ( 'NONE',  ( 1.100000000000000089, 0.8750000000000000000, -0.5949999999999999734 ) ) ;
#1303 = VERTEX_POINT ( 'NONE', #1391 ) ;
#1304 = FACE_OUTER_BOUND ( 'NONE', #1426, .T. ) ;
#1305 = ADVANCED_FACE ( 'NONE', ( #413 ), #1810, .F. ) ;
#1306 = LINE ( 'NONE', #1214, #15 ) ;
#1307 = DIRECTION ( 'NONE',  ( 0.000000000000000000, 1.000000000000000000, 0.000000000000000000 ) ) ;
#1308 = ORIENTED_EDGE ( 'NONE', *, *, #1371, .T. ) ;
#1309 = DIRECTION ( 'NONE',  ( 1.000000000000000000, -0.000000000000000000, 0.000000000000000000 ) ) ;
#1310 = CARTESIAN_POINT ( 'NONE',  ( 1.749999999999999778, 0.6500000000000000222, -0.4949999999999999956 ) ) ;
#1311 = VERTEX_POINT ( 'NONE', #1038 ) ;
#1312 = CARTESIAN_POINT ( 'NONE',  ( -0.4180760030326430288, -0.5514583510210115946, -0.2000000000000000111 ) ) ;
#1313 = VERTEX_POINT ( 'NONE', #159 ) ;
#1314 = ADVANCED_FACE ( 'NONE', ( #739 ), #1009, .T. ) ;
#1315 = CIRCLE ( 'NONE', #1137, 0.1000000000000000472 ) ;
#1316 = DIRECTION ( 'NONE',  ( 0.7071067811865474617, 0.7071067811865475727, 0.000000000000000000 ) ) ;
#1317 = ORIENTED_EDGE ( 'NONE', *, *, #1753, .T. ) ;
#1318 =( GEOMETRIC_REPRESENTATION_CONTEXT ( 3 ) GLOBAL_UNCERTAINTY_ASSIGNED_CONTEXT ( ( #1143 ) ) GLOBAL_UNIT_ASSIGNED_CONTEXT ( ( #1155, #289, #1410 ) ) REPRESENTATION_CONTEXT ( 'NONE', 'WORKASPACE' ) );
#1319 = SURFACE_STYLE_USAGE ( .BOTH. , #752 ) ;
#1320 = PRESENTATION_STYLE_ASSIGNMENT (( #1739 ) ) ;
#1321 = FACE_OUTER_BOUND ( 'NONE', #1737, .T. ) ;
#1322 = ORIENTED_EDGE ( 'NONE', *, *, #1742, .T. ) ;
#1323 = VECTOR ( 'NONE', #408, 1000.000000000000000 ) ;
#1324 = CARTESIAN_POINT ( 'NONE',  ( 1.449999999999999956, -0.6500000000000001332, -0.5550000000000000488 ) ) ;
#1325 = FILL_AREA_STYLE ('',( #463 ) ) ;
#1326 = DIRECTION ( 'NONE',  ( 0.000000000000000000, 0.000000000000000000, -1.000000000000000000 ) ) ;
#1327 = EDGE_CURVE ( 'NONE', #1434, #532, #1289, .T. ) ;
#1328 = EDGE_LOOP ( 'NONE', ( #1655, #103, #168, #1128 ) ) ;
#1329 = SURFACE_STYLE_FILL_AREA ( #377 ) ;
#1330 = ADVANCED_FACE ( 'NONE', ( #186, #1146 ), #1001, .F. ) ;
#1331 = CARTESIAN_POINT ( 'NONE',  ( 1.199999999999999956, 0.8750000000000000000, -0.5949999999999999734 ) ) ;
#1332 = CARTESIAN_POINT ( 'NONE',  ( -0.6856383886568998554, 1.371276777313799933, -0.2000000000000000111 ) ) ;
#1333 = ORIENTED_EDGE ( 'NONE', *, *, #709, .F. ) ;
#1334 =( NAMED_UNIT ( * ) PLANE_ANGLE_UNIT ( ) SI_UNIT ( $, .RADIAN. ) );
#1335 = CARTESIAN_POINT ( 'NONE',  ( 1.750000000000000000, 1.500000000000000000, 4.450000000000000178 ) ) ;
#1336 = DIRECTION ( 'NONE',  ( -0.000000000000000000, -0.000000000000000000, -1.000000000000000000 ) ) ;
#1337 = VERTEX_POINT ( 'NONE', #918 ) ;
#1338 = CARTESIAN_POINT ( 'NONE',  ( -0.5897376481056232356, 7.222203230892396980E-17, -0.2000000000000000389 ) ) ;
#1339 = VERTEX_POINT ( 'NONE', #1747 ) ;
#1340 = ADVANCED_FACE ( 'NONE', ( #1760 ), #901, .T. ) ;
#1341 = DIRECTION ( 'NONE',  ( 0.7071067811865475727, 0.7071067811865475727, 0.000000000000000000 ) ) ;
#1342 = PRODUCT_DEFINITION_SHAPE ( 'NONE', 'NONE',  #1730 ) ;
#1343 = CYLINDRICAL_SURFACE ( 'NONE', #1723, 0.1000000000000000472 ) ;
#1344 = DIRECTION ( 'NONE',  ( 1.000000000000000000, 0.000000000000000000, 0.000000000000000000 ) ) ;
#1345 = ORIENTED_EDGE ( 'NONE', *, *, #1804, .T. ) ;
#1346 = FACE_OUTER_BOUND ( 'NONE', #764, .T. ) ;
#1347 = CARTESIAN_POINT ( 'NONE',  ( 0.000000000000000000, -1.125000000000000222, -0.2000000000000000111 ) ) ;
#1348 = ORIENTED_EDGE ( 'NONE', *, *, #1529, .T. ) ;
#1349 = VECTOR ( 'NONE', #1088, 1000.000000000000000 ) ;
#1350 = CARTESIAN_POINT ( 'NONE',  ( 1.499999999999999778, -0.9749999999999999778, -0.5949999999999999734 ) ) ;
#1351 = AXIS2_PLACEMENT_3D ( 'NONE', #98, #657, #912 ) ;
#1352 = ADVANCED_FACE ( 'NONE', ( #624 ), #774, .T. ) ;
#1353 =( GEOMETRIC_REPRESENTATION_CONTEXT ( 3 ) GLOBAL_UNCERTAINTY_ASSIGNED_CONTEXT ( ( #1432 ) ) GLOBAL_UNIT_ASSIGNED_CONTEXT ( ( #1356, #924, #1777 ) ) REPRESENTATION_CONTEXT ( 'NONE', 'WORKASPACE' ) );
#1354 = CYLINDRICAL_SURFACE ( 'NONE', #280, 0.1000000000000000472 ) ;
#1355 = ORIENTED_EDGE ( 'NONE', *, *, #1538, .F. ) ;
#1356 =( LENGTH_UNIT ( ) NAMED_UNIT ( * ) SI_UNIT ( .MILLI., .METRE. ) );
#1357 = CARTESIAN_POINT ( 'NONE',  ( 0.4168132999852862119, 0.000000000000000000, -0.1215840031366216545 ) ) ;
#1358 = VERTEX_POINT ( 'NONE', #1466 ) ;
#1359 = CARTESIAN_POINT ( 'NONE',  ( 1.600000000000000089, 0.1499999999999999944, -0.5550000000000000488 ) ) ;
#1360 = DIRECTION ( 'NONE',  ( 0.000000000000000000, 1.000000000000000000, 0.000000000000000000 ) ) ;
#1361 = ADVANCED_FACE ( 'NONE', ( #204 ), #782, .F. ) ;
#1362 = DIRECTION ( 'NONE',  ( -1.000000000000000000, -0.000000000000000000, 0.000000000000000000 ) ) ;
#1363 = DIRECTION ( 'NONE',  ( -0.000000000000000000, 0.000000000000000000, 1.000000000000000000 ) ) ;
#1364 = DIRECTION ( 'NONE',  ( 1.000000000000000000, 0.000000000000000000, -0.000000000000000000 ) ) ;
#1365 = ORIENTED_EDGE ( 'NONE', *, *, #138, .T. ) ;
#1366 = LINE ( 'NONE', #618, #354 ) ;
#1367 = DIRECTION ( 'NONE',  ( 0.000000000000000000, 1.000000000000000000, 0.000000000000000000 ) ) ;
#1368 = LINE ( 'NONE', #791, #792 ) ;
#1369 = VECTOR ( 'NONE', #1558, 1000.000000000000000 ) ;
#1370 = CARTESIAN_POINT ( 'NONE',  ( -1.600000000000000089, 0.1499999999999999944, -0.5550000000000000488 ) ) ;
#1371 = EDGE_CURVE ( 'NONE', #1636, #299, #92, .T. ) ;
#1372 = CARTESIAN_POINT ( 'NONE',  ( 1.449999999999999956, -1.024999999999999911, -0.2250000000000000611 ) ) ;
#1373 = ORIENTED_EDGE ( 'NONE', *, *, #972, .F. ) ;
#1374 = VECTOR ( 'NONE', #1710, 1000.000000000000000 ) ;
#1375 = DIRECTION ( 'NONE',  ( 0.000000000000000000, 0.000000000000000000, 1.000000000000000000 ) ) ;
#1376 = SURFACE_SIDE_STYLE ('',( #1084 ) ) ;
#1377 =( GEOMETRIC_REPRESENTATION_CONTEXT ( 3 ) GLOBAL_UNCERTAINTY_ASSIGNED_CONTEXT ( ( #447 ) ) GLOBAL_UNIT_ASSIGNED_CONTEXT ( ( #503, #1216, #1670 ) ) REPRESENTATION_CONTEXT ( 'NONE', 'WORKASPACE' ) );
#1378 = AXIS2_PLACEMENT_3D ( 'NONE', #1691, #300, #1574 ) ;
#1379 = LINE ( 'NONE', #948, #1605 ) ;
#1380 = COLOUR_RGB ( '',0.7960784313725489669, 0.8235294117647058432, 0.9372549019607843146 ) ;
#1381 = CARTESIAN_POINT ( 'NONE',  ( 1.100000000000000089, -0.8750000000000000000, -0.5949999999999999734 ) ) ;
#1382 = FACE_OUTER_BOUND ( 'NONE', #751, .T. ) ;
#1383 = VERTEX_POINT ( 'NONE', #1609 ) ;
#1384 = ADVANCED_FACE ( 'NONE', ( #1346 ), #765, .F. ) ;
#1385 = FACE_OUTER_BOUND ( 'NONE', #1275, .T. ) ;
#1386 = LINE ( 'NONE', #1504, #283 ) ;
#1387 = DIRECTION ( 'NONE',  ( 1.000000000000000000, 0.000000000000000000, 0.000000000000000000 ) ) ;
#1388 = FACE_OUTER_BOUND ( 'NONE', #1476, .T. ) ;
#1389 = CARTESIAN_POINT ( 'NONE',  ( 1.500000000000000000, -1.024999999999999911, -0.5550000000000000488 ) ) ;
#1390 = VERTEX_POINT ( 'NONE', #1232 ) ;
#1391 = CARTESIAN_POINT ( 'NONE',  ( -1.500000000000000000, -0.9749999999999999778, -0.2250000000000000611 ) ) ;
#1392 = LINE ( 'NONE', #260, #1279 ) ;
#1393 = ADVANCED_FACE ( 'NONE', ( #142 ), #1509, .T. ) ;
#1394 = CARTESIAN_POINT ( 'NONE',  ( -1.199999999999999956, -0.8750000000000000000, -0.5949999999999999734 ) ) ;
#1395 =( LENGTH_UNIT ( ) NAMED_UNIT ( * ) SI_UNIT ( .MILLI., .METRE. ) );
#1396 = LINE ( 'NONE', #832, #1052 ) ;
#1397 = PRESENTATION_LAYER_ASSIGNMENT (  '', '', ( #1514 ) ) ;
#1398 = ORIENTED_EDGE ( 'NONE', *, *, #217, .F. ) ;
#1399 = FACE_OUTER_BOUND ( 'NONE', #1590, .T. ) ;
#1400 =( NAMED_UNIT ( * ) SI_UNIT ( $, .STERADIAN. ) SOLID_ANGLE_UNIT ( ) );
#1401 = VECTOR ( 'NONE', #1616, 1000.000000000000000 ) ;
#1402 = EDGE_CURVE ( 'NONE', #1555, #1628, #813, .T. ) ;
#1403 = LINE ( 'NONE', #1165, #1374 ) ;
#1404 = FACE_OUTER_BOUND ( 'NONE', #1727, .T. ) ;
#1405 = EDGE_LOOP ( 'NONE', ( #707, #276, #1418, #714, #798, #574, #51, #55 ) ) ;
#1406 = VECTOR ( 'NONE', #277, 1000.000000000000000 ) ;
#1407 = DIRECTION ( 'NONE',  ( 0.000000000000000000, 0.000000000000000000, 1.000000000000000000 ) ) ;
#1408 = ORIENTED_EDGE ( 'NONE', *, *, #234, .T. ) ;
#1409 = DIRECTION ( 'NONE',  ( 0.7071067811865474617, -0.7071067811865475727, 0.000000000000000000 ) ) ;
#1410 =( NAMED_UNIT ( * ) SI_UNIT ( $, .STERADIAN. ) SOLID_ANGLE_UNIT ( ) );
#1411 = DIRECTION ( 'NONE',  ( 0.000000000000000000, 1.000000000000000000, 0.000000000000000000 ) ) ;
#1412 = PLANE ( 'NONE',  #415 ) ;
#1413 = CARTESIAN_POINT ( 'NONE',  ( 1.500000000000000000, 0.6500000000000000222, -0.5949999999999999734 ) ) ;
#1414 = ORIENTED_EDGE ( 'NONE', *, *, #91, .F. ) ;
#1415 = ADVANCED_FACE ( 'NONE', ( #1108 ), #824, .T. ) ;
#1416 = CARTESIAN_POINT ( 'NONE',  ( 1.199999999999999956, -0.8750000000000000000, -0.5949999999999999734 ) ) ;
#1417 = VERTEX_POINT ( 'NONE', #1826 ) ;
#1418 = ORIENTED_EDGE ( 'NONE', *, *, #550, .T. ) ;
#1419 = CARTESIAN_POINT ( 'NONE',  ( 0.6028477537306535794, -0.3400989226420693678, -0.1999999999999999278 ) ) ;
#1420 = LINE ( 'NONE', #1428, #481 ) ;
#1421 = ORIENTED_EDGE ( 'NONE', *, *, #1264, .F. ) ;
#1422 = EDGE_CURVE ( 'NONE', #1453, #308, #1396, .T. ) ;
#1423 = AXIS2_PLACEMENT_3D ( 'NONE', #675, #968, #1513 ) ;
#1424 = VERTEX_POINT ( 'NONE', #523 ) ;
#1425 = CARTESIAN_POINT ( 'NONE',  ( -1.750000000000000000, -0.2999999999999999889, -0.5550000000000000488 ) ) ;
#1426 = EDGE_LOOP ( 'NONE', ( #736, #1582, #297, #29, #213, #1795, #865, #1160 ) ) ;
#1427 = DIRECTION ( 'NONE',  ( 0.000000000000000000, 0.000000000000000000, 1.000000000000000000 ) ) ;
#1428 = CARTESIAN_POINT ( 'NONE',  ( 1.749999999999999778, 4.500000000000000888, -0.4949999999999999956 ) ) ;
#1429 = VECTOR ( 'NONE', #1362, 1000.000000000000000 ) ;
#1430 = ORIENTED_EDGE ( 'NONE', *, *, #471, .T. ) ;
#1431 = CARTESIAN_POINT ( 'NONE',  ( 1.500000000000000000, -1.024999999999999911, -0.5550000000000000488 ) ) ;
#1432 = UNCERTAINTY_MEASURE_WITH_UNIT (LENGTH_MEASURE( 1.000000000000000082E-05 ), #1356, 'distance_accuracy_value', 'NONE');
#1433 =( GEOMETRIC_REPRESENTATION_CONTEXT ( 3 ) GLOBAL_UNCERTAINTY_ASSIGNED_CONTEXT ( ( #868 ) ) GLOBAL_UNIT_ASSIGNED_CONTEXT ( ( #1588, #1738, #582 ) ) REPRESENTATION_CONTEXT ( 'NONE', 'WORKASPACE' ) );
#1434 = VERTEX_POINT ( 'NONE', #128 ) ;
#1435 = FILL_AREA_STYLE ('',( #599 ) ) ;
#1436 = COLOUR_RGB ( '',0.7960784313725489669, 0.8235294117647058432, 0.9372549019607843146 ) ;
#1437 = DIRECTION ( 'NONE',  ( -0.000000000000000000, 0.000000000000000000, -1.000000000000000000 ) ) ;
#1438 = CYLINDRICAL_SURFACE ( 'NONE', #1297, 0.1000000000000000472 ) ;
#1439 = ORIENTED_EDGE ( 'NONE', *, *, #1775, .F. ) ;
#1440 = EDGE_CURVE ( 'NONE', #1530, #492, #1024, .T. ) ;
#1441 = CARTESIAN_POINT ( 'NONE',  ( -0.2115030581576962387, -0.6525716468544605631, -0.1999999999999999833 ) ) ;
#1442 = VERTEX_POINT ( 'NONE', #531 ) ;
#1443 = FILL_AREA_STYLE ('',( #445 ) ) ;
#1444 = ORIENTED_EDGE ( 'NONE', *, *, #1006, .T. ) ;
#1445 = CARTESIAN_POINT ( 'NONE',  ( -1.500000000000000000, -0.6500000000000000222, -0.5949999999999999734 ) ) ;
#1446 = ORIENTED_EDGE ( 'NONE', *, *, #1804, .F. ) ;
#1447 = ADVANCED_FACE ( 'NONE', ( #1518 ), #1794, .T. ) ;
#1448 = DIRECTION ( 'NONE',  ( 1.000000000000000000, 0.000000000000000000, 0.000000000000000000 ) ) ;
#1449 = FACE_OUTER_BOUND ( 'NONE', #1172, .T. ) ;
#1450 = ORIENTED_EDGE ( 'NONE', *, *, #1195, .T. ) ;
#1451 = CARTESIAN_POINT ( 'NONE',  ( 17.21750167665999953, 4.500000000000000888, -0.4949999999999999956 ) ) ;
#1452 = UNCERTAINTY_MEASURE_WITH_UNIT (LENGTH_MEASURE( 1.000000000000000082E-05 ), #1395, 'distance_accuracy_value', 'NONE');
#1453 = VERTEX_POINT ( 'NONE', #1372 ) ;
#1454 = SURFACE_STYLE_FILL_AREA ( #1435 ) ;
#1455 = CARTESIAN_POINT ( 'NONE',  ( -1.750000000000000000, 0.6500000000000001332, -0.5550000000000000488 ) ) ;
#1456 = STYLED_ITEM ( 'NONE', ( #1550 ), #253 ) ;
#1457 = DIRECTION ( 'NONE',  ( 0.000000000000000000, -1.000000000000000000, 0.000000000000000000 ) ) ;
#1458 = EDGE_CURVE ( 'NONE', #418, #1180, #945, .T. ) ;
#1459 = ORIENTED_EDGE ( 'NONE', *, *, #1327, .F. ) ;
#1460 = VECTOR ( 'NONE', #472, 1000.000000000000227 ) ;
#1461 = EDGE_CURVE ( 'NONE', #626, #1000, #1098, .T. ) ;
#1462 = CARTESIAN_POINT ( 'NONE',  ( 1.100000000000000089, 0.9749999999999999778, -0.5550000000000000488 ) ) ;
#1463 = AXIS2_PLACEMENT_3D ( 'NONE', #1774, #374, #1344 ) ;
#1464 = ORIENTED_EDGE ( 'NONE', *, *, #1158, .T. ) ;
#1465 = AXIS2_PLACEMENT_3D ( 'NONE', #198, #766, #893 ) ;
#1466 = CARTESIAN_POINT ( 'NONE',  ( 1.600000000000000089, -1.074999999999999956, -0.2000000000000000111 ) ) ;
#1467 = CARTESIAN_POINT ( 'NONE',  ( 0.6294752465117450235, 0.2726018065282374558, -0.2000000000000000111 ) ) ;
#1468 = ORIENTED_EDGE ( 'NONE', *, *, #397, .F. ) ;
#1469 = AXIS2_PLACEMENT_3D ( 'NONE', #1494, #816, #240 ) ;
#1470 = FACE_OUTER_BOUND ( 'NONE', #796, .T. ) ;
#1471 = EDGE_CURVE ( 'NONE', #1005, #409, #286, .T. ) ;
#1472 = ORIENTED_EDGE ( 'NONE', *, *, #1712, .F. ) ;
#1473 = SURFACE_STYLE_USAGE ( .BOTH. , #513 ) ;
#1474 = PLANE ( 'NONE',  #1697 ) ;
#1475 = CARTESIAN_POINT ( 'NONE',  ( -0.6856383886569000774, 8.396648580412216245E-17, -0.2000000000000000389 ) ) ;
#1476 = EDGE_LOOP ( 'NONE', ( #1192, #27, #1778, #421, #773, #1644, #741, #1801 ) ) ;
#1477 = ORIENTED_EDGE ( 'NONE', *, *, #279, .F. ) ;
#1478 = SURFACE_STYLE_USAGE ( .BOTH. , #487 ) ;
#1479 = ORIENTED_EDGE ( 'NONE', *, *, #147, .F. ) ;
#1480 = ADVANCED_FACE ( 'NONE', ( #1382 ), #559, .T. ) ;
#1481 = CARTESIAN_POINT ( 'NONE',  ( -0.3373130165469456210, 0.5975028072243985244, -0.2000000000000000666 ) ) ;
#1482 = EDGE_LOOP ( 'NONE', ( #1601, #324, #448, #1689 ) ) ;
#1483 = LINE ( 'NONE', #1751, #428 ) ;
#1484 = VECTOR ( 'NONE', #302, 1000.000000000000000 ) ;
#1485 = COLOUR_RGB ( '',0.7960784313725489669, 0.8235294117647058432, 0.9372549019607843146 ) ;
#1486 = DIRECTION ( 'NONE',  ( 1.000000000000000000, 0.000000000000000000, 0.000000000000000000 ) ) ;
#1487 = DIRECTION ( 'NONE',  ( 0.000000000000000000, -0.000000000000000000, -1.000000000000000000 ) ) ;
#1488 = ORIENTED_EDGE ( 'NONE', *, *, #927, .T. ) ;
#1489 = AXIS2_PLACEMENT_3D ( 'NONE', #120, #538, #1552 ) ;
#1490 = CARTESIAN_POINT ( 'NONE',  ( 1.449999999999999956, 0.9749999999999999778, -0.5949999999999999734 ) ) ;
#1491 = CARTESIAN_POINT ( 'NONE',  ( -0.4976737361960337780, 0.9953474723920675560, -0.1731450533013624837 ) ) ;
#1492 = ORIENTED_EDGE ( 'NONE', *, *, #292, .T. ) ;
#1493 = AXIS2_PLACEMENT_3D ( 'NONE', #1542, #656, #404 ) ;
#1494 = CARTESIAN_POINT ( 'NONE',  ( -1.100000000000000089, -0.8750000000000000000, -0.5949999999999999734 ) ) ;
#1495 = CARTESIAN_POINT ( 'NONE',  ( -1.500000000000000000, -1.024999999999999911, -0.5949999999999999734 ) ) ;
#1496 = EDGE_CURVE ( 'NONE', #591, #732, #1246, .T. ) ;
#1497 = AXIS2_PLACEMENT_3D ( 'NONE', #1256, #121, #677 ) ;
#1498 = LINE ( 'NONE', #1743, #1460 ) ;
#1499 = CARTESIAN_POINT ( 'NONE',  ( -1.600000000000000089, -1.074999999999999956, -0.2250000000000000333 ) ) ;
#1500 = CARTESIAN_POINT ( 'NONE',  ( 1.600000000000000089, -1.125000000000000222, -0.2250000000000000333 ) ) ;
#1501 = DIRECTION ( 'NONE',  ( 0.000000000000000000, 0.000000000000000000, 1.000000000000000000 ) ) ;
#1502 = EDGE_LOOP ( 'NONE', ( #920, #524, #570, #690 ) ) ;
#1503 = DIRECTION ( 'NONE',  ( 1.000000000000000000, 0.000000000000000000, 0.000000000000000000 ) ) ;
#1504 = CARTESIAN_POINT ( 'NONE',  ( -1.449999999999999956, -0.6500000000000001332, -0.4949999999999999956 ) ) ;
#1505 = CARTESIAN_POINT ( 'NONE',  ( 1.449999999999999956, 1.024999999999999911, -0.5949999999999999734 ) ) ;
#1506 = EDGE_CURVE ( 'NONE', #239, #632, #1645, .T. ) ;
#1507 = CARTESIAN_POINT ( 'NONE',  ( 0.4168132999852862119, -1.020898147338052671E-16, -0.1215840031366216545 ) ) ;
#1508 = CARTESIAN_POINT ( 'NONE',  ( -1.550000000000000266, -1.074999999999999956, -0.2250000000000000333 ) ) ;
#1509 = PLANE ( 'NONE',  #1816 ) ;
#1510 = ORIENTED_EDGE ( 'NONE', *, *, #763, .T. ) ;
#1511 = DIRECTION ( 'NONE',  ( 0.000000000000000000, 0.000000000000000000, 1.000000000000000000 ) ) ;
#1512 = DIRECTION ( 'NONE',  ( -0.000000000000000000, -1.000000000000000000, -0.000000000000000000 ) ) ;
#1513 = DIRECTION ( 'NONE',  ( 1.000000000000000000, 0.000000000000000000, 0.000000000000000000 ) ) ;
#1514 = STYLED_ITEM ( 'NONE', ( #956 ), #307 ) ;
#1515 = DIRECTION ( 'NONE',  ( 1.000000000000000000, 0.000000000000000000, 0.000000000000000000 ) ) ;
#1516 = CARTESIAN_POINT ( 'NONE',  ( -1.600000000000000311, -0.1499999999999998557, -0.4949999999999999956 ) ) ;
#1517 = EDGE_CURVE ( 'NONE', #723, #1555, #1819, .T. ) ;
#1518 = FACE_OUTER_BOUND ( 'NONE', #1405, .T. ) ;
#1519 = ORIENTED_EDGE ( 'NONE', *, *, #194, .F. ) ;
#1520 = CARTESIAN_POINT ( 'NONE',  ( 0.4212712127366285975, 0.3545021511863277741, -0.2294740820412867477 ) ) ;
#1521 = LINE ( 'NONE', #1091, #68 ) ;
#1522 = VECTOR ( 'NONE', #1316, 1000.000000000000000 ) ;
#1523 = MECHANICAL_DESIGN_GEOMETRIC_PRESENTATION_REPRESENTATION (  '', ( #104 ), #1228 ) ;
#1524 = STYLED_ITEM ( 'NONE', ( #1728 ), #1305 ) ;
#1525 = CARTESIAN_POINT ( 'NONE',  ( 1.600000000000000089, 1.074999999999999956, -0.2250000000000000333 ) ) ;
#1526 = AXIS2_PLACEMENT_3D ( 'NONE', #1189, #1501, #1364 ) ;
#1527 = CYLINDRICAL_SURFACE ( 'NONE', #1489, 0.04999999999999991257 ) ;
#1528 = DIRECTION ( 'NONE',  ( 0.000000000000000000, 1.000000000000000000, 0.000000000000000000 ) ) ;
#1529 = EDGE_CURVE ( 'NONE', #1680, #274, #348, .T. ) ;
#1530 = VERTEX_POINT ( 'NONE', #700 ) ;
#1531 = DIRECTION ( 'NONE',  ( 1.000000000000000000, 0.000000000000000000, 0.000000000000000000 ) ) ;
#1532 = FILL_AREA_STYLE_COLOUR ( '', #475 ) ;
#1533 = CARTESIAN_POINT ( 'NONE',  ( 1.449999999999999956, 0.9749999999999999778, -0.5550000000000000488 ) ) ;
#1534 = CARTESIAN_POINT ( 'NONE',  ( -1.100000000000000089, 0.8750000000000000000, -0.5949999999999999734 ) ) ;
#1535 = PLANE ( 'NONE',  #1755 ) ;
#1536 = CARTESIAN_POINT ( 'NONE',  ( 1.449999999999999956, -0.9749999999999999778, -0.5949999999999999734 ) ) ;
#1537 = ORIENTED_EDGE ( 'NONE', *, *, #234, .F. ) ;
#1538 = EDGE_CURVE ( 'NONE', #1383, #1555, #399, .T. ) ;
#1539 = SURFACE_SIDE_STYLE ('',( #1675 ) ) ;
#1540 = DIRECTION ( 'NONE',  ( -0.000000000000000000, 1.000000000000000000, 0.000000000000000000 ) ) ;
#1541 = LINE ( 'NONE', #126, #785 ) ;
#1542 = CARTESIAN_POINT ( 'NONE',  ( -1.449999999999999956, 0.9749999999999999778, -0.2250000000000000611 ) ) ;
#1543 = DIRECTION ( 'NONE',  ( -0.000000000000000000, -0.000000000000000000, -1.000000000000000000 ) ) ;
#1544 = ORIENTED_EDGE ( 'NONE', *, *, #983, .T. ) ;
#1545 = DIRECTION ( 'NONE',  ( -0.000000000000000000, 0.000000000000000000, -1.000000000000000000 ) ) ;
#1546 = EDGE_LOOP ( 'NONE', ( #1163, #1450, #840, #1037 ) ) ;
#1547 = LINE ( 'NONE', #973, #1406 ) ;
#1548 = EDGE_CURVE ( 'NONE', #225, #48, #1276, .T. ) ;
#1549 = CARTESIAN_POINT ( 'NONE',  ( 1.550000000000000266, 1.074999999999999956, -0.2250000000000000333 ) ) ;
#1550 = PRESENTATION_STYLE_ASSIGNMENT (( #429 ) ) ;
#1551 = MECHANICAL_DESIGN_GEOMETRIC_PRESENTATION_REPRESENTATION (  '', ( #422 ), #1666 ) ;
#1552 = DIRECTION ( 'NONE',  ( 1.000000000000000000, 0.000000000000000000, 0.000000000000000000 ) ) ;
#1553 = ORIENTED_EDGE ( 'NONE', *, *, #1264, .T. ) ;
#1554 = LINE ( 'NONE', #883, #1522 ) ;
#1555 = VERTEX_POINT ( 'NONE', #323 ) ;
#1556 = DIRECTION ( 'NONE',  ( 0.000000000000000000, 0.000000000000000000, 1.000000000000000000 ) ) ;
#1557 = CARTESIAN_POINT ( 'NONE',  ( 0.000000000000000000, 0.000000000000000000, -0.2250000000000000333 ) ) ;
#1558 = DIRECTION ( 'NONE',  ( 0.000000000000000000, 1.000000000000000000, 0.000000000000000000 ) ) ;
#1559 = CARTESIAN_POINT ( 'NONE',  ( 0.5897376481056232356, -1.444440646178479396E-16, -0.2000000000000000389 ) ) ;
#1560 = ORIENTED_EDGE ( 'NONE', *, *, #1471, .F. ) ;
#1561 = DIRECTION ( 'NONE',  ( 0.000000000000000000, 1.000000000000000000, 0.000000000000000000 ) ) ;
#1562 = ORIENTED_EDGE ( 'NONE', *, *, #1753, .F. ) ;
#1563 = FILL_AREA_STYLE_COLOUR ( '', #1668 ) ;
#1564 =( LENGTH_UNIT ( ) NAMED_UNIT ( * ) SI_UNIT ( .MILLI., .METRE. ) );
#1565 = ORIENTED_EDGE ( 'NONE', *, *, #1618, .F. ) ;
#1566 = CARTESIAN_POINT ( 'NONE',  ( 0.4515001555811662404, -0.5181913295753388660, -0.2000000000000000666 ) ) ;
#1567 = CARTESIAN_POINT ( 'NONE',  ( -1.500000000000000222, 0.6500000000000001332, -0.5550000000000000488 ) ) ;
#1568 = EDGE_LOOP ( 'NONE', ( #915, #315, #1035, #997 ) ) ;
#1569 = CARTESIAN_POINT ( 'NONE',  ( -1.500000000000000000, 1.024999999999999911, -0.4949999999999999956 ) ) ;
#1570 = EDGE_CURVE ( 'NONE', #43, #946, #689, .T. ) ;
#1571 = MECHANICAL_DESIGN_GEOMETRIC_PRESENTATION_REPRESENTATION (  '', ( #1456 ), #1130 ) ;
#1572 = ORIENTED_EDGE ( 'NONE', *, *, #1071, .T. ) ;
#1573 = CIRCLE ( 'NONE', #747, 0.5000000000000000000 ) ;
#1574 = DIRECTION ( 'NONE',  ( 0.000000000000000000, 0.000000000000000000, -1.000000000000000000 ) ) ;
#1575 = ORIENTED_EDGE ( 'NONE', *, *, #1181, .F. ) ;
#1576 = CARTESIAN_POINT ( 'NONE',  ( 0.6645772103524669738, -0.1702346888248103818, -0.2000000000000000111 ) ) ;
#1577 = CIRCLE ( 'NONE', #1493, 0.04999999999999991257 ) ;
#1578 = ORIENTED_EDGE ( 'NONE', *, *, #205, .T. ) ;
#1579 = PRESENTATION_LAYER_ASSIGNMENT (  '', '', ( #876 ) ) ;
#1580 = UNCERTAINTY_MEASURE_WITH_UNIT (LENGTH_MEASURE( 1.000000000000000082E-05 ), #245, 'distance_accuracy_value', 'NONE');
#1581 = VECTOR ( 'NONE', #836, 1000.000000000000000 ) ;
#1582 = ORIENTED_EDGE ( 'NONE', *, *, #1798, .F. ) ;
#1583 = ADVANCED_FACE ( 'NONE', ( #1688, #998 ), #184, .T. ) ;
#1584 = ORIENTED_EDGE ( 'NONE', *, *, #683, .F. ) ;
#1585 = CARTESIAN_POINT ( 'NONE',  ( 1.449999999999999956, -0.9749999999999999778, -0.5550000000000000488 ) ) ;
#1586 = CARTESIAN_POINT ( 'NONE',  ( -0.5897376481056232356, 7.222203230892396980E-17, -0.2000000000000000389 ) ) ;
#1587 = ORIENTED_EDGE ( 'NONE', *, *, #1593, .T. ) ;
#1588 =( LENGTH_UNIT ( ) NAMED_UNIT ( * ) SI_UNIT ( .MILLI., .METRE. ) );
#1589 = CARTESIAN_POINT ( 'NONE',  ( 0.6189866690851334452, 0.2958627931559193458, -0.2000000000000000944 ) ) ;
#1590 = EDGE_LOOP ( 'NONE', ( #1488, #1758, #311, #1464 ) ) ;
#1591 = EDGE_CURVE ( 'NONE', #971, #308, #1141, .T. ) ;
#1592 = CARTESIAN_POINT ( 'NONE',  ( -1.550000000000000266, -1.074999999999999956, -0.2250000000000000333 ) ) ;
#1593 = EDGE_CURVE ( 'NONE', #1099, #662, #1554, .T. ) ;
#1594 = DIRECTION ( 'NONE',  ( 0.000000000000000000, 1.000000000000000000, 0.000000000000000000 ) ) ;
#1595 = ORIENTED_EDGE ( 'NONE', *, *, #1242, .T. ) ;
#1596 = CARTESIAN_POINT ( 'NONE',  ( 1.100000000000000089, 0.8750000000000000000, -0.5550000000000000488 ) ) ;
#1597 = ORIENTED_EDGE ( 'NONE', *, *, #1461, .F. ) ;
#1598 =( NAMED_UNIT ( * ) SI_UNIT ( $, .STERADIAN. ) SOLID_ANGLE_UNIT ( ) );
#1599 = SURFACE_STYLE_USAGE ( .BOTH. , #187 ) ;
#1600 = CYLINDRICAL_SURFACE ( 'NONE', #1815, 0.04999999999999991257 ) ;
#1601 = ORIENTED_EDGE ( 'NONE', *, *, #233, .F. ) ;
#1602 = VECTOR ( 'NONE', #1789, 1000.000000000000000 ) ;
#1603 = EDGE_CURVE ( 'NONE', #1016, #846, #1706, .T. ) ;
#1604 = VERTEX_POINT ( 'NONE', #298 ) ;
#1605 = VECTOR ( 'NONE', #1512, 1000.000000000000000 ) ;
#1606 = DIRECTION ( 'NONE',  ( 0.000000000000000000, 0.000000000000000000, 1.000000000000000000 ) ) ;
#1607 = VECTOR ( 'NONE', #899, 1000.000000000000000 ) ;
#1608 = PRESENTATION_LAYER_ASSIGNMENT (  '', '', ( #1287 ) ) ;
#1609 = CARTESIAN_POINT ( 'NONE',  ( -1.100000000000000089, -0.9749999999999999778, -0.5550000000000000488 ) ) ;
#1610 = CARTESIAN_POINT ( 'NONE',  ( -1.100000000000000089, 0.9749999999999999778, -0.5949999999999999734 ) ) ;
#1611 = PRESENTATION_LAYER_ASSIGNMENT (  '', '', ( #16 ) ) ;
#1612 = DIRECTION ( 'NONE',  ( 1.000000000000000000, 0.000000000000000000, -0.000000000000000000 ) ) ;
#1613 = VERTEX_POINT ( 'NONE', #455 ) ;
#1614 = VECTOR ( 'NONE', #112, 1000.000000000000227 ) ;
#1615 = PRESENTATION_STYLE_ASSIGNMENT (( #806 ) ) ;
#1616 = DIRECTION ( 'NONE',  ( 1.000000000000000000, 0.000000000000000000, 0.000000000000000000 ) ) ;
#1617 = ORIENTED_EDGE ( 'NONE', *, *, #138, .F. ) ;
#1618 = EDGE_CURVE ( 'NONE', #492, #1636, #306, .T. ) ;
#1619 = LINE ( 'NONE', #1766, #1429 ) ;
#1620 = VECTOR ( 'NONE', #1102, 1000.000000000000000 ) ;
#1621 = VERTEX_POINT ( 'NONE', #174 ) ;
#1622 = PRESENTATION_STYLE_ASSIGNMENT (( #214 ) ) ;
#1623 = CARTESIAN_POINT ( 'NONE',  ( -0.5897376481056231246, 1.179475296211246249, -0.2000000000000000389 ) ) ;
#1624 = ORIENTED_EDGE ( 'NONE', *, *, #1618, .T. ) ;
#1625 = CARTESIAN_POINT ( 'NONE',  ( -1.600000000000000089, 0.1499999999999999944, -0.5550000000000000488 ) ) ;
#1626 = ORIENTED_EDGE ( 'NONE', *, *, #1591, .T. ) ;
#1627 = CARTESIAN_POINT ( 'NONE',  ( 1.750000000000000000, -0.2999999999999999889, -0.5550000000000000488 ) ) ;
#1628 = VERTEX_POINT ( 'NONE', #866 ) ;
#1629 = ADVANCED_FACE ( 'NONE', ( #312 ), #737, .F. ) ;
#1630 = CARTESIAN_POINT ( 'NONE',  ( 0.4976737361960338335, 0.000000000000000000, -0.1731450533013624837 ) ) ;
#1631 = ORIENTED_EDGE ( 'NONE', *, *, #996, .T. ) ;
#1632 = LINE ( 'NONE', #921, #1790 ) ;
#1633 = PLANE ( 'NONE',  #328 ) ;
#1634 = VECTOR ( 'NONE', #520, 1000.000000000000000 ) ;
#1635 = FACE_OUTER_BOUND ( 'NONE', #1663, .T. ) ;
#1636 = VERTEX_POINT ( 'NONE', #873 ) ;
#1637 = CIRCLE ( 'NONE', #1017, 0.04999999999999991257 ) ;
#1638 = EDGE_CURVE ( 'NONE', #926, #781, #708, .T. ) ;
#1639 = DIRECTION ( 'NONE',  ( 1.000000000000000000, 0.000000000000000000, 0.000000000000000000 ) ) ;
#1640 = FILL_AREA_STYLE ('',( #1532 ) ) ;
#1641 = AXIS2_PLACEMENT_3D ( 'NONE', #248, #627, #1639 ) ;
#1642 = DIRECTION ( 'NONE',  ( 1.000000000000000000, 0.000000000000000000, -0.000000000000000000 ) ) ;
#1643 = PLANE ( 'NONE',  #1465 ) ;
#1644 = ORIENTED_EDGE ( 'NONE', *, *, #1267, .F. ) ;
#1645 = LINE ( 'NONE', #100, #1614 ) ;
#1646 = ORIENTED_EDGE ( 'NONE', *, *, #983, .F. ) ;
#1647 = CARTESIAN_POINT ( 'NONE',  ( 1.449999999999999956, 1.024999999999999911, -0.2250000000000000611 ) ) ;
#1648 = PRESENTATION_STYLE_ASSIGNMENT (( #681 ) ) ;
#1649 = DIRECTION ( 'NONE',  ( 1.000000000000000000, 0.000000000000000000, -0.000000000000000000 ) ) ;
#1650 = EDGE_CURVE ( 'NONE', #1082, #560, #1637, .T. ) ;
#1651 = EDGE_CURVE ( 'NONE', #1207, #1313, #858, .T. ) ;
#1652 = CARTESIAN_POINT ( 'NONE',  ( -1.750000000000000000, -0.2999999999999999334, 4.450000000000000178 ) ) ;
#1653 = CARTESIAN_POINT ( 'NONE',  ( 1.750000000000000000, -0.2999999999999999889, -0.5550000000000000488 ) ) ;
#1654 = DIRECTION ( 'NONE',  ( 1.000000000000000000, 0.000000000000000000, 0.000000000000000000 ) ) ;
#1655 = ORIENTED_EDGE ( 'NONE', *, *, #279, .T. ) ;
#1656 = CARTESIAN_POINT ( 'NONE',  ( -0.1594195997899894857, -0.1683678000729393331, 0.09604061039254704890 ) ) ;
#1657 =( NAMED_UNIT ( * ) SI_UNIT ( $, .STERADIAN. ) SOLID_ANGLE_UNIT ( ) );
#1658 = DIRECTION ( 'NONE',  ( -1.000000000000000000, 0.000000000000000000, -0.000000000000000000 ) ) ;
#1659 = CARTESIAN_POINT ( 'NONE',  ( -1.500000000000000000, 0.000000000000000000, -0.2250000000000000333 ) ) ;
#1660 = EDGE_CURVE ( 'NONE', #1358, #1390, #33, .T. ) ;
#1661 = DIRECTION ( 'NONE',  ( -1.000000000000000000, -0.000000000000000000, 0.000000000000000000 ) ) ;
#1662 = DIRECTION ( 'NONE',  ( -1.000000000000000000, -0.000000000000000000, 0.000000000000000000 ) ) ;
#1663 = EDGE_LOOP ( 'NONE', ( #179, #900, #1013, #392 ) ) ;
#1664 = CARTESIAN_POINT ( 'NONE',  ( -1.199999999999999956, 0.8750000000000000000, -0.5949999999999999734 ) ) ;
#1665 = DIRECTION ( 'NONE',  ( 0.000000000000000000, 0.000000000000000000, 1.000000000000000000 ) ) ;
#1666 =( GEOMETRIC_REPRESENTATION_CONTEXT ( 3 ) GLOBAL_UNCERTAINTY_ASSIGNED_CONTEXT ( ( #1288 ) ) GLOBAL_UNIT_ASSIGNED_CONTEXT ( ( #1286, #568, #587 ) ) REPRESENTATION_CONTEXT ( 'NONE', 'WORKASPACE' ) );
#1667 =( GEOMETRIC_REPRESENTATION_CONTEXT ( 3 ) GLOBAL_UNCERTAINTY_ASSIGNED_CONTEXT ( ( #314 ) ) GLOBAL_UNIT_ASSIGNED_CONTEXT ( ( #38, #600, #206 ) ) REPRESENTATION_CONTEXT ( 'NONE', 'WORKASPACE' ) );
#1668 = COLOUR_RGB ( '',0.7960784313725489669, 0.8235294117647058432, 0.9372549019607843146 ) ;
#1669 = DIRECTION ( 'NONE',  ( -0.000000000000000000, -0.000000000000000000, -1.000000000000000000 ) ) ;
#1670 =( NAMED_UNIT ( * ) SI_UNIT ( $, .STERADIAN. ) SOLID_ANGLE_UNIT ( ) );
#1671 = CARTESIAN_POINT ( 'NONE',  ( 1.199999999999999956, -0.8750000000000000000, -0.5949999999999999734 ) ) ;
#1672 = PRODUCT_RELATED_PRODUCT_CATEGORY ( 'part', '', ( #1768 ) ) ;
#1673 = DIRECTION ( 'NONE',  ( 0.000000000000000000, 0.000000000000000000, 1.000000000000000000 ) ) ;
#1674 = EDGE_LOOP ( 'NONE', ( #551, #904, #1240, #247 ) ) ;
#1675 = SURFACE_STYLE_FILL_AREA ( #1110 ) ;
#1676 = SURFACE_SIDE_STYLE ('',( #242 ) ) ;
#1677 = CARTESIAN_POINT ( 'NONE',  ( -0.6856383886568999664, 8.396648580412215012E-17, 0.2999999999999999889 ) ) ;
#1678 = STYLED_ITEM ( 'NONE', ( #1185 ), #877 ) ;
#1679 = CARTESIAN_POINT ( 'NONE',  ( -1.100000000000000089, -0.9749999999999999778, -0.5949999999999999734 ) ) ;
#1680 = VERTEX_POINT ( 'NONE', #54 ) ;
#1681 = DIRECTION ( 'NONE',  ( 1.000000000000000000, 0.000000000000000000, 0.000000000000000000 ) ) ;
#1682 = ORIENTED_EDGE ( 'NONE', *, *, #1253, .F. ) ;
#1683 = EDGE_CURVE ( 'NONE', #1613, #1714, #772, .T. ) ;
#1684 = CARTESIAN_POINT ( 'NONE',  ( -0.4237669249440048636, -0.3546871776082510253, -0.2315302543002553670 ) ) ;
#1685 = PLANE ( 'NONE',  #44 ) ;
#1686 = CARTESIAN_POINT ( 'NONE',  ( 1.449999999999999956, -1.024999999999999911, -0.5949999999999999734 ) ) ;
#1687 = ORIENTED_EDGE ( 'NONE', *, *, #996, .F. ) ;
#1688 = FACE_BOUND ( 'NONE', #407, .T. ) ;
#1689 = ORIENTED_EDGE ( 'NONE', *, *, #1570, .T. ) ;
#1690 = DIRECTION ( 'NONE',  ( 0.000000000000000000, -0.000000000000000000, 1.000000000000000000 ) ) ;
#1691 = CARTESIAN_POINT ( 'NONE',  ( -1.600000000000000089, -0.1499999999999999944, -0.5550000000000000488 ) ) ;
#1692 = EDGE_CURVE ( 'NONE', #336, #1000, #340, .T. ) ;
#1693 = VECTOR ( 'NONE', #388, 1000.000000000000000 ) ;
#1694 = COLOUR_RGB ( '',0.7960784313725489669, 0.8235294117647058432, 0.9372549019607843146 ) ;
#1695 = CARTESIAN_POINT ( 'NONE',  ( -0.6695917766154270145, -0.1714920915727106976, -0.2000000000000000389 ) ) ;
#1696 = DIRECTION ( 'NONE',  ( 0.000000000000000000, 1.000000000000000000, -0.000000000000000000 ) ) ;
#1697 = AXIS2_PLACEMENT_3D ( 'NONE', #467, #49, #90 ) ;
#1698 = CARTESIAN_POINT ( 'NONE',  ( -0.4168132999852863785, -0.8336265999705722018, -0.1215840031366216684 ) ) ;
#1699 = ORIENTED_EDGE ( 'NONE', *, *, #1215, .T. ) ;
#1700 = AXIS2_PLACEMENT_3D ( 'NONE', #861, #892, #466 ) ;
#1701 = ORIENTED_EDGE ( 'NONE', *, *, #663, .T. ) ;
#1702 = ORIENTED_EDGE ( 'NONE', *, *, #1158, .F. ) ;
#1703 = EDGE_CURVE ( 'NONE', #1248, #971, #989, .T. ) ;
#1704 = LINE ( 'NONE', #462, #902 ) ;
#1705 = EDGE_LOOP ( 'NONE', ( #161, #266, #1373, #606, #7, #1825, #505, #154 ) ) ;
#1706 = LINE ( 'NONE', #1569, #1721 ) ;
#1707 = UNCERTAINTY_MEASURE_WITH_UNIT (LENGTH_MEASURE( 1.000000000000000082E-05 ), #386, 'distance_accuracy_value', 'NONE');
#1708 = EDGE_LOOP ( 'NONE', ( #777, #86, #784, #1317 ) ) ;
#1709 = CYLINDRICAL_SURFACE ( 'NONE', #960, 0.04999999999999991257 ) ;
#1710 = DIRECTION ( 'NONE',  ( 0.000000000000000000, 0.000000000000000000, 1.000000000000000000 ) ) ;
#1711 = ORIENTED_EDGE ( 'NONE', *, *, #125, .T. ) ;
#1712 = EDGE_CURVE ( 'NONE', #32, #886, #933, .T. ) ;
#1713 = DIRECTION ( 'NONE',  ( 1.000000000000000000, -6.505213034913037648E-15, 0.000000000000000000 ) ) ;
#1714 = VERTEX_POINT ( 'NONE', #367 ) ;
#1715 = PRESENTATION_STYLE_ASSIGNMENT (( #1319 ) ) ;
#1716 = LINE ( 'NONE', #152, #14 ) ;
#1717 = VECTOR ( 'NONE', #188, 1000.000000000000000 ) ;
#1718 = DIRECTION ( 'NONE',  ( 1.000000000000000000, 0.000000000000000000, 0.000000000000000000 ) ) ;
#1719 = PLANE ( 'NONE',  #730 ) ;
#1720 = PLANE ( 'NONE',  #129 ) ;
#1721 = VECTOR ( 'NONE', #749, 1000.000000000000000 ) ;
#1722 = DIRECTION ( 'NONE',  ( 0.000000000000000000, -1.000000000000000000, -0.000000000000000000 ) ) ;
#1723 = AXIS2_PLACEMENT_3D ( 'NONE', #629, #366, #1486 ) ;
#1724 = DIRECTION ( 'NONE',  ( 1.000000000000000000, 0.000000000000000000, 0.000000000000000000 ) ) ;
#1725 = EDGE_CURVE ( 'NONE', #274, #626, #1198, .T. ) ;
#1726 =( GEOMETRIC_REPRESENTATION_CONTEXT ( 3 ) GLOBAL_UNCERTAINTY_ASSIGNED_CONTEXT ( ( #432 ) ) GLOBAL_UNIT_ASSIGNED_CONTEXT ( ( #1060, #1226, #500 ) ) REPRESENTATION_CONTEXT ( 'NONE', 'WORKASPACE' ) );
#1727 = EDGE_LOOP ( 'NONE', ( #910, #729, #1562, #342, #1702, #70, #346, #1421 ) ) ;
#1728 = PRESENTATION_STYLE_ASSIGNMENT (( #434 ) ) ;
#1729 = VECTOR ( 'NONE', #1784, 1000.000000000000000 ) ;
#1730 = PRODUCT_DEFINITION ( 'UNKNOWN', '', #1076, #884 ) ;
#1731 = SURFACE_STYLE_FILL_AREA ( #1046 ) ;
#1732 = DIRECTION ( 'NONE',  ( 0.000000000000000000, 0.000000000000000000, 1.000000000000000000 ) ) ;
#1733 = FACE_OUTER_BOUND ( 'NONE', #1568, .T. ) ;
#1734 = CARTESIAN_POINT ( 'NONE',  ( 0.5897376481056230135, -1.179475296211246693, -0.2000000000000000389 ) ) ;
#1735 = CARTESIAN_POINT ( 'NONE',  ( 1.500000000000000000, -0.9749999999999999778, -0.2250000000000000611 ) ) ;
#1736 = CARTESIAN_POINT ( 'NONE',  ( 1.600000000000000089, -1.074999999999999956, -0.2250000000000000333 ) ) ;
#1737 = EDGE_LOOP ( 'NONE', ( #553, #738, #1308, #476 ) ) ;
#1738 =( NAMED_UNIT ( * ) PLANE_ANGLE_UNIT ( ) SI_UNIT ( $, .RADIAN. ) );
#1739 = SURFACE_STYLE_USAGE ( .BOTH. , #344 ) ;
#1740 = LINE ( 'NONE', #1201, #220 ) ;
#1741 = EDGE_LOOP ( 'NONE', ( #1646, #1817, #768, #1059 ) ) ;
#1742 = EDGE_CURVE ( 'NONE', #532, #1434, #1812, .T. ) ;
#1743 = CARTESIAN_POINT ( 'NONE',  ( -1.750000000000001554, -0.2999999999999999334, -0.4949999999999999956 ) ) ;
#1744 = ORIENTED_EDGE ( 'NONE', *, *, #1529, .F. ) ;
#1745 = DIRECTION ( 'NONE',  ( -0.000000000000000000, 1.000000000000000000, 0.000000000000000000 ) ) ;
#1746 = EDGE_LOOP ( 'NONE', ( #1258, #1584, #285, #964, #1355, #192, #1045, #1809 ) ) ;
#1747 = CARTESIAN_POINT ( 'NONE',  ( -1.500000000000000000, 0.9749999999999999778, -0.2250000000000000611 ) ) ;
#1748 = FILL_AREA_STYLE_COLOUR ( '', #1759 ) ;
#1749 = CARTESIAN_POINT ( 'NONE',  ( -0.6525422513213621212, 0.2115774734264333212, -0.2000000000000000389 ) ) ;
#1750 = VERTEX_POINT ( 'NONE', #1036 ) ;
#1751 = CARTESIAN_POINT ( 'NONE',  ( 1.100000000000000089, 0.9750000000000000888, -0.5949999999999999734 ) ) ;
#1752 = FACE_OUTER_BOUND ( 'NONE', #356, .T. ) ;
#1753 = EDGE_CURVE ( 'NONE', #1763, #1207, #1227, .T. ) ;
#1754 = PRESENTATION_STYLE_ASSIGNMENT (( #453 ) ) ;
#1755 = AXIS2_PLACEMENT_3D ( 'NONE', #687, #252, #1125 ) ;
#1756 = SURFACE_STYLE_FILL_AREA ( #803 ) ;
#1757 = STYLED_ITEM ( 'NONE', ( #212 ), #1818 ) ;
#1758 = ORIENTED_EDGE ( 'NONE', *, *, #1538, .T. ) ;
#1759 = COLOUR_RGB ( '',0.7960784313725489669, 0.8235294117647058432, 0.9372549019607843146 ) ;
#1760 = FACE_OUTER_BOUND ( 'NONE', #444, .T. ) ;
#1761 = AXIS2_PLACEMENT_3D ( 'NONE', #1018, #1309, #572 ) ;
#1762 = CARTESIAN_POINT ( 'NONE',  ( -1.550000000000000266, 1.074999999999999956, -0.2250000000000000333 ) ) ;
#1763 = VERTEX_POINT ( 'NONE', #202 ) ;
#1764 = FACE_OUTER_BOUND ( 'NONE', #1546, .T. ) ;
#1765 = EDGE_CURVE ( 'NONE', #1776, #591, #1104, .T. ) ;
#1766 = CARTESIAN_POINT ( 'NONE',  ( 0.000000000000000000, 0.6500000000000001332, -0.5550000000000000488 ) ) ;
#1767 = ORIENTED_EDGE ( 'NONE', *, *, #527, .F. ) ;
#1768 = PRODUCT ( '2425753-1', '2425753-1', '', ( #1254 ) ) ;
#1769 = CARTESIAN_POINT ( 'NONE',  ( 0.5181913295753459714, 0.4515001555811614109, -0.2000000000000000389 ) ) ;
#1770 = ORIENTED_EDGE ( 'NONE', *, *, #360, .T. ) ;
#1771 = FILL_AREA_STYLE_COLOUR ( '', #1230 ) ;
#1772 =( LENGTH_UNIT ( ) NAMED_UNIT ( * ) SI_UNIT ( .MILLI., .METRE. ) );
#1773 = DIRECTION ( 'NONE',  ( -0.000000000000000000, 1.000000000000000000, 0.000000000000000000 ) ) ;
#1774 = CARTESIAN_POINT ( 'NONE',  ( -1.449999999999999956, -0.9749999999999999778, -0.5550000000000000488 ) ) ;
#1775 = EDGE_CURVE ( 'NONE', #93, #17, #794, .T. ) ;
#1776 = VERTEX_POINT ( 'NONE', #1462 ) ;
#1777 =( NAMED_UNIT ( * ) SI_UNIT ( $, .STERADIAN. ) SOLID_ANGLE_UNIT ( ) );
#1778 = ORIENTED_EDGE ( 'NONE', *, *, #1253, .T. ) ;
#1779 = FACE_OUTER_BOUND ( 'NONE', #1502, .T. ) ;
#1780 =( NAMED_UNIT ( * ) PLANE_ANGLE_UNIT ( ) SI_UNIT ( $, .RADIAN. ) );
#1781 = CARTESIAN_POINT ( 'NONE',  ( 0.000000000000000000, 1.024999999999999911, -0.2250000000000000333 ) ) ;
#1782 = CARTESIAN_POINT ( 'NONE',  ( 1.600000000000000311, -0.1499999999999999667, -0.4949999999999999956 ) ) ;
#1783 = AXIS2_PLACEMENT_3D ( 'NONE', #163, #863, #1448 ) ;
#1784 = DIRECTION ( 'NONE',  ( -0.000000000000000000, -0.000000000000000000, -1.000000000000000000 ) ) ;
#1785 = ADVANCED_FACE ( 'NONE', ( #195 ), #762, .T. ) ;
#1786 = ORIENTED_EDGE ( 'NONE', *, *, #326, .F. ) ;
#1787 = VECTOR ( 'NONE', #1179, 1000.000000000000000 ) ;
#1788 = EDGE_CURVE ( 'NONE', #1180, #926, #1619, .T. ) ;
#1789 = DIRECTION ( 'NONE',  ( 0.000000000000000000, 0.000000000000000000, 1.000000000000000000 ) ) ;
#1790 = VECTOR ( 'NONE', #385, 1000.000000000000000 ) ;
#1791 = DIRECTION ( 'NONE',  ( 0.000000000000000000, -1.000000000000000000, 0.000000000000000000 ) ) ;
#1792 = DIRECTION ( 'NONE',  ( 1.000000000000000000, 0.000000000000000000, 0.000000000000000000 ) ) ;
#1793 = FILL_AREA_STYLE ('',( #1087 ) ) ;
#1794 = PLANE ( 'NONE',  #578 ) ;
#1795 = ORIENTED_EDGE ( 'NONE', *, *, #1223, .F. ) ;
#1796 = LINE ( 'NONE', #1120, #76 ) ;
#1797 = CARTESIAN_POINT ( 'NONE',  ( 0.000000000000000000, -0.6500000000000001332, -0.5550000000000000488 ) ) ;
#1798 = EDGE_CURVE ( 'NONE', #1390, #43, #640, .T. ) ;
#1799 = CARTESIAN_POINT ( 'NONE',  ( -1.499999999999999778, -0.9749999999999999778, -0.5949999999999999734 ) ) ;
#1800 = CARTESIAN_POINT ( 'NONE',  ( 0.4168132999852862119, 0.000000000000000000, -0.1215840031366216545 ) ) ;
#1801 = ORIENTED_EDGE ( 'NONE', *, *, #595, .T. ) ;
#1802 = CARTESIAN_POINT ( 'NONE',  ( 0.4212712127366285975, -0.1333442441288731906, -0.08520363834980732021 ) ) ;
#1803 = CARTESIAN_POINT ( 'NONE',  ( 1.750000000000000000, 0.000000000000000000, -0.5550000000000000488 ) ) ;
#1804 = EDGE_CURVE ( 'NONE', #1299, #1337, #353, .T. ) ;
#1805 = LINE ( 'NONE', #1799, #1634 ) ;
#1806 = STYLED_ITEM ( 'NONE', ( #1648 ), #349 ) ;
#1807 = CARTESIAN_POINT ( 'NONE',  ( 1.550000000000000266, 1.074999999999999956, -0.2000000000000000111 ) ) ;
#1808 = VECTOR ( 'NONE', #697, 1000.000000000000000 ) ;
#1809 = ORIENTED_EDGE ( 'NONE', *, *, #1496, .F. ) ;
#1810 = PLANE ( 'NONE',  #1700 ) ;
#1811 = CARTESIAN_POINT ( 'NONE',  ( -1.100000000000000089, -0.9750000000000000888, -0.5949999999999999734 ) ) ;
#1812 = CIRCLE ( 'NONE', #1139, 0.4168132999852862119 ) ;
#1813 = VECTOR ( 'NONE', #1722, 1000.000000000000000 ) ;
#1814 = MECHANICAL_DESIGN_GEOMETRIC_PRESENTATION_REPRESENTATION (  '', ( #906 ), #849 ) ;
#1815 = AXIS2_PLACEMENT_3D ( 'NONE', #1762, #77, #345 ) ;
#1816 = AXIS2_PLACEMENT_3D ( 'NONE', #398, #246, #264 ) ;
#1817 = ORIENTED_EDGE ( 'NONE', *, *, #942, .T. ) ;
#1818 = ADVANCED_FACE ( 'NONE', ( #1470 ), #922, .F. ) ;
#1819 = LINE ( 'NONE', #255, #1349 ) ;
#1820 = ORIENTED_EDGE ( 'NONE', *, *, #471, .F. ) ;
#1821 = CARTESIAN_POINT ( 'NONE',  ( 0.1562632797914487170, -0.4492979011121563948, -0.08649620240444871877 ) ) ;
#1822 = CYLINDRICAL_SURFACE ( 'NONE', #652, 0.04999999999999991257 ) ;
#1823 = DIRECTION ( 'NONE',  ( 0.000000000000000000, 0.000000000000000000, 1.000000000000000000 ) ) ;
#1824 = FACE_OUTER_BOUND ( 'NONE', #540, .T. ) ;
#1825 = ORIENTED_EDGE ( 'NONE', *, *, #326, .T. ) ;
#1826 = CARTESIAN_POINT ( 'NONE',  ( 1.449999999999999956, -1.024999999999999911, -0.5550000000000000488 ) ) ;
#1827 = EDGE_CURVE ( 'NONE', #1339, #1089, #1577, .T. ) ;
#1828 = ORIENTED_EDGE ( 'NONE', *, *, #147, .T. ) ;
#1829 = LINE ( 'NONE', #1090, #992 ) ;
ENDSEC;
END-ISO-10303-21;
