ISO-10303-21;
HEADER;
FILE_DESCRIPTION (( 'STEP AP214' ),
    '1' );
FILE_NAME ('SSQ-103-02-G-D.STEP',
    '2026-03-11T00:34:35',
    ( '' ),
    ( '' ),
    'SwSTEP 2.0',
    'SolidWorks 2023',
    '' );
FILE_SCHEMA (( 'AUTOMOTIVE_DESIGN' ));
ENDSEC;

DATA;
#1 =( NAMED_UNIT ( * ) PLANE_ANGLE_UNIT ( ) SI_UNIT ( $, .RADIAN. ) );
#2 = AXIS2_PLACEMENT_3D ( 'NONE', #2127, #4115, #1488 ) ;
#3 = CARTESIAN_POINT ( 'NONE',  ( 4.064000000000000057, 0.5079999999999997851, -1.587499999999999911 ) ) ;
#4 = FACE_OUTER_BOUND ( 'NONE', #3419, .T. ) ;
#5 = VECTOR ( 'NONE', #1896, 1000.000000000000000 ) ;
#6 = FACE_BOUND ( 'NONE', #912, .T. ) ;
#7 = EDGE_LOOP ( 'NONE', ( #3453, #3049, #1559, #2564 ) ) ;
#8 = VECTOR ( 'NONE', #3480, 1000.000000000000000 ) ;
#9 = VERTEX_POINT ( 'NONE', #2543 ) ;
#10 = UNCERTAINTY_MEASURE_WITH_UNIT (LENGTH_MEASURE( 1.000000000000000082E-05 ), #3616, 'distance_accuracy_value', 'NONE');
#11 = DIRECTION ( 'NONE',  ( -1.000000000000000000, 0.000000000000000000, 0.000000000000000000 ) ) ;
#12 = PRESENTATION_LAYER_ASSIGNMENT (  '', '', ( #3508 ) ) ;
#13 = DIRECTION ( 'NONE',  ( 1.000000000000000000, -0.000000000000000000, 0.000000000000000000 ) ) ;
#14 = EDGE_LOOP ( 'NONE', ( #2682, #776, #4248, #1536 ) ) ;
#15 = VECTOR ( 'NONE', #3931, 1000.000000000000000 ) ;
#16 = DIRECTION ( 'NONE',  ( 0.000000000000000000, 0.000000000000000000, 1.000000000000000000 ) ) ;
#17 = AXIS2_PLACEMENT_3D ( 'NONE', #2558, #2203, #255 ) ;
#18 = VECTOR ( 'NONE', #2286, 1000.000000000000000 ) ;
#19 = CARTESIAN_POINT ( 'NONE',  ( 8.128000000000000114, 0.000000000000000000, -2.476500000000000590 ) ) ;
#20 = CARTESIAN_POINT ( 'NONE',  ( 6.419849999999999390, -4.927600000000000868, -1.454150000000000720 ) ) ;
#21 = UNCERTAINTY_MEASURE_WITH_UNIT (LENGTH_MEASURE( 1.000000000000000082E-05 ), #1984, 'distance_accuracy_value', 'NONE');
#22 = SURFACE_STYLE_USAGE ( .BOTH. , #1702 ) ;
#23 = VERTEX_POINT ( 'NONE', #3222 ) ;
#24 = PLANE ( 'NONE',  #1175 ) ;
#25 = EDGE_CURVE ( 'NONE', #997, #4084, #2188, .T. ) ;
#26 = EDGE_CURVE ( 'NONE', #1972, #1152, #2875, .T. ) ;
#27 =( NAMED_UNIT ( * ) PLANE_ANGLE_UNIT ( ) SI_UNIT ( $, .RADIAN. ) );
#28 = LINE ( 'NONE', #1355, #661 ) ;
#29 = LINE ( 'NONE', #1011, #3580 ) ;
#30 = VECTOR ( 'NONE', #2232, 1000.000000000000000 ) ;
#31 = DIRECTION ( 'NONE',  ( -0.000000000000000000, 1.000000000000000000, 0.000000000000000000 ) ) ;
#32 = VERTEX_POINT ( 'NONE', #2822 ) ;
#33 =( NAMED_UNIT ( * ) SI_UNIT ( $, .STERADIAN. ) SOLID_ANGLE_UNIT ( ) );
#34 = CARTESIAN_POINT ( 'NONE',  ( 0.7493000000000000771, 8.509000000000000341, 2.044700000000000184 ) ) ;
#35 = COLOUR_RGB ( '',1.000000000000000000, 1.000000000000000000, 0.000000000000000000 ) ;
#36 = DIRECTION ( 'NONE',  ( -1.000000000000000000, 7.036004064527049935E-17, -1.508875940911162121E-16 ) ) ;
#37 = ORIENTED_EDGE ( 'NONE', *, *, #464, .F. ) ;
#38 = LINE ( 'NONE', #2054, #717 ) ;
#39 = DIRECTION ( 'NONE',  ( 1.000000000000000000, 0.000000000000000000, 0.000000000000000000 ) ) ;
#40 = DIRECTION ( 'NONE',  ( -0.5773502691896246208, -0.5773502691896258421, -0.5773502691896268413 ) ) ;
#41 = VERTEX_POINT ( 'NONE', #1470 ) ;
#42 = DIRECTION ( 'NONE',  ( 0.000000000000000000, -0.000000000000000000, 1.000000000000000000 ) ) ;
#43 = LINE ( 'NONE', #1372, #1602 ) ;
#44 = ADVANCED_FACE ( 'NONE', ( #1169 ), #1899, .F. ) ;
#45 = DIRECTION ( 'NONE',  ( 0.000000000000000000, 1.000000000000000000, 0.000000000000000000 ) ) ;
#46 = CARTESIAN_POINT ( 'NONE',  ( 6.286500000000000199, -2.063800000000000079, -1.587499999999999911 ) ) ;
#47 = ADVANCED_FACE ( 'NONE', ( #2131 ), #3813, .F. ) ;
#48 = FACE_OUTER_BOUND ( 'NONE', #3197, .T. ) ;
#49 = ORIENTED_EDGE ( 'NONE', *, *, #1603, .T. ) ;
#50 = DIRECTION ( 'NONE',  ( 0.000000000000000000, -0.000000000000000000, 1.000000000000000000 ) ) ;
#51 = CARTESIAN_POINT ( 'NONE',  ( 3.670300000000000118, 1.008000000000000229, -0.8762999999999999678 ) ) ;
#52 = EDGE_LOOP ( 'NONE', ( #1437, #1259, #3493, #4224 ) ) ;
#53 = DIRECTION ( 'NONE',  ( 1.000000000000000000, 0.000000000000000000, -0.000000000000000000 ) ) ;
#54 = SURFACE_STYLE_USAGE ( .BOTH. , #2376 ) ;
#55 = CARTESIAN_POINT ( 'NONE',  ( 6.788150000000001683, -4.927600000000000868, -1.085849999999999538 ) ) ;
#56 = UNCERTAINTY_MEASURE_WITH_UNIT (LENGTH_MEASURE( 1.000000000000000082E-05 ), #400, 'distance_accuracy_value', 'NONE');
#57 = EDGE_LOOP ( 'NONE', ( #3746, #256, #1176, #3212 ) ) ;
#58 = CARTESIAN_POINT ( 'NONE',  ( 3.670300000000000118, 8.128000000000000114, 1.270000000000000018 ) ) ;
#59 = PLANE ( 'NONE',  #938 ) ;
#60 = EDGE_CURVE ( 'NONE', #3245, #3428, #3916, .T. ) ;
#61 = DIRECTION ( 'NONE',  ( -1.000000000000000000, -0.000000000000000000, 0.000000000000000000 ) ) ;
#62 = VERTEX_POINT ( 'NONE', #2960 ) ;
#63 = PRESENTATION_LAYER_ASSIGNMENT (  '', '', ( #1172 ) ) ;
#64 = LINE ( 'NONE', #1711, #985 ) ;
#65 = EDGE_CURVE ( 'NONE', #3699, #3519, #982, .T. ) ;
#66 = EDGE_CURVE ( 'NONE', #1224, #673, #1626, .T. ) ;
#67 = CARTESIAN_POINT ( 'NONE',  ( 1.339849999999997987, -4.927600000000000868, -0.7700000000000000178 ) ) ;
#68 = ORIENTED_EDGE ( 'NONE', *, *, #2973, .T. ) ;
#69 = PLANE ( 'NONE',  #1331 ) ;
#70 =( NAMED_UNIT ( * ) SI_UNIT ( $, .STERADIAN. ) SOLID_ANGLE_UNIT ( ) );
#71 = AXIS2_PLACEMENT_3D ( 'NONE', #3705, #1762, #121 ) ;
#72 = LINE ( 'NONE', #344, #583 ) ;
#73 = ORIENTED_EDGE ( 'NONE', *, *, #438, .F. ) ;
#74 = CARTESIAN_POINT ( 'NONE',  ( 2.540000000000000036, 0.008000000000000012310, 2.476500000000000590 ) ) ;
#75 = LINE ( 'NONE', #3959, #2136 ) ;
#76 = VECTOR ( 'NONE', #3458, 1000.000000000000000 ) ;
#77 = MECHANICAL_DESIGN_GEOMETRIC_PRESENTATION_REPRESENTATION (  '', ( #1796 ), #4052 ) ;
#78 = SURFACE_STYLE_USAGE ( .BOTH. , #1667 ) ;
#79 = ORIENTED_EDGE ( 'NONE', *, *, #1098, .F. ) ;
#80 = VECTOR ( 'NONE', #3558, 1000.000000000000000 ) ;
#81 = SURFACE_STYLE_USAGE ( .BOTH. , #3379 ) ;
#82 = VECTOR ( 'NONE', #1090, 1000.000000000000000 ) ;
#83 = FILL_AREA_STYLE_COLOUR ( '', #1676 ) ;
#84 = ORIENTED_EDGE ( 'NONE', *, *, #1296, .F. ) ;
#85 = MECHANICAL_DESIGN_GEOMETRIC_PRESENTATION_REPRESENTATION (  '', ( #3804 ), #2652 ) ;
#86 = SURFACE_STYLE_USAGE ( .BOTH. , #3045 ) ;
#87 = SURFACE_STYLE_FILL_AREA ( #794 ) ;
#88 = VECTOR ( 'NONE', #1961, 1000.000000000000000 ) ;
#89 = EDGE_CURVE ( 'NONE', #3204, #3773, #29, .T. ) ;
#90 = EDGE_CURVE ( 'NONE', #2716, #1035, #4232, .T. ) ;
#91 = EDGE_LOOP ( 'NONE', ( #2667, #765, #3295, #3085 ) ) ;
#92 = SURFACE_SIDE_STYLE ('',( #482 ) ) ;
#93 = COLOUR_RGB ( '',1.000000000000000000, 1.000000000000000000, 0.000000000000000000 ) ;
#94 = DIRECTION ( 'NONE',  ( -0.3892816206350248054, 0.8348171294789882291, -0.3892816206350241948 ) ) ;
#95 = PRESENTATION_LAYER_ASSIGNMENT (  '', '', ( #1889 ) ) ;
#96 = EDGE_CURVE ( 'NONE', #1765, #1672, #287, .T. ) ;
#97 = CARTESIAN_POINT ( 'NONE',  ( 4.064000000000000057, -2.063800000000000079, 1.587499999999999911 ) ) ;
#98 = UNCERTAINTY_MEASURE_WITH_UNIT (LENGTH_MEASURE( 1.000000000000000082E-05 ), #2514, 'distance_accuracy_value', 'NONE');
#99 = CARTESIAN_POINT ( 'NONE',  ( 5.604000000000000092, 8.318500000000002004, 0.6857999999999999652 ) ) ;
#100 = ORIENTED_EDGE ( 'NONE', *, *, #876, .T. ) ;
#101 = VECTOR ( 'NONE', #303, 1000.000000000000000 ) ;
#102 = DIRECTION ( 'NONE',  ( 1.005917293940771666E-16, 4.690669376351351216E-17, -1.000000000000000000 ) ) ;
#103 = CARTESIAN_POINT ( 'NONE',  ( 1.917699999999999960, 8.128000000000000114, -1.270000000000000018 ) ) ;
#104 = SURFACE_SIDE_STYLE ('',( #726 ) ) ;
#105 = SURFACE_STYLE_FILL_AREA ( #4024 ) ;
#106 = ORIENTED_EDGE ( 'NONE', *, *, #1155, .F. ) ;
#107 = SURFACE_STYLE_FILL_AREA ( #3062 ) ;
#108 = CARTESIAN_POINT ( 'NONE',  ( 1.524000000000000021, 1.008000000000000007, -1.663699999999999957 ) ) ;
#109 = CARTESIAN_POINT ( 'NONE',  ( 3.670300000000000118, 5.262500000000001066, -1.270000000000000018 ) ) ;
#110 = ORIENTED_EDGE ( 'NONE', *, *, #2494, .F. ) ;
#111 = FILL_AREA_STYLE_COLOUR ( '', #2556 ) ;
#112 = CARTESIAN_POINT ( 'NONE',  ( 6.921500000000000874, -4.641630002150050061, -0.9524999999999993472 ) ) ;
#113 = CARTESIAN_POINT ( 'NONE',  ( 6.921499999999999986, -4.641630002150050949, 1.587500000000002576 ) ) ;
#114 = ORIENTED_EDGE ( 'NONE', *, *, #3598, .T. ) ;
#115 =( LENGTH_UNIT ( ) NAMED_UNIT ( * ) SI_UNIT ( .MILLI., .METRE. ) );
#116 = ADVANCED_FACE ( 'NONE', ( #4 ), #2571, .F. ) ;
#117 = ADVANCED_FACE ( 'NONE', ( #1289 ), #3199, .F. ) ;
#118 = PLANE ( 'NONE',  #2100 ) ;
#119 = CARTESIAN_POINT ( 'NONE',  ( 7.604000000000000092, 8.318500000000002004, -0.6857999999999999652 ) ) ;
#120 = ORIENTED_EDGE ( 'NONE', *, *, #3979, .F. ) ;
#121 = DIRECTION ( 'NONE',  ( 1.000000000000000000, 0.000000000000000000, -0.000000000000000000 ) ) ;
#122 = SURFACE_STYLE_FILL_AREA ( #3772 ) ;
#123 = EDGE_CURVE ( 'NONE', #4011, #3784, #242, .T. ) ;
#124 = DIRECTION ( 'NONE',  ( -0.9063077870366498257, 0.4226182617406998854, 0.000000000000000000 ) ) ;
#125 = ORIENTED_EDGE ( 'NONE', *, *, #2360, .T. ) ;
#126 = CARTESIAN_POINT ( 'NONE',  ( 1.708150000000000057, -4.927599999999999980, 1.270000000000000018 ) ) ;
#127 = DIRECTION ( 'NONE',  ( 1.000000000000000000, 0.000000000000000000, -0.000000000000000000 ) ) ;
#128 = EDGE_LOOP ( 'NONE', ( #2593, #2548, #898, #2363 ) ) ;
#129 = SURFACE_SIDE_STYLE ('',( #4029 ) ) ;
#130 = PRESENTATION_STYLE_ASSIGNMENT (( #1787 ) ) ;
#131 = LINE ( 'NONE', #365, #3181 ) ;
#132 = COLOUR_RGB ( '',1.000000000000000000, 1.000000000000000000, 0.000000000000000000 ) ;
#133 = ORIENTED_EDGE ( 'NONE', *, *, #3963, .T. ) ;
#134 = CARTESIAN_POINT ( 'NONE',  ( 3.746500000000000163, -2.063800000000000079, -0.9525000000000000133 ) ) ;
#135 = FACE_OUTER_BOUND ( 'NONE', #2219, .T. ) ;
#136 = LINE ( 'NONE', #162, #2717 ) ;
#137 = VERTEX_POINT ( 'NONE', #1850 ) ;
#138 = VECTOR ( 'NONE', #4233, 1000.000000000000000 ) ;
#139 = PLANE ( 'NONE',  #2700 ) ;
#140 = EDGE_LOOP ( 'NONE', ( #2654, #3605, #1405, #3674 ) ) ;
#141 =( GEOMETRIC_REPRESENTATION_CONTEXT ( 3 ) GLOBAL_UNCERTAINTY_ASSIGNED_CONTEXT ( ( #1914 ) ) GLOBAL_UNIT_ASSIGNED_CONTEXT ( ( #2152, #1242, #192 ) ) REPRESENTATION_CONTEXT ( 'NONE', 'WORKASPACE' ) );
#142 = AXIS2_PLACEMENT_3D ( 'NONE', #4218, #1051, #50 ) ;
#143 = EDGE_CURVE ( 'NONE', #2899, #2488, #1965, .T. ) ;
#144 = ORIENTED_EDGE ( 'NONE', *, *, #1420, .F. ) ;
#145 = EDGE_CURVE ( 'NONE', #770, #1779, #1197, .T. ) ;
#146 = LINE ( 'NONE', #3465, #200 ) ;
#147 = VECTOR ( 'NONE', #3489, 1000.000000000000000 ) ;
#148 =( GEOMETRIC_REPRESENTATION_CONTEXT ( 3 ) GLOBAL_UNCERTAINTY_ASSIGNED_CONTEXT ( ( #3032 ) ) GLOBAL_UNIT_ASSIGNED_CONTEXT ( ( #652, #2611, #1255 ) ) REPRESENTATION_CONTEXT ( 'NONE', 'WORKASPACE' ) );
#149 = AXIS2_PLACEMENT_3D ( 'NONE', #4199, #649, #1231 ) ;
#150 =( LENGTH_UNIT ( ) NAMED_UNIT ( * ) SI_UNIT ( .MILLI., .METRE. ) );
#151 = VERTEX_POINT ( 'NONE', #1325 ) ;
#152 = DIRECTION ( 'NONE',  ( -0.4226182617406998299, 0.9063077870366497146, 0.000000000000000000 ) ) ;
#153 = AXIS2_PLACEMENT_3D ( 'NONE', #3340, #342, #3986 ) ;
#154 = CARTESIAN_POINT ( 'NONE',  ( 1.206499999999999240, -4.641630002150050061, -1.587500000000001243 ) ) ;
#155 = CARTESIAN_POINT ( 'NONE',  ( 3.289299999999999891, 8.509000000000000341, -2.044700000000000184 ) ) ;
#156 = VECTOR ( 'NONE', #2192, 1000.000000000000000 ) ;
#157 = VERTEX_POINT ( 'NONE', #3471 ) ;
#158 = ORIENTED_EDGE ( 'NONE', *, *, #1440, .T. ) ;
#159 = CARTESIAN_POINT ( 'NONE',  ( 6.604000000000000092, -2.063800000000000079, 1.587499999999999911 ) ) ;
#160 = CARTESIAN_POINT ( 'NONE',  ( 6.921499999999999986, 0.5079999999999997851, -1.587499999999999911 ) ) ;
#161 = COLOUR_RGB ( '',1.000000000000000000, 1.000000000000000000, 0.000000000000000000 ) ;
#162 = CARTESIAN_POINT ( 'NONE',  ( 4.064000000000000057, 0.5079999999999997851, 0.9525000000000000133 ) ) ;
#163 = ORIENTED_EDGE ( 'NONE', *, *, #254, .T. ) ;
#164 =( GEOMETRIC_REPRESENTATION_CONTEXT ( 3 ) GLOBAL_UNCERTAINTY_ASSIGNED_CONTEXT ( ( #3256 ) ) GLOBAL_UNIT_ASSIGNED_CONTEXT ( ( #150, #2130, #981 ) ) REPRESENTATION_CONTEXT ( 'NONE', 'WORKASPACE' ) );
#165 = CARTESIAN_POINT ( 'NONE',  ( 1.130300000000000082, 5.262500000000001066, 1.663699999999999957 ) ) ;
#166 =( NAMED_UNIT ( * ) SI_UNIT ( $, .STERADIAN. ) SOLID_ANGLE_UNIT ( ) );
#167 = ORIENTED_EDGE ( 'NONE', *, *, #3042, .F. ) ;
#168 = DIRECTION ( 'NONE',  ( 0.000000000000000000, -0.000000000000000000, -1.000000000000000000 ) ) ;
#169 = MECHANICAL_DESIGN_GEOMETRIC_PRESENTATION_REPRESENTATION (  '', ( #2030 ), #2660 ) ;
#170 = CARTESIAN_POINT ( 'NONE',  ( 6.604000000000000092, -2.063800000000000079, 0.9525000000000000133 ) ) ;
#171 = EDGE_LOOP ( 'NONE', ( #886, #378, #4049, #2202 ) ) ;
#172 =( NAMED_UNIT ( * ) SI_UNIT ( $, .STERADIAN. ) SOLID_ANGLE_UNIT ( ) );
#173 = VECTOR ( 'NONE', #1093, 1000.000000000000000 ) ;
#174 = EDGE_CURVE ( 'NONE', #2882, #2403, #1306, .T. ) ;
#175 = EDGE_CURVE ( 'NONE', #2459, #687, #2154, .T. ) ;
#176 = FACE_OUTER_BOUND ( 'NONE', #4107, .T. ) ;
#177 = FACE_OUTER_BOUND ( 'NONE', #1903, .T. ) ;
#178 = ORIENTED_EDGE ( 'NONE', *, *, #2664, .T. ) ;
#179 = DIRECTION ( 'NONE',  ( 0.000000000000000000, 0.000000000000000000, -1.000000000000000000 ) ) ;
#180 = EDGE_CURVE ( 'NONE', #1021, #137, #2824, .T. ) ;
#181 = FACE_OUTER_BOUND ( 'NONE', #685, .T. ) ;
#182 = VERTEX_POINT ( 'NONE', #3284 ) ;
#183 = ORIENTED_EDGE ( 'NONE', *, *, #3647, .T. ) ;
#184 = FACE_OUTER_BOUND ( 'NONE', #2035, .T. ) ;
#185 = FACE_BOUND ( 'NONE', #3363, .T. ) ;
#186 = CARTESIAN_POINT ( 'NONE',  ( 5.588000000000000078, 0.008000000000000012310, 2.476500000000000590 ) ) ;
#187 = ORIENTED_EDGE ( 'NONE', *, *, #979, .F. ) ;
#188 = SURFACE_SIDE_STYLE ('',( #1145 ) ) ;
#189 = SURFACE_SIDE_STYLE ('',( #105 ) ) ;
#190 = CARTESIAN_POINT ( 'NONE',  ( 6.210300000000000153, 8.128000000000000114, 1.663699999999999735 ) ) ;
#191 = FILL_AREA_STYLE ('',( #1469 ) ) ;
#192 =( NAMED_UNIT ( * ) SI_UNIT ( $, .STERADIAN. ) SOLID_ANGLE_UNIT ( ) );
#193 = CARTESIAN_POINT ( 'NONE',  ( 0.5240000000000000213, 8.318500000000002004, -1.854200000000000070 ) ) ;
#194 = CARTESIAN_POINT ( 'NONE',  ( 1.841500000000000137, -4.641630002150050061, 1.270000000000000018 ) ) ;
#195 = ORIENTED_EDGE ( 'NONE', *, *, #2540, .F. ) ;
#196 = ADVANCED_FACE ( 'NONE', ( #899 ), #330, .T. ) ;
#197 = EDGE_LOOP ( 'NONE', ( #2659, #750, #3755, #903 ) ) ;
#198 = EDGE_CURVE ( 'NONE', #2963, #2185, #2189, .T. ) ;
#199 = FILL_AREA_STYLE ('',( #1247 ) ) ;
#200 = VECTOR ( 'NONE', #523, 1000.000000000000000 ) ;
#201 = LINE ( 'NONE', #511, #3278 ) ;
#202 = FILL_AREA_STYLE_COLOUR ( '', #2431 ) ;
#203 = ORIENTED_EDGE ( 'NONE', *, *, #1510, .T. ) ;
#204 = SURFACE_STYLE_FILL_AREA ( #252 ) ;
#205 = PLANE ( 'NONE',  #218 ) ;
#206 = ORIENTED_EDGE ( 'NONE', *, *, #662, .F. ) ;
#207 = DIRECTION ( 'NONE',  ( 0.000000000000000000, -0.9063077870366497146, 0.4226182617406998299 ) ) ;
#208 = CARTESIAN_POINT ( 'NONE',  ( 1.524000000000000021, -2.063800000000000079, 1.587499999999999911 ) ) ;
#209 = VECTOR ( 'NONE', #2628, 1000.000000000000000 ) ;
#210 = DIRECTION ( 'NONE',  ( 0.000000000000000000, -0.000000000000000000, 1.000000000000000000 ) ) ;
#211 = VERTEX_POINT ( 'NONE', #2277 ) ;
#212 = LINE ( 'NONE', #126, #762 ) ;
#213 = COLOUR_RGB ( '',1.000000000000000000, 1.000000000000000000, 0.000000000000000000 ) ;
#214 = VECTOR ( 'NONE', #1170, 1000.000000000000000 ) ;
#215 = MECHANICAL_DESIGN_GEOMETRIC_PRESENTATION_REPRESENTATION (  '', ( #3041 ), #148 ) ;
#216 = FACE_OUTER_BOUND ( 'NONE', #1519, .T. ) ;
#217 = ORIENTED_EDGE ( 'NONE', *, *, #2540, .T. ) ;
#218 = AXIS2_PLACEMENT_3D ( 'NONE', #841, #2490, #3435 ) ;
#219 = AXIS2_PLACEMENT_3D ( 'NONE', #1986, #3307, #1269 ) ;
#220 = CARTESIAN_POINT ( 'NONE',  ( 1.206499999999999906, -2.063800000000000079, -1.270000000000000018 ) ) ;
#221 = ORIENTED_EDGE ( 'NONE', *, *, #60, .T. ) ;
#222 = ORIENTED_EDGE ( 'NONE', *, *, #2576, .T. ) ;
#223 = PRESENTATION_LAYER_ASSIGNMENT (  '', '', ( #3792 ) ) ;
#224 = LINE ( 'NONE', #1537, #1521 ) ;
#225 = DIRECTION ( 'NONE',  ( 0.7071067811865470176, 0.7071067811865480168, 8.659560562354931626E-17 ) ) ;
#226 = EDGE_CURVE ( 'NONE', #3716, #316, #3595, .T. ) ;
#227 = ADVANCED_FACE ( 'NONE', ( #3785 ), #3146, .T. ) ;
#228 =( NAMED_UNIT ( * ) SI_UNIT ( $, .STERADIAN. ) SOLID_ANGLE_UNIT ( ) );
#229 = EDGE_LOOP ( 'NONE', ( #2265, #178, #2924, #3889 ) ) ;
#230 = DIRECTION ( 'NONE',  ( 1.000000000000000000, 0.000000000000000000, -0.000000000000000000 ) ) ;
#231 =( GEOMETRIC_REPRESENTATION_CONTEXT ( 3 ) GLOBAL_UNCERTAINTY_ASSIGNED_CONTEXT ( ( #2250 ) ) GLOBAL_UNIT_ASSIGNED_CONTEXT ( ( #3654, #1026, #387 ) ) REPRESENTATION_CONTEXT ( 'NONE', 'WORKASPACE' ) );
#232 =( NAMED_UNIT ( * ) PLANE_ANGLE_UNIT ( ) SI_UNIT ( $, .RADIAN. ) );
#233 = VERTEX_POINT ( 'NONE', #2640 ) ;
#234 = LINE ( 'NONE', #624, #3327 ) ;
#235 = VECTOR ( 'NONE', #3518, 1000.000000000000000 ) ;
#236 =( NAMED_UNIT ( * ) PLANE_ANGLE_UNIT ( ) SI_UNIT ( $, .RADIAN. ) );
#237 = EDGE_LOOP ( 'NONE', ( #1413, #4244, #110, #3016 ) ) ;
#238 = PRESENTATION_STYLE_ASSIGNMENT (( #3193 ) ) ;
#239 = AXIS2_PLACEMENT_3D ( 'NONE', #1645, #264, #3238 ) ;
#240 = DIRECTION ( 'NONE',  ( 0.000000000000000000, -0.000000000000000000, 1.000000000000000000 ) ) ;
#241 = ORIENTED_EDGE ( 'NONE', *, *, #2809, .T. ) ;
#242 = LINE ( 'NONE', #1507, #147 ) ;
#243 = STYLED_ITEM ( 'NONE', ( #1079 ), #4082 ) ;
#244 = FACE_OUTER_BOUND ( 'NONE', #2722, .T. ) ;
#245 = CARTESIAN_POINT ( 'NONE',  ( 4.064000000000000057, 5.262500000000001066, -1.663699999999999957 ) ) ;
#246 = VERTEX_POINT ( 'NONE', #2851 ) ;
#247 = ORIENTED_EDGE ( 'NONE', *, *, #524, .T. ) ;
#248 = CARTESIAN_POINT ( 'NONE',  ( 2.540000000000000036, 0.008000000000000012310, 0.000000000000000000 ) ) ;
#249 =( LENGTH_UNIT ( ) NAMED_UNIT ( * ) SI_UNIT ( .MILLI., .METRE. ) );
#250 = DIRECTION ( 'NONE',  ( -0.000000000000000000, 1.000000000000000000, 0.000000000000000000 ) ) ;
#251 = VERTEX_POINT ( 'NONE', #3940 ) ;
#252 = FILL_AREA_STYLE ('',( #1930 ) ) ;
#253 = EDGE_CURVE ( 'NONE', #1254, #2716, #1221, .T. ) ;
#254 = EDGE_CURVE ( 'NONE', #1035, #3907, #75, .T. ) ;
#255 = DIRECTION ( 'NONE',  ( 0.000000000000000000, 0.000000000000000000, 1.000000000000000000 ) ) ;
#256 = ORIENTED_EDGE ( 'NONE', *, *, #4081, .T. ) ;
#257 = CARTESIAN_POINT ( 'NONE',  ( 6.104000000000000092, -4.784615001075030349, -1.520825000000000093 ) ) ;
#258 = CARTESIAN_POINT ( 'NONE',  ( 1.841500000000000137, 0.5079999999999997851, 1.270000000000000018 ) ) ;
#259 = CARTESIAN_POINT ( 'NONE',  ( 1.206499999999999684, -4.641630002150050061, 1.587500000000001243 ) ) ;
#260 = EDGE_LOOP ( 'NONE', ( #1756, #1531, #1165, #3108 ) ) ;
#261 = CARTESIAN_POINT ( 'NONE',  ( 2.540000000000000036, 0.000000000000000000, 0.000000000000000000 ) ) ;
#262 = EDGE_CURVE ( 'NONE', #3282, #932, #680, .T. ) ;
#263 = ADVANCED_FACE ( 'NONE', ( #406 ), #2980, .F. ) ;
#264 = DIRECTION ( 'NONE',  ( -1.000000000000000000, 0.000000000000000000, 0.000000000000000000 ) ) ;
#265 = CARTESIAN_POINT ( 'NONE',  ( 3.879849999999999355, -4.927600000000000868, 1.454150000000000942 ) ) ;
#266 = DIRECTION ( 'NONE',  ( -0.000000000000000000, 1.000000000000000000, 0.000000000000000000 ) ) ;
#267 = CARTESIAN_POINT ( 'NONE',  ( 7.378700000000000259, 8.509000000000000341, -0.4953000000000000735 ) ) ;
#268 = ORIENTED_EDGE ( 'NONE', *, *, #1055, .T. ) ;
#269 = ORIENTED_EDGE ( 'NONE', *, *, #143, .T. ) ;
#270 = PLANE ( 'NONE',  #3323 ) ;
#271 = PLANE ( 'NONE',  #1805 ) ;
#272 = DIRECTION ( 'NONE',  ( 1.000000000000000000, 0.000000000000000000, 0.000000000000000000 ) ) ;
#273 = VERTEX_POINT ( 'NONE', #3620 ) ;
#274 = PLANE ( 'NONE',  #4112 ) ;
#275 = FACE_BOUND ( 'NONE', #2631, .T. ) ;
#276 = ORIENTED_EDGE ( 'NONE', *, *, #1706, .F. ) ;
#277 = DIRECTION ( 'NONE',  ( 0.000000000000000000, 0.000000000000000000, -1.000000000000000000 ) ) ;
#278 = CARTESIAN_POINT ( 'NONE',  ( 4.064000000000000057, 8.509000000000000341, -2.044700000000000628 ) ) ;
#279 = CARTESIAN_POINT ( 'NONE',  ( 6.210300000000000153, 1.008000000000000229, -1.663699999999999957 ) ) ;
#280 = VERTEX_POINT ( 'NONE', #2043 ) ;
#281 = PRESENTATION_LAYER_ASSIGNMENT (  '', '', ( #3242 ) ) ;
#282 = PLANE ( 'NONE',  #3095 ) ;
#283 = ADVANCED_FACE ( 'NONE', ( #2719 ), #2662, .F. ) ;
#284 = EDGE_CURVE ( 'NONE', #1628, #1693, #2003, .T. ) ;
#285 = FILL_AREA_STYLE_COLOUR ( '', #1211 ) ;
#286 = DIRECTION ( 'NONE',  ( 0.000000000000000000, 0.000000000000000000, -1.000000000000000000 ) ) ;
#287 = LINE ( 'NONE', #2284, #1724 ) ;
#288 = VECTOR ( 'NONE', #3398, 1000.000000000000000 ) ;
#289 = DIRECTION ( 'NONE',  ( -1.000000000000000000, -0.000000000000000000, 0.000000000000000000 ) ) ;
#290 = AXIS2_PLACEMENT_3D ( 'NONE', #159, #751, #462 ) ;
#291 = ORIENTED_EDGE ( 'NONE', *, *, #1991, .T. ) ;
#292 = EDGE_LOOP ( 'NONE', ( #4063, #1122, #1825, #1612 ) ) ;
#293 = DIRECTION ( 'NONE',  ( -1.000000000000000000, 0.000000000000000000, 0.000000000000000000 ) ) ;
#294 = DIRECTION ( 'NONE',  ( 0.000000000000000000, 0.000000000000000000, -1.000000000000000000 ) ) ;
#295 = VECTOR ( 'NONE', #324, 1000.000000000000000 ) ;
#296 = CARTESIAN_POINT ( 'NONE',  ( 4.064000000000000057, 8.128000000000000114, 0.8762999999999999678 ) ) ;
#297 = VERTEX_POINT ( 'NONE', #3688 ) ;
#298 = DIRECTION ( 'NONE',  ( 0.9063077870366498257, 0.4226182617406998854, 1.109906930436750015E-16 ) ) ;
#299 = SURFACE_STYLE_USAGE ( .BOTH. , #2267 ) ;
#300 = ORIENTED_EDGE ( 'NONE', *, *, #629, .T. ) ;
#301 = AXIS2_PLACEMENT_3D ( 'NONE', #463, #4017, #3051 ) ;
#302 = CARTESIAN_POINT ( 'NONE',  ( 1.024000000000000021, -4.784615001075030349, -1.520825000000000093 ) ) ;
#303 = DIRECTION ( 'NONE',  ( -0.000000000000000000, 1.000000000000000000, 0.000000000000000000 ) ) ;
#304 = PLANE ( 'NONE',  #2153 ) ;
#305 = VERTEX_POINT ( 'NONE', #4009 ) ;
#306 = PRESENTATION_LAYER_ASSIGNMENT (  '', '', ( #998 ) ) ;
#307 = DIRECTION ( 'NONE',  ( 1.000000000000000000, 0.000000000000000000, -0.000000000000000000 ) ) ;
#308 = PRESENTATION_LAYER_ASSIGNMENT (  '', '', ( #2783 ) ) ;
#309 = CARTESIAN_POINT ( 'NONE',  ( 5.080000000000000071, 0.5079999999999998961, -2.476500000000000590 ) ) ;
#310 = CARTESIAN_POINT ( 'NONE',  ( 6.419849999999999390, -4.927600000000000868, 1.085849999999999538 ) ) ;
#311 = DIRECTION ( 'NONE',  ( 0.000000000000000000, -1.000000000000000000, -0.000000000000000000 ) ) ;
#312 = EDGE_CURVE ( 'NONE', #858, #937, #2058, .T. ) ;
#313 = EDGE_CURVE ( 'NONE', #2951, #418, #2384, .T. ) ;
#314 = VECTOR ( 'NONE', #2522, 1000.000000000000114 ) ;
#315 = DIRECTION ( 'NONE',  ( 1.298934084353240052E-16, 0.7071067811865480168, -0.7071067811865470176 ) ) ;
#316 = VERTEX_POINT ( 'NONE', #2696 ) ;
#317 = PRESENTATION_LAYER_ASSIGNMENT (  '', '', ( #2510 ) ) ;
#318 = EDGE_LOOP ( 'NONE', ( #1679, #1095, #1630, #2233 ) ) ;
#319 = DIRECTION ( 'NONE',  ( 1.000000000000000000, 0.000000000000000000, -0.000000000000000000 ) ) ;
#320 = EDGE_CURVE ( 'NONE', #2577, #358, #1982, .T. ) ;
#321 = FILL_AREA_STYLE ('',( #397 ) ) ;
#322 = CARTESIAN_POINT ( 'NONE',  ( 1.708150000000000057, -4.927600000000000868, 1.085849999999997983 ) ) ;
#323 = EDGE_LOOP ( 'NONE', ( #4057, #1086, #821, #1655 ) ) ;
#324 = DIRECTION ( 'NONE',  ( -1.000000000000000000, -0.000000000000000000, 0.000000000000000000 ) ) ;
#325 = VERTEX_POINT ( 'NONE', #3991 ) ;
#326 = DIRECTION ( 'NONE',  ( 0.000000000000000000, 0.000000000000000000, 1.000000000000000000 ) ) ;
#327 = DIRECTION ( 'NONE',  ( -0.000000000000000000, -1.000000000000000000, 0.000000000000000000 ) ) ;
#328 = ORIENTED_EDGE ( 'NONE', *, *, #123, .T. ) ;
#329 = LINE ( 'NONE', #3527, #5 ) ;
#330 = PLANE ( 'NONE',  #3038 ) ;
#331 =( LENGTH_UNIT ( ) NAMED_UNIT ( * ) SI_UNIT ( .MILLI., .METRE. ) );
#332 = CARTESIAN_POINT ( 'NONE',  ( 7.188200000000000145, 8.318500000000002004, 0.2700000000000000178 ) ) ;
#333 = DIRECTION ( 'NONE',  ( -0.3892816206350258046, 0.8348171294789875629, -0.3892816206350245278 ) ) ;
#334 = ORIENTED_EDGE ( 'NONE', *, *, #2685, .T. ) ;
#335 = ORIENTED_EDGE ( 'NONE', *, *, #4002, .T. ) ;
#336 = LINE ( 'NONE', #3949, #3597 ) ;
#337 = EDGE_CURVE ( 'NONE', #1397, #2978, #43, .T. ) ;
#338 = ADVANCED_FACE ( 'NONE', ( #1424 ), #2342, .T. ) ;
#339 = CARTESIAN_POINT ( 'NONE',  ( 3.879849999999998023, -4.927600000000000868, 1.770000000000000018 ) ) ;
#340 = ORIENTED_EDGE ( 'NONE', *, *, #393, .F. ) ;
#341 = LINE ( 'NONE', #3317, #4040 ) ;
#342 = DIRECTION ( 'NONE',  ( 0.9063077870366498257, 0.4226182617406998854, 1.109906930436750015E-16 ) ) ;
#343 = LINE ( 'NONE', #4031, #1524 ) ;
#344 = CARTESIAN_POINT ( 'NONE',  ( 6.921499999999999986, -2.063800000000000079, -1.587499999999999911 ) ) ;
#345 = ORIENTED_EDGE ( 'NONE', *, *, #253, .F. ) ;
#346 = CARTESIAN_POINT ( 'NONE',  ( 3.670300000000000118, 5.262500000000001066, -1.663699999999999957 ) ) ;
#347 =( LENGTH_UNIT ( ) NAMED_UNIT ( * ) SI_UNIT ( .MILLI., .METRE. ) );
#348 =( NAMED_UNIT ( * ) PLANE_ANGLE_UNIT ( ) SI_UNIT ( $, .RADIAN. ) );
#349 = AXIS2_PLACEMENT_3D ( 'NONE', #1964, #2594, #307 ) ;
#350 = CARTESIAN_POINT ( 'NONE',  ( 6.210300000000000153, 1.008000000000000229, 1.663699999999999957 ) ) ;
#351 = VECTOR ( 'NONE', #2987, 1000.000000000000000 ) ;
#352 = ORIENTED_EDGE ( 'NONE', *, *, #175, .T. ) ;
#353 = MECHANICAL_DESIGN_GEOMETRIC_PRESENTATION_REPRESENTATION (  '', ( #2200 ), #1049 ) ;
#354 = VERTEX_POINT ( 'NONE', #2366 ) ;
#355 = DIRECTION ( 'NONE',  ( 0.000000000000000000, 0.000000000000000000, -1.000000000000000000 ) ) ;
#356 = STYLED_ITEM ( 'NONE', ( #731 ), #3009 ) ;
#357 = CARTESIAN_POINT ( 'NONE',  ( 1.206499999999999906, 0.5079999999999997851, -1.587499999999999911 ) ) ;
#358 = VERTEX_POINT ( 'NONE', #3676 ) ;
#359 = VECTOR ( 'NONE', #4098, 1000.000000000000114 ) ;
#360 = DIRECTION ( 'NONE',  ( 0.000000000000000000, 0.000000000000000000, -1.000000000000000000 ) ) ;
#361 = DIRECTION ( 'NONE',  ( 0.000000000000000000, 0.7071067811865470176, 0.7071067811865480168 ) ) ;
#362 = EDGE_CURVE ( 'NONE', #3680, #182, #1187, .T. ) ;
#363 =( GEOMETRIC_REPRESENTATION_CONTEXT ( 3 ) GLOBAL_UNCERTAINTY_ASSIGNED_CONTEXT ( ( #3301 ) ) GLOBAL_UNIT_ASSIGNED_CONTEXT ( ( #4071, #3754, #166 ) ) REPRESENTATION_CONTEXT ( 'NONE', 'WORKASPACE' ) );
#364 = MECHANICAL_DESIGN_GEOMETRIC_PRESENTATION_REPRESENTATION (  '', ( #488 ), #1801 ) ;
#365 = CARTESIAN_POINT ( 'NONE',  ( 7.104000000000000092, -4.927600000000000868, 1.454150000000002052 ) ) ;
#366 = UNCERTAINTY_MEASURE_WITH_UNIT (LENGTH_MEASURE( 1.000000000000000082E-05 ), #669, 'distance_accuracy_value', 'NONE');
#367 = LINE ( 'NONE', #3935, #2500 ) ;
#368 = ORIENTED_EDGE ( 'NONE', *, *, #2981, .F. ) ;
#369 = MECHANICAL_DESIGN_GEOMETRIC_PRESENTATION_REPRESENTATION (  '', ( #1677 ), #4062 ) ;
#370 = SURFACE_STYLE_USAGE ( .BOTH. , #3304 ) ;
#371 = EDGE_CURVE ( 'NONE', #2260, #273, #4109, .T. ) ;
#372 = PRESENTATION_LAYER_ASSIGNMENT (  '', '', ( #2214 ) ) ;
#373 = LINE ( 'NONE', #3640, #1478 ) ;
#374 = CARTESIAN_POINT ( 'NONE',  ( 4.457699999999999996, 1.008000000000000229, -0.8762999999999999678 ) ) ;
#375 = PRESENTATION_LAYER_ASSIGNMENT (  '', '', ( #3052 ) ) ;
#376 = DIRECTION ( 'NONE',  ( -0.4226182617406998299, -0.9063077870366497146, 0.000000000000000000 ) ) ;
#377 = AXIS2_PLACEMENT_3D ( 'NONE', #109, #13, #2089 ) ;
#378 = ORIENTED_EDGE ( 'NONE', *, *, #1653, .F. ) ;
#379 = CARTESIAN_POINT ( 'NONE',  ( 1.524000000000000021, -4.641630002150050061, -1.587499999999999911 ) ) ;
#380 = DIRECTION ( 'NONE',  ( 0.5773502691896248429, 0.5773502691896260641, -0.5773502691896263972 ) ) ;
#381 = DIRECTION ( 'NONE',  ( 0.3892816206350245278, 0.8348171294789875629, -0.3892816206350258046 ) ) ;
#382 = ORIENTED_EDGE ( 'NONE', *, *, #2638, .T. ) ;
#383 = SURFACE_STYLE_USAGE ( .BOTH. , #1656 ) ;
#384 = CARTESIAN_POINT ( 'NONE',  ( 1.130300000000000082, 5.262500000000001066, -0.8762999999999999678 ) ) ;
#385 = PRESENTATION_LAYER_ASSIGNMENT (  '', '', ( #3954 ) ) ;
#386 =( GEOMETRIC_REPRESENTATION_CONTEXT ( 3 ) GLOBAL_UNCERTAINTY_ASSIGNED_CONTEXT ( ( #3741 ) ) GLOBAL_UNIT_ASSIGNED_CONTEXT ( ( #2138, #1759, #862 ) ) REPRESENTATION_CONTEXT ( 'NONE', 'WORKASPACE' ) );
#387 =( NAMED_UNIT ( * ) SI_UNIT ( $, .STERADIAN. ) SOLID_ANGLE_UNIT ( ) );
#388 = EDGE_LOOP ( 'NONE', ( #1210, #2372, #2287, #2845 ) ) ;
#389 = ADVANCED_FACE ( 'NONE', ( #470 ), #205, .T. ) ;
#390 = CARTESIAN_POINT ( 'NONE',  ( 0.5080000000000000071, 0.5080000000000000071, 2.476500000000000590 ) ) ;
#391 = FILL_AREA_STYLE_COLOUR ( '', #1189 ) ;
#392 = DIRECTION ( 'NONE',  ( 0.000000000000000000, 1.000000000000000000, 0.000000000000000000 ) ) ;
#393 = EDGE_CURVE ( 'NONE', #3452, #3282, #3802, .T. ) ;
#394 = EDGE_CURVE ( 'NONE', #1397, #2879, #4042, .T. ) ;
#395 = ORIENTED_EDGE ( 'NONE', *, *, #4217, .F. ) ;
#396 = DIRECTION ( 'NONE',  ( 0.3892816206350258046, -0.8348171294789875629, -0.3892816206350245278 ) ) ;
#397 = FILL_AREA_STYLE_COLOUR ( '', #3522 ) ;
#398 = ORIENTED_EDGE ( 'NONE', *, *, #1208, .F. ) ;
#399 = CARTESIAN_POINT ( 'NONE',  ( 1.524000000000000021, 0.5079999999999997851, 0.9525000000000000133 ) ) ;
#400 =( LENGTH_UNIT ( ) NAMED_UNIT ( * ) SI_UNIT ( .MILLI., .METRE. ) );
#401 = PRESENTATION_STYLE_ASSIGNMENT (( #2037 ) ) ;
#402 = UNCERTAINTY_MEASURE_WITH_UNIT (LENGTH_MEASURE( 1.000000000000000082E-05 ), #1018, 'distance_accuracy_value', 'NONE');
#403 = CARTESIAN_POINT ( 'NONE',  ( 4.314825000000000799, -4.784615001075030349, 0.7700000000000000178 ) ) ;
#404 = EDGE_LOOP ( 'NONE', ( #2448, #863, #1697, #1988 ) ) ;
#405 = DIRECTION ( 'NONE',  ( -0.000000000000000000, -0.000000000000000000, 1.000000000000000000 ) ) ;
#406 = FACE_OUTER_BOUND ( 'NONE', #14, .T. ) ;
#407 = DIRECTION ( 'NONE',  ( 1.000000000000000000, 0.000000000000000000, -0.000000000000000000 ) ) ;
#408 = LINE ( 'NONE', #1010, #411 ) ;
#409 = ADVANCED_FACE ( 'NONE', ( #2781 ), #139, .F. ) ;
#410 = EDGE_CURVE ( 'NONE', #2771, #848, #4132, .T. ) ;
#411 = VECTOR ( 'NONE', #682, 1000.000000000000000 ) ;
#412 = DIRECTION ( 'NONE',  ( -0.5773502691896259531, 0.5773502691896247319, 0.5773502691896266192 ) ) ;
#413 = VERTEX_POINT ( 'NONE', #1763 ) ;
#414 = SURFACE_STYLE_FILL_AREA ( #2050 ) ;
#415 = DIRECTION ( 'NONE',  ( 0.000000000000000000, 0.000000000000000000, -1.000000000000000000 ) ) ;
#416 = ADVANCED_FACE ( 'NONE', ( #2752 ), #1119, .F. ) ;
#417 = VECTOR ( 'NONE', #4090, 1000.000000000000000 ) ;
#418 = VERTEX_POINT ( 'NONE', #3888 ) ;
#419 = DIRECTION ( 'NONE',  ( -0.7071067811865480168, 0.7071067811865470176, 0.000000000000000000 ) ) ;
#420 =( GEOMETRIC_REPRESENTATION_CONTEXT ( 3 ) GLOBAL_UNCERTAINTY_ASSIGNED_CONTEXT ( ( #1369 ) ) GLOBAL_UNIT_ASSIGNED_CONTEXT ( ( #3241, #1668, #2620 ) ) REPRESENTATION_CONTEXT ( 'NONE', 'WORKASPACE' ) );
#421 = FILL_AREA_STYLE_COLOUR ( '', #3110 ) ;
#422 = AXIS2_PLACEMENT_3D ( 'NONE', #3696, #3717, #152 ) ;
#423 = VERTEX_POINT ( 'NONE', #950 ) ;
#424 = DIRECTION ( 'NONE',  ( -1.000000000000000000, -0.000000000000000000, 0.000000000000000000 ) ) ;
#425 = DIRECTION ( 'NONE',  ( -1.000000000000000000, -0.000000000000000000, 0.000000000000000000 ) ) ;
#426 = COLOUR_RGB ( '',1.000000000000000000, 1.000000000000000000, 0.000000000000000000 ) ;
#427 = VECTOR ( 'NONE', #2974, 1000.000000000000000 ) ;
#428 = DIRECTION ( 'NONE',  ( 0.000000000000000000, 0.000000000000000000, -1.000000000000000000 ) ) ;
#429 = CARTESIAN_POINT ( 'NONE',  ( 3.879849999999999355, -4.927600000000000868, -1.454150000000000720 ) ) ;
#430 = ORIENTED_EDGE ( 'NONE', *, *, #1207, .F. ) ;
#431 = PRESENTATION_LAYER_ASSIGNMENT (  '', '', ( #3939 ) ) ;
#432 = CARTESIAN_POINT ( 'NONE',  ( 6.604000000000000092, -4.927599999999999980, -1.270000000000000018 ) ) ;
#433 = VECTOR ( 'NONE', #3401, 1000.000000000000114 ) ;
#434 = CARTESIAN_POINT ( 'NONE',  ( 6.210300000000000153, 8.128000000000001890, 1.663699999999999291 ) ) ;
#435 = EDGE_CURVE ( 'NONE', #3452, #1284, #3906, .T. ) ;
#436 = EDGE_LOOP ( 'NONE', ( #1769, #3252, #1043, #1552 ) ) ;
#437 = VECTOR ( 'NONE', #3138, 1000.000000000000000 ) ;
#438 = EDGE_CURVE ( 'NONE', #1868, #3625, #1931, .T. ) ;
#439 = CARTESIAN_POINT ( 'NONE',  ( 6.286500000000000199, -4.641630002150050061, -0.9524999999999989031 ) ) ;
#440 = AXIS2_PLACEMENT_3D ( 'NONE', #1563, #4128, #1204 ) ;
#441 = CARTESIAN_POINT ( 'NONE',  ( 3.746500000000000163, 0.5079999999999997851, -0.9525000000000000133 ) ) ;
#442 = ORIENTED_EDGE ( 'NONE', *, *, #2399, .F. ) ;
#443 = ADVANCED_FACE ( 'NONE', ( #621 ), #2534, .T. ) ;
#444 = CARTESIAN_POINT ( 'NONE',  ( 4.381499999999999950, -4.641630002150050061, 1.270000000000000018 ) ) ;
#445 = SURFACE_STYLE_USAGE ( .BOTH. , #3392 ) ;
#446 = COLOUR_RGB ( '',1.000000000000000000, 1.000000000000000000, 0.000000000000000000 ) ;
#447 = CARTESIAN_POINT ( 'NONE',  ( 6.286500000000000199, 0.5080000000000000071, 0.000000000000000000 ) ) ;
#448 = DIRECTION ( 'NONE',  ( -4.329780281177460266E-17, 0.7071067811865480168, 0.7071067811865470176 ) ) ;
#449 = ORIENTED_EDGE ( 'NONE', *, *, #525, .F. ) ;
#450 = AXIS2_PLACEMENT_3D ( 'NONE', #4247, #3565, #4226 ) ;
#451 = CARTESIAN_POINT ( 'NONE',  ( 4.064000000000000057, 0.000000000000000000, -2.476500000000000590 ) ) ;
#452 = DIRECTION ( 'NONE',  ( -0.5773502691896257311, 0.5773502691896248429, 0.5773502691896267303 ) ) ;
#453 = CARTESIAN_POINT ( 'NONE',  ( 1.774825000000000097, -4.784615001075030349, 0.7700000000000000178 ) ) ;
#454 = DIRECTION ( 'NONE',  ( -0.000000000000000000, -0.000000000000000000, 1.000000000000000000 ) ) ;
#455 = ORIENTED_EDGE ( 'NONE', *, *, #492, .T. ) ;
#456 = CARTESIAN_POINT ( 'NONE',  ( 0.5080000000000000071, 0.008000000000000012310, 2.476500000000000590 ) ) ;
#457 = PLANE ( 'NONE',  #2156 ) ;
#458 = VERTEX_POINT ( 'NONE', #931 ) ;
#459 = DIRECTION ( 'NONE',  ( 0.7071067811865470176, 0.7071067811865480168, 8.659560562354931626E-17 ) ) ;
#460 = FACE_OUTER_BOUND ( 'NONE', #2648, .T. ) ;
#461 = VERTEX_POINT ( 'NONE', #1252 ) ;
#462 = DIRECTION ( 'NONE',  ( 1.000000000000000000, 0.000000000000000000, -0.000000000000000000 ) ) ;
#463 = CARTESIAN_POINT ( 'NONE',  ( 4.064000000000000057, 0.5080000000000000071, 0.000000000000000000 ) ) ;
#464 = EDGE_CURVE ( 'NONE', #2948, #1184, #3822, .T. ) ;
#465 = ADVANCED_FACE ( 'NONE', ( #969 ), #1911, .F. ) ;
#466 = CARTESIAN_POINT ( 'NONE',  ( 6.604000000000000092, 1.008000000000000007, 1.270000000000000018 ) ) ;
#467 = DIRECTION ( 'NONE',  ( 0.000000000000000000, -0.7071067811865470176, 0.7071067811865480168 ) ) ;
#468 = ORIENTED_EDGE ( 'NONE', *, *, #3541, .F. ) ;
#469 = FACE_OUTER_BOUND ( 'NONE', #2907, .T. ) ;
#470 = FACE_OUTER_BOUND ( 'NONE', #4171, .T. ) ;
#471 = ORIENTED_EDGE ( 'NONE', *, *, #525, .T. ) ;
#472 = CARTESIAN_POINT ( 'NONE',  ( 4.381499999999999950, -4.641630002150050949, 1.587500000000002576 ) ) ;
#473 = DIRECTION ( 'NONE',  ( 0.000000000000000000, 0.000000000000000000, 1.000000000000000000 ) ) ;
#474 = ORIENTED_EDGE ( 'NONE', *, *, #4238, .F. ) ;
#475 = FILL_AREA_STYLE ('',( #2451 ) ) ;
#476 = PLANE ( 'NONE',  #1692 ) ;
#477 = ORIENTED_EDGE ( 'NONE', *, *, #1856, .F. ) ;
#478 =( NAMED_UNIT ( * ) SI_UNIT ( $, .STERADIAN. ) SOLID_ANGLE_UNIT ( ) );
#479 = SURFACE_SIDE_STYLE ('',( #87 ) ) ;
#480 = DIRECTION ( 'NONE',  ( -0.000000000000000000, -1.000000000000000000, 0.000000000000000000 ) ) ;
#481 = ORIENTED_EDGE ( 'NONE', *, *, #394, .T. ) ;
#482 = SURFACE_STYLE_FILL_AREA ( #4001 ) ;
#483 = SURFACE_SIDE_STYLE ('',( #1157 ) ) ;
#484 = VECTOR ( 'NONE', #1324, 1000.000000000000000 ) ;
#485 = DIRECTION ( 'NONE',  ( 0.000000000000000000, -0.000000000000000000, 1.000000000000000000 ) ) ;
#486 = FACE_OUTER_BOUND ( 'NONE', #3817, .T. ) ;
#487 = ORIENTED_EDGE ( 'NONE', *, *, #1572, .F. ) ;
#488 = STYLED_ITEM ( 'NONE', ( #4095 ), #3646 ) ;
#489 = VECTOR ( 'NONE', #230, 1000.000000000000000 ) ;
#490 = LINE ( 'NONE', #4041, #769 ) ;
#491 = ADVANCED_FACE ( 'NONE', ( #2586 ), #3840, .T. ) ;
#492 = EDGE_CURVE ( 'NONE', #782, #2052, #888, .T. ) ;
#493 =( LENGTH_UNIT ( ) NAMED_UNIT ( * ) SI_UNIT ( .MILLI., .METRE. ) );
#494 = ORIENTED_EDGE ( 'NONE', *, *, #3720, .F. ) ;
#495 = VECTOR ( 'NONE', #2076, 1000.000000000000000 ) ;
#496 = DIRECTION ( 'NONE',  ( 0.000000000000000000, 0.000000000000000000, 1.000000000000000000 ) ) ;
#497 = VERTEX_POINT ( 'NONE', #3520 ) ;
#498 = ADVANCED_FACE ( 'NONE', ( #584, #2884, #275 ), #1956, .T. ) ;
#499 = PRESENTATION_LAYER_ASSIGNMENT (  '', '', ( #3041 ) ) ;
#500 = VECTOR ( 'NONE', #1742, 1000.000000000000000 ) ;
#501 = CARTESIAN_POINT ( 'NONE',  ( 1.206499999999999906, -2.063800000000000079, 1.270000000000000018 ) ) ;
#502 = DIRECTION ( 'NONE',  ( 0.000000000000000000, 0.000000000000000000, -1.000000000000000000 ) ) ;
#503 = SURFACE_STYLE_USAGE ( .BOTH. , #541 ) ;
#504 = CARTESIAN_POINT ( 'NONE',  ( 1.841500000000000137, -2.063800000000000079, 1.587499999999999911 ) ) ;
#505 = AXIS2_PLACEMENT_3D ( 'NONE', #3298, #1343, #361 ) ;
#506 = CARTESIAN_POINT ( 'NONE',  ( 3.746500000000000163, -2.063800000000000079, 1.270000000000000018 ) ) ;
#507 = VECTOR ( 'NONE', #2454, 1000.000000000000000 ) ;
#508 = ORIENTED_EDGE ( 'NONE', *, *, #871, .F. ) ;
#509 = ORIENTED_EDGE ( 'NONE', *, *, #2360, .F. ) ;
#510 = VECTOR ( 'NONE', #1159, 1000.000000000000000 ) ;
#511 = CARTESIAN_POINT ( 'NONE',  ( 1.524000000000000021, 0.5079999999999997851, -0.9525000000000000133 ) ) ;
#512 = PLANE ( 'NONE',  #1617 ) ;
#513 = VERTEX_POINT ( 'NONE', #1638 ) ;
#514 = VECTOR ( 'NONE', #1874, 1000.000000000000000 ) ;
#515 =( NAMED_UNIT ( * ) PLANE_ANGLE_UNIT ( ) SI_UNIT ( $, .RADIAN. ) );
#516 = SURFACE_STYLE_USAGE ( .BOTH. , #2083 ) ;
#517 = VERTEX_POINT ( 'NONE', #2950 ) ;
#518 = EDGE_CURVE ( 'NONE', #2160, #1232, #1209, .T. ) ;
#519 = DIRECTION ( 'NONE',  ( 0.000000000000000000, -0.000000000000000000, 1.000000000000000000 ) ) ;
#520 = VECTOR ( 'NONE', #327, 1000.000000000000000 ) ;
#521 =( LENGTH_UNIT ( ) NAMED_UNIT ( * ) SI_UNIT ( .MILLI., .METRE. ) );
#522 = ORIENTED_EDGE ( 'NONE', *, *, #2604, .F. ) ;
#523 = DIRECTION ( 'NONE',  ( -1.000000000000000000, -0.000000000000000000, -0.000000000000000000 ) ) ;
#524 = EDGE_CURVE ( 'NONE', #1506, #3694, #1715, .T. ) ;
#525 = EDGE_CURVE ( 'NONE', #1184, #41, #1996, .T. ) ;
#526 = CARTESIAN_POINT ( 'NONE',  ( 1.130300000000000082, 1.008000000000000229, -0.8762999999999999678 ) ) ;
#527 = CARTESIAN_POINT ( 'NONE',  ( 4.457699999999999996, 5.262500000000001066, -1.663699999999999957 ) ) ;
#528 = CARTESIAN_POINT ( 'NONE',  ( 0.000000000000000000, 8.509000000000000341, 0.000000000000000000 ) ) ;
#529 = LINE ( 'NONE', #2877, #1665 ) ;
#530 = ORIENTED_EDGE ( 'NONE', *, *, #3437, .F. ) ;
#531 = ORIENTED_EDGE ( 'NONE', *, *, #4021, .T. ) ;
#532 = DIRECTION ( 'NONE',  ( -0.000000000000000000, -1.000000000000000000, -0.000000000000000000 ) ) ;
#533 = CARTESIAN_POINT ( 'NONE',  ( 3.879849999999998023, -4.927600000000000868, -1.454150000000000276 ) ) ;
#534 = ORIENTED_EDGE ( 'NONE', *, *, #1393, .T. ) ;
#535 = CARTESIAN_POINT ( 'NONE',  ( 1.841500000000001025, -4.641630002150050061, -0.9524999999999993472 ) ) ;
#536 = ORIENTED_EDGE ( 'NONE', *, *, #3234, .T. ) ;
#537 = PLANE ( 'NONE',  #2217 ) ;
#538 = ORIENTED_EDGE ( 'NONE', *, *, #1653, .T. ) ;
#539 = CARTESIAN_POINT ( 'NONE',  ( 1.841500000000000137, -2.063800000000000079, -1.270000000000000018 ) ) ;
#540 = PRESENTATION_STYLE_ASSIGNMENT (( #1168 ) ) ;
#541 = SURFACE_SIDE_STYLE ('',( #3488 ) ) ;
#542 = DIRECTION ( 'NONE',  ( 0.000000000000000000, -0.7071067811865470176, 0.7071067811865480168 ) ) ;
#543 = ADVANCED_FACE ( 'NONE', ( #2998 ), #2336, .F. ) ;
#544 = EDGE_CURVE ( 'NONE', #3803, #251, #38, .T. ) ;
#545 = PLANE ( 'NONE',  #4127 ) ;
#546 = DIRECTION ( 'NONE',  ( 1.000000000000000000, 0.000000000000000000, -0.000000000000000000 ) ) ;
#547 = EDGE_LOOP ( 'NONE', ( #2575, #3226, #1933, #4133 ) ) ;
#548 = ORIENTED_EDGE ( 'NONE', *, *, #1939, .F. ) ;
#549 = DIRECTION ( 'NONE',  ( -0.5773502691896261751, 0.5773502691896249539, 0.5773502691896261751 ) ) ;
#550 = ADVANCED_FACE ( 'NONE', ( #3369 ), #3612, .F. ) ;
#551 =( GEOMETRIC_REPRESENTATION_CONTEXT ( 3 ) GLOBAL_UNCERTAINTY_ASSIGNED_CONTEXT ( ( #21 ) ) GLOBAL_UNIT_ASSIGNED_CONTEXT ( ( #1984, #348, #2029 ) ) REPRESENTATION_CONTEXT ( 'NONE', 'WORKASPACE' ) );
#552 = DIRECTION ( 'NONE',  ( 0.7071067811865470176, 0.7071067811865480168, 8.659560562354931626E-17 ) ) ;
#553 = ORIENTED_EDGE ( 'NONE', *, *, #544, .F. ) ;
#554 = DIRECTION ( 'NONE',  ( -1.000000000000000000, -0.000000000000000000, 0.000000000000000000 ) ) ;
#555 = VECTOR ( 'NONE', #4207, 1000.000000000000000 ) ;
#556 = ORIENTED_EDGE ( 'NONE', *, *, #1038, .T. ) ;
#557 = STYLED_ITEM ( 'NONE', ( #764 ), #3561 ) ;
#558 = FILL_AREA_STYLE ('',( #2818 ) ) ;
#559 = LINE ( 'NONE', #1844, #1350 ) ;
#560 = ORIENTED_EDGE ( 'NONE', *, *, #2307, .T. ) ;
#561 = APPLICATION_CONTEXT ( 'automotive_design' ) ;
#562 = CARTESIAN_POINT ( 'NONE',  ( 0.000000000000000000, 4.254500000000000171, 2.476500000000000590 ) ) ;
#563 = AXIS2_PLACEMENT_3D ( 'NONE', #2053, #3368, #419 ) ;
#564 = VECTOR ( 'NONE', #2674, 1000.000000000000000 ) ;
#565 = CARTESIAN_POINT ( 'NONE',  ( 0.7493000000000000771, 8.509000000000000341, 0.000000000000000000 ) ) ;
#566 = ORIENTED_EDGE ( 'NONE', *, *, #435, .T. ) ;
#567 = CARTESIAN_POINT ( 'NONE',  ( 2.298700000000000188, 8.509000000000000341, 2.044700000000000628 ) ) ;
#568 = DIRECTION ( 'NONE',  ( 0.3892816206350245278, 0.8348171294789875629, -0.3892816206350258046 ) ) ;
#569 = STYLED_ITEM ( 'NONE', ( #1088 ), #3596 ) ;
#570 = PLANE ( 'NONE',  #706 ) ;
#571 = ADVANCED_FACE ( 'NONE', ( #695 ), #3669, .T. ) ;
#572 = ADVANCED_FACE ( 'NONE', ( #2036 ), #3953, .F. ) ;
#573 = ORIENTED_EDGE ( 'NONE', *, *, #198, .T. ) ;
#574 = ORIENTED_EDGE ( 'NONE', *, *, #4185, .F. ) ;
#575 = VECTOR ( 'NONE', #1675, 1000.000000000000000 ) ;
#576 = PLANE ( 'NONE',  #3249 ) ;
#577 = COLOUR_RGB ( '',1.000000000000000000, 1.000000000000000000, 0.000000000000000000 ) ;
#578 = EDGE_CURVE ( 'NONE', #3245, #41, #2077, .T. ) ;
#579 = SHAPE_DEFINITION_REPRESENTATION ( #1977, #3867 ) ;
#580 = LINE ( 'NONE', #3208, #1354 ) ;
#581 = EDGE_LOOP ( 'NONE', ( #2598, #2810, #2314, #328 ) ) ;
#582 = CARTESIAN_POINT ( 'NONE',  ( 5.080000000000000071, 0.000000000000000000, 0.000000000000000000 ) ) ;
#583 = VECTOR ( 'NONE', #4006, 1000.000000000000000 ) ;
#584 = FACE_OUTER_BOUND ( 'NONE', #3309, .T. ) ;
#585 = EDGE_LOOP ( 'NONE', ( #3864, #1987, #3422, #1452 ) ) ;
#586 = CARTESIAN_POINT ( 'NONE',  ( 6.997700000000000031, 1.008000000000000229, -0.8762999999999999678 ) ) ;
#587 = STYLED_ITEM ( 'NONE', ( #3424 ), #1833 ) ;
#588 = DIRECTION ( 'NONE',  ( -0.000000000000000000, 1.000000000000000000, 0.000000000000000000 ) ) ;
#589 = CARTESIAN_POINT ( 'NONE',  ( 4.381500000000001727, -4.641630002150050061, -1.587500000000000577 ) ) ;
#590 = ORIENTED_EDGE ( 'NONE', *, *, #3828, .T. ) ;
#591 = AXIS2_PLACEMENT_3D ( 'NONE', #1573, #4186, #2893 ) ;
#592 = PLANE ( 'NONE',  #2964 ) ;
#593 = EDGE_LOOP ( 'NONE', ( #3372, #1635, #276, #300 ) ) ;
#594 = VECTOR ( 'NONE', #1823, 1000.000000000000000 ) ;
#595 = FACE_OUTER_BOUND ( 'NONE', #3202, .T. ) ;
#596 = CARTESIAN_POINT ( 'NONE',  ( 5.829299999999999926, 8.509000000000000341, -0.4953000000000001846 ) ) ;
#597 = ORIENTED_EDGE ( 'NONE', *, *, #688, .F. ) ;
#598 = VERTEX_POINT ( 'NONE', #3429 ) ;
#599 = DIRECTION ( 'NONE',  ( -1.000000000000000000, 0.000000000000000000, 0.000000000000000000 ) ) ;
#600 = DIRECTION ( 'NONE',  ( -0.000000000000000000, 1.000000000000000000, 0.000000000000000000 ) ) ;
#601 = VERTEX_POINT ( 'NONE', #160 ) ;
#602 = ORIENTED_EDGE ( 'NONE', *, *, #4045, .F. ) ;
#603 = ADVANCED_FACE ( 'NONE', ( #135 ), #3749, .F. ) ;
#604 = ADVANCED_FACE ( 'NONE', ( #184, #818, #2812 ), #1775, .T. ) ;
#605 = DIRECTION ( 'NONE',  ( 0.000000000000000000, 0.000000000000000000, 1.000000000000000000 ) ) ;
#606 = LINE ( 'NONE', #278, #3614 ) ;
#607 = LINE ( 'NONE', #3893, #4131 ) ;
#608 = ORIENTED_EDGE ( 'NONE', *, *, #174, .T. ) ;
#609 = DIRECTION ( 'NONE',  ( 1.000000000000000000, 0.000000000000000000, -0.000000000000000000 ) ) ;
#610 = LINE ( 'NONE', #1920, #1963 ) ;
#611 = DIRECTION ( 'NONE',  ( -0.000000000000000000, 1.000000000000000000, 0.000000000000000000 ) ) ;
#612 = DIRECTION ( 'NONE',  ( 0.000000000000000000, 0.9063077870366497146, 0.4226182617406998299 ) ) ;
#613 = DIRECTION ( 'NONE',  ( 1.000000000000000000, 0.000000000000000000, -0.000000000000000000 ) ) ;
#614 = EDGE_LOOP ( 'NONE', ( #924, #3900, #3857, #2839 ) ) ;
#615 = EDGE_LOOP ( 'NONE', ( #832, #2623, #3351, #707 ) ) ;
#616 = CARTESIAN_POINT ( 'NONE',  ( 3.048000000000000043, 0.000000000000000000, 2.476500000000000590 ) ) ;
#617 = DIRECTION ( 'NONE',  ( 0.000000000000000000, 0.000000000000000000, -1.000000000000000000 ) ) ;
#618 = FACE_OUTER_BOUND ( 'NONE', #3484, .T. ) ;
#619 = EDGE_LOOP ( 'NONE', ( #3556, #2480, #2481, #3018 ) ) ;
#620 = DIRECTION ( 'NONE',  ( -0.5773502691896260641, -0.5773502691896248429, -0.5773502691896263972 ) ) ;
#621 = FACE_OUTER_BOUND ( 'NONE', #4012, .T. ) ;
#622 = ORIENTED_EDGE ( 'NONE', *, *, #1780, .F. ) ;
#623 = PRESENTATION_LAYER_ASSIGNMENT (  '', '', ( #1319 ) ) ;
#624 = CARTESIAN_POINT ( 'NONE',  ( 4.381499999999999950, -4.641630002150050949, -0.9524999999999975708 ) ) ;
#625 = EDGE_CURVE ( 'NONE', #1246, #2519, #4104, .T. ) ;
#626 = UNCERTAINTY_MEASURE_WITH_UNIT (LENGTH_MEASURE( 1.000000000000000082E-05 ), #4145, 'distance_accuracy_value', 'NONE');
#627 = DIRECTION ( 'NONE',  ( 0.000000000000000000, -0.000000000000000000, 1.000000000000000000 ) ) ;
#628 = ORIENTED_EDGE ( 'NONE', *, *, #979, .T. ) ;
#629 = EDGE_CURVE ( 'NONE', #1148, #2899, #860, .T. ) ;
#630 = MECHANICAL_DESIGN_GEOMETRIC_PRESENTATION_REPRESENTATION (  '', ( #1319 ), #3027 ) ;
#631 = DIRECTION ( 'NONE',  ( 0.000000000000000000, 0.000000000000000000, 1.000000000000000000 ) ) ;
#632 = EDGE_CURVE ( 'NONE', #2458, #1015, #4035, .T. ) ;
#633 = LINE ( 'NONE', #4165, #1784 ) ;
#634 = SURFACE_STYLE_FILL_AREA ( #3573 ) ;
#635 = COLOUR_RGB ( '',1.000000000000000000, 1.000000000000000000, 0.000000000000000000 ) ;
#636 = AXIS2_PLACEMENT_3D ( 'NONE', #3753, #822, #1230 ) ;
#637 = LINE ( 'NONE', #1014, #18 ) ;
#638 = AXIS2_PLACEMENT_3D ( 'NONE', #1036, #11, #3334 ) ;
#639 = ORIENTED_EDGE ( 'NONE', *, *, #816, .T. ) ;
#640 = ORIENTED_EDGE ( 'NONE', *, *, #2946, .T. ) ;
#641 = PLANE ( 'NONE',  #638 ) ;
#642 = STYLED_ITEM ( 'NONE', ( #2931 ), #465 ) ;
#643 = LINE ( 'NONE', #1951, #575 ) ;
#644 = AXIS2_PLACEMENT_3D ( 'NONE', #1660, #3744, #2073 ) ;
#645 = VECTOR ( 'NONE', #1202, 1000.000000000000000 ) ;
#646 = LINE ( 'NONE', #1634, #1812 ) ;
#647 = EDGE_LOOP ( 'NONE', ( #4085, #4156, #536, #2929 ) ) ;
#648 = CARTESIAN_POINT ( 'NONE',  ( 6.104000000000000092, -4.927600000000000868, -1.454150000000002052 ) ) ;
#649 = DIRECTION ( 'NONE',  ( 0.000000000000000000, 0.000000000000000000, 1.000000000000000000 ) ) ;
#650 = VERTEX_POINT ( 'NONE', #1562 ) ;
#651 = VECTOR ( 'NONE', #1473, 1000.000000000000000 ) ;
#652 =( LENGTH_UNIT ( ) NAMED_UNIT ( * ) SI_UNIT ( .MILLI., .METRE. ) );
#653 = CARTESIAN_POINT ( 'NONE',  ( 4.248150000000000759, -4.927600000000000868, -1.454150000000000942 ) ) ;
#654 = CARTESIAN_POINT ( 'NONE',  ( 4.248149999999999871, -4.927599999999999980, 1.270000000000000018 ) ) ;
#655 = ORIENTED_EDGE ( 'NONE', *, *, #2892, .T. ) ;
#656 = AXIS2_PLACEMENT_3D ( 'NONE', #1235, #2208, #627 ) ;
#657 = VECTOR ( 'NONE', #993, 1000.000000000000000 ) ;
#658 = CARTESIAN_POINT ( 'NONE',  ( 2.540000000000000036, 0.5080000000000000071, 2.476500000000000590 ) ) ;
#659 = DIRECTION ( 'NONE',  ( 0.000000000000000000, 1.000000000000000000, 0.000000000000000000 ) ) ;
#660 = VECTOR ( 'NONE', #1696, 1000.000000000000000 ) ;
#661 = VECTOR ( 'NONE', #428, 1000.000000000000000 ) ;
#662 = EDGE_CURVE ( 'NONE', #1765, #3803, #2222, .T. ) ;
#663 = EDGE_CURVE ( 'NONE', #1779, #1962, #1927, .T. ) ;
#664 = LINE ( 'NONE', #3224, #3651 ) ;
#665 = ORIENTED_EDGE ( 'NONE', *, *, #2191, .F. ) ;
#666 = VECTOR ( 'NONE', #2934, 1000.000000000000000 ) ;
#667 = EDGE_LOOP ( 'NONE', ( #734, #3978, #1845, #2194 ) ) ;
#668 = CARTESIAN_POINT ( 'NONE',  ( 6.921499999999999986, 0.5079999999999997851, 1.270000000000000018 ) ) ;
#669 =( LENGTH_UNIT ( ) NAMED_UNIT ( * ) SI_UNIT ( .MILLI., .METRE. ) );
#670 = DIRECTION ( 'NONE',  ( 0.000000000000000000, 0.000000000000000000, 1.000000000000000000 ) ) ;
#671 = ORIENTED_EDGE ( 'NONE', *, *, #1440, .F. ) ;
#672 = PRESENTATION_STYLE_ASSIGNMENT (( #383 ) ) ;
#673 = VERTEX_POINT ( 'NONE', #1609 ) ;
#674 = CARTESIAN_POINT ( 'NONE',  ( 6.997700000000000031, 5.262500000000001066, -1.663699999999999957 ) ) ;
#675 = DIRECTION ( 'NONE',  ( 1.000000000000000000, 0.000000000000000000, -0.000000000000000000 ) ) ;
#676 = UNCERTAINTY_MEASURE_WITH_UNIT (LENGTH_MEASURE( 1.000000000000000082E-05 ), #1383, 'distance_accuracy_value', 'NONE');
#677 = CARTESIAN_POINT ( 'NONE',  ( 1.917699999999999960, 1.008000000000000229, 1.663699999999999957 ) ) ;
#678 = ORIENTED_EDGE ( 'NONE', *, *, #2736, .T. ) ;
#679 = LINE ( 'NONE', #1664, #484 ) ;
#680 = LINE ( 'NONE', #3639, #2641 ) ;
#681 = CARTESIAN_POINT ( 'NONE',  ( 4.838700000000000223, 8.509000000000000341, 2.044700000000000628 ) ) ;
#682 = DIRECTION ( 'NONE',  ( -0.000000000000000000, -1.000000000000000000, -0.000000000000000000 ) ) ;
#683 = PRESENTATION_STYLE_ASSIGNMENT (( #940 ) ) ;
#684 = LINE ( 'NONE', #1604, #3184 ) ;
#685 = EDGE_LOOP ( 'NONE', ( #1455, #1513, #3841, #3870 ) ) ;
#686 = ADVANCED_FACE ( 'NONE', ( #1248 ), #271, .F. ) ;
#687 = VERTEX_POINT ( 'NONE', #2880 ) ;
#688 = EDGE_CURVE ( 'NONE', #2948, #3144, #1275, .T. ) ;
#689 = SURFACE_STYLE_FILL_AREA ( #3664 ) ;
#690 = CARTESIAN_POINT ( 'NONE',  ( 3.670300000000000118, 5.262500000000001066, 1.663699999999999957 ) ) ;
#691 = LINE ( 'NONE', #1298, #729 ) ;
#692 = ORIENTED_EDGE ( 'NONE', *, *, #1968, .T. ) ;
#693 = ADVANCED_FACE ( 'NONE', ( #3247 ), #884, .T. ) ;
#694 = DIRECTION ( 'NONE',  ( -1.000000000000000000, 7.036004064527049935E-17, -1.508875940911162121E-16 ) ) ;
#695 = FACE_OUTER_BOUND ( 'NONE', #4114, .T. ) ;
#696 = LINE ( 'NONE', #3000, #3814 ) ;
#697 =( NAMED_UNIT ( * ) PLANE_ANGLE_UNIT ( ) SI_UNIT ( $, .RADIAN. ) );
#698 = ORIENTED_EDGE ( 'NONE', *, *, #1652, .F. ) ;
#699 = FACE_OUTER_BOUND ( 'NONE', #1140, .T. ) ;
#700 =( LENGTH_UNIT ( ) NAMED_UNIT ( * ) SI_UNIT ( .MILLI., .METRE. ) );
#701 = CARTESIAN_POINT ( 'NONE',  ( 1.524000000000000021, 0.5079999999999997851, 1.587499999999999911 ) ) ;
#702 = VECTOR ( 'NONE', #1328, 1000.000000000000000 ) ;
#703 = DIRECTION ( 'NONE',  ( 0.000000000000000000, 1.000000000000000000, 0.000000000000000000 ) ) ;
#704 = PRESENTATION_LAYER_ASSIGNMENT (  '', '', ( #1323 ) ) ;
#705 = FILL_AREA_STYLE ('',( #83 ) ) ;
#706 = AXIS2_PLACEMENT_3D ( 'NONE', #245, #1558, #4169 ) ;
#707 = ORIENTED_EDGE ( 'NONE', *, *, #3745, .F. ) ;
#708 = LINE ( 'NONE', #3311, #3987 ) ;
#709 = DIRECTION ( 'NONE',  ( -0.000000000000000000, 0.000000000000000000, 1.000000000000000000 ) ) ;
#710 = VECTOR ( 'NONE', #2746, 1000.000000000000000 ) ;
#711 = ADVANCED_FACE ( 'NONE', ( #2927 ), #4126, .F. ) ;
#712 = DIRECTION ( 'NONE',  ( -0.7071067811865480168, -0.7071067811865470176, 0.000000000000000000 ) ) ;
#713 = ORIENTED_EDGE ( 'NONE', *, *, #1439, .F. ) ;
#714 =( GEOMETRIC_REPRESENTATION_CONTEXT ( 3 ) GLOBAL_UNCERTAINTY_ASSIGNED_CONTEXT ( ( #1403 ) ) GLOBAL_UNIT_ASSIGNED_CONTEXT ( ( #3201, #2455, #2115 ) ) REPRESENTATION_CONTEXT ( 'NONE', 'WORKASPACE' ) );
#715 = CARTESIAN_POINT ( 'NONE',  ( 6.210300000000000153, 8.128000000000000114, -1.270000000000000018 ) ) ;
#716 = EDGE_CURVE ( 'NONE', #1779, #2771, #929, .T. ) ;
#717 = VECTOR ( 'NONE', #2297, 1000.000000000000000 ) ;
#718 = EDGE_CURVE ( 'NONE', #3694, #812, #2601, .T. ) ;
#719 = VECTOR ( 'NONE', #61, 1000.000000000000000 ) ;
#720 = SURFACE_STYLE_FILL_AREA ( #2377 ) ;
#721 = UNCERTAINTY_MEASURE_WITH_UNIT (LENGTH_MEASURE( 1.000000000000000082E-05 ), #2996, 'distance_accuracy_value', 'NONE');
#722 = ORIENTED_EDGE ( 'NONE', *, *, #1391, .T. ) ;
#723 = CARTESIAN_POINT ( 'NONE',  ( 4.064000000000000057, 5.262500000000001066, 1.663699999999999957 ) ) ;
#724 = CARTESIAN_POINT ( 'NONE',  ( 5.604000000000000092, 8.318500000000002004, -1.854200000000000070 ) ) ;
#725 = AXIS2_PLACEMENT_3D ( 'NONE', #3922, #2291, #3293 ) ;
#726 = SURFACE_STYLE_FILL_AREA ( #3660 ) ;
#727 =( NAMED_UNIT ( * ) PLANE_ANGLE_UNIT ( ) SI_UNIT ( $, .RADIAN. ) );
#728 = CARTESIAN_POINT ( 'NONE',  ( 6.854824999999999946, -4.784615001075030349, 0.7700000000000000178 ) ) ;
#729 = VECTOR ( 'NONE', #3924, 1000.000000000000000 ) ;
#730 = EDGE_LOOP ( 'NONE', ( #3835, #2310, #1815, #2123 ) ) ;
#731 = PRESENTATION_STYLE_ASSIGNMENT (( #1312 ) ) ;
#732 = CARTESIAN_POINT ( 'NONE',  ( 1.708150000000001167, -4.927600000000000868, -1.085849999999999316 ) ) ;
#733 = AXIS2_PLACEMENT_3D ( 'NONE', #3143, #3733, #519 ) ;
#734 = ORIENTED_EDGE ( 'NONE', *, *, #3647, .F. ) ;
#735 = CARTESIAN_POINT ( 'NONE',  ( 4.064000000000000057, -2.063800000000000079, -0.9525000000000000133 ) ) ;
#736 = VECTOR ( 'NONE', #1777, 1000.000000000000000 ) ;
#737 = DIRECTION ( 'NONE',  ( 1.664860395655130322E-16, 0.4226182617406998854, -0.9063077870366498257 ) ) ;
#738 = LINE ( 'NONE', #1404, #1471 ) ;
#739 = ORIENTED_EDGE ( 'NONE', *, *, #2891, .F. ) ;
#740 = PLANE ( 'NONE',  #1721 ) ;
#741 = EDGE_CURVE ( 'NONE', #3428, #3096, #965, .T. ) ;
#742 = ADVANCED_FACE ( 'NONE', ( #3579 ), #2509, .T. ) ;
#743 = CARTESIAN_POINT ( 'NONE',  ( 1.524000000000000021, 0.5079999999999997851, -1.587499999999999911 ) ) ;
#744 = LINE ( 'NONE', #2006, #3203 ) ;
#745 = CARTESIAN_POINT ( 'NONE',  ( 4.457699999999999996, 8.128000000000000114, -1.663699999999999735 ) ) ;
#746 = EDGE_CURVE ( 'NONE', #1015, #1628, #2858, .T. ) ;
#747 = ORIENTED_EDGE ( 'NONE', *, *, #895, .F. ) ;
#748 = FILL_AREA_STYLE_COLOUR ( '', #2072 ) ;
#749 = CARTESIAN_POINT ( 'NONE',  ( 4.457699999999999996, 8.128000000000000114, 1.270000000000000018 ) ) ;
#750 = ORIENTED_EDGE ( 'NONE', *, *, #1181, .T. ) ;
#751 = DIRECTION ( 'NONE',  ( 0.000000000000000000, 0.000000000000000000, 1.000000000000000000 ) ) ;
#752 = FACE_OUTER_BOUND ( 'NONE', #585, .T. ) ;
#753 = SURFACE_SIDE_STYLE ('',( #2749 ) ) ;
#754 = ORIENTED_EDGE ( 'NONE', *, *, #66, .F. ) ;
#755 = CARTESIAN_POINT ( 'NONE',  ( 1.524000000000000021, 5.262500000000001066, -1.663699999999999957 ) ) ;
#756 = DIRECTION ( 'NONE',  ( 0.000000000000000000, 0.000000000000000000, 1.000000000000000000 ) ) ;
#757 = EDGE_CURVE ( 'NONE', #2459, #280, #3514, .T. ) ;
#758 = EDGE_CURVE ( 'NONE', #413, #3248, #2352, .T. ) ;
#759 = CARTESIAN_POINT ( 'NONE',  ( 1.273174999999999946, -4.784615001075030349, 1.770000000000000018 ) ) ;
#760 = ORIENTED_EDGE ( 'NONE', *, *, #3622, .F. ) ;
#761 = FACE_OUTER_BOUND ( 'NONE', #1081, .T. ) ;
#762 = VECTOR ( 'NONE', #3164, 1000.000000000000000 ) ;
#763 = ADVANCED_FACE ( 'NONE', ( #3982 ), #3014, .T. ) ;
#764 = PRESENTATION_STYLE_ASSIGNMENT (( #2048 ) ) ;
#765 = ORIENTED_EDGE ( 'NONE', *, *, #371, .T. ) ;
#766 = VECTOR ( 'NONE', #2142, 1000.000000000000114 ) ;
#767 = LINE ( 'NONE', #1151, #2425 ) ;
#768 = DIRECTION ( 'NONE',  ( -0.5773502691896259531, 0.5773502691896247319, 0.5773502691896266192 ) ) ;
#769 = VECTOR ( 'NONE', #102, 1000.000000000000000 ) ;
#770 = VERTEX_POINT ( 'NONE', #2374 ) ;
#771 = DIRECTION ( 'NONE',  ( -1.000000000000000000, 0.000000000000000000, 0.000000000000000000 ) ) ;
#772 = AXIS2_PLACEMENT_3D ( 'NONE', #1097, #2025, #1705 ) ;
#773 = FACE_BOUND ( 'NONE', #4089, .T. ) ;
#774 = AXIS2_PLACEMENT_3D ( 'NONE', #1280, #3866, #277 ) ;
#775 = CARTESIAN_POINT ( 'NONE',  ( 4.064000000000000057, 0.5079999999999997851, 2.476500000000000590 ) ) ;
#776 = ORIENTED_EDGE ( 'NONE', *, *, #4190, .F. ) ;
#777 = SURFACE_STYLE_USAGE ( .BOTH. , #865 ) ;
#778 = DIRECTION ( 'NONE',  ( -0.000000000000000000, -1.000000000000000000, -0.000000000000000000 ) ) ;
#779 =( GEOMETRIC_REPRESENTATION_CONTEXT ( 3 ) GLOBAL_UNCERTAINTY_ASSIGNED_CONTEXT ( ( #2954 ) ) GLOBAL_UNIT_ASSIGNED_CONTEXT ( ( #2183, #232, #3211 ) ) REPRESENTATION_CONTEXT ( 'NONE', 'WORKASPACE' ) );
#780 = VECTOR ( 'NONE', #2388, 1000.000000000000000 ) ;
#781 = CARTESIAN_POINT ( 'NONE',  ( 6.997700000000000031, 1.008000000000000229, 0.8762999999999999678 ) ) ;
#782 = VERTEX_POINT ( 'NONE', #3665 ) ;
#783 = AXIS2_PLACEMENT_3D ( 'NONE', #4195, #2530, #946 ) ;
#784 = PLANE ( 'NONE',  #2 ) ;
#785 = VECTOR ( 'NONE', #1990, 1000.000000000000000 ) ;
#786 = CARTESIAN_POINT ( 'NONE',  ( 2.024000000000000021, -4.784615001075030349, -1.019174999999999942 ) ) ;
#787 = LINE ( 'NONE', #296, #3730 ) ;
#788 = VERTEX_POINT ( 'NONE', #732 ) ;
#789 = VECTOR ( 'NONE', #3525, 1000.000000000000000 ) ;
#790 = UNCERTAINTY_MEASURE_WITH_UNIT (LENGTH_MEASURE( 1.000000000000000082E-05 ), #3591, 'distance_accuracy_value', 'NONE');
#791 =( NAMED_UNIT ( * ) SI_UNIT ( $, .STERADIAN. ) SOLID_ANGLE_UNIT ( ) );
#792 = EDGE_CURVE ( 'NONE', #325, #858, #1073, .T. ) ;
#793 = EDGE_CURVE ( 'NONE', #2615, #3894, #643, .T. ) ;
#794 = FILL_AREA_STYLE ('',( #1811 ) ) ;
#795 = VECTOR ( 'NONE', #2487, 1000.000000000000000 ) ;
#796 = DIRECTION ( 'NONE',  ( -0.3892816206350245278, -0.8348171294789875629, -0.3892816206350258046 ) ) ;
#797 = ORIENTED_EDGE ( 'NONE', *, *, #3359, .F. ) ;
#798 = LINE ( 'NONE', #134, #983 ) ;
#799 = CARTESIAN_POINT ( 'NONE',  ( 1.841500000000000137, -2.063800000000000079, 1.270000000000000018 ) ) ;
#800 = AXIS2_PLACEMENT_3D ( 'NONE', #453, #124, #4073 ) ;
#801 = LINE ( 'NONE', #1114, #2513 ) ;
#802 = DIRECTION ( 'NONE',  ( -0.5773502691896259531, 0.5773502691896250649, 0.5773502691896262862 ) ) ;
#803 = ORIENTED_EDGE ( 'NONE', *, *, #2604, .T. ) ;
#804 = STYLED_ITEM ( 'NONE', ( #401 ), #4100 ) ;
#805 = DIRECTION ( 'NONE',  ( 0.000000000000000000, -0.9063077870366497146, 0.4226182617406998299 ) ) ;
#806 = PRESENTATION_STYLE_ASSIGNMENT (( #3732 ) ) ;
#807 =( NAMED_UNIT ( * ) SI_UNIT ( $, .STERADIAN. ) SOLID_ANGLE_UNIT ( ) );
#808 = VERTEX_POINT ( 'NONE', #51 ) ;
#809 =( NAMED_UNIT ( * ) PLANE_ANGLE_UNIT ( ) SI_UNIT ( $, .RADIAN. ) );
#810 = SURFACE_SIDE_STYLE ('',( #1505 ) ) ;
#811 = DIRECTION ( 'NONE',  ( -0.4226182617406998299, 0.9063077870366497146, 0.000000000000000000 ) ) ;
#812 = VERTEX_POINT ( 'NONE', #2651 ) ;
#813 = PRESENTATION_STYLE_ASSIGNMENT (( #1750 ) ) ;
#814 = LINE ( 'NONE', #2114, #1741 ) ;
#815 = EDGE_CURVE ( 'NONE', #3204, #967, #1363, .T. ) ;
#816 = EDGE_CURVE ( 'NONE', #1693, #4194, #1651, .T. ) ;
#817 = EDGE_LOOP ( 'NONE', ( #4205, #3333, #4000, #2942 ) ) ;
#818 = FACE_BOUND ( 'NONE', #1948, .T. ) ;
#819 = PLANE ( 'NONE',  #2862 ) ;
#820 = CARTESIAN_POINT ( 'NONE',  ( 4.381499999999999950, 0.5079999999999997851, -1.270000000000000018 ) ) ;
#821 = ORIENTED_EDGE ( 'NONE', *, *, #1547, .F. ) ;
#822 = DIRECTION ( 'NONE',  ( 0.000000000000000000, 0.000000000000000000, 1.000000000000000000 ) ) ;
#823 = CARTESIAN_POINT ( 'NONE',  ( 7.620000000000000107, 0.008000000000000012310, 2.476500000000000590 ) ) ;
#824 = LINE ( 'NONE', #1824, #433 ) ;
#825 = ORIENTED_EDGE ( 'NONE', *, *, #1297, .T. ) ;
#826 = DIRECTION ( 'NONE',  ( 0.000000000000000000, 0.000000000000000000, 1.000000000000000000 ) ) ;
#827 = DIRECTION ( 'NONE',  ( -5.549534652183770411E-17, 0.4226182617406998854, 0.9063077870366498257 ) ) ;
#828 = FILL_AREA_STYLE ('',( #111 ) ) ;
#829 = CARTESIAN_POINT ( 'NONE',  ( 3.746500000000000163, -4.641630002150050061, 1.270000000000000018 ) ) ;
#830 = CARTESIAN_POINT ( 'NONE',  ( 1.917699999999999960, 5.262500000000001066, -1.663699999999999957 ) ) ;
#831 = VERTEX_POINT ( 'NONE', #990 ) ;
#832 = ORIENTED_EDGE ( 'NONE', *, *, #253, .T. ) ;
#833 =( LENGTH_UNIT ( ) NAMED_UNIT ( * ) SI_UNIT ( .MILLI., .METRE. ) );
#834 = ADVANCED_FACE ( 'NONE', ( #1379 ), #2706, .F. ) ;
#835 = VECTOR ( 'NONE', #2539, 1000.000000000000000 ) ;
#836 = LINE ( 'NONE', #186, #510 ) ;
#837 = ORIENTED_EDGE ( 'NONE', *, *, #901, .T. ) ;
#838 = VECTOR ( 'NONE', #311, 1000.000000000000000 ) ;
#839 = VECTOR ( 'NONE', #424, 1000.000000000000000 ) ;
#840 = DIRECTION ( 'NONE',  ( -0.5773502691896269523, 0.5773502691896243988, -0.5773502691896259531 ) ) ;
#841 = CARTESIAN_POINT ( 'NONE',  ( 4.648200000000000109, 8.318500000000002004, -2.270000000000000018 ) ) ;
#842 = EDGE_CURVE ( 'NONE', #2185, #3428, #336, .T. ) ;
#843 = EDGE_CURVE ( 'NONE', #2829, #151, #3629, .T. ) ;
#844 =( GEOMETRIC_REPRESENTATION_CONTEXT ( 3 ) GLOBAL_UNCERTAINTY_ASSIGNED_CONTEXT ( ( #2339 ) ) GLOBAL_UNIT_ASSIGNED_CONTEXT ( ( #1985, #1358, #2666 ) ) REPRESENTATION_CONTEXT ( 'NONE', 'WORKASPACE' ) );
#845 =( GEOMETRIC_REPRESENTATION_CONTEXT ( 3 ) GLOBAL_UNCERTAINTY_ASSIGNED_CONTEXT ( ( #973 ) ) GLOBAL_UNIT_ASSIGNED_CONTEXT ( ( #115, #4086, #1418 ) ) REPRESENTATION_CONTEXT ( 'NONE', 'WORKASPACE' ) );
#846 =( NAMED_UNIT ( * ) SI_UNIT ( $, .STERADIAN. ) SOLID_ANGLE_UNIT ( ) );
#847 = FILL_AREA_STYLE_COLOUR ( '', #1681 ) ;
#848 = VERTEX_POINT ( 'NONE', #34 ) ;
#849 = LINE ( 'NONE', #2404, #2624 ) ;
#850 = VECTOR ( 'NONE', #1887, 1000.000000000000000 ) ;
#851 = VECTOR ( 'NONE', #2415, 1000.000000000000000 ) ;
#852 = SURFACE_STYLE_USAGE ( .BOTH. , #810 ) ;
#853 =( NAMED_UNIT ( * ) PLANE_ANGLE_UNIT ( ) SI_UNIT ( $, .RADIAN. ) );
#854 = FILL_AREA_STYLE ('',( #4144 ) ) ;
#855 = CARTESIAN_POINT ( 'NONE',  ( 5.080000000000000071, 0.008000000000000012310, 0.000000000000000000 ) ) ;
#856 = PRESENTATION_STYLE_ASSIGNMENT (( #1267 ) ) ;
#857 = PLANE ( 'NONE',  #2643 ) ;
#858 = VERTEX_POINT ( 'NONE', #2669 ) ;
#859 = EDGE_LOOP ( 'NONE', ( #4007, #195, #3232, #622 ) ) ;
#860 = LINE ( 'NONE', #533, #992 ) ;
#861 = AXIS2_PLACEMENT_3D ( 'NONE', #2379, #1436, #3685 ) ;
#862 =( NAMED_UNIT ( * ) SI_UNIT ( $, .STERADIAN. ) SOLID_ANGLE_UNIT ( ) );
#863 = ORIENTED_EDGE ( 'NONE', *, *, #1055, .F. ) ;
#864 = AXIS2_PLACEMENT_3D ( 'NONE', #3943, #1921, #286 ) ;
#865 = SURFACE_SIDE_STYLE ('',( #3798 ) ) ;
#866 = CARTESIAN_POINT ( 'NONE',  ( 8.128000000000000114, 4.254500000000000171, -2.476500000000000590 ) ) ;
#867 = EDGE_LOOP ( 'NONE', ( #3957, #291, #3762, #1855 ) ) ;
#868 = PRESENTATION_LAYER_ASSIGNMENT (  '', '', ( #1415 ) ) ;
#869 = FILL_AREA_STYLE_COLOUR ( '', #2093 ) ;
#870 = PRESENTATION_LAYER_ASSIGNMENT (  '', '', ( #243 ) ) ;
#871 = EDGE_CURVE ( 'NONE', #2555, #2978, #3312, .T. ) ;
#872 = SURFACE_SIDE_STYLE ('',( #4138 ) ) ;
#873 = ORIENTED_EDGE ( 'NONE', *, *, #3767, .F. ) ;
#874 = EDGE_CURVE ( 'NONE', #358, #831, #2331, .T. ) ;
#875 = DIRECTION ( 'NONE',  ( -0.7071067811865480168, 0.7071067811865470176, 0.000000000000000000 ) ) ;
#876 = EDGE_CURVE ( 'NONE', #1442, #4015, #2412, .T. ) ;
#877 = LINE ( 'NONE', #3812, #1882 ) ;
#878 = FILL_AREA_STYLE ('',( #3447 ) ) ;
#879 = FACE_OUTER_BOUND ( 'NONE', #1853, .T. ) ;
#880 = FILL_AREA_STYLE_COLOUR ( '', #1106 ) ;
#881 = EDGE_LOOP ( 'NONE', ( #3825, #1174, #269, #2710 ) ) ;
#882 = EDGE_LOOP ( 'NONE', ( #1541, #1971, #3526, #2587 ) ) ;
#883 = CARTESIAN_POINT ( 'NONE',  ( 2.540000000000000036, 0.5079999999999998961, -2.476500000000000590 ) ) ;
#884 = PLANE ( 'NONE',  #2078 ) ;
#885 = DIRECTION ( 'NONE',  ( 1.000000000000000000, -0.000000000000000000, 0.000000000000000000 ) ) ;
#886 = ORIENTED_EDGE ( 'NONE', *, *, #3962, .F. ) ;
#887 = CARTESIAN_POINT ( 'NONE',  ( 6.604000000000000092, 5.262500000000001066, 0.8762999999999999678 ) ) ;
#888 = LINE ( 'NONE', #1566, #3712 ) ;
#889 = ORIENTED_EDGE ( 'NONE', *, *, #1854, .F. ) ;
#890 = DIRECTION ( 'NONE',  ( 0.000000000000000000, -0.9063077870366497146, 0.4226182617406998299 ) ) ;
#891 = CARTESIAN_POINT ( 'NONE',  ( 4.381499999999999950, 0.5079999999999998961, 1.587499999999999911 ) ) ;
#892 = ORIENTED_EDGE ( 'NONE', *, *, #393, .T. ) ;
#893 = LINE ( 'NONE', #3283, #1447 ) ;
#894 = ADVANCED_FACE ( 'NONE', ( #3719 ), #3410, .T. ) ;
#895 = EDGE_CURVE ( 'NONE', #2606, #1765, #767, .T. ) ;
#896 = DIRECTION ( 'NONE',  ( -1.000000000000000000, 0.000000000000000000, 0.000000000000000000 ) ) ;
#897 = FILL_AREA_STYLE_COLOUR ( '', #93 ) ;
#898 = ORIENTED_EDGE ( 'NONE', *, *, #3962, .T. ) ;
#899 = FACE_OUTER_BOUND ( 'NONE', #2936, .T. ) ;
#900 = CARTESIAN_POINT ( 'NONE',  ( 1.206499999999999906, 0.5079999999999997851, 0.9525000000000000133 ) ) ;
#901 = EDGE_CURVE ( 'NONE', #1972, #3880, #3743, .T. ) ;
#902 = DIRECTION ( 'NONE',  ( -0.000000000000000000, -1.000000000000000000, -0.000000000000000000 ) ) ;
#903 = ORIENTED_EDGE ( 'NONE', *, *, #1758, .F. ) ;
#904 = ORIENTED_EDGE ( 'NONE', *, *, #3908, .F. ) ;
#905 = CARTESIAN_POINT ( 'NONE',  ( 2.298700000000000188, 8.509000000000000341, 0.4953000000000001846 ) ) ;
#906 = DIRECTION ( 'NONE',  ( 0.000000000000000000, 0.000000000000000000, 1.000000000000000000 ) ) ;
#907 = AXIS2_PLACEMENT_3D ( 'NONE', #332, #3552, #3529 ) ;
#908 = DIRECTION ( 'NONE',  ( -1.000000000000000000, -0.000000000000000000, 0.000000000000000000 ) ) ;
#909 = ORIENTED_EDGE ( 'NONE', *, *, #312, .F. ) ;
#910 = DIRECTION ( 'NONE',  ( 0.000000000000000000, 1.000000000000000000, 0.000000000000000000 ) ) ;
#911 = CARTESIAN_POINT ( 'NONE',  ( 8.128000000000000114, 8.509000000000000341, 0.000000000000000000 ) ) ;
#912 = EDGE_LOOP ( 'NONE', ( #1335, #1821, #3613, #2782 ) ) ;
#913 = AXIS2_PLACEMENT_3D ( 'NONE', #728, #3713, #376 ) ;
#914 = CARTESIAN_POINT ( 'NONE',  ( 1.917699999999999960, 5.262500000000001066, 0.8762999999999999678 ) ) ;
#915 = DIRECTION ( 'NONE',  ( 1.000000000000000000, 0.000000000000000000, -0.000000000000000000 ) ) ;
#916 = ORIENTED_EDGE ( 'NONE', *, *, #89, .F. ) ;
#917 = VECTOR ( 'NONE', #549, 1000.000000000000114 ) ;
#918 = VECTOR ( 'NONE', #2589, 1000.000000000000000 ) ;
#919 = DIRECTION ( 'NONE',  ( 1.000000000000000000, -0.000000000000000000, 0.000000000000000000 ) ) ;
#920 = DIRECTION ( 'NONE',  ( 0.000000000000000000, 0.000000000000000000, -1.000000000000000000 ) ) ;
#921 = CARTESIAN_POINT ( 'NONE',  ( 6.997700000000000031, 5.262500000000001066, -0.8762999999999999678 ) ) ;
#922 = VECTOR ( 'NONE', #425, 1000.000000000000000 ) ;
#923 = CARTESIAN_POINT ( 'NONE',  ( 5.588000000000000078, 0.008000000000000012310, 0.000000000000000000 ) ) ;
#924 = ORIENTED_EDGE ( 'NONE', *, *, #2407, .T. ) ;
#925 = EDGE_CURVE ( 'NONE', #497, #3463, #4060, .T. ) ;
#926 = ORIENTED_EDGE ( 'NONE', *, *, #1084, .F. ) ;
#927 = EDGE_CURVE ( 'NONE', #1417, #2181, #1771, .T. ) ;
#928 = DIRECTION ( 'NONE',  ( -4.329780281177460266E-17, 0.7071067811865480168, 0.7071067811865470176 ) ) ;
#929 = LINE ( 'NONE', #2241, #80 ) ;
#930 = ORIENTED_EDGE ( 'NONE', *, *, #815, .F. ) ;
#931 = CARTESIAN_POINT ( 'NONE',  ( 1.841500000000001025, -4.641630002150050061, -1.587500000000000577 ) ) ;
#932 = VERTEX_POINT ( 'NONE', #3365 ) ;
#933 = CARTESIAN_POINT ( 'NONE',  ( 1.130300000000000082, 5.262500000000001066, -1.663699999999999957 ) ) ;
#934 = VECTOR ( 'NONE', #502, 1000.000000000000000 ) ;
#935 = LINE ( 'NONE', #4179, #1623 ) ;
#936 = DIRECTION ( 'NONE',  ( 1.000000000000000000, 0.000000000000000000, 0.000000000000000000 ) ) ;
#937 = VERTEX_POINT ( 'NONE', #154 ) ;
#938 = AXIS2_PLACEMENT_3D ( 'NONE', #759, #1085, #3689 ) ;
#939 = CARTESIAN_POINT ( 'NONE',  ( 4.064000000000000057, 0.5080000000000000071, -2.476500000000000590 ) ) ;
#940 = SURFACE_STYLE_USAGE ( .BOTH. , #1329 ) ;
#941 = VECTOR ( 'NONE', #2795, 1000.000000000000000 ) ;
#942 = CARTESIAN_POINT ( 'NONE',  ( 0.5079999999999997851, 4.254500000000000171, -2.476500000000000590 ) ) ;
#943 = ORIENTED_EDGE ( 'NONE', *, *, #2308, .T. ) ;
#944 = VERTEX_POINT ( 'NONE', #1171 ) ;
#945 = CARTESIAN_POINT ( 'NONE',  ( 7.620000000000000107, 0.5080000000000000071, 0.000000000000000000 ) ) ;
#946 = DIRECTION ( 'NONE',  ( 0.000000000000000000, -0.000000000000000000, 1.000000000000000000 ) ) ;
#947 = EDGE_CURVE ( 'NONE', #3899, #316, #3449, .T. ) ;
#948 = ADVANCED_FACE ( 'NONE', ( #2094 ), #1448, .F. ) ;
#949 = VERTEX_POINT ( 'NONE', #1494 ) ;
#950 = CARTESIAN_POINT ( 'NONE',  ( 4.381500000000001727, -4.641630002150050061, -0.9524999999999993472 ) ) ;
#951 = ORIENTED_EDGE ( 'NONE', *, *, #3623, .T. ) ;
#952 = EDGE_CURVE ( 'NONE', #2181, #3157, #814, .T. ) ;
#953 = CARTESIAN_POINT ( 'NONE',  ( 1.841500000000000137, -2.063800000000000079, -1.587499999999999911 ) ) ;
#954 = LINE ( 'NONE', #914, #520 ) ;
#955 = LINE ( 'NONE', #2563, #2574 ) ;
#956 = EDGE_LOOP ( 'NONE', ( #2889, #430, #1304, #2671 ) ) ;
#957 = LINE ( 'NONE', #3550, #1253 ) ;
#958 = DIRECTION ( 'NONE',  ( 0.5773502691896261751, 0.5773502691896249539, -0.5773502691896261751 ) ) ;
#959 = DIRECTION ( 'NONE',  ( 1.000000000000000000, 0.000000000000000000, 0.000000000000000000 ) ) ;
#960 = FILL_AREA_STYLE_COLOUR ( '', #3781 ) ;
#961 = FILL_AREA_STYLE_COLOUR ( '', #3861 ) ;
#962 = ORIENTED_EDGE ( 'NONE', *, *, #1826, .T. ) ;
#963 = ORIENTED_EDGE ( 'NONE', *, *, #438, .T. ) ;
#964 = LINE ( 'NONE', #1378, #2278 ) ;
#965 = LINE ( 'NONE', #2263, #2493 ) ;
#966 = CARTESIAN_POINT ( 'NONE',  ( 3.879849999999998023, -4.927600000000000868, -0.7700000000000000178 ) ) ;
#967 = VERTEX_POINT ( 'NONE', #2438 ) ;
#968 = CARTESIAN_POINT ( 'NONE',  ( 1.917699999999999516, 8.128000000000000114, -0.8762999999999999678 ) ) ;
#969 = FACE_OUTER_BOUND ( 'NONE', #1713, .T. ) ;
#970 = ORIENTED_EDGE ( 'NONE', *, *, #843, .T. ) ;
#971 =( GEOMETRIC_REPRESENTATION_CONTEXT ( 3 ) GLOBAL_UNCERTAINTY_ASSIGNED_CONTEXT ( ( #1619 ) ) GLOBAL_UNIT_ASSIGNED_CONTEXT ( ( #4094, #3777, #172 ) ) REPRESENTATION_CONTEXT ( 'NONE', 'WORKASPACE' ) );
#972 = DIRECTION ( 'NONE',  ( 0.000000000000000000, -0.000000000000000000, -1.000000000000000000 ) ) ;
#973 = UNCERTAINTY_MEASURE_WITH_UNIT (LENGTH_MEASURE( 1.000000000000000082E-05 ), #115, 'distance_accuracy_value', 'NONE');
#974 = SURFACE_SIDE_STYLE ('',( #3910 ) ) ;
#975 = VERTEX_POINT ( 'NONE', #2807 ) ;
#976 = COLOUR_RGB ( '',0.1960784313725490169, 0.1960784313725490169, 0.1960784313725490169 ) ;
#977 = DIRECTION ( 'NONE',  ( -0.000000000000000000, 1.000000000000000000, 0.000000000000000000 ) ) ;
#978 = EDGE_CURVE ( 'NONE', #3157, #4072, #3681, .T. ) ;
#979 = EDGE_CURVE ( 'NONE', #3716, #2734, #3697, .T. ) ;
#980 = SURFACE_STYLE_FILL_AREA ( #3261 ) ;
#981 =( NAMED_UNIT ( * ) SI_UNIT ( $, .STERADIAN. ) SOLID_ANGLE_UNIT ( ) );
#982 = LINE ( 'NONE', #1575, #838 ) ;
#983 = VECTOR ( 'NONE', #532, 1000.000000000000000 ) ;
#984 = PLANE ( 'NONE',  #991 ) ;
#985 = VECTOR ( 'NONE', #3742, 1000.000000000000000 ) ;
#986 = VERTEX_POINT ( 'NONE', #439 ) ;
#987 = EDGE_LOOP ( 'NONE', ( #2239, #2532, #481, #3378 ) ) ;
#988 = LINE ( 'NONE', #3966, #2484 ) ;
#989 = VECTOR ( 'NONE', #3005, 1000.000000000000000 ) ;
#990 = CARTESIAN_POINT ( 'NONE',  ( 2.298700000000000188, 8.509000000000000341, -2.044700000000000184 ) ) ;
#991 = AXIS2_PLACEMENT_3D ( 'NONE', #923, #2216, #1333 ) ;
#992 = VECTOR ( 'NONE', #94, 1000.000000000000000 ) ;
#993 = DIRECTION ( 'NONE',  ( 1.000000000000000000, 2.345334688175684236E-17, 5.029586469703876819E-17 ) ) ;
#994 = ORIENTED_EDGE ( 'NONE', *, *, #3690, .F. ) ;
#995 = LINE ( 'NONE', #399, #1327 ) ;
#996 = CARTESIAN_POINT ( 'NONE',  ( 1.524000000000000021, -2.063800000000000079, -1.587499999999999911 ) ) ;
#997 = VERTEX_POINT ( 'NONE', #112 ) ;
#998 = STYLED_ITEM ( 'NONE', ( #856 ), #1077 ) ;
#999 = SURFACE_STYLE_USAGE ( .BOTH. , #4246 ) ;
#1000 = PLANE ( 'NONE',  #3675 ) ;
#1001 = DIRECTION ( 'NONE',  ( -0.3892816206350246944, 0.8348171294789880070, -0.3892816206350246944 ) ) ;
#1002 = ORIENTED_EDGE ( 'NONE', *, *, #2329, .T. ) ;
#1003 = AXIS2_PLACEMENT_3D ( 'NONE', #119, #3432, #2777 ) ;
#1004 = PLANE ( 'NONE',  #1179 ) ;
#1005 =( NAMED_UNIT ( * ) SI_UNIT ( $, .STERADIAN. ) SOLID_ANGLE_UNIT ( ) );
#1006 = AXIS2_PLACEMENT_3D ( 'NONE', #2848, #1219, #2523 ) ;
#1007 = EDGE_CURVE ( 'NONE', #3946, #1246, #1105, .T. ) ;
#1008 = EDGE_CURVE ( 'NONE', #598, #1879, #1534, .T. ) ;
#1009 = SURFACE_STYLE_USAGE ( .BOTH. , #2279 ) ;
#1010 = CARTESIAN_POINT ( 'NONE',  ( 3.746500000000000163, -2.063800000000000079, 1.587499999999999911 ) ) ;
#1011 = CARTESIAN_POINT ( 'NONE',  ( 6.997700000000000031, 5.262500000000001066, 0.8762999999999999678 ) ) ;
#1012 = VECTOR ( 'NONE', #3571, 1000.000000000000000 ) ;
#1013 = EDGE_CURVE ( 'NONE', #1184, #3625, #1877, .T. ) ;
#1014 = CARTESIAN_POINT ( 'NONE',  ( 3.564000000000000501, -4.927600000000000868, 1.085849999999997983 ) ) ;
#1015 = VERTEX_POINT ( 'NONE', #3200 ) ;
#1016 =( GEOMETRIC_REPRESENTATION_CONTEXT ( 3 ) GLOBAL_UNCERTAINTY_ASSIGNED_CONTEXT ( ( #10 ) ) GLOBAL_UNIT_ASSIGNED_CONTEXT ( ( #3616, #4004, #2361 ) ) REPRESENTATION_CONTEXT ( 'NONE', 'WORKASPACE' ) );
#1017 = ORIENTED_EDGE ( 'NONE', *, *, #3984, .F. ) ;
#1018 =( LENGTH_UNIT ( ) NAMED_UNIT ( * ) SI_UNIT ( .MILLI., .METRE. ) );
#1019 = DIRECTION ( 'NONE',  ( -0.3892816206350245278, -0.8348171294789875629, -0.3892816206350258046 ) ) ;
#1020 = LINE ( 'NONE', #2670, #1959 ) ;
#1021 = VERTEX_POINT ( 'NONE', #3876 ) ;
#1022 = CARTESIAN_POINT ( 'NONE',  ( 1.339849999999999541, -4.927600000000000868, 1.085849999999999316 ) ) ;
#1023 = CARTESIAN_POINT ( 'NONE',  ( 4.381499999999999950, 0.5079999999999997851, 1.270000000000000018 ) ) ;
#1024 = PLANE ( 'NONE',  #2231 ) ;
#1025 = UNCERTAINTY_MEASURE_WITH_UNIT (LENGTH_MEASURE( 1.000000000000000082E-05 ), #3764, 'distance_accuracy_value', 'NONE');
#1026 =( NAMED_UNIT ( * ) PLANE_ANGLE_UNIT ( ) SI_UNIT ( $, .RADIAN. ) );
#1027 = ORIENTED_EDGE ( 'NONE', *, *, #4162, .T. ) ;
#1028 = DIRECTION ( 'NONE',  ( 0.000000000000000000, 1.000000000000000000, 0.000000000000000000 ) ) ;
#1029 = DIRECTION ( 'NONE',  ( -0.000000000000000000, 0.000000000000000000, 1.000000000000000000 ) ) ;
#1030 = FACE_OUTER_BOUND ( 'NONE', #615, .T. ) ;
#1031 = DIRECTION ( 'NONE',  ( -0.000000000000000000, -1.000000000000000000, -0.000000000000000000 ) ) ;
#1032 = ADVANCED_FACE ( 'NONE', ( #879 ), #4168, .T. ) ;
#1033 = ADVANCED_FACE ( 'NONE', ( #2526 ), #3786, .T. ) ;
#1034 = LINE ( 'NONE', #3011, #2343 ) ;
#1035 = VERTEX_POINT ( 'NONE', #900 ) ;
#1036 = CARTESIAN_POINT ( 'NONE',  ( 6.997700000000000031, 5.262500000000001066, -1.270000000000000018 ) ) ;
#1037 = ADVANCED_FACE ( 'NONE', ( #244 ), #2876, .T. ) ;
#1038 = EDGE_CURVE ( 'NONE', #3144, #1804, #3532, .T. ) ;
#1039 = LINE ( 'NONE', #2626, #3270 ) ;
#1040 = ORIENTED_EDGE ( 'NONE', *, *, #4191, .T. ) ;
#1041 = DIRECTION ( 'NONE',  ( -0.000000000000000000, -1.000000000000000000, 0.000000000000000000 ) ) ;
#1042 = FILL_AREA_STYLE ('',( #2021 ) ) ;
#1043 = ORIENTED_EDGE ( 'NONE', *, *, #1208, .T. ) ;
#1044 = SURFACE_STYLE_FILL_AREA ( #3374 ) ;
#1045 = PLANE ( 'NONE',  #800 ) ;
#1046 =( GEOMETRIC_REPRESENTATION_CONTEXT ( 3 ) GLOBAL_UNCERTAINTY_ASSIGNED_CONTEXT ( ( #3592 ) ) GLOBAL_UNIT_ASSIGNED_CONTEXT ( ( #4163, #1305, #3826 ) ) REPRESENTATION_CONTEXT ( 'NONE', 'WORKASPACE' ) );
#1047 = PLANE ( 'NONE',  #1048 ) ;
#1048 = AXIS2_PLACEMENT_3D ( 'NONE', #786, #2347, #4026 ) ;
#1049 =( GEOMETRIC_REPRESENTATION_CONTEXT ( 3 ) GLOBAL_UNCERTAINTY_ASSIGNED_CONTEXT ( ( #721 ) ) GLOBAL_UNIT_ASSIGNED_CONTEXT ( ( #2996, #1367, #3297 ) ) REPRESENTATION_CONTEXT ( 'NONE', 'WORKASPACE' ) );
#1050 = ORIENTED_EDGE ( 'NONE', *, *, #578, .F. ) ;
#1051 = DIRECTION ( 'NONE',  ( 0.000000000000000000, 1.000000000000000000, 0.000000000000000000 ) ) ;
#1052 = DIRECTION ( 'NONE',  ( 1.005917293940771666E-16, 4.690669376351351216E-17, -1.000000000000000000 ) ) ;
#1053 = AXIS2_PLACEMENT_3D ( 'NONE', #4210, #2008, #1647 ) ;
#1054 = STYLED_ITEM ( 'NONE', ( #1792 ), #2709 ) ;
#1055 = EDGE_CURVE ( 'NONE', #4241, #2459, #3149, .T. ) ;
#1056 = EDGE_CURVE ( 'NONE', #458, #2458, #2215, .T. ) ;
#1057 = ORIENTED_EDGE ( 'NONE', *, *, #901, .F. ) ;
#1058 = AXIS2_PLACEMENT_3D ( 'NONE', #193, #2958, #542 ) ;
#1059 = LINE ( 'NONE', #648, #1108 ) ;
#1060 = FILL_AREA_STYLE_COLOUR ( '', #426 ) ;
#1061 = PLANE ( 'NONE',  #1074 ) ;
#1062 = UNCERTAINTY_MEASURE_WITH_UNIT (LENGTH_MEASURE( 1.000000000000000082E-05 ), #249, 'distance_accuracy_value', 'NONE');
#1063 = ORIENTED_EDGE ( 'NONE', *, *, #4215, .T. ) ;
#1064 = CARTESIAN_POINT ( 'NONE',  ( 6.788150000000000794, -4.927600000000000868, 1.085849999999999316 ) ) ;
#1065 = DIRECTION ( 'NONE',  ( 0.000000000000000000, -0.7071067811865470176, 0.7071067811865480168 ) ) ;
#1066 =( GEOMETRIC_REPRESENTATION_CONTEXT ( 3 ) GLOBAL_UNCERTAINTY_ASSIGNED_CONTEXT ( ( #2301 ) ) GLOBAL_UNIT_ASSIGNED_CONTEXT ( ( #1132, #2051, #1416 ) ) REPRESENTATION_CONTEXT ( 'NONE', 'WORKASPACE' ) );
#1067 = DIRECTION ( 'NONE',  ( 0.3892816206350245278, 0.8348171294789875629, -0.3892816206350258046 ) ) ;
#1068 = COLOUR_RGB ( '',1.000000000000000000, 1.000000000000000000, 0.000000000000000000 ) ;
#1069 = VECTOR ( 'NONE', #36, 1000.000000000000000 ) ;
#1070 = ORIENTED_EDGE ( 'NONE', *, *, #90, .F. ) ;
#1071 = LINE ( 'NONE', #2767, #3451 ) ;
#1072 = STYLED_ITEM ( 'NONE', ( #3915 ), #3711 ) ;
#1073 = LINE ( 'NONE', #67, #2421 ) ;
#1074 = AXIS2_PLACEMENT_3D ( 'NONE', #2020, #737, #2338 ) ;
#1075 = ORIENTED_EDGE ( 'NONE', *, *, #662, .T. ) ;
#1076 = DIRECTION ( 'NONE',  ( 0.000000000000000000, -1.000000000000000000, -0.000000000000000000 ) ) ;
#1077 = ADVANCED_FACE ( 'NONE', ( #595 ), #545, .F. ) ;
#1078 = EDGE_CURVE ( 'NONE', #157, #3325, #1099, .T. ) ;
#1079 = PRESENTATION_STYLE_ASSIGNMENT (( #1382 ) ) ;
#1080 = LINE ( 'NONE', #1421, #437 ) ;
#1081 = EDGE_LOOP ( 'NONE', ( #1136, #2726, #2801, #1427 ) ) ;
#1082 = DIRECTION ( 'NONE',  ( 0.000000000000000000, 1.000000000000000000, -0.000000000000000000 ) ) ;
#1083 = DIRECTION ( 'NONE',  ( -0.3892816206350258601, 0.8348171294789877850, -0.3892816206350239727 ) ) ;
#1084 = EDGE_CURVE ( 'NONE', #967, #598, #824, .T. ) ;
#1085 = DIRECTION ( 'NONE',  ( 0.9063077870366498257, 0.4226182617406998854, 1.109906930436750015E-16 ) ) ;
#1086 = ORIENTED_EDGE ( 'NONE', *, *, #3430, .T. ) ;
#1087 = CARTESIAN_POINT ( 'NONE',  ( 6.921499999999999986, 0.5079999999999997851, 0.9525000000000000133 ) ) ;
#1088 = PRESENTATION_STYLE_ASSIGNMENT (( #2031 ) ) ;
#1089 = ORIENTED_EDGE ( 'NONE', *, *, #4046, .F. ) ;
#1090 = DIRECTION ( 'NONE',  ( 1.000000000000000000, 0.000000000000000000, -0.000000000000000000 ) ) ;
#1091 = ORIENTED_EDGE ( 'NONE', *, *, #3510, .T. ) ;
#1092 = SURFACE_STYLE_USAGE ( .BOTH. , #92 ) ;
#1093 = DIRECTION ( 'NONE',  ( -1.000000000000000000, -0.000000000000000000, 0.000000000000000000 ) ) ;
#1094 = DIRECTION ( 'NONE',  ( -1.000000000000000000, -0.000000000000000000, 0.000000000000000000 ) ) ;
#1095 = ORIENTED_EDGE ( 'NONE', *, *, #793, .T. ) ;
#1096 =( NAMED_UNIT ( * ) SI_UNIT ( $, .STERADIAN. ) SOLID_ANGLE_UNIT ( ) );
#1097 = CARTESIAN_POINT ( 'NONE',  ( 1.524000000000000021, 5.262500000000001066, 1.663699999999999957 ) ) ;
#1098 = EDGE_CURVE ( 'NONE', #2951, #1310, #3806, .T. ) ;
#1099 = LINE ( 'NONE', #2085, #1807 ) ;
#1100 = ORIENTED_EDGE ( 'NONE', *, *, #1992, .T. ) ;
#1101 = EDGE_CURVE ( 'NONE', #413, #1506, #2106, .T. ) ;
#1102 =( NAMED_UNIT ( * ) PLANE_ANGLE_UNIT ( ) SI_UNIT ( $, .RADIAN. ) );
#1103 = PLANE ( 'NONE',  #1539 ) ;
#1104 = VERTEX_POINT ( 'NONE', #3775 ) ;
#1105 = LINE ( 'NONE', #2155, #3457 ) ;
#1106 = COLOUR_RGB ( '',1.000000000000000000, 1.000000000000000000, 0.000000000000000000 ) ;
#1107 = FACE_OUTER_BOUND ( 'NONE', #292, .T. ) ;
#1108 = VECTOR ( 'NONE', #1714, 1000.000000000000000 ) ;
#1109 = ORIENTED_EDGE ( 'NONE', *, *, #1631, .T. ) ;
#1110 = CARTESIAN_POINT ( 'NONE',  ( 4.064000000000000057, 0.000000000000000000, -2.476500000000000590 ) ) ;
#1111 = PRESENTATION_LAYER_ASSIGNMENT (  '', '', ( #1330 ) ) ;
#1112 =( NAMED_UNIT ( * ) PLANE_ANGLE_UNIT ( ) SI_UNIT ( $, .RADIAN. ) );
#1113 = VECTOR ( 'NONE', #3513, 1000.000000000000000 ) ;
#1114 = CARTESIAN_POINT ( 'NONE',  ( 4.064000000000000057, 1.008000000000000007, -1.663699999999999957 ) ) ;
#1115 = STYLED_ITEM ( 'NONE', ( #3633 ), #3314 ) ;
#1116 = CARTESIAN_POINT ( 'NONE',  ( 4.457699999999999996, 8.128000000000000114, 1.663699999999999735 ) ) ;
#1117 = ORIENTED_EDGE ( 'NONE', *, *, #3416, .F. ) ;
#1118 = CARTESIAN_POINT ( 'NONE',  ( 6.286499999999997534, -4.641630002150050949, -0.9525000000000000133 ) ) ;
#1119 = PLANE ( 'NONE',  #1528 ) ;
#1120 =( GEOMETRIC_REPRESENTATION_CONTEXT ( 3 ) GLOBAL_UNCERTAINTY_ASSIGNED_CONTEXT ( ( #2732 ) ) GLOBAL_UNIT_ASSIGNED_CONTEXT ( ( #3815, #2133, #1223 ) ) REPRESENTATION_CONTEXT ( 'NONE', 'WORKASPACE' ) );
#1121 = CARTESIAN_POINT ( 'NONE',  ( 1.206499999999999906, 0.5079999999999997851, 1.587499999999999911 ) ) ;
#1122 = ORIENTED_EDGE ( 'NONE', *, *, #4003, .T. ) ;
#1123 = VECTOR ( 'NONE', #709, 1000.000000000000000 ) ;
#1124 = LINE ( 'NONE', #1504, #3499 ) ;
#1125 = AXIS2_PLACEMENT_3D ( 'NONE', #170, #473, #1486 ) ;
#1126 = ADVANCED_FACE ( 'NONE', ( #2737 ), #1461, .F. ) ;
#1127 = FILL_AREA_STYLE ('',( #897 ) ) ;
#1128 = ORIENTED_EDGE ( 'NONE', *, *, #2218, .T. ) ;
#1129 = PRESENTATION_LAYER_ASSIGNMENT (  '', '', ( #3726 ) ) ;
#1130 = UNCERTAINTY_MEASURE_WITH_UNIT (LENGTH_MEASURE( 1.000000000000000082E-05 ), #2408, 'distance_accuracy_value', 'NONE');
#1131 = LINE ( 'NONE', #3997, #3927 ) ;
#1132 =( LENGTH_UNIT ( ) NAMED_UNIT ( * ) SI_UNIT ( .MILLI., .METRE. ) );
#1133 = EDGE_CURVE ( 'NONE', #2176, #3680, #2402, .T. ) ;
#1134 = VECTOR ( 'NONE', #381, 1000.000000000000000 ) ;
#1135 = CARTESIAN_POINT ( 'NONE',  ( 4.457699999999999996, 1.008000000000000229, 0.8762999999999999678 ) ) ;
#1136 = ORIENTED_EDGE ( 'NONE', *, *, #1629, .F. ) ;
#1137 = VECTOR ( 'NONE', #1067, 1000.000000000000000 ) ;
#1138 = FACE_BOUND ( 'NONE', #3290, .T. ) ;
#1139 = CARTESIAN_POINT ( 'NONE',  ( 1.130300000000000082, 1.008000000000000229, 1.663699999999999957 ) ) ;
#1140 = EDGE_LOOP ( 'NONE', ( #2446, #1392, #3511, #602 ) ) ;
#1141 =( GEOMETRIC_REPRESENTATION_CONTEXT ( 3 ) GLOBAL_UNCERTAINTY_ASSIGNED_CONTEXT ( ( #3448 ) ) GLOBAL_UNIT_ASSIGNED_CONTEXT ( ( #2657, #2055, #1736 ) ) REPRESENTATION_CONTEXT ( 'NONE', 'WORKASPACE' ) );
#1142 = LINE ( 'NONE', #1118, #2479 ) ;
#1143 = CARTESIAN_POINT ( 'NONE',  ( 4.381499999999999950, -2.063800000000000079, -1.270000000000000018 ) ) ;
#1144 = VERTEX_POINT ( 'NONE', #2469 ) ;
#1145 = SURFACE_STYLE_FILL_AREA ( #3774 ) ;
#1146 = DIRECTION ( 'NONE',  ( 1.000000000000000000, 0.000000000000000000, 0.000000000000000000 ) ) ;
#1147 = ORIENTED_EDGE ( 'NONE', *, *, #262, .T. ) ;
#1148 = VERTEX_POINT ( 'NONE', #429 ) ;
#1149 = ADVANCED_FACE ( 'NONE', ( #2756 ), #2428, .F. ) ;
#1150 = DIRECTION ( 'NONE',  ( 0.000000000000000000, 0.000000000000000000, 1.000000000000000000 ) ) ;
#1151 = CARTESIAN_POINT ( 'NONE',  ( 6.286500000000000199, -2.063800000000000079, 1.587499999999999911 ) ) ;
#1152 = VERTEX_POINT ( 'NONE', #3566 ) ;
#1153 = ADVANCED_FACE ( 'NONE', ( #3483 ), #2913, .F. ) ;
#1154 = ORIENTED_EDGE ( 'NONE', *, *, #3320, .F. ) ;
#1155 = EDGE_CURVE ( 'NONE', #4097, #3104, #559, .T. ) ;
#1156 = DIRECTION ( 'NONE',  ( 0.9063077870366498257, 0.4226182617406998854, 1.109906930436750015E-16 ) ) ;
#1157 = SURFACE_STYLE_FILL_AREA ( #2442 ) ;
#1158 = LINE ( 'NONE', #2776, #3678 ) ;
#1159 = DIRECTION ( 'NONE',  ( -0.000000000000000000, -1.000000000000000000, -0.000000000000000000 ) ) ;
#1160 = ORIENTED_EDGE ( 'NONE', *, *, #1636, .F. ) ;
#1161 = FACE_OUTER_BOUND ( 'NONE', #1476, .T. ) ;
#1162 = ORIENTED_EDGE ( 'NONE', *, *, #4239, .T. ) ;
#1163 = DIRECTION ( 'NONE',  ( 0.000000000000000000, -1.000000000000000000, -0.000000000000000000 ) ) ;
#1164 =( NAMED_UNIT ( * ) SI_UNIT ( $, .STERADIAN. ) SOLID_ANGLE_UNIT ( ) );
#1165 = ORIENTED_EDGE ( 'NONE', *, *, #3801, .T. ) ;
#1166 = DIRECTION ( 'NONE',  ( 0.000000000000000000, 0.000000000000000000, 1.000000000000000000 ) ) ;
#1167 = LINE ( 'NONE', #1847, #4211 ) ;
#1168 = SURFACE_STYLE_USAGE ( .BOTH. , #3487 ) ;
#1169 = FACE_OUTER_BOUND ( 'NONE', #593, .T. ) ;
#1170 = DIRECTION ( 'NONE',  ( -0.000000000000000000, -0.000000000000000000, 1.000000000000000000 ) ) ;
#1171 = CARTESIAN_POINT ( 'NONE',  ( 3.670300000000000118, 1.008000000000000229, -1.663699999999999957 ) ) ;
#1172 = STYLED_ITEM ( 'NONE', ( #1409 ), #2026 ) ;
#1173 = PRESENTATION_STYLE_ASSIGNMENT (( #3427 ) ) ;
#1174 = ORIENTED_EDGE ( 'NONE', *, *, #3002, .F. ) ;
#1175 = AXIS2_PLACEMENT_3D ( 'NONE', #2637, #2381, #3938 ) ;
#1176 = ORIENTED_EDGE ( 'NONE', *, *, #2383, .T. ) ;
#1177 = PLANE ( 'NONE',  #4117 ) ;
#1178 = CARTESIAN_POINT ( 'NONE',  ( 4.381499999999999950, -2.063800000000000079, -1.587499999999999911 ) ) ;
#1179 = AXIS2_PLACEMENT_3D ( 'NONE', #723, #2979, #3019 ) ;
#1180 = ADVANCED_FACE ( 'NONE', ( #2614 ), #537, .T. ) ;
#1181 = EDGE_CURVE ( 'NONE', #3463, #517, #2251, .T. ) ;
#1182 = FACE_OUTER_BOUND ( 'NONE', #2220, .T. ) ;
#1183 = CARTESIAN_POINT ( 'NONE',  ( 4.064000000000000057, 8.509000000000000341, 2.044700000000000628 ) ) ;
#1184 = VERTEX_POINT ( 'NONE', #279 ) ;
#1185 = VECTOR ( 'NONE', #2939, 1000.000000000000000 ) ;
#1186 = LINE ( 'NONE', #2104, #417 ) ;
#1187 = LINE ( 'NONE', #3118, #4054 ) ;
#1188 = ORIENTED_EDGE ( 'NONE', *, *, #3469, .F. ) ;
#1189 = COLOUR_RGB ( '',1.000000000000000000, 1.000000000000000000, 0.000000000000000000 ) ;
#1190 = VECTOR ( 'NONE', #3901, 1000.000000000000000 ) ;
#1191 = VERTEX_POINT ( 'NONE', #4160 ) ;
#1192 = SURFACE_STYLE_FILL_AREA ( #4077 ) ;
#1193 = VECTOR ( 'NONE', #3698, 1000.000000000000000 ) ;
#1194 = VECTOR ( 'NONE', #1515, 1000.000000000000000 ) ;
#1195 =( LENGTH_UNIT ( ) NAMED_UNIT ( * ) SI_UNIT ( .MILLI., .METRE. ) );
#1196 = ORIENTED_EDGE ( 'NONE', *, *, #2064, .F. ) ;
#1197 = LINE ( 'NONE', #567, #359 ) ;
#1198 = MECHANICAL_DESIGN_GEOMETRIC_PRESENTATION_REPRESENTATION (  '', ( #3726 ), #231 ) ;
#1199 = ORIENTED_EDGE ( 'NONE', *, *, #1689, .F. ) ;
#1200 = ORIENTED_EDGE ( 'NONE', *, *, #2684, .F. ) ;
#1201 = DIRECTION ( 'NONE',  ( 0.000000000000000000, 0.000000000000000000, 1.000000000000000000 ) ) ;
#1202 = DIRECTION ( 'NONE',  ( 1.000000000000000000, 0.000000000000000000, -0.000000000000000000 ) ) ;
#1203 = VECTOR ( 'NONE', #3968, 1000.000000000000000 ) ;
#1204 = DIRECTION ( 'NONE',  ( 0.000000000000000000, -0.000000000000000000, 1.000000000000000000 ) ) ;
#1205 = ORIENTED_EDGE ( 'NONE', *, *, #337, .T. ) ;
#1206 = DIRECTION ( 'NONE',  ( 0.000000000000000000, -0.000000000000000000, 1.000000000000000000 ) ) ;
#1207 = EDGE_CURVE ( 'NONE', #3519, #2177, #1915, .T. ) ;
#1208 = EDGE_CURVE ( 'NONE', #1224, #151, #607, .T. ) ;
#1209 = LINE ( 'NONE', #2515, #2772 ) ;
#1210 = ORIENTED_EDGE ( 'NONE', *, *, #1659, .F. ) ;
#1211 = COLOUR_RGB ( '',1.000000000000000000, 1.000000000000000000, 0.000000000000000000 ) ;
#1212 = LINE ( 'NONE', #933, #2348 ) ;
#1213 = LINE ( 'NONE', #3094, #594 ) ;
#1214 = VECTOR ( 'NONE', #168, 1000.000000000000000 ) ;
#1215 = CARTESIAN_POINT ( 'NONE',  ( 3.746500000000000163, 0.5079999999999997851, 1.587499999999999911 ) ) ;
#1216 = ORIENTED_EDGE ( 'NONE', *, *, #3541, .T. ) ;
#1217 = EDGE_CURVE ( 'NONE', #1843, #2260, #955, .T. ) ;
#1218 = CARTESIAN_POINT ( 'NONE',  ( 1.917699999999999960, 8.128000000000001890, 0.8763000000000004119 ) ) ;
#1219 = DIRECTION ( 'NONE',  ( -1.000000000000000000, 0.000000000000000000, 0.000000000000000000 ) ) ;
#1220 = ORIENTED_EDGE ( 'NONE', *, *, #758, .T. ) ;
#1221 = LINE ( 'NONE', #2304, #3450 ) ;
#1222 = DIRECTION ( 'NONE',  ( 0.000000000000000000, 0.7071067811865470176, 0.7071067811865480168 ) ) ;
#1223 =( NAMED_UNIT ( * ) SI_UNIT ( $, .STERADIAN. ) SOLID_ANGLE_UNIT ( ) );
#1224 = VERTEX_POINT ( 'NONE', #1935 ) ;
#1225 = EDGE_LOOP ( 'NONE', ( #3258, #556, #2856, #3618 ) ) ;
#1226 = CARTESIAN_POINT ( 'NONE',  ( 2.540000000000000036, 0.5080000000000000071, 0.000000000000000000 ) ) ;
#1227 = CARTESIAN_POINT ( 'NONE',  ( 8.128000000000000114, 4.254500000000000171, 0.000000000000000000 ) ) ;
#1228 = CARTESIAN_POINT ( 'NONE',  ( 3.479800000000000004, 8.318500000000002004, 2.270000000000000018 ) ) ;
#1229 = ORIENTED_EDGE ( 'NONE', *, *, #1292, .T. ) ;
#1230 = DIRECTION ( 'NONE',  ( 1.000000000000000000, 0.000000000000000000, -0.000000000000000000 ) ) ;
#1231 = DIRECTION ( 'NONE',  ( 1.000000000000000000, 0.000000000000000000, -0.000000000000000000 ) ) ;
#1232 = VERTEX_POINT ( 'NONE', #1215 ) ;
#1233 = PLANE ( 'NONE',  #2702 ) ;
#1234 = CARTESIAN_POINT ( 'NONE',  ( 6.921499999999999986, -2.063800000000000079, 0.9525000000000000133 ) ) ;
#1235 = CARTESIAN_POINT ( 'NONE',  ( 4.064000000000000057, 0.000000000000000000, 0.000000000000000000 ) ) ;
#1236 = EDGE_LOOP ( 'NONE', ( #1057, #1579, #1501, #3367 ) ) ;
#1237 = FACE_OUTER_BOUND ( 'NONE', #881, .T. ) ;
#1238 = EDGE_CURVE ( 'NONE', #251, #2606, #3257, .T. ) ;
#1239 = ADVANCED_FACE ( 'NONE', ( #2844 ), #304, .F. ) ;
#1240 = FILL_AREA_STYLE_COLOUR ( '', #35 ) ;
#1241 = LINE ( 'NONE', #2213, #514 ) ;
#1242 =( NAMED_UNIT ( * ) PLANE_ANGLE_UNIT ( ) SI_UNIT ( $, .RADIAN. ) );
#1243 = CARTESIAN_POINT ( 'NONE',  ( 1.841500000000000137, -4.641630002150050061, -1.270000000000000018 ) ) ;
#1244 = FACE_OUTER_BOUND ( 'NONE', #4025, .T. ) ;
#1245 = ORIENTED_EDGE ( 'NONE', *, *, #758, .F. ) ;
#1246 = VERTEX_POINT ( 'NONE', #589 ) ;
#1247 = FILL_AREA_STYLE_COLOUR ( '', #2905 ) ;
#1248 = FACE_OUTER_BOUND ( 'NONE', #2497, .T. ) ;
#1249 = STYLED_ITEM ( 'NONE', ( #3097 ), #2065 ) ;
#1250 = ORIENTED_EDGE ( 'NONE', *, *, #629, .F. ) ;
#1251 = FACE_OUTER_BOUND ( 'NONE', #4221, .T. ) ;
#1252 = CARTESIAN_POINT ( 'NONE',  ( 1.339849999999999541, -4.927600000000000868, 1.454150000000000942 ) ) ;
#1253 = VECTOR ( 'NONE', #977, 1000.000000000000000 ) ;
#1254 = VERTEX_POINT ( 'NONE', #259 ) ;
#1255 =( NAMED_UNIT ( * ) SI_UNIT ( $, .STERADIAN. ) SOLID_ANGLE_UNIT ( ) );
#1256 = CARTESIAN_POINT ( 'NONE',  ( 3.879849999999999355, -4.927600000000000868, -1.085849999999999316 ) ) ;
#1257 = COLOUR_RGB ( '',1.000000000000000000, 1.000000000000000000, 0.000000000000000000 ) ;
#1258 =( NAMED_UNIT ( * ) PLANE_ANGLE_UNIT ( ) SI_UNIT ( $, .RADIAN. ) );
#1259 = ORIENTED_EDGE ( 'NONE', *, *, #876, .F. ) ;
#1260 = CARTESIAN_POINT ( 'NONE',  ( 3.670300000000000562, 8.128000000000000114, -1.663699999999999291 ) ) ;
#1261 = COLOUR_RGB ( '',1.000000000000000000, 1.000000000000000000, 0.000000000000000000 ) ;
#1262 = STYLED_ITEM ( 'NONE', ( #813 ), #3022 ) ;
#1263 = VECTOR ( 'NONE', #480, 1000.000000000000000 ) ;
#1264 = LINE ( 'NONE', #1574, #2471 ) ;
#1265 = DIRECTION ( 'NONE',  ( -0.000000000000000000, -1.000000000000000000, 0.000000000000000000 ) ) ;
#1266 = ADVANCED_FACE ( 'NONE', ( #2888 ), #4181, .F. ) ;
#1267 = SURFACE_STYLE_USAGE ( .BOTH. , #1851 ) ;
#1268 = STYLED_ITEM ( 'NONE', ( #3632 ), #550 ) ;
#1269 = DIRECTION ( 'NONE',  ( 0.000000000000000000, -0.000000000000000000, -1.000000000000000000 ) ) ;
#1270 = EDGE_LOOP ( 'NONE', ( #125, #1147, #3536, #1947 ) ) ;
#1271 = VERTEX_POINT ( 'NONE', #3636 ) ;
#1272 = VECTOR ( 'NONE', #2198, 1000.000000000000000 ) ;
#1273 = FACE_OUTER_BOUND ( 'NONE', #2341, .T. ) ;
#1274 = EDGE_CURVE ( 'NONE', #4084, #297, #738, .T. ) ;
#1275 = LINE ( 'NONE', #1838, #1194 ) ;
#1276 = CARTESIAN_POINT ( 'NONE',  ( 0.000000000000000000, 0.000000000000000000, 0.000000000000000000 ) ) ;
#1277 = ORIENTED_EDGE ( 'NONE', *, *, #3126, .T. ) ;
#1278 = CARTESIAN_POINT ( 'NONE',  ( 4.064000000000000057, 1.008000000000000007, 1.270000000000000018 ) ) ;
#1279 = ORIENTED_EDGE ( 'NONE', *, *, #1854, .T. ) ;
#1280 = CARTESIAN_POINT ( 'NONE',  ( 0.000000000000000000, 4.254500000000000171, 0.000000000000000000 ) ) ;
#1281 = VECTOR ( 'NONE', #600, 1000.000000000000000 ) ;
#1282 = UNCERTAINTY_MEASURE_WITH_UNIT (LENGTH_MEASURE( 1.000000000000000082E-05 ), #1884, 'distance_accuracy_value', 'NONE');
#1283 = DIRECTION ( 'NONE',  ( 0.000000000000000000, -0.000000000000000000, 1.000000000000000000 ) ) ;
#1284 = VERTEX_POINT ( 'NONE', #2692 ) ;
#1285 = MECHANICAL_DESIGN_GEOMETRIC_PRESENTATION_REPRESENTATION (  '', ( #1889 ), #4074 ) ;
#1286 = COLOUR_RGB ( '',1.000000000000000000, 1.000000000000000000, 0.000000000000000000 ) ;
#1287 = LINE ( 'NONE', #2595, #1012 ) ;
#1288 = LINE ( 'NONE', #2570, #1582 ) ;
#1289 = FACE_OUTER_BOUND ( 'NONE', #614, .T. ) ;
#1290 = VECTOR ( 'NONE', #1499, 1000.000000000000000 ) ;
#1291 = FACE_OUTER_BOUND ( 'NONE', #91, .T. ) ;
#1292 = EDGE_CURVE ( 'NONE', #1104, #4015, #367, .T. ) ;
#1293 = ORIENTED_EDGE ( 'NONE', *, *, #1497, .F. ) ;
#1294 = ORIENTED_EDGE ( 'NONE', *, *, #2098, .F. ) ;
#1295 = CARTESIAN_POINT ( 'NONE',  ( 3.746499999999999719, -4.641630002150050061, -1.587500000000001243 ) ) ;
#1296 = EDGE_CURVE ( 'NONE', #2647, #2380, #2955, .T. ) ;
#1297 = EDGE_CURVE ( 'NONE', #1254, #2459, #3281, .T. ) ;
#1298 = CARTESIAN_POINT ( 'NONE',  ( 1.206499999999999906, -4.641630002150050061, -1.270000000000000018 ) ) ;
#1299 = ORIENTED_EDGE ( 'NONE', *, *, #2517, .T. ) ;
#1300 = DIRECTION ( 'NONE',  ( 1.000000000000000000, 0.000000000000000000, -0.000000000000000000 ) ) ;
#1301 = DIRECTION ( 'NONE',  ( 1.664860395655130322E-16, 0.4226182617406998854, -0.9063077870366498257 ) ) ;
#1302 = EDGE_LOOP ( 'NONE', ( #1739, #574, #951, #334 ) ) ;
#1303 = LINE ( 'NONE', #1618, #3006 ) ;
#1304 = ORIENTED_EDGE ( 'NONE', *, *, #65, .F. ) ;
#1305 =( NAMED_UNIT ( * ) PLANE_ANGLE_UNIT ( ) SI_UNIT ( $, .RADIAN. ) );
#1306 = LINE ( 'NONE', #3131, #2908 ) ;
#1307 = CARTESIAN_POINT ( 'NONE',  ( 6.997699999999999143, 8.128000000000000114, -1.663699999999999735 ) ) ;
#1308 = FILL_AREA_STYLE ('',( #2257 ) ) ;
#1309 = DIRECTION ( 'NONE',  ( 0.000000000000000000, 0.7071067811865470176, 0.7071067811865480168 ) ) ;
#1310 = VERTEX_POINT ( 'NONE', #677 ) ;
#1311 = ORIENTED_EDGE ( 'NONE', *, *, #3126, .F. ) ;
#1312 = SURFACE_STYLE_USAGE ( .BOTH. , #3292 ) ;
#1313 = CARTESIAN_POINT ( 'NONE',  ( 1.917699999999999960, 5.262500000000001066, 1.270000000000000018 ) ) ;
#1314 = ORIENTED_EDGE ( 'NONE', *, *, #2864, .F. ) ;
#1315 = FILL_AREA_STYLE ('',( #3275 ) ) ;
#1316 = ORIENTED_EDGE ( 'NONE', *, *, #89, .T. ) ;
#1317 = EDGE_CURVE ( 'NONE', #788, #325, #2039, .T. ) ;
#1318 = ADVANCED_FACE ( 'NONE', ( #2302 ), #2362, .F. ) ;
#1319 = STYLED_ITEM ( 'NONE', ( #3037 ), #2046 ) ;
#1320 = FACE_OUTER_BOUND ( 'NONE', #1462, .T. ) ;
#1321 = SURFACE_SIDE_STYLE ('',( #3255 ) ) ;
#1322 = ORIENTED_EDGE ( 'NONE', *, *, #874, .T. ) ;
#1323 = STYLED_ITEM ( 'NONE', ( #2957 ), #2323 ) ;
#1324 = DIRECTION ( 'NONE',  ( -0.000000000000000000, -1.000000000000000000, -0.000000000000000000 ) ) ;
#1325 = CARTESIAN_POINT ( 'NONE',  ( 3.670300000000000118, 1.008000000000000229, 1.663699999999999957 ) ) ;
#1326 = EDGE_CURVE ( 'NONE', #1584, #601, #72, .T. ) ;
#1327 = VECTOR ( 'NONE', #3952, 1000.000000000000000 ) ;
#1328 = DIRECTION ( 'NONE',  ( 1.000000000000000000, 0.000000000000000000, -0.000000000000000000 ) ) ;
#1329 = SURFACE_SIDE_STYLE ('',( #3621 ) ) ;
#1330 = STYLED_ITEM ( 'NONE', ( #683 ), #116 ) ;
#1331 = AXIS2_PLACEMENT_3D ( 'NONE', #3748, #1156, #4016 ) ;
#1332 = MECHANICAL_DESIGN_GEOMETRIC_PRESENTATION_REPRESENTATION (  '', ( #1731 ), #3860 ) ;
#1333 = DIRECTION ( 'NONE',  ( 0.000000000000000000, 0.000000000000000000, -1.000000000000000000 ) ) ;
#1334 = ORIENTED_EDGE ( 'NONE', *, *, #3671, .T. ) ;
#1335 = ORIENTED_EDGE ( 'NONE', *, *, #2864, .T. ) ;
#1336 = DIRECTION ( 'NONE',  ( 0.3892816206350245278, 0.8348171294789875629, -0.3892816206350258046 ) ) ;
#1337 = PRESENTATION_LAYER_ASSIGNMENT (  '', '', ( #2836 ) ) ;
#1338 = DIRECTION ( 'NONE',  ( 1.000000000000000000, -0.000000000000000000, 0.000000000000000000 ) ) ;
#1339 =( GEOMETRIC_REPRESENTATION_CONTEXT ( 3 ) GLOBAL_UNCERTAINTY_ASSIGNED_CONTEXT ( ( #4005 ) ) GLOBAL_UNIT_ASSIGNED_CONTEXT ( ( #3081, #1102, #1767 ) ) REPRESENTATION_CONTEXT ( 'NONE', 'WORKASPACE' ) );
#1340 = VECTOR ( 'NONE', #1695, 1000.000000000000000 ) ;
#1341 = CARTESIAN_POINT ( 'NONE',  ( 1.524000000000000021, 1.008000000000000007, 1.270000000000000018 ) ) ;
#1342 = VERTEX_POINT ( 'NONE', #3751 ) ;
#1343 = DIRECTION ( 'NONE',  ( 1.298934084353240052E-16, 0.7071067811865480168, -0.7071067811865470176 ) ) ;
#1344 = VECTOR ( 'NONE', #415, 1000.000000000000000 ) ;
#1345 = CARTESIAN_POINT ( 'NONE',  ( 1.130300000000000082, 5.262500000000001066, 1.270000000000000018 ) ) ;
#1346 = FACE_OUTER_BOUND ( 'NONE', #817, .T. ) ;
#1347 = PRODUCT_DEFINITION ( 'UNKNOWN', '', #1364, #2112 ) ;
#1348 = PRESENTATION_STYLE_ASSIGNMENT (( #22 ) ) ;
#1349 = VERTEX_POINT ( 'NONE', #1139 ) ;
#1350 = VECTOR ( 'NONE', #936, 1000.000000000000000 ) ;
#1351 = EDGE_CURVE ( 'NONE', #3820, #2519, #2102, .T. ) ;
#1352 = APPLICATION_CONTEXT ( 'automotive_design' ) ;
#1353 = PLANE ( 'NONE',  #1389 ) ;
#1354 = VECTOR ( 'NONE', #250, 1000.000000000000000 ) ;
#1355 = CARTESIAN_POINT ( 'NONE',  ( 3.746500000000000163, -4.641630002150050061, -1.270000000000000018 ) ) ;
#1356 = EDGE_CURVE ( 'NONE', #1342, #1377, #836, .T. ) ;
#1357 = FILL_AREA_STYLE ('',( #2665 ) ) ;
#1358 =( NAMED_UNIT ( * ) PLANE_ANGLE_UNIT ( ) SI_UNIT ( $, .RADIAN. ) );
#1359 = MECHANICAL_DESIGN_GEOMETRIC_PRESENTATION_REPRESENTATION (  '', ( #3344 ), #3003 ) ;
#1360 = LINE ( 'NONE', #1648, #3330 ) ;
#1361 = ORIENTED_EDGE ( 'NONE', *, *, #3963, .F. ) ;
#1362 = CARTESIAN_POINT ( 'NONE',  ( 4.064000000000000057, -4.641630002150050061, -1.587499999999999911 ) ) ;
#1363 = LINE ( 'NONE', #3352, #2986 ) ;
#1364 = PRODUCT_DEFINITION_FORMATION_WITH_SPECIFIED_SOURCE ( 'ANY', '', #2602, .NOT_KNOWN. ) ;
#1365 = LINE ( 'NONE', #2293, #1069 ) ;
#1366 = ORIENTED_EDGE ( 'NONE', *, *, #1351, .F. ) ;
#1367 =( NAMED_UNIT ( * ) PLANE_ANGLE_UNIT ( ) SI_UNIT ( $, .RADIAN. ) );
#1368 = LINE ( 'NONE', #113, #3589 ) ;
#1369 = UNCERTAINTY_MEASURE_WITH_UNIT (LENGTH_MEASURE( 1.000000000000000082E-05 ), #3241, 'distance_accuracy_value', 'NONE');
#1370 = EDGE_LOOP ( 'NONE', ( #2086, #2395, #3135, #1773 ) ) ;
#1371 = FILL_AREA_STYLE ('',( #3638 ) ) ;
#1372 = CARTESIAN_POINT ( 'NONE',  ( 3.048000000000000043, 0.5080000000000000071, 0.000000000000000000 ) ) ;
#1373 = DIRECTION ( 'NONE',  ( 0.000000000000000000, 1.000000000000000000, 0.000000000000000000 ) ) ;
#1374 = ADVANCED_FACE ( 'NONE', ( #2733 ), #4037, .T. ) ;
#1375 = ADVANCED_FACE ( 'NONE', ( #4088 ), #3395, .T. ) ;
#1376 = SURFACE_STYLE_FILL_AREA ( #705 ) ;
#1377 = VERTEX_POINT ( 'NONE', #2394 ) ;
#1378 = CARTESIAN_POINT ( 'NONE',  ( 3.289299999999999891, 8.509000000000000341, 0.000000000000000000 ) ) ;
#1379 = FACE_OUTER_BOUND ( 'NONE', #2375, .T. ) ;
#1380 = VERTEX_POINT ( 'NONE', #2445 ) ;
#1381 = DIRECTION ( 'NONE',  ( 0.000000000000000000, 0.000000000000000000, 1.000000000000000000 ) ) ;
#1382 = SURFACE_STYLE_USAGE ( .BOTH. , #1700 ) ;
#1383 =( LENGTH_UNIT ( ) NAMED_UNIT ( * ) SI_UNIT ( .MILLI., .METRE. ) );
#1384 = ORIENTED_EDGE ( 'NONE', *, *, #3313, .F. ) ;
#1385 = LINE ( 'NONE', #1687, #3848 ) ;
#1386 = CARTESIAN_POINT ( 'NONE',  ( 1.524000000000000021, 1.008000000000000007, 0.8762999999999999678 ) ) ;
#1387 = CARTESIAN_POINT ( 'NONE',  ( 6.286499999999999311, -4.641630002150050061, 0.9524999999999987921 ) ) ;
#1388 =( GEOMETRIC_REPRESENTATION_CONTEXT ( 3 ) GLOBAL_UNCERTAINTY_ASSIGNED_CONTEXT ( ( #4227 ) ) GLOBAL_UNIT_ASSIGNED_CONTEXT ( ( #2499, #809, #1464 ) ) REPRESENTATION_CONTEXT ( 'NONE', 'WORKASPACE' ) );
#1389 = AXIS2_PLACEMENT_3D ( 'NONE', #3373, #3345, #2695 ) ;
#1390 = VECTOR ( 'NONE', #920, 1000.000000000000000 ) ;
#1391 = EDGE_CURVE ( 'NONE', #1342, #3115, #2796, .T. ) ;
#1392 = ORIENTED_EDGE ( 'NONE', *, *, #2197, .F. ) ;
#1393 = EDGE_CURVE ( 'NONE', #3773, #2177, #2140, .T. ) ;
#1394 = FACE_OUTER_BOUND ( 'NONE', #3856, .T. ) ;
#1395 = AXIS2_PLACEMENT_3D ( 'NONE', #2918, #3553, #612 ) ;
#1396 = VECTOR ( 'NONE', #2178, 1000.000000000000000 ) ;
#1397 = VERTEX_POINT ( 'NONE', #1778 ) ;
#1398 = MECHANICAL_DESIGN_GEOMETRIC_PRESENTATION_REPRESENTATION (  '', ( #3253 ), #363 ) ;
#1399 = VECTOR ( 'NONE', #1150, 1000.000000000000000 ) ;
#1400 = FILL_AREA_STYLE_COLOUR ( '', #1257 ) ;
#1401 = VECTOR ( 'NONE', #617, 1000.000000000000000 ) ;
#1402 = DIRECTION ( 'NONE',  ( 1.005917293940771666E-16, 4.690669376351351216E-17, -1.000000000000000000 ) ) ;
#1403 = UNCERTAINTY_MEASURE_WITH_UNIT (LENGTH_MEASURE( 1.000000000000000082E-05 ), #3201, 'distance_accuracy_value', 'NONE');
#1404 = CARTESIAN_POINT ( 'NONE',  ( 7.104000000000000092, -4.927600000000000868, -1.085849999999997983 ) ) ;
#1405 = ORIENTED_EDGE ( 'NONE', *, *, #3628, .F. ) ;
#1406 = SURFACE_SIDE_STYLE ('',( #3974 ) ) ;
#1407 = VECTOR ( 'NONE', #4014, 1000.000000000000000 ) ;
#1408 = ORIENTED_EDGE ( 'NONE', *, *, #1992, .F. ) ;
#1409 = PRESENTATION_STYLE_ASSIGNMENT (( #81 ) ) ;
#1410 = COLOUR_RGB ( '',1.000000000000000000, 1.000000000000000000, 0.000000000000000000 ) ;
#1411 =( NAMED_UNIT ( * ) PLANE_ANGLE_UNIT ( ) SI_UNIT ( $, .RADIAN. ) );
#1412 = MECHANICAL_DESIGN_GEOMETRIC_PRESENTATION_REPRESENTATION (  '', ( #2296 ), #3397 ) ;
#1413 = ORIENTED_EDGE ( 'NONE', *, *, #874, .F. ) ;
#1414 = PRESENTATION_STYLE_ASSIGNMENT (( #86 ) ) ;
#1415 = STYLED_ITEM ( 'NONE', ( #3285 ), #3740 ) ;
#1416 =( NAMED_UNIT ( * ) SI_UNIT ( $, .STERADIAN. ) SOLID_ANGLE_UNIT ( ) );
#1417 = VERTEX_POINT ( 'NONE', #1116 ) ;
#1418 =( NAMED_UNIT ( * ) SI_UNIT ( $, .STERADIAN. ) SOLID_ANGLE_UNIT ( ) );
#1419 = EDGE_CURVE ( 'NONE', #1506, #949, #3703, .T. ) ;
#1420 = EDGE_CURVE ( 'NONE', #1843, #3803, #3088, .T. ) ;
#1421 = CARTESIAN_POINT ( 'NONE',  ( 6.286500000000000199, -4.641630002150050061, -1.270000000000000018 ) ) ;
#1422 = ORIENTED_EDGE ( 'NONE', *, *, #1056, .T. ) ;
#1423 = CARTESIAN_POINT ( 'NONE',  ( 4.381499999999999950, 0.5079999999999997851, 0.9525000000000000133 ) ) ;
#1424 = FACE_OUTER_BOUND ( 'NONE', #3904, .T. ) ;
#1425 = SURFACE_STYLE_USAGE ( .BOTH. , #104 ) ;
#1426 = PRESENTATION_STYLE_ASSIGNMENT (( #2496 ) ) ;
#1427 = ORIENTED_EDGE ( 'NONE', *, *, #3362, .T. ) ;
#1428 = CARTESIAN_POINT ( 'NONE',  ( 1.130300000000000527, 8.128000000000001890, 0.8763000000000008560 ) ) ;
#1429 = LINE ( 'NONE', #3630, #3124 ) ;
#1430 = ORIENTED_EDGE ( 'NONE', *, *, #3023, .F. ) ;
#1431 = CARTESIAN_POINT ( 'NONE',  ( 6.210300000000000153, 8.128000000000000114, -0.8762999999999999678 ) ) ;
#1432 = ORIENTED_EDGE ( 'NONE', *, *, #2639, .F. ) ;
#1433 = CARTESIAN_POINT ( 'NONE',  ( 1.917699999999999960, 1.008000000000000229, -1.270000000000000018 ) ) ;
#1434 = CARTESIAN_POINT ( 'NONE',  ( 4.314825000000000799, -4.784615001075030349, -1.770000000000000018 ) ) ;
#1435 = CARTESIAN_POINT ( 'NONE',  ( 4.248149999999999871, -4.927599999999999980, -1.270000000000000018 ) ) ;
#1436 = DIRECTION ( 'NONE',  ( 0.000000000000000000, 0.000000000000000000, 1.000000000000000000 ) ) ;
#1437 = ORIENTED_EDGE ( 'NONE', *, *, #3766, .F. ) ;
#1438 = LINE ( 'NONE', #165, #1725 ) ;
#1439 = EDGE_CURVE ( 'NONE', #2416, #2160, #136, .T. ) ;
#1440 = EDGE_CURVE ( 'NONE', #986, #2988, #1080, .T. ) ;
#1441 = FILL_AREA_STYLE_COLOUR ( '', #2211 ) ;
#1442 = VERTEX_POINT ( 'NONE', #3455 ) ;
#1443 = FACE_OUTER_BOUND ( 'NONE', #2609, .T. ) ;
#1444 = COLOUR_RGB ( '',1.000000000000000000, 1.000000000000000000, 0.000000000000000000 ) ;
#1445 = PLANE ( 'NONE',  #1006 ) ;
#1446 = ORIENTED_EDGE ( 'NONE', *, *, #792, .T. ) ;
#1447 = VECTOR ( 'NONE', #2186, 1000.000000000000000 ) ;
#1448 = PLANE ( 'NONE',  #3389 ) ;
#1449 = PRESENTATION_LAYER_ASSIGNMENT (  '', '', ( #569 ) ) ;
#1450 = DIRECTION ( 'NONE',  ( -1.000000000000000000, 7.036004064527049935E-17, -1.508875940911162121E-16 ) ) ;
#1451 = VECTOR ( 'NONE', #620, 1000.000000000000114 ) ;
#1452 = ORIENTED_EDGE ( 'NONE', *, *, #96, .T. ) ;
#1453 = VECTOR ( 'NONE', #1041, 1000.000000000000000 ) ;
#1454 = PLANE ( 'NONE',  #1003 ) ;
#1455 = ORIENTED_EDGE ( 'NONE', *, *, #4239, .F. ) ;
#1456 = SURFACE_STYLE_FILL_AREA ( #3077 ) ;
#1457 = ORIENTED_EDGE ( 'NONE', *, *, #625, .T. ) ;
#1458 = VECTOR ( 'NONE', #2629, 1000.000000000000000 ) ;
#1459 = ADVANCED_FACE ( 'NONE', ( #3418 ), #1454, .T. ) ;
#1460 =( NAMED_UNIT ( * ) SI_UNIT ( $, .STERADIAN. ) SOLID_ANGLE_UNIT ( ) );
#1461 = PLANE ( 'NONE',  #1125 ) ;
#1462 = EDGE_LOOP ( 'NONE', ( #1294, #1277, #3583, #247 ) ) ;
#1463 = VECTOR ( 'NONE', #3227, 1000.000000000000000 ) ;
#1464 =( NAMED_UNIT ( * ) SI_UNIT ( $, .STERADIAN. ) SOLID_ANGLE_UNIT ( ) );
#1465 = AXIS2_PLACEMENT_3D ( 'NONE', #3223, #2478, #3506 ) ;
#1466 = ADVANCED_FACE ( 'NONE', ( #4067 ), #1797, .T. ) ;
#1467 = ADVANCED_FACE ( 'NONE', ( #486 ), #512, .F. ) ;
#1468 = FACE_OUTER_BOUND ( 'NONE', #140, .T. ) ;
#1469 = FILL_AREA_STYLE_COLOUR ( '', #2655 ) ;
#1470 = CARTESIAN_POINT ( 'NONE',  ( 6.210300000000000153, 1.008000000000000229, -0.8762999999999999678 ) ) ;
#1471 = VECTOR ( 'NONE', #2635, 1000.000000000000000 ) ;
#1472 = LINE ( 'NONE', #4058, #2833 ) ;
#1473 = DIRECTION ( 'NONE',  ( -1.000000000000000000, -0.000000000000000000, 0.000000000000000000 ) ) ;
#1474 = FILL_AREA_STYLE ('',( #880 ) ) ;
#1475 = ORIENTED_EDGE ( 'NONE', *, *, #1910, .T. ) ;
#1476 = EDGE_LOOP ( 'NONE', ( #3479, #722, #904, #1299, #3218, #3682, #2693, #837, #3001, #3054, #2411, #1916, #2686, #3919, #3475, #2111 ) ) ;
#1477 = FACE_OUTER_BOUND ( 'NONE', #2429, .T. ) ;
#1478 = VECTOR ( 'NONE', #3376, 1000.000000000000000 ) ;
#1479 = CARTESIAN_POINT ( 'NONE',  ( 6.604000000000000092, 0.5079999999999997851, 1.587499999999999911 ) ) ;
#1480 = DIRECTION ( 'NONE',  ( -0.000000000000000000, -0.000000000000000000, -1.000000000000000000 ) ) ;
#1481 = VERTEX_POINT ( 'NONE', #3156 ) ;
#1482 = VECTOR ( 'NONE', #1960, 1000.000000000000000 ) ;
#1483 = PLANE ( 'NONE',  #2268 ) ;
#1484 = ORIENTED_EDGE ( 'NONE', *, *, #2639, .T. ) ;
#1485 =( NAMED_UNIT ( * ) PLANE_ANGLE_UNIT ( ) SI_UNIT ( $, .RADIAN. ) );
#1486 = DIRECTION ( 'NONE',  ( 1.000000000000000000, 0.000000000000000000, -0.000000000000000000 ) ) ;
#1487 = ORIENTED_EDGE ( 'NONE', *, *, #3801, .F. ) ;
#1488 = DIRECTION ( 'NONE',  ( 0.000000000000000000, 0.000000000000000000, -1.000000000000000000 ) ) ;
#1489 = LINE ( 'NONE', #527, #2850 ) ;
#1490 = ORIENTED_EDGE ( 'NONE', *, *, #143, .F. ) ;
#1491 =( NAMED_UNIT ( * ) PLANE_ANGLE_UNIT ( ) SI_UNIT ( $, .RADIAN. ) );
#1492 = ADVANCED_FACE ( 'NONE', ( #2903 ), #2180, .T. ) ;
#1493 = EDGE_CURVE ( 'NONE', #812, #2577, #3185, .T. ) ;
#1494 = CARTESIAN_POINT ( 'NONE',  ( 0.7493000000000000771, 8.509000000000000341, -0.4953000000000001846 ) ) ;
#1495 = ORIENTED_EDGE ( 'NONE', *, *, #518, .T. ) ;
#1496 = ORIENTED_EDGE ( 'NONE', *, *, #2758, .F. ) ;
#1497 = EDGE_CURVE ( 'NONE', #1191, #497, #2554, .T. ) ;
#1498 = SURFACE_STYLE_FILL_AREA ( #3454 ) ;
#1499 = DIRECTION ( 'NONE',  ( 1.000000000000000000, 0.000000000000000000, -0.000000000000000000 ) ) ;
#1500 =( NAMED_UNIT ( * ) PLANE_ANGLE_UNIT ( ) SI_UNIT ( $, .RADIAN. ) );
#1501 = ORIENTED_EDGE ( 'NONE', *, *, #2758, .T. ) ;
#1502 =( NAMED_UNIT ( * ) PLANE_ANGLE_UNIT ( ) SI_UNIT ( $, .RADIAN. ) );
#1503 = ORIENTED_EDGE ( 'NONE', *, *, #3808, .T. ) ;
#1504 = CARTESIAN_POINT ( 'NONE',  ( 1.130300000000000082, 1.008000000000000007, -1.270000000000000018 ) ) ;
#1505 = SURFACE_STYLE_FILL_AREA ( #2129 ) ;
#1506 = VERTEX_POINT ( 'NONE', #1518 ) ;
#1507 = CARTESIAN_POINT ( 'NONE',  ( 7.378700000000000259, 8.509000000000000341, 0.000000000000000000 ) ) ;
#1508 =( LENGTH_UNIT ( ) NAMED_UNIT ( * ) SI_UNIT ( .MILLI., .METRE. ) );
#1509 = VECTOR ( 'NONE', #1031, 1000.000000000000000 ) ;
#1510 = EDGE_CURVE ( 'NONE', #62, #3699, #1928, .T. ) ;
#1511 = ORIENTED_EDGE ( 'NONE', *, *, #65, .T. ) ;
#1512 = VECTOR ( 'NONE', #2890, 1000.000000000000000 ) ;
#1513 = ORIENTED_EDGE ( 'NONE', *, *, #1826, .F. ) ;
#1514 = DIRECTION ( 'NONE',  ( -0.000000000000000000, 0.000000000000000000, 1.000000000000000000 ) ) ;
#1515 = DIRECTION ( 'NONE',  ( 0.000000000000000000, 0.000000000000000000, 1.000000000000000000 ) ) ;
#1516 =( GEOMETRIC_REPRESENTATION_CONTEXT ( 3 ) GLOBAL_UNCERTAINTY_ASSIGNED_CONTEXT ( ( #98 ) ) GLOBAL_UNIT_ASSIGNED_CONTEXT ( ( #2514, #3250, #3230 ) ) REPRESENTATION_CONTEXT ( 'NONE', 'WORKASPACE' ) );
#1517 = EDGE_CURVE ( 'NONE', #305, #233, #3228, .T. ) ;
#1518 = CARTESIAN_POINT ( 'NONE',  ( 1.130300000000000304, 8.128000000000000114, -0.8762999999999999678 ) ) ;
#1519 = EDGE_LOOP ( 'NONE', ( #2228, #114, #3244, #2168 ) ) ;
#1520 = PRESENTATION_LAYER_ASSIGNMENT (  '', '', ( #2697 ) ) ;
#1521 = VECTOR ( 'NONE', #396, 1000.000000000000000 ) ;
#1522 = CARTESIAN_POINT ( 'NONE',  ( 1.841500000000000137, 0.5079999999999997851, 0.9525000000000000133 ) ) ;
#1523 = DIRECTION ( 'NONE',  ( -1.000000000000000000, 0.000000000000000000, 0.000000000000000000 ) ) ;
#1524 = VECTOR ( 'NONE', #39, 1000.000000000000000 ) ;
#1525 = SURFACE_STYLE_USAGE ( .BOTH. , #4202 ) ;
#1526 = CARTESIAN_POINT ( 'NONE',  ( 6.286500000000000199, 0.5080000000000000071, 0.000000000000000000 ) ) ;
#1527 = ORIENTED_EDGE ( 'NONE', *, *, #2945, .T. ) ;
#1528 = AXIS2_PLACEMENT_3D ( 'NONE', #3863, #1301, #1586 ) ;
#1529 =( NAMED_UNIT ( * ) PLANE_ANGLE_UNIT ( ) SI_UNIT ( $, .RADIAN. ) );
#1530 = FACE_OUTER_BOUND ( 'NONE', #1270, .T. ) ;
#1531 = ORIENTED_EDGE ( 'NONE', *, *, #2254, .T. ) ;
#1532 = CARTESIAN_POINT ( 'NONE',  ( 3.746500000000000163, -2.063800000000000079, -1.587499999999999911 ) ) ;
#1533 = VECTOR ( 'NONE', #496, 1000.000000000000000 ) ;
#1534 = LINE ( 'NONE', #2544, #2289 ) ;
#1535 = ORIENTED_EDGE ( 'NONE', *, *, #3464, .T. ) ;
#1536 = ORIENTED_EDGE ( 'NONE', *, *, #716, .F. ) ;
#1537 = CARTESIAN_POINT ( 'NONE',  ( 1.206499999999997463, -4.641630002150050949, -0.9525000000000000133 ) ) ;
#1538 = DIRECTION ( 'NONE',  ( -0.7071067811865480168, 0.7071067811865470176, 0.000000000000000000 ) ) ;
#1539 = AXIS2_PLACEMENT_3D ( 'NONE', #1341, #2410, #3715 ) ;
#1540 = CARTESIAN_POINT ( 'NONE',  ( 6.921500000000000874, -4.641630002150050061, -1.587500000000000577 ) ) ;
#1541 = ORIENTED_EDGE ( 'NONE', *, *, #1781, .T. ) ;
#1542 = LINE ( 'NONE', #3497, #8 ) ;
#1543 = FILL_AREA_STYLE ('',( #2866 ) ) ;
#1544 = ORIENTED_EDGE ( 'NONE', *, *, #2275, .F. ) ;
#1545 = PRESENTATION_LAYER_ASSIGNMENT (  '', '', ( #2030 ) ) ;
#1546 = ADVANCED_FACE ( 'NONE', ( #618 ), #2838, .F. ) ;
#1547 = EDGE_CURVE ( 'NONE', #3820, #3225, #2511, .T. ) ;
#1548 = DIRECTION ( 'NONE',  ( 0.000000000000000000, 1.000000000000000000, 0.000000000000000000 ) ) ;
#1549 = DIRECTION ( 'NONE',  ( -1.000000000000000000, -0.000000000000000000, -0.000000000000000000 ) ) ;
#1550 = VECTOR ( 'NONE', #2230, 1000.000000000000000 ) ;
#1551 = SURFACE_STYLE_USAGE ( .BOTH. , #872 ) ;
#1552 = ORIENTED_EDGE ( 'NONE', *, *, #3853, .T. ) ;
#1553 = PLANE ( 'NONE',  #349 ) ;
#1554 = VECTOR ( 'NONE', #4106, 1000.000000000000000 ) ;
#1555 = PLANE ( 'NONE',  #864 ) ;
#1556 = DIRECTION ( 'NONE',  ( -0.3892816206350245278, -0.8348171294789875629, -0.3892816206350258046 ) ) ;
#1557 = DIRECTION ( 'NONE',  ( 0.000000000000000000, 0.000000000000000000, 1.000000000000000000 ) ) ;
#1558 = DIRECTION ( 'NONE',  ( 0.000000000000000000, 0.000000000000000000, 1.000000000000000000 ) ) ;
#1559 = ORIENTED_EDGE ( 'NONE', *, *, #2891, .T. ) ;
#1560 = ORIENTED_EDGE ( 'NONE', *, *, #3044, .F. ) ;
#1561 = CARTESIAN_POINT ( 'NONE',  ( 6.604000000000000092, 0.5079999999999997851, -1.587499999999999911 ) ) ;
#1562 = CARTESIAN_POINT ( 'NONE',  ( 3.746499999999999719, -4.641630002150050061, -0.9524999999999989031 ) ) ;
#1563 = CARTESIAN_POINT ( 'NONE',  ( 1.524000000000000021, -4.927599999999999980, -1.270000000000000018 ) ) ;
#1564 = ORIENTED_EDGE ( 'NONE', *, *, #1013, .F. ) ;
#1565 = CARTESIAN_POINT ( 'NONE',  ( 5.064000000000000057, 8.128000000000000114, 1.663699999999998624 ) ) ;
#1566 = CARTESIAN_POINT ( 'NONE',  ( 4.457699999999999996, 1.008000000000000229, -1.270000000000000018 ) ) ;
#1567 = ORIENTED_EDGE ( 'NONE', *, *, #1326, .F. ) ;
#1568 = PLANE ( 'NONE',  #2139 ) ;
#1569 = DIRECTION ( 'NONE',  ( -0.000000000000000000, -0.000000000000000000, -1.000000000000000000 ) ) ;
#1570 = UNCERTAINTY_MEASURE_WITH_UNIT (LENGTH_MEASURE( 1.000000000000000082E-05 ), #4113, 'distance_accuracy_value', 'NONE');
#1571 = ORIENTED_EDGE ( 'NONE', *, *, #3091, .T. ) ;
#1572 = EDGE_CURVE ( 'NONE', #2458, #788, #1859, .T. ) ;
#1573 = CARTESIAN_POINT ( 'NONE',  ( 3.564000000000000501, -4.784615001075030349, 1.019174999999999942 ) ) ;
#1574 = CARTESIAN_POINT ( 'NONE',  ( 1.524000000000000021, -4.641630002150050061, 0.9525000000000000133 ) ) ;
#1575 = CARTESIAN_POINT ( 'NONE',  ( 6.210300000000000153, 5.262500000000001066, 1.663699999999999957 ) ) ;
#1576 = FILL_AREA_STYLE ('',( #3170 ) ) ;
#1577 = CARTESIAN_POINT ( 'NONE',  ( 1.339849999999997987, -4.927600000000000868, 1.085849999999999982 ) ) ;
#1578 = ORIENTED_EDGE ( 'NONE', *, *, #3148, .T. ) ;
#1579 = ORIENTED_EDGE ( 'NONE', *, *, #26, .T. ) ;
#1580 = DIRECTION ( 'NONE',  ( -1.000000000000000000, 0.000000000000000000, 0.000000000000000000 ) ) ;
#1581 = SURFACE_STYLE_FILL_AREA ( #2179 ) ;
#1582 = VECTOR ( 'NONE', #3874, 1000.000000000000000 ) ;
#1583 = CARTESIAN_POINT ( 'NONE',  ( 6.604000000000000092, 0.5079999999999997851, -0.9525000000000000133 ) ) ;
#1584 = VERTEX_POINT ( 'NONE', #1540 ) ;
#1585 = PLANE ( 'NONE',  #2971 ) ;
#1586 = DIRECTION ( 'NONE',  ( 0.000000000000000000, 0.9063077870366497146, 0.4226182617406998299 ) ) ;
#1587 = VECTOR ( 'NONE', #405, 1000.000000000000000 ) ;
#1588 = EDGE_LOOP ( 'NONE', ( #1860, #1798, #531, #1384 ) ) ;
#1589 = CARTESIAN_POINT ( 'NONE',  ( 7.620000000000000107, 0.5079999999999998961, -2.476500000000000590 ) ) ;
#1590 = PRESENTATION_LAYER_ASSIGNMENT (  '', '', ( #3778 ) ) ;
#1591 = CARTESIAN_POINT ( 'NONE',  ( 4.064000000000000057, 8.509000000000000341, 2.044700000000000628 ) ) ;
#1592 = DIRECTION ( 'NONE',  ( 1.000000000000000000, 2.345334688175684236E-17, 5.029586469703876819E-17 ) ) ;
#1593 = VERTEX_POINT ( 'NONE', #2860 ) ;
#1594 = CARTESIAN_POINT ( 'NONE',  ( 4.457699999999999996, 5.262500000000001066, -1.270000000000000018 ) ) ;
#1595 = AXIS2_PLACEMENT_3D ( 'NONE', #1808, #827, #3530 ) ;
#1596 = EDGE_CURVE ( 'NONE', #2177, #62, #580, .T. ) ;
#1597 = SURFACE_SIDE_STYLE ('',( #3896 ) ) ;
#1598 = COLOUR_RGB ( '',1.000000000000000000, 1.000000000000000000, 0.000000000000000000 ) ;
#1599 = CARTESIAN_POINT ( 'NONE',  ( 6.604000000000000092, 5.262500000000001066, -0.8762999999999999678 ) ) ;
#1600 = CARTESIAN_POINT ( 'NONE',  ( 3.670300000000000118, 5.262500000000001066, 0.8762999999999999678 ) ) ;
#1601 = ADVANCED_FACE ( 'NONE', ( #1953 ), #1611, .T. ) ;
#1602 = VECTOR ( 'NONE', #2678, 1000.000000000000000 ) ;
#1603 = EDGE_CURVE ( 'NONE', #1593, #4241, #2313, .T. ) ;
#1604 = CARTESIAN_POINT ( 'NONE',  ( 6.210300000000000153, 8.128000000000000114, 1.270000000000000018 ) ) ;
#1605 = EDGE_LOOP ( 'NONE', ( #3474, #803, #221, #3555 ) ) ;
#1606 = ORIENTED_EDGE ( 'NONE', *, *, #4002, .F. ) ;
#1607 =( GEOMETRIC_REPRESENTATION_CONTEXT ( 3 ) GLOBAL_UNCERTAINTY_ASSIGNED_CONTEXT ( ( #56 ) ) GLOBAL_UNIT_ASSIGNED_CONTEXT ( ( #400, #4243, #3319 ) ) REPRESENTATION_CONTEXT ( 'NONE', 'WORKASPACE' ) );
#1608 = SURFACE_STYLE_FILL_AREA ( #199 ) ;
#1609 = CARTESIAN_POINT ( 'NONE',  ( 3.670300000000000562, 8.128000000000000114, 0.8763000000000010781 ) ) ;
#1610 = VECTOR ( 'NONE', #266, 1000.000000000000000 ) ;
#1611 = PLANE ( 'NONE',  #2787 ) ;
#1612 = ORIENTED_EDGE ( 'NONE', *, *, #2437, .T. ) ;
#1613 =( GEOMETRIC_REPRESENTATION_CONTEXT ( 3 ) GLOBAL_UNCERTAINTY_ASSIGNED_CONTEXT ( ( #1999 ) ) GLOBAL_UNIT_ASSIGNED_CONTEXT ( ( #2518, #1258, #3869 ) ) REPRESENTATION_CONTEXT ( 'NONE', 'WORKASPACE' ) );
#1614 = CARTESIAN_POINT ( 'NONE',  ( 6.604000000000000092, 8.128000000000000114, -1.663699999999999957 ) ) ;
#1615 = ORIENTED_EDGE ( 'NONE', *, *, #3461, .T. ) ;
#1616 = SURFACE_STYLE_FILL_AREA ( #3233 ) ;
#1617 = AXIS2_PLACEMENT_3D ( 'NONE', #1907, #885, #2583 ) ;
#1618 = CARTESIAN_POINT ( 'NONE',  ( 5.588000000000000078, 4.254500000000000171, -2.476500000000000590 ) ) ;
#1619 = UNCERTAINTY_MEASURE_WITH_UNIT (LENGTH_MEASURE( 1.000000000000000082E-05 ), #4094, 'distance_accuracy_value', 'NONE');
#1620 = FILL_AREA_STYLE_COLOUR ( '', #1686 ) ;
#1621 = ORIENTED_EDGE ( 'NONE', *, *, #2684, .T. ) ;
#1622 = FACE_OUTER_BOUND ( 'NONE', #4229, .T. ) ;
#1623 = VECTOR ( 'NONE', #2207, 1000.000000000000000 ) ;
#1624 = FACE_OUTER_BOUND ( 'NONE', #1588, .T. ) ;
#1625 = CARTESIAN_POINT ( 'NONE',  ( 1.917699999999999960, 5.262500000000001066, 1.663699999999999957 ) ) ;
#1626 = LINE ( 'NONE', #1600, #1185 ) ;
#1627 = SURFACE_STYLE_FILL_AREA ( #2258 ) ;
#1628 = VERTEX_POINT ( 'NONE', #2264 ) ;
#1629 = EDGE_CURVE ( 'NONE', #2647, #1954, #1365, .T. ) ;
#1630 = ORIENTED_EDGE ( 'NONE', *, *, #4164, .T. ) ;
#1631 = EDGE_CURVE ( 'NONE', #1954, #1104, #3950, .T. ) ;
#1632 = CARTESIAN_POINT ( 'NONE',  ( 6.997700000000000031, 1.008000000000000229, -1.663699999999999957 ) ) ;
#1633 = PRESENTATION_STYLE_ASSIGNMENT (( #2992 ) ) ;
#1634 = CARTESIAN_POINT ( 'NONE',  ( 3.564000000000000501, -4.927600000000000868, -1.454150000000002052 ) ) ;
#1635 = ORIENTED_EDGE ( 'NONE', *, *, #1007, .F. ) ;
#1636 = EDGE_CURVE ( 'NONE', #2022, #2204, #1020, .T. ) ;
#1637 = CARTESIAN_POINT ( 'NONE',  ( 4.248150000000000759, -4.927600000000000868, 1.454150000000000942 ) ) ;
#1638 = CARTESIAN_POINT ( 'NONE',  ( 2.540000000000000036, 0.000000000000000000, 2.476500000000000590 ) ) ;
#1639 = ORIENTED_EDGE ( 'NONE', *, *, #3042, .T. ) ;
#1640 = DIRECTION ( 'NONE',  ( 1.000000000000000000, 0.000000000000000000, -0.000000000000000000 ) ) ;
#1641 = CARTESIAN_POINT ( 'NONE',  ( 1.130300000000000082, 5.262500000000001066, 0.8762999999999999678 ) ) ;
#1642 = ORIENTED_EDGE ( 'NONE', *, *, #793, .F. ) ;
#1643 = FACE_OUTER_BOUND ( 'NONE', #7, .T. ) ;
#1644 = DIRECTION ( 'NONE',  ( -1.000000000000000000, 0.000000000000000000, 0.000000000000000000 ) ) ;
#1645 = CARTESIAN_POINT ( 'NONE',  ( 4.381499999999999950, -2.063800000000000079, 1.270000000000000018 ) ) ;
#1646 = FACE_OUTER_BOUND ( 'NONE', #4110, .T. ) ;
#1647 = DIRECTION ( 'NONE',  ( 0.000000000000000000, -0.000000000000000000, 1.000000000000000000 ) ) ;
#1648 = CARTESIAN_POINT ( 'NONE',  ( 4.064000000000000057, 8.509000000000000341, 2.476500000000000590 ) ) ;
#1649 = ORIENTED_EDGE ( 'NONE', *, *, #254, .F. ) ;
#1650 = ORIENTED_EDGE ( 'NONE', *, *, #145, .T. ) ;
#1651 = LINE ( 'NONE', #2625, #1123 ) ;
#1652 = EDGE_CURVE ( 'NONE', #1246, #423, #1039, .T. ) ;
#1653 = EDGE_CURVE ( 'NONE', #211, #937, #691, .T. ) ;
#1654 = DIRECTION ( 'NONE',  ( -1.000000000000000000, 0.000000000000000000, 0.000000000000000000 ) ) ;
#1655 = ORIENTED_EDGE ( 'NONE', *, *, #1351, .T. ) ;
#1656 = SURFACE_SIDE_STYLE ('',( #2335 ) ) ;
#1657 = SURFACE_STYLE_FILL_AREA ( #3928 ) ;
#1658 = VECTOR ( 'NONE', #959, 1000.000000000000000 ) ;
#1659 = EDGE_CURVE ( 'NONE', #1152, #1021, #2966, .T. ) ;
#1660 = CARTESIAN_POINT ( 'NONE',  ( 1.130300000000000082, 5.262500000000001066, -1.270000000000000018 ) ) ;
#1661 = CARTESIAN_POINT ( 'NONE',  ( 6.788149999999999906, -4.927599999999999980, 1.270000000000000018 ) ) ;
#1662 = UNCERTAINTY_MEASURE_WITH_UNIT (LENGTH_MEASURE( 1.000000000000000082E-05 ), #2739, 'distance_accuracy_value', 'NONE');
#1663 = ORIENTED_EDGE ( 'NONE', *, *, #3313, .T. ) ;
#1664 = CARTESIAN_POINT ( 'NONE',  ( 6.286500000000000199, -2.063800000000000079, -0.9525000000000000133 ) ) ;
#1665 = VECTOR ( 'NONE', #1834, 1000.000000000000000 ) ;
#1666 = VECTOR ( 'NONE', #53, 1000.000000000000000 ) ;
#1667 = SURFACE_SIDE_STYLE ('',( #3036 ) ) ;
#1668 =( NAMED_UNIT ( * ) PLANE_ANGLE_UNIT ( ) SI_UNIT ( $, .RADIAN. ) );
#1669 = COLOUR_RGB ( '',1.000000000000000000, 1.000000000000000000, 0.000000000000000000 ) ;
#1670 = LINE ( 'NONE', #942, #351 ) ;
#1671 = AXIS2_PLACEMENT_3D ( 'NONE', #257, #2933, #207 ) ;
#1672 = VERTEX_POINT ( 'NONE', #1974 ) ;
#1673 = ORIENTED_EDGE ( 'NONE', *, *, #746, .F. ) ;
#1674 = DIRECTION ( 'NONE',  ( 1.000000000000000000, 0.000000000000000000, -0.000000000000000000 ) ) ;
#1675 = DIRECTION ( 'NONE',  ( -0.000000000000000000, 1.000000000000000000, 0.000000000000000000 ) ) ;
#1676 = COLOUR_RGB ( '',1.000000000000000000, 1.000000000000000000, 0.000000000000000000 ) ;
#1677 = STYLED_ITEM ( 'NONE', ( #1633 ), #834 ) ;
#1678 = CARTESIAN_POINT ( 'NONE',  ( 5.064000000000000057, 8.318500000000002004, 1.854200000000000070 ) ) ;
#1679 = ORIENTED_EDGE ( 'NONE', *, *, #3545, .T. ) ;
#1680 = FILL_AREA_STYLE_COLOUR ( '', #2568 ) ;
#1681 = COLOUR_RGB ( '',1.000000000000000000, 1.000000000000000000, 0.000000000000000000 ) ;
#1682 = LINE ( 'NONE', #4061, #2837 ) ;
#1683 = FILL_AREA_STYLE ('',( #3932 ) ) ;
#1684 = CARTESIAN_POINT ( 'NONE',  ( 1.524000000000000021, -4.641630002150050061, 1.587499999999999911 ) ) ;
#1685 = ORIENTED_EDGE ( 'NONE', *, *, #2456, .F. ) ;
#1686 = COLOUR_RGB ( '',1.000000000000000000, 1.000000000000000000, 0.000000000000000000 ) ;
#1687 = CARTESIAN_POINT ( 'NONE',  ( 6.419849999999997614, -4.927600000000000868, -1.454150000000000276 ) ) ;
#1688 = EDGE_CURVE ( 'NONE', #858, #9, #3015, .T. ) ;
#1689 = EDGE_CURVE ( 'NONE', #4028, #1148, #3273, .T. ) ;
#1690 = DIRECTION ( 'NONE',  ( 0.000000000000000000, 0.000000000000000000, -1.000000000000000000 ) ) ;
#1691 = CARTESIAN_POINT ( 'NONE',  ( 6.997700000000000031, 8.128000000000000114, -1.663699999999998624 ) ) ;
#1692 = AXIS2_PLACEMENT_3D ( 'NONE', #3811, #2803, #875 ) ;
#1693 = VERTEX_POINT ( 'NONE', #357 ) ;
#1694 = CARTESIAN_POINT ( 'NONE',  ( 6.286499999999999311, -4.641630002150050061, -1.587500000000001243 ) ) ;
#1695 = DIRECTION ( 'NONE',  ( -0.5773502691896262862, 0.5773502691896247319, -0.5773502691896263972 ) ) ;
#1696 = DIRECTION ( 'NONE',  ( 1.005917293940771666E-16, 4.690669376351351216E-17, -1.000000000000000000 ) ) ;
#1697 = ORIENTED_EDGE ( 'NONE', *, *, #2170, .T. ) ;
#1698 = FACE_OUTER_BOUND ( 'NONE', #3109, .T. ) ;
#1699 = SURFACE_STYLE_USAGE ( .BOTH. , #2970 ) ;
#1700 = SURFACE_SIDE_STYLE ('',( #3956 ) ) ;
#1701 = UNCERTAINTY_MEASURE_WITH_UNIT (LENGTH_MEASURE( 1.000000000000000082E-05 ), #4013, 'distance_accuracy_value', 'NONE');
#1702 = SURFACE_SIDE_STYLE ('',( #1979 ) ) ;
#1703 = ORIENTED_EDGE ( 'NONE', *, *, #2730, .F. ) ;
#1704 =( NAMED_UNIT ( * ) PLANE_ANGLE_UNIT ( ) SI_UNIT ( $, .RADIAN. ) );
#1705 = DIRECTION ( 'NONE',  ( 1.000000000000000000, 0.000000000000000000, -0.000000000000000000 ) ) ;
#1706 = EDGE_CURVE ( 'NONE', #1148, #3946, #646, .T. ) ;
#1707 =( NAMED_UNIT ( * ) SI_UNIT ( $, .STERADIAN. ) SOLID_ANGLE_UNIT ( ) );
#1708 = ADVANCED_FACE ( 'NONE', ( #3294 ), #2947, .T. ) ;
#1709 = LINE ( 'NONE', #3662, #780 ) ;
#1710 = ORIENTED_EDGE ( 'NONE', *, *, #3914, .F. ) ;
#1711 = CARTESIAN_POINT ( 'NONE',  ( 6.604000000000000092, 1.008000000000000229, -0.8762999999999999678 ) ) ;
#1712 = SURFACE_SIDE_STYLE ('',( #3998 ) ) ;
#1713 = EDGE_LOOP ( 'NONE', ( #2081, #2932, #2288, #3663 ) ) ;
#1714 = DIRECTION ( 'NONE',  ( 1.000000000000000000, 2.345334688175684236E-17, 5.029586469703876819E-17 ) ) ;
#1715 = LINE ( 'NONE', #384, #2280 ) ;
#1716 = DIRECTION ( 'NONE',  ( -0.9063077870366498257, 0.4226182617406998854, 0.000000000000000000 ) ) ;
#1717 = EDGE_LOOP ( 'NONE', ( #1075, #144, #4129, #2815 ) ) ;
#1718 = CARTESIAN_POINT ( 'NONE',  ( 3.670300000000000118, 1.008000000000000007, -1.270000000000000018 ) ) ;
#1719 = CARTESIAN_POINT ( 'NONE',  ( 6.286500000000000199, -2.063800000000000079, -1.270000000000000018 ) ) ;
#1720 = LINE ( 'NONE', #3992, #1137 ) ;
#1721 = AXIS2_PLACEMENT_3D ( 'NONE', #755, #2677, #3958 ) ;
#1722 = FILL_AREA_STYLE_COLOUR ( '', #3093 ) ;
#1723 = FACE_OUTER_BOUND ( 'NONE', #3396, .T. ) ;
#1724 = VECTOR ( 'NONE', #3600, 1000.000000000000000 ) ;
#1725 = VECTOR ( 'NONE', #2751, 1000.000000000000000 ) ;
#1726 = ORIENTED_EDGE ( 'NONE', *, *, #1133, .F. ) ;
#1727 = DIRECTION ( 'NONE',  ( -1.000000000000000000, -0.000000000000000000, 0.000000000000000000 ) ) ;
#1728 = ADVANCED_FACE ( 'NONE', ( #1993 ), #2332, .T. ) ;
#1729 = EDGE_CURVE ( 'NONE', #2792, #1271, #1429, .T. ) ;
#1730 = CARTESIAN_POINT ( 'NONE',  ( 4.838700000000000223, 8.509000000000000341, 0.000000000000000000 ) ) ;
#1731 = STYLED_ITEM ( 'NONE', ( #3358 ), #283 ) ;
#1732 = ORIENTED_EDGE ( 'NONE', *, *, #123, .F. ) ;
#1733 = LINE ( 'NONE', #2392, #495 ) ;
#1734 = FILL_AREA_STYLE ('',( #421 ) ) ;
#1735 = MECHANICAL_DESIGN_GEOMETRIC_PRESENTATION_REPRESENTATION (  '', ( #3792 ), #3112 ) ;
#1736 =( NAMED_UNIT ( * ) SI_UNIT ( $, .STERADIAN. ) SOLID_ANGLE_UNIT ( ) );
#1737 = UNCERTAINTY_MEASURE_WITH_UNIT (LENGTH_MEASURE( 1.000000000000000082E-05 ), #700, 'distance_accuracy_value', 'NONE');
#1738 =( LENGTH_UNIT ( ) NAMED_UNIT ( * ) SI_UNIT ( .MILLI., .METRE. ) );
#1739 = ORIENTED_EDGE ( 'NONE', *, *, #3540, .T. ) ;
#1740 = LINE ( 'NONE', #451, #288 ) ;
#1741 = VECTOR ( 'NONE', #3426, 1000.000000000000000 ) ;
#1742 = DIRECTION ( 'NONE',  ( -0.000000000000000000, -0.000000000000000000, -1.000000000000000000 ) ) ;
#1743 = AXIS2_PLACEMENT_3D ( 'NONE', #403, #1716, #3033 ) ;
#1744 = DIRECTION ( 'NONE',  ( -1.000000000000000000, -0.000000000000000000, -0.000000000000000000 ) ) ;
#1745 = VERTEX_POINT ( 'NONE', #4027 ) ;
#1746 = PLANE ( 'NONE',  #2896 ) ;
#1747 = PRESENTATION_LAYER_ASSIGNMENT (  '', '', ( #2027 ) ) ;
#1748 = LINE ( 'NONE', #3405, #2969 ) ;
#1749 = ORIENTED_EDGE ( 'NONE', *, *, #2098, .T. ) ;
#1750 = SURFACE_STYLE_USAGE ( .BOTH. , #129 ) ;
#1751 = AXIS2_PLACEMENT_3D ( 'NONE', #3960, #392, #3059 ) ;
#1752 = CARTESIAN_POINT ( 'NONE',  ( 3.670300000000000118, 8.128000000000001890, 1.663699999999999291 ) ) ;
#1753 = PRESENTATION_LAYER_ASSIGNMENT (  '', '', ( #804 ) ) ;
#1754 = ADVANCED_FACE ( 'NONE', ( #3315 ), #1103, .T. ) ;
#1755 = ADVANCED_FACE ( 'NONE', ( #2994 ), #2605, .T. ) ;
#1756 = ORIENTED_EDGE ( 'NONE', *, *, #2308, .F. ) ;
#1757 = CARTESIAN_POINT ( 'NONE',  ( 1.206499999999999240, -4.641630002150050061, 0.9524999999999987921 ) ) ;
#1758 = EDGE_CURVE ( 'NONE', #2181, #673, #787, .T. ) ;
#1759 =( NAMED_UNIT ( * ) PLANE_ANGLE_UNIT ( ) SI_UNIT ( $, .RADIAN. ) );
#1760 = DIRECTION ( 'NONE',  ( -1.000000000000000000, 0.000000000000000000, 0.000000000000000000 ) ) ;
#1761 = EDGE_LOOP ( 'NONE', ( #534, #2559, #2294, #1316 ) ) ;
#1762 = DIRECTION ( 'NONE',  ( 0.000000000000000000, 0.000000000000000000, 1.000000000000000000 ) ) ;
#1763 = CARTESIAN_POINT ( 'NONE',  ( 1.130300000000000304, 8.128000000000000114, -1.663699999999999291 ) ) ;
#1764 = FILL_AREA_STYLE_COLOUR ( '', #577 ) ;
#1765 = VERTEX_POINT ( 'NONE', #1848 ) ;
#1766 = PLANE ( 'NONE',  #2753 ) ;
#1767 =( NAMED_UNIT ( * ) SI_UNIT ( $, .STERADIAN. ) SOLID_ANGLE_UNIT ( ) );
#1768 = SURFACE_STYLE_FILL_AREA ( #191 ) ;
#1769 = ORIENTED_EDGE ( 'NONE', *, *, #978, .F. ) ;
#1770 =( NAMED_UNIT ( * ) PLANE_ANGLE_UNIT ( ) SI_UNIT ( $, .RADIAN. ) );
#1771 = LINE ( 'NONE', #749, #507 ) ;
#1772 = PLANE ( 'NONE',  #2414 ) ;
#1773 = ORIENTED_EDGE ( 'NONE', *, *, #312, .T. ) ;
#1774 = LINE ( 'NONE', #444, #3707 ) ;
#1775 = PLANE ( 'NONE',  #301 ) ;
#1776 = ADVANCED_FACE ( 'NONE', ( #1530 ), #457, .F. ) ;
#1777 = DIRECTION ( 'NONE',  ( 0.000000000000000000, -0.000000000000000000, -1.000000000000000000 ) ) ;
#1778 = CARTESIAN_POINT ( 'NONE',  ( 3.048000000000000043, 0.5080000000000000071, 2.476500000000000590 ) ) ;
#1779 = VERTEX_POINT ( 'NONE', #2110 ) ;
#1780 = EDGE_CURVE ( 'NONE', #1377, #3899, #1829, .T. ) ;
#1781 = EDGE_CURVE ( 'NONE', #3803, #273, #877, .T. ) ;
#1782 = DIRECTION ( 'NONE',  ( -0.3892816206350245278, -0.8348171294789875629, -0.3892816206350258046 ) ) ;
#1783 = ORIENTED_EDGE ( 'NONE', *, *, #3437, .T. ) ;
#1784 = VECTOR ( 'NONE', #2644, 1000.000000000000000 ) ;
#1785 = ORIENTED_EDGE ( 'NONE', *, *, #4190, .T. ) ;
#1786 = MECHANICAL_DESIGN_GEOMETRIC_PRESENTATION_REPRESENTATION (  '', ( #1323 ), #1932 ) ;
#1787 = SURFACE_STYLE_USAGE ( .BOTH. , #479 ) ;
#1788 = VECTOR ( 'NONE', #412, 1000.000000000000000 ) ;
#1789 = DIRECTION ( 'NONE',  ( 0.000000000000000000, 0.000000000000000000, -1.000000000000000000 ) ) ;
#1790 = MECHANICAL_DESIGN_GEOMETRIC_PRESENTATION_REPRESENTATION (  '', ( #3581 ), #1516 ) ;
#1791 = ORIENTED_EDGE ( 'NONE', *, *, #3933, .F. ) ;
#1792 = PRESENTATION_STYLE_ASSIGNMENT (( #1092 ) ) ;
#1793 = MECHANICAL_DESIGN_GEOMETRIC_PRESENTATION_REPRESENTATION (  '', ( #2697 ), #420 ) ;
#1794 = VECTOR ( 'NONE', #1336, 1000.000000000000000 ) ;
#1795 = DIRECTION ( 'NONE',  ( -0.000000000000000000, 0.000000000000000000, -1.000000000000000000 ) ) ;
#1796 = STYLED_ITEM ( 'NONE', ( #1414 ), #3072 ) ;
#1797 = PLANE ( 'NONE',  #861 ) ;
#1798 = ORIENTED_EDGE ( 'NONE', *, *, #2736, .F. ) ;
#1799 = DIRECTION ( 'NONE',  ( 1.000000000000000000, 0.000000000000000000, -0.000000000000000000 ) ) ;
#1800 = VECTOR ( 'NONE', #778, 1000.000000000000000 ) ;
#1801 =( GEOMETRIC_REPRESENTATION_CONTEXT ( 3 ) GLOBAL_UNCERTAINTY_ASSIGNED_CONTEXT ( ( #3065 ) ) GLOBAL_UNIT_ASSIGNED_CONTEXT ( ( #1195, #1529, #3165 ) ) REPRESENTATION_CONTEXT ( 'NONE', 'WORKASPACE' ) );
#1802 = CARTESIAN_POINT ( 'NONE',  ( 0.5079999999999997851, 0.000000000000000000, 2.476500000000000590 ) ) ;
#1803 = EDGE_CURVE ( 'NONE', #3157, #1224, #2789, .T. ) ;
#1804 = VERTEX_POINT ( 'NONE', #2172 ) ;
#1805 = AXIS2_PLACEMENT_3D ( 'NONE', #1227, #599, #906 ) ;
#1806 = ADVANCED_FACE ( 'NONE', ( #177 ), #4143, .F. ) ;
#1807 = VECTOR ( 'NONE', #1744, 1000.000000000000000 ) ;
#1808 = CARTESIAN_POINT ( 'NONE',  ( 3.564000000000000501, -4.784615001075030349, -1.520825000000000093 ) ) ;
#1809 = VECTOR ( 'NONE', #2080, 1000.000000000000000 ) ;
#1810 = PRESENTATION_STYLE_ASSIGNMENT (( #2174 ) ) ;
#1811 = FILL_AREA_STYLE_COLOUR ( '', #3800 ) ;
#1812 = VECTOR ( 'NONE', #2653, 1000.000000000000000 ) ;
#1813 = DIRECTION ( 'NONE',  ( -0.000000000000000000, -1.000000000000000000, 0.000000000000000000 ) ) ;
#1814 = ORIENTED_EDGE ( 'NONE', *, *, #3098, .F. ) ;
#1815 = ORIENTED_EDGE ( 'NONE', *, *, #1391, .F. ) ;
#1816 =( NAMED_UNIT ( * ) PLANE_ANGLE_UNIT ( ) SI_UNIT ( $, .RADIAN. ) );
#1817 = PRESENTATION_STYLE_ASSIGNMENT (( #2483 ) ) ;
#1818 = VECTOR ( 'NONE', #2427, 1000.000000000000000 ) ;
#1819 = CARTESIAN_POINT ( 'NONE',  ( 1.206499999999999906, 0.5079999999999997851, -0.9525000000000000133 ) ) ;
#1820 = FILL_AREA_STYLE ('',( #3114 ) ) ;
#1821 = ORIENTED_EDGE ( 'NONE', *, *, #4159, .T. ) ;
#1822 = ORIENTED_EDGE ( 'NONE', *, *, #2973, .F. ) ;
#1823 = DIRECTION ( 'NONE',  ( 0.5773502691896248429, 0.5773502691896260641, -0.5773502691896263972 ) ) ;
#1824 = CARTESIAN_POINT ( 'NONE',  ( 6.210300000000001042, 8.128000000000001890, 0.8763000000000008560 ) ) ;
#1825 = ORIENTED_EDGE ( 'NONE', *, *, #2610, .T. ) ;
#1826 = EDGE_CURVE ( 'NONE', #2022, #782, #1489, .T. ) ;
#1827 = ADVANCED_FACE ( 'NONE', ( #216 ), #1445, .T. ) ;
#1828 =( LENGTH_UNIT ( ) NAMED_UNIT ( * ) SI_UNIT ( .MILLI., .METRE. ) );
#1829 = LINE ( 'NONE', #3446, #934 ) ;
#1830 = ORIENTED_EDGE ( 'NONE', *, *, #632, .T. ) ;
#1831 = DIRECTION ( 'NONE',  ( -1.000000000000000000, -0.000000000000000000, -0.000000000000000000 ) ) ;
#1832 =( NAMED_UNIT ( * ) PLANE_ANGLE_UNIT ( ) SI_UNIT ( $, .RADIAN. ) );
#1833 = ADVANCED_FACE ( 'NONE', ( #2474 ), #3760, .F. ) ;
#1834 = DIRECTION ( 'NONE',  ( 1.000000000000000000, 0.000000000000000000, -0.000000000000000000 ) ) ;
#1835 = ORIENTED_EDGE ( 'NONE', *, *, #757, .T. ) ;
#1836 = ORIENTED_EDGE ( 'NONE', *, *, #3289, .T. ) ;
#1837 = DIRECTION ( 'NONE',  ( 1.000000000000000000, 0.000000000000000000, -0.000000000000000000 ) ) ;
#1838 = CARTESIAN_POINT ( 'NONE',  ( 6.997700000000000031, 1.008000000000000229, -1.270000000000000018 ) ) ;
#1839 = CARTESIAN_POINT ( 'NONE',  ( 7.604000000000000092, 8.128000000000000114, 1.663699999999998624 ) ) ;
#1840 = ORIENTED_EDGE ( 'NONE', *, *, #1629, .T. ) ;
#1841 = DIRECTION ( 'NONE',  ( 1.000000000000000000, 0.000000000000000000, -0.000000000000000000 ) ) ;
#1842 = DIRECTION ( 'NONE',  ( 0.000000000000000000, 0.000000000000000000, 1.000000000000000000 ) ) ;
#1843 = VERTEX_POINT ( 'NONE', #310 ) ;
#1844 = CARTESIAN_POINT ( 'NONE',  ( 6.604000000000000092, 0.5080000000000000071, -2.476500000000000590 ) ) ;
#1845 = ORIENTED_EDGE ( 'NONE', *, *, #145, .F. ) ;
#1846 = SURFACE_STYLE_USAGE ( .BOTH. , #3758 ) ;
#1847 = CARTESIAN_POINT ( 'NONE',  ( 2.524000000000000021, 8.128000000000001890, -0.8763000000000004119 ) ) ;
#1848 = CARTESIAN_POINT ( 'NONE',  ( 6.286500000000000199, -4.641630002150050061, 1.587500000000001243 ) ) ;
#1849 = ORIENTED_EDGE ( 'NONE', *, *, #792, .F. ) ;
#1850 = CARTESIAN_POINT ( 'NONE',  ( 0.000000000000000000, 8.509000000000000341, 2.476500000000000590 ) ) ;
#1851 = SURFACE_SIDE_STYLE ('',( #4189 ) ) ;
#1852 = CARTESIAN_POINT ( 'NONE',  ( 4.064000000000000057, -2.063800000000000079, 0.9525000000000000133 ) ) ;
#1853 = EDGE_LOOP ( 'NONE', ( #3229, #203, #3862, #335 ) ) ;
#1854 = EDGE_CURVE ( 'NONE', #650, #4028, #1241, .T. ) ;
#1855 = ORIENTED_EDGE ( 'NONE', *, *, #2788, .T. ) ;
#1856 = EDGE_CURVE ( 'NONE', #2470, #967, #2938, .T. ) ;
#1857 = PLANE ( 'NONE',  #3923 ) ;
#1858 = VECTOR ( 'NONE', #2315, 1000.000000000000000 ) ;
#1859 = LINE ( 'NONE', #2201, #235 ) ;
#1860 = ORIENTED_EDGE ( 'NONE', *, *, #4081, .F. ) ;
#1861 = VECTOR ( 'NONE', #659, 1000.000000000000000 ) ;
#1862 = VECTOR ( 'NONE', #4103, 1000.000000000000000 ) ;
#1863 = LINE ( 'NONE', #3187, #489 ) ;
#1864 = DIRECTION ( 'NONE',  ( 1.000000000000000000, -0.000000000000000000, 0.000000000000000000 ) ) ;
#1865 = MECHANICAL_DESIGN_GEOMETRIC_PRESENTATION_REPRESENTATION (  '', ( #1262 ), #2909 ) ;
#1866 = PRESENTATION_STYLE_ASSIGNMENT (( #1525 ) ) ;
#1867 = FILL_AREA_STYLE ('',( #1620 ) ) ;
#1868 = VERTEX_POINT ( 'NONE', #1307 ) ;
#1869 = CARTESIAN_POINT ( 'NONE',  ( 3.746500000000000163, 0.5079999999999997851, 0.9525000000000000133 ) ) ;
#1870 = PRESENTATION_LAYER_ASSIGNMENT (  '', '', ( #1942 ) ) ;
#1871 = VECTOR ( 'NONE', #4192, 1000.000000000000000 ) ;
#1872 = AXIS2_PLACEMENT_3D ( 'NONE', #2944, #1338, #355 ) ;
#1873 = LINE ( 'NONE', #1218, #314 ) ;
#1874 = DIRECTION ( 'NONE',  ( 0.3892816206350246944, -0.8348171294789880070, -0.3892816206350246944 ) ) ;
#1875 = SURFACE_STYLE_USAGE ( .BOTH. , #2475 ) ;
#1876 = MECHANICAL_DESIGN_GEOMETRIC_PRESENTATION_REPRESENTATION (  '', ( #998 ), #3941 ) ;
#1877 = LINE ( 'NONE', #4147, #156 ) ;
#1878 = ORIENTED_EDGE ( 'NONE', *, *, #226, .F. ) ;
#1879 = VERTEX_POINT ( 'NONE', #3221 ) ;
#1880 = DIRECTION ( 'NONE',  ( 0.000000000000000000, -0.7071067811865470176, 0.7071067811865480168 ) ) ;
#1881 = CARTESIAN_POINT ( 'NONE',  ( 1.841500000000000137, -4.641630002150050949, 1.587500000000002576 ) ) ;
#1882 = VECTOR ( 'NONE', #4118, 1000.000000000000000 ) ;
#1883 = EDGE_CURVE ( 'NONE', #1310, #1779, #3196, .T. ) ;
#1884 =( LENGTH_UNIT ( ) NAMED_UNIT ( * ) SI_UNIT ( .MILLI., .METRE. ) );
#1885 = VERTEX_POINT ( 'NONE', #658 ) ;
#1886 = LINE ( 'NONE', #4155, #3851 ) ;
#1887 = DIRECTION ( 'NONE',  ( -0.000000000000000000, 0.000000000000000000, 1.000000000000000000 ) ) ;
#1888 = ORIENTED_EDGE ( 'NONE', *, *, #4046, .T. ) ;
#1889 = STYLED_ITEM ( 'NONE', ( #2109 ), #3677 ) ;
#1890 = ADVANCED_FACE ( 'NONE', ( #2596 ), #1555, .T. ) ;
#1891 = PLANE ( 'NONE',  #2486 ) ;
#1892 = DIRECTION ( 'NONE',  ( 1.000000000000000000, 0.000000000000000000, 0.000000000000000000 ) ) ;
#1893 = MECHANICAL_DESIGN_GEOMETRIC_PRESENTATION_REPRESENTATION (  '', ( #2510 ), #4146 ) ;
#1894 = CARTESIAN_POINT ( 'NONE',  ( 4.064000000000000057, 8.509000000000000341, 0.4953000000000000735 ) ) ;
#1895 = EDGE_LOOP ( 'NONE', ( #37, #2238, #963, #1564 ) ) ;
#1896 = DIRECTION ( 'NONE',  ( -0.000000000000000000, 1.000000000000000000, 0.000000000000000000 ) ) ;
#1897 =( NAMED_UNIT ( * ) PLANE_ANGLE_UNIT ( ) SI_UNIT ( $, .RADIAN. ) );
#1898 = DIRECTION ( 'NONE',  ( -1.000000000000000000, -0.000000000000000000, 0.000000000000000000 ) ) ;
#1899 = PLANE ( 'NONE',  #1595 ) ;
#1900 = DIRECTION ( 'NONE',  ( -0.7071067811865480168, -0.7071067811865470176, 0.000000000000000000 ) ) ;
#1901 = CARTESIAN_POINT ( 'NONE',  ( 2.524000000000000021, 8.318500000000002004, 1.854200000000000070 ) ) ;
#1902 = ORIENTED_EDGE ( 'NONE', *, *, #3490, .T. ) ;
#1903 = EDGE_LOOP ( 'NONE', ( #158, #1544, #2819, #1685 ) ) ;
#1904 =( NAMED_UNIT ( * ) SI_UNIT ( $, .STERADIAN. ) SOLID_ANGLE_UNIT ( ) );
#1905 = SURFACE_SIDE_STYLE ('',( #1581 ) ) ;
#1906 = DIRECTION ( 'NONE',  ( 0.000000000000000000, 0.000000000000000000, 1.000000000000000000 ) ) ;
#1907 = CARTESIAN_POINT ( 'NONE',  ( 6.286500000000000199, -2.063800000000000079, 1.270000000000000018 ) ) ;
#1908 = ORIENTED_EDGE ( 'NONE', *, *, #4164, .F. ) ;
#1909 = FACE_OUTER_BOUND ( 'NONE', #436, .T. ) ;
#1910 = EDGE_CURVE ( 'NONE', #3248, #949, #2187, .T. ) ;
#1911 = PLANE ( 'NONE',  #149 ) ;
#1912 = EDGE_LOOP ( 'NONE', ( #1089, #2898, #1117, #3686 ) ) ;
#1913 = DIRECTION ( 'NONE',  ( 1.000000000000000000, 0.000000000000000000, -0.000000000000000000 ) ) ;
#1914 = UNCERTAINTY_MEASURE_WITH_UNIT (LENGTH_MEASURE( 1.000000000000000082E-05 ), #2152, 'distance_accuracy_value', 'NONE');
#1915 = LINE ( 'NONE', #3235, #30 ) ;
#1916 = ORIENTED_EDGE ( 'NONE', *, *, #3346, .T. ) ;
#1917 = FACE_OUTER_BOUND ( 'NONE', #4182, .T. ) ;
#1918 = EDGE_CURVE ( 'NONE', #418, #1349, #4231, .T. ) ;
#1919 = ADVANCED_FACE ( 'NONE', ( #2874 ), #3286, .T. ) ;
#1920 = CARTESIAN_POINT ( 'NONE',  ( 1.206499999999997463, -4.641630002150050949, 1.587499999999999911 ) ) ;
#1921 = DIRECTION ( 'NONE',  ( 1.000000000000000000, -0.000000000000000000, 0.000000000000000000 ) ) ;
#1922 = PRESENTATION_STYLE_ASSIGNMENT (( #503 ) ) ;
#1923 = PLANE ( 'NONE',  #2199 ) ;
#1924 = ORIENTED_EDGE ( 'NONE', *, *, #952, .F. ) ;
#1925 = ORIENTED_EDGE ( 'NONE', *, *, #3710, .F. ) ;
#1926 = LINE ( 'NONE', #3494, #917 ) ;
#1927 = LINE ( 'NONE', #3538, #1463 ) ;
#1928 = LINE ( 'NONE', #1839, #3058 ) ;
#1929 = ORIENTED_EDGE ( 'NONE', *, *, #492, .F. ) ;
#1930 = FILL_AREA_STYLE_COLOUR ( '', #3035 ) ;
#1931 = LINE ( 'NONE', #1614, #2485 ) ;
#1932 =( GEOMETRIC_REPRESENTATION_CONTEXT ( 3 ) GLOBAL_UNCERTAINTY_ASSIGNED_CONTEXT ( ( #2658 ) ) GLOBAL_UNIT_ASSIGNED_CONTEXT ( ( #2365, #1704, #3656 ) ) REPRESENTATION_CONTEXT ( 'NONE', 'WORKASPACE' ) );
#1933 = ORIENTED_EDGE ( 'NONE', *, *, #1297, .F. ) ;
#1934 =( NAMED_UNIT ( * ) SI_UNIT ( $, .STERADIAN. ) SOLID_ANGLE_UNIT ( ) );
#1935 = CARTESIAN_POINT ( 'NONE',  ( 3.670300000000000118, 1.008000000000000229, 0.8762999999999999678 ) ) ;
#1936 = ORIENTED_EDGE ( 'NONE', *, *, #3884, .F. ) ;
#1937 = VECTOR ( 'NONE', #1831, 1000.000000000000000 ) ;
#1938 = MECHANICAL_DESIGN_GEOMETRIC_PRESENTATION_REPRESENTATION (  '', ( #2409 ), #2634 ) ;
#1939 = EDGE_CURVE ( 'NONE', #3773, #2470, #633, .T. ) ;
#1940 = ADVANCED_FACE ( 'NONE', ( #1646 ), #592, .F. ) ;
#1941 = FACE_OUTER_BOUND ( 'NONE', #3606, .T. ) ;
#1942 = STYLED_ITEM ( 'NONE', ( #2841 ), #409 ) ;
#1943 = DIRECTION ( 'NONE',  ( 1.000000000000000000, 0.000000000000000000, -0.000000000000000000 ) ) ;
#1944 = SURFACE_SIDE_STYLE ('',( #634 ) ) ;
#1945 = EDGE_CURVE ( 'NONE', #2519, #2488, #2959, .T. ) ;
#1946 = LINE ( 'NONE', #267, #2004 ) ;
#1947 = ORIENTED_EDGE ( 'NONE', *, *, #3598, .F. ) ;
#1948 = EDGE_LOOP ( 'NONE', ( #2599, #1495, #3061, #1663 ) ) ;
#1949 = AXIS2_PLACEMENT_3D ( 'NONE', #2895, #3854, #1900 ) ;
#1950 = DIRECTION ( 'NONE',  ( -0.000000000000000000, 0.000000000000000000, 1.000000000000000000 ) ) ;
#1951 = CARTESIAN_POINT ( 'NONE',  ( 6.921499999999999986, -2.063800000000000079, 1.587499999999999911 ) ) ;
#1952 = AXIS2_PLACEMENT_3D ( 'NONE', #3472, #2175, #1222 ) ;
#1953 = FACE_OUTER_BOUND ( 'NONE', #667, .T. ) ;
#1954 = VERTEX_POINT ( 'NONE', #265 ) ;
#1955 = PRESENTATION_LAYER_ASSIGNMENT (  '', '', ( #3804 ) ) ;
#1956 = PLANE ( 'NONE',  #3182 ) ;
#1957 = ORIENTED_EDGE ( 'NONE', *, *, #2946, .F. ) ;
#1958 = FILL_AREA_STYLE_COLOUR ( '', #2982 ) ;
#1959 = VECTOR ( 'NONE', #3336, 1000.000000000000000 ) ;
#1960 = DIRECTION ( 'NONE',  ( 0.000000000000000000, 1.000000000000000000, 0.000000000000000000 ) ) ;
#1961 = DIRECTION ( 'NONE',  ( -0.000000000000000000, 0.000000000000000000, -1.000000000000000000 ) ) ;
#1962 = VERTEX_POINT ( 'NONE', #2894 ) ;
#1963 = VECTOR ( 'NONE', #4208, 1000.000000000000114 ) ;
#1964 = CARTESIAN_POINT ( 'NONE',  ( 4.064000000000000057, -2.063800000000000079, -1.587499999999999911 ) ) ;
#1965 = LINE ( 'NONE', #1532, #3926 ) ;
#1966 = CARTESIAN_POINT ( 'NONE',  ( 1.130300000000000082, 1.008000000000000007, 1.270000000000000018 ) ) ;
#1967 = VECTOR ( 'NONE', #3795, 1000.000000000000000 ) ;
#1968 = EDGE_CURVE ( 'NONE', #2716, #4241, #1264, .T. ) ;
#1969 = EDGE_CURVE ( 'NONE', #2636, #1377, #2619, .T. ) ;
#1970 = LINE ( 'NONE', #3287, #2552 ) ;
#1971 = ORIENTED_EDGE ( 'NONE', *, *, #371, .F. ) ;
#1972 = VERTEX_POINT ( 'NONE', #4187 ) ;
#1973 = LINE ( 'NONE', #2991, #1190 ) ;
#1974 = CARTESIAN_POINT ( 'NONE',  ( 6.419849999999999390, -4.927600000000000868, 1.454150000000000942 ) ) ;
#1975 = EDGE_LOOP ( 'NONE', ( #825, #352, #3123, #3189 ) ) ;
#1976 = LINE ( 'NONE', #3970, #1193 ) ;
#1977 = PRODUCT_DEFINITION_SHAPE ( 'NONE', 'NONE',  #1347 ) ;
#1978 = LINE ( 'NONE', #1661, #3539 ) ;
#1979 = SURFACE_STYLE_FILL_AREA ( #3617 ) ;
#1980 = ORIENTED_EDGE ( 'NONE', *, *, #2190, .F. ) ;
#1981 = LINE ( 'NONE', #58, #1587 ) ;
#1982 = LINE ( 'NONE', #103, #500 ) ;
#1983 = DIRECTION ( 'NONE',  ( -0.5773502691896246208, -0.5773502691896258421, -0.5773502691896268413 ) ) ;
#1984 =( LENGTH_UNIT ( ) NAMED_UNIT ( * ) SI_UNIT ( .MILLI., .METRE. ) );
#1985 =( LENGTH_UNIT ( ) NAMED_UNIT ( * ) SI_UNIT ( .MILLI., .METRE. ) );
#1986 = CARTESIAN_POINT ( 'NONE',  ( 6.604000000000000092, 0.5080000000000000071, 0.000000000000000000 ) ) ;
#1987 = ORIENTED_EDGE ( 'NONE', *, *, #3183, .F. ) ;
#1988 = ORIENTED_EDGE ( 'NONE', *, *, #4053, .F. ) ;
#1989 = CARTESIAN_POINT ( 'NONE',  ( 6.604000000000000092, -2.063800000000000079, -0.9525000000000000133 ) ) ;
#1990 = DIRECTION ( 'NONE',  ( 0.000000000000000000, -1.000000000000000000, -0.000000000000000000 ) ) ;
#1991 = EDGE_CURVE ( 'NONE', #423, #3820, #1288, .T. ) ;
#1992 = EDGE_CURVE ( 'NONE', #2978, #3716, #3897, .T. ) ;
#1993 = FACE_OUTER_BOUND ( 'NONE', #260, .T. ) ;
#1994 = ORIENTED_EDGE ( 'NONE', *, *, #4053, .T. ) ;
#1995 = LINE ( 'NONE', #3985, #1666 ) ;
#1996 = LINE ( 'NONE', #2673, #1458 ) ;
#1997 = AXIS2_PLACEMENT_3D ( 'NONE', #3912, #2937, #3500 ) ;
#1998 = LINE ( 'NONE', #1023, #564 ) ;
#1999 = UNCERTAINTY_MEASURE_WITH_UNIT (LENGTH_MEASURE( 1.000000000000000082E-05 ), #2518, 'distance_accuracy_value', 'NONE');
#2000 = SURFACE_STYLE_USAGE ( .BOTH. , #974 ) ;
#2001 = ORIENTED_EDGE ( 'NONE', *, *, #1991, .F. ) ;
#2002 = DIRECTION ( 'NONE',  ( 0.000000000000000000, 1.000000000000000000, 0.000000000000000000 ) ) ;
#2003 = LINE ( 'NONE', #743, #989 ) ;
#2004 = VECTOR ( 'NONE', #2309, 1000.000000000000114 ) ;
#2005 = PRESENTATION_LAYER_ASSIGNMENT (  '', '', ( #3581 ) ) ;
#2006 = CARTESIAN_POINT ( 'NONE',  ( 3.746500000000000163, -2.063800000000000079, 0.9525000000000000133 ) ) ;
#2007 = DIRECTION ( 'NONE',  ( 0.000000000000000000, -0.000000000000000000, 1.000000000000000000 ) ) ;
#2008 = DIRECTION ( 'NONE',  ( 0.000000000000000000, 1.000000000000000000, 0.000000000000000000 ) ) ;
#2009 = AXIS2_PLACEMENT_3D ( 'NONE', #1989, #2683, #1674 ) ;
#2010 = ORIENTED_EDGE ( 'NONE', *, *, #3289, .F. ) ;
#2011 = LINE ( 'NONE', #3607, #1794 ) ;
#2012 = DIRECTION ( 'NONE',  ( -0.000000000000000000, 1.000000000000000000, 0.000000000000000000 ) ) ;
#2013 = PRESENTATION_LAYER_ASSIGNMENT (  '', '', ( #2212 ) ) ;
#2014 = MECHANICAL_DESIGN_GEOMETRIC_PRESENTATION_REPRESENTATION (  '', ( #3259 ), #2916 ) ;
#2015 = DIRECTION ( 'NONE',  ( -0.7071067811865470176, 0.7071067811865480168, 0.000000000000000000 ) ) ;
#2016 = ORIENTED_EDGE ( 'NONE', *, *, #1013, .T. ) ;
#2017 = DIRECTION ( 'NONE',  ( -0.000000000000000000, -0.000000000000000000, 1.000000000000000000 ) ) ;
#2018 = PRESENTATION_LAYER_ASSIGNMENT (  '', '', ( #3722 ) ) ;
#2019 = ADVANCED_FACE ( 'NONE', ( #2256 ), #2723, .T. ) ;
#2020 = CARTESIAN_POINT ( 'NONE',  ( 7.104000000000000092, -4.784615001075030349, 1.520825000000000093 ) ) ;
#2021 = FILL_AREA_STYLE_COLOUR ( '', #1068 ) ;
#2022 = VERTEX_POINT ( 'NONE', #745 ) ;
#2023 = AXIS2_PLACEMENT_3D ( 'NONE', #2319, #2340, #3302 ) ;
#2024 = FACE_OUTER_BOUND ( 'NONE', #3739, .T. ) ;
#2025 = DIRECTION ( 'NONE',  ( 0.000000000000000000, 0.000000000000000000, 1.000000000000000000 ) ) ;
#2026 = ADVANCED_FACE ( 'NONE', ( #761 ), #1746, .F. ) ;
#2027 = STYLED_ITEM ( 'NONE', ( #540 ), #1806 ) ;
#2028 = FACE_OUTER_BOUND ( 'NONE', #2849, .T. ) ;
#2029 =( NAMED_UNIT ( * ) SI_UNIT ( $, .STERADIAN. ) SOLID_ANGLE_UNIT ( ) );
#2030 = STYLED_ITEM ( 'NONE', ( #4023 ), #3858 ) ;
#2031 = SURFACE_STYLE_USAGE ( .BOTH. , #2725 ) ;
#2032 = VECTOR ( 'NONE', #1795, 1000.000000000000000 ) ;
#2033 = VERTEX_POINT ( 'NONE', #1087 ) ;
#2034 = CARTESIAN_POINT ( 'NONE',  ( 1.130300000000000527, 8.128000000000001890, -1.663699999999999957 ) ) ;
#2035 = EDGE_LOOP ( 'NONE', ( #1100, #628, #2057, #1205 ) ) ;
#2036 = FACE_OUTER_BOUND ( 'NONE', #404, .T. ) ;
#2037 = SURFACE_STYLE_USAGE ( .BOTH. , #3300 ) ;
#2038 = UNCERTAINTY_MEASURE_WITH_UNIT (LENGTH_MEASURE( 1.000000000000000082E-05 ), #1738, 'distance_accuracy_value', 'NONE');
#2039 = LINE ( 'NONE', #2977, #2292 ) ;
#2040 = ORIENTED_EDGE ( 'NONE', *, *, #3690, .T. ) ;
#2041 = EDGE_CURVE ( 'NONE', #4194, #211, #2047, .T. ) ;
#2042 = CARTESIAN_POINT ( 'NONE',  ( 4.064000000000000057, 0.000000000000000000, 0.000000000000000000 ) ) ;
#2043 = CARTESIAN_POINT ( 'NONE',  ( 1.708150000000001167, -4.927600000000000868, 1.454150000000000720 ) ) ;
#2044 = PLANE ( 'NONE',  #1751 ) ;
#2045 = EDGE_CURVE ( 'NONE', #1232, #1442, #408, .T. ) ;
#2046 = ADVANCED_FACE ( 'NONE', ( #3361 ), #3641, .F. ) ;
#2047 = LINE ( 'NONE', #3977, #1509 ) ;
#2048 = SURFACE_STYLE_USAGE ( .BOTH. , #2326 ) ;
#2049 = EDGE_LOOP ( 'NONE', ( #608, #4200, #1002, #3268 ) ) ;
#2050 = FILL_AREA_STYLE ('',( #748 ) ) ;
#2051 =( NAMED_UNIT ( * ) PLANE_ANGLE_UNIT ( ) SI_UNIT ( $, .RADIAN. ) );
#2052 = VERTEX_POINT ( 'NONE', #374 ) ;
#2053 = CARTESIAN_POINT ( 'NONE',  ( 0.9397999999999999687, 8.318500000000002004, 2.270000000000000018 ) ) ;
#2054 = CARTESIAN_POINT ( 'NONE',  ( 6.286500000000000199, -2.063800000000000079, 0.9525000000000000133 ) ) ;
#2055 =( NAMED_UNIT ( * ) PLANE_ANGLE_UNIT ( ) SI_UNIT ( $, .RADIAN. ) );
#2056 = SURFACE_STYLE_USAGE ( .BOTH. , #753 ) ;
#2057 = ORIENTED_EDGE ( 'NONE', *, *, #2578, .F. ) ;
#2058 = LINE ( 'NONE', #3975, #3787 ) ;
#2059 = VECTOR ( 'NONE', #1373, 1000.000000000000000 ) ;
#2060 = PRESENTATION_LAYER_ASSIGNMENT (  '', '', ( #3917 ) ) ;
#2061 = ORIENTED_EDGE ( 'NONE', *, *, #746, .T. ) ;
#2062 = CARTESIAN_POINT ( 'NONE',  ( 0.5240000000000000213, 8.318500000000002004, 0.6857999999999999652 ) ) ;
#2063 = VECTOR ( 'NONE', #2017, 1000.000000000000000 ) ;
#2064 = EDGE_CURVE ( 'NONE', #2988, #4161, #3010, .T. ) ;
#2065 = ADVANCED_FACE ( 'NONE', ( #2680 ), #3021, .F. ) ;
#2066 = CARTESIAN_POINT ( 'NONE',  ( 6.210300000000000153, 8.128000000000000114, -1.663699999999999735 ) ) ;
#2067 = PRESENTATION_LAYER_ASSIGNMENT (  '', '', ( #2409 ) ) ;
#2068 = EDGE_LOOP ( 'NONE', ( #2941, #2742, #3025, #560 ) ) ;
#2069 =( NAMED_UNIT ( * ) PLANE_ANGLE_UNIT ( ) SI_UNIT ( $, .RADIAN. ) );
#2070 = CARTESIAN_POINT ( 'NONE',  ( 5.080000000000000071, 0.5080000000000000071, 0.000000000000000000 ) ) ;
#2071 = EDGE_CURVE ( 'NONE', #9, #458, #849, .T. ) ;
#2072 = COLOUR_RGB ( '',1.000000000000000000, 1.000000000000000000, 0.000000000000000000 ) ;
#2073 = DIRECTION ( 'NONE',  ( 0.000000000000000000, 0.000000000000000000, -1.000000000000000000 ) ) ;
#2074 = EDGE_LOOP ( 'NONE', ( #1322, #133, #1245, #3498 ) ) ;
#2075 = VECTOR ( 'NONE', #1813, 1000.000000000000000 ) ;
#2076 = DIRECTION ( 'NONE',  ( 1.000000000000000000, 0.000000000000000000, 0.000000000000000000 ) ) ;
#2077 = LINE ( 'NONE', #3111, #3865 ) ;
#2078 = AXIS2_PLACEMENT_3D ( 'NONE', #2580, #2832, #294 ) ;
#2079 = DIRECTION ( 'NONE',  ( -1.000000000000000000, -0.000000000000000000, 0.000000000000000000 ) ) ;
#2080 = DIRECTION ( 'NONE',  ( 1.000000000000000000, 0.000000000000000000, -0.000000000000000000 ) ) ;
#2081 = ORIENTED_EDGE ( 'NONE', *, *, #2170, .F. ) ;
#2082 = VECTOR ( 'NONE', #454, 1000.000000000000000 ) ;
#2083 = SURFACE_SIDE_STYLE ('',( #122 ) ) ;
#2084 = LINE ( 'NONE', #823, #1818 ) ;
#2085 = CARTESIAN_POINT ( 'NONE',  ( 4.064000000000000057, 8.509000000000000341, -2.044700000000000628 ) ) ;
#2086 = ORIENTED_EDGE ( 'NONE', *, *, #2919, .T. ) ;
#2087 = VECTOR ( 'NONE', #908, 1000.000000000000000 ) ;
#2088 = LINE ( 'NONE', #1428, #2418 ) ;
#2089 = DIRECTION ( 'NONE',  ( 0.000000000000000000, 0.000000000000000000, -1.000000000000000000 ) ) ;
#2090 = EDGE_CURVE ( 'NONE', #3784, #598, #146, .T. ) ;
#2091 = ORIENTED_EDGE ( 'NONE', *, *, #3384, .F. ) ;
#2092 = ADVANCED_FACE ( 'NONE', ( #3709 ), #784, .T. ) ;
#2093 = COLOUR_RGB ( '',1.000000000000000000, 1.000000000000000000, 0.000000000000000000 ) ;
#2094 = FACE_OUTER_BOUND ( 'NONE', #52, .T. ) ;
#2095 = PLANE ( 'NONE',  #644 ) ;
#2096 = VECTOR ( 'NONE', #3971, 1000.000000000000000 ) ;
#2097 = ORIENTED_EDGE ( 'NONE', *, *, #2171, .F. ) ;
#2098 = EDGE_CURVE ( 'NONE', #2512, #3694, #1124, .T. ) ;
#2099 = FILL_AREA_STYLE_COLOUR ( '', #213 ) ;
#2100 = AXIS2_PLACEMENT_3D ( 'NONE', #466, #3394, #485 ) ;
#2101 = LINE ( 'NONE', #2444, #736 ) ;
#2102 = LINE ( 'NONE', #820, #3266 ) ;
#2103 = EDGE_LOOP ( 'NONE', ( #1196, #671, #2245, #2765 ) ) ;
#2104 = CARTESIAN_POINT ( 'NONE',  ( 6.997700000000000031, 8.128000000000000114, -1.270000000000000018 ) ) ;
#2105 = CARTESIAN_POINT ( 'NONE',  ( 3.670300000000000118, 5.262500000000001066, -0.8762999999999999678 ) ) ;
#2106 = LINE ( 'NONE', #4048, #2082 ) ;
#2107 = ORIENTED_EDGE ( 'NONE', *, *, #1419, .F. ) ;
#2108 = CARTESIAN_POINT ( 'NONE',  ( 6.921499999999999986, -2.063800000000000079, -1.270000000000000018 ) ) ;
#2109 = PRESENTATION_STYLE_ASSIGNMENT (( #852 ) ) ;
#2110 = CARTESIAN_POINT ( 'NONE',  ( 1.917699999999999516, 8.128000000000000114, 1.663699999999999735 ) ) ;
#2111 = ORIENTED_EDGE ( 'NONE', *, *, #1969, .T. ) ;
#2112 = PRODUCT_DEFINITION_CONTEXT ( 'detailed design', #1352, 'design' ) ;
#2113 = DIRECTION ( 'NONE',  ( 0.000000000000000000, -0.000000000000000000, -1.000000000000000000 ) ) ;
#2114 = CARTESIAN_POINT ( 'NONE',  ( 4.457699999999999996, 5.262500000000001066, 0.8762999999999999678 ) ) ;
#2115 =( NAMED_UNIT ( * ) SI_UNIT ( $, .STERADIAN. ) SOLID_ANGLE_UNIT ( ) );
#2116 = ORIENTED_EDGE ( 'NONE', *, *, #3263, .F. ) ;
#2117 = PRESENTATION_STYLE_ASSIGNMENT (( #2441 ) ) ;
#2118 = DIRECTION ( 'NONE',  ( -0.000000000000000000, 1.000000000000000000, 0.000000000000000000 ) ) ;
#2119 = EDGE_CURVE ( 'NONE', #280, #1593, #212, .T. ) ;
#2120 = ADVANCED_FACE ( 'NONE', ( #1443 ), #1766, .F. ) ;
#2121 = DIRECTION ( 'NONE',  ( 0.000000000000000000, -0.000000000000000000, -1.000000000000000000 ) ) ;
#2122 = CARTESIAN_POINT ( 'NONE',  ( 1.130300000000000082, 8.128000000000001890, -0.8763000000000005230 ) ) ;
#2123 = ORIENTED_EDGE ( 'NONE', *, *, #3098, .T. ) ;
#2124 = DIRECTION ( 'NONE',  ( 0.000000000000000000, 0.000000000000000000, 1.000000000000000000 ) ) ;
#2125 =( NAMED_UNIT ( * ) PLANE_ANGLE_UNIT ( ) SI_UNIT ( $, .RADIAN. ) );
#2126 = EDGE_LOOP ( 'NONE', ( #3303, #1154, #3723, #1311 ) ) ;
#2127 = CARTESIAN_POINT ( 'NONE',  ( 3.670300000000000118, 5.262500000000001066, 1.270000000000000018 ) ) ;
#2128 = AXIS2_PLACEMENT_3D ( 'NONE', #3442, #4050, #2786 ) ;
#2129 = FILL_AREA_STYLE ('',( #3195 ) ) ;
#2130 =( NAMED_UNIT ( * ) PLANE_ANGLE_UNIT ( ) SI_UNIT ( $, .RADIAN. ) );
#2131 = FACE_OUTER_BOUND ( 'NONE', #3139, .T. ) ;
#2132 = CARTESIAN_POINT ( 'NONE',  ( 4.064000000000000057, 0.000000000000000000, 2.476500000000000590 ) ) ;
#2133 =( NAMED_UNIT ( * ) PLANE_ANGLE_UNIT ( ) SI_UNIT ( $, .RADIAN. ) );
#2134 = ORIENTED_EDGE ( 'NONE', *, *, #1652, .T. ) ;
#2135 = VERTEX_POINT ( 'NONE', #4230 ) ;
#2136 = VECTOR ( 'NONE', #1029, 1000.000000000000000 ) ;
#2137 = VECTOR ( 'NONE', #3013, 1000.000000000000000 ) ;
#2138 =( LENGTH_UNIT ( ) NAMED_UNIT ( * ) SI_UNIT ( .MILLI., .METRE. ) );
#2139 = AXIS2_PLACEMENT_3D ( 'NONE', #302, #3546, #890 ) ;
#2140 = LINE ( 'NONE', #2715, #2922 ) ;
#2141 = ORIENTED_EDGE ( 'NONE', *, *, #410, .F. ) ;
#2142 = DIRECTION ( 'NONE',  ( -0.5773502691896265082, 0.5773502691896246208, -0.5773502691896261751 ) ) ;
#2143 = ADVANCED_FACE ( 'NONE', ( #1622 ), #2521, .F. ) ;
#2144 = ADVANCED_FACE ( 'NONE', ( #1237 ), #1553, .F. ) ;
#2145 =( NAMED_UNIT ( * ) SI_UNIT ( $, .STERADIAN. ) SOLID_ANGLE_UNIT ( ) );
#2146 = ORIENTED_EDGE ( 'NONE', *, *, #3008, .F. ) ;
#2147 = MECHANICAL_DESIGN_GEOMETRIC_PRESENTATION_REPRESENTATION (  '', ( #1942 ), #2705 ) ;
#2148 = ORIENTED_EDGE ( 'NONE', *, *, #843, .F. ) ;
#2149 = PRESENTATION_STYLE_ASSIGNMENT (( #3736 ) ) ;
#2150 = EDGE_CURVE ( 'NONE', #137, #1972, #3847, .T. ) ;
#2151 = VECTOR ( 'NONE', #2012, 1000.000000000000000 ) ;
#2152 =( LENGTH_UNIT ( ) NAMED_UNIT ( * ) SI_UNIT ( .MILLI., .METRE. ) );
#2153 = AXIS2_PLACEMENT_3D ( 'NONE', #2870, #3844, #915 ) ;
#2154 = LINE ( 'NONE', #504, #3584 ) ;
#2155 = CARTESIAN_POINT ( 'NONE',  ( 4.248149999999999871, -4.927600000000000868, -1.454150000000002052 ) ) ;
#2156 = AXIS2_PLACEMENT_3D ( 'NONE', #4096, #3783, #3830 ) ;
#2157 = CARTESIAN_POINT ( 'NONE',  ( 1.206499999999999906, -2.063800000000000079, 1.587499999999999911 ) ) ;
#2158 = ORIENTED_EDGE ( 'NONE', *, *, #2681, .T. ) ;
#2159 = AXIS2_PLACEMENT_3D ( 'NONE', #539, #896, #826 ) ;
#2160 = VERTEX_POINT ( 'NONE', #1869 ) ;
#2161 = SURFACE_STYLE_USAGE ( .BOTH. , #2482 ) ;
#2162 = MECHANICAL_DESIGN_GEOMETRIC_PRESENTATION_REPRESENTATION (  '', ( #243 ), #1016 ) ;
#2163 = PRESENTATION_STYLE_ASSIGNMENT (( #3796 ) ) ;
#2164 = ORIENTED_EDGE ( 'NONE', *, *, #3461, .F. ) ;
#2165 = CARTESIAN_POINT ( 'NONE',  ( 4.248150000000000759, -4.927600000000000868, 1.085849999999999316 ) ) ;
#2166 = ORIENTED_EDGE ( 'NONE', *, *, #716, .T. ) ;
#2167 = PRESENTATION_STYLE_ASSIGNMENT (( #3400 ) ) ;
#2168 = ORIENTED_EDGE ( 'NONE', *, *, #2834, .F. ) ;
#2169 = DIRECTION ( 'NONE',  ( 0.3892816206350245278, 0.8348171294789875629, -0.3892816206350258046 ) ) ;
#2170 = EDGE_CURVE ( 'NONE', #4241, #2550, #893, .T. ) ;
#2171 = EDGE_CURVE ( 'NONE', #305, #601, #2253, .T. ) ;
#2172 = CARTESIAN_POINT ( 'NONE',  ( 6.997699999999999143, 8.128000000000000114, -0.8762999999999999678 ) ) ;
#2173 = CARTESIAN_POINT ( 'NONE',  ( 6.921499999999999986, -4.641630002150050949, -0.9524999999999975708 ) ) ;
#2174 = SURFACE_STYLE_USAGE ( .BOTH. , #1944 ) ;
#2175 = DIRECTION ( 'NONE',  ( 1.298934084353240052E-16, 0.7071067811865480168, -0.7071067811865470176 ) ) ;
#2176 = VERTEX_POINT ( 'NONE', #3219 ) ;
#2177 = VERTEX_POINT ( 'NONE', #2276 ) ;
#2178 = DIRECTION ( 'NONE',  ( -1.000000000000000000, -0.000000000000000000, 0.000000000000000000 ) ) ;
#2179 = FILL_AREA_STYLE ('',( #3206 ) ) ;
#2180 = PLANE ( 'NONE',  #3945 ) ;
#2181 = VERTEX_POINT ( 'NONE', #2210 ) ;
#2182 = CARTESIAN_POINT ( 'NONE',  ( 3.746500000000000163, 0.5079999999999997851, -1.587499999999999911 ) ) ;
#2183 =( LENGTH_UNIT ( ) NAMED_UNIT ( * ) SI_UNIT ( .MILLI., .METRE. ) );
#2184 = FACE_OUTER_BOUND ( 'NONE', #388, .T. ) ;
#2185 = VERTEX_POINT ( 'NONE', #2616 ) ;
#2186 = DIRECTION ( 'NONE',  ( -0.000000000000000000, 1.000000000000000000, 0.000000000000000000 ) ) ;
#2187 = LINE ( 'NONE', #565, #2503 ) ;
#2188 = LINE ( 'NONE', #2173, #4043 ) ;
#2189 = LINE ( 'NONE', #2502, #1937 ) ;
#2190 = EDGE_CURVE ( 'NONE', #997, #305, #329, .T. ) ;
#2191 = EDGE_CURVE ( 'NONE', #4072, #1417, #957, .T. ) ;
#2192 = DIRECTION ( 'NONE',  ( 0.000000000000000000, 1.000000000000000000, 0.000000000000000000 ) ) ;
#2193 = CARTESIAN_POINT ( 'NONE',  ( 3.746499999999997943, -4.641630002150050949, 1.587499999999999911 ) ) ;
#2194 = ORIENTED_EDGE ( 'NONE', *, *, #3044, .T. ) ;
#2195 = ORIENTED_EDGE ( 'NONE', *, *, #2275, .T. ) ;
#2196 = CARTESIAN_POINT ( 'NONE',  ( 6.210300000000000153, 1.008000000000000007, 1.270000000000000018 ) ) ;
#2197 = EDGE_CURVE ( 'NONE', #2403, #513, #3594, .T. ) ;
#2198 = DIRECTION ( 'NONE',  ( -0.000000000000000000, -0.000000000000000000, -1.000000000000000000 ) ) ;
#2199 = AXIS2_PLACEMENT_3D ( 'NONE', #1901, #315, #1309 ) ;
#2200 = STYLED_ITEM ( 'NONE', ( #672 ), #2707 ) ;
#2201 = CARTESIAN_POINT ( 'NONE',  ( 1.841500000000000137, -4.641630002150050949, -0.9524999999999975708 ) ) ;
#2202 = ORIENTED_EDGE ( 'NONE', *, *, #816, .F. ) ;
#2203 = DIRECTION ( 'NONE',  ( -1.000000000000000000, 0.000000000000000000, 0.000000000000000000 ) ) ;
#2204 = VERTEX_POINT ( 'NONE', #1260 ) ;
#2205 = MECHANICAL_DESIGN_GEOMETRIC_PRESENTATION_REPRESENTATION (  '', ( #1115 ), #714 ) ;
#2206 = FILL_AREA_STYLE_COLOUR ( '', #1598 ) ;
#2207 = DIRECTION ( 'NONE',  ( 0.000000000000000000, 0.000000000000000000, -1.000000000000000000 ) ) ;
#2208 = DIRECTION ( 'NONE',  ( 0.000000000000000000, 1.000000000000000000, 0.000000000000000000 ) ) ;
#2209 = ORIENTED_EDGE ( 'NONE', *, *, #2399, .T. ) ;
#2210 = CARTESIAN_POINT ( 'NONE',  ( 4.457699999999999108, 8.128000000000000114, 0.8763000000000004119 ) ) ;
#2211 = COLOUR_RGB ( '',1.000000000000000000, 1.000000000000000000, 0.000000000000000000 ) ;
#2212 = STYLED_ITEM ( 'NONE', ( #1173 ), #3347 ) ;
#2213 = CARTESIAN_POINT ( 'NONE',  ( 3.746499999999997943, -4.641630002150050949, -0.9525000000000000133 ) ) ;
#2214 = STYLED_ITEM ( 'NONE', ( #1426 ), #1149 ) ;
#2215 = LINE ( 'NONE', #1243, #3048 ) ;
#2216 = DIRECTION ( 'NONE',  ( 1.000000000000000000, -0.000000000000000000, 0.000000000000000000 ) ) ;
#2217 = AXIS2_PLACEMENT_3D ( 'NONE', #3161, #2592, #1283 ) ;
#2218 = EDGE_CURVE ( 'NONE', #4015, #32, #2565, .T. ) ;
#2219 = EDGE_LOOP ( 'NONE', ( #1027, #3459, #2134, #1571 ) ) ;
#2220 = EDGE_LOOP ( 'NONE', ( #3983, #4033, #241, #3735 ) ) ;
#2221 = LINE ( 'NONE', #1561, #1396 ) ;
#2222 = LINE ( 'NONE', #4152, #1401 ) ;
#2223 = ADVANCED_FACE ( 'NONE', ( #1917 ), #282, .T. ) ;
#2224 = ADVANCED_FACE ( 'NONE', ( #3990 ), #740, .T. ) ;
#2225 =( NAMED_UNIT ( * ) PLANE_ANGLE_UNIT ( ) SI_UNIT ( $, .RADIAN. ) );
#2226 = ORIENTED_EDGE ( 'NONE', *, *, #1326, .T. ) ;
#2227 = DIRECTION ( 'NONE',  ( 0.000000000000000000, 0.000000000000000000, 1.000000000000000000 ) ) ;
#2228 = ORIENTED_EDGE ( 'NONE', *, *, #3384, .T. ) ;
#2229 = FACE_OUTER_BOUND ( 'NONE', #3064, .T. ) ;
#2230 = DIRECTION ( 'NONE',  ( 0.000000000000000000, 1.000000000000000000, 0.000000000000000000 ) ) ;
#2231 = AXIS2_PLACEMENT_3D ( 'NONE', #2318, #3634, #2675 ) ;
#2232 = DIRECTION ( 'NONE',  ( 1.000000000000000000, 0.000000000000000000, -0.000000000000000000 ) ) ;
#2233 = ORIENTED_EDGE ( 'NONE', *, *, #895, .T. ) ;
#2234 = CARTESIAN_POINT ( 'NONE',  ( 4.064000000000000057, -4.641630002150050061, 0.9525000000000000133 ) ) ;
#2235 = SURFACE_STYLE_USAGE ( .BOTH. , #1597 ) ;
#2236 = DIRECTION ( 'NONE',  ( 1.000000000000000000, 0.000000000000000000, -0.000000000000000000 ) ) ;
#2237 = LINE ( 'NONE', #3554, #3503 ) ;
#2238 = ORIENTED_EDGE ( 'NONE', *, *, #3174, .F. ) ;
#2239 = ORIENTED_EDGE ( 'NONE', *, *, #871, .T. ) ;
#2240 =( LENGTH_UNIT ( ) NAMED_UNIT ( * ) SI_UNIT ( .MILLI., .METRE. ) );
#2241 = CARTESIAN_POINT ( 'NONE',  ( 2.524000000000000021, 8.128000000000000114, 1.663699999999998624 ) ) ;
#2242 = DIRECTION ( 'NONE',  ( -1.000000000000000000, 9.184850993605155833E-17, -9.184850993605143507E-17 ) ) ;
#2243 = ORIENTED_EDGE ( 'NONE', *, *, #3264, .T. ) ;
#2244 = SURFACE_STYLE_FILL_AREA ( #1543 ) ;
#2245 = ORIENTED_EDGE ( 'NONE', *, *, #2307, .F. ) ;
#2246 = ADVANCED_FACE ( 'NONE', ( #699 ), #3357, .F. ) ;
#2247 = EDGE_CURVE ( 'NONE', #673, #2829, #1981, .T. ) ;
#2248 = LINE ( 'NONE', #3564, #2282 ) ;
#2249 = CARTESIAN_POINT ( 'NONE',  ( 4.381499999999999950, -2.063800000000000079, 1.587499999999999911 ) ) ;
#2250 = UNCERTAINTY_MEASURE_WITH_UNIT (LENGTH_MEASURE( 1.000000000000000082E-05 ), #3654, 'distance_accuracy_value', 'NONE');
#2251 = LINE ( 'NONE', #1894, #789 ) ;
#2252 = VERTEX_POINT ( 'NONE', #390 ) ;
#2253 = LINE ( 'NONE', #3872, #835 ) ;
#2254 = EDGE_CURVE ( 'NONE', #944, #2204, #2321, .T. ) ;
#2255 = PLANE ( 'NONE',  #239 ) ;
#2256 = FACE_OUTER_BOUND ( 'NONE', #3130, .T. ) ;
#2257 = FILL_AREA_STYLE_COLOUR ( '', #1669 ) ;
#2258 = FILL_AREA_STYLE ('',( #961 ) ) ;
#2259 = ORIENTED_EDGE ( 'NONE', *, *, #3569, .T. ) ;
#2260 = VERTEX_POINT ( 'NONE', #1064 ) ;
#2261 = AXIS2_PLACEMENT_3D ( 'NONE', #432, #703, #2007 ) ;
#2262 = FACE_OUTER_BOUND ( 'NONE', #2068, .T. ) ;
#2263 = CARTESIAN_POINT ( 'NONE',  ( 4.064000000000000057, 8.509000000000000341, -0.4953000000000000735 ) ) ;
#2264 = CARTESIAN_POINT ( 'NONE',  ( 1.841500000000000137, 0.5079999999999997851, -1.587499999999999911 ) ) ;
#2265 = ORIENTED_EDGE ( 'NONE', *, *, #4099, .T. ) ;
#2266 = CARTESIAN_POINT ( 'NONE',  ( 1.708150000000000057, -4.927599999999999980, -1.270000000000000018 ) ) ;
#2267 = SURFACE_SIDE_STYLE ('',( #2244 ) ) ;
#2268 = AXIS2_PLACEMENT_3D ( 'NONE', #2779, #2124, #1799 ) ;
#2269 = EDGE_LOOP ( 'NONE', ( #3134, #1830, #1063, #2491 ) ) ;
#2270 = FACE_OUTER_BOUND ( 'NONE', #237, .T. ) ;
#2271 = LINE ( 'NONE', #1591, #666 ) ;
#2272 = MECHANICAL_DESIGN_GEOMETRIC_PRESENTATION_REPRESENTATION (  '', ( #356 ), #3102 ) ;
#2273 = PRESENTATION_STYLE_ASSIGNMENT (( #2000 ) ) ;
#2274 = ORIENTED_EDGE ( 'NONE', *, *, #1910, .F. ) ;
#2275 = EDGE_CURVE ( 'NONE', #4122, #2988, #1385, .T. ) ;
#2276 = CARTESIAN_POINT ( 'NONE',  ( 6.997700000000000031, 1.008000000000000229, 1.663699999999999957 ) ) ;
#2277 = CARTESIAN_POINT ( 'NONE',  ( 1.206499999999999684, -4.641630002150050061, -0.9524999999999989031 ) ) ;
#2278 = VECTOR ( 'NONE', #1950, 1000.000000000000000 ) ;
#2279 = SURFACE_SIDE_STYLE ('',( #980 ) ) ;
#2280 = VECTOR ( 'NONE', #1076, 1000.000000000000000 ) ;
#2281 = ADVANCED_FACE ( 'NONE', ( #2024 ), #1353, .T. ) ;
#2282 = VECTOR ( 'NONE', #972, 1000.000000000000000 ) ;
#2283 = CARTESIAN_POINT ( 'NONE',  ( 3.746500000000000163, -2.063800000000000079, -1.270000000000000018 ) ) ;
#2284 = CARTESIAN_POINT ( 'NONE',  ( 6.286499999999997534, -4.641630002150050949, 1.587499999999999911 ) ) ;
#2285 = PRESENTATION_LAYER_ASSIGNMENT (  '', '', ( #1268 ) ) ;
#2286 = DIRECTION ( 'NONE',  ( 1.000000000000000000, 2.345334688175684236E-17, 5.029586469703876819E-17 ) ) ;
#2287 = ORIENTED_EDGE ( 'NONE', *, *, #2150, .F. ) ;
#2288 = ORIENTED_EDGE ( 'NONE', *, *, #90, .T. ) ;
#2289 = VECTOR ( 'NONE', #3832, 1000.000000000000000 ) ;
#2290 = PLANE ( 'NONE',  #142 ) ;
#2291 = DIRECTION ( 'NONE',  ( -0.9063077870366498257, 0.4226182617406998854, 0.000000000000000000 ) ) ;
#2292 = VECTOR ( 'NONE', #3988, 1000.000000000000000 ) ;
#2293 = CARTESIAN_POINT ( 'NONE',  ( 4.564000000000000057, -4.927600000000000868, 1.454150000000002052 ) ) ;
#2294 = ORIENTED_EDGE ( 'NONE', *, *, #2520, .T. ) ;
#2295 = CARTESIAN_POINT ( 'NONE',  ( 7.604000000000000092, 8.128000000000001890, -0.8763000000000004119 ) ) ;
#2296 = STYLED_ITEM ( 'NONE', ( #2163 ), #1546 ) ;
#2297 = DIRECTION ( 'NONE',  ( 0.000000000000000000, 1.000000000000000000, 0.000000000000000000 ) ) ;
#2298 = EDGE_LOOP ( 'NONE', ( #2274, #1361, #2116, #1957 ) ) ;
#2299 = LINE ( 'NONE', #3615, #15 ) ;
#2300 = DIRECTION ( 'NONE',  ( 0.000000000000000000, 0.000000000000000000, 1.000000000000000000 ) ) ;
#2301 = UNCERTAINTY_MEASURE_WITH_UNIT (LENGTH_MEASURE( 1.000000000000000082E-05 ), #1132, 'distance_accuracy_value', 'NONE');
#2302 = FACE_OUTER_BOUND ( 'NONE', #2878, .T. ) ;
#2303 = ORIENTED_EDGE ( 'NONE', *, *, #3827, .T. ) ;
#2304 = CARTESIAN_POINT ( 'NONE',  ( 1.206499999999999906, -4.641630002150050061, 1.270000000000000018 ) ) ;
#2305 = VECTOR ( 'NONE', #1163, 1000.000000000000000 ) ;
#2306 = CARTESIAN_POINT ( 'NONE',  ( 1.206499999999999906, -2.063800000000000079, 0.9525000000000000133 ) ) ;
#2307 = EDGE_CURVE ( 'NONE', #233, #986, #679, .T. ) ;
#2308 = EDGE_CURVE ( 'NONE', #944, #808, #3619, .T. ) ;
#2309 = DIRECTION ( 'NONE',  ( -0.5773502691896260641, -0.5773502691896248429, -0.5773502691896263972 ) ) ;
#2310 = ORIENTED_EDGE ( 'NONE', *, *, #2834, .T. ) ;
#2311 = ORIENTED_EDGE ( 'NONE', *, *, #320, .T. ) ;
#2312 = DIRECTION ( 'NONE',  ( -0.000000000000000000, 0.000000000000000000, 1.000000000000000000 ) ) ;
#2313 = LINE ( 'NONE', #322, #1134 ) ;
#2314 = ORIENTED_EDGE ( 'NONE', *, *, #4135, .F. ) ;
#2315 = DIRECTION ( 'NONE',  ( -0.000000000000000000, 0.000000000000000000, -1.000000000000000000 ) ) ;
#2316 = SURFACE_STYLE_FILL_AREA ( #1734 ) ;
#2317 = FILL_AREA_STYLE ('',( #1958 ) ) ;
#2318 = CARTESIAN_POINT ( 'NONE',  ( 7.188200000000000145, 8.318500000000002004, -2.270000000000000018 ) ) ;
#2319 = CARTESIAN_POINT ( 'NONE',  ( 6.604000000000000092, -4.927599999999999980, 1.270000000000000018 ) ) ;
#2320 = EDGE_LOOP ( 'NONE', ( #382, #163, #873, #1994 ) ) ;
#2321 = LINE ( 'NONE', #346, #2476 ) ;
#2322 = DIRECTION ( 'NONE',  ( 0.000000000000000000, 0.000000000000000000, -1.000000000000000000 ) ) ;
#2323 = MANIFOLD_SOLID_BREP ( '1', #3171 ) ;
#2324 = FACE_OUTER_BOUND ( 'NONE', #2424, .T. ) ;
#2325 = SURFACE_STYLE_USAGE ( .BOTH. , #3331 ) ;
#2326 = SURFACE_SIDE_STYLE ('',( #1627 ) ) ;
#2327 = ADVANCED_FACE ( 'NONE', ( #4008 ), #1004, .F. ) ;
#2328 = ORIENTED_EDGE ( 'NONE', *, *, #174, .F. ) ;
#2329 = EDGE_CURVE ( 'NONE', #513, #1885, #3687, .T. ) ;
#2330 = CARTESIAN_POINT ( 'NONE',  ( 7.378700000000000259, 8.509000000000000341, -2.044700000000000184 ) ) ;
#2331 = LINE ( 'NONE', #3645, #3794 ) ;
#2332 = PLANE ( 'NONE',  #377 ) ;
#2333 = ORIENTED_EDGE ( 'NONE', *, *, #60, .F. ) ;
#2334 = ADVANCED_FACE ( 'NONE', ( #1643 ), #24, .T. ) ;
#2335 = SURFACE_STYLE_FILL_AREA ( #1315 ) ;
#2336 = PLANE ( 'NONE',  #2566 ) ;
#2337 = MECHANICAL_DESIGN_GEOMETRIC_PRESENTATION_REPRESENTATION (  '', ( #3643 ), #1046 ) ;
#2338 = DIRECTION ( 'NONE',  ( 0.000000000000000000, 0.9063077870366497146, 0.4226182617406998299 ) ) ;
#2339 = UNCERTAINTY_MEASURE_WITH_UNIT (LENGTH_MEASURE( 1.000000000000000082E-05 ), #1985, 'distance_accuracy_value', 'NONE');
#2340 = DIRECTION ( 'NONE',  ( 0.000000000000000000, 1.000000000000000000, 0.000000000000000000 ) ) ;
#2341 = EDGE_LOOP ( 'NONE', ( #468, #1200, #1936, #2465 ) ) ;
#2342 = PLANE ( 'NONE',  #3930 ) ;
#2343 = VECTOR ( 'NONE', #127, 1000.000000000000000 ) ;
#2344 = VECTOR ( 'NONE', #2227, 1000.000000000000000 ) ;
#2345 = FILL_AREA_STYLE_COLOUR ( '', #4141 ) ;
#2346 = VECTOR ( 'NONE', #2419, 1000.000000000000000 ) ;
#2347 = DIRECTION ( 'NONE',  ( 1.664860395655130322E-16, 0.4226182617406998854, -0.9063077870366498257 ) ) ;
#2348 = VECTOR ( 'NONE', #1548, 1000.000000000000000 ) ;
#2349 = EDGE_LOOP ( 'NONE', ( #222, #3277, #3845, #2440 ) ) ;
#2350 = CARTESIAN_POINT ( 'NONE',  ( 1.917699999999999960, 1.008000000000000229, 0.8762999999999999678 ) ) ;
#2351 = COLOUR_RGB ( '',1.000000000000000000, 1.000000000000000000, 0.000000000000000000 ) ;
#2352 = LINE ( 'NONE', #2034, #1340 ) ;
#2353 = EDGE_CURVE ( 'NONE', #2204, #3325, #2661, .T. ) ;
#2354 = COLOUR_RGB ( '',1.000000000000000000, 1.000000000000000000, 0.000000000000000000 ) ;
#2355 = ORIENTED_EDGE ( 'NONE', *, *, #1217, .T. ) ;
#2356 = CARTESIAN_POINT ( 'NONE',  ( 6.286500000000000199, 0.5079999999999997851, 1.587499999999999911 ) ) ;
#2357 =( NAMED_UNIT ( * ) PLANE_ANGLE_UNIT ( ) SI_UNIT ( $, .RADIAN. ) );
#2358 = MECHANICAL_DESIGN_GEOMETRIC_PRESENTATION_REPRESENTATION (  '', ( #2572 ), #3995 ) ;
#2359 = ADVANCED_FACE ( 'NONE', ( #469 ), #3771, .F. ) ;
#2360 = EDGE_CURVE ( 'NONE', #1481, #3282, #1740, .T. ) ;
#2361 =( NAMED_UNIT ( * ) SI_UNIT ( $, .STERADIAN. ) SOLID_ANGLE_UNIT ( ) );
#2362 = PLANE ( 'NONE',  #1743 ) ;
#2363 = ORIENTED_EDGE ( 'NONE', *, *, #284, .F. ) ;
#2364 = VECTOR ( 'NONE', #802, 999.9999999999998863 ) ;
#2365 =( LENGTH_UNIT ( ) NAMED_UNIT ( * ) SI_UNIT ( .MILLI., .METRE. ) );
#2366 = CARTESIAN_POINT ( 'NONE',  ( 2.298700000000000188, 8.509000000000000341, -0.4953000000000001846 ) ) ;
#2367 = VECTOR ( 'NONE', #3582, 1000.000000000000000 ) ;
#2368 = LINE ( 'NONE', #1691, #3060 ) ;
#2369 = DIRECTION ( 'NONE',  ( 0.000000000000000000, -0.7071067811865470176, 0.7071067811865480168 ) ) ;
#2370 = VECTOR ( 'NONE', #3843, 1000.000000000000000 ) ;
#2371 = LINE ( 'NONE', #434, #1788 ) ;
#2372 = ORIENTED_EDGE ( 'NONE', *, *, #26, .F. ) ;
#2373 = FACE_OUTER_BOUND ( 'NONE', #3534, .T. ) ;
#2374 = CARTESIAN_POINT ( 'NONE',  ( 2.298699999999999743, 8.509000000000000341, 2.044700000000000184 ) ) ;
#2375 = EDGE_LOOP ( 'NONE', ( #1535, #1527, #3343, #2528 ) ) ;
#2376 = SURFACE_SIDE_STYLE ('',( #1657 ) ) ;
#2377 = FILL_AREA_STYLE ('',( #2714 ) ) ;
#2378 = UNCERTAINTY_MEASURE_WITH_UNIT (LENGTH_MEASURE( 1.000000000000000082E-05 ), #493, 'distance_accuracy_value', 'NONE');
#2379 = CARTESIAN_POINT ( 'NONE',  ( 1.524000000000000021, 5.262500000000001066, 0.8762999999999999678 ) ) ;
#2380 = VERTEX_POINT ( 'NONE', #2165 ) ;
#2381 = DIRECTION ( 'NONE',  ( 1.298934084353240052E-16, 0.7071067811865480168, -0.7071067811865470176 ) ) ;
#2382 = EDGE_CURVE ( 'NONE', #1804, #1868, #1186, .T. ) ;
#2383 = EDGE_CURVE ( 'NONE', #4038, #1232, #2489, .T. ) ;
#2384 = LINE ( 'NONE', #1386, #922 ) ;
#2385 = FILL_AREA_STYLE ('',( #3020 ) ) ;
#2386 = ORIENTED_EDGE ( 'NONE', *, *, #3808, .F. ) ;
#2387 = DIRECTION ( 'NONE',  ( -4.329780281177460266E-17, 0.7071067811865480168, 0.7071067811865470176 ) ) ;
#2388 = DIRECTION ( 'NONE',  ( 0.000000000000000000, 0.000000000000000000, 1.000000000000000000 ) ) ;
#2389 = EDGE_LOOP ( 'NONE', ( #79, #3274, #3414, #1785 ) ) ;
#2390 = CARTESIAN_POINT ( 'NONE',  ( 6.997699999999999143, 8.128000000000000114, 0.8763000000000004119 ) ) ;
#2391 = ORIENTED_EDGE ( 'NONE', *, *, #3570, .F. ) ;
#2392 = CARTESIAN_POINT ( 'NONE',  ( 1.524000000000000021, 0.5080000000000000071, -2.476500000000000590 ) ) ;
#2393 = CARTESIAN_POINT ( 'NONE',  ( 6.604000000000000092, -4.641630002150050061, -0.9525000000000000133 ) ) ;
#2394 = CARTESIAN_POINT ( 'NONE',  ( 5.588000000000000078, 0.000000000000000000, 2.476500000000000590 ) ) ;
#2395 = ORIENTED_EDGE ( 'NONE', *, *, #2071, .F. ) ;
#2396 = CARTESIAN_POINT ( 'NONE',  ( 1.024000000000000021, -4.784615001075030349, 1.019174999999999942 ) ) ;
#2397 = DIRECTION ( 'NONE',  ( -0.5773502691896260641, -0.5773502691896248429, -0.5773502691896263972 ) ) ;
#2398 = ADVANCED_FACE ( 'NONE', ( #1161 ), #1483, .T. ) ;
#2399 = EDGE_CURVE ( 'NONE', #3625, #2185, #3056, .T. ) ;
#2400 = CARTESIAN_POINT ( 'NONE',  ( 4.064000000000000057, 1.008000000000000229, 1.663699999999999957 ) ) ;
#2401 = MECHANICAL_DESIGN_GEOMETRIC_PRESENTATION_REPRESENTATION (  '', ( #3917 ), #2630 ) ;
#2402 = LINE ( 'NONE', #2800, #2712 ) ;
#2403 = VERTEX_POINT ( 'NONE', #3434 ) ;
#2404 = CARTESIAN_POINT ( 'NONE',  ( 1.708150000000000057, -4.927600000000000868, -1.454150000000002052 ) ) ;
#2405 = MECHANICAL_DESIGN_GEOMETRIC_PRESENTATION_REPRESENTATION (  '', ( #557 ), #1339 ) ;
#2406 = AXIS2_PLACEMENT_3D ( 'NONE', #1278, #910, #1206 ) ;
#2407 = EDGE_CURVE ( 'NONE', #461, #2676, #490, .T. ) ;
#2408 =( LENGTH_UNIT ( ) NAMED_UNIT ( * ) SI_UNIT ( .MILLI., .METRE. ) );
#2409 = STYLED_ITEM ( 'NONE', ( #2117 ), #2713 ) ;
#2410 = DIRECTION ( 'NONE',  ( 0.000000000000000000, 1.000000000000000000, 0.000000000000000000 ) ) ;
#2411 = ORIENTED_EDGE ( 'NONE', *, *, #2329, .F. ) ;
#2412 = LINE ( 'NONE', #829, #1344 ) ;
#2413 =( GEOMETRIC_REPRESENTATION_CONTEXT ( 3 ) GLOBAL_UNCERTAINTY_ASSIGNED_CONTEXT ( ( #626 ) ) GLOBAL_UNIT_ASSIGNED_CONTEXT ( ( #4145, #1491, #1005 ) ) REPRESENTATION_CONTEXT ( 'NONE', 'WORKASPACE' ) );
#2414 = AXIS2_PLACEMENT_3D ( 'NONE', #1345, #3084, #3721 ) ;
#2415 = DIRECTION ( 'NONE',  ( -0.000000000000000000, 1.000000000000000000, 0.000000000000000000 ) ) ;
#2416 = VERTEX_POINT ( 'NONE', #1423 ) ;
#2417 = MECHANICAL_DESIGN_GEOMETRIC_PRESENTATION_REPRESENTATION (  '', ( #2836 ), #3329 ) ;
#2418 = VECTOR ( 'NONE', #3040, 1000.000000000000114 ) ;
#2419 = DIRECTION ( 'NONE',  ( 1.000000000000000000, 0.000000000000000000, -0.000000000000000000 ) ) ;
#2420 = PRESENTATION_STYLE_ASSIGNMENT (( #445 ) ) ;
#2421 = VECTOR ( 'NONE', #1052, 1000.000000000000000 ) ;
#2422 = CARTESIAN_POINT ( 'NONE',  ( 1.841500000000001025, -4.641630002150050061, 0.9524999999999993472 ) ) ;
#2423 = CARTESIAN_POINT ( 'NONE',  ( 4.457699999999999996, 5.262500000000001066, 1.270000000000000018 ) ) ;
#2424 = EDGE_LOOP ( 'NONE', ( #3186, #49, #268, #1835 ) ) ;
#2425 = VECTOR ( 'NONE', #3047, 1000.000000000000000 ) ;
#2426 = SURFACE_SIDE_STYLE ('',( #1456 ) ) ;
#2427 = DIRECTION ( 'NONE',  ( 0.000000000000000000, 1.000000000000000000, -0.000000000000000000 ) ) ;
#2428 = PLANE ( 'NONE',  #3528 ) ;
#2429 = EDGE_LOOP ( 'NONE', ( #2259, #1578, #2141, #3649 ) ) ;
#2430 = SURFACE_SIDE_STYLE ('',( #1192 ) ) ;
#2431 = COLOUR_RGB ( '',1.000000000000000000, 1.000000000000000000, 0.000000000000000000 ) ;
#2432 = DIRECTION ( 'NONE',  ( 0.000000000000000000, 0.000000000000000000, -1.000000000000000000 ) ) ;
#2433 = SURFACE_STYLE_FILL_AREA ( #1127 ) ;
#2434 = ORIENTED_EDGE ( 'NONE', *, *, #925, .F. ) ;
#2435 = VECTOR ( 'NONE', #3829, 1000.000000000000000 ) ;
#2436 = ADVANCED_FACE ( 'NONE', ( #3116 ), #2735, .F. ) ;
#2437 = EDGE_CURVE ( 'NONE', #2771, #1349, #1438, .T. ) ;
#2438 = CARTESIAN_POINT ( 'NONE',  ( 6.210300000000000153, 8.128000000000000114, 0.8763000000000005230 ) ) ;
#2439 = CARTESIAN_POINT ( 'NONE',  ( 4.838700000000000223, 8.509000000000000341, 0.000000000000000000 ) ) ;
#2440 = ORIENTED_EDGE ( 'NONE', *, *, #2247, .F. ) ;
#2441 = SURFACE_STYLE_USAGE ( .BOTH. , #3700 ) ;
#2442 = FILL_AREA_STYLE ('',( #1680 ) ) ;
#2443 = AXIS2_PLACEMENT_3D ( 'NONE', #1276, #1906, #2582 ) ;
#2444 = CARTESIAN_POINT ( 'NONE',  ( 0.5080000000000000071, 0.5080000000000000071, 0.000000000000000000 ) ) ;
#2445 = CARTESIAN_POINT ( 'NONE',  ( 4.248150000000000759, -4.927600000000000868, -1.085849999999999538 ) ) ;
#2446 = ORIENTED_EDGE ( 'NONE', *, *, #3346, .F. ) ;
#2447 = DIRECTION ( 'NONE',  ( 0.3892816206350246944, -0.8348171294789880070, -0.3892816206350246944 ) ) ;
#2448 = ORIENTED_EDGE ( 'NONE', *, *, #175, .F. ) ;
#2449 = SURFACE_STYLE_USAGE ( .BOTH. , #3462 ) ;
#2450 = ORIENTED_EDGE ( 'NONE', *, *, #927, .T. ) ;
#2451 = FILL_AREA_STYLE_COLOUR ( '', #2820 ) ;
#2452 = DIRECTION ( 'NONE',  ( -1.000000000000000000, -0.000000000000000000, 0.000000000000000000 ) ) ;
#2453 = CARTESIAN_POINT ( 'NONE',  ( 0.000000000000000000, 0.000000000000000000, 0.000000000000000000 ) ) ;
#2454 = DIRECTION ( 'NONE',  ( -0.000000000000000000, -0.000000000000000000, -1.000000000000000000 ) ) ;
#2455 =( NAMED_UNIT ( * ) PLANE_ANGLE_UNIT ( ) SI_UNIT ( $, .RADIAN. ) );
#2456 = EDGE_CURVE ( 'NONE', #986, #297, #1142, .T. ) ;
#2457 = ADVANCED_FACE ( 'NONE', ( #3731 ), #3420, .T. ) ;
#2458 = VERTEX_POINT ( 'NONE', #535 ) ;
#2459 = VERTEX_POINT ( 'NONE', #2533 ) ;
#2460 = FILL_AREA_STYLE ('',( #2099 ) ) ;
#2461 = DIRECTION ( 'NONE',  ( 0.000000000000000000, 0.000000000000000000, 1.000000000000000000 ) ) ;
#2462 = ADVANCED_FACE ( 'NONE', ( #1251 ), #274, .T. ) ;
#2463 = LINE ( 'NONE', #1479, #173 ) ;
#2464 = DIRECTION ( 'NONE',  ( 0.000000000000000000, 0.000000000000000000, 1.000000000000000000 ) ) ;
#2465 = ORIENTED_EDGE ( 'NONE', *, *, #3747, .F. ) ;
#2466 = DIRECTION ( 'NONE',  ( -5.549534652183770411E-17, 0.4226182617406998854, 0.9063077870366498257 ) ) ;
#2467 = ORIENTED_EDGE ( 'NONE', *, *, #1317, .F. ) ;
#2468 = PLANE ( 'NONE',  #450 ) ;
#2469 = CARTESIAN_POINT ( 'NONE',  ( 1.130300000000000304, 8.128000000000000114, 0.8763000000000009670 ) ) ;
#2470 = VERTEX_POINT ( 'NONE', #3839 ) ;
#2471 = VECTOR ( 'NONE', #1943, 1000.000000000000000 ) ;
#2472 = FILL_AREA_STYLE_COLOUR ( '', #1444 ) ;
#2473 = DIRECTION ( 'NONE',  ( -1.000000000000000000, 9.184850993605155833E-17, -9.184850993605143507E-17 ) ) ;
#2474 = FACE_OUTER_BOUND ( 'NONE', #3816, .T. ) ;
#2475 = SURFACE_SIDE_STYLE ('',( #3502 ) ) ;
#2476 = VECTOR ( 'NONE', #2002, 1000.000000000000000 ) ;
#2477 = DIRECTION ( 'NONE',  ( 0.000000000000000000, -1.000000000000000000, -0.000000000000000000 ) ) ;
#2478 = DIRECTION ( 'NONE',  ( 0.7071067811865470176, 0.7071067811865480168, 8.659560562354931626E-17 ) ) ;
#2479 = VECTOR ( 'NONE', #2447, 1000.000000000000000 ) ;
#2480 = ORIENTED_EDGE ( 'NONE', *, *, #1883, .T. ) ;
#2481 = ORIENTED_EDGE ( 'NONE', *, *, #663, .T. ) ;
#2482 = SURFACE_SIDE_STYLE ('',( #1608 ) ) ;
#2483 = SURFACE_STYLE_USAGE ( .BOTH. , #483 ) ;
#2484 = VECTOR ( 'NONE', #3627, 1000.000000000000114 ) ;
#2485 = VECTOR ( 'NONE', #554, 1000.000000000000000 ) ;
#2486 = AXIS2_PLACEMENT_3D ( 'NONE', #2868, #2910, #3590 ) ;
#2487 = DIRECTION ( 'NONE',  ( -1.000000000000000000, -0.000000000000000000, 0.000000000000000000 ) ) ;
#2488 = VERTEX_POINT ( 'NONE', #2182 ) ;
#2489 = LINE ( 'NONE', #3090, #839 ) ;
#2490 = DIRECTION ( 'NONE',  ( -0.7071067811865470176, 0.7071067811865480168, 0.000000000000000000 ) ) ;
#2491 = ORIENTED_EDGE ( 'NONE', *, *, #2041, .T. ) ;
#2492 = EDGE_CURVE ( 'NONE', #1417, #2829, #3560, .T. ) ;
#2493 = VECTOR ( 'NONE', #3180, 1000.000000000000000 ) ;
#2494 = EDGE_CURVE ( 'NONE', #354, #2577, #3210, .T. ) ;
#2495 =( LENGTH_UNIT ( ) NAMED_UNIT ( * ) SI_UNIT ( .MILLI., .METRE. ) );
#2496 = SURFACE_STYLE_USAGE ( .BOTH. , #189 ) ;
#2497 = EDGE_LOOP ( 'NONE', ( #340, #566, #474, #3209 ) ) ;
#2498 = VECTOR ( 'NONE', #2852, 1000.000000000000000 ) ;
#2499 =( LENGTH_UNIT ( ) NAMED_UNIT ( * ) SI_UNIT ( .MILLI., .METRE. ) );
#2500 = VECTOR ( 'NONE', #1001, 1000.000000000000000 ) ;
#2501 = SURFACE_SIDE_STYLE ('',( #3737 ) ) ;
#2502 = CARTESIAN_POINT ( 'NONE',  ( 4.064000000000000057, 8.509000000000000341, -2.044700000000000628 ) ) ;
#2503 = VECTOR ( 'NONE', #3240, 1000.000000000000000 ) ;
#2504 = CARTESIAN_POINT ( 'NONE',  ( 7.620000000000000107, 0.008000000000000012310, -2.476500000000000590 ) ) ;
#2505 = EDGE_LOOP ( 'NONE', ( #3167, #1334, #739, #1487 ) ) ;
#2506 = COLOUR_RGB ( '',1.000000000000000000, 1.000000000000000000, 0.000000000000000000 ) ;
#2507 = ORIENTED_EDGE ( 'NONE', *, *, #2456, .T. ) ;
#2508 =( NAMED_UNIT ( * ) PLANE_ANGLE_UNIT ( ) SI_UNIT ( $, .RADIAN. ) );
#2509 = PLANE ( 'NONE',  #3190 ) ;
#2510 = STYLED_ITEM ( 'NONE', ( #3547 ), #3937 ) ;
#2511 = LINE ( 'NONE', #4153, #2087 ) ;
#2512 = VERTEX_POINT ( 'NONE', #4130 ) ;
#2513 = VECTOR ( 'NONE', #2079, 1000.000000000000000 ) ;
#2514 =( LENGTH_UNIT ( ) NAMED_UNIT ( * ) SI_UNIT ( .MILLI., .METRE. ) );
#2515 = CARTESIAN_POINT ( 'NONE',  ( 3.746500000000000163, 0.5080000000000000071, 0.000000000000000000 ) ) ;
#2516 = DIRECTION ( 'NONE',  ( -0.3892816206350245278, -0.8348171294789875629, -0.3892816206350258046 ) ) ;
#2517 = EDGE_CURVE ( 'NONE', #23, #932, #1886, .T. ) ;
#2518 =( LENGTH_UNIT ( ) NAMED_UNIT ( * ) SI_UNIT ( .MILLI., .METRE. ) );
#2519 = VERTEX_POINT ( 'NONE', #3158 ) ;
#2520 = EDGE_CURVE ( 'NONE', #62, #3204, #1542, .T. ) ;
#2521 = PLANE ( 'NONE',  #1997 ) ;
#2522 = DIRECTION ( 'NONE',  ( 0.5773502691896261751, 0.5773502691896249539, -0.5773502691896261751 ) ) ;
#2523 = DIRECTION ( 'NONE',  ( 0.000000000000000000, 0.000000000000000000, 1.000000000000000000 ) ) ;
#2524 = ORIENTED_EDGE ( 'NONE', *, *, #978, .T. ) ;
#2525 = DIRECTION ( 'NONE',  ( -0.000000000000000000, 1.000000000000000000, 0.000000000000000000 ) ) ;
#2526 = FACE_OUTER_BOUND ( 'NONE', #4177, .T. ) ;
#2527 = ORIENTED_EDGE ( 'NONE', *, *, #3979, .T. ) ;
#2528 = ORIENTED_EDGE ( 'NONE', *, *, #25, .T. ) ;
#2529 = LINE ( 'NONE', #1226, #1862 ) ;
#2530 = DIRECTION ( 'NONE',  ( 0.000000000000000000, 1.000000000000000000, 0.000000000000000000 ) ) ;
#2531 = DIRECTION ( 'NONE',  ( -0.7071067811865480168, 0.7071067811865470176, 0.000000000000000000 ) ) ;
#2532 = ORIENTED_EDGE ( 'NONE', *, *, #337, .F. ) ;
#2533 = CARTESIAN_POINT ( 'NONE',  ( 1.841500000000001025, -4.641630002150050061, 1.587500000000000577 ) ) ;
#2534 = PLANE ( 'NONE',  #3661 ) ;
#2535 = ORIENTED_EDGE ( 'NONE', *, *, #1056, .F. ) ;
#2536 = CARTESIAN_POINT ( 'NONE',  ( 4.064000000000000057, 5.262500000000001066, 0.8762999999999999678 ) ) ;
#2537 = CARTESIAN_POINT ( 'NONE',  ( 7.378700000000000259, 8.509000000000000341, 2.044700000000000184 ) ) ;
#2538 = ORIENTED_EDGE ( 'NONE', *, *, #362, .F. ) ;
#2539 = DIRECTION ( 'NONE',  ( -0.000000000000000000, -0.000000000000000000, -1.000000000000000000 ) ) ;
#2540 = EDGE_CURVE ( 'NONE', #316, #2636, #2883, .T. ) ;
#2541 =( NAMED_UNIT ( * ) SI_UNIT ( $, .STERADIAN. ) SOLID_ANGLE_UNIT ( ) );
#2542 = CARTESIAN_POINT ( 'NONE',  ( 6.210300000000000153, 5.262500000000001066, 0.8762999999999999678 ) ) ;
#2543 = CARTESIAN_POINT ( 'NONE',  ( 1.708150000000000723, -4.927600000000000868, -1.454150000000000942 ) ) ;
#2544 = CARTESIAN_POINT ( 'NONE',  ( 5.829299999999999926, 8.509000000000000341, 0.000000000000000000 ) ) ;
#2545 = ADVANCED_FACE ( 'NONE', ( #1909 ), #4198, .T. ) ;
#2546 = ADVANCED_FACE ( 'NONE', ( #4175 ), #1585, .F. ) ;
#2547 = SURFACE_STYLE_FILL_AREA ( #1474 ) ;
#2548 = ORIENTED_EDGE ( 'NONE', *, *, #2919, .F. ) ;
#2549 = VECTOR ( 'NONE', #42, 1000.000000000000000 ) ;
#2550 = VERTEX_POINT ( 'NONE', #1522 ) ;
#2551 = CARTESIAN_POINT ( 'NONE',  ( 4.457699999999999996, 8.128000000000000114, -1.270000000000000018 ) ) ;
#2552 = VECTOR ( 'NONE', #3243, 1000.000000000000000 ) ;
#2553 = APPLICATION_PROTOCOL_DEFINITION ( 'draft international standard', 'automotive_design', 1998, #1352 ) ;
#2554 = LINE ( 'NONE', #1183, #3339 ) ;
#2555 = VERTEX_POINT ( 'NONE', #3905 ) ;
#2556 = COLOUR_RGB ( '',1.000000000000000000, 1.000000000000000000, 0.000000000000000000 ) ;
#2557 = SURFACE_STYLE_USAGE ( .BOTH. , #2863 ) ;
#2558 = CARTESIAN_POINT ( 'NONE',  ( 6.997700000000000031, 5.262500000000001066, 1.270000000000000018 ) ) ;
#2559 = ORIENTED_EDGE ( 'NONE', *, *, #1596, .T. ) ;
#2560 = VECTOR ( 'NONE', #2477, 1000.000000000000000 ) ;
#2561 = CARTESIAN_POINT ( 'NONE',  ( 7.378700000000000259, 8.509000000000000341, -0.4953000000000001846 ) ) ;
#2562 = LINE ( 'NONE', #3868, #2859 ) ;
#2563 = CARTESIAN_POINT ( 'NONE',  ( 6.104000000000000092, -4.927600000000000868, 1.085849999999997983 ) ) ;
#2564 = ORIENTED_EDGE ( 'NONE', *, *, #1133, .T. ) ;
#2565 = LINE ( 'NONE', #2234, #3701 ) ;
#2566 = AXIS2_PLACEMENT_3D ( 'NONE', #996, #1381, #2688 ) ;
#2567 = VECTOR ( 'NONE', #333, 1000.000000000000000 ) ;
#2568 = COLOUR_RGB ( '',1.000000000000000000, 1.000000000000000000, 0.000000000000000000 ) ;
#2569 =( LENGTH_UNIT ( ) NAMED_UNIT ( * ) SI_UNIT ( .MILLI., .METRE. ) );
#2570 = CARTESIAN_POINT ( 'NONE',  ( 4.381499999999999950, -2.063800000000000079, -0.9525000000000000133 ) ) ;
#2571 = PLANE ( 'NONE',  #1395 ) ;
#2572 = STYLED_ITEM ( 'NONE', ( #3079 ), #1126 ) ;
#2573 = CARTESIAN_POINT ( 'NONE',  ( 8.128000000000000114, 8.509000000000000341, -2.476500000000000590 ) ) ;
#2574 = VECTOR ( 'NONE', #1592, 1000.000000000000000 ) ;
#2575 = ORIENTED_EDGE ( 'NONE', *, *, #4055, .F. ) ;
#2576 = EDGE_CURVE ( 'NONE', #673, #517, #4223, .T. ) ;
#2577 = VERTEX_POINT ( 'NONE', #968 ) ;
#2578 = EDGE_CURVE ( 'NONE', #1397, #2734, #1863, .T. ) ;
#2579 = CARTESIAN_POINT ( 'NONE',  ( 4.064000000000000057, 5.262500000000001066, -0.8762999999999999678 ) ) ;
#2580 = CARTESIAN_POINT ( 'NONE',  ( 0.5080000000000000071, 0.008000000000000012310, 0.000000000000000000 ) ) ;
#2581 = VECTOR ( 'NONE', #3850, 1000.000000000000000 ) ;
#2582 = DIRECTION ( 'NONE',  ( 1.000000000000000000, 0.000000000000000000, 0.000000000000000000 ) ) ;
#2583 = DIRECTION ( 'NONE',  ( 0.000000000000000000, 0.000000000000000000, -1.000000000000000000 ) ) ;
#2584 = ORIENTED_EDGE ( 'NONE', *, *, #3853, .F. ) ;
#2585 = CARTESIAN_POINT ( 'NONE',  ( 1.273174999999999946, -4.784615001075030349, -0.7700000000000000178 ) ) ;
#2586 = FACE_OUTER_BOUND ( 'NONE', #1761, .T. ) ;
#2587 = ORIENTED_EDGE ( 'NONE', *, *, #1420, .T. ) ;
#2588 = MECHANICAL_DESIGN_GEOMETRIC_PRESENTATION_REPRESENTATION (  '', ( #1415 ), #3271 ) ;
#2589 = DIRECTION ( 'NONE',  ( -0.000000000000000000, 0.000000000000000000, 1.000000000000000000 ) ) ;
#2590 = CARTESIAN_POINT ( 'NONE',  ( 4.457699999999999996, 1.008000000000000229, 1.663699999999999957 ) ) ;
#2591 = AXIS2_PLACEMENT_3D ( 'NONE', #208, #2843, #4137 ) ;
#2592 = DIRECTION ( 'NONE',  ( 0.000000000000000000, 1.000000000000000000, 0.000000000000000000 ) ) ;
#2593 = ORIENTED_EDGE ( 'NONE', *, *, #3154, .F. ) ;
#2594 = DIRECTION ( 'NONE',  ( 0.000000000000000000, 0.000000000000000000, 1.000000000000000000 ) ) ;
#2595 = CARTESIAN_POINT ( 'NONE',  ( 5.064000000000000057, 8.128000000000001890, -0.8763000000000004119 ) ) ;
#2596 = FACE_OUTER_BOUND ( 'NONE', #987, .T. ) ;
#2597 = CARTESIAN_POINT ( 'NONE',  ( 6.788149999999999906, -4.927599999999999980, -1.270000000000000018 ) ) ;
#2598 = ORIENTED_EDGE ( 'NONE', *, *, #2926, .F. ) ;
#2599 = ORIENTED_EDGE ( 'NONE', *, *, #1439, .T. ) ;
#2600 = LINE ( 'NONE', #668, #2137 ) ;
#2601 = LINE ( 'NONE', #3902, #645 ) ;
#2602 = PRODUCT ( 'SSQ-103-02-G-D', 'SSQ-103-02-G-D', '', ( #3819 ) ) ;
#2603 = EDGE_CURVE ( 'NONE', #3625, #3245, #3650, .T. ) ;
#2604 = EDGE_CURVE ( 'NONE', #1804, #3245, #3586, .T. ) ;
#2605 = PLANE ( 'NONE',  #3604 ) ;
#2606 = VERTEX_POINT ( 'NONE', #2356 ) ;
#2607 = CARTESIAN_POINT ( 'NONE',  ( 3.670300000000000562, 8.128000000000001890, 0.8763000000000008560 ) ) ;
#2608 = CARTESIAN_POINT ( 'NONE',  ( 6.210300000000000153, 5.262500000000001066, 1.270000000000000018 ) ) ;
#2609 = EDGE_LOOP ( 'NONE', ( #1980, #3790, #2226, #2097 ) ) ;
#2610 = EDGE_CURVE ( 'NONE', #1144, #2771, #2687, .T. ) ;
#2611 =( NAMED_UNIT ( * ) PLANE_ANGLE_UNIT ( ) SI_UNIT ( $, .RADIAN. ) );
#2612 = CARTESIAN_POINT ( 'NONE',  ( 1.206499999999999906, -2.063800000000000079, -1.587499999999999911 ) ) ;
#2613 = UNCERTAINTY_MEASURE_WITH_UNIT (LENGTH_MEASURE( 1.000000000000000082E-05 ), #2711, 'distance_accuracy_value', 'NONE');
#2614 = FACE_OUTER_BOUND ( 'NONE', #3666, .T. ) ;
#2615 = VERTEX_POINT ( 'NONE', #3338 ) ;
#2616 = CARTESIAN_POINT ( 'NONE',  ( 5.829299999999999926, 8.509000000000000341, -2.044700000000000184 ) ) ;
#2617 = DIRECTION ( 'NONE',  ( 0.000000000000000000, -1.000000000000000000, -0.000000000000000000 ) ) ;
#2618 = CARTESIAN_POINT ( 'NONE',  ( 4.457699999999999996, 8.128000000000001890, 0.8763000000000004119 ) ) ;
#2619 = LINE ( 'NONE', #4209, #702 ) ;
#2620 =( NAMED_UNIT ( * ) SI_UNIT ( $, .STERADIAN. ) SOLID_ANGLE_UNIT ( ) );
#2621 = CARTESIAN_POINT ( 'NONE',  ( 4.838700000000000223, 8.509000000000000341, 0.4953000000000001846 ) ) ;
#2622 = ORIENTED_EDGE ( 'NONE', *, *, #1572, .T. ) ;
#2623 = ORIENTED_EDGE ( 'NONE', *, *, #3490, .F. ) ;
#2624 = VECTOR ( 'NONE', #2169, 1000.000000000000000 ) ;
#2625 = CARTESIAN_POINT ( 'NONE',  ( 1.206499999999999906, 0.5080000000000000071, 0.000000000000000000 ) ) ;
#2626 = CARTESIAN_POINT ( 'NONE',  ( 4.381499999999999950, -4.641630002150050061, -1.270000000000000018 ) ) ;
#2627 = ORIENTED_EDGE ( 'NONE', *, *, #842, .T. ) ;
#2628 = DIRECTION ( 'NONE',  ( -1.000000000000000000, 9.184850993605155833E-17, -9.184850993605143507E-17 ) ) ;
#2629 = DIRECTION ( 'NONE',  ( 0.000000000000000000, -0.000000000000000000, 1.000000000000000000 ) ) ;
#2630 =( GEOMETRIC_REPRESENTATION_CONTEXT ( 3 ) GLOBAL_UNCERTAINTY_ASSIGNED_CONTEXT ( ( #3673 ) ) GLOBAL_UNIT_ASSIGNED_CONTEXT ( ( #2798, #515, #1096 ) ) REPRESENTATION_CONTEXT ( 'NONE', 'WORKASPACE' ) );
#2631 = EDGE_LOOP ( 'NONE', ( #3151, #639, #3402, #2061 ) ) ;
#2632 = FACE_OUTER_BOUND ( 'NONE', #171, .T. ) ;
#2633 = LINE ( 'NONE', #1641, #1482 ) ;
#2634 =( GEOMETRIC_REPRESENTATION_CONTEXT ( 3 ) GLOBAL_UNCERTAINTY_ASSIGNED_CONTEXT ( ( #1025 ) ) GLOBAL_UNIT_ASSIGNED_CONTEXT ( ( #3764, #1816, #3136 ) ) REPRESENTATION_CONTEXT ( 'NONE', 'WORKASPACE' ) );
#2635 = DIRECTION ( 'NONE',  ( -1.000000000000000000, 7.036004064527049935E-17, -1.508875940911162121E-16 ) ) ;
#2636 = VERTEX_POINT ( 'NONE', #3611 ) ;
#2637 = CARTESIAN_POINT ( 'NONE',  ( 5.064000000000000057, 8.318500000000002004, -0.6857999999999999652 ) ) ;
#2638 = EDGE_CURVE ( 'NONE', #2550, #1035, #995, .T. ) ;
#2639 = EDGE_CURVE ( 'NONE', #788, #9, #2672, .T. ) ;
#2640 = CARTESIAN_POINT ( 'NONE',  ( 6.286500000000000199, 0.5079999999999997851, -0.9525000000000000133 ) ) ;
#2641 = VECTOR ( 'NONE', #756, 1000.000000000000000 ) ;
#2642 = MECHANICAL_DESIGN_GEOMETRIC_PRESENTATION_REPRESENTATION (  '', ( #642 ), #779 ) ;
#2643 = AXIS2_PLACEMENT_3D ( 'NONE', #1852, #2826, #546 ) ;
#2644 = DIRECTION ( 'NONE',  ( -1.000000000000000000, -0.000000000000000000, 0.000000000000000000 ) ) ;
#2645 = CARTESIAN_POINT ( 'NONE',  ( 6.210300000000000153, 8.128000000000001890, -0.8763000000000005230 ) ) ;
#2646 = DIRECTION ( 'NONE',  ( -0.000000000000000000, -0.000000000000000000, 1.000000000000000000 ) ) ;
#2647 = VERTEX_POINT ( 'NONE', #1637 ) ;
#2648 = EDGE_LOOP ( 'NONE', ( #106, #1017, #2995, #1878, #1408, #508, #3973, #2328, #1703, #3911, #1496, #4149, #1888, #892, #509, #2091 ) ) ;
#2649 = UNCERTAINTY_MEASURE_WITH_UNIT (LENGTH_MEASURE( 1.000000000000000082E-05 ), #2754, 'distance_accuracy_value', 'NONE');
#2650 = LINE ( 'NONE', #379, #3782 ) ;
#2651 = CARTESIAN_POINT ( 'NONE',  ( 1.917699999999999960, 1.008000000000000229, -0.8762999999999999678 ) ) ;
#2652 =( GEOMETRIC_REPRESENTATION_CONTEXT ( 3 ) GLOBAL_UNCERTAINTY_ASSIGNED_CONTEXT ( ( #2038 ) ) GLOBAL_UNIT_ASSIGNED_CONTEXT ( ( #1738, #2225, #228 ) ) REPRESENTATION_CONTEXT ( 'NONE', 'WORKASPACE' ) );
#2653 = DIRECTION ( 'NONE',  ( 1.000000000000000000, 2.345334688175684236E-17, 5.029586469703876819E-17 ) ) ;
#2654 = ORIENTED_EDGE ( 'NONE', *, *, #1084, .T. ) ;
#2655 = COLOUR_RGB ( '',1.000000000000000000, 1.000000000000000000, 0.000000000000000000 ) ;
#2656 = LINE ( 'NONE', #1752, #4120 ) ;
#2657 =( LENGTH_UNIT ( ) NAMED_UNIT ( * ) SI_UNIT ( .MILLI., .METRE. ) );
#2658 = UNCERTAINTY_MEASURE_WITH_UNIT (LENGTH_MEASURE( 1.000000000000000082E-05 ), #2365, 'distance_accuracy_value', 'NONE');
#2659 = ORIENTED_EDGE ( 'NONE', *, *, #3720, .T. ) ;
#2660 =( GEOMETRIC_REPRESENTATION_CONTEXT ( 3 ) GLOBAL_UNCERTAINTY_ASSIGNED_CONTEXT ( ( #3695 ) ) GLOBAL_UNIT_ASSIGNED_CONTEXT ( ( #2495, #1502, #1460 ) ) REPRESENTATION_CONTEXT ( 'NONE', 'WORKASPACE' ) );
#2661 = LINE ( 'NONE', #3140, #766 ) ;
#2662 = PLANE ( 'NONE',  #2984 ) ;
#2663 = VECTOR ( 'NONE', #1402, 1000.000000000000000 ) ;
#2664 = EDGE_CURVE ( 'NONE', #4122, #1745, #1059, .T. ) ;
#2665 = FILL_AREA_STYLE_COLOUR ( '', #3310 ) ;
#2666 =( NAMED_UNIT ( * ) SI_UNIT ( $, .STERADIAN. ) SOLID_ANGLE_UNIT ( ) );
#2667 = ORIENTED_EDGE ( 'NONE', *, *, #4105, .T. ) ;
#2668 = DIRECTION ( 'NONE',  ( 1.000000000000000000, 0.000000000000000000, 0.000000000000000000 ) ) ;
#2669 = CARTESIAN_POINT ( 'NONE',  ( 1.339849999999999541, -4.927600000000000868, -1.454150000000000720 ) ) ;
#2670 = CARTESIAN_POINT ( 'NONE',  ( 4.064000000000000057, 8.128000000000000114, -1.663699999999999957 ) ) ;
#2671 = ORIENTED_EDGE ( 'NONE', *, *, #1510, .F. ) ;
#2672 = LINE ( 'NONE', #2266, #1858 ) ;
#2673 = CARTESIAN_POINT ( 'NONE',  ( 6.210300000000000153, 1.008000000000000007, -1.270000000000000018 ) ) ;
#2674 = DIRECTION ( 'NONE',  ( -0.000000000000000000, -0.000000000000000000, -1.000000000000000000 ) ) ;
#2675 = DIRECTION ( 'NONE',  ( -0.7071067811865480168, -0.7071067811865470176, 0.000000000000000000 ) ) ;
#2676 = VERTEX_POINT ( 'NONE', #1022 ) ;
#2677 = DIRECTION ( 'NONE',  ( 0.000000000000000000, 0.000000000000000000, 1.000000000000000000 ) ) ;
#2678 = DIRECTION ( 'NONE',  ( 0.000000000000000000, -0.000000000000000000, -1.000000000000000000 ) ) ;
#2679 = CARTESIAN_POINT ( 'NONE',  ( 7.378700000000000259, 8.509000000000000341, 0.4953000000000001846 ) ) ;
#2680 = FACE_OUTER_BOUND ( 'NONE', #882, .T. ) ;
#2681 = EDGE_CURVE ( 'NONE', #1380, #4028, #2949, .T. ) ;
#2682 = ORIENTED_EDGE ( 'NONE', *, *, #1883, .F. ) ;
#2683 = DIRECTION ( 'NONE',  ( 0.000000000000000000, 0.000000000000000000, 1.000000000000000000 ) ) ;
#2684 = EDGE_CURVE ( 'NONE', #808, #2052, #1995, .T. ) ;
#2685 = EDGE_CURVE ( 'NONE', #3880, #2135, #341, .T. ) ;
#2686 = ORIENTED_EDGE ( 'NONE', *, *, #394, .F. ) ;
#2687 = LINE ( 'NONE', #3017, #3168 ) ;
#2688 = DIRECTION ( 'NONE',  ( 1.000000000000000000, 0.000000000000000000, -0.000000000000000000 ) ) ;
#2689 = MECHANICAL_DESIGN_GEOMETRIC_PRESENTATION_REPRESENTATION (  '', ( #3242 ), #1388 ) ;
#2690 = CARTESIAN_POINT ( 'NONE',  ( 5.588000000000000078, 0.5080000000000000071, -2.476500000000000590 ) ) ;
#2691 = UNCERTAINTY_MEASURE_WITH_UNIT (LENGTH_MEASURE( 1.000000000000000082E-05 ), #521, 'distance_accuracy_value', 'NONE');
#2692 = CARTESIAN_POINT ( 'NONE',  ( 8.128000000000000114, 8.509000000000000341, 2.476500000000000590 ) ) ;
#2693 = ORIENTED_EDGE ( 'NONE', *, *, #2150, .T. ) ;
#2694 = AXIS2_PLACEMENT_3D ( 'NONE', #2042, #1028, #2718 ) ;
#2695 = DIRECTION ( 'NONE',  ( 0.000000000000000000, 0.000000000000000000, 1.000000000000000000 ) ) ;
#2696 = CARTESIAN_POINT ( 'NONE',  ( 5.080000000000000071, 0.000000000000000000, -2.476500000000000590 ) ) ;
#2697 = STYLED_ITEM ( 'NONE', ( #1922 ), #47 ) ;
#2698 = LINE ( 'NONE', #701, #3467 ) ;
#2699 = DIRECTION ( 'NONE',  ( 1.664860395655130322E-16, 0.4226182617406998854, -0.9063077870366498257 ) ) ;
#2700 = AXIS2_PLACEMENT_3D ( 'NONE', #1143, #1523, #1842 ) ;
#2701 = LINE ( 'NONE', #456, #2985 ) ;
#2702 = AXIS2_PLACEMENT_3D ( 'NONE', #2536, #605, #1913 ) ;
#2703 = ORIENTED_EDGE ( 'NONE', *, *, #2835, .T. ) ;
#2704 = DIRECTION ( 'NONE',  ( 1.000000000000000000, 0.000000000000000000, -0.000000000000000000 ) ) ;
#2705 =( GEOMETRIC_REPRESENTATION_CONTEXT ( 3 ) GLOBAL_UNCERTAINTY_ASSIGNED_CONTEXT ( ( #2378 ) ) GLOBAL_UNIT_ASSIGNED_CONTEXT ( ( #493, #3399, #2145 ) ) REPRESENTATION_CONTEXT ( 'NONE', 'WORKASPACE' ) );
#2706 = PLANE ( 'NONE',  #725 ) ;
#2707 = ADVANCED_FACE ( 'NONE', ( #3667 ), #2968, .T. ) ;
#2708 = VECTOR ( 'NONE', #1019, 1000.000000000000000 ) ;
#2709 = ADVANCED_FACE ( 'NONE', ( #1698 ), #69, .F. ) ;
#2710 = ORIENTED_EDGE ( 'NONE', *, *, #1945, .F. ) ;
#2711 =( LENGTH_UNIT ( ) NAMED_UNIT ( * ) SI_UNIT ( .MILLI., .METRE. ) );
#2712 = VECTOR ( 'NONE', #1146, 1000.000000000000000 ) ;
#2713 = ADVANCED_FACE ( 'NONE', ( #2793 ), #3683, .T. ) ;
#2714 = FILL_AREA_STYLE_COLOUR ( '', #1286 ) ;
#2715 = CARTESIAN_POINT ( 'NONE',  ( 6.997700000000000031, 1.008000000000000229, 1.270000000000000018 ) ) ;
#2716 = VERTEX_POINT ( 'NONE', #1757 ) ;
#2717 = VECTOR ( 'NONE', #1094, 1000.000000000000000 ) ;
#2718 = DIRECTION ( 'NONE',  ( 0.000000000000000000, -0.000000000000000000, 1.000000000000000000 ) ) ;
#2719 = FACE_OUTER_BOUND ( 'NONE', #2103, .T. ) ;
#2720 = VECTOR ( 'NONE', #611, 1000.000000000000000 ) ;
#2721 = PRESENTATION_LAYER_ASSIGNMENT (  '', '', ( #1072 ) ) ;
#2722 = EDGE_LOOP ( 'NONE', ( #2209, #2627, #2333, #3043 ) ) ;
#2723 = PLANE ( 'NONE',  #3366 ) ;
#2724 = COLOUR_RGB ( '',1.000000000000000000, 1.000000000000000000, 0.000000000000000000 ) ;
#2725 = SURFACE_SIDE_STYLE ('',( #1376 ) ) ;
#2726 = ORIENTED_EDGE ( 'NONE', *, *, #3909, .F. ) ;
#2727 = CARTESIAN_POINT ( 'NONE',  ( 4.457699999999999996, 1.008000000000000229, 1.270000000000000018 ) ) ;
#2728 = ORIENTED_EDGE ( 'NONE', *, *, #3671, .F. ) ;
#2729 = ADVANCED_FACE ( 'NONE', ( #1477 ), #4064, .T. ) ;
#2730 = EDGE_CURVE ( 'NONE', #246, #2882, #1733, .T. ) ;
#2731 = FACE_BOUND ( 'NONE', #2914, .T. ) ;
#2732 = UNCERTAINTY_MEASURE_WITH_UNIT (LENGTH_MEASURE( 1.000000000000000082E-05 ), #3815, 'distance_accuracy_value', 'NONE');
#2733 = FACE_OUTER_BOUND ( 'NONE', #3119, .T. ) ;
#2734 = VERTEX_POINT ( 'NONE', #3391 ) ;
#2735 = PLANE ( 'NONE',  #71 ) ;
#2736 = EDGE_CURVE ( 'NONE', #32, #3752, #1774, .T. ) ;
#2737 = FACE_OUTER_BOUND ( 'NONE', #3587, .T. ) ;
#2738 = ORIENTED_EDGE ( 'NONE', *, *, #2494, .T. ) ;
#2739 =( LENGTH_UNIT ( ) NAMED_UNIT ( * ) SI_UNIT ( .MILLI., .METRE. ) );
#2740 = DIRECTION ( 'NONE',  ( 1.000000000000000000, 0.000000000000000000, -0.000000000000000000 ) ) ;
#2741 = DIRECTION ( 'NONE',  ( -1.000000000000000000, -0.000000000000000000, -0.000000000000000000 ) ) ;
#2742 = ORIENTED_EDGE ( 'NONE', *, *, #2190, .T. ) ;
#2743 = CARTESIAN_POINT ( 'NONE',  ( 0.9397999999999999687, 8.318500000000002004, -0.2700000000000000178 ) ) ;
#2744 = LINE ( 'NONE', #2439, #3859 ) ;
#2745 = ORIENTED_EDGE ( 'NONE', *, *, #4105, .F. ) ;
#2746 = DIRECTION ( 'NONE',  ( 0.000000000000000000, 0.000000000000000000, 1.000000000000000000 ) ) ;
#2747 = DIRECTION ( 'NONE',  ( -0.9063077870366498257, 0.4226182617406998854, 0.000000000000000000 ) ) ;
#2748 = CARTESIAN_POINT ( 'NONE',  ( 1.524000000000000021, 1.008000000000000229, 1.663699999999999957 ) ) ;
#2749 = SURFACE_STYLE_FILL_AREA ( #1820 ) ;
#2750 = ORIENTED_EDGE ( 'NONE', *, *, #2191, .T. ) ;
#2751 = DIRECTION ( 'NONE',  ( 0.000000000000000000, -1.000000000000000000, -0.000000000000000000 ) ) ;
#2752 = FACE_OUTER_BOUND ( 'NONE', #547, .T. ) ;
#2753 = AXIS2_PLACEMENT_3D ( 'NONE', #2108, #2802, #1166 ) ;
#2754 =( LENGTH_UNIT ( ) NAMED_UNIT ( * ) SI_UNIT ( .MILLI., .METRE. ) );
#2755 = EDGE_CURVE ( 'NONE', #2791, #812, #3086, .T. ) ;
#2756 = FACE_OUTER_BOUND ( 'NONE', #3936, .T. ) ;
#2757 = ORIENTED_EDGE ( 'NONE', *, *, #313, .F. ) ;
#2758 = EDGE_CURVE ( 'NONE', #1152, #2135, #4034, .T. ) ;
#2759 = SURFACE_STYLE_FILL_AREA ( #475 ) ;
#2760 =( GEOMETRIC_REPRESENTATION_CONTEXT ( 3 ) GLOBAL_UNCERTAINTY_ASSIGNED_CONTEXT ( ( #1130 ) ) GLOBAL_UNIT_ASSIGNED_CONTEXT ( ( #2408, #1411, #3964 ) ) REPRESENTATION_CONTEXT ( 'NONE', 'WORKASPACE' ) );
#2761 = COLOUR_RGB ( '',1.000000000000000000, 1.000000000000000000, 0.000000000000000000 ) ;
#2762 = LINE ( 'NONE', #3759, #2435 ) ;
#2763 = MECHANICAL_DESIGN_GEOMETRIC_PRESENTATION_REPRESENTATION (  '', ( #1330 ), #844 ) ;
#2764 =( GEOMETRIC_REPRESENTATION_CONTEXT ( 3 ) GLOBAL_UNCERTAINTY_ASSIGNED_CONTEXT ( ( #3635 ) ) GLOBAL_UNIT_ASSIGNED_CONTEXT ( ( #2240, #2508, #1904 ) ) REPRESENTATION_CONTEXT ( 'NONE', 'WORKASPACE' ) );
#2765 = ORIENTED_EDGE ( 'NONE', *, *, #4159, .F. ) ;
#2766 = UNCERTAINTY_MEASURE_WITH_UNIT (LENGTH_MEASURE( 1.000000000000000082E-05 ), #347, 'distance_accuracy_value', 'NONE');
#2767 = CARTESIAN_POINT ( 'NONE',  ( 6.604000000000000092, 0.5079999999999997851, 0.9525000000000000133 ) ) ;
#2768 = DIRECTION ( 'NONE',  ( 1.000000000000000000, -0.000000000000000000, 0.000000000000000000 ) ) ;
#2769 = PRESENTATION_LAYER_ASSIGNMENT (  '', '', ( #2831 ) ) ;
#2770 = PLANE ( 'NONE',  #3107 ) ;
#2771 = VERTEX_POINT ( 'NONE', #3724 ) ;
#2772 = VECTOR ( 'NONE', #3684, 1000.000000000000000 ) ;
#2773 = VECTOR ( 'NONE', #613, 1000.000000000000000 ) ;
#2774 = SURFACE_STYLE_FILL_AREA ( #2460 ) ;
#2775 = DIRECTION ( 'NONE',  ( -0.4226182617406998299, -0.9063077870366497146, 0.000000000000000000 ) ) ;
#2776 = CARTESIAN_POINT ( 'NONE',  ( 6.419849999999997614, -4.927600000000000868, 1.770000000000000018 ) ) ;
#2777 = DIRECTION ( 'NONE',  ( 0.000000000000000000, 0.7071067811865470176, 0.7071067811865480168 ) ) ;
#2778 = ORIENTED_EDGE ( 'NONE', *, *, #925, .T. ) ;
#2779 = CARTESIAN_POINT ( 'NONE',  ( 4.064000000000000057, 4.254500000000000171, 2.476500000000000590 ) ) ;
#2780 = MECHANICAL_DESIGN_GEOMETRIC_PRESENTATION_REPRESENTATION (  '', ( #2214 ), #2993 ) ;
#2781 = FACE_OUTER_BOUND ( 'NONE', #3989, .T. ) ;
#2782 = ORIENTED_EDGE ( 'NONE', *, *, #2171, .T. ) ;
#2783 = STYLED_ITEM ( 'NONE', ( #2273 ), #1266 ) ;
#2784 = DIRECTION ( 'NONE',  ( -0.9063077870366498257, 0.4226182617406998854, 0.000000000000000000 ) ) ;
#2785 = EDGE_LOOP ( 'NONE', ( #1040, #2355, #2745, #3576 ) ) ;
#2786 = DIRECTION ( 'NONE',  ( 0.000000000000000000, -0.9063077870366497146, 0.4226182617406998299 ) ) ;
#2787 = AXIS2_PLACEMENT_3D ( 'NONE', #2928, #2015, #712 ) ;
#2788 = EDGE_CURVE ( 'NONE', #3225, #650, #798, .T. ) ;
#2789 = LINE ( 'NONE', #3129, #4069 ) ;
#2790 = EDGE_CURVE ( 'NONE', #2882, #1885, #2529, .T. ) ;
#2791 = VERTEX_POINT ( 'NONE', #3476 ) ;
#2792 = VERTEX_POINT ( 'NONE', #905 ) ;
#2793 = FACE_OUTER_BOUND ( 'NONE', #318, .T. ) ;
#2794 =( NAMED_UNIT ( * ) PLANE_ANGLE_UNIT ( ) SI_UNIT ( $, .RADIAN. ) );
#2795 = DIRECTION ( 'NONE',  ( -0.000000000000000000, 0.000000000000000000, 1.000000000000000000 ) ) ;
#2796 = LINE ( 'NONE', #775, #1809 ) ;
#2797 = ORIENTED_EDGE ( 'NONE', *, *, #3023, .T. ) ;
#2798 =( LENGTH_UNIT ( ) NAMED_UNIT ( * ) SI_UNIT ( .MILLI., .METRE. ) );
#2799 = FACE_OUTER_BOUND ( 'NONE', #859, .T. ) ;
#2800 = CARTESIAN_POINT ( 'NONE',  ( 4.064000000000000057, 8.509000000000000341, -0.4953000000000000735 ) ) ;
#2801 = ORIENTED_EDGE ( 'NONE', *, *, #3239, .F. ) ;
#2802 = DIRECTION ( 'NONE',  ( -1.000000000000000000, 0.000000000000000000, 0.000000000000000000 ) ) ;
#2803 = DIRECTION ( 'NONE',  ( 0.7071067811865470176, 0.7071067811865480168, 8.659560562354931626E-17 ) ) ;
#2804 = ORIENTED_EDGE ( 'NONE', *, *, #410, .T. ) ;
#2805 = ADVANCED_FACE ( 'NONE', ( #1273 ), #1177, .F. ) ;
#2806 = CARTESIAN_POINT ( 'NONE',  ( 1.524000000000000021, -4.927599999999999980, 1.270000000000000018 ) ) ;
#2807 = CARTESIAN_POINT ( 'NONE',  ( 3.670300000000000562, 8.128000000000000114, -0.8762999999999999678 ) ) ;
#2808 = ORIENTED_EDGE ( 'NONE', *, *, #718, .T. ) ;
#2809 = EDGE_CURVE ( 'NONE', #2470, #3519, #3881, .T. ) ;
#2810 = ORIENTED_EDGE ( 'NONE', *, *, #2520, .F. ) ;
#2811 = ADVANCED_FACE ( 'NONE', ( #2830 ), #576, .T. ) ;
#2812 = FACE_BOUND ( 'NONE', #323, .T. ) ;
#2813 = CARTESIAN_POINT ( 'NONE',  ( 8.128000000000000114, 4.254500000000000171, 2.476500000000000590 ) ) ;
#2814 = CARTESIAN_POINT ( 'NONE',  ( 1.917699999999999960, 5.262500000000001066, -0.8762999999999999678 ) ) ;
#2815 = ORIENTED_EDGE ( 'NONE', *, *, #96, .F. ) ;
#2816 = PRESENTATION_STYLE_ASSIGNMENT (( #777 ) ) ;
#2817 = CARTESIAN_POINT ( 'NONE',  ( 6.788149999999999906, -4.927600000000000868, 1.085849999999997983 ) ) ;
#2818 = FILL_AREA_STYLE_COLOUR ( '', #3063 ) ;
#2819 = ORIENTED_EDGE ( 'NONE', *, *, #4099, .F. ) ;
#2820 = COLOUR_RGB ( '',1.000000000000000000, 1.000000000000000000, 0.000000000000000000 ) ;
#2821 =( LENGTH_UNIT ( ) NAMED_UNIT ( * ) SI_UNIT ( .MILLI., .METRE. ) );
#2822 = CARTESIAN_POINT ( 'NONE',  ( 4.381500000000001727, -4.641630002150050061, 0.9524999999999993472 ) ) ;
#2823 = VECTOR ( 'NONE', #2840, 1000.000000000000000 ) ;
#2824 = LINE ( 'NONE', #528, #214 ) ;
#2825 = MECHANICAL_DESIGN_GEOMETRIC_PRESENTATION_REPRESENTATION (  '', ( #3778 ), #141 ) ;
#2826 = DIRECTION ( 'NONE',  ( 0.000000000000000000, 0.000000000000000000, 1.000000000000000000 ) ) ;
#2827 = PRESENTATION_LAYER_ASSIGNMENT (  '', '', ( #1054 ) ) ;
#2828 = ORIENTED_EDGE ( 'NONE', *, *, #25, .F. ) ;
#2829 = VERTEX_POINT ( 'NONE', #2857 ) ;
#2830 = FACE_OUTER_BOUND ( 'NONE', #2049, .T. ) ;
#2831 = STYLED_ITEM ( 'NONE', ( #1810 ), #117 ) ;
#2832 = DIRECTION ( 'NONE',  ( 1.000000000000000000, -0.000000000000000000, 0.000000000000000000 ) ) ;
#2833 = VECTOR ( 'NONE', #2704, 1000.000000000000000 ) ;
#2834 = EDGE_CURVE ( 'NONE', #3104, #3115, #4172, .T. ) ;
#2835 = EDGE_CURVE ( 'NONE', #182, #2022, #3178, .T. ) ;
#2836 = STYLED_ITEM ( 'NONE', ( #3030 ), #543 ) ;
#2837 = VECTOR ( 'NONE', #2999, 1000.000000000000000 ) ;
#2838 = PLANE ( 'NONE',  #440 ) ;
#2839 = ORIENTED_EDGE ( 'NONE', *, *, #4055, .T. ) ;
#2840 = DIRECTION ( 'NONE',  ( -1.000000000000000000, 9.184850993605155833E-17, -9.184850993605143507E-17 ) ) ;
#2841 = PRESENTATION_STYLE_ASSIGNMENT (( #516 ) ) ;
#2842 = MECHANICAL_DESIGN_GEOMETRIC_PRESENTATION_REPRESENTATION (  '', ( #3939 ), #3332 ) ;
#2843 = DIRECTION ( 'NONE',  ( 0.000000000000000000, 0.000000000000000000, 1.000000000000000000 ) ) ;
#2844 = FACE_OUTER_BOUND ( 'NONE', #2967, .T. ) ;
#2845 = ORIENTED_EDGE ( 'NONE', *, *, #180, .F. ) ;
#2846 = VECTOR ( 'NONE', #3387, 1000.000000000000000 ) ;
#2847 =( GEOMETRIC_REPRESENTATION_CONTEXT ( 3 ) GLOBAL_UNCERTAINTY_ASSIGNED_CONTEXT ( ( #676 ) ) GLOBAL_UNIT_ASSIGNED_CONTEXT ( ( #1383, #697, #3324 ) ) REPRESENTATION_CONTEXT ( 'NONE', 'WORKASPACE' ) );
#2848 = CARTESIAN_POINT ( 'NONE',  ( 7.620000000000000107, 0.008000000000000012310, 0.000000000000000000 ) ) ;
#2849 = EDGE_LOOP ( 'NONE', ( #1929, #1162, #943, #1621 ) ) ;
#2850 = VECTOR ( 'NONE', #3145, 1000.000000000000000 ) ;
#2851 = CARTESIAN_POINT ( 'NONE',  ( 0.5080000000000000071, 0.5080000000000000071, -2.476500000000000590 ) ) ;
#2852 = DIRECTION ( 'NONE',  ( 0.000000000000000000, 0.000000000000000000, 1.000000000000000000 ) ) ;
#2853 = SURFACE_SIDE_STYLE ('',( #2547 ) ) ;
#2854 = ORIENTED_EDGE ( 'NONE', *, *, #3320, .T. ) ;
#2855 = MECHANICAL_DESIGN_GEOMETRIC_PRESENTATION_REPRESENTATION (  '', ( #1072 ), #3125 ) ;
#2856 = ORIENTED_EDGE ( 'NONE', *, *, #2382, .T. ) ;
#2857 = CARTESIAN_POINT ( 'NONE',  ( 3.670300000000000562, 8.128000000000000114, 1.663699999999999735 ) ) ;
#2858 = LINE ( 'NONE', #3837, #1272 ) ;
#2859 = VECTOR ( 'NONE', #4203, 1000.000000000000000 ) ;
#2860 = CARTESIAN_POINT ( 'NONE',  ( 1.708150000000000723, -4.927600000000000868, 1.085849999999999316 ) ) ;
#2861 = EDGE_LOOP ( 'NONE', ( #3921, #3356, #3142, #1160 ) ) ;
#2862 = AXIS2_PLACEMENT_3D ( 'NONE', #3074, #4087, #2121 ) ;
#2863 = SURFACE_SIDE_STYLE ('',( #204 ) ) ;
#2864 = EDGE_CURVE ( 'NONE', #601, #4161, #2221, .T. ) ;
#2865 = ADVANCED_FACE ( 'NONE', ( #3537 ), #1857, .T. ) ;
#2866 = FILL_AREA_STYLE_COLOUR ( '', #3516 ) ;
#2867 = ORIENTED_EDGE ( 'NONE', *, *, #2790, .T. ) ;
#2868 = CARTESIAN_POINT ( 'NONE',  ( 2.108200000000000074, 8.318500000000002004, -2.270000000000000018 ) ) ;
#2869 = LINE ( 'NONE', #2612, #1550 ) ;
#2870 = CARTESIAN_POINT ( 'NONE',  ( 6.604000000000000092, -2.063800000000000079, -1.587499999999999911 ) ) ;
#2871 = ORIENTED_EDGE ( 'NONE', *, *, #2730, .T. ) ;
#2872 = FILL_AREA_STYLE ('',( #4140 ) ) ;
#2873 = ADVANCED_FACE ( 'NONE', ( #4125 ), #270, .F. ) ;
#2874 = FACE_OUTER_BOUND ( 'NONE', #581, .T. ) ;
#2875 = LINE ( 'NONE', #2453, #1390 ) ;
#2876 = PLANE ( 'NONE',  #1465 ) ;
#2877 = CARTESIAN_POINT ( 'NONE',  ( 4.064000000000000057, 0.000000000000000000, 2.476500000000000590 ) ) ;
#2878 = EDGE_LOOP ( 'NONE', ( #3951, #1503, #678, #3496 ) ) ;
#2879 = VERTEX_POINT ( 'NONE', #616 ) ;
#2880 = CARTESIAN_POINT ( 'NONE',  ( 1.841500000000000137, 0.5079999999999998961, 1.587499999999999911 ) ) ;
#2881 = SURFACE_STYLE_FILL_AREA ( #3885 ) ;
#2882 = VERTEX_POINT ( 'NONE', #883 ) ;
#2883 = LINE ( 'NONE', #582, #2344 ) ;
#2884 = FACE_BOUND ( 'NONE', #2320, .T. ) ;
#2885 = ORIENTED_EDGE ( 'NONE', *, *, #2755, .F. ) ;
#2886 = CARTESIAN_POINT ( 'NONE',  ( 0.7493000000000000771, 8.509000000000000341, 0.000000000000000000 ) ) ;
#2887 = CARTESIAN_POINT ( 'NONE',  ( 3.746499999999999719, -4.641630002150050061, 0.9524999999999987921 ) ) ;
#2888 = FACE_OUTER_BOUND ( 'NONE', #2785, .T. ) ;
#2889 = ORIENTED_EDGE ( 'NONE', *, *, #1596, .F. ) ;
#2890 = DIRECTION ( 'NONE',  ( 0.000000000000000000, 0.000000000000000000, 1.000000000000000000 ) ) ;
#2891 = EDGE_CURVE ( 'NONE', #975, #2176, #1926, .T. ) ;
#2892 = EDGE_CURVE ( 'NONE', #211, #325, #224, .T. ) ;
#2893 = DIRECTION ( 'NONE',  ( 0.000000000000000000, -0.9063077870366497146, 0.4226182617406998299 ) ) ;
#2894 = CARTESIAN_POINT ( 'NONE',  ( 1.917699999999999294, 8.128000000000000114, 0.8763000000000004119 ) ) ;
#2895 = CARTESIAN_POINT ( 'NONE',  ( 4.648200000000000109, 8.318500000000002004, 0.2700000000000000178 ) ) ;
#2896 = AXIS2_PLACEMENT_3D ( 'NONE', #3692, #2699, #3961 ) ;
#2897 = FACE_OUTER_BOUND ( 'NONE', #730, .T. ) ;
#2898 = ORIENTED_EDGE ( 'NONE', *, *, #180, .T. ) ;
#2899 = VERTEX_POINT ( 'NONE', #1295 ) ;
#2900 =( NAMED_UNIT ( * ) PLANE_ANGLE_UNIT ( ) SI_UNIT ( $, .RADIAN. ) );
#2901 = PRESENTATION_LAYER_ASSIGNMENT (  '', '', ( #488 ) ) ;
#2902 = PRESENTATION_LAYER_ASSIGNMENT (  '', '', ( #2200 ) ) ;
#2903 = FACE_OUTER_BOUND ( 'NONE', #2349, .T. ) ;
#2904 = ORIENTED_EDGE ( 'NONE', *, *, #1493, .T. ) ;
#2905 = COLOUR_RGB ( '',1.000000000000000000, 1.000000000000000000, 0.000000000000000000 ) ;
#2906 = PRESENTATION_STYLE_ASSIGNMENT (( #2557 ) ) ;
#2907 = EDGE_LOOP ( 'NONE', ( #692, #3969, #368, #1902 ) ) ;
#2908 = VECTOR ( 'NONE', #2617, 1000.000000000000000 ) ;
#2909 =( GEOMETRIC_REPRESENTATION_CONTEXT ( 3 ) GLOBAL_UNCERTAINTY_ASSIGNED_CONTEXT ( ( #3342 ) ) GLOBAL_UNIT_ASSIGNED_CONTEXT ( ( #3409, #1770, #478 ) ) REPRESENTATION_CONTEXT ( 'NONE', 'WORKASPACE' ) );
#2910 = DIRECTION ( 'NONE',  ( -0.7071067811865470176, 0.7071067811865480168, 0.000000000000000000 ) ) ;
#2911 = CARTESIAN_POINT ( 'NONE',  ( 4.381499999999999950, -2.063800000000000079, 0.9525000000000000133 ) ) ;
#2912 = UNCERTAINTY_MEASURE_WITH_UNIT (LENGTH_MEASURE( 1.000000000000000082E-05 ), #1508, 'distance_accuracy_value', 'NONE');
#2913 = PLANE ( 'NONE',  #656 ) ;
#2914 = EDGE_LOOP ( 'NONE', ( #3542, #3631, #1560, #2010 ) ) ;
#2915 = VECTOR ( 'NONE', #452, 1000.000000000000114 ) ;
#2916 =( GEOMETRIC_REPRESENTATION_CONTEXT ( 3 ) GLOBAL_UNCERTAINTY_ASSIGNED_CONTEXT ( ( #4180 ) ) GLOBAL_UNIT_ASSIGNED_CONTEXT ( ( #833, #2794, #3415 ) ) REPRESENTATION_CONTEXT ( 'NONE', 'WORKASPACE' ) );
#2917 = DIRECTION ( 'NONE',  ( 0.000000000000000000, 0.000000000000000000, 1.000000000000000000 ) ) ;
#2918 = CARTESIAN_POINT ( 'NONE',  ( 7.104000000000000092, -4.784615001075030349, -1.019174999999999942 ) ) ;
#2919 = EDGE_CURVE ( 'NONE', #937, #458, #2650, .T. ) ;
#2920 = ADVANCED_FACE ( 'NONE', ( #2925 ), #2290, .T. ) ;
#2921 = FACE_BOUND ( 'NONE', #2989, .T. ) ;
#2922 = VECTOR ( 'NONE', #2464, 1000.000000000000000 ) ;
#2923 = ORIENTED_EDGE ( 'NONE', *, *, #2755, .T. ) ;
#2924 = ORIENTED_EDGE ( 'NONE', *, *, #3464, .F. ) ;
#2925 = FACE_OUTER_BOUND ( 'NONE', #4019, .T. ) ;
#2926 = EDGE_CURVE ( 'NONE', #3204, #3784, #988, .T. ) ;
#2927 = FACE_OUTER_BOUND ( 'NONE', #3691, .T. ) ;
#2928 = CARTESIAN_POINT ( 'NONE',  ( 2.108200000000000074, 8.318500000000002004, 0.2700000000000000178 ) ) ;
#2929 = ORIENTED_EDGE ( 'NONE', *, *, #1497, .T. ) ;
#2930 = DIRECTION ( 'NONE',  ( -0.4226182617406998299, 0.9063077870366497146, 0.000000000000000000 ) ) ;
#2931 = PRESENTATION_STYLE_ASSIGNMENT (( #299 ) ) ;
#2932 = ORIENTED_EDGE ( 'NONE', *, *, #1968, .F. ) ;
#2933 = DIRECTION ( 'NONE',  ( -5.549534652183770411E-17, 0.4226182617406998854, 0.9063077870366498257 ) ) ;
#2934 = DIRECTION ( 'NONE',  ( 1.000000000000000000, 0.000000000000000000, 0.000000000000000000 ) ) ;
#2935 = PRESENTATION_STYLE_ASSIGNMENT (( #1551 ) ) ;
#2936 = EDGE_LOOP ( 'NONE', ( #3610, #217, #1091, #187 ) ) ;
#2937 = DIRECTION ( 'NONE',  ( 0.000000000000000000, 0.000000000000000000, 1.000000000000000000 ) ) ;
#2938 = LINE ( 'NONE', #2542, #2581 ) ;
#2939 = DIRECTION ( 'NONE',  ( 0.000000000000000000, 1.000000000000000000, 0.000000000000000000 ) ) ;
#2940 = FACE_OUTER_BOUND ( 'NONE', #3353, .T. ) ;
#2941 = ORIENTED_EDGE ( 'NONE', *, *, #4217, .T. ) ;
#2942 = ORIENTED_EDGE ( 'NONE', *, *, #3933, .T. ) ;
#2943 = FACE_OUTER_BOUND ( 'NONE', #1225, .T. ) ;
#2944 = CARTESIAN_POINT ( 'NONE',  ( 6.210300000000000153, 5.262500000000001066, -1.270000000000000018 ) ) ;
#2945 = EDGE_CURVE ( 'NONE', #1745, #1584, #2011, .T. ) ;
#2946 = EDGE_CURVE ( 'NONE', #949, #354, #708, .T. ) ;
#2947 = PLANE ( 'NONE',  #3055 ) ;
#2948 = VERTEX_POINT ( 'NONE', #1632 ) ;
#2949 = LINE ( 'NONE', #4242, #3504 ) ;
#2950 = CARTESIAN_POINT ( 'NONE',  ( 3.289299999999999891, 8.509000000000000341, 0.4953000000000001846 ) ) ;
#2951 = VERTEX_POINT ( 'NONE', #2350 ) ;
#2952 = SURFACE_STYLE_FILL_AREA ( #2317 ) ;
#2953 = CARTESIAN_POINT ( 'NONE',  ( 4.064000000000000057, 8.509000000000000341, -2.476500000000000590 ) ) ;
#2954 = UNCERTAINTY_MEASURE_WITH_UNIT (LENGTH_MEASURE( 1.000000000000000082E-05 ), #2183, 'distance_accuracy_value', 'NONE');
#2955 = LINE ( 'NONE', #654, #88 ) ;
#2956 = ORIENTED_EDGE ( 'NONE', *, *, #2945, .F. ) ;
#2957 = PRESENTATION_STYLE_ASSIGNMENT (( #3326 ) ) ;
#2958 = DIRECTION ( 'NONE',  ( -4.329780281177460266E-17, 0.7071067811865480168, 0.7071067811865470176 ) ) ;
#2959 = LINE ( 'NONE', #3, #3436 ) ;
#2960 = CARTESIAN_POINT ( 'NONE',  ( 6.997699999999999143, 8.128000000000000114, 1.663699999999999735 ) ) ;
#2961 = LINE ( 'NONE', #3877, #4039 ) ;
#2962 = ORIENTED_EDGE ( 'NONE', *, *, #578, .T. ) ;
#2963 = VERTEX_POINT ( 'NONE', #2330 ) ;
#2964 = AXIS2_PLACEMENT_3D ( 'NONE', #1599, #2917, #2236 ) ;
#2965 = PLANE ( 'NONE',  #2009 ) ;
#2966 = LINE ( 'NONE', #3648, #1203 ) ;
#2967 = EDGE_LOOP ( 'NONE', ( #1567, #3831, #4093, #1314 ) ) ;
#2968 = PLANE ( 'NONE',  #3100 ) ;
#2969 = VECTOR ( 'NONE', #2740, 1000.000000000000000 ) ;
#2970 = SURFACE_SIDE_STYLE ('',( #2316 ) ) ;
#2971 = AXIS2_PLACEMENT_3D ( 'NONE', #2585, #298, #2930 ) ;
#2972 = ADVANCED_FACE ( 'NONE', ( #2943 ), #641, .T. ) ;
#2973 = EDGE_CURVE ( 'NONE', #3894, #2033, #2600, .T. ) ;
#2974 = DIRECTION ( 'NONE',  ( -1.000000000000000000, -0.000000000000000000, 0.000000000000000000 ) ) ;
#2975 = DIRECTION ( 'NONE',  ( -0.000000000000000000, 0.000000000000000000, -1.000000000000000000 ) ) ;
#2976 = VECTOR ( 'NONE', #3836, 1000.000000000000000 ) ;
#2977 = CARTESIAN_POINT ( 'NONE',  ( 2.024000000000000021, -4.927600000000000868, -1.085849999999997983 ) ) ;
#2978 = VERTEX_POINT ( 'NONE', #3948 ) ;
#2979 = DIRECTION ( 'NONE',  ( 0.000000000000000000, 0.000000000000000000, 1.000000000000000000 ) ) ;
#2980 = PLANE ( 'NONE',  #772 ) ;
#2981 = EDGE_CURVE ( 'NONE', #2676, #1593, #1973, .T. ) ;
#2982 = COLOUR_RGB ( '',1.000000000000000000, 1.000000000000000000, 0.000000000000000000 ) ;
#2983 = CARTESIAN_POINT ( 'NONE',  ( 4.381499999999999950, 0.5079999999999998961, -0.9525000000000000133 ) ) ;
#2984 = AXIS2_PLACEMENT_3D ( 'NONE', #1719, #3057, #1690 ) ;
#2985 = VECTOR ( 'NONE', #3693, 1000.000000000000000 ) ;
#2986 = VECTOR ( 'NONE', #3269, 1000.000000000000000 ) ;
#2987 = DIRECTION ( 'NONE',  ( -0.000000000000000000, 1.000000000000000000, 0.000000000000000000 ) ) ;
#2988 = VERTEX_POINT ( 'NONE', #1694 ) ;
#2989 = EDGE_LOOP ( 'NONE', ( #1639, #3593, #1908, #68 ) ) ;
#2990 = PRESENTATION_LAYER_ASSIGNMENT (  '', '', ( #2572 ) ) ;
#2991 = CARTESIAN_POINT ( 'NONE',  ( 1.024000000000000021, -4.927600000000000868, 1.085849999999997983 ) ) ;
#2992 = SURFACE_STYLE_USAGE ( .BOTH. , #1712 ) ;
#2993 =( GEOMETRIC_REPRESENTATION_CONTEXT ( 3 ) GLOBAL_UNCERTAINTY_ASSIGNED_CONTEXT ( ( #1570 ) ) GLOBAL_UNIT_ASSIGNED_CONTEXT ( ( #4113, #3377, #807 ) ) REPRESENTATION_CONTEXT ( 'NONE', 'WORKASPACE' ) );
#2994 = FACE_OUTER_BOUND ( 'NONE', #647, .T. ) ;
#2995 = ORIENTED_EDGE ( 'NONE', *, *, #947, .T. ) ;
#2996 =( LENGTH_UNIT ( ) NAMED_UNIT ( * ) SI_UNIT ( .MILLI., .METRE. ) );
#2997 = PRESENTATION_LAYER_ASSIGNMENT (  '', '', ( #587 ) ) ;
#2998 = FACE_OUTER_BOUND ( 'NONE', #128, .T. ) ;
#2999 = DIRECTION ( 'NONE',  ( 0.000000000000000000, -0.000000000000000000, -1.000000000000000000 ) ) ;
#3000 = CARTESIAN_POINT ( 'NONE',  ( 7.378700000000000259, 8.509000000000000341, 2.044700000000000628 ) ) ;
#3001 = ORIENTED_EDGE ( 'NONE', *, *, #3623, .F. ) ;
#3002 = EDGE_CURVE ( 'NONE', #2899, #1246, #4236, .T. ) ;
#3003 =( GEOMETRIC_REPRESENTATION_CONTEXT ( 3 ) GLOBAL_UNCERTAINTY_ASSIGNED_CONTEXT ( ( #2766 ) ) GLOBAL_UNIT_ASSIGNED_CONTEXT ( ( #347, #3350, #4010 ) ) REPRESENTATION_CONTEXT ( 'NONE', 'WORKASPACE' ) );
#3004 = DIRECTION ( 'NONE',  ( -0.3892816206350248054, 0.8348171294789882291, -0.3892816206350241948 ) ) ;
#3005 = DIRECTION ( 'NONE',  ( -1.000000000000000000, -0.000000000000000000, 0.000000000000000000 ) ) ;
#3006 = VECTOR ( 'NONE', #588, 1000.000000000000000 ) ;
#3007 = PRESENTATION_STYLE_ASSIGNMENT (( #78 ) ) ;
#3008 = EDGE_CURVE ( 'NONE', #517, #1191, #964, .T. ) ;
#3009 = ADVANCED_FACE ( 'NONE', ( #2262 ), #2965, .T. ) ;
#3010 = LINE ( 'NONE', #46, #2059 ) ;
#3011 = CARTESIAN_POINT ( 'NONE',  ( 4.064000000000000057, -4.641630002150050061, -0.9525000000000000133 ) ) ;
#3012 = ORIENTED_EDGE ( 'NONE', *, *, #718, .F. ) ;
#3013 = DIRECTION ( 'NONE',  ( -0.000000000000000000, -0.000000000000000000, -1.000000000000000000 ) ) ;
#3014 = PLANE ( 'NONE',  #1872 ) ;
#3015 = LINE ( 'NONE', #4240, #657 ) ;
#3016 = ORIENTED_EDGE ( 'NONE', *, *, #3263, .T. ) ;
#3017 = CARTESIAN_POINT ( 'NONE',  ( 1.130300000000000082, 8.128000000000000114, 1.270000000000000018 ) ) ;
#3018 = ORIENTED_EDGE ( 'NONE', *, *, #4022, .T. ) ;
#3019 = DIRECTION ( 'NONE',  ( 1.000000000000000000, 0.000000000000000000, -0.000000000000000000 ) ) ;
#3020 = FILL_AREA_STYLE_COLOUR ( '', #2506 ) ;
#3021 = PLANE ( 'NONE',  #2128 ) ;
#3022 = ADVANCED_FACE ( 'NONE', ( #1394 ), #3364, .F. ) ;
#3023 = EDGE_CURVE ( 'NONE', #41, #3144, #64, .T. ) ;
#3024 = LINE ( 'NONE', #108, #719 ) ;
#3025 = ORIENTED_EDGE ( 'NONE', *, *, #1517, .T. ) ;
#3026 = EDGE_CURVE ( 'NONE', #2988, #1584, #1472, .T. ) ;
#3027 =( GEOMETRIC_REPRESENTATION_CONTEXT ( 3 ) GLOBAL_UNCERTAINTY_ASSIGNED_CONTEXT ( ( #1662 ) ) GLOBAL_UNIT_ASSIGNED_CONTEXT ( ( #2739, #727, #1707 ) ) REPRESENTATION_CONTEXT ( 'NONE', 'WORKASPACE' ) );
#3028 = ORIENTED_EDGE ( 'NONE', *, *, #3766, .T. ) ;
#3029 = DIRECTION ( 'NONE',  ( 1.000000000000000000, 0.000000000000000000, -0.000000000000000000 ) ) ;
#3030 = PRESENTATION_STYLE_ASSIGNMENT (( #54 ) ) ;
#3031 = VECTOR ( 'NONE', #1082, 1000.000000000000000 ) ;
#3032 = UNCERTAINTY_MEASURE_WITH_UNIT (LENGTH_MEASURE( 1.000000000000000082E-05 ), #652, 'distance_accuracy_value', 'NONE');
#3033 = DIRECTION ( 'NONE',  ( -0.4226182617406998299, -0.9063077870366497146, 0.000000000000000000 ) ) ;
#3034 = ORIENTED_EDGE ( 'NONE', *, *, #4003, .F. ) ;
#3035 = COLOUR_RGB ( '',1.000000000000000000, 1.000000000000000000, 0.000000000000000000 ) ;
#3036 = SURFACE_STYLE_FILL_AREA ( #2385 ) ;
#3037 = PRESENTATION_STYLE_ASSIGNMENT (( #2325 ) ) ;
#3038 = AXIS2_PLACEMENT_3D ( 'NONE', #855, #1644, #3913 ) ;
#3039 = PRESENTATION_LAYER_ASSIGNMENT (  '', '', ( #642 ) ) ;
#3040 = DIRECTION ( 'NONE',  ( -0.5773502691896259531, 0.5773502691896246208, -0.5773502691896265082 ) ) ;
#3041 = STYLED_ITEM ( 'NONE', ( #1866 ), #3092 ) ;
#3042 = EDGE_CURVE ( 'NONE', #2033, #251, #1071, .T. ) ;
#3043 = ORIENTED_EDGE ( 'NONE', *, *, #2603, .F. ) ;
#3044 = EDGE_CURVE ( 'NONE', #770, #2792, #1131, .T. ) ;
#3045 = SURFACE_SIDE_STYLE ('',( #414 ) ) ;
#3046 = COLOUR_RGB ( '',1.000000000000000000, 1.000000000000000000, 0.000000000000000000 ) ;
#3047 = DIRECTION ( 'NONE',  ( -0.000000000000000000, -1.000000000000000000, -0.000000000000000000 ) ) ;
#3048 = VECTOR ( 'NONE', #1557, 1000.000000000000000 ) ;
#3049 = ORIENTED_EDGE ( 'NONE', *, *, #3747, .T. ) ;
#3050 = EDGE_CURVE ( 'NONE', #273, #2615, #4080, .T. ) ;
#3051 = DIRECTION ( 'NONE',  ( 0.000000000000000000, -0.000000000000000000, -1.000000000000000000 ) ) ;
#3052 = STYLED_ITEM ( 'NONE', ( #2935 ), #1239 ) ;
#3053 = LINE ( 'NONE', #3341, #2663 ) ;
#3054 = ORIENTED_EDGE ( 'NONE', *, *, #3469, .T. ) ;
#3055 = AXIS2_PLACEMENT_3D ( 'NONE', #1313, #1654, #670 ) ;
#3056 = LINE ( 'NONE', #4070, #3779 ) ;
#3057 = DIRECTION ( 'NONE',  ( 1.000000000000000000, -0.000000000000000000, 0.000000000000000000 ) ) ;
#3058 = VECTOR ( 'NONE', #2242, 1000.000000000000000 ) ;
#3059 = DIRECTION ( 'NONE',  ( 0.000000000000000000, -0.000000000000000000, 1.000000000000000000 ) ) ;
#3060 = VECTOR ( 'NONE', #3976, 1000.000000000000000 ) ;
#3061 = ORIENTED_EDGE ( 'NONE', *, *, #2383, .F. ) ;
#3062 = FILL_AREA_STYLE ('',( #1722 ) ) ;
#3063 = COLOUR_RGB ( '',1.000000000000000000, 1.000000000000000000, 0.000000000000000000 ) ;
#3064 = EDGE_LOOP ( 'NONE', ( #3797, #1924, #3521, #754 ) ) ;
#3065 = UNCERTAINTY_MEASURE_WITH_UNIT (LENGTH_MEASURE( 1.000000000000000082E-05 ), #1195, 'distance_accuracy_value', 'NONE');
#3066 = CARTESIAN_POINT ( 'NONE',  ( 6.921499999999999986, -4.641630002150050061, 1.270000000000000018 ) ) ;
#3067 = DIRECTION ( 'NONE',  ( 0.000000000000000000, -0.000000000000000000, -1.000000000000000000 ) ) ;
#3068 = LINE ( 'NONE', #3299, #427 ) ;
#3069 = ORIENTED_EDGE ( 'NONE', *, *, #3050, .F. ) ;
#3070 = DIRECTION ( 'NONE',  ( 0.000000000000000000, 0.000000000000000000, 1.000000000000000000 ) ) ;
#3071 = DIRECTION ( 'NONE',  ( 0.000000000000000000, -1.000000000000000000, -0.000000000000000000 ) ) ;
#3072 = ADVANCED_FACE ( 'NONE', ( #2373 ), #3523, .F. ) ;
#3073 = EDGE_CURVE ( 'NONE', #2555, #2403, #4178, .T. ) ;
#3074 = CARTESIAN_POINT ( 'NONE',  ( 4.064000000000000057, 8.509000000000000341, 0.000000000000000000 ) ) ;
#3075 = CARTESIAN_POINT ( 'NONE',  ( 6.419849999999997614, -4.927600000000000868, 1.085849999999999982 ) ) ;
#3076 = ORIENTED_EDGE ( 'NONE', *, *, #4022, .F. ) ;
#3077 = FILL_AREA_STYLE ('',( #1441 ) ) ;
#3078 = LINE ( 'NONE', #2105, #2305 ) ;
#3079 = PRESENTATION_STYLE_ASSIGNMENT (( #2449 ) ) ;
#3080 = ORIENTED_EDGE ( 'NONE', *, *, #524, .F. ) ;
#3081 =( LENGTH_UNIT ( ) NAMED_UNIT ( * ) SI_UNIT ( .MILLI., .METRE. ) );
#3082 =( NAMED_UNIT ( * ) SI_UNIT ( $, .STERADIAN. ) SOLID_ANGLE_UNIT ( ) );
#3083 = EDGE_LOOP ( 'NONE', ( #3192, #3879, #3028, #713 ) ) ;
#3084 = DIRECTION ( 'NONE',  ( 1.000000000000000000, -0.000000000000000000, 0.000000000000000000 ) ) ;
#3085 = ORIENTED_EDGE ( 'NONE', *, *, #3183, .T. ) ;
#3086 = LINE ( 'NONE', #1433, #710 ) ;
#3087 =( NAMED_UNIT ( * ) SI_UNIT ( $, .STERADIAN. ) SOLID_ANGLE_UNIT ( ) );
#3088 = LINE ( 'NONE', #3075, #3601 ) ;
#3089 = ORIENTED_EDGE ( 'NONE', *, *, #4162, .F. ) ;
#3090 = CARTESIAN_POINT ( 'NONE',  ( 4.064000000000000057, 0.5079999999999997851, 1.587499999999999911 ) ) ;
#3091 = EDGE_CURVE ( 'NONE', #423, #1380, #234, .T. ) ;
#3092 = ADVANCED_FACE ( 'NONE', ( #3823 ), #1568, .F. ) ;
#3093 = COLOUR_RGB ( '',1.000000000000000000, 1.000000000000000000, 0.000000000000000000 ) ;
#3094 = CARTESIAN_POINT ( 'NONE',  ( 4.457699999999999996, 8.128000000000000114, -1.663699999999998624 ) ) ;
#3095 = AXIS2_PLACEMENT_3D ( 'NONE', #1594, #3895, #631 ) ;
#3096 = VERTEX_POINT ( 'NONE', #2561 ) ;
#3097 = PRESENTATION_STYLE_ASSIGNMENT (( #1846 ) ) ;
#3098 = EDGE_CURVE ( 'NONE', #1342, #4097, #2248, .T. ) ;
#3099 = VECTOR ( 'NONE', #902, 1000.000000000000000 ) ;
#3100 = AXIS2_PLACEMENT_3D ( 'NONE', #735, #16, #3029 ) ;
#3101 =( NAMED_UNIT ( * ) SI_UNIT ( $, .STERADIAN. ) SOLID_ANGLE_UNIT ( ) );
#3102 =( GEOMETRIC_REPRESENTATION_CONTEXT ( 3 ) GLOBAL_UNCERTAINTY_ASSIGNED_CONTEXT ( ( #402 ) ) GLOBAL_UNIT_ASSIGNED_CONTEXT ( ( #1018, #3578, #33 ) ) REPRESENTATION_CONTEXT ( 'NONE', 'WORKASPACE' ) );
#3103 = SURFACE_STYLE_USAGE ( .BOTH. , #3738 ) ;
#3104 = VERTEX_POINT ( 'NONE', #1589 ) ;
#3105 = UNCERTAINTY_MEASURE_WITH_UNIT (LENGTH_MEASURE( 1.000000000000000082E-05 ), #2569, 'distance_accuracy_value', 'NONE');
#3106 = DIRECTION ( 'NONE',  ( -0.7071067811865480168, 0.7071067811865470176, 0.000000000000000000 ) ) ;
#3107 = AXIS2_PLACEMENT_3D ( 'NONE', #220, #3150, #1789 ) ;
#3108 = ORIENTED_EDGE ( 'NONE', *, *, #3884, .T. ) ;
#3109 = EDGE_LOOP ( 'NONE', ( #100, #3316, #3559, #3834 ) ) ;
#3110 = COLOUR_RGB ( '',1.000000000000000000, 1.000000000000000000, 0.000000000000000000 ) ;
#3111 = CARTESIAN_POINT ( 'NONE',  ( 6.210300000000000153, 5.262500000000001066, -0.8762999999999999678 ) ) ;
#3112 =( GEOMETRIC_REPRESENTATION_CONTEXT ( 3 ) GLOBAL_UNCERTAINTY_ASSIGNED_CONTEXT ( ( #1062 ) ) GLOBAL_UNIT_ASSIGNED_CONTEXT ( ( #249, #2900, #3495 ) ) REPRESENTATION_CONTEXT ( 'NONE', 'WORKASPACE' ) );
#3113 = LINE ( 'NONE', #2748, #1290 ) ;
#3114 = FILL_AREA_STYLE_COLOUR ( '', #1410 ) ;
#3115 = VERTEX_POINT ( 'NONE', #4136 ) ;
#3116 = FACE_OUTER_BOUND ( 'NONE', #956, .T. ) ;
#3117 = MECHANICAL_DESIGN_GEOMETRIC_PRESENTATION_REPRESENTATION (  '', ( #3722 ), #1066 ) ;
#3118 = CARTESIAN_POINT ( 'NONE',  ( 4.838700000000000223, 8.509000000000000341, -0.4953000000000000735 ) ) ;
#3119 = EDGE_LOOP ( 'NONE', ( #3626, #3929, #926, #930 ) ) ;
#3120 = ADVANCED_FACE ( 'NONE', ( #2184 ), #3215, .F. ) ;
#3121 = CARTESIAN_POINT ( 'NONE',  ( 5.588000000000000078, 0.000000000000000000, -2.476500000000000590 ) ) ;
#3122 = CARTESIAN_POINT ( 'NONE',  ( 1.774825000000000097, -4.784615001075030349, -1.770000000000000018 ) ) ;
#3123 = ORIENTED_EDGE ( 'NONE', *, *, #3767, .T. ) ;
#3124 = VECTOR ( 'NONE', #2741, 1000.000000000000000 ) ;
#3125 =( GEOMETRIC_REPRESENTATION_CONTEXT ( 3 ) GLOBAL_UNCERTAINTY_ASSIGNED_CONTEXT ( ( #3105 ) ) GLOBAL_UNIT_ASSIGNED_CONTEXT ( ( #2569, #1897, #3942 ) ) REPRESENTATION_CONTEXT ( 'NONE', 'WORKASPACE' ) );
#3126 = EDGE_CURVE ( 'NONE', #2512, #413, #1212, .T. ) ;
#3127 = ADVANCED_FACE ( 'NONE', ( #2270 ), #1891, .T. ) ;
#3128 = CARTESIAN_POINT ( 'NONE',  ( 4.838700000000000223, 8.509000000000000341, -0.4953000000000001846 ) ) ;
#3129 = CARTESIAN_POINT ( 'NONE',  ( 4.064000000000000057, 1.008000000000000007, 0.8762999999999999678 ) ) ;
#3130 = EDGE_LOOP ( 'NONE', ( #183, #3770, #3708, #2164 ) ) ;
#3131 = CARTESIAN_POINT ( 'NONE',  ( 2.540000000000000036, 4.254500000000000171, -2.476500000000000590 ) ) ;
#3132 = PRESENTATION_LAYER_ASSIGNMENT (  '', '', ( #3344 ) ) ;
#3133 = FACE_OUTER_BOUND ( 'NONE', #3083, .T. ) ;
#3134 = ORIENTED_EDGE ( 'NONE', *, *, #3622, .T. ) ;
#3135 = ORIENTED_EDGE ( 'NONE', *, *, #1688, .F. ) ;
#3136 =( NAMED_UNIT ( * ) SI_UNIT ( $, .STERADIAN. ) SOLID_ANGLE_UNIT ( ) );
#3137 = CARTESIAN_POINT ( 'NONE',  ( 6.286500000000000199, 0.5079999999999997851, -1.587499999999999911 ) ) ;
#3138 = DIRECTION ( 'NONE',  ( 0.000000000000000000, 0.000000000000000000, -1.000000000000000000 ) ) ;
#3139 = EDGE_LOOP ( 'NONE', ( #1109, #1783, #84, #1840 ) ) ;
#3140 = CARTESIAN_POINT ( 'NONE',  ( 3.670300000000000562, 8.128000000000001890, -1.663699999999999957 ) ) ;
#3141 = DIRECTION ( 'NONE',  ( 0.3892816206350245278, 0.8348171294789875629, -0.3892816206350258046 ) ) ;
#3142 = ORIENTED_EDGE ( 'NONE', *, *, #2353, .F. ) ;
#3143 = CARTESIAN_POINT ( 'NONE',  ( 4.064000000000000057, 0.000000000000000000, 0.000000000000000000 ) ) ;
#3144 = VERTEX_POINT ( 'NONE', #586 ) ;
#3145 = DIRECTION ( 'NONE',  ( -0.000000000000000000, -1.000000000000000000, 0.000000000000000000 ) ) ;
#3146 = PLANE ( 'NONE',  #1058 ) ;
#3147 = ADVANCED_FACE ( 'NONE', ( #2229 ), #1233, .T. ) ;
#3148 = EDGE_CURVE ( 'NONE', #1271, #848, #3842, .T. ) ;
#3149 = LINE ( 'NONE', #194, #2498 ) ;
#3150 = DIRECTION ( 'NONE',  ( 1.000000000000000000, -0.000000000000000000, 0.000000000000000000 ) ) ;
#3151 = ORIENTED_EDGE ( 'NONE', *, *, #284, .T. ) ;
#3152 = EDGE_LOOP ( 'NONE', ( #1642, #3069, #2527, #1822 ) ) ;
#3153 = CARTESIAN_POINT ( 'NONE',  ( 3.064000000000000501, 8.318500000000002004, -1.854200000000000070 ) ) ;
#3154 = EDGE_CURVE ( 'NONE', #458, #1628, #3890, .T. ) ;
#3155 = CARTESIAN_POINT ( 'NONE',  ( 6.788150000000001683, -4.927600000000000868, 1.454150000000000942 ) ) ;
#3156 = CARTESIAN_POINT ( 'NONE',  ( 7.620000000000000107, 0.000000000000000000, -2.476500000000000590 ) ) ;
#3157 = VERTEX_POINT ( 'NONE', #1135 ) ;
#3158 = CARTESIAN_POINT ( 'NONE',  ( 4.381499999999999950, 0.5079999999999997851, -1.587499999999999911 ) ) ;
#3159 = CARTESIAN_POINT ( 'NONE',  ( 1.130300000000000082, 8.128000000000001890, 1.663699999999999291 ) ) ;
#3160 = ORIENTED_EDGE ( 'NONE', *, *, #1078, .F. ) ;
#3161 = CARTESIAN_POINT ( 'NONE',  ( 6.604000000000000092, 1.008000000000000007, -1.270000000000000018 ) ) ;
#3162 = ORIENTED_EDGE ( 'NONE', *, *, #1706, .T. ) ;
#3163 = MECHANICAL_DESIGN_GEOMETRIC_PRESENTATION_REPRESENTATION (  '', ( #1172 ), #551 ) ;
#3164 = DIRECTION ( 'NONE',  ( -0.000000000000000000, 0.000000000000000000, -1.000000000000000000 ) ) ;
#3165 =( NAMED_UNIT ( * ) SI_UNIT ( $, .STERADIAN. ) SOLID_ANGLE_UNIT ( ) );
#3166 = CARTESIAN_POINT ( 'NONE',  ( 6.353175000000000239, -4.784615001075030349, -0.7700000000000000178 ) ) ;
#3167 = ORIENTED_EDGE ( 'NONE', *, *, #2353, .T. ) ;
#3168 = VECTOR ( 'NONE', #3354, 1000.000000000000000 ) ;
#3169 = DIRECTION ( 'NONE',  ( 0.000000000000000000, 1.000000000000000000, 0.000000000000000000 ) ) ;
#3170 = FILL_AREA_STYLE_COLOUR ( '', #4206 ) ;
#3171 = CLOSED_SHELL ( 'NONE', ( #2398, #3512, #604, #498, #3120, #4222, #686, #1827, #3213, #3412, #1467, #283, #196, #1890, #948, #1833, #2811, #693, #3646, #3314, #1153, #571, #894, #227, #3127, #3438, #2729, #2019, #1601, #2334, #742, #2865, #389, #1755, #1492, #3321, #1033, #1459, #1037, #338, #4134, #1032, #3670, #1374, #1919, #1776, #3878, #1126, #550, #2713, #1239, #1806, #3009, #2246, #3347, #2709, #4100, #2144, #3022, #2707, #465, #3799, #3883, #543, #2546, #3937, #2143, #263, #2805, #2327, #1940, #2436, #2873, #2065, #4082, #1266, #2120, #3072, #116, #2046, #3711, #3740, #2026, #47, #409, #44, #1149, #711, #572, #2359, #416, #117, #3677, #3092, #3596, #1546, #2281, #2920, #3175, #1708, #1754, #3291, #2223, #3852, #1728, #1375, #2545, #2092, #2972, #1180, #763, #491, #4245, #443, #3561, #834, #1318, #603, #3858, #1077, #2224, #1466, #3386, #3147, #2457, #2462 ) ) ;
#3172 = LINE ( 'NONE', #2157, #3099 ) ;
#3173 = MECHANICAL_DESIGN_GEOMETRIC_PRESENTATION_REPRESENTATION (  '', ( #1054 ), #845 ) ;
#3174 = EDGE_CURVE ( 'NONE', #1868, #2948, #3279, .T. ) ;
#3175 = ADVANCED_FACE ( 'NONE', ( #1320 ), #2095, .T. ) ;
#3176 = ORIENTED_EDGE ( 'NONE', *, *, #2809, .F. ) ;
#3177 = EDGE_LOOP ( 'NONE', ( #1220, #1475, #2107, #3492 ) ) ;
#3178 = LINE ( 'NONE', #2551, #1113 ) ;
#3179 = PRESENTATION_LAYER_ASSIGNMENT (  '', '', ( #1731 ) ) ;
#3180 = DIRECTION ( 'NONE',  ( 1.000000000000000000, 0.000000000000000000, 0.000000000000000000 ) ) ;
#3181 = VECTOR ( 'NONE', #1450, 1000.000000000000000 ) ;
#3182 = AXIS2_PLACEMENT_3D ( 'NONE', #4176, #3251, #3276 ) ;
#3183 = EDGE_CURVE ( 'NONE', #2615, #4154, #1368, .T. ) ;
#3184 = VECTOR ( 'NONE', #2646, 1000.000000000000000 ) ;
#3185 = LINE ( 'NONE', #2814, #1281 ) ;
#3186 = ORIENTED_EDGE ( 'NONE', *, *, #2119, .T. ) ;
#3187 = CARTESIAN_POINT ( 'NONE',  ( 4.064000000000000057, 0.5079999999999997851, 2.476500000000000590 ) ) ;
#3188 = CARTESIAN_POINT ( 'NONE',  ( 6.604000000000000092, 1.008000000000000007, -1.663699999999999957 ) ) ;
#3189 = ORIENTED_EDGE ( 'NONE', *, *, #3359, .T. ) ;
#3190 = AXIS2_PLACEMENT_3D ( 'NONE', #3818, #225, #1538 ) ;
#3191 = SURFACE_STYLE_USAGE ( .BOTH. , #1321 ) ;
#3192 = ORIENTED_EDGE ( 'NONE', *, *, #4021, .F. ) ;
#3193 = SURFACE_STYLE_USAGE ( .BOTH. , #3568 ) ;
#3194 = MECHANICAL_DESIGN_GEOMETRIC_PRESENTATION_REPRESENTATION (  '', ( #2783 ), #2847 ) ;
#3195 = FILL_AREA_STYLE_COLOUR ( '', #446 ) ;
#3196 = LINE ( 'NONE', #1625, #2720 ) ;
#3197 = EDGE_LOOP ( 'NONE', ( #2467, #487, #760, #655 ) ) ;
#3198 = MECHANICAL_DESIGN_GEOMETRIC_PRESENTATION_REPRESENTATION (  '', ( #2027 ), #3668 ) ;
#3199 = PLANE ( 'NONE',  #3658 ) ;
#3200 = CARTESIAN_POINT ( 'NONE',  ( 1.841500000000000137, 0.5079999999999998961, -0.9525000000000000133 ) ) ;
#3201 =( LENGTH_UNIT ( ) NAMED_UNIT ( * ) SI_UNIT ( .MILLI., .METRE. ) );
#3202 = EDGE_LOOP ( 'NONE', ( #1484, #4076, #1422, #2622 ) ) ;
#3203 = VECTOR ( 'NONE', #45, 1000.000000000000000 ) ;
#3204 = VERTEX_POINT ( 'NONE', #2390 ) ;
#3205 = PRESENTATION_STYLE_ASSIGNMENT (( #2161 ) ) ;
#3206 = FILL_AREA_STYLE_COLOUR ( '', #3046 ) ;
#3207 = MECHANICAL_DESIGN_GEOMETRIC_PRESENTATION_REPRESENTATION (  '', ( #804 ), #1141 ) ;
#3208 = CARTESIAN_POINT ( 'NONE',  ( 6.997700000000000031, 5.262500000000001066, 1.663699999999999957 ) ) ;
#3209 = ORIENTED_EDGE ( 'NONE', *, *, #262, .F. ) ;
#3210 = LINE ( 'NONE', #3887, #1451 ) ;
#3211 =( NAMED_UNIT ( * ) SI_UNIT ( $, .STERADIAN. ) SOLID_ANGLE_UNIT ( ) );
#3212 = ORIENTED_EDGE ( 'NONE', *, *, #2045, .T. ) ;
#3213 = ADVANCED_FACE ( 'NONE', ( #460 ), #3411, .F. ) ;
#3214 = EDGE_CURVE ( 'NONE', #1584, #997, #1976, .T. ) ;
#3215 = PLANE ( 'NONE',  #774 ) ;
#3216 = LINE ( 'NONE', #258, #4078 ) ;
#3217 = DIRECTION ( 'NONE',  ( -0.000000000000000000, 0.000000000000000000, 1.000000000000000000 ) ) ;
#3218 = ORIENTED_EDGE ( 'NONE', *, *, #4238, .T. ) ;
#3219 = CARTESIAN_POINT ( 'NONE',  ( 3.289299999999999891, 8.509000000000000341, -0.4953000000000001846 ) ) ;
#3220 = PLANE ( 'NONE',  #591 ) ;
#3221 = CARTESIAN_POINT ( 'NONE',  ( 5.829299999999999926, 8.509000000000000341, 2.044700000000000184 ) ) ;
#3222 = CARTESIAN_POINT ( 'NONE',  ( 7.620000000000000107, 0.000000000000000000, 2.476500000000000590 ) ) ;
#3223 = CARTESIAN_POINT ( 'NONE',  ( 6.019800000000000928, 8.318500000000002004, -0.2700000000000000178 ) ) ;
#3224 = CARTESIAN_POINT ( 'NONE',  ( 1.524000000000000021, 8.128000000000000114, 0.8762999999999999678 ) ) ;
#3225 = VERTEX_POINT ( 'NONE', #441 ) ;
#3226 = ORIENTED_EDGE ( 'NONE', *, *, #757, .F. ) ;
#3227 = DIRECTION ( 'NONE',  ( -0.000000000000000000, -0.000000000000000000, -1.000000000000000000 ) ) ;
#3228 = LINE ( 'NONE', #1583, #795 ) ;
#3229 = ORIENTED_EDGE ( 'NONE', *, *, #4135, .T. ) ;
#3230 =( NAMED_UNIT ( * ) SI_UNIT ( $, .STERADIAN. ) SOLID_ANGLE_UNIT ( ) );
#3231 = DIRECTION ( 'NONE',  ( 0.000000000000000000, 0.000000000000000000, 1.000000000000000000 ) ) ;
#3232 = ORIENTED_EDGE ( 'NONE', *, *, #947, .F. ) ;
#3233 = FILL_AREA_STYLE ('',( #2206 ) ) ;
#3234 = EDGE_CURVE ( 'NONE', #2829, #1191, #2656, .T. ) ;
#3235 = CARTESIAN_POINT ( 'NONE',  ( 6.604000000000000092, 1.008000000000000229, 1.663699999999999957 ) ) ;
#3236 = ORIENTED_EDGE ( 'NONE', *, *, #3091, .F. ) ;
#3237 = EDGE_CURVE ( 'NONE', #358, #413, #3068, .T. ) ;
#3238 = DIRECTION ( 'NONE',  ( 0.000000000000000000, 0.000000000000000000, 1.000000000000000000 ) ) ;
#3239 = EDGE_CURVE ( 'NONE', #1442, #3752, #2299, .T. ) ;
#3240 = DIRECTION ( 'NONE',  ( -0.000000000000000000, 0.000000000000000000, 1.000000000000000000 ) ) ;
#3241 =( LENGTH_UNIT ( ) NAMED_UNIT ( * ) SI_UNIT ( .MILLI., .METRE. ) );
#3242 = STYLED_ITEM ( 'NONE', ( #2149 ), #2120 ) ;
#3243 = DIRECTION ( 'NONE',  ( 1.000000000000000000, 0.000000000000000000, -0.000000000000000000 ) ) ;
#3244 = ORIENTED_EDGE ( 'NONE', *, *, #3908, .T. ) ;
#3245 = VERTEX_POINT ( 'NONE', #1431 ) ;
#3246 = CARTESIAN_POINT ( 'NONE',  ( 6.921499999999999986, -2.063800000000000079, 1.270000000000000018 ) ) ;
#3247 = FACE_OUTER_BOUND ( 'NONE', #1302, .T. ) ;
#3248 = VERTEX_POINT ( 'NONE', #3322 ) ;
#3249 = AXIS2_PLACEMENT_3D ( 'NONE', #248, #293, #4151 ) ;
#3250 =( NAMED_UNIT ( * ) PLANE_ANGLE_UNIT ( ) SI_UNIT ( $, .RADIAN. ) );
#3251 = DIRECTION ( 'NONE',  ( 0.000000000000000000, -1.000000000000000000, 0.000000000000000000 ) ) ;
#3252 = ORIENTED_EDGE ( 'NONE', *, *, #1803, .T. ) ;
#3253 = STYLED_ITEM ( 'NONE', ( #806 ), #416 ) ;
#3254 = AXIS2_PLACEMENT_3D ( 'NONE', #3388, #326, #1640 ) ;
#3255 = SURFACE_STYLE_FILL_AREA ( #558 ) ;
#3256 = UNCERTAINTY_MEASURE_WITH_UNIT (LENGTH_MEASURE( 1.000000000000000082E-05 ), #150, 'distance_accuracy_value', 'NONE');
#3257 = LINE ( 'NONE', #1526, #3999 ) ;
#3258 = ORIENTED_EDGE ( 'NONE', *, *, #688, .T. ) ;
#3259 = STYLED_ITEM ( 'NONE', ( #2420 ), #603 ) ;
#3260 = VECTOR ( 'NONE', #3793, 1000.000000000000000 ) ;
#3261 = FILL_AREA_STYLE ('',( #1240 ) ) ;
#3262 = AXIS2_PLACEMENT_3D ( 'NONE', #2743, #459, #3106 ) ;
#3263 = EDGE_CURVE ( 'NONE', #354, #831, #1682, .T. ) ;
#3264 = EDGE_CURVE ( 'NONE', #3680, #157, #2744, .T. ) ;
#3265 = LINE ( 'NONE', #1577, #2567 ) ;
#3266 = VECTOR ( 'NONE', #1480, 1000.000000000000000 ) ;
#3267 = ORIENTED_EDGE ( 'NONE', *, *, #3026, .T. ) ;
#3268 = ORIENTED_EDGE ( 'NONE', *, *, #2790, .F. ) ;
#3269 = DIRECTION ( 'NONE',  ( -1.000000000000000000, -0.000000000000000000, 0.000000000000000000 ) ) ;
#3270 = VECTOR ( 'NONE', #3609, 1000.000000000000000 ) ;
#3271 =( GEOMETRIC_REPRESENTATION_CONTEXT ( 3 ) GLOBAL_UNCERTAINTY_ASSIGNED_CONTEXT ( ( #3996 ) ) GLOBAL_UNIT_ASSIGNED_CONTEXT ( ( #331, #1, #2541 ) ) REPRESENTATION_CONTEXT ( 'NONE', 'WORKASPACE' ) );
#3272 = APPLICATION_PROTOCOL_DEFINITION ( 'draft international standard', 'automotive_design', 1998, #561 ) ;
#3273 = LINE ( 'NONE', #966, #660 ) ;
#3274 = ORIENTED_EDGE ( 'NONE', *, *, #313, .T. ) ;
#3275 = FILL_AREA_STYLE_COLOUR ( '', #2761 ) ;
#3276 = DIRECTION ( 'NONE',  ( 0.000000000000000000, -0.000000000000000000, -1.000000000000000000 ) ) ;
#3277 = ORIENTED_EDGE ( 'NONE', *, *, #3008, .T. ) ;
#3278 = VECTOR ( 'NONE', #3417, 1000.000000000000000 ) ;
#3279 = LINE ( 'NONE', #674, #1453 ) ;
#3280 = LINE ( 'NONE', #2911, #2370 ) ;
#3281 = LINE ( 'NONE', #1684, #3873 ) ;
#3282 = VERTEX_POINT ( 'NONE', #19 ) ;
#3283 = CARTESIAN_POINT ( 'NONE',  ( 1.841500000000000137, -2.063800000000000079, 0.9525000000000000133 ) ) ;
#3284 = CARTESIAN_POINT ( 'NONE',  ( 4.457699999999999996, 8.128000000000000114, -0.8762999999999999678 ) ) ;
#3285 = PRESENTATION_STYLE_ASSIGNMENT (( #1009 ) ) ;
#3286 = PLANE ( 'NONE',  #907 ) ;
#3287 = CARTESIAN_POINT ( 'NONE',  ( 4.064000000000000057, 0.5079999999999997851, 2.476500000000000590 ) ) ;
#3288 = ORIENTED_EDGE ( 'NONE', *, *, #1317, .T. ) ;
#3289 = EDGE_CURVE ( 'NONE', #848, #770, #343, .T. ) ;
#3290 = EDGE_LOOP ( 'NONE', ( #2146, #3563, #2434, #1293 ) ) ;
#3291 = ADVANCED_FACE ( 'NONE', ( #1107 ), #1772, .T. ) ;
#3292 = SURFACE_SIDE_STYLE ('',( #689 ) ) ;
#3293 = DIRECTION ( 'NONE',  ( -0.4226182617406998299, -0.9063077870366497146, 0.000000000000000000 ) ) ;
#3294 = FACE_OUTER_BOUND ( 'NONE', #619, .T. ) ;
#3295 = ORIENTED_EDGE ( 'NONE', *, *, #3050, .T. ) ;
#3296 = EDGE_CURVE ( 'NONE', #4154, #1672, #131, .T. ) ;
#3297 =( NAMED_UNIT ( * ) SI_UNIT ( $, .STERADIAN. ) SOLID_ANGLE_UNIT ( ) );
#3298 = CARTESIAN_POINT ( 'NONE',  ( 2.524000000000000021, 8.318500000000002004, -0.6857999999999999652 ) ) ;
#3299 = CARTESIAN_POINT ( 'NONE',  ( 1.524000000000000021, 8.128000000000000114, -1.663699999999999957 ) ) ;
#3300 = SURFACE_SIDE_STYLE ('',( #720 ) ) ;
#3301 = UNCERTAINTY_MEASURE_WITH_UNIT (LENGTH_MEASURE( 1.000000000000000082E-05 ), #4071, 'distance_accuracy_value', 'NONE');
#3302 = DIRECTION ( 'NONE',  ( 0.000000000000000000, -0.000000000000000000, 1.000000000000000000 ) ) ;
#3303 = ORIENTED_EDGE ( 'NONE', *, *, #3602, .F. ) ;
#3304 = SURFACE_SIDE_STYLE ('',( #1044 ) ) ;
#3305 = CARTESIAN_POINT ( 'NONE',  ( 4.381500000000001727, -4.641630002150050061, 1.587500000000000577 ) ) ;
#3306 = DIRECTION ( 'NONE',  ( -0.5773502691896261751, 0.5773502691896249539, 0.5773502691896261751 ) ) ;
#3307 = DIRECTION ( 'NONE',  ( 0.000000000000000000, -1.000000000000000000, 0.000000000000000000 ) ) ;
#3308 = ORIENTED_EDGE ( 'NONE', *, *, #1356, .T. ) ;
#3309 = EDGE_LOOP ( 'NONE', ( #2871, #2867, #1188, #4101 ) ) ;
#3310 = COLOUR_RGB ( '',1.000000000000000000, 1.000000000000000000, 0.000000000000000000 ) ;
#3311 = CARTESIAN_POINT ( 'NONE',  ( 4.064000000000000057, 8.509000000000000341, -0.4953000000000000735 ) ) ;
#3312 = LINE ( 'NONE', #3967, #2151 ) ;
#3313 = EDGE_CURVE ( 'NONE', #4038, #2416, #1998, .T. ) ;
#3314 = ADVANCED_FACE ( 'NONE', ( #2632 ), #2770, .F. ) ;
#3315 = FACE_OUTER_BOUND ( 'NONE', #2389, .T. ) ;
#3316 = ORIENTED_EDGE ( 'NONE', *, *, #1292, .F. ) ;
#3317 = CARTESIAN_POINT ( 'NONE',  ( 0.5080000000000000071, 0.000000000000000000, 0.000000000000000000 ) ) ;
#3318 = MECHANICAL_DESIGN_GEOMETRIC_PRESENTATION_REPRESENTATION (  '', ( #569 ), #2760 ) ;
#3319 =( NAMED_UNIT ( * ) SI_UNIT ( $, .STERADIAN. ) SOLID_ANGLE_UNIT ( ) );
#3320 = EDGE_CURVE ( 'NONE', #358, #2791, #4083, .T. ) ;
#3321 = ADVANCED_FACE ( 'NONE', ( #3833 ), #3789, .T. ) ;
#3322 = CARTESIAN_POINT ( 'NONE',  ( 0.7493000000000000771, 8.509000000000000341, -2.044700000000000184 ) ) ;
#3323 = AXIS2_PLACEMENT_3D ( 'NONE', #3246, #1580, #3557 ) ;
#3324 =( NAMED_UNIT ( * ) SI_UNIT ( $, .STERADIAN. ) SOLID_ANGLE_UNIT ( ) );
#3325 = VERTEX_POINT ( 'NONE', #155 ) ;
#3326 = SURFACE_STYLE_USAGE ( .BOTH. , #1406 ) ;
#3327 = VECTOR ( 'NONE', #2516, 1000.000000000000000 ) ;
#3328 = DIRECTION ( 'NONE',  ( -1.000000000000000000, -0.000000000000000000, 0.000000000000000000 ) ) ;
#3329 =( GEOMETRIC_REPRESENTATION_CONTEXT ( 3 ) GLOBAL_UNCERTAINTY_ASSIGNED_CONTEXT ( ( #2613 ) ) GLOBAL_UNIT_ASSIGNED_CONTEXT ( ( #2711, #2357, #70 ) ) REPRESENTATION_CONTEXT ( 'NONE', 'WORKASPACE' ) );
#3330 = VECTOR ( 'NONE', #289, 1000.000000000000000 ) ;
#3331 = SURFACE_SIDE_STYLE ('',( #107 ) ) ;
#3332 =( GEOMETRIC_REPRESENTATION_CONTEXT ( 3 ) GLOBAL_UNCERTAINTY_ASSIGNED_CONTEXT ( ( #3934 ) ) GLOBAL_UNIT_ASSIGNED_CONTEXT ( ( #3477, #1112, #3087 ) ) REPRESENTATION_CONTEXT ( 'NONE', 'WORKASPACE' ) );
#3333 = ORIENTED_EDGE ( 'NONE', *, *, #2382, .F. ) ;
#3334 = DIRECTION ( 'NONE',  ( 0.000000000000000000, 0.000000000000000000, 1.000000000000000000 ) ) ;
#3335 = AXIS2_PLACEMENT_3D ( 'NONE', #99, #448, #467 ) ;
#3336 = DIRECTION ( 'NONE',  ( -1.000000000000000000, -0.000000000000000000, 0.000000000000000000 ) ) ;
#3337 = ORIENTED_EDGE ( 'NONE', *, *, #2090, .F. ) ;
#3338 = CARTESIAN_POINT ( 'NONE',  ( 6.921500000000000874, -4.641630002150050061, 1.587500000000000577 ) ) ;
#3339 = VECTOR ( 'NONE', #272, 1000.000000000000000 ) ;
#3340 = CARTESIAN_POINT ( 'NONE',  ( 6.353175000000000239, -4.784615001075030349, 1.770000000000000018 ) ) ;
#3341 = CARTESIAN_POINT ( 'NONE',  ( 6.419849999999997614, -4.927600000000000868, -0.7700000000000000178 ) ) ;
#3342 = UNCERTAINTY_MEASURE_WITH_UNIT (LENGTH_MEASURE( 1.000000000000000082E-05 ), #3409, 'distance_accuracy_value', 'NONE');
#3343 = ORIENTED_EDGE ( 'NONE', *, *, #3214, .T. ) ;
#3344 = STYLED_ITEM ( 'NONE', ( #3007 ), #3799 ) ;
#3345 = DIRECTION ( 'NONE',  ( -1.000000000000000000, 0.000000000000000000, 0.000000000000000000 ) ) ;
#3346 = EDGE_CURVE ( 'NONE', #513, #2879, #529, .T. ) ;
#3347 = ADVANCED_FACE ( 'NONE', ( #3133 ), #857, .F. ) ;
#3348 =( NAMED_UNIT ( * ) SI_UNIT ( $, .STERADIAN. ) SOLID_ANGLE_UNIT ( ) );
#3349 = MECHANICAL_DESIGN_GEOMETRIC_PRESENTATION_REPRESENTATION (  '', ( #3954 ), #3404 ) ;
#3350 =( NAMED_UNIT ( * ) PLANE_ANGLE_UNIT ( ) SI_UNIT ( $, .RADIAN. ) );
#3351 = ORIENTED_EDGE ( 'NONE', *, *, #2407, .F. ) ;
#3352 = CARTESIAN_POINT ( 'NONE',  ( 6.604000000000000092, 8.128000000000000114, 0.8762999999999999678 ) ) ;
#3353 = EDGE_LOOP ( 'NONE', ( #1650, #2166, #2804, #1836 ) ) ;
#3354 = DIRECTION ( 'NONE',  ( -0.000000000000000000, -0.000000000000000000, 1.000000000000000000 ) ) ;
#3355 = DIRECTION ( 'NONE',  ( 1.000000000000000000, 0.000000000000000000, -0.000000000000000000 ) ) ;
#3356 = ORIENTED_EDGE ( 'NONE', *, *, #1078, .T. ) ;
#3357 = PLANE ( 'NONE',  #2694 ) ;
#3358 = PRESENTATION_STYLE_ASSIGNMENT (( #370 ) ) ;
#3359 = EDGE_CURVE ( 'NONE', #3907, #1254, #3172, .T. ) ;
#3360 = LINE ( 'NONE', #2400, #3535 ) ;
#3361 = FACE_OUTER_BOUND ( 'NONE', #229, .T. ) ;
#3362 = EDGE_CURVE ( 'NONE', #1442, #1954, #3473, .T. ) ;
#3363 = EDGE_LOOP ( 'NONE', ( #2728, #3160, #3838, #1726 ) ) ;
#3364 = PLANE ( 'NONE',  #422 ) ;
#3365 = CARTESIAN_POINT ( 'NONE',  ( 8.128000000000000114, 0.000000000000000000, 2.476500000000000590 ) ) ;
#3366 = AXIS2_PLACEMENT_3D ( 'NONE', #2062, #2387, #2369 ) ;
#3367 = ORIENTED_EDGE ( 'NONE', *, *, #2685, .F. ) ;
#3368 = DIRECTION ( 'NONE',  ( 0.7071067811865470176, 0.7071067811865480168, 8.659560562354931626E-17 ) ) ;
#3369 = FACE_OUTER_BOUND ( 'NONE', #1717, .T. ) ;
#3370 = FACE_OUTER_BOUND ( 'NONE', #57, .T. ) ;
#3371 = PRESENTATION_STYLE_ASSIGNMENT (( #2056 ) ) ;
#3372 = ORIENTED_EDGE ( 'NONE', *, *, #3002, .T. ) ;
#3373 = CARTESIAN_POINT ( 'NONE',  ( 1.917699999999999960, 5.262500000000001066, -1.270000000000000018 ) ) ;
#3374 = FILL_AREA_STYLE ('',( #391 ) ) ;
#3375 = VECTOR ( 'NONE', #1514, 1000.000000000000000 ) ;
#3376 = DIRECTION ( 'NONE',  ( -0.000000000000000000, -0.000000000000000000, 1.000000000000000000 ) ) ;
#3377 =( NAMED_UNIT ( * ) PLANE_ANGLE_UNIT ( ) SI_UNIT ( $, .RADIAN. ) );
#3378 = ORIENTED_EDGE ( 'NONE', *, *, #4045, .T. ) ;
#3379 = SURFACE_SIDE_STYLE ('',( #3679 ) ) ;
#3380 = VECTOR ( 'NONE', #4157, 1000.000000000000000 ) ;
#3381 = VECTOR ( 'NONE', #3141, 1000.000000000000000 ) ;
#3382 = MECHANICAL_DESIGN_GEOMETRIC_PRESENTATION_REPRESENTATION (  '', ( #2212 ), #1120 ) ;
#3383 = ORIENTED_EDGE ( 'NONE', *, *, #741, .F. ) ;
#3384 = EDGE_CURVE ( 'NONE', #3104, #1481, #3507, .T. ) ;
#3385 = VECTOR ( 'NONE', #2118, 1000.000000000000000 ) ;
#3386 = ADVANCED_FACE ( 'NONE', ( #181 ), #570, .T. ) ;
#3387 = DIRECTION ( 'NONE',  ( -0.000000000000000000, 0.000000000000000000, 1.000000000000000000 ) ) ;
#3388 = CARTESIAN_POINT ( 'NONE',  ( 4.064000000000000057, 4.254500000000000171, -2.476500000000000590 ) ) ;
#3389 = AXIS2_PLACEMENT_3D ( 'NONE', #506, #2768, #179 ) ;
#3390 = EDGE_LOOP ( 'NONE', ( #2757, #3076, #1615, #3034 ) ) ;
#3391 = CARTESIAN_POINT ( 'NONE',  ( 5.080000000000000071, 0.5080000000000000071, 2.476500000000000590 ) ) ;
#3392 = SURFACE_SIDE_STYLE ('',( #1498 ) ) ;
#3393 = AXIS2_PLACEMENT_3D ( 'NONE', #2423, #1760, #3728 ) ;
#3394 = DIRECTION ( 'NONE',  ( 0.000000000000000000, 1.000000000000000000, 0.000000000000000000 ) ) ;
#3395 = PLANE ( 'NONE',  #3393 ) ;
#3396 = EDGE_LOOP ( 'NONE', ( #1070, #345, #797, #1649 ) ) ;
#3397 =( GEOMETRIC_REPRESENTATION_CONTEXT ( 3 ) GLOBAL_UNCERTAINTY_ASSIGNED_CONTEXT ( ( #1282 ) ) GLOBAL_UNIT_ASSIGNED_CONTEXT ( ( #1884, #1500, #3478 ) ) REPRESENTATION_CONTEXT ( 'NONE', 'WORKASPACE' ) );
#3398 = DIRECTION ( 'NONE',  ( 1.000000000000000000, 0.000000000000000000, -0.000000000000000000 ) ) ;
#3399 =( NAMED_UNIT ( * ) PLANE_ANGLE_UNIT ( ) SI_UNIT ( $, .RADIAN. ) );
#3400 = SURFACE_STYLE_USAGE ( .BOTH. , #188 ) ;
#3401 = DIRECTION ( 'NONE',  ( -0.5773502691896268413, 0.5773502691896242878, -0.5773502691896261751 ) ) ;
#3402 = ORIENTED_EDGE ( 'NONE', *, *, #4215, .F. ) ;
#3403 = DIRECTION ( 'NONE',  ( 0.000000000000000000, -0.000000000000000000, 1.000000000000000000 ) ) ;
#3404 =( GEOMETRIC_REPRESENTATION_CONTEXT ( 3 ) GLOBAL_UNCERTAINTY_ASSIGNED_CONTEXT ( ( #2649 ) ) GLOBAL_UNIT_ASSIGNED_CONTEXT ( ( #2754, #1485, #846 ) ) REPRESENTATION_CONTEXT ( 'NONE', 'WORKASPACE' ) );
#3405 = CARTESIAN_POINT ( 'NONE',  ( 1.524000000000000021, -4.641630002150050061, -0.9525000000000000133 ) ) ;
#3406 = DIRECTION ( 'NONE',  ( -1.000000000000000000, -0.000000000000000000, 0.000000000000000000 ) ) ;
#3407 = ORIENTED_EDGE ( 'NONE', *, *, #1238, .F. ) ;
#3408 = UNCERTAINTY_MEASURE_WITH_UNIT (LENGTH_MEASURE( 1.000000000000000082E-05 ), #1828, 'distance_accuracy_value', 'NONE');
#3409 =( LENGTH_UNIT ( ) NAMED_UNIT ( * ) SI_UNIT ( .MILLI., .METRE. ) );
#3410 = PLANE ( 'NONE',  #3262 ) ;
#3411 = PLANE ( 'NONE',  #3254 ) ;
#3412 = ADVANCED_FACE ( 'NONE', ( #1244 ), #984, .T. ) ;
#3413 = EDGE_CURVE ( 'NONE', #967, #3699, #684, .T. ) ;
#3414 = ORIENTED_EDGE ( 'NONE', *, *, #1918, .T. ) ;
#3415 =( NAMED_UNIT ( * ) SI_UNIT ( $, .STERADIAN. ) SOLID_ANGLE_UNIT ( ) );
#3416 = EDGE_CURVE ( 'NONE', #1284, #137, #1360, .T. ) ;
#3417 = DIRECTION ( 'NONE',  ( -1.000000000000000000, -0.000000000000000000, 0.000000000000000000 ) ) ;
#3418 = FACE_OUTER_BOUND ( 'NONE', #1605, .T. ) ;
#3419 = EDGE_LOOP ( 'NONE', ( #4170, #2828, #395, #2507 ) ) ;
#3420 = PLANE ( 'NONE',  #636 ) ;
#3421 = LINE ( 'NONE', #472, #4214 ) ;
#3422 = ORIENTED_EDGE ( 'NONE', *, *, #3545, .F. ) ;
#3423 = PLANE ( 'NONE',  #3734 ) ;
#3424 = PRESENTATION_STYLE_ASSIGNMENT (( #3103 ) ) ;
#3425 = ORIENTED_EDGE ( 'NONE', *, *, #2681, .F. ) ;
#3426 = DIRECTION ( 'NONE',  ( -0.000000000000000000, -1.000000000000000000, 0.000000000000000000 ) ) ;
#3427 = SURFACE_STYLE_USAGE ( .BOTH. , #2853 ) ;
#3428 = VERTEX_POINT ( 'NONE', #596 ) ;
#3429 = CARTESIAN_POINT ( 'NONE',  ( 5.829299999999999926, 8.509000000000000341, 0.4953000000000001846 ) ) ;
#3430 = EDGE_CURVE ( 'NONE', #2488, #3225, #3533, .T. ) ;
#3431 = LINE ( 'NONE', #2813, #1554 ) ;
#3432 = DIRECTION ( 'NONE',  ( 1.298934084353240052E-16, 0.7071067811865480168, -0.7071067811865470176 ) ) ;
#3433 = ORIENTED_EDGE ( 'NONE', *, *, #66, .T. ) ;
#3434 = CARTESIAN_POINT ( 'NONE',  ( 2.540000000000000036, 0.000000000000000000, -2.476500000000000590 ) ) ;
#3435 = DIRECTION ( 'NONE',  ( -0.7071067811865480168, -0.7071067811865470176, 0.000000000000000000 ) ) ;
#3436 = VECTOR ( 'NONE', #1898, 1000.000000000000000 ) ;
#3437 = EDGE_CURVE ( 'NONE', #1104, #2380, #637, .T. ) ;
#3438 = ADVANCED_FACE ( 'NONE', ( #2940 ), #1923, .T. ) ;
#3439 = LINE ( 'NONE', #4111, #1214 ) ;
#3440 = DIRECTION ( 'NONE',  ( -0.4226182617406998299, -0.9063077870366497146, 0.000000000000000000 ) ) ;
#3441 = ORIENTED_EDGE ( 'NONE', *, *, #2788, .F. ) ;
#3442 = CARTESIAN_POINT ( 'NONE',  ( 6.104000000000000092, -4.784615001075030349, 1.019174999999999942 ) ) ;
#3443 = SURFACE_STYLE_USAGE ( .BOTH. , #2501 ) ;
#3444 = VECTOR ( 'NONE', #3306, 1000.000000000000114 ) ;
#3445 = MECHANICAL_DESIGN_GEOMETRIC_PRESENTATION_REPRESENTATION (  '', ( #3508 ), #2764 ) ;
#3446 = CARTESIAN_POINT ( 'NONE',  ( 5.588000000000000078, 0.000000000000000000, 0.000000000000000000 ) ) ;
#3447 = FILL_AREA_STYLE_COLOUR ( '', #635 ) ;
#3448 = UNCERTAINTY_MEASURE_WITH_UNIT (LENGTH_MEASURE( 1.000000000000000082E-05 ), #2657, 'distance_accuracy_value', 'NONE');
#3449 = LINE ( 'NONE', #4030, #651 ) ;
#3450 = VECTOR ( 'NONE', #2322, 1000.000000000000000 ) ;
#3451 = VECTOR ( 'NONE', #1727, 1000.000000000000000 ) ;
#3452 = VERTEX_POINT ( 'NONE', #2573 ) ;
#3453 = ORIENTED_EDGE ( 'NONE', *, *, #362, .T. ) ;
#3454 = FILL_AREA_STYLE ('',( #3765 ) ) ;
#3455 = CARTESIAN_POINT ( 'NONE',  ( 3.746499999999999719, -4.641630002150050061, 1.587500000000001243 ) ) ;
#3456 = ORIENTED_EDGE ( 'NONE', *, *, #3984, .T. ) ;
#3457 = VECTOR ( 'NONE', #568, 1000.000000000000000 ) ;
#3458 = DIRECTION ( 'NONE',  ( -0.000000000000000000, -1.000000000000000000, 0.000000000000000000 ) ) ;
#3459 = ORIENTED_EDGE ( 'NONE', *, *, #1007, .T. ) ;
#3460 = PLANE ( 'NONE',  #733 ) ;
#3461 = EDGE_CURVE ( 'NONE', #1962, #1144, #664, .T. ) ;
#3462 = SURFACE_SIDE_STYLE ('',( #3756 ) ) ;
#3463 = VERTEX_POINT ( 'NONE', #2621 ) ;
#3464 = EDGE_CURVE ( 'NONE', #4084, #1745, #3603, .T. ) ;
#3465 = CARTESIAN_POINT ( 'NONE',  ( 4.064000000000000057, 8.509000000000000341, 0.4953000000000000735 ) ) ;
#3466 = AXIS2_PLACEMENT_3D ( 'NONE', #3166, #3470, #811 ) ;
#3467 = VECTOR ( 'NONE', #3328, 1000.000000000000000 ) ;
#3468 = PLANE ( 'NONE',  #2159 ) ;
#3469 = EDGE_CURVE ( 'NONE', #2252, #1885, #1970, .T. ) ;
#3470 = DIRECTION ( 'NONE',  ( 0.9063077870366498257, 0.4226182617406998854, 1.109906930436750015E-16 ) ) ;
#3471 = CARTESIAN_POINT ( 'NONE',  ( 4.838700000000000223, 8.509000000000000341, -2.044700000000000184 ) ) ;
#3472 = CARTESIAN_POINT ( 'NONE',  ( 7.604000000000000092, 8.318500000000002004, 1.854200000000000070 ) ) ;
#3473 = LINE ( 'NONE', #2193, #3714 ) ;
#3474 = ORIENTED_EDGE ( 'NONE', *, *, #3486, .T. ) ;
#3475 = ORIENTED_EDGE ( 'NONE', *, *, #3510, .F. ) ;
#3476 = CARTESIAN_POINT ( 'NONE',  ( 1.917699999999999960, 1.008000000000000229, -1.663699999999999957 ) ) ;
#3477 =( LENGTH_UNIT ( ) NAMED_UNIT ( * ) SI_UNIT ( .MILLI., .METRE. ) );
#3478 =( NAMED_UNIT ( * ) SI_UNIT ( $, .STERADIAN. ) SOLID_ANGLE_UNIT ( ) );
#3479 = ORIENTED_EDGE ( 'NONE', *, *, #1356, .F. ) ;
#3480 = DIRECTION ( 'NONE',  ( -0.000000000000000000, -0.000000000000000000, -1.000000000000000000 ) ) ;
#3481 = CARTESIAN_POINT ( 'NONE',  ( 3.048000000000000043, 0.008000000000000012310, 2.476500000000000590 ) ) ;
#3482 = ORIENTED_EDGE ( 'NONE', *, *, #2835, .F. ) ;
#3483 = FACE_OUTER_BOUND ( 'NONE', #1236, .T. ) ;
#3484 = EDGE_LOOP ( 'NONE', ( #1446, #3947, #1432, #3288 ) ) ;
#3485 = PRODUCT_RELATED_PRODUCT_CATEGORY ( 'part', '', ( #2602 ) ) ;
#3486 = EDGE_CURVE ( 'NONE', #3096, #1804, #1946, .T. ) ;
#3487 = SURFACE_SIDE_STYLE ('',( #1768 ) ) ;
#3488 = SURFACE_STYLE_FILL_AREA ( #878 ) ;
#3489 = DIRECTION ( 'NONE',  ( 0.000000000000000000, -0.000000000000000000, -1.000000000000000000 ) ) ;
#3490 = EDGE_CURVE ( 'NONE', #2676, #2716, #3265, .T. ) ;
#3491 = DIRECTION ( 'NONE',  ( -4.329780281177460266E-17, 0.7071067811865480168, 0.7071067811865470176 ) ) ;
#3492 = ORIENTED_EDGE ( 'NONE', *, *, #1101, .F. ) ;
#3493 = ORIENTED_EDGE ( 'NONE', *, *, #2045, .F. ) ;
#3494 = CARTESIAN_POINT ( 'NONE',  ( 3.670300000000000118, 8.128000000000001890, -0.8763000000000005230 ) ) ;
#3495 =( NAMED_UNIT ( * ) SI_UNIT ( $, .STERADIAN. ) SOLID_ANGLE_UNIT ( ) );
#3496 = ORIENTED_EDGE ( 'NONE', *, *, #3909, .T. ) ;
#3497 = CARTESIAN_POINT ( 'NONE',  ( 6.997700000000000031, 8.128000000000000114, 1.270000000000000018 ) ) ;
#3498 = ORIENTED_EDGE ( 'NONE', *, *, #3237, .F. ) ;
#3499 = VECTOR ( 'NONE', #3403, 1000.000000000000000 ) ;
#3500 = DIRECTION ( 'NONE',  ( 1.000000000000000000, 0.000000000000000000, -0.000000000000000000 ) ) ;
#3501 =( NAMED_UNIT ( * ) PLANE_ANGLE_UNIT ( ) SI_UNIT ( $, .RADIAN. ) );
#3502 = SURFACE_STYLE_FILL_AREA ( #854 ) ;
#3503 = VECTOR ( 'NONE', #31, 1000.000000000000000 ) ;
#3504 = VECTOR ( 'NONE', #694, 1000.000000000000000 ) ;
#3505 = CARTESIAN_POINT ( 'NONE',  ( 5.080000000000000071, 4.254500000000000171, -2.476500000000000590 ) ) ;
#3506 = DIRECTION ( 'NONE',  ( -0.7071067811865480168, 0.7071067811865470176, 0.000000000000000000 ) ) ;
#3507 = LINE ( 'NONE', #2504, #2075 ) ;
#3508 = STYLED_ITEM ( 'NONE', ( #3205 ), #2873 ) ;
#3509 = ORIENTED_EDGE ( 'NONE', *, *, #1780, .T. ) ;
#3510 = EDGE_CURVE ( 'NONE', #2636, #2734, #2961, .T. ) ;
#3511 = ORIENTED_EDGE ( 'NONE', *, *, #3073, .F. ) ;
#3512 = ADVANCED_FACE ( 'NONE', ( #2897, #2921, #6 ), #4212, .T. ) ;
#3513 = DIRECTION ( 'NONE',  ( -0.000000000000000000, -0.000000000000000000, -1.000000000000000000 ) ) ;
#3514 = LINE ( 'NONE', #1881, #2708 ) ;
#3515 = PRESENTATION_LAYER_ASSIGNMENT (  '', '', ( #1115 ) ) ;
#3516 = COLOUR_RGB ( '',1.000000000000000000, 1.000000000000000000, 0.000000000000000000 ) ;
#3517 = COLOUR_RGB ( '',1.000000000000000000, 1.000000000000000000, 0.000000000000000000 ) ;
#3518 = DIRECTION ( 'NONE',  ( -0.3892816206350245278, -0.8348171294789875629, -0.3892816206350258046 ) ) ;
#3519 = VERTEX_POINT ( 'NONE', #350 ) ;
#3520 = CARTESIAN_POINT ( 'NONE',  ( 4.838700000000000223, 8.509000000000000341, 2.044700000000000184 ) ) ;
#3521 = ORIENTED_EDGE ( 'NONE', *, *, #1758, .T. ) ;
#3522 = COLOUR_RGB ( '',1.000000000000000000, 1.000000000000000000, 0.000000000000000000 ) ;
#3523 = PLANE ( 'NONE',  #1671 ) ;
#3524 = LINE ( 'NONE', #2953, #3882 ) ;
#3525 = DIRECTION ( 'NONE',  ( -1.000000000000000000, -0.000000000000000000, -0.000000000000000000 ) ) ;
#3526 = ORIENTED_EDGE ( 'NONE', *, *, #1217, .F. ) ;
#3527 = CARTESIAN_POINT ( 'NONE',  ( 6.921499999999999986, -2.063800000000000079, -0.9525000000000000133 ) ) ;
#3528 = AXIS2_PLACEMENT_3D ( 'NONE', #4228, #3548, #4204 ) ;
#3529 = DIRECTION ( 'NONE',  ( -0.7071067811865480168, -0.7071067811865470176, 0.000000000000000000 ) ) ;
#3530 = DIRECTION ( 'NONE',  ( 0.000000000000000000, -0.9063077870366497146, 0.4226182617406998299 ) ) ;
#3531 = MECHANICAL_DESIGN_GEOMETRIC_PRESENTATION_REPRESENTATION (  '', ( #587 ), #164 ) ;
#3532 = LINE ( 'NONE', #921, #1610 ) ;
#3533 = LINE ( 'NONE', #3944, #138 ) ;
#3534 = EDGE_LOOP ( 'NONE', ( #3267, #2956, #4102, #2195 ) ) ;
#3535 = VECTOR ( 'NONE', #407, 1000.000000000000000 ) ;
#3536 = ORIENTED_EDGE ( 'NONE', *, *, #2517, .F. ) ;
#3537 = FACE_OUTER_BOUND ( 'NONE', #2861, .T. ) ;
#3538 = CARTESIAN_POINT ( 'NONE',  ( 1.917699999999999960, 8.128000000000000114, 1.270000000000000018 ) ) ;
#3539 = VECTOR ( 'NONE', #2975, 1000.000000000000000 ) ;
#3540 = EDGE_CURVE ( 'NONE', #2135, #246, #1670, .T. ) ;
#3541 = EDGE_CURVE ( 'NONE', #2052, #182, #2237, .T. ) ;
#3542 = ORIENTED_EDGE ( 'NONE', *, *, #3148, .F. ) ;
#3543 = DIRECTION ( 'NONE',  ( 0.000000000000000000, 0.000000000000000000, 1.000000000000000000 ) ) ;
#3544 = EDGE_LOOP ( 'NONE', ( #665, #2584, #2148, #3577 ) ) ;
#3545 = EDGE_CURVE ( 'NONE', #1765, #2615, #3575, .T. ) ;
#3546 = DIRECTION ( 'NONE',  ( -5.549534652183770411E-17, 0.4226182617406998854, 0.9063077870366498257 ) ) ;
#3547 = PRESENTATION_STYLE_ASSIGNMENT (( #3191 ) ) ;
#3548 = DIRECTION ( 'NONE',  ( 1.664860395655130322E-16, 0.4226182617406998854, -0.9063077870366498257 ) ) ;
#3549 = EDGE_LOOP ( 'NONE', ( #538, #909, #1849, #3729 ) ) ;
#3550 = CARTESIAN_POINT ( 'NONE',  ( 4.457699999999999996, 5.262500000000001066, 1.663699999999999957 ) ) ;
#3551 = LINE ( 'NONE', #2618, #3810 ) ;
#3552 = DIRECTION ( 'NONE',  ( -0.7071067811865470176, 0.7071067811865480168, 0.000000000000000000 ) ) ;
#3553 = DIRECTION ( 'NONE',  ( 1.664860395655130322E-16, 0.4226182617406998854, -0.9063077870366498257 ) ) ;
#3554 = CARTESIAN_POINT ( 'NONE',  ( 4.457699999999999996, 5.262500000000001066, -0.8762999999999999678 ) ) ;
#3555 = ORIENTED_EDGE ( 'NONE', *, *, #741, .T. ) ;
#3556 = ORIENTED_EDGE ( 'NONE', *, *, #1098, .T. ) ;
#3557 = DIRECTION ( 'NONE',  ( 0.000000000000000000, 0.000000000000000000, 1.000000000000000000 ) ) ;
#3558 = DIRECTION ( 'NONE',  ( -1.000000000000000000, 9.184850993605155833E-17, -9.184850993605143507E-17 ) ) ;
#3559 = ORIENTED_EDGE ( 'NONE', *, *, #1631, .F. ) ;
#3560 = LINE ( 'NONE', #1565, #2823 ) ;
#3561 = ADVANCED_FACE ( 'NONE', ( #1291 ), #3898, .F. ) ;
#3562 = DIRECTION ( 'NONE',  ( 0.000000000000000000, 0.000000000000000000, -1.000000000000000000 ) ) ;
#3563 = ORIENTED_EDGE ( 'NONE', *, *, #1181, .F. ) ;
#3564 = CARTESIAN_POINT ( 'NONE',  ( 5.588000000000000078, 0.5080000000000000071, 0.000000000000000000 ) ) ;
#3565 = DIRECTION ( 'NONE',  ( 0.000000000000000000, 0.000000000000000000, 1.000000000000000000 ) ) ;
#3566 = CARTESIAN_POINT ( 'NONE',  ( 0.000000000000000000, 0.000000000000000000, -2.476500000000000590 ) ) ;
#3567 = ORIENTED_EDGE ( 'NONE', *, *, #2603, .T. ) ;
#3568 = SURFACE_SIDE_STYLE ('',( #4184 ) ) ;
#3569 = EDGE_CURVE ( 'NONE', #1144, #1271, #2088, .T. ) ;
#3570 = EDGE_CURVE ( 'NONE', #650, #423, #1034, .T. ) ;
#3571 = DIRECTION ( 'NONE',  ( -1.000000000000000000, 9.184850993605155833E-17, -9.184850993605143507E-17 ) ) ;
#3572 = DIRECTION ( 'NONE',  ( 0.000000000000000000, 0.000000000000000000, -1.000000000000000000 ) ) ;
#3573 = FILL_AREA_STYLE ('',( #960 ) ) ;
#3574 = COLOUR_RGB ( '',1.000000000000000000, 1.000000000000000000, 0.000000000000000000 ) ;
#3575 = LINE ( 'NONE', #3855, #2773 ) ;
#3576 = ORIENTED_EDGE ( 'NONE', *, *, #3296, .T. ) ;
#3577 = ORIENTED_EDGE ( 'NONE', *, *, #2492, .F. ) ;
#3578 =( NAMED_UNIT ( * ) PLANE_ANGLE_UNIT ( ) SI_UNIT ( $, .RADIAN. ) );
#3579 = FACE_OUTER_BOUND ( 'NONE', #2505, .T. ) ;
#3580 = VECTOR ( 'NONE', #1265, 1000.000000000000000 ) ;
#3581 = STYLED_ITEM ( 'NONE', ( #2906 ), #2546 ) ;
#3582 = DIRECTION ( 'NONE',  ( 1.005917293940771666E-16, 4.690669376351351216E-17, -1.000000000000000000 ) ) ;
#3583 = ORIENTED_EDGE ( 'NONE', *, *, #1101, .T. ) ;
#3584 = VECTOR ( 'NONE', #2525, 1000.000000000000000 ) ;
#3585 = VECTOR ( 'NONE', #319, 1000.000000000000000 ) ;
#3586 = LINE ( 'NONE', #2295, #209 ) ;
#3587 = EDGE_LOOP ( 'NONE', ( #120, #4150, #3757, #167 ) ) ;
#3588 = PRESENTATION_LAYER_ASSIGNMENT (  '', '', ( #3253 ) ) ;
#3589 = VECTOR ( 'NONE', #796, 1000.000000000000000 ) ;
#3590 = DIRECTION ( 'NONE',  ( -0.7071067811865480168, -0.7071067811865470176, 0.000000000000000000 ) ) ;
#3591 =( LENGTH_UNIT ( ) NAMED_UNIT ( * ) SI_UNIT ( .MILLI., .METRE. ) );
#3592 = UNCERTAINTY_MEASURE_WITH_UNIT (LENGTH_MEASURE( 1.000000000000000082E-05 ), #4163, 'distance_accuracy_value', 'NONE');
#3593 = ORIENTED_EDGE ( 'NONE', *, *, #1238, .T. ) ;
#3594 = LINE ( 'NONE', #261, #1512 ) ;
#3595 = LINE ( 'NONE', #3505, #2560 ) ;
#3596 = ADVANCED_FACE ( 'NONE', ( #48 ), #1047, .F. ) ;
#3597 = VECTOR ( 'NONE', #2312, 1000.000000000000000 ) ;
#3598 = EDGE_CURVE ( 'NONE', #1481, #23, #1709, .T. ) ;
#3599 = FILL_AREA_STYLE ('',( #285 ) ) ;
#3600 = DIRECTION ( 'NONE',  ( 0.3892816206350248054, -0.8348171294789882291, -0.3892816206350241948 ) ) ;
#3601 = VECTOR ( 'NONE', #3769, 1000.000000000000000 ) ;
#3602 = EDGE_CURVE ( 'NONE', #2791, #2512, #3024, .T. ) ;
#3603 = LINE ( 'NONE', #2597, #1871 ) ;
#3604 = AXIS2_PLACEMENT_3D ( 'NONE', #1678, #4220, #3903 ) ;
#3605 = ORIENTED_EDGE ( 'NONE', *, *, #1008, .T. ) ;
#3606 = EDGE_LOOP ( 'NONE', ( #1128, #2386, #530, #1229 ) ) ;
#3607 = CARTESIAN_POINT ( 'NONE',  ( 6.788149999999999906, -4.927600000000000868, -1.454150000000002052 ) ) ;
#3608 =( NAMED_UNIT ( * ) PLANE_ANGLE_UNIT ( ) SI_UNIT ( $, .RADIAN. ) );
#3609 = DIRECTION ( 'NONE',  ( 0.000000000000000000, 0.000000000000000000, 1.000000000000000000 ) ) ;
#3610 = ORIENTED_EDGE ( 'NONE', *, *, #226, .T. ) ;
#3611 = CARTESIAN_POINT ( 'NONE',  ( 5.080000000000000071, 0.000000000000000000, 2.476500000000000590 ) ) ;
#3612 = PLANE ( 'NONE',  #153 ) ;
#3613 = ORIENTED_EDGE ( 'NONE', *, *, #1517, .F. ) ;
#3614 = VECTOR ( 'NONE', #1549, 1000.000000000000000 ) ;
#3615 = CARTESIAN_POINT ( 'NONE',  ( 4.064000000000000057, -4.641630002150050061, 1.587499999999999911 ) ) ;
#3616 =( LENGTH_UNIT ( ) NAMED_UNIT ( * ) SI_UNIT ( .MILLI., .METRE. ) );
#3617 = FILL_AREA_STYLE ('',( #3972 ) ) ;
#3618 = ORIENTED_EDGE ( 'NONE', *, *, #3174, .T. ) ;
#3619 = LINE ( 'NONE', #1718, #2549 ) ;
#3620 = CARTESIAN_POINT ( 'NONE',  ( 6.921500000000000874, -4.641630002150050061, 0.9524999999999993472 ) ) ;
#3621 = SURFACE_STYLE_FILL_AREA ( #1308 ) ;
#3622 = EDGE_CURVE ( 'NONE', #211, #2458, #1748, .T. ) ;
#3623 = EDGE_CURVE ( 'NONE', #2252, #3880, #2701, .T. ) ;
#3624 = DIRECTION ( 'NONE',  ( 0.000000000000000000, 1.000000000000000000, -0.000000000000000000 ) ) ;
#3625 = VERTEX_POINT ( 'NONE', #2066 ) ;
#3626 = ORIENTED_EDGE ( 'NONE', *, *, #2926, .T. ) ;
#3627 = DIRECTION ( 'NONE',  ( 0.5773502691896261751, 0.5773502691896249539, -0.5773502691896261751 ) ) ;
#3628 = EDGE_CURVE ( 'NONE', #3699, #1879, #2371, .T. ) ;
#3629 = LINE ( 'NONE', #690, #785 ) ;
#3630 = CARTESIAN_POINT ( 'NONE',  ( 4.064000000000000057, 8.509000000000000341, 0.4953000000000000735 ) ) ;
#3631 = ORIENTED_EDGE ( 'NONE', *, *, #1729, .F. ) ;
#3632 = PRESENTATION_STYLE_ASSIGNMENT (( #1699 ) ) ;
#3633 = PRESENTATION_STYLE_ASSIGNMENT (( #999 ) ) ;
#3634 = DIRECTION ( 'NONE',  ( -0.7071067811865470176, 0.7071067811865480168, 0.000000000000000000 ) ) ;
#3635 = UNCERTAINTY_MEASURE_WITH_UNIT (LENGTH_MEASURE( 1.000000000000000082E-05 ), #2240, 'distance_accuracy_value', 'NONE');
#3636 = CARTESIAN_POINT ( 'NONE',  ( 0.7493000000000000771, 8.509000000000000341, 0.4953000000000001846 ) ) ;
#3637 = ORIENTED_EDGE ( 'NONE', *, *, #3413, .T. ) ;
#3638 = FILL_AREA_STYLE_COLOUR ( '', #976 ) ;
#3639 = CARTESIAN_POINT ( 'NONE',  ( 8.128000000000000114, 0.000000000000000000, 0.000000000000000000 ) ) ;
#3640 = CARTESIAN_POINT ( 'NONE',  ( 3.670300000000000118, 8.128000000000000114, -1.270000000000000018 ) ) ;
#3641 = PLANE ( 'NONE',  #2261 ) ;
#3642 = ORIENTED_EDGE ( 'NONE', *, *, #3430, .F. ) ;
#3643 = STYLED_ITEM ( 'NONE', ( #238 ), #2144 ) ;
#3644 = DIRECTION ( 'NONE',  ( 1.000000000000000000, 0.000000000000000000, -0.000000000000000000 ) ) ;
#3645 = CARTESIAN_POINT ( 'NONE',  ( 1.917699999999999960, 8.128000000000000114, -1.663699999999998624 ) ) ;
#3646 = ADVANCED_FACE ( 'NONE', ( #1723 ), #3423, .F. ) ;
#3647 = EDGE_CURVE ( 'NONE', #1962, #2792, #1873, .T. ) ;
#3648 = CARTESIAN_POINT ( 'NONE',  ( 0.000000000000000000, 4.254500000000000171, -2.476500000000000590 ) ) ;
#3649 = ORIENTED_EDGE ( 'NONE', *, *, #2610, .F. ) ;
#3650 = LINE ( 'NONE', #715, #2063 ) ;
#3651 = VECTOR ( 'NONE', #3918, 1000.000000000000000 ) ;
#3652 = AXIS2_PLACEMENT_3D ( 'NONE', #2396, #2466, #805 ) ;
#3653 = PRESENTATION_LAYER_ASSIGNMENT (  '', '', ( #1262 ) ) ;
#3654 =( LENGTH_UNIT ( ) NAMED_UNIT ( * ) SI_UNIT ( .MILLI., .METRE. ) );
#3655 = ORIENTED_EDGE ( 'NONE', *, *, #1008, .F. ) ;
#3656 =( NAMED_UNIT ( * ) SI_UNIT ( $, .STERADIAN. ) SOLID_ANGLE_UNIT ( ) );
#3657 = DIRECTION ( 'NONE',  ( -4.329780281177460266E-17, 0.7071067811865480168, 0.7071067811865470176 ) ) ;
#3658 = AXIS2_PLACEMENT_3D ( 'NONE', #2806, #4167, #4249 ) ;
#3659 = AXIS2_PLACEMENT_3D ( 'NONE', #3761, #3491, #4148 ) ;
#3660 = FILL_AREA_STYLE ('',( #2345 ) ) ;
#3661 = AXIS2_PLACEMENT_3D ( 'NONE', #2608, #1864, #3562 ) ;
#3662 = CARTESIAN_POINT ( 'NONE',  ( 7.620000000000000107, 0.000000000000000000, 0.000000000000000000 ) ) ;
#3663 = ORIENTED_EDGE ( 'NONE', *, *, #2638, .F. ) ;
#3664 = FILL_AREA_STYLE ('',( #3981 ) ) ;
#3665 = CARTESIAN_POINT ( 'NONE',  ( 4.457699999999999996, 1.008000000000000229, -1.663699999999999957 ) ) ;
#3666 = EDGE_LOOP ( 'NONE', ( #597, #3791, #471, #2797 ) ) ;
#3667 = FACE_OUTER_BOUND ( 'NONE', #867, .T. ) ;
#3668 =( GEOMETRIC_REPRESENTATION_CONTEXT ( 3 ) GLOBAL_UNCERTAINTY_ASSIGNED_CONTEXT ( ( #3892 ) ) GLOBAL_UNIT_ASSIGNED_CONTEXT ( ( #2821, #853, #3082 ) ) REPRESENTATION_CONTEXT ( 'NONE', 'WORKASPACE' ) );
#3669 = PLANE ( 'NONE',  #505 ) ;
#3670 = ADVANCED_FACE ( 'NONE', ( #1468 ), #476, .T. ) ;
#3671 = EDGE_CURVE ( 'NONE', #3325, #2176, #2762, .T. ) ;
#3672 = VECTOR ( 'NONE', #1983, 1000.000000000000114 ) ;
#3673 = UNCERTAINTY_MEASURE_WITH_UNIT (LENGTH_MEASURE( 1.000000000000000082E-05 ), #2798, 'distance_accuracy_value', 'NONE');
#3674 = ORIENTED_EDGE ( 'NONE', *, *, #3413, .F. ) ;
#3675 = AXIS2_PLACEMENT_3D ( 'NONE', #97, #2300, #675 ) ;
#3676 = CARTESIAN_POINT ( 'NONE',  ( 1.917699999999999516, 8.128000000000000114, -1.663699999999999735 ) ) ;
#3677 = ADVANCED_FACE ( 'NONE', ( #176 ), #3468, .F. ) ;
#3678 = VECTOR ( 'NONE', #4066, 1000.000000000000000 ) ;
#3679 = SURFACE_STYLE_FILL_AREA ( #1357 ) ;
#3680 = VERTEX_POINT ( 'NONE', #3128 ) ;
#3681 = LINE ( 'NONE', #2727, #1407 ) ;
#3682 = ORIENTED_EDGE ( 'NONE', *, *, #3416, .T. ) ;
#3683 = PLANE ( 'NONE',  #290 ) ;
#3684 = DIRECTION ( 'NONE',  ( -0.000000000000000000, 0.000000000000000000, 1.000000000000000000 ) ) ;
#3685 = DIRECTION ( 'NONE',  ( 1.000000000000000000, 0.000000000000000000, -0.000000000000000000 ) ) ;
#3686 = ORIENTED_EDGE ( 'NONE', *, *, #435, .F. ) ;
#3687 = LINE ( 'NONE', #74, #3031 ) ;
#3688 = CARTESIAN_POINT ( 'NONE',  ( 6.419849999999999390, -4.927600000000000868, -1.085849999999999316 ) ) ;
#3689 = DIRECTION ( 'NONE',  ( -0.4226182617406998299, 0.9063077870366497146, 0.000000000000000000 ) ) ;
#3690 = EDGE_CURVE ( 'NONE', #2577, #1506, #1167, .T. ) ;
#3691 = EDGE_LOOP ( 'NONE', ( #4216, #3162, #3089, #2158 ) ) ;
#3692 = CARTESIAN_POINT ( 'NONE',  ( 4.564000000000000057, -4.784615001075030349, 1.520825000000000093 ) ) ;
#3693 = DIRECTION ( 'NONE',  ( -0.000000000000000000, -1.000000000000000000, -0.000000000000000000 ) ) ;
#3694 = VERTEX_POINT ( 'NONE', #526 ) ;
#3695 = UNCERTAINTY_MEASURE_WITH_UNIT (LENGTH_MEASURE( 1.000000000000000082E-05 ), #2495, 'distance_accuracy_value', 'NONE');
#3696 = CARTESIAN_POINT ( 'NONE',  ( 3.813175000000000203, -4.784615001075030349, -0.7700000000000000178 ) ) ;
#3697 = LINE ( 'NONE', #2070, #2846 ) ;
#3698 = DIRECTION ( 'NONE',  ( 0.000000000000000000, 0.000000000000000000, 1.000000000000000000 ) ) ;
#3699 = VERTEX_POINT ( 'NONE', #190 ) ;
#3700 = SURFACE_SIDE_STYLE ('',( #2774 ) ) ;
#3701 = VECTOR ( 'NONE', #609, 1000.000000000000000 ) ;
#3702 = FACE_OUTER_BOUND ( 'NONE', #1912, .T. ) ;
#3703 = LINE ( 'NONE', #2122, #2364 ) ;
#3704 = EDGE_LOOP ( 'NONE', ( #4123, #4174, #1791, #3383 ) ) ;
#3705 = CARTESIAN_POINT ( 'NONE',  ( 6.604000000000000092, 5.262500000000001066, 1.663699999999999957 ) ) ;
#3706 = FILL_AREA_STYLE_COLOUR ( '', #2351 ) ;
#3707 = VECTOR ( 'NONE', #3070, 1000.000000000000000 ) ;
#3708 = ORIENTED_EDGE ( 'NONE', *, *, #3569, .F. ) ;
#3709 = FACE_OUTER_BOUND ( 'NONE', #4139, .T. ) ;
#3710 = EDGE_CURVE ( 'NONE', #497, #1417, #3849, .T. ) ;
#3711 = ADVANCED_FACE ( 'NONE', ( #1624 ), #2255, .F. ) ;
#3712 = VECTOR ( 'NONE', #3231, 1000.000000000000000 ) ;
#3713 = DIRECTION ( 'NONE',  ( -0.9063077870366498257, 0.4226182617406998854, 0.000000000000000000 ) ) ;
#3714 = VECTOR ( 'NONE', #4121, 1000.000000000000000 ) ;
#3715 = DIRECTION ( 'NONE',  ( 0.000000000000000000, -0.000000000000000000, 1.000000000000000000 ) ) ;
#3716 = VERTEX_POINT ( 'NONE', #309 ) ;
#3717 = DIRECTION ( 'NONE',  ( 0.9063077870366498257, 0.4226182617406998854, 1.109906930436750015E-16 ) ) ;
#3718 = PRESENTATION_LAYER_ASSIGNMENT (  '', '', ( #3259 ) ) ;
#3719 = FACE_OUTER_BOUND ( 'NONE', #3177, .T. ) ;
#3720 = EDGE_CURVE ( 'NONE', #2181, #3463, #3551, .T. ) ;
#3721 = DIRECTION ( 'NONE',  ( 0.000000000000000000, 0.000000000000000000, -1.000000000000000000 ) ) ;
#3722 = STYLED_ITEM ( 'NONE', ( #130 ), #948 ) ;
#3723 = ORIENTED_EDGE ( 'NONE', *, *, #3237, .T. ) ;
#3724 = CARTESIAN_POINT ( 'NONE',  ( 1.130300000000000749, 8.128000000000000114, 1.663699999999999735 ) ) ;
#3725 = CARTESIAN_POINT ( 'NONE',  ( 1.841500000000000137, -2.063800000000000079, -0.9525000000000000133 ) ) ;
#3726 = STYLED_ITEM ( 'NONE', ( #1348 ), #1318 ) ;
#3727 = LINE ( 'NONE', #447, #941 ) ;
#3728 = DIRECTION ( 'NONE',  ( 0.000000000000000000, 0.000000000000000000, 1.000000000000000000 ) ) ;
#3729 = ORIENTED_EDGE ( 'NONE', *, *, #2892, .F. ) ;
#3730 = VECTOR ( 'NONE', #3406, 1000.000000000000000 ) ;
#3731 = FACE_OUTER_BOUND ( 'NONE', #1895, .T. ) ;
#3732 = SURFACE_STYLE_USAGE ( .BOTH. , #2426 ) ;
#3733 = DIRECTION ( 'NONE',  ( 0.000000000000000000, 1.000000000000000000, 0.000000000000000000 ) ) ;
#3734 = AXIS2_PLACEMENT_3D ( 'NONE', #501, #4142, #2432 ) ;
#3735 = ORIENTED_EDGE ( 'NONE', *, *, #1207, .T. ) ;
#3736 = SURFACE_STYLE_USAGE ( .BOTH. , #2430 ) ;
#3737 = SURFACE_STYLE_FILL_AREA ( #3780 ) ;
#3738 = SURFACE_SIDE_STYLE ('',( #2433 ) ) ;
#3739 = EDGE_LOOP ( 'NONE', ( #2923, #2904, #2311, #2854 ) ) ;
#3740 = ADVANCED_FACE ( 'NONE', ( #1941 ), #3220, .F. ) ;
#3741 = UNCERTAINTY_MEASURE_WITH_UNIT (LENGTH_MEASURE( 1.000000000000000082E-05 ), #2138, 'distance_accuracy_value', 'NONE');
#3742 = DIRECTION ( 'NONE',  ( 1.000000000000000000, 0.000000000000000000, -0.000000000000000000 ) ) ;
#3743 = LINE ( 'NONE', #2132, #82 ) ;
#3744 = DIRECTION ( 'NONE',  ( 1.000000000000000000, -0.000000000000000000, 0.000000000000000000 ) ) ;
#3745 = EDGE_CURVE ( 'NONE', #1254, #461, #610, .T. ) ;
#3746 = ORIENTED_EDGE ( 'NONE', *, *, #3239, .T. ) ;
#3747 = EDGE_CURVE ( 'NONE', #182, #975, #1287, .T. ) ;
#3748 = CARTESIAN_POINT ( 'NONE',  ( 3.813175000000000203, -4.784615001075030349, 1.770000000000000018 ) ) ;
#3749 = PLANE ( 'NONE',  #4124 ) ;
#3750 = FACE_BOUND ( 'NONE', #3704, .T. ) ;
#3751 = CARTESIAN_POINT ( 'NONE',  ( 5.588000000000000078, 0.5080000000000000071, 2.476500000000000590 ) ) ;
#3752 = VERTEX_POINT ( 'NONE', #3305 ) ;
#3753 = CARTESIAN_POINT ( 'NONE',  ( 6.604000000000000092, 5.262500000000001066, -1.663699999999999957 ) ) ;
#3754 =( NAMED_UNIT ( * ) PLANE_ANGLE_UNIT ( ) SI_UNIT ( $, .RADIAN. ) );
#3755 = ORIENTED_EDGE ( 'NONE', *, *, #2576, .F. ) ;
#3756 = SURFACE_STYLE_FILL_AREA ( #4075 ) ;
#3757 = ORIENTED_EDGE ( 'NONE', *, *, #544, .T. ) ;
#3758 = SURFACE_SIDE_STYLE ('',( #2759 ) ) ;
#3759 = CARTESIAN_POINT ( 'NONE',  ( 3.289299999999999891, 8.509000000000000341, 0.000000000000000000 ) ) ;
#3760 = PLANE ( 'NONE',  #3875 ) ;
#3761 = CARTESIAN_POINT ( 'NONE',  ( 3.064000000000000501, 8.318500000000002004, 0.6857999999999999652 ) ) ;
#3762 = ORIENTED_EDGE ( 'NONE', *, *, #1547, .T. ) ;
#3763 = ORIENTED_EDGE ( 'NONE', *, *, #2247, .T. ) ;
#3764 =( LENGTH_UNIT ( ) NAMED_UNIT ( * ) SI_UNIT ( .MILLI., .METRE. ) );
#3765 = FILL_AREA_STYLE_COLOUR ( '', #2354 ) ;
#3766 = EDGE_CURVE ( 'NONE', #4015, #2160, #744, .T. ) ;
#3767 = EDGE_CURVE ( 'NONE', #687, #3907, #2698, .T. ) ;
#3768 = LINE ( 'NONE', #2393, #1967 ) ;
#3769 = DIRECTION ( 'NONE',  ( -0.3892816206350246944, 0.8348171294789880070, -0.3892816206350246944 ) ) ;
#3770 = ORIENTED_EDGE ( 'NONE', *, *, #1729, .T. ) ;
#3771 = PLANE ( 'NONE',  #3652 ) ;
#3772 = FILL_AREA_STYLE ('',( #3706 ) ) ;
#3773 = VERTEX_POINT ( 'NONE', #781 ) ;
#3774 = FILL_AREA_STYLE ('',( #869 ) ) ;
#3775 = CARTESIAN_POINT ( 'NONE',  ( 3.879849999999999355, -4.927600000000000868, 1.085849999999999538 ) ) ;
#3776 = ORIENTED_EDGE ( 'NONE', *, *, #3827, .F. ) ;
#3777 =( NAMED_UNIT ( * ) PLANE_ANGLE_UNIT ( ) SI_UNIT ( $, .RADIAN. ) );
#3778 = STYLED_ITEM ( 'NONE', ( #4166 ), #44 ) ;
#3779 = VECTOR ( 'NONE', #840, 1000.000000000000114 ) ;
#3780 = FILL_AREA_STYLE ('',( #4056 ) ) ;
#3781 = COLOUR_RGB ( '',1.000000000000000000, 1.000000000000000000, 0.000000000000000000 ) ;
#3782 = VECTOR ( 'NONE', #3644, 1000.000000000000000 ) ;
#3783 = DIRECTION ( 'NONE',  ( 0.000000000000000000, 1.000000000000000000, 0.000000000000000000 ) ) ;
#3784 = VERTEX_POINT ( 'NONE', #2679 ) ;
#3785 = FACE_OUTER_BOUND ( 'NONE', #2074, .T. ) ;
#3786 = PLANE ( 'NONE',  #1949 ) ;
#3787 = VECTOR ( 'NONE', #1083, 1000.000000000000114 ) ;
#3788 = PRESENTATION_LAYER_ASSIGNMENT (  '', '', ( #1796 ) ) ;
#3789 = PLANE ( 'NONE',  #3659 ) ;
#3790 = ORIENTED_EDGE ( 'NONE', *, *, #3214, .F. ) ;
#3791 = ORIENTED_EDGE ( 'NONE', *, *, #464, .T. ) ;
#3792 = STYLED_ITEM ( 'NONE', ( #4173 ), #711 ) ;
#3793 = DIRECTION ( 'NONE',  ( -0.000000000000000000, 1.000000000000000000, 0.000000000000000000 ) ) ;
#3794 = VECTOR ( 'NONE', #380, 1000.000000000000000 ) ;
#3795 = DIRECTION ( 'NONE',  ( 1.000000000000000000, 0.000000000000000000, -0.000000000000000000 ) ) ;
#3796 = SURFACE_STYLE_USAGE ( .BOTH. , #4196 ) ;
#3797 = ORIENTED_EDGE ( 'NONE', *, *, #1803, .F. ) ;
#3798 = SURFACE_STYLE_FILL_AREA ( #4108 ) ;
#3799 = ADVANCED_FACE ( 'NONE', ( #1030 ), #59, .F. ) ;
#3800 = COLOUR_RGB ( '',1.000000000000000000, 1.000000000000000000, 0.000000000000000000 ) ;
#3801 = EDGE_CURVE ( 'NONE', #2204, #975, #373, .T. ) ;
#3802 = LINE ( 'NONE', #866, #76 ) ;
#3803 = VERTEX_POINT ( 'NONE', #1387 ) ;
#3804 = STYLED_ITEM ( 'NONE', ( #3371 ), #1467 ) ;
#3805 = FACE_OUTER_BOUND ( 'NONE', #1975, .T. ) ;
#3806 = LINE ( 'NONE', #4092, #1533 ) ;
#3807 = ORIENTED_EDGE ( 'NONE', *, *, #632, .F. ) ;
#3808 = EDGE_CURVE ( 'NONE', #2380, #32, #1720, .T. ) ;
#3809 = PRESENTATION_LAYER_ASSIGNMENT (  '', '', ( #2296 ) ) ;
#3810 = VECTOR ( 'NONE', #958, 1000.000000000000114 ) ;
#3811 = CARTESIAN_POINT ( 'NONE',  ( 6.019800000000000928, 8.318500000000002004, 2.270000000000000018 ) ) ;
#3812 = CARTESIAN_POINT ( 'NONE',  ( 6.604000000000000092, -4.641630002150050061, 0.9525000000000000133 ) ) ;
#3813 = PLANE ( 'NONE',  #1053 ) ;
#3814 = VECTOR ( 'NONE', #40, 1000.000000000000114 ) ;
#3815 =( LENGTH_UNIT ( ) NAMED_UNIT ( * ) SI_UNIT ( .MILLI., .METRE. ) );
#3816 = EDGE_LOOP ( 'NONE', ( #1490, #3776, #3441, #3642 ) ) ;
#3817 = EDGE_LOOP ( 'NONE', ( #553, #206, #747, #3407 ) ) ;
#3818 = CARTESIAN_POINT ( 'NONE',  ( 3.479800000000000004, 8.318500000000002004, -0.2700000000000000178 ) ) ;
#3819 = PRODUCT_CONTEXT ( 'NONE', #561, 'mechanical' ) ;
#3820 = VERTEX_POINT ( 'NONE', #2983 ) ;
#3821 = DIRECTION ( 'NONE',  ( -0.5773502691896263972, 0.5773502691896245098, -0.5773502691896263972 ) ) ;
#3822 = LINE ( 'NONE', #3188, #295 ) ;
#3823 = FACE_OUTER_BOUND ( 'NONE', #1370, .T. ) ;
#3824 = PLANE ( 'NONE',  #2591 ) ;
#3825 = ORIENTED_EDGE ( 'NONE', *, *, #625, .F. ) ;
#3826 =( NAMED_UNIT ( * ) SI_UNIT ( $, .STERADIAN. ) SOLID_ANGLE_UNIT ( ) );
#3827 = EDGE_CURVE ( 'NONE', #650, #2899, #28, .T. ) ;
#3828 = EDGE_CURVE ( 'NONE', #1868, #2963, #2368, .T. ) ;
#3829 = DIRECTION ( 'NONE',  ( -0.000000000000000000, 0.000000000000000000, 1.000000000000000000 ) ) ;
#3830 = DIRECTION ( 'NONE',  ( 0.000000000000000000, -0.000000000000000000, 1.000000000000000000 ) ) ;
#3831 = ORIENTED_EDGE ( 'NONE', *, *, #3026, .F. ) ;
#3832 = DIRECTION ( 'NONE',  ( -0.000000000000000000, 0.000000000000000000, 1.000000000000000000 ) ) ;
#3833 = FACE_OUTER_BOUND ( 'NONE', #197, .T. ) ;
#3834 = ORIENTED_EDGE ( 'NONE', *, *, #3362, .F. ) ;
#3835 = ORIENTED_EDGE ( 'NONE', *, *, #1155, .T. ) ;
#3836 = DIRECTION ( 'NONE',  ( 0.000000000000000000, -0.000000000000000000, 1.000000000000000000 ) ) ;
#3837 = CARTESIAN_POINT ( 'NONE',  ( 1.841500000000000137, 0.5079999999999997851, -1.270000000000000018 ) ) ;
#3838 = ORIENTED_EDGE ( 'NONE', *, *, #3264, .F. ) ;
#3839 = CARTESIAN_POINT ( 'NONE',  ( 6.210300000000000153, 1.008000000000000229, 0.8762999999999999678 ) ) ;
#3840 = PLANE ( 'NONE',  #17 ) ;
#3841 = ORIENTED_EDGE ( 'NONE', *, *, #1636, .T. ) ;
#3842 = LINE ( 'NONE', #2886, #918 ) ;
#3843 = DIRECTION ( 'NONE',  ( -0.000000000000000000, 1.000000000000000000, 0.000000000000000000 ) ) ;
#3844 = DIRECTION ( 'NONE',  ( 0.000000000000000000, 0.000000000000000000, 1.000000000000000000 ) ) ;
#3845 = ORIENTED_EDGE ( 'NONE', *, *, #3234, .F. ) ;
#3846 = VECTOR ( 'NONE', #240, 1000.000000000000000 ) ;
#3847 = LINE ( 'NONE', #562, #555 ) ;
#3848 = VECTOR ( 'NONE', #3004, 1000.000000000000000 ) ;
#3849 = LINE ( 'NONE', #681, #3672 ) ;
#3850 = DIRECTION ( 'NONE',  ( 0.000000000000000000, 1.000000000000000000, 0.000000000000000000 ) ) ;
#3851 = VECTOR ( 'NONE', #1300, 1000.000000000000000 ) ;
#3852 = ADVANCED_FACE ( 'NONE', ( #2028 ), #2044, .T. ) ;
#3853 = EDGE_CURVE ( 'NONE', #151, #4072, #3360, .T. ) ;
#3854 = DIRECTION ( 'NONE',  ( -0.7071067811865470176, 0.7071067811865480168, 0.000000000000000000 ) ) ;
#3855 = CARTESIAN_POINT ( 'NONE',  ( 6.604000000000000092, -4.641630002150050061, 1.587499999999999911 ) ) ;
#3856 = EDGE_LOOP ( 'NONE', ( #2303, #1250, #1199, #889 ) ) ;
#3857 = ORIENTED_EDGE ( 'NONE', *, *, #2119, .F. ) ;
#3858 = ADVANCED_FACE ( 'NONE', ( #2324 ), #1045, .F. ) ;
#3859 = VECTOR ( 'NONE', #3955, 1000.000000000000000 ) ;
#3860 =( GEOMETRIC_REPRESENTATION_CONTEXT ( 3 ) GLOBAL_UNCERTAINTY_ASSIGNED_CONTEXT ( ( #1737 ) ) GLOBAL_UNIT_ASSIGNED_CONTEXT ( ( #700, #27, #3348 ) ) REPRESENTATION_CONTEXT ( 'NONE', 'WORKASPACE' ) );
#3861 = COLOUR_RGB ( '',1.000000000000000000, 1.000000000000000000, 0.000000000000000000 ) ;
#3862 = ORIENTED_EDGE ( 'NONE', *, *, #3628, .T. ) ;
#3863 = CARTESIAN_POINT ( 'NONE',  ( 2.024000000000000021, -4.784615001075030349, 1.520825000000000093 ) ) ;
#3864 = ORIENTED_EDGE ( 'NONE', *, *, #3296, .F. ) ;
#3865 = VECTOR ( 'NONE', #3071, 1000.000000000000000 ) ;
#3866 = DIRECTION ( 'NONE',  ( 1.000000000000000000, -0.000000000000000000, 0.000000000000000000 ) ) ;
#3867 = ADVANCED_BREP_SHAPE_REPRESENTATION ( 'SSQ-103-02-G-D', ( #2323, #2443 ), #386 ) ;
#3868 = CARTESIAN_POINT ( 'NONE',  ( 2.024000000000000021, -4.927600000000000868, 1.454150000000002052 ) ) ;
#3869 =( NAMED_UNIT ( * ) SI_UNIT ( $, .STERADIAN. ) SOLID_ANGLE_UNIT ( ) );
#3870 = ORIENTED_EDGE ( 'NONE', *, *, #2254, .F. ) ;
#3871 = VECTOR ( 'NONE', #3067, 1000.000000000000000 ) ;
#3872 = CARTESIAN_POINT ( 'NONE',  ( 6.921499999999999986, 0.5079999999999997851, -1.270000000000000018 ) ) ;
#3873 = VECTOR ( 'NONE', #3355, 1000.000000000000000 ) ;
#3874 = DIRECTION ( 'NONE',  ( -0.000000000000000000, 1.000000000000000000, 0.000000000000000000 ) ) ;
#3875 = AXIS2_PLACEMENT_3D ( 'NONE', #2283, #919, #3572 ) ;
#3876 = CARTESIAN_POINT ( 'NONE',  ( 0.000000000000000000, 8.509000000000000341, -2.476500000000000590 ) ) ;
#3877 = CARTESIAN_POINT ( 'NONE',  ( 5.080000000000000071, 0.008000000000000012310, 2.476500000000000590 ) ) ;
#3878 = ADVANCED_FACE ( 'NONE', ( #2799 ), #3460, .F. ) ;
#3879 = ORIENTED_EDGE ( 'NONE', *, *, #2218, .F. ) ;
#3880 = VERTEX_POINT ( 'NONE', #1802 ) ;
#3881 = LINE ( 'NONE', #2196, #2976 ) ;
#3882 = VECTOR ( 'NONE', #1892, 1000.000000000000000 ) ;
#3883 = ADVANCED_FACE ( 'NONE', ( #3805 ), #3824, .T. ) ;
#3884 = EDGE_CURVE ( 'NONE', #975, #808, #3078, .T. ) ;
#3885 = FILL_AREA_STYLE ('',( #202 ) ) ;
#3886 = ORIENTED_EDGE ( 'NONE', *, *, #1038, .F. ) ;
#3887 = CARTESIAN_POINT ( 'NONE',  ( 2.298700000000000188, 8.509000000000000341, -0.4953000000000000735 ) ) ;
#3888 = CARTESIAN_POINT ( 'NONE',  ( 1.130300000000000082, 1.008000000000000229, 0.8762999999999999678 ) ) ;
#3889 = ORIENTED_EDGE ( 'NONE', *, *, #1274, .T. ) ;
#3890 = LINE ( 'NONE', #953, #851 ) ;
#3891 = LINE ( 'NONE', #2249, #2096 ) ;
#3892 = UNCERTAINTY_MEASURE_WITH_UNIT (LENGTH_MEASURE( 1.000000000000000082E-05 ), #2821, 'distance_accuracy_value', 'NONE');
#3893 = CARTESIAN_POINT ( 'NONE',  ( 3.670300000000000118, 1.008000000000000007, 1.270000000000000018 ) ) ;
#3894 = VERTEX_POINT ( 'NONE', #4047 ) ;
#3895 = DIRECTION ( 'NONE',  ( -1.000000000000000000, 0.000000000000000000, 0.000000000000000000 ) ) ;
#3896 = SURFACE_STYLE_FILL_AREA ( #3599 ) ;
#3897 = LINE ( 'NONE', #939, #1658 ) ;
#3898 = PLANE ( 'NONE',  #913 ) ;
#3899 = VERTEX_POINT ( 'NONE', #3121 ) ;
#3900 = ORIENTED_EDGE ( 'NONE', *, *, #2981, .T. ) ;
#3901 = DIRECTION ( 'NONE',  ( 1.000000000000000000, 2.345334688175684236E-17, 5.029586469703876819E-17 ) ) ;
#3902 = CARTESIAN_POINT ( 'NONE',  ( 1.524000000000000021, 1.008000000000000229, -0.8762999999999999678 ) ) ;
#3903 = DIRECTION ( 'NONE',  ( 0.000000000000000000, 0.7071067811865470176, 0.7071067811865480168 ) ) ;
#3904 = EDGE_LOOP ( 'NONE', ( #590, #573, #442, #73 ) ) ;
#3905 = CARTESIAN_POINT ( 'NONE',  ( 3.048000000000000043, 0.000000000000000000, -2.476500000000000590 ) ) ;
#3906 = LINE ( 'NONE', #911, #850 ) ;
#3907 = VERTEX_POINT ( 'NONE', #1121 ) ;
#3908 = EDGE_CURVE ( 'NONE', #23, #3115, #2084, .T. ) ;
#3909 = EDGE_CURVE ( 'NONE', #3752, #2647, #3421, .T. ) ;
#3910 = SURFACE_STYLE_FILL_AREA ( #1042 ) ;
#3911 = ORIENTED_EDGE ( 'NONE', *, *, #3540, .F. ) ;
#3912 = CARTESIAN_POINT ( 'NONE',  ( 1.524000000000000021, 5.262500000000001066, -0.8762999999999999678 ) ) ;
#3913 = DIRECTION ( 'NONE',  ( 0.000000000000000000, 0.000000000000000000, 1.000000000000000000 ) ) ;
#3914 = EDGE_CURVE ( 'NONE', #2022, #157, #1213, .T. ) ;
#3915 = PRESENTATION_STYLE_ASSIGNMENT (( #2235 ) ) ;
#3916 = LINE ( 'NONE', #2645, #3444 ) ;
#3917 = STYLED_ITEM ( 'NONE', ( #2816 ), #2359 ) ;
#3918 = DIRECTION ( 'NONE',  ( -1.000000000000000000, -0.000000000000000000, 0.000000000000000000 ) ) ;
#3919 = ORIENTED_EDGE ( 'NONE', *, *, #2578, .T. ) ;
#3920 = VECTOR ( 'NONE', #3821, 1000.000000000000114 ) ;
#3921 = ORIENTED_EDGE ( 'NONE', *, *, #3914, .T. ) ;
#3922 = CARTESIAN_POINT ( 'NONE',  ( 6.854824999999999946, -4.784615001075030349, -1.770000000000000018 ) ) ;
#3923 = AXIS2_PLACEMENT_3D ( 'NONE', #3153, #928, #1880 ) ;
#3924 = DIRECTION ( 'NONE',  ( 0.000000000000000000, 0.000000000000000000, -1.000000000000000000 ) ) ;
#3925 = ORIENTED_EDGE ( 'NONE', *, *, #815, .T. ) ;
#3926 = VECTOR ( 'NONE', #3169, 1000.000000000000000 ) ;
#3927 = VECTOR ( 'NONE', #2113, 1000.000000000000000 ) ;
#3928 = FILL_AREA_STYLE ('',( #1060 ) ) ;
#3929 = ORIENTED_EDGE ( 'NONE', *, *, #2090, .T. ) ;
#3930 = AXIS2_PLACEMENT_3D ( 'NONE', #724, #3657, #1065 ) ;
#3931 = DIRECTION ( 'NONE',  ( 1.000000000000000000, 0.000000000000000000, -0.000000000000000000 ) ) ;
#3932 = FILL_AREA_STYLE_COLOUR ( '', #2724 ) ;
#3933 = EDGE_CURVE ( 'NONE', #3096, #2963, #3439, .T. ) ;
#3934 = UNCERTAINTY_MEASURE_WITH_UNIT (LENGTH_MEASURE( 1.000000000000000082E-05 ), #3477, 'distance_accuracy_value', 'NONE');
#3935 = CARTESIAN_POINT ( 'NONE',  ( 3.879849999999998023, -4.927600000000000868, 1.085849999999999982 ) ) ;
#3936 = EDGE_LOOP ( 'NONE', ( #3425, #3236, #2391, #1279 ) ) ;
#3937 = ADVANCED_FACE ( 'NONE', ( #4091 ), #2468, .T. ) ;
#3938 = DIRECTION ( 'NONE',  ( 0.000000000000000000, 0.7071067811865470176, 0.7071067811865480168 ) ) ;
#3939 = STYLED_ITEM ( 'NONE', ( #1817 ), #572 ) ;
#3940 = CARTESIAN_POINT ( 'NONE',  ( 6.286500000000000199, 0.5079999999999997851, 0.9525000000000000133 ) ) ;
#3941 =( GEOMETRIC_REPRESENTATION_CONTEXT ( 3 ) GLOBAL_UNCERTAINTY_ASSIGNED_CONTEXT ( ( #2912 ) ) GLOBAL_UNIT_ASSIGNED_CONTEXT ( ( #1508, #1832, #4119 ) ) REPRESENTATION_CONTEXT ( 'NONE', 'WORKASPACE' ) );
#3942 =( NAMED_UNIT ( * ) SI_UNIT ( $, .STERADIAN. ) SOLID_ANGLE_UNIT ( ) );
#3943 = CARTESIAN_POINT ( 'NONE',  ( 3.048000000000000043, 0.008000000000000012310, 0.000000000000000000 ) ) ;
#3944 = CARTESIAN_POINT ( 'NONE',  ( 3.746500000000000163, 0.5080000000000000071, 0.000000000000000000 ) ) ;
#3945 = AXIS2_PLACEMENT_3D ( 'NONE', #1228, #552, #2531 ) ;
#3946 = VERTEX_POINT ( 'NONE', #653 ) ;
#3947 = ORIENTED_EDGE ( 'NONE', *, *, #1688, .T. ) ;
#3948 = CARTESIAN_POINT ( 'NONE',  ( 3.048000000000000043, 0.5080000000000000071, -2.476500000000000590 ) ) ;
#3949 = CARTESIAN_POINT ( 'NONE',  ( 5.829299999999999926, 8.509000000000000341, 0.000000000000000000 ) ) ;
#3950 = LINE ( 'NONE', #339, #2367 ) ;
#3951 = ORIENTED_EDGE ( 'NONE', *, *, #1296, .T. ) ;
#3952 = DIRECTION ( 'NONE',  ( -1.000000000000000000, -0.000000000000000000, 0.000000000000000000 ) ) ;
#3953 = PLANE ( 'NONE',  #3993 ) ;
#3954 = STYLED_ITEM ( 'NONE', ( #2167 ), #3883 ) ;
#3955 = DIRECTION ( 'NONE',  ( 0.000000000000000000, -0.000000000000000000, -1.000000000000000000 ) ) ;
#3956 = SURFACE_STYLE_FILL_AREA ( #1683 ) ;
#3957 = ORIENTED_EDGE ( 'NONE', *, *, #3570, .T. ) ;
#3958 = DIRECTION ( 'NONE',  ( 1.000000000000000000, 0.000000000000000000, -0.000000000000000000 ) ) ;
#3959 = CARTESIAN_POINT ( 'NONE',  ( 1.206499999999999906, 0.5080000000000000071, 0.000000000000000000 ) ) ;
#3960 = CARTESIAN_POINT ( 'NONE',  ( 4.064000000000000057, 1.008000000000000007, -1.270000000000000018 ) ) ;
#3961 = DIRECTION ( 'NONE',  ( 0.000000000000000000, 0.9063077870366497146, 0.4226182617406998299 ) ) ;
#3962 = EDGE_CURVE ( 'NONE', #937, #1693, #2869, .T. ) ;
#3963 = EDGE_CURVE ( 'NONE', #831, #3248, #606, .T. ) ;
#3964 =( NAMED_UNIT ( * ) SI_UNIT ( $, .STERADIAN. ) SOLID_ANGLE_UNIT ( ) );
#3965 = EDGE_LOOP ( 'NONE', ( #2524, #2750, #2450, #3994 ) ) ;
#3966 = CARTESIAN_POINT ( 'NONE',  ( 6.997700000000000031, 8.128000000000001890, 0.8763000000000004119 ) ) ;
#3967 = CARTESIAN_POINT ( 'NONE',  ( 3.048000000000000043, 4.254500000000000171, -2.476500000000000590 ) ) ;
#3968 = DIRECTION ( 'NONE',  ( 0.000000000000000000, 1.000000000000000000, 0.000000000000000000 ) ) ;
#3969 = ORIENTED_EDGE ( 'NONE', *, *, #1603, .F. ) ;
#3970 = CARTESIAN_POINT ( 'NONE',  ( 6.921499999999999986, -4.641630002150050061, -1.270000000000000018 ) ) ;
#3971 = DIRECTION ( 'NONE',  ( -0.000000000000000000, 1.000000000000000000, 0.000000000000000000 ) ) ;
#3972 = FILL_AREA_STYLE_COLOUR ( '', #161 ) ;
#3973 = ORIENTED_EDGE ( 'NONE', *, *, #3073, .T. ) ;
#3974 = SURFACE_STYLE_FILL_AREA ( #1371 ) ;
#3975 = CARTESIAN_POINT ( 'NONE',  ( 1.339849999999997987, -4.927600000000000868, -1.454150000000000276 ) ) ;
#3976 = DIRECTION ( 'NONE',  ( 0.5773502691896248429, 0.5773502691896260641, -0.5773502691896263972 ) ) ;
#3977 = CARTESIAN_POINT ( 'NONE',  ( 1.206499999999999906, -2.063800000000000079, -0.9525000000000000133 ) ) ;
#3978 = ORIENTED_EDGE ( 'NONE', *, *, #663, .F. ) ;
#3979 = EDGE_CURVE ( 'NONE', #273, #2033, #4158, .T. ) ;
#3980 = MECHANICAL_DESIGN_GEOMETRIC_PRESENTATION_REPRESENTATION (  '', ( #1249 ), #971 ) ;
#3981 = FILL_AREA_STYLE_COLOUR ( '', #4044 ) ;
#3982 = FACE_OUTER_BOUND ( 'NONE', #4193, .T. ) ;
#3983 = ORIENTED_EDGE ( 'NONE', *, *, #1393, .F. ) ;
#3984 = EDGE_CURVE ( 'NONE', #3899, #4097, #1303, .T. ) ;
#3985 = CARTESIAN_POINT ( 'NONE',  ( 4.064000000000000057, 1.008000000000000229, -0.8762999999999999678 ) ) ;
#3986 = DIRECTION ( 'NONE',  ( -0.4226182617406998299, 0.9063077870366497146, 0.000000000000000000 ) ) ;
#3987 = VECTOR ( 'NONE', #2668, 1000.000000000000000 ) ;
#3988 = DIRECTION ( 'NONE',  ( -1.000000000000000000, 7.036004064527049935E-17, -1.508875940911162121E-16 ) ) ;
#3989 = EDGE_LOOP ( 'NONE', ( #2001, #698, #1457, #1366 ) ) ;
#3990 = FACE_OUTER_BOUND ( 'NONE', #2126, .T. ) ;
#3991 = CARTESIAN_POINT ( 'NONE',  ( 1.339849999999999541, -4.927600000000000868, -1.085849999999999316 ) ) ;
#3992 = CARTESIAN_POINT ( 'NONE',  ( 4.248149999999999871, -4.927600000000000868, 1.085849999999997983 ) ) ;
#3993 = AXIS2_PLACEMENT_3D ( 'NONE', #799, #771, #2461 ) ;
#3994 = ORIENTED_EDGE ( 'NONE', *, *, #952, .T. ) ;
#3995 =( GEOMETRIC_REPRESENTATION_CONTEXT ( 3 ) GLOBAL_UNCERTAINTY_ASSIGNED_CONTEXT ( ( #2691 ) ) GLOBAL_UNIT_ASSIGNED_CONTEXT ( ( #521, #2125, #1164 ) ) REPRESENTATION_CONTEXT ( 'NONE', 'WORKASPACE' ) );
#3996 = UNCERTAINTY_MEASURE_WITH_UNIT (LENGTH_MEASURE( 1.000000000000000082E-05 ), #331, 'distance_accuracy_value', 'NONE');
#3997 = CARTESIAN_POINT ( 'NONE',  ( 2.298700000000000188, 8.509000000000000341, 0.000000000000000000 ) ) ;
#3998 = SURFACE_STYLE_FILL_AREA ( #321 ) ;
#3999 = VECTOR ( 'NONE', #3217, 1000.000000000000000 ) ;
#4000 = ORIENTED_EDGE ( 'NONE', *, *, #3486, .F. ) ;
#4001 = FILL_AREA_STYLE ('',( #1400 ) ) ;
#4002 = EDGE_CURVE ( 'NONE', #1879, #4011, #2271, .T. ) ;
#4003 = EDGE_CURVE ( 'NONE', #418, #1144, #2633, .T. ) ;
#4004 =( NAMED_UNIT ( * ) PLANE_ANGLE_UNIT ( ) SI_UNIT ( $, .RADIAN. ) );
#4005 = UNCERTAINTY_MEASURE_WITH_UNIT (LENGTH_MEASURE( 1.000000000000000082E-05 ), #3081, 'distance_accuracy_value', 'NONE');
#4006 = DIRECTION ( 'NONE',  ( -0.000000000000000000, 1.000000000000000000, 0.000000000000000000 ) ) ;
#4007 = ORIENTED_EDGE ( 'NONE', *, *, #1969, .F. ) ;
#4008 = FACE_OUTER_BOUND ( 'NONE', #3544, .T. ) ;
#4009 = CARTESIAN_POINT ( 'NONE',  ( 6.921499999999999986, 0.5079999999999998961, -0.9525000000000000133 ) ) ;
#4010 =( NAMED_UNIT ( * ) SI_UNIT ( $, .STERADIAN. ) SOLID_ANGLE_UNIT ( ) );
#4011 = VERTEX_POINT ( 'NONE', #2537 ) ;
#4012 = EDGE_LOOP ( 'NONE', ( #3176, #4197, #3637, #1511 ) ) ;
#4013 =( LENGTH_UNIT ( ) NAMED_UNIT ( * ) SI_UNIT ( .MILLI., .METRE. ) );
#4014 = DIRECTION ( 'NONE',  ( 0.000000000000000000, 0.000000000000000000, 1.000000000000000000 ) ) ;
#4015 = VERTEX_POINT ( 'NONE', #2887 ) ;
#4016 = DIRECTION ( 'NONE',  ( -0.4226182617406998299, 0.9063077870366497146, 0.000000000000000000 ) ) ;
#4017 = DIRECTION ( 'NONE',  ( 0.000000000000000000, -1.000000000000000000, 0.000000000000000000 ) ) ;
#4018 = LINE ( 'NONE', #1435, #2032 ) ;
#4019 = EDGE_LOOP ( 'NONE', ( #2885, #4235, #1749, #2808 ) ) ;
#4020 = FILL_AREA_STYLE_COLOUR ( '', #3574 ) ;
#4021 = EDGE_CURVE ( 'NONE', #32, #2416, #3280, .T. ) ;
#4022 = EDGE_CURVE ( 'NONE', #1962, #2951, #954, .T. ) ;
#4023 = PRESENTATION_STYLE_ASSIGNMENT (( #1425 ) ) ;
#4024 = FILL_AREA_STYLE ('',( #847 ) ) ;
#4025 = EDGE_LOOP ( 'NONE', ( #3456, #1814, #3308, #3509 ) ) ;
#4026 = DIRECTION ( 'NONE',  ( 0.000000000000000000, 0.9063077870366497146, 0.4226182617406998299 ) ) ;
#4027 = CARTESIAN_POINT ( 'NONE',  ( 6.788150000000000794, -4.927600000000000868, -1.454150000000000942 ) ) ;
#4028 = VERTEX_POINT ( 'NONE', #1256 ) ;
#4029 = SURFACE_STYLE_FILL_AREA ( #828 ) ;
#4030 = CARTESIAN_POINT ( 'NONE',  ( 4.064000000000000057, 0.000000000000000000, -2.476500000000000590 ) ) ;
#4031 = CARTESIAN_POINT ( 'NONE',  ( 4.064000000000000057, 8.509000000000000341, 2.044700000000000628 ) ) ;
#4032 = PRESENTATION_LAYER_ASSIGNMENT (  '', '', ( #1249 ) ) ;
#4033 = ORIENTED_EDGE ( 'NONE', *, *, #1939, .T. ) ;
#4034 = LINE ( 'NONE', #1110, #2346 ) ;
#4035 = LINE ( 'NONE', #3725, #3385 ) ;
#4036 = FACE_BOUND ( 'NONE', #2298, .T. ) ;
#4037 = PLANE ( 'NONE',  #3335 ) ;
#4038 = VERTEX_POINT ( 'NONE', #891 ) ;
#4039 = VECTOR ( 'NONE', #3624, 1000.000000000000000 ) ;
#4040 = VECTOR ( 'NONE', #360, 1000.000000000000000 ) ;
#4041 = CARTESIAN_POINT ( 'NONE',  ( 1.339849999999997987, -4.927600000000000868, 1.770000000000000018 ) ) ;
#4042 = LINE ( 'NONE', #3481, #1800 ) ;
#4043 = VECTOR ( 'NONE', #1556, 1000.000000000000000 ) ;
#4044 = COLOUR_RGB ( '',1.000000000000000000, 1.000000000000000000, 0.000000000000000000 ) ;
#4045 = EDGE_CURVE ( 'NONE', #2879, #2555, #935, .T. ) ;
#4046 = EDGE_CURVE ( 'NONE', #1021, #3452, #3524, .T. ) ;
#4047 = CARTESIAN_POINT ( 'NONE',  ( 6.921499999999999986, 0.5079999999999998961, 1.587499999999999911 ) ) ;
#4048 = CARTESIAN_POINT ( 'NONE',  ( 1.130300000000000082, 8.128000000000000114, -1.270000000000000018 ) ) ;
#4049 = ORIENTED_EDGE ( 'NONE', *, *, #2041, .F. ) ;
#4050 = DIRECTION ( 'NONE',  ( -5.549534652183770411E-17, 0.4226182617406998854, 0.9063077870366498257 ) ) ;
#4051 = MECHANICAL_DESIGN_GEOMETRIC_PRESENTATION_REPRESENTATION (  '', ( #2831 ), #2413 ) ;
#4052 =( GEOMETRIC_REPRESENTATION_CONTEXT ( 3 ) GLOBAL_UNCERTAINTY_ASSIGNED_CONTEXT ( ( #1701 ) ) GLOBAL_UNIT_ASSIGNED_CONTEXT ( ( #4013, #2069, #791 ) ) REPRESENTATION_CONTEXT ( 'NONE', 'WORKASPACE' ) );
#4053 = EDGE_CURVE ( 'NONE', #687, #2550, #3216, .T. ) ;
#4054 = VECTOR ( 'NONE', #2397, 1000.000000000000114 ) ;
#4055 = EDGE_CURVE ( 'NONE', #280, #461, #2562, .T. ) ;
#4056 = FILL_AREA_STYLE_COLOUR ( '', #3517 ) ;
#4057 = ORIENTED_EDGE ( 'NONE', *, *, #1945, .T. ) ;
#4058 = CARTESIAN_POINT ( 'NONE',  ( 6.604000000000000092, -4.641630002150050061, -1.587499999999999911 ) ) ;
#4059 = PRESENTATION_LAYER_ASSIGNMENT (  '', '', ( #1677 ) ) ;
#4060 = LINE ( 'NONE', #1730, #3871 ) ;
#4061 = CARTESIAN_POINT ( 'NONE',  ( 2.298700000000000188, 8.509000000000000341, 0.000000000000000000 ) ) ;
#4062 =( GEOMETRIC_REPRESENTATION_CONTEXT ( 3 ) GLOBAL_UNCERTAINTY_ASSIGNED_CONTEXT ( ( #366 ) ) GLOBAL_UNIT_ASSIGNED_CONTEXT ( ( #669, #3608, #4237 ) ) REPRESENTATION_CONTEXT ( 'NONE', 'WORKASPACE' ) );
#4063 = ORIENTED_EDGE ( 'NONE', *, *, #1918, .F. ) ;
#4064 = PLANE ( 'NONE',  #563 ) ;
#4065 = MECHANICAL_DESIGN_GEOMETRIC_PRESENTATION_REPRESENTATION (  '', ( #3052 ), #1613 ) ;
#4066 = DIRECTION ( 'NONE',  ( 1.005917293940771666E-16, 4.690669376351351216E-17, -1.000000000000000000 ) ) ;
#4067 = FACE_OUTER_BOUND ( 'NONE', #3390, .T. ) ;
#4068 = ORIENTED_EDGE ( 'NONE', *, *, #1419, .T. ) ;
#4069 = VECTOR ( 'NONE', #2452, 1000.000000000000000 ) ;
#4070 = CARTESIAN_POINT ( 'NONE',  ( 6.210300000000001042, 8.128000000000001890, -1.663699999999999957 ) ) ;
#4071 =( LENGTH_UNIT ( ) NAMED_UNIT ( * ) SI_UNIT ( .MILLI., .METRE. ) );
#4072 = VERTEX_POINT ( 'NONE', #2590 ) ;
#4073 = DIRECTION ( 'NONE',  ( -0.4226182617406998299, -0.9063077870366497146, 0.000000000000000000 ) ) ;
#4074 =( GEOMETRIC_REPRESENTATION_CONTEXT ( 3 ) GLOBAL_UNCERTAINTY_ASSIGNED_CONTEXT ( ( #3408 ) ) GLOBAL_UNIT_ASSIGNED_CONTEXT ( ( #1828, #3501, #3101 ) ) REPRESENTATION_CONTEXT ( 'NONE', 'WORKASPACE' ) );
#4075 = FILL_AREA_STYLE ('',( #1764 ) ) ;
#4076 = ORIENTED_EDGE ( 'NONE', *, *, #2071, .T. ) ;
#4077 = FILL_AREA_STYLE ('',( #2472 ) ) ;
#4078 = VECTOR ( 'NONE', #1569, 1000.000000000000000 ) ;
#4079 = ORIENTED_EDGE ( 'NONE', *, *, #1493, .F. ) ;
#4080 = LINE ( 'NONE', #3066, #1399 ) ;
#4081 = EDGE_CURVE ( 'NONE', #3752, #4038, #3891, .T. ) ;
#4082 = ADVANCED_FACE ( 'NONE', ( #752 ), #1061, .F. ) ;
#4083 = LINE ( 'NONE', #830, #1263 ) ;
#4084 = VERTEX_POINT ( 'NONE', #55 ) ;
#4085 = ORIENTED_EDGE ( 'NONE', *, *, #3710, .T. ) ;
#4086 =( NAMED_UNIT ( * ) PLANE_ANGLE_UNIT ( ) SI_UNIT ( $, .RADIAN. ) );
#4087 = DIRECTION ( 'NONE',  ( 0.000000000000000000, -1.000000000000000000, 0.000000000000000000 ) ) ;
#4088 = FACE_OUTER_BOUND ( 'NONE', #3965, .T. ) ;
#4089 = EDGE_LOOP ( 'NONE', ( #3655, #3337, #1732, #1606 ) ) ;
#4090 = DIRECTION ( 'NONE',  ( -0.000000000000000000, -0.000000000000000000, -1.000000000000000000 ) ) ;
#4091 = FACE_OUTER_BOUND ( 'NONE', #2269, .T. ) ;
#4092 = CARTESIAN_POINT ( 'NONE',  ( 1.917699999999999960, 1.008000000000000229, 1.270000000000000018 ) ) ;
#4093 = ORIENTED_EDGE ( 'NONE', *, *, #2064, .T. ) ;
#4094 =( LENGTH_UNIT ( ) NAMED_UNIT ( * ) SI_UNIT ( .MILLI., .METRE. ) );
#4095 = PRESENTATION_STYLE_ASSIGNMENT (( #3443 ) ) ;
#4096 = CARTESIAN_POINT ( 'NONE',  ( 4.064000000000000057, 0.000000000000000000, 0.000000000000000000 ) ) ;
#4097 = VERTEX_POINT ( 'NONE', #2690 ) ;
#4098 = DIRECTION ( 'NONE',  ( -0.5773502691896246208, -0.5773502691896258421, -0.5773502691896268413 ) ) ;
#4099 = EDGE_CURVE ( 'NONE', #297, #4122, #3053, .T. ) ;
#4100 = ADVANCED_FACE ( 'NONE', ( #3370 ), #1000, .T. ) ;
#4101 = ORIENTED_EDGE ( 'NONE', *, *, #4185, .T. ) ;
#4102 = ORIENTED_EDGE ( 'NONE', *, *, #2664, .F. ) ;
#4103 = DIRECTION ( 'NONE',  ( -0.000000000000000000, 0.000000000000000000, 1.000000000000000000 ) ) ;
#4104 = LINE ( 'NONE', #1178, #3260 ) ;
#4105 = EDGE_CURVE ( 'NONE', #4154, #2260, #1978, .T. ) ;
#4106 = DIRECTION ( 'NONE',  ( -0.000000000000000000, 1.000000000000000000, 0.000000000000000000 ) ) ;
#4107 = EDGE_LOOP ( 'NONE', ( #3807, #2535, #4234, #1673 ) ) ;
#4108 = FILL_AREA_STYLE ('',( #4020 ) ) ;
#4109 = LINE ( 'NONE', #2817, #3381 ) ;
#4110 = EDGE_LOOP ( 'NONE', ( #3886, #1430, #1050, #522 ) ) ;
#4111 = CARTESIAN_POINT ( 'NONE',  ( 7.378700000000000259, 8.509000000000000341, 0.000000000000000000 ) ) ;
#4112 = AXIS2_PLACEMENT_3D ( 'NONE', #887, #3543, #1841 ) ;
#4113 =( LENGTH_UNIT ( ) NAMED_UNIT ( * ) SI_UNIT ( .MILLI., .METRE. ) );
#4114 = EDGE_LOOP ( 'NONE', ( #2738, #2040, #4068, #640 ) ) ;
#4115 = DIRECTION ( 'NONE',  ( 1.000000000000000000, -0.000000000000000000, 0.000000000000000000 ) ) ;
#4116 = PRESENTATION_LAYER_ASSIGNMENT (  '', '', ( #356 ) ) ;
#4117 = AXIS2_PLACEMENT_3D ( 'NONE', #2579, #1201, #1837 ) ;
#4118 = DIRECTION ( 'NONE',  ( 1.000000000000000000, 0.000000000000000000, -0.000000000000000000 ) ) ;
#4119 =( NAMED_UNIT ( * ) SI_UNIT ( $, .STERADIAN. ) SOLID_ANGLE_UNIT ( ) );
#4120 = VECTOR ( 'NONE', #768, 1000.000000000000000 ) ;
#4121 = DIRECTION ( 'NONE',  ( 0.3892816206350248054, -0.8348171294789882291, -0.3892816206350241948 ) ) ;
#4122 = VERTEX_POINT ( 'NONE', #20 ) ;
#4123 = ORIENTED_EDGE ( 'NONE', *, *, #842, .F. ) ;
#4124 = AXIS2_PLACEMENT_3D ( 'NONE', #1434, #2747, #2775 ) ;
#4125 = FACE_OUTER_BOUND ( 'NONE', #3152, .T. ) ;
#4126 = PLANE ( 'NONE',  #783 ) ;
#4127 = AXIS2_PLACEMENT_3D ( 'NONE', #3122, #2784, #3440 ) ;
#4128 = DIRECTION ( 'NONE',  ( 0.000000000000000000, 1.000000000000000000, 0.000000000000000000 ) ) ;
#4129 = ORIENTED_EDGE ( 'NONE', *, *, #4191, .F. ) ;
#4130 = CARTESIAN_POINT ( 'NONE',  ( 1.130300000000000082, 1.008000000000000229, -1.663699999999999957 ) ) ;
#4131 = VECTOR ( 'NONE', #210, 1000.000000000000000 ) ;
#4132 = LINE ( 'NONE', #3159, #2915 ) ;
#4133 = ORIENTED_EDGE ( 'NONE', *, *, #3745, .T. ) ;
#4134 = ADVANCED_FACE ( 'NONE', ( #1346 ), #1024, .T. ) ;
#4135 = EDGE_CURVE ( 'NONE', #4011, #62, #696, .T. ) ;
#4136 = CARTESIAN_POINT ( 'NONE',  ( 7.620000000000000107, 0.5080000000000000071, 2.476500000000000590 ) ) ;
#4137 = DIRECTION ( 'NONE',  ( 1.000000000000000000, 0.000000000000000000, -0.000000000000000000 ) ) ;
#4138 = SURFACE_STYLE_FILL_AREA ( #1867 ) ;
#4139 = EDGE_LOOP ( 'NONE', ( #398, #3433, #3763, #970 ) ) ;
#4140 = FILL_AREA_STYLE_COLOUR ( '', #132 ) ;
#4141 = COLOUR_RGB ( '',1.000000000000000000, 1.000000000000000000, 0.000000000000000000 ) ;
#4142 = DIRECTION ( 'NONE',  ( 1.000000000000000000, -0.000000000000000000, 0.000000000000000000 ) ) ;
#4143 = PLANE ( 'NONE',  #3466 ) ;
#4144 = FILL_AREA_STYLE_COLOUR ( '', #1261 ) ;
#4145 =( LENGTH_UNIT ( ) NAMED_UNIT ( * ) SI_UNIT ( .MILLI., .METRE. ) );
#4146 =( GEOMETRIC_REPRESENTATION_CONTEXT ( 3 ) GLOBAL_UNCERTAINTY_ASSIGNED_CONTEXT ( ( #790 ) ) GLOBAL_UNIT_ASSIGNED_CONTEXT ( ( #3591, #236, #1934 ) ) REPRESENTATION_CONTEXT ( 'NONE', 'WORKASPACE' ) );
#4147 = CARTESIAN_POINT ( 'NONE',  ( 6.210300000000000153, 5.262500000000001066, -1.663699999999999957 ) ) ;
#4148 = DIRECTION ( 'NONE',  ( 0.000000000000000000, -0.7071067811865470176, 0.7071067811865480168 ) ) ;
#4149 = ORIENTED_EDGE ( 'NONE', *, *, #1659, .T. ) ;
#4150 = ORIENTED_EDGE ( 'NONE', *, *, #1781, .F. ) ;
#4151 = DIRECTION ( 'NONE',  ( 0.000000000000000000, 0.000000000000000000, 1.000000000000000000 ) ) ;
#4152 = CARTESIAN_POINT ( 'NONE',  ( 6.286500000000000199, -4.641630002150050061, 1.270000000000000018 ) ) ;
#4153 = CARTESIAN_POINT ( 'NONE',  ( 4.064000000000000057, 0.5079999999999997851, -0.9525000000000000133 ) ) ;
#4154 = VERTEX_POINT ( 'NONE', #3155 ) ;
#4155 = CARTESIAN_POINT ( 'NONE',  ( 4.064000000000000057, 0.000000000000000000, 2.476500000000000590 ) ) ;
#4156 = ORIENTED_EDGE ( 'NONE', *, *, #2492, .T. ) ;
#4157 = DIRECTION ( 'NONE',  ( -1.000000000000000000, -0.000000000000000000, 0.000000000000000000 ) ) ;
#4158 = LINE ( 'NONE', #1234, #101 ) ;
#4159 = EDGE_CURVE ( 'NONE', #4161, #233, #3727, .T. ) ;
#4160 = CARTESIAN_POINT ( 'NONE',  ( 3.289299999999999891, 8.509000000000000341, 2.044700000000000184 ) ) ;
#4161 = VERTEX_POINT ( 'NONE', #3137 ) ;
#4162 = EDGE_CURVE ( 'NONE', #1380, #3946, #4018, .T. ) ;
#4163 =( LENGTH_UNIT ( ) NAMED_UNIT ( * ) SI_UNIT ( .MILLI., .METRE. ) );
#4164 = EDGE_CURVE ( 'NONE', #3894, #2606, #2463, .T. ) ;
#4165 = CARTESIAN_POINT ( 'NONE',  ( 6.604000000000000092, 1.008000000000000007, 0.8762999999999999678 ) ) ;
#4166 = PRESENTATION_STYLE_ASSIGNMENT (( #1875 ) ) ;
#4167 = DIRECTION ( 'NONE',  ( 0.000000000000000000, 1.000000000000000000, 0.000000000000000000 ) ) ;
#4168 = PLANE ( 'NONE',  #1952 ) ;
#4169 = DIRECTION ( 'NONE',  ( 1.000000000000000000, 0.000000000000000000, -0.000000000000000000 ) ) ;
#4170 = ORIENTED_EDGE ( 'NONE', *, *, #1274, .F. ) ;
#4171 = EDGE_LOOP ( 'NONE', ( #1710, #3482, #2538, #2243 ) ) ;
#4172 = LINE ( 'NONE', #945, #3375 ) ;
#4173 = PRESENTATION_STYLE_ASSIGNMENT (( #4219 ) ) ;
#4174 = ORIENTED_EDGE ( 'NONE', *, *, #198, .F. ) ;
#4175 = FACE_OUTER_BOUND ( 'NONE', #3549, .T. ) ;
#4176 = CARTESIAN_POINT ( 'NONE',  ( 1.524000000000000021, 0.5080000000000000071, 0.000000000000000000 ) ) ;
#4177 = EDGE_LOOP ( 'NONE', ( #494, #4213, #1925, #2778 ) ) ;
#4178 = LINE ( 'NONE', #4225, #3380 ) ;
#4179 = CARTESIAN_POINT ( 'NONE',  ( 3.048000000000000043, 0.000000000000000000, 0.000000000000000000 ) ) ;
#4180 = UNCERTAINTY_MEASURE_WITH_UNIT (LENGTH_MEASURE( 1.000000000000000082E-05 ), #833, 'distance_accuracy_value', 'NONE');
#4181 = PLANE ( 'NONE',  #2023 ) ;
#4182 = EDGE_LOOP ( 'NONE', ( #455, #1216, #2703, #962 ) ) ;
#4183 = PRESENTATION_LAYER_ASSIGNMENT (  '', '', ( #3643 ) ) ;
#4184 = SURFACE_STYLE_FILL_AREA ( #2872 ) ;
#4185 = EDGE_CURVE ( 'NONE', #2252, #246, #2101, .T. ) ;
#4186 = DIRECTION ( 'NONE',  ( -5.549534652183770411E-17, 0.4226182617406998854, 0.9063077870366498257 ) ) ;
#4187 = CARTESIAN_POINT ( 'NONE',  ( 0.000000000000000000, 0.000000000000000000, 2.476500000000000590 ) ) ;
#4188 = PRESENTATION_LAYER_ASSIGNMENT (  '', '', ( #557 ) ) ;
#4189 = SURFACE_STYLE_FILL_AREA ( #1576 ) ;
#4190 = EDGE_CURVE ( 'NONE', #1349, #1310, #3113, .T. ) ;
#4191 = EDGE_CURVE ( 'NONE', #1672, #1843, #1158, .T. ) ;
#4192 = DIRECTION ( 'NONE',  ( -0.000000000000000000, 0.000000000000000000, -1.000000000000000000 ) ) ;
#4193 = EDGE_LOOP ( 'NONE', ( #449, #2016, #3567, #2962 ) ) ;
#4194 = VERTEX_POINT ( 'NONE', #1819 ) ;
#4195 = CARTESIAN_POINT ( 'NONE',  ( 4.064000000000000057, -4.927599999999999980, -1.270000000000000018 ) ) ;
#4196 = SURFACE_SIDE_STYLE ('',( #2881 ) ) ;
#4197 = ORIENTED_EDGE ( 'NONE', *, *, #1856, .T. ) ;
#4198 = PLANE ( 'NONE',  #2406 ) ;
#4199 = CARTESIAN_POINT ( 'NONE',  ( 1.524000000000000021, -2.063800000000000079, 0.9525000000000000133 ) ) ;
#4200 = ORIENTED_EDGE ( 'NONE', *, *, #2197, .T. ) ;
#4201 = MECHANICAL_DESIGN_GEOMETRIC_PRESENTATION_REPRESENTATION (  '', ( #1268 ), #1607 ) ;
#4202 = SURFACE_SIDE_STYLE ('',( #1616 ) ) ;
#4203 = DIRECTION ( 'NONE',  ( -1.000000000000000000, 7.036004064527049935E-17, -1.508875940911162121E-16 ) ) ;
#4204 = DIRECTION ( 'NONE',  ( 0.000000000000000000, 0.9063077870366497146, 0.4226182617406998299 ) ) ;
#4205 = ORIENTED_EDGE ( 'NONE', *, *, #3828, .F. ) ;
#4206 = COLOUR_RGB ( '',1.000000000000000000, 1.000000000000000000, 0.000000000000000000 ) ;
#4207 = DIRECTION ( 'NONE',  ( 0.000000000000000000, -1.000000000000000000, -0.000000000000000000 ) ) ;
#4208 = DIRECTION ( 'NONE',  ( 0.3892816206350258601, -0.8348171294789877850, -0.3892816206350239727 ) ) ;
#4209 = CARTESIAN_POINT ( 'NONE',  ( 4.064000000000000057, 0.000000000000000000, 2.476500000000000590 ) ) ;
#4210 = CARTESIAN_POINT ( 'NONE',  ( 4.064000000000000057, -4.927599999999999980, 1.270000000000000018 ) ) ;
#4211 = VECTOR ( 'NONE', #2473, 1000.000000000000000 ) ;
#4212 = PLANE ( 'NONE',  #219 ) ;
#4213 = ORIENTED_EDGE ( 'NONE', *, *, #927, .F. ) ;
#4214 = VECTOR ( 'NONE', #1782, 1000.000000000000000 ) ;
#4215 = EDGE_CURVE ( 'NONE', #1015, #4194, #201, .T. ) ;
#4216 = ORIENTED_EDGE ( 'NONE', *, *, #1689, .T. ) ;
#4217 = EDGE_CURVE ( 'NONE', #986, #997, #3768, .T. ) ;
#4218 = CARTESIAN_POINT ( 'NONE',  ( 1.524000000000000021, 1.008000000000000007, -1.270000000000000018 ) ) ;
#4219 = SURFACE_STYLE_USAGE ( .BOTH. , #1905 ) ;
#4220 = DIRECTION ( 'NONE',  ( 1.298934084353240052E-16, 0.7071067811865480168, -0.7071067811865470176 ) ) ;
#4221 = EDGE_LOOP ( 'NONE', ( #548, #916, #3925, #477 ) ) ;
#4222 = ADVANCED_FACE ( 'NONE', ( #3702, #4036, #2731, #185, #1138, #3750, #773 ), #819, .F. ) ;
#4223 = LINE ( 'NONE', #2607, #3920 ) ;
#4224 = ORIENTED_EDGE ( 'NONE', *, *, #518, .F. ) ;
#4225 = CARTESIAN_POINT ( 'NONE',  ( 4.064000000000000057, 0.000000000000000000, -2.476500000000000590 ) ) ;
#4226 = DIRECTION ( 'NONE',  ( 1.000000000000000000, 0.000000000000000000, -0.000000000000000000 ) ) ;
#4227 = UNCERTAINTY_MEASURE_WITH_UNIT (LENGTH_MEASURE( 1.000000000000000082E-05 ), #2499, 'distance_accuracy_value', 'NONE');
#4228 = CARTESIAN_POINT ( 'NONE',  ( 4.564000000000000057, -4.784615001075030349, -1.019174999999999942 ) ) ;
#4229 = EDGE_LOOP ( 'NONE', ( #4079, #3012, #3080, #994 ) ) ;
#4230 = CARTESIAN_POINT ( 'NONE',  ( 0.5079999999999997851, 0.000000000000000000, -2.476500000000000590 ) ) ;
#4231 = LINE ( 'NONE', #1966, #3846 ) ;
#4232 = LINE ( 'NONE', #2306, #1861 ) ;
#4233 = DIRECTION ( 'NONE',  ( -0.000000000000000000, 0.000000000000000000, 1.000000000000000000 ) ) ;
#4234 = ORIENTED_EDGE ( 'NONE', *, *, #3154, .T. ) ;
#4235 = ORIENTED_EDGE ( 'NONE', *, *, #3602, .T. ) ;
#4236 = LINE ( 'NONE', #1362, #3585 ) ;
#4237 =( NAMED_UNIT ( * ) SI_UNIT ( $, .STERADIAN. ) SOLID_ANGLE_UNIT ( ) );
#4238 = EDGE_CURVE ( 'NONE', #932, #1284, #3431, .T. ) ;
#4239 = EDGE_CURVE ( 'NONE', #782, #944, #801, .T. ) ;
#4240 = CARTESIAN_POINT ( 'NONE',  ( 1.024000000000000021, -4.927600000000000868, -1.454150000000002052 ) ) ;
#4241 = VERTEX_POINT ( 'NONE', #2422 ) ;
#4242 = CARTESIAN_POINT ( 'NONE',  ( 4.564000000000000057, -4.927600000000000868, -1.085849999999997983 ) ) ;
#4243 =( NAMED_UNIT ( * ) PLANE_ANGLE_UNIT ( ) SI_UNIT ( $, .RADIAN. ) );
#4244 = ORIENTED_EDGE ( 'NONE', *, *, #320, .F. ) ;
#4245 = ADVANCED_FACE ( 'NONE', ( #1182 ), #118, .T. ) ;
#4246 = SURFACE_SIDE_STYLE ('',( #2952 ) ) ;
#4247 = CARTESIAN_POINT ( 'NONE',  ( 1.524000000000000021, -2.063800000000000079, -0.9525000000000000133 ) ) ;
#4248 = ORIENTED_EDGE ( 'NONE', *, *, #2437, .F. ) ;
#4249 = DIRECTION ( 'NONE',  ( 0.000000000000000000, -0.000000000000000000, 1.000000000000000000 ) ) ;
ENDSEC;
END-ISO-10303-21;
